dataset_id,split_family,policy,metric,unit_cols,n_units,observed,ci_low,ci_high
cemhsey,cemhsey_forward_day_logo,agency_margin_tau_0.02,active_macro_f1,split_id|subject_id|session|day,130,0.5889744349522453,0.5573023425407292,0.6209104057359955
cemhsey,cemhsey_forward_day_logo,agency_margin_tau_0.05,active_macro_f1,split_id|subject_id|session|day,130,0.6043706588419525,0.571367912951118,0.6369122189275
cemhsey,cemhsey_forward_day_logo,agency_margin_tau_0.10,active_macro_f1,split_id|subject_id|session|day,130,0.6274027446969229,0.5925567675679875,0.6618313962979867
cemhsey,cemhsey_forward_day_logo,agency_margin_tau_0.15,active_macro_f1,split_id|subject_id|session|day,130,0.6409500961832444,0.6047344918780664,0.6766500968345872
cemhsey,cemhsey_forward_day_logo,agency_margin_tau_0.20,active_macro_f1,split_id|subject_id|session|day,130,0.6502536676788,0.6129771764497075,0.6872683412759165
cemhsey,cemhsey_forward_day_logo,assist_only,active_macro_f1,split_id|subject_id|session|day,130,0.6435968890058389,0.607139713562186,0.6814622267543481
cemhsey,cemhsey_forward_day_logo,confidence_blend_alpha_0.25,active_macro_f1,split_id|subject_id|session|day,130,0.6334986982831472,0.5973550619529425,0.6690056893895309
cemhsey,cemhsey_forward_day_logo,confidence_blend_alpha_0.50,active_macro_f1,split_id|subject_id|session|day,130,0.6697083812765207,0.6314669378045207,0.7076268160257303
cemhsey,cemhsey_forward_day_logo,confidence_blend_alpha_0.75,active_macro_f1,split_id|subject_id|session|day,130,0.6700943163588275,0.6316728538107403,0.7085933071476495
cemhsey,cemhsey_forward_day_logo,selective_prediction,active_macro_f1,split_id|subject_id|session|day,130,0.5846630609909339,0.552400463245504,0.617042153768685
cemhsey,cemhsey_forward_day_logo,set_acsa_tau_0.02,active_macro_f1,split_id|subject_id|session|day,130,0.588069910342616,0.556733176798679,0.6201914641956277
cemhsey,cemhsey_forward_day_logo,set_acsa_tau_0.05,active_macro_f1,split_id|subject_id|session|day,130,0.6026910935074842,0.5697294378044011,0.6351325467000399
cemhsey,cemhsey_forward_day_logo,set_acsa_tau_0.10,active_macro_f1,split_id|subject_id|session|day,130,0.6255164364938666,0.5913611310600654,0.6596543307157999
cemhsey,cemhsey_forward_day_logo,set_acsa_tau_0.15,active_macro_f1,split_id|subject_id|session|day,130,0.6397111882682688,0.603274700568769,0.6751350536717058
cemhsey,cemhsey_forward_day_logo,set_acsa_tau_0.20,active_macro_f1,split_id|subject_id|session|day,130,0.6498067404702954,0.6125356382808429,0.6868726363588643
cemhsey,cemhsey_forward_day_logo,user_only,active_macro_f1,split_id|subject_id|session|day,130,0.5775596884029974,0.5459206849483419,0.6086371024603179
cemhsey,cemhsey_forward_day_logo,agency_margin_tau_0.02,active_risk_coverage_auc,split_id|subject_id|session|day,130,0.24155674935892757,0.204064026395165,0.2815290590160248
cemhsey,cemhsey_forward_day_logo,agency_margin_tau_0.05,active_risk_coverage_auc,split_id|subject_id|session|day,130,0.23787006488590323,0.2006548119751269,0.2784071187127802
cemhsey,cemhsey_forward_day_logo,agency_margin_tau_0.10,active_risk_coverage_auc,split_id|subject_id|session|day,130,0.23355998592836694,0.19625713851145932,0.2741523427644882
cemhsey,cemhsey_forward_day_logo,agency_margin_tau_0.15,active_risk_coverage_auc,split_id|subject_id|session|day,130,0.23156801667348847,0.19326957578877202,0.2718622846261108
cemhsey,cemhsey_forward_day_logo,agency_margin_tau_0.20,active_risk_coverage_auc,split_id|subject_id|session|day,130,0.23048700953392764,0.1921633930585342,0.2710118167455366
cemhsey,cemhsey_forward_day_logo,assist_only,active_risk_coverage_auc,split_id|subject_id|session|day,130,0.24279321468916024,0.2039852818424365,0.28295969452360364
cemhsey,cemhsey_forward_day_logo,confidence_blend_alpha_0.25,active_risk_coverage_auc,split_id|subject_id|session|day,130,0.2339053313723097,0.19753950252029892,0.2724194444900705
cemhsey,cemhsey_forward_day_logo,confidence_blend_alpha_0.50,active_risk_coverage_auc,split_id|subject_id|session|day,130,0.2208972725586443,0.1836872318353733,0.2607863919298383
cemhsey,cemhsey_forward_day_logo,confidence_blend_alpha_0.75,active_risk_coverage_auc,split_id|subject_id|session|day,130,0.22296910968753506,0.1840798326090322,0.2630763424533902
cemhsey,cemhsey_forward_day_logo,selective_prediction,active_risk_coverage_auc,split_id|subject_id|session|day,130,0.2540063642014023,0.21645688759039614,0.29281260360391786
cemhsey,cemhsey_forward_day_logo,set_acsa_tau_0.02,active_risk_coverage_auc,split_id|subject_id|session|day,130,0.24180505394770213,0.20422262479292713,0.2817918908399966
cemhsey,cemhsey_forward_day_logo,set_acsa_tau_0.05,active_risk_coverage_auc,split_id|subject_id|session|day,130,0.23813587214041862,0.2009803858742117,0.2786047986688804
cemhsey,cemhsey_forward_day_logo,set_acsa_tau_0.10,active_risk_coverage_auc,split_id|subject_id|session|day,130,0.2337551944808449,0.19652546293961143,0.27426484635990067
cemhsey,cemhsey_forward_day_logo,set_acsa_tau_0.15,active_risk_coverage_auc,split_id|subject_id|session|day,130,0.2316689440015941,0.19343300169790317,0.27195745959122725
cemhsey,cemhsey_forward_day_logo,set_acsa_tau_0.20,active_risk_coverage_auc,split_id|subject_id|session|day,130,0.2305181733690099,0.19218944376587427,0.2710491857670244
cemhsey,cemhsey_forward_day_logo,user_only,active_risk_coverage_auc,split_id|subject_id|session|day,130,0.25802794309783267,0.2216269146349968,0.2949576454981971
cemhsey,cemhsey_forward_day_logo,agency_margin_tau_0.02,balanced_accuracy,split_id|subject_id|session|day,130,0.6022893772893773,0.5721611721611721,0.6320982142857141
cemhsey,cemhsey_forward_day_logo,agency_margin_tau_0.05,balanced_accuracy,split_id|subject_id|session|day,130,0.617857142857143,0.5863518772893773,0.6484478021978021
cemhsey,cemhsey_forward_day_logo,agency_margin_tau_0.10,balanced_accuracy,split_id|subject_id|session|day,130,0.6416208791208791,0.6095135073260074,0.6732337454212454
cemhsey,cemhsey_forward_day_logo,agency_margin_tau_0.15,balanced_accuracy,split_id|subject_id|session|day,130,0.6558150183150183,0.6213759157509158,0.6891563644688643
cemhsey,cemhsey_forward_day_logo,agency_margin_tau_0.20,balanced_accuracy,split_id|subject_id|session|day,130,0.6653846153846154,0.6304933608058609,0.7001510989010988
cemhsey,cemhsey_forward_day_logo,assist_only,balanced_accuracy,split_id|subject_id|session|day,130,0.6599816849816849,0.6249416208791209,0.6957543498168497
cemhsey,cemhsey_forward_day_logo,confidence_blend_alpha_0.25,balanced_accuracy,split_id|subject_id|session|day,130,0.6476648351648352,0.6139171245421244,0.6810496794871795
cemhsey,cemhsey_forward_day_logo,confidence_blend_alpha_0.50,balanced_accuracy,split_id|subject_id|session|day,130,0.6846611721611722,0.6489377289377289,0.7203800366300366
cemhsey,cemhsey_forward_day_logo,confidence_blend_alpha_0.75,balanced_accuracy,split_id|subject_id|session|day,130,0.6855311355311355,0.6499004120879122,0.7216174450549451
cemhsey,cemhsey_forward_day_logo,selective_prediction,balanced_accuracy,split_id|subject_id|session|day,130,0.5976495726495727,0.5669257478632479,0.6283772130647131
cemhsey,cemhsey_forward_day_logo,set_acsa_tau_0.02,balanced_accuracy,split_id|subject_id|session|day,130,0.6014652014652013,0.5714720695970696,0.631095467032967
cemhsey,cemhsey_forward_day_logo,set_acsa_tau_0.05,balanced_accuracy,split_id|subject_id|session|day,130,0.6164835164835164,0.5851167582417582,0.6469345238095239
cemhsey,cemhsey_forward_day_logo,set_acsa_tau_0.10,balanced_accuracy,split_id|subject_id|session|day,130,0.6400183150183151,0.6073717948717948,0.671481227106227
cemhsey,cemhsey_forward_day_logo,set_acsa_tau_0.15,balanced_accuracy,split_id|subject_id|session|day,130,0.6547161172161172,0.6202369505494506,0.6877827380952379
cemhsey,cemhsey_forward_day_logo,set_acsa_tau_0.20,balanced_accuracy,split_id|subject_id|session|day,130,0.66492673992674,0.6299416208791209,0.6997367216117216
cemhsey,cemhsey_forward_day_logo,user_only,balanced_accuracy,split_id|subject_id|session|day,130,0.59010989010989,0.5600709706959707,0.6196451465201467
cemhsey,cemhsey_forward_day_logo,agency_margin_tau_0.02,ece,split_id|subject_id|session|day,130,0.19275283107669555,0.18517731499131593,0.20043764627158964
cemhsey,cemhsey_forward_day_logo,agency_margin_tau_0.05,ece,split_id|subject_id|session|day,130,0.18395205075494958,0.17637036309390547,0.1913815781024024
cemhsey,cemhsey_forward_day_logo,agency_margin_tau_0.10,ece,split_id|subject_id|session|day,130,0.17827561036249953,0.17019477049113488,0.18615852220541781
cemhsey,cemhsey_forward_day_logo,agency_margin_tau_0.15,ece,split_id|subject_id|session|day,130,0.1804918820673868,0.17043776446592657,0.19029760779211977
cemhsey,cemhsey_forward_day_logo,agency_margin_tau_0.20,ece,split_id|subject_id|session|day,130,0.18916560094689033,0.17776114272135937,0.20055486307111817
cemhsey,cemhsey_forward_day_logo,assist_only,ece,split_id|subject_id|session|day,130,0.26566742508666197,0.24763028018131716,0.2847072505062297
cemhsey,cemhsey_forward_day_logo,confidence_blend_alpha_0.25,ece,split_id|subject_id|session|day,130,0.25145296906604575,0.23441563878283628,0.2688848823338076
cemhsey,cemhsey_forward_day_logo,confidence_blend_alpha_0.50,ece,split_id|subject_id|session|day,130,0.2878403525570021,0.26802246988301304,0.30689572022200656
cemhsey,cemhsey_forward_day_logo,confidence_blend_alpha_0.75,ece,split_id|subject_id|session|day,130,0.28972389244154,0.2695338982516138,0.3098922695110326
cemhsey,cemhsey_forward_day_logo,selective_prediction,ece,split_id|subject_id|session|day,130,0.1921844601546746,0.18049007774507658,0.20459960064522628
cemhsey,cemhsey_forward_day_logo,set_acsa_tau_0.02,ece,split_id|subject_id|session|day,130,0.19806349165553175,0.18561988027618176,0.21037497954657494
cemhsey,cemhsey_forward_day_logo,set_acsa_tau_0.05,ece,split_id|subject_id|session|day,130,0.20165782487337675,0.18857401314663996,0.2143322263763433
cemhsey,cemhsey_forward_day_logo,set_acsa_tau_0.10,ece,split_id|subject_id|session|day,130,0.207985330002389,0.1944730296984932,0.22156651996210328
cemhsey,cemhsey_forward_day_logo,set_acsa_tau_0.15,ece,split_id|subject_id|session|day,130,0.2135300200283108,0.1993855304433488,0.22737867433855294
cemhsey,cemhsey_forward_day_logo,set_acsa_tau_0.20,ece,split_id|subject_id|session|day,130,0.21718620408275882,0.20270462210791365,0.23184647875305858
cemhsey,cemhsey_forward_day_logo,user_only,ece,split_id|subject_id|session|day,130,0.1925617117996752,0.1805845616706264,0.20563900674902247
cemhsey,cemhsey_forward_day_logo,agency_margin_tau_0.02,macro_f1,split_id|subject_id|session|day,130,0.5889744349522453,0.5573023425407292,0.6209104057359955
cemhsey,cemhsey_forward_day_logo,agency_margin_tau_0.05,macro_f1,split_id|subject_id|session|day,130,0.6043706588419525,0.571367912951118,0.6369122189275
cemhsey,cemhsey_forward_day_logo,agency_margin_tau_0.10,macro_f1,split_id|subject_id|session|day,130,0.6274027446969229,0.5925567675679875,0.6618313962979867
cemhsey,cemhsey_forward_day_logo,agency_margin_tau_0.15,macro_f1,split_id|subject_id|session|day,130,0.6409500961832444,0.6047344918780664,0.6766500968345872
cemhsey,cemhsey_forward_day_logo,agency_margin_tau_0.20,macro_f1,split_id|subject_id|session|day,130,0.6502536676788,0.6129771764497075,0.6872683412759165
cemhsey,cemhsey_forward_day_logo,assist_only,macro_f1,split_id|subject_id|session|day,130,0.6435968890058389,0.607139713562186,0.6814622267543481
cemhsey,cemhsey_forward_day_logo,confidence_blend_alpha_0.25,macro_f1,split_id|subject_id|session|day,130,0.6334986982831472,0.5973550619529425,0.6690056893895309
cemhsey,cemhsey_forward_day_logo,confidence_blend_alpha_0.50,macro_f1,split_id|subject_id|session|day,130,0.6697083812765207,0.6314669378045207,0.7076268160257303
cemhsey,cemhsey_forward_day_logo,confidence_blend_alpha_0.75,macro_f1,split_id|subject_id|session|day,130,0.6700943163588275,0.6316728538107403,0.7085933071476495
cemhsey,cemhsey_forward_day_logo,selective_prediction,macro_f1,split_id|subject_id|session|day,130,0.5846630609909339,0.552400463245504,0.617042153768685
cemhsey,cemhsey_forward_day_logo,set_acsa_tau_0.02,macro_f1,split_id|subject_id|session|day,130,0.588069910342616,0.556733176798679,0.6201914641956277
cemhsey,cemhsey_forward_day_logo,set_acsa_tau_0.05,macro_f1,split_id|subject_id|session|day,130,0.6026910935074842,0.5697294378044011,0.6351325467000399
cemhsey,cemhsey_forward_day_logo,set_acsa_tau_0.10,macro_f1,split_id|subject_id|session|day,130,0.6255164364938666,0.5913611310600654,0.6596543307157999
cemhsey,cemhsey_forward_day_logo,set_acsa_tau_0.15,macro_f1,split_id|subject_id|session|day,130,0.6397111882682688,0.603274700568769,0.6751350536717058
cemhsey,cemhsey_forward_day_logo,set_acsa_tau_0.20,macro_f1,split_id|subject_id|session|day,130,0.6498067404702954,0.6125356382808429,0.6868726363588643
cemhsey,cemhsey_forward_day_logo,user_only,macro_f1,split_id|subject_id|session|day,130,0.5775596884029974,0.5459206849483419,0.6086371024603179
cemhsey,cemhsey_forward_day_logo,agency_margin_tau_0.02,mean_ali,split_id|subject_id|session|day,130,0.00030307302003367573,0.00027054558777608455,0.00033221895281978906
cemhsey,cemhsey_forward_day_logo,agency_margin_tau_0.05,mean_ali,split_id|subject_id|session|day,130,0.001767660998855409,0.001636335014148329,0.0018982560873286912
cemhsey,cemhsey_forward_day_logo,agency_margin_tau_0.10,mean_ali,split_id|subject_id|session|day,130,0.006055863885176522,0.005639208146076344,0.0064254204578514185
cemhsey,cemhsey_forward_day_logo,agency_margin_tau_0.15,mean_ali,split_id|subject_id|session|day,130,0.010594615155582219,0.009924234240799995,0.011213508157913029
cemhsey,cemhsey_forward_day_logo,agency_margin_tau_0.20,mean_ali,split_id|subject_id|session|day,130,0.014814193649142859,0.013977715932624,0.015626334478127897
cemhsey,cemhsey_forward_day_logo,assist_only,mean_ali,split_id|subject_id|session|day,130,0.05339264975628219,0.050090105441108666,0.05645522765173592
cemhsey,cemhsey_forward_day_logo,confidence_blend_alpha_0.25,mean_ali,split_id|subject_id|session|day,130,0.005187302266765184,0.004810886928846302,0.005594032071190254
cemhsey,cemhsey_forward_day_logo,confidence_blend_alpha_0.50,mean_ali,split_id|subject_id|session|day,130,0.018601199823110037,0.0175999848124054,0.01970239196869608
cemhsey,cemhsey_forward_day_logo,confidence_blend_alpha_0.75,mean_ali,split_id|subject_id|session|day,130,0.034650473663459296,0.03253520391411742,0.036794750533477694
cemhsey,cemhsey_forward_day_logo,selective_prediction,mean_ali,split_id|subject_id|session|day,130,0.0011103461863379135,0.0008827232262963494,0.0013764057903450776
cemhsey,cemhsey_forward_day_logo,set_acsa_tau_0.02,mean_ali,split_id|subject_id|session|day,130,0.0002566613362890368,0.00022852022413920612,0.000283245285926138
cemhsey,cemhsey_forward_day_logo,set_acsa_tau_0.05,mean_ali,split_id|subject_id|session|day,130,0.00159946169029682,0.001476514503795927,0.0017295596944000592
cemhsey,cemhsey_forward_day_logo,set_acsa_tau_0.10,mean_ali,split_id|subject_id|session|day,130,0.005762834170606837,0.0053576173009680286,0.006129974637038778
cemhsey,cemhsey_forward_day_logo,set_acsa_tau_0.15,mean_ali,split_id|subject_id|session|day,130,0.01033474090035199,0.009713199563756337,0.010944683477203508
cemhsey,cemhsey_forward_day_logo,set_acsa_tau_0.20,mean_ali,split_id|subject_id|session|day,130,0.014686198165726414,0.013848399914332976,0.015514811084607248
cemhsey,cemhsey_forward_day_logo,user_only,mean_ali,split_id|subject_id|session|day,130,0.0,0.0,0.0
cemhsey,cemhsey_forward_day_logo,agency_margin_tau_0.02,risk_coverage_auc,split_id|subject_id|session|day,130,0.24155674935892757,0.204064026395165,0.2815290590160248
cemhsey,cemhsey_forward_day_logo,agency_margin_tau_0.05,risk_coverage_auc,split_id|subject_id|session|day,130,0.23787006488590323,0.2006548119751269,0.2784071187127802
cemhsey,cemhsey_forward_day_logo,agency_margin_tau_0.10,risk_coverage_auc,split_id|subject_id|session|day,130,0.23355998592836694,0.19625713851145932,0.2741523427644882
cemhsey,cemhsey_forward_day_logo,agency_margin_tau_0.15,risk_coverage_auc,split_id|subject_id|session|day,130,0.23156801667348847,0.19326957578877202,0.2718622846261108
cemhsey,cemhsey_forward_day_logo,agency_margin_tau_0.20,risk_coverage_auc,split_id|subject_id|session|day,130,0.23048700953392764,0.1921633930585342,0.2710118167455366
cemhsey,cemhsey_forward_day_logo,assist_only,risk_coverage_auc,split_id|subject_id|session|day,130,0.24279321468916024,0.2039852818424365,0.28295969452360364
cemhsey,cemhsey_forward_day_logo,confidence_blend_alpha_0.25,risk_coverage_auc,split_id|subject_id|session|day,130,0.2339053313723097,0.19753950252029892,0.2724194444900705
cemhsey,cemhsey_forward_day_logo,confidence_blend_alpha_0.50,risk_coverage_auc,split_id|subject_id|session|day,130,0.2208972725586443,0.1836872318353733,0.2607863919298383
cemhsey,cemhsey_forward_day_logo,confidence_blend_alpha_0.75,risk_coverage_auc,split_id|subject_id|session|day,130,0.22296910968753506,0.1840798326090322,0.2630763424533902
cemhsey,cemhsey_forward_day_logo,selective_prediction,risk_coverage_auc,split_id|subject_id|session|day,130,0.2540063642014023,0.21645688759039614,0.29281260360391786
cemhsey,cemhsey_forward_day_logo,set_acsa_tau_0.02,risk_coverage_auc,split_id|subject_id|session|day,130,0.24180505394770213,0.20422262479292713,0.2817918908399966
cemhsey,cemhsey_forward_day_logo,set_acsa_tau_0.05,risk_coverage_auc,split_id|subject_id|session|day,130,0.23813587214041862,0.2009803858742117,0.2786047986688804
cemhsey,cemhsey_forward_day_logo,set_acsa_tau_0.10,risk_coverage_auc,split_id|subject_id|session|day,130,0.2337551944808449,0.19652546293961143,0.27426484635990067
cemhsey,cemhsey_forward_day_logo,set_acsa_tau_0.15,risk_coverage_auc,split_id|subject_id|session|day,130,0.2316689440015941,0.19343300169790317,0.27195745959122725
cemhsey,cemhsey_forward_day_logo,set_acsa_tau_0.20,risk_coverage_auc,split_id|subject_id|session|day,130,0.2305181733690099,0.19218944376587427,0.2710491857670244
cemhsey,cemhsey_forward_day_logo,user_only,risk_coverage_auc,split_id|subject_id|session|day,130,0.25802794309783267,0.2216269146349968,0.2949576454981971
db10,db10_able_to_amputee,agency_margin_tau_0.02,active_macro_f1,split_id|subject_id|session,15,0.1362575126511612,0.10867050024651985,0.16024992997397636
db10,db10_able_to_amputee,agency_margin_tau_0.05,active_macro_f1,split_id|subject_id|session,15,0.27101871254345655,0.2114449924737384,0.32635728987090085
db10,db10_able_to_amputee,agency_margin_tau_0.10,active_macro_f1,split_id|subject_id|session,15,0.4348869873731371,0.34740216867391815,0.5164975853833509
db10,db10_able_to_amputee,agency_margin_tau_0.15,active_macro_f1,split_id|subject_id|session,15,0.5325314811828422,0.4334564029740592,0.622453257807445
db10,db10_able_to_amputee,agency_margin_tau_0.20,active_macro_f1,split_id|subject_id|session,15,0.5911931610682085,0.477152467244462,0.6894995390224138
db10,db10_able_to_amputee,assist_only,active_macro_f1,split_id|subject_id|session,15,0.6901945395175738,0.5558017409075379,0.8000855018475522
db10,db10_able_to_amputee,confidence_blend_alpha_0.25,active_macro_f1,split_id|subject_id|session,15,0.5980735733844793,0.4784635210549744,0.705110568350413
db10,db10_able_to_amputee,confidence_blend_alpha_0.50,active_macro_f1,split_id|subject_id|session,15,0.6811814716170834,0.5514307320794501,0.7900143301585691
db10,db10_able_to_amputee,confidence_blend_alpha_0.75,active_macro_f1,split_id|subject_id|session,15,0.6885934507562559,0.5540535186991166,0.7986215566394783
db10,db10_able_to_amputee,selective_prediction,active_macro_f1,split_id|subject_id|session,15,0.48389435270545916,0.38211542515311175,0.5710252379499383
db10,db10_able_to_amputee,set_acsa_tau_0.02,active_macro_f1,split_id|subject_id|session,15,0.12865197469360942,0.10334177026644405,0.15103085896601715
db10,db10_able_to_amputee,set_acsa_tau_0.05,active_macro_f1,split_id|subject_id|session,15,0.2600558457651976,0.20298594737953882,0.3130638460405781
db10,db10_able_to_amputee,set_acsa_tau_0.10,active_macro_f1,split_id|subject_id|session,15,0.4260592786262043,0.3381550538843309,0.5063305505893976
db10,db10_able_to_amputee,set_acsa_tau_0.15,active_macro_f1,split_id|subject_id|session,15,0.5282286948651004,0.43011151224621746,0.6173528119722215
db10,db10_able_to_amputee,set_acsa_tau_0.20,active_macro_f1,split_id|subject_id|session,15,0.5892220105825122,0.47563139282547207,0.6869942062497418
db10,db10_able_to_amputee,user_only,active_macro_f1,split_id|subject_id|session,15,0.08141828194123196,0.0654234728648836,0.09469834591762674
db10,db10_able_to_amputee,agency_margin_tau_0.02,active_risk_coverage_auc,split_id|subject_id|session,15,0.647607088751431,0.5893914461989948,0.7169672739019752
db10,db10_able_to_amputee,agency_margin_tau_0.05,active_risk_coverage_auc,split_id|subject_id|session,15,0.4747343310420105,0.3781978099715394,0.5829274262471995
db10,db10_able_to_amputee,agency_margin_tau_0.10,active_risk_coverage_auc,split_id|subject_id|session,15,0.3304040460394081,0.21233666355136013,0.4645204457784351
db10,db10_able_to_amputee,agency_margin_tau_0.15,active_risk_coverage_auc,split_id|subject_id|session,15,0.2746817244866848,0.15410728598740164,0.41886913631760875
db10,db10_able_to_amputee,agency_margin_tau_0.20,active_risk_coverage_auc,split_id|subject_id|session,15,0.2516113170917216,0.12711317476124565,0.4024375692493639
db10,db10_able_to_amputee,assist_only,active_risk_coverage_auc,split_id|subject_id|session,15,0.22297165968634983,0.0920314471428055,0.3829538586219438
db10,db10_able_to_amputee,confidence_blend_alpha_0.25,active_risk_coverage_auc,split_id|subject_id|session,15,0.3650534117283191,0.23997257839746852,0.5008808947433938
db10,db10_able_to_amputee,confidence_blend_alpha_0.50,active_risk_coverage_auc,split_id|subject_id|session,15,0.2369221280025743,0.10510891396071367,0.3942290955018118
db10,db10_able_to_amputee,confidence_blend_alpha_0.75,active_risk_coverage_auc,split_id|subject_id|session,15,0.2267400102651269,0.09548506510499917,0.3852298138162228
db10,db10_able_to_amputee,selective_prediction,active_risk_coverage_auc,split_id|subject_id|session,15,0.286449486320256,0.1622291997644339,0.43479956839441103
db10,db10_able_to_amputee,set_acsa_tau_0.02,active_risk_coverage_auc,split_id|subject_id|session,15,0.6544964540679072,0.598539190469926,0.7215932750572838
db10,db10_able_to_amputee,set_acsa_tau_0.05,active_risk_coverage_auc,split_id|subject_id|session,15,0.4788006900832372,0.38403660019616714,0.5858636853920173
db10,db10_able_to_amputee,set_acsa_tau_0.10,active_risk_coverage_auc,split_id|subject_id|session,15,0.3320175723920838,0.2143774175250515,0.46560713905983286
db10,db10_able_to_amputee,set_acsa_tau_0.15,active_risk_coverage_auc,split_id|subject_id|session,15,0.2751191542611457,0.15483202511108057,0.4192952848642309
db10,db10_able_to_amputee,set_acsa_tau_0.20,active_risk_coverage_auc,split_id|subject_id|session,15,0.25171779132548405,0.12729261956057902,0.4024523259034501
db10,db10_able_to_amputee,user_only,active_risk_coverage_auc,split_id|subject_id|session,15,0.8802043354559295,0.8613509996845835,0.8993821112036019
db10,db10_able_to_amputee,agency_margin_tau_0.02,balanced_accuracy,split_id|subject_id|session,15,0.17778643578643571,0.15531269841269835,0.19715187590187586
db10,db10_able_to_amputee,agency_margin_tau_0.05,balanced_accuracy,split_id|subject_id|session,15,0.28284559884559884,0.23781406926406923,0.3243744588744588
db10,db10_able_to_amputee,agency_margin_tau_0.10,balanced_accuracy,split_id|subject_id|session,15,0.4220750360750361,0.34937922077922073,0.4902321067821068
db10,db10_able_to_amputee,agency_margin_tau_0.15,balanced_accuracy,split_id|subject_id|session,15,0.5062106782106782,0.4211992063492063,0.5853940836940836
db10,db10_able_to_amputee,agency_margin_tau_0.20,balanced_accuracy,split_id|subject_id|session,15,0.5577316017316019,0.46001493506493507,0.6456219336219337
db10,db10_able_to_amputee,assist_only,balanced_accuracy,split_id|subject_id|session,15,0.6490591630591631,0.5395878787878788,0.7435295815295816
db10,db10_able_to_amputee,confidence_blend_alpha_0.25,balanced_accuracy,split_id|subject_id|session,15,0.5686089466089466,0.4660896103896104,0.660731673881674
db10,db10_able_to_amputee,confidence_blend_alpha_0.50,balanced_accuracy,split_id|subject_id|session,15,0.6416998556998558,0.5339638528138527,0.7366516594516596
db10,db10_able_to_amputee,confidence_blend_alpha_0.75,balanced_accuracy,split_id|subject_id|session,15,0.6478499278499279,0.5383695526695527,0.7428006493506493
db10,db10_able_to_amputee,selective_prediction,balanced_accuracy,split_id|subject_id|session,15,0.47304858104858094,0.3864788840788841,0.5476559403559403
db10,db10_able_to_amputee,set_acsa_tau_0.02,balanced_accuracy,split_id|subject_id|session,15,0.16939682539682538,0.14916038961038955,0.18709170274170264
db10,db10_able_to_amputee,set_acsa_tau_0.05,balanced_accuracy,split_id|subject_id|session,15,0.27406349206349206,0.2316388888888889,0.3144099567099567
db10,db10_able_to_amputee,set_acsa_tau_0.10,balanced_accuracy,split_id|subject_id|session,15,0.41631168831168824,0.34451219336219335,0.4840526695526695
db10,db10_able_to_amputee,set_acsa_tau_0.15,balanced_accuracy,split_id|subject_id|session,15,0.5034805194805194,0.4189936507936508,0.5817396825396826
db10,db10_able_to_amputee,set_acsa_tau_0.20,balanced_accuracy,split_id|subject_id|session,15,0.5564184704184706,0.458922582972583,0.6441255411255412
db10,db10_able_to_amputee,user_only,balanced_accuracy,split_id|subject_id|session,15,0.12640981240981236,0.11300815295815292,0.13828989898989894
db10,db10_able_to_amputee,agency_margin_tau_0.02,ece,split_id|subject_id|session,15,0.23091548762578898,0.19818673424927302,0.267532856935543
db10,db10_able_to_amputee,agency_margin_tau_0.05,ece,split_id|subject_id|session,15,0.21478057924579325,0.17885540258540963,0.2509113981543082
db10,db10_able_to_amputee,agency_margin_tau_0.10,ece,split_id|subject_id|session,15,0.18989560719835102,0.14892297559574075,0.23086539087997826
db10,db10_able_to_amputee,agency_margin_tau_0.15,ece,split_id|subject_id|session,15,0.16702402000031197,0.12147038109306983,0.21149950521118246
db10,db10_able_to_amputee,agency_margin_tau_0.20,ece,split_id|subject_id|session,15,0.15217476624952947,0.1038165772192712,0.19995833605716895
db10,db10_able_to_amputee,assist_only,ece,split_id|subject_id|session,15,0.10157414625421658,0.06798337024442196,0.13781769202353022
db10,db10_able_to_amputee,confidence_blend_alpha_0.25,ece,split_id|subject_id|session,15,0.3121233500705104,0.2712674598980413,0.3590815431784289
db10,db10_able_to_amputee,confidence_blend_alpha_0.50,ece,split_id|subject_id|session,15,0.19692599725006416,0.15368246141471778,0.24225927609326692
db10,db10_able_to_amputee,confidence_blend_alpha_0.75,ece,split_id|subject_id|session,15,0.09666132665977648,0.08066769471244642,0.11370807228719415
db10,db10_able_to_amputee,selective_prediction,ece,split_id|subject_id|session,15,0.16549845312313993,0.12650289779310658,0.20649954875889084
db10,db10_able_to_amputee,set_acsa_tau_0.02,ece,split_id|subject_id|session,15,0.14209153853800885,0.10910533104305757,0.18396729559329741
db10,db10_able_to_amputee,set_acsa_tau_0.05,ece,split_id|subject_id|session,15,0.14289238847227226,0.10559565519760317,0.1865478337176416
db10,db10_able_to_amputee,set_acsa_tau_0.10,ece,split_id|subject_id|session,15,0.15434106904120082,0.11258244412004026,0.19787453033457506
db10,db10_able_to_amputee,set_acsa_tau_0.15,ece,split_id|subject_id|session,15,0.15216842807581163,0.10632002573061351,0.19764967069580025
db10,db10_able_to_amputee,set_acsa_tau_0.20,ece,split_id|subject_id|session,15,0.14636306311034114,0.09965809014945491,0.1944090722553978
db10,db10_able_to_amputee,user_only,ece,split_id|subject_id|session,15,0.19079796956566944,0.15359721870224774,0.230094697246069
db10,db10_able_to_amputee,agency_margin_tau_0.02,macro_f1,split_id|subject_id|session,15,0.15425154794286397,0.12652079684572648,0.18033471053222802
db10,db10_able_to_amputee,agency_margin_tau_0.05,macro_f1,split_id|subject_id|session,15,0.25160239909304205,0.2055092940029167,0.29584839453288575
db10,db10_able_to_amputee,agency_margin_tau_0.10,macro_f1,split_id|subject_id|session,15,0.36278728641801367,0.29784113618349356,0.42480450943053905
db10,db10_able_to_amputee,agency_margin_tau_0.15,macro_f1,split_id|subject_id|session,15,0.4335264103227667,0.35649164728516564,0.5047394143117294
db10,db10_able_to_amputee,agency_margin_tau_0.20,macro_f1,split_id|subject_id|session,15,0.4765102439705083,0.38714851495757063,0.5559250928850312
db10,db10_able_to_amputee,assist_only,macro_f1,split_id|subject_id|session,15,0.5566059254086705,0.4635529159720271,0.6380217116137068
db10,db10_able_to_amputee,confidence_blend_alpha_0.25,macro_f1,split_id|subject_id|session,15,0.49496946286254195,0.39703675625997414,0.5814271081535625
db10,db10_able_to_amputee,confidence_blend_alpha_0.50,macro_f1,split_id|subject_id|session,15,0.5539751756794691,0.4601178888040295,0.6344118491784883
db10,db10_able_to_amputee,confidence_blend_alpha_0.75,macro_f1,split_id|subject_id|session,15,0.5568236463939241,0.4630893894294072,0.6384152517951446
db10,db10_able_to_amputee,selective_prediction,macro_f1,split_id|subject_id|session,15,0.4168241487353786,0.33264510940677516,0.48901268954073196
db10,db10_able_to_amputee,set_acsa_tau_0.02,macro_f1,split_id|subject_id|session,15,0.144381897553176,0.11815279179754917,0.16823044062148287
db10,db10_able_to_amputee,set_acsa_tau_0.05,macro_f1,split_id|subject_id|session,15,0.23876048581589693,0.19494385178469276,0.28066521365536884
db10,db10_able_to_amputee,set_acsa_tau_0.10,macro_f1,split_id|subject_id|session,15,0.35476156633246797,0.29162376465219436,0.41661467552205506
db10,db10_able_to_amputee,set_acsa_tau_0.15,macro_f1,split_id|subject_id|session,15,0.4295402054844189,0.35373663526499455,0.5000391469091354
db10,db10_able_to_amputee,set_acsa_tau_0.20,macro_f1,split_id|subject_id|session,15,0.47468712555366205,0.38597411486406236,0.5536690304299848
db10,db10_able_to_amputee,user_only,macro_f1,split_id|subject_id|session,15,0.10283476988464336,0.084442039987254,0.11864585912494958
db10,db10_able_to_amputee,agency_margin_tau_0.02,mean_ali,split_id|subject_id|session,15,0.0016627573389744335,0.0012692773843016626,0.002032611895117132
db10,db10_able_to_amputee,agency_margin_tau_0.05,mean_ali,split_id|subject_id|session,15,0.008779311500097973,0.006907638008914395,0.01060086782800479
db10,db10_able_to_amputee,agency_margin_tau_0.10,mean_ali,split_id|subject_id|session,15,0.02251450312010952,0.01853063510463792,0.025664252243559345
db10,db10_able_to_amputee,agency_margin_tau_0.15,mean_ali,split_id|subject_id|session,15,0.03468624475354409,0.028903410297395616,0.0389162105796659
db10,db10_able_to_amputee,agency_margin_tau_0.20,mean_ali,split_id|subject_id|session,15,0.04457957680831804,0.03694052954724776,0.05091505790859615
db10,db10_able_to_amputee,assist_only,mean_ali,split_id|subject_id|session,15,0.0957248497020248,0.0681619556353571,0.1369740936165251
db10,db10_able_to_amputee,confidence_blend_alpha_0.25,mean_ali,split_id|subject_id|session,15,0.04364829609779686,0.03582973382735172,0.05040190923141825
db10,db10_able_to_amputee,confidence_blend_alpha_0.50,mean_ali,split_id|subject_id|session,15,0.08401965489615697,0.06409822985597144,0.11145911065691086
db10,db10_able_to_amputee,confidence_blend_alpha_0.75,mean_ali,split_id|subject_id|session,15,0.09472127899149978,0.06717183748379339,0.13613890213310925
db10,db10_able_to_amputee,selective_prediction,mean_ali,split_id|subject_id|session,15,0.03959467719907859,0.03335707581767281,0.04598086504539335
db10,db10_able_to_amputee,set_acsa_tau_0.02,mean_ali,split_id|subject_id|session,15,0.0011788877197800665,0.0008919641696786283,0.0014794932002481647
db10,db10_able_to_amputee,set_acsa_tau_0.05,mean_ali,split_id|subject_id|session,15,0.007640773246718021,0.005994514144441513,0.009310461253933608
db10,db10_able_to_amputee,set_acsa_tau_0.10,mean_ali,split_id|subject_id|session,15,0.02123665515642963,0.017458918057539036,0.02431271732626323
db10,db10_able_to_amputee,set_acsa_tau_0.15,mean_ali,split_id|subject_id|session,15,0.03360419489822105,0.028065556260527733,0.03764967909209193
db10,db10_able_to_amputee,set_acsa_tau_0.20,mean_ali,split_id|subject_id|session,15,0.043882819827560836,0.03642120912001223,0.04992119890711024
db10,db10_able_to_amputee,user_only,mean_ali,split_id|subject_id|session,15,0.0,0.0,0.0
db10,db10_able_to_amputee,agency_margin_tau_0.02,risk_coverage_auc,split_id|subject_id|session,15,0.4388557428230985,0.35846748017777263,0.5225184307077794
db10,db10_able_to_amputee,agency_margin_tau_0.05,risk_coverage_auc,split_id|subject_id|session,15,0.3953075414514509,0.309524316204143,0.48880749307792076
db10,db10_able_to_amputee,agency_margin_tau_0.10,risk_coverage_auc,split_id|subject_id|session,15,0.35080259769007227,0.26059126141505035,0.449313275203757
db10,db10_able_to_amputee,agency_margin_tau_0.15,risk_coverage_auc,split_id|subject_id|session,15,0.3249472463917917,0.22920485922637118,0.4286309827368302
db10,db10_able_to_amputee,agency_margin_tau_0.20,risk_coverage_auc,split_id|subject_id|session,15,0.31044658660663155,0.2151459414035964,0.41793494316275365
db10,db10_able_to_amputee,assist_only,risk_coverage_auc,split_id|subject_id|session,15,0.2523807702061295,0.18895597502378234,0.31929036237911573
db10,db10_able_to_amputee,confidence_blend_alpha_0.25,risk_coverage_auc,split_id|subject_id|session,15,0.364845441375123,0.2687385630316998,0.46555642610566744
db10,db10_able_to_amputee,confidence_blend_alpha_0.50,risk_coverage_auc,split_id|subject_id|session,15,0.26131325514986004,0.195945098590788,0.32901362754743185
db10,db10_able_to_amputee,confidence_blend_alpha_0.75,risk_coverage_auc,split_id|subject_id|session,15,0.25333393195103654,0.18958457001886694,0.31983431960268444
db10,db10_able_to_amputee,selective_prediction,risk_coverage_auc,split_id|subject_id|session,15,0.3105942091832563,0.2315016460049274,0.3965746488968736
db10,db10_able_to_amputee,set_acsa_tau_0.02,risk_coverage_auc,split_id|subject_id|session,15,0.4817581996330509,0.40237734471239145,0.5618390636516771
db10,db10_able_to_amputee,set_acsa_tau_0.05,risk_coverage_auc,split_id|subject_id|session,15,0.41199998498160084,0.32578657010340073,0.5041465653070838
db10,db10_able_to_amputee,set_acsa_tau_0.10,risk_coverage_auc,split_id|subject_id|session,15,0.3539548320953959,0.2629148536159915,0.4527307549704838
db10,db10_able_to_amputee,set_acsa_tau_0.15,risk_coverage_auc,split_id|subject_id|session,15,0.3257346912232532,0.2300435140284156,0.42956811830359914
db10,db10_able_to_amputee,set_acsa_tau_0.20,risk_coverage_auc,split_id|subject_id|session,15,0.3106377267613369,0.21540218765706512,0.41805587503876235
db10,db10_able_to_amputee,user_only,risk_coverage_auc,split_id|subject_id|session,15,0.8155335445292818,0.7767570099870803,0.8501087509998757
db10,db10_amputee_loso,agency_margin_tau_0.02,active_macro_f1,split_id|subject_id|session,15,0.1652182718067388,0.12879903658202796,0.20344610855741832
db10,db10_amputee_loso,agency_margin_tau_0.05,active_macro_f1,split_id|subject_id|session,15,0.3441205403490661,0.2576562897222322,0.43144233557992406
db10,db10_amputee_loso,agency_margin_tau_0.10,active_macro_f1,split_id|subject_id|session,15,0.5305122034619252,0.41491194040749674,0.6400058174363148
db10,db10_amputee_loso,agency_margin_tau_0.15,active_macro_f1,split_id|subject_id|session,15,0.6230933469017084,0.48867736945608237,0.7369537863467452
db10,db10_amputee_loso,agency_margin_tau_0.20,active_macro_f1,split_id|subject_id|session,15,0.6577344811517337,0.5145578397642093,0.7704501158890646
db10,db10_amputee_loso,assist_only,active_macro_f1,split_id|subject_id|session,15,0.6805578113642626,0.5281037227651554,0.7940577931172094
db10,db10_amputee_loso,confidence_blend_alpha_0.25,active_macro_f1,split_id|subject_id|session,15,0.6322484589766438,0.49308537469662445,0.7420491018600721
db10,db10_amputee_loso,confidence_blend_alpha_0.50,active_macro_f1,split_id|subject_id|session,15,0.6732395771051003,0.5241683451619524,0.785647889791149
db10,db10_amputee_loso,confidence_blend_alpha_0.75,active_macro_f1,split_id|subject_id|session,15,0.6784129733626764,0.5270126349925539,0.7916451842911592
db10,db10_amputee_loso,selective_prediction,active_macro_f1,split_id|subject_id|session,15,0.35860452452184494,0.2713160144980585,0.44213690950459794
db10,db10_amputee_loso,set_acsa_tau_0.02,active_macro_f1,split_id|subject_id|session,15,0.15429256007782494,0.12093456478175803,0.1902575705396223
db10,db10_amputee_loso,set_acsa_tau_0.05,active_macro_f1,split_id|subject_id|session,15,0.3289574326431104,0.24389138196160312,0.41348309335620514
db10,db10_amputee_loso,set_acsa_tau_0.10,active_macro_f1,split_id|subject_id|session,15,0.5215386404514131,0.40616496202162333,0.6310573967799141
db10,db10_amputee_loso,set_acsa_tau_0.15,active_macro_f1,split_id|subject_id|session,15,0.6205658747038459,0.4866563686350832,0.7345301560601423
db10,db10_amputee_loso,set_acsa_tau_0.20,active_macro_f1,split_id|subject_id|session,15,0.6572371649523883,0.5140609037788896,0.7699141581427407
db10,db10_amputee_loso,user_only,active_macro_f1,split_id|subject_id|session,15,0.08060350653361362,0.06697048503387246,0.09230898494288156
db10,db10_amputee_loso,agency_margin_tau_0.02,active_risk_coverage_auc,split_id|subject_id|session,15,0.6309472861361736,0.5551214287228093,0.7094600024183371
db10,db10_amputee_loso,agency_margin_tau_0.05,active_risk_coverage_auc,split_id|subject_id|session,15,0.435040432752442,0.318535397024723,0.5570098370748844
db10,db10_amputee_loso,agency_margin_tau_0.10,active_risk_coverage_auc,split_id|subject_id|session,15,0.3089858907230821,0.1855215543571512,0.46051344350458484
db10,db10_amputee_loso,agency_margin_tau_0.15,active_risk_coverage_auc,split_id|subject_id|session,15,0.2656374470859845,0.1407617912437882,0.4259978069340366
db10,db10_amputee_loso,agency_margin_tau_0.20,active_risk_coverage_auc,split_id|subject_id|session,15,0.25405002545397254,0.12894413187467393,0.41807661838973276
db10,db10_amputee_loso,assist_only,active_risk_coverage_auc,split_id|subject_id|session,15,0.24802399416405804,0.12069486853632896,0.41440276387229225
db10,db10_amputee_loso,confidence_blend_alpha_0.25,active_risk_coverage_auc,split_id|subject_id|session,15,0.32183520461646986,0.19116859823090268,0.4730350516261262
db10,db10_amputee_loso,confidence_blend_alpha_0.50,active_risk_coverage_auc,split_id|subject_id|session,15,0.2638721336037504,0.13544002390565538,0.4277422354271477
db10,db10_amputee_loso,confidence_blend_alpha_0.75,active_risk_coverage_auc,split_id|subject_id|session,15,0.25266667006124793,0.12482056554827951,0.41946423259461973
db10,db10_amputee_loso,selective_prediction,active_risk_coverage_auc,split_id|subject_id|session,15,0.4091305578461756,0.2937247098027988,0.5397327974065291
db10,db10_amputee_loso,set_acsa_tau_0.02,active_risk_coverage_auc,split_id|subject_id|session,15,0.6404575262200071,0.5669617961337586,0.7166087914239677
db10,db10_amputee_loso,set_acsa_tau_0.05,active_risk_coverage_auc,split_id|subject_id|session,15,0.44055611814648493,0.32456338278308416,0.5614469952946834
db10,db10_amputee_loso,set_acsa_tau_0.10,active_risk_coverage_auc,split_id|subject_id|session,15,0.3102443434505962,0.18668124241503764,0.4620371048703515
db10,db10_amputee_loso,set_acsa_tau_0.15,active_risk_coverage_auc,split_id|subject_id|session,15,0.26579015097747344,0.14081001448376307,0.42606351369039436
db10,db10_amputee_loso,set_acsa_tau_0.20,active_risk_coverage_auc,split_id|subject_id|session,15,0.25406284432175785,0.12896075834052834,0.41809667674399814
db10,db10_amputee_loso,user_only,active_risk_coverage_auc,split_id|subject_id|session,15,0.8898838683495234,0.8702195230676432,0.907822559039847
db10,db10_amputee_loso,agency_margin_tau_0.02,balanced_accuracy,split_id|subject_id|session,15,0.19275036075036076,0.16032489177489173,0.22855627705627707
db10,db10_amputee_loso,agency_margin_tau_0.05,balanced_accuracy,split_id|subject_id|session,15,0.34078210678210674,0.2672792929292929,0.41778939393939396
db10,db10_amputee_loso,agency_margin_tau_0.10,balanced_accuracy,split_id|subject_id|session,15,0.5032784992784992,0.3991378066378066,0.604563492063492
db10,db10_amputee_loso,agency_margin_tau_0.15,balanced_accuracy,split_id|subject_id|session,15,0.5887503607503607,0.4709463924963924,0.6880237373737373
db10,db10_amputee_loso,agency_margin_tau_0.20,balanced_accuracy,split_id|subject_id|session,15,0.6209350649350649,0.4996725829725829,0.7189063492063492
db10,db10_amputee_loso,assist_only,balanced_accuracy,split_id|subject_id|session,15,0.6415930735930735,0.512544227994228,0.7413202741702744
db10,db10_amputee_loso,confidence_blend_alpha_0.25,balanced_accuracy,split_id|subject_id|session,15,0.5952236652236652,0.47182900432900415,0.6938085137085137
db10,db10_amputee_loso,confidence_blend_alpha_0.50,balanced_accuracy,split_id|subject_id|session,15,0.6339826839826839,0.5058079365079364,0.7333015873015872
db10,db10_amputee_loso,confidence_blend_alpha_0.75,balanced_accuracy,split_id|subject_id|session,15,0.6393650793650795,0.5116271284271284,0.7390599567099568
db10,db10_amputee_loso,selective_prediction,balanced_accuracy,split_id|subject_id|session,15,0.3552996632996633,0.27828088023088016,0.43012652717652705
db10,db10_amputee_loso,set_acsa_tau_0.02,balanced_accuracy,split_id|subject_id|session,15,0.18355266955266955,0.15323643578643578,0.21798564213564212
db10,db10_amputee_loso,set_acsa_tau_0.05,balanced_accuracy,split_id|subject_id|session,15,0.3307647907647908,0.2581628427128427,0.408168326118326
db10,db10_amputee_loso,set_acsa_tau_0.10,balanced_accuracy,split_id|subject_id|session,15,0.4979480519480519,0.39391471861471855,0.5994991341991343
db10,db10_amputee_loso,set_acsa_tau_0.15,balanced_accuracy,split_id|subject_id|session,15,0.5872034632034632,0.469748556998557,0.6862706349206349
db10,db10_amputee_loso,set_acsa_tau_0.20,balanced_accuracy,split_id|subject_id|session,15,0.6205800865800865,0.49938131313131306,0.718461038961039
db10,db10_amputee_loso,user_only,balanced_accuracy,split_id|subject_id|session,15,0.11640115440115437,0.10501479076479071,0.12818564213564204
db10,db10_amputee_loso,agency_margin_tau_0.02,ece,split_id|subject_id|session,15,0.17708401840741608,0.1524517539951849,0.2027723703026507
db10,db10_amputee_loso,agency_margin_tau_0.05,ece,split_id|subject_id|session,15,0.13211082951318293,0.10013798157980287,0.16558069039391385
db10,db10_amputee_loso,agency_margin_tau_0.10,ece,split_id|subject_id|session,15,0.11595889974552519,0.08627733154601169,0.15429106634830905
db10,db10_amputee_loso,agency_margin_tau_0.15,ece,split_id|subject_id|session,15,0.10466810772624062,0.07573545786647407,0.14213707101457715
db10,db10_amputee_loso,agency_margin_tau_0.20,ece,split_id|subject_id|session,15,0.10065295787443138,0.0702588813186461,0.13949543740629183
db10,db10_amputee_loso,assist_only,ece,split_id|subject_id|session,15,0.10376379916524694,0.06977458273925034,0.1410830487508931
db10,db10_amputee_loso,confidence_blend_alpha_0.25,ece,split_id|subject_id|session,15,0.38675291980575166,0.32123287988593785,0.4438926278563691
db10,db10_amputee_loso,confidence_blend_alpha_0.50,ece,split_id|subject_id|session,15,0.2882642907145104,0.2431297665855384,0.330329672971675
db10,db10_amputee_loso,confidence_blend_alpha_0.75,ece,split_id|subject_id|session,15,0.17791879198253005,0.1395745490014398,0.21334675501315115
db10,db10_amputee_loso,selective_prediction,ece,split_id|subject_id|session,15,0.11905501294052609,0.09703970506321584,0.14329390637311695
db10,db10_amputee_loso,set_acsa_tau_0.02,ece,split_id|subject_id|session,15,0.11482482913855202,0.10424082619152338,0.12631688816339628
db10,db10_amputee_loso,set_acsa_tau_0.05,ece,split_id|subject_id|session,15,0.10057556835165635,0.08929986759600686,0.1114817877516414
db10,db10_amputee_loso,set_acsa_tau_0.10,ece,split_id|subject_id|session,15,0.10575213910892184,0.08529775815740925,0.13116160229712623
db10,db10_amputee_loso,set_acsa_tau_0.15,ece,split_id|subject_id|session,15,0.10299190726350933,0.07436995088722836,0.13848729756283326
db10,db10_amputee_loso,set_acsa_tau_0.20,ece,split_id|subject_id|session,15,0.10080242672429189,0.07021890431051946,0.1397682010404629
db10,db10_amputee_loso,user_only,ece,split_id|subject_id|session,15,0.13568199992564675,0.10464954533776838,0.16815457937934844
db10,db10_amputee_loso,agency_margin_tau_0.02,macro_f1,split_id|subject_id|session,15,0.16980157313629263,0.1318215617057078,0.20921868553882725
db10,db10_amputee_loso,agency_margin_tau_0.05,macro_f1,split_id|subject_id|session,15,0.3034051492124357,0.22809275404792695,0.38169416369863146
db10,db10_amputee_loso,agency_margin_tau_0.10,macro_f1,split_id|subject_id|session,15,0.45125582742809917,0.35154661718430075,0.5480846681907882
db10,db10_amputee_loso,agency_margin_tau_0.15,macro_f1,split_id|subject_id|session,15,0.525676312274367,0.41445509687650756,0.6241235700073368
db10,db10_amputee_loso,agency_margin_tau_0.20,macro_f1,split_id|subject_id|session,15,0.552621780262745,0.43467194705275164,0.6489509851781168
db10,db10_amputee_loso,assist_only,macro_f1,split_id|subject_id|session,15,0.5700610270776287,0.4493105916990726,0.6674508446452304
db10,db10_amputee_loso,confidence_blend_alpha_0.25,macro_f1,split_id|subject_id|session,15,0.5412451536569611,0.42295151468637515,0.6396334500268018
db10,db10_amputee_loso,confidence_blend_alpha_0.50,macro_f1,split_id|subject_id|session,15,0.5677533312981631,0.4471473229031239,0.6648328529901616
db10,db10_amputee_loso,confidence_blend_alpha_0.75,macro_f1,split_id|subject_id|session,15,0.5694116132258028,0.44859213797371056,0.6669499350862046
db10,db10_amputee_loso,selective_prediction,macro_f1,split_id|subject_id|session,15,0.3180105370612035,0.24195782835764815,0.38819144189165333
db10,db10_amputee_loso,set_acsa_tau_0.02,macro_f1,split_id|subject_id|session,15,0.15843527521034156,0.12289346182592013,0.19486372711474684
db10,db10_amputee_loso,set_acsa_tau_0.05,macro_f1,split_id|subject_id|session,15,0.2891319076018803,0.21634051179825428,0.3660679675970976
db10,db10_amputee_loso,set_acsa_tau_0.10,macro_f1,split_id|subject_id|session,15,0.4433017262984095,0.3445467957558434,0.5404165174299763
db10,db10_amputee_loso,set_acsa_tau_0.15,macro_f1,split_id|subject_id|session,15,0.5234194996428005,0.41287895136345054,0.6222408925207177
db10,db10_amputee_loso,set_acsa_tau_0.20,macro_f1,split_id|subject_id|session,15,0.5520848912496104,0.4341908974147216,0.6484684878348375
db10,db10_amputee_loso,user_only,macro_f1,split_id|subject_id|session,15,0.09505322541087718,0.07758629437738326,0.11049162563913807
db10,db10_amputee_loso,agency_margin_tau_0.02,mean_ali,split_id|subject_id|session,15,0.00180741929454212,0.0013472985169477396,0.0022879198686322185
db10,db10_amputee_loso,agency_margin_tau_0.05,mean_ali,split_id|subject_id|session,15,0.010078051607530052,0.008055923197209915,0.012077890853092473
db10,db10_amputee_loso,agency_margin_tau_0.10,mean_ali,split_id|subject_id|session,15,0.03206765159240884,0.027154126505099886,0.03973703043380093
db10,db10_amputee_loso,agency_margin_tau_0.15,mean_ali,split_id|subject_id|session,15,0.04620133639258799,0.03844115894773486,0.054229084306247004
db10,db10_amputee_loso,agency_margin_tau_0.20,mean_ali,split_id|subject_id|session,15,0.052512764390799264,0.04277226904629302,0.06206374592208988
db10,db10_amputee_loso,assist_only,mean_ali,split_id|subject_id|session,15,0.057355438667925765,0.04594852486371168,0.06857015165922023
db10,db10_amputee_loso,confidence_blend_alpha_0.25,mean_ali,split_id|subject_id|session,15,0.042256393303074964,0.035527429182971505,0.0499881519305786
db10,db10_amputee_loso,confidence_blend_alpha_0.50,mean_ali,split_id|subject_id|session,15,0.05503829876595331,0.04390455789525849,0.0657908953794543
db10,db10_amputee_loso,confidence_blend_alpha_0.75,mean_ali,split_id|subject_id|session,15,0.056678797619897386,0.04547656995671419,0.06774701314841827
db10,db10_amputee_loso,selective_prediction,mean_ali,split_id|subject_id|session,15,0.01639470128383012,0.011722672069436895,0.021212294455378027
db10,db10_amputee_loso,set_acsa_tau_0.02,mean_ali,split_id|subject_id|session,15,0.0013121157054158603,0.0009447159803690801,0.001716584944719351
db10,db10_amputee_loso,set_acsa_tau_0.05,mean_ali,split_id|subject_id|session,15,0.008674550089819075,0.00672388329292646,0.010593645464713405
db10,db10_amputee_loso,set_acsa_tau_0.10,mean_ali,split_id|subject_id|session,15,0.0304112229041593,0.02567086926031811,0.038111737475178174
db10,db10_amputee_loso,set_acsa_tau_0.15,mean_ali,split_id|subject_id|session,15,0.04554264756856521,0.037971703024297705,0.05358060475114752
db10,db10_amputee_loso,set_acsa_tau_0.20,mean_ali,split_id|subject_id|session,15,0.05236058954375302,0.04265400230881771,0.06196658609526229
db10,db10_amputee_loso,user_only,mean_ali,split_id|subject_id|session,15,0.0,0.0,0.0
db10,db10_amputee_loso,agency_margin_tau_0.02,risk_coverage_auc,split_id|subject_id|session,15,0.4482850132305237,0.33422971178920474,0.5674473912982521
db10,db10_amputee_loso,agency_margin_tau_0.05,risk_coverage_auc,split_id|subject_id|session,15,0.391259056350788,0.2703365226728404,0.5193979084293378
db10,db10_amputee_loso,agency_margin_tau_0.10,risk_coverage_auc,split_id|subject_id|session,15,0.2999710562163272,0.2046562201496589,0.42479266283079
db10,db10_amputee_loso,agency_margin_tau_0.15,risk_coverage_auc,split_id|subject_id|session,15,0.27482236359842876,0.17879603668303554,0.4067330344569087
db10,db10_amputee_loso,agency_margin_tau_0.20,risk_coverage_auc,split_id|subject_id|session,15,0.26727162313795616,0.1714499009872268,0.3989558264197389
db10,db10_amputee_loso,assist_only,risk_coverage_auc,split_id|subject_id|session,15,0.2631643486862674,0.1664938238000545,0.3965196593667131
db10,db10_amputee_loso,confidence_blend_alpha_0.25,risk_coverage_auc,split_id|subject_id|session,15,0.2938923512183181,0.2003738306005632,0.42049456231917176
db10,db10_amputee_loso,confidence_blend_alpha_0.50,risk_coverage_auc,split_id|subject_id|session,15,0.2644538563908842,0.16733602156351735,0.3963946516439762
db10,db10_amputee_loso,confidence_blend_alpha_0.75,risk_coverage_auc,split_id|subject_id|session,15,0.26274254488662263,0.16556641738482528,0.39639529633722315
db10,db10_amputee_loso,selective_prediction,risk_coverage_auc,split_id|subject_id|session,15,0.39809921449811014,0.29624347020877495,0.5117092826849982
db10,db10_amputee_loso,set_acsa_tau_0.02,risk_coverage_auc,split_id|subject_id|session,15,0.48905175753095687,0.3784228129223348,0.6007562011922037
db10,db10_amputee_loso,set_acsa_tau_0.05,risk_coverage_auc,split_id|subject_id|session,15,0.4045518098938779,0.28129449002738915,0.5318939901047453
db10,db10_amputee_loso,set_acsa_tau_0.10,risk_coverage_auc,split_id|subject_id|session,15,0.3021346565333587,0.20634378537806466,0.4274808289275454
db10,db10_amputee_loso,set_acsa_tau_0.15,risk_coverage_auc,split_id|subject_id|session,15,0.27508226616629433,0.17891698847921572,0.40693155132599723
db10,db10_amputee_loso,set_acsa_tau_0.20,risk_coverage_auc,split_id|subject_id|session,15,0.26730106783495716,0.17145919740232413,0.3989601841449432
db10,db10_amputee_loso,user_only,risk_coverage_auc,split_id|subject_id|session,15,0.8394507632546234,0.8055266352119679,0.870915018416815
db10,db10_mixed_to_amputee,agency_margin_tau_0.02,active_macro_f1,split_id|subject_id|session,15,0.19971766296801083,0.1606545789149928,0.2381980766405235
db10,db10_mixed_to_amputee,agency_margin_tau_0.05,active_macro_f1,split_id|subject_id|session,15,0.41041935292292314,0.3320931975309764,0.48503969513703954
db10,db10_mixed_to_amputee,agency_margin_tau_0.10,active_macro_f1,split_id|subject_id|session,15,0.5851982894422992,0.4856811358456951,0.6726550409375461
db10,db10_mixed_to_amputee,agency_margin_tau_0.15,active_macro_f1,split_id|subject_id|session,15,0.6644184557160053,0.5513519998688202,0.7563035064195
db10,db10_mixed_to_amputee,agency_margin_tau_0.20,active_macro_f1,split_id|subject_id|session,15,0.6937835625631465,0.5737433382914112,0.7885012750075486
db10,db10_mixed_to_amputee,assist_only,active_macro_f1,split_id|subject_id|session,15,0.710158940003744,0.5875927976864735,0.8043988546902602
db10,db10_mixed_to_amputee,confidence_blend_alpha_0.25,active_macro_f1,split_id|subject_id|session,15,0.682598963854423,0.564580613180156,0.7769531747907763
db10,db10_mixed_to_amputee,confidence_blend_alpha_0.50,active_macro_f1,split_id|subject_id|session,15,0.7058075547452597,0.5826451149406535,0.8008545217215026
db10,db10_mixed_to_amputee,confidence_blend_alpha_0.75,active_macro_f1,split_id|subject_id|session,15,0.7086821860427145,0.5864946221536967,0.8034501017955891
db10,db10_mixed_to_amputee,selective_prediction,active_macro_f1,split_id|subject_id|session,15,0.4585471432346706,0.3710267401782086,0.5347620584752786
db10,db10_mixed_to_amputee,set_acsa_tau_0.02,active_macro_f1,split_id|subject_id|session,15,0.18694529469160956,0.15040009047358502,0.22312051472537564
db10,db10_mixed_to_amputee,set_acsa_tau_0.05,active_macro_f1,split_id|subject_id|session,15,0.3943764608381841,0.31765644267058396,0.46833990494360755
db10,db10_mixed_to_amputee,set_acsa_tau_0.10,active_macro_f1,split_id|subject_id|session,15,0.576310835213913,0.47714905066719154,0.6633243811058247
db10,db10_mixed_to_amputee,set_acsa_tau_0.15,active_macro_f1,split_id|subject_id|session,15,0.6609950749069002,0.5493277267858305,0.7533091086980997
db10,db10_mixed_to_amputee,set_acsa_tau_0.20,active_macro_f1,split_id|subject_id|session,15,0.6932548000051966,0.5733541934386206,0.7879844393093844
db10,db10_mixed_to_amputee,user_only,active_macro_f1,split_id|subject_id|session,15,0.08804731009230608,0.0739475591168123,0.10336695437414269
db10,db10_mixed_to_amputee,agency_margin_tau_0.02,active_risk_coverage_auc,split_id|subject_id|session,15,0.5571355804662237,0.48695193544685084,0.6295497728997811
db10,db10_mixed_to_amputee,agency_margin_tau_0.05,active_risk_coverage_auc,split_id|subject_id|session,15,0.33335353305058707,0.2407820054445612,0.43985706344930514
db10,db10_mixed_to_amputee,agency_margin_tau_0.10,active_risk_coverage_auc,split_id|subject_id|session,15,0.22385275878915797,0.13247796470854664,0.3355365449430856
db10,db10_mixed_to_amputee,agency_margin_tau_0.15,active_risk_coverage_auc,split_id|subject_id|session,15,0.20103884790738577,0.10083678991422819,0.33170092318646677
db10,db10_mixed_to_amputee,agency_margin_tau_0.20,active_risk_coverage_auc,split_id|subject_id|session,15,0.18946165354871927,0.09268693999982039,0.3142808328289778
db10,db10_mixed_to_amputee,assist_only,active_risk_coverage_auc,split_id|subject_id|session,15,0.18644706655899318,0.08864476450658683,0.3132406034445497
db10,db10_mixed_to_amputee,confidence_blend_alpha_0.25,active_risk_coverage_auc,split_id|subject_id|session,15,0.22488564175228526,0.1251653800289139,0.3498212923039305
db10,db10_mixed_to_amputee,confidence_blend_alpha_0.50,active_risk_coverage_auc,split_id|subject_id|session,15,0.19299227206345038,0.09493991044006098,0.3180638820485161
db10,db10_mixed_to_amputee,confidence_blend_alpha_0.75,active_risk_coverage_auc,split_id|subject_id|session,15,0.18806114122681947,0.09023608429804075,0.3143094040091753
db10,db10_mixed_to_amputee,selective_prediction,active_risk_coverage_auc,split_id|subject_id|session,15,0.2919897970369682,0.19216723668426725,0.41204866370327964
db10,db10_mixed_to_amputee,set_acsa_tau_0.02,active_risk_coverage_auc,split_id|subject_id|session,15,0.5672839992482597,0.4977585777948576,0.6382566961164621
db10,db10_mixed_to_amputee,set_acsa_tau_0.05,active_risk_coverage_auc,split_id|subject_id|session,15,0.33905057561044294,0.24561286550510208,0.44480706397776215
db10,db10_mixed_to_amputee,set_acsa_tau_0.10,active_risk_coverage_auc,split_id|subject_id|session,15,0.22495270608892562,0.1337218361686347,0.3364390727449011
db10,db10_mixed_to_amputee,set_acsa_tau_0.15,active_risk_coverage_auc,split_id|subject_id|session,15,0.20064359210728508,0.10094821277737086,0.3303320779431934
db10,db10_mixed_to_amputee,set_acsa_tau_0.20,active_risk_coverage_auc,split_id|subject_id|session,15,0.18945774552520972,0.09268083922806007,0.31427522748641384
db10,db10_mixed_to_amputee,user_only,active_risk_coverage_auc,split_id|subject_id|session,15,0.8791562398712606,0.85437549162142,0.9010247357719136
db10,db10_mixed_to_amputee,agency_margin_tau_0.02,balanced_accuracy,split_id|subject_id|session,15,0.22528427128427125,0.19137604617604612,0.261437518037518
db10,db10_mixed_to_amputee,agency_margin_tau_0.05,balanced_accuracy,split_id|subject_id|session,15,0.3987330447330447,0.33483109668109673,0.4621563492063491
db10,db10_mixed_to_amputee,agency_margin_tau_0.10,balanced_accuracy,split_id|subject_id|session,15,0.5524213564213564,0.4658311688311688,0.6322264069264069
db10,db10_mixed_to_amputee,agency_margin_tau_0.15,balanced_accuracy,split_id|subject_id|session,15,0.6254083694083693,0.5276151515151516,0.7096238095238097
db10,db10_mixed_to_amputee,agency_margin_tau_0.20,balanced_accuracy,split_id|subject_id|session,15,0.6534199134199133,0.5532941558441559,0.7382238816738815
db10,db10_mixed_to_amputee,assist_only,balanced_accuracy,split_id|subject_id|session,15,0.6673881673881673,0.565688961038961,0.7530497113997114
db10,db10_mixed_to_amputee,confidence_blend_alpha_0.25,balanced_accuracy,split_id|subject_id|session,15,0.6426291486291488,0.5416230158730159,0.7276888167388167
db10,db10_mixed_to_amputee,confidence_blend_alpha_0.50,balanced_accuracy,split_id|subject_id|session,15,0.6636161616161617,0.5614450937950939,0.7501626262626261
db10,db10_mixed_to_amputee,confidence_blend_alpha_0.75,balanced_accuracy,split_id|subject_id|session,15,0.6658614718614719,0.5637958874458873,0.7515594516594518
db10,db10_mixed_to_amputee,selective_prediction,balanced_accuracy,split_id|subject_id|session,15,0.4447359307359307,0.36775384800384797,0.5129640933140933
db10,db10_mixed_to_amputee,set_acsa_tau_0.02,balanced_accuracy,split_id|subject_id|session,15,0.2153044733044733,0.18199033189033187,0.2495108225108225
db10,db10_mixed_to_amputee,set_acsa_tau_0.05,balanced_accuracy,split_id|subject_id|session,15,0.3882020202020202,0.32511139971139974,0.4526859307359307
db10,db10_mixed_to_amputee,set_acsa_tau_0.10,balanced_accuracy,split_id|subject_id|session,15,0.5469494949494949,0.4608420634920635,0.6268378787878788
db10,db10_mixed_to_amputee,set_acsa_tau_0.15,balanced_accuracy,split_id|subject_id|session,15,0.6235324675324675,0.5259823232323232,0.7072981240981241
db10,db10_mixed_to_amputee,set_acsa_tau_0.20,balanced_accuracy,split_id|subject_id|session,15,0.6532150072150071,0.5531646464646466,0.7379500000000001
db10,db10_mixed_to_amputee,user_only,balanced_accuracy,split_id|subject_id|session,15,0.13050216450216442,0.11558578643578638,0.14694862914862908
db10,db10_mixed_to_amputee,agency_margin_tau_0.02,ece,split_id|subject_id|session,15,0.18270449243578735,0.1582931296628129,0.20598740651806355
db10,db10_mixed_to_amputee,agency_margin_tau_0.05,ece,split_id|subject_id|session,15,0.13453186471595305,0.10974374657752774,0.15998864995544715
db10,db10_mixed_to_amputee,agency_margin_tau_0.10,ece,split_id|subject_id|session,15,0.09511360884855992,0.07148801509478617,0.12009678139504767
db10,db10_mixed_to_amputee,agency_margin_tau_0.15,ece,split_id|subject_id|session,15,0.08568616740238456,0.05935919911136691,0.11734189907230008
db10,db10_mixed_to_amputee,agency_margin_tau_0.20,ece,split_id|subject_id|session,15,0.0718434643881238,0.052346161901015494,0.09365674372357494
db10,db10_mixed_to_amputee,assist_only,ece,split_id|subject_id|session,15,0.06979726111879954,0.050983465427914924,0.09069867131055673
db10,db10_mixed_to_amputee,confidence_blend_alpha_0.25,ece,split_id|subject_id|session,15,0.37723827082753547,0.3134891582027849,0.4343036351339982
db10,db10_mixed_to_amputee,confidence_blend_alpha_0.50,ece,split_id|subject_id|session,15,0.24831841769050353,0.1981414201683166,0.29467487630156786
db10,db10_mixed_to_amputee,confidence_blend_alpha_0.75,ece,split_id|subject_id|session,15,0.12327723884185354,0.09465569338506033,0.15302976838574955
db10,db10_mixed_to_amputee,selective_prediction,ece,split_id|subject_id|session,15,0.14834181667532084,0.117930265821165,0.18424861109329937
db10,db10_mixed_to_amputee,set_acsa_tau_0.02,ece,split_id|subject_id|session,15,0.12111824057756744,0.10284806942384868,0.14482688863121945
db10,db10_mixed_to_amputee,set_acsa_tau_0.05,ece,split_id|subject_id|session,15,0.09108344134024503,0.07610689299540799,0.11048555064923948
db10,db10_mixed_to_amputee,set_acsa_tau_0.10,ece,split_id|subject_id|session,15,0.08827972645766533,0.07006438300927723,0.10823392738634467
db10,db10_mixed_to_amputee,set_acsa_tau_0.15,ece,split_id|subject_id|session,15,0.07547254570231916,0.05900851669009628,0.0962390894822986
db10,db10_mixed_to_amputee,set_acsa_tau_0.20,ece,split_id|subject_id|session,15,0.07226286012365217,0.05325224864600311,0.09384875104741647
db10,db10_mixed_to_amputee,user_only,ece,split_id|subject_id|session,15,0.1956422261554425,0.15401605586802186,0.2418653891609148
db10,db10_mixed_to_amputee,agency_margin_tau_0.02,macro_f1,split_id|subject_id|session,15,0.20330050426885135,0.16383132534904715,0.2422796013960681
db10,db10_mixed_to_amputee,agency_margin_tau_0.05,macro_f1,split_id|subject_id|session,15,0.35008652968069887,0.285450271883192,0.40888610594888514
db10,db10_mixed_to_amputee,agency_margin_tau_0.10,macro_f1,split_id|subject_id|session,15,0.48264246128120963,0.4005487755113183,0.5572665796976525
db10,db10_mixed_to_amputee,agency_margin_tau_0.15,macro_f1,split_id|subject_id|session,15,0.5495264617706945,0.46059652773220994,0.6283577658657681
db10,db10_mixed_to_amputee,agency_margin_tau_0.20,macro_f1,split_id|subject_id|session,15,0.5721588246495687,0.47543941191571215,0.6524048787921847
db10,db10_mixed_to_amputee,assist_only,macro_f1,split_id|subject_id|session,15,0.5852984742589913,0.48924727027162357,0.6662664750398221
db10,db10_mixed_to_amputee,confidence_blend_alpha_0.25,macro_f1,split_id|subject_id|session,15,0.5745230812726682,0.4772888778700536,0.6569413321407881
db10,db10_mixed_to_amputee,confidence_blend_alpha_0.50,macro_f1,split_id|subject_id|session,15,0.5853218647240169,0.48765151767646475,0.6681580594556302
db10,db10_mixed_to_amputee,confidence_blend_alpha_0.75,macro_f1,split_id|subject_id|session,15,0.58509394980661,0.48974753068587434,0.6662374593850984
db10,db10_mixed_to_amputee,selective_prediction,macro_f1,split_id|subject_id|session,15,0.41227692712127445,0.33524755851229027,0.48001643356208634
db10,db10_mixed_to_amputee,set_acsa_tau_0.02,macro_f1,split_id|subject_id|session,15,0.1902800540649654,0.15323815022503667,0.2281345367154849
db10,db10_mixed_to_amputee,set_acsa_tau_0.05,macro_f1,split_id|subject_id|session,15,0.3354056681163822,0.2717215465837693,0.39478375681348554
db10,db10_mixed_to_amputee,set_acsa_tau_0.10,macro_f1,split_id|subject_id|session,15,0.4750760596799298,0.39363978950490747,0.5497194588155111
db10,db10_mixed_to_amputee,set_acsa_tau_0.15,macro_f1,split_id|subject_id|session,15,0.5466563760838401,0.4586859497096075,0.6242862783830766
db10,db10_mixed_to_amputee,set_acsa_tau_0.20,macro_f1,split_id|subject_id|session,15,0.5717264694846841,0.4751356474340867,0.6518073821744294
db10,db10_mixed_to_amputee,user_only,macro_f1,split_id|subject_id|session,15,0.112881816947481,0.09175287548688976,0.13281475627563583
db10,db10_mixed_to_amputee,agency_margin_tau_0.02,mean_ali,split_id|subject_id|session,15,0.0022094121300968396,0.00175450678027635,0.002665280157413444
db10,db10_mixed_to_amputee,agency_margin_tau_0.05,mean_ali,split_id|subject_id|session,15,0.011413997934084348,0.009497156234144039,0.013139593775843497
db10,db10_mixed_to_amputee,agency_margin_tau_0.10,mean_ali,split_id|subject_id|session,15,0.025821460971452225,0.021775484819597277,0.02947029713851028
db10,db10_mixed_to_amputee,agency_margin_tau_0.15,mean_ali,split_id|subject_id|session,15,0.04232471036507172,0.03466599450625669,0.052650832258792316
db10,db10_mixed_to_amputee,agency_margin_tau_0.20,mean_ali,split_id|subject_id|session,15,0.048357748512498265,0.0383884826994305,0.06162671427876248
db10,db10_mixed_to_amputee,assist_only,mean_ali,split_id|subject_id|session,15,0.05168495159084147,0.04092938170877656,0.06466798159438084
db10,db10_mixed_to_amputee,confidence_blend_alpha_0.25,mean_ali,split_id|subject_id|session,15,0.04160074531741455,0.033639102026504754,0.05217241460908595
db10,db10_mixed_to_amputee,confidence_blend_alpha_0.50,mean_ali,split_id|subject_id|session,15,0.049726960332348136,0.03951041652684065,0.06247779331615753
db10,db10_mixed_to_amputee,confidence_blend_alpha_0.75,mean_ali,split_id|subject_id|session,15,0.05111362061669459,0.04052182345223148,0.06401992728226183
db10,db10_mixed_to_amputee,selective_prediction,mean_ali,split_id|subject_id|session,15,0.020116052434151956,0.016164208667645678,0.02402735636673794
db10,db10_mixed_to_amputee,set_acsa_tau_0.02,mean_ali,split_id|subject_id|session,15,0.0016737306233511602,0.0012683683586583142,0.0020845388290555047
db10,db10_mixed_to_amputee,set_acsa_tau_0.05,mean_ali,split_id|subject_id|session,15,0.01010657162728667,0.008302200032197745,0.0118601127108281
db10,db10_mixed_to_amputee,set_acsa_tau_0.10,mean_ali,split_id|subject_id|session,15,0.02449151679080092,0.020749884842503837,0.027882145453826817
db10,db10_mixed_to_amputee,set_acsa_tau_0.15,mean_ali,split_id|subject_id|session,15,0.040202652927936074,0.03399292713337576,0.047712231615791086
db10,db10_mixed_to_amputee,set_acsa_tau_0.20,mean_ali,split_id|subject_id|session,15,0.04817606917819107,0.03823671350046781,0.061453817253345915
db10,db10_mixed_to_amputee,user_only,mean_ali,split_id|subject_id|session,15,0.0,0.0,0.0
db10,db10_mixed_to_amputee,agency_margin_tau_0.02,risk_coverage_auc,split_id|subject_id|session,15,0.3926394329617588,0.29781689917174037,0.5016135636987247
db10,db10_mixed_to_amputee,agency_margin_tau_0.05,risk_coverage_auc,split_id|subject_id|session,15,0.3453115670289908,0.24467148368756939,0.45862794086622877
db10,db10_mixed_to_amputee,agency_margin_tau_0.10,risk_coverage_auc,split_id|subject_id|session,15,0.2874100529594194,0.18875975306677562,0.3997923166274633
db10,db10_mixed_to_amputee,agency_margin_tau_0.15,risk_coverage_auc,split_id|subject_id|session,15,0.22934749125160858,0.15932097787963195,0.3070780201395153
db10,db10_mixed_to_amputee,agency_margin_tau_0.20,risk_coverage_auc,split_id|subject_id|session,15,0.22809074448517042,0.15724805103729456,0.304575598522287
db10,db10_mixed_to_amputee,assist_only,risk_coverage_auc,split_id|subject_id|session,15,0.22517834767610165,0.15454719766003713,0.3014982928229269
db10,db10_mixed_to_amputee,confidence_blend_alpha_0.25,risk_coverage_auc,split_id|subject_id|session,15,0.23271034393456377,0.1633343349879244,0.3120554009350046
db10,db10_mixed_to_amputee,confidence_blend_alpha_0.50,risk_coverage_auc,split_id|subject_id|session,15,0.22271058732788357,0.15302846417217975,0.29867956510540566
db10,db10_mixed_to_amputee,confidence_blend_alpha_0.75,risk_coverage_auc,split_id|subject_id|session,15,0.22379331575716666,0.15360608939515522,0.3002065049417
db10,db10_mixed_to_amputee,selective_prediction,risk_coverage_auc,split_id|subject_id|session,15,0.29945863068053724,0.21552514039860973,0.3974669645917728
db10,db10_mixed_to_amputee,set_acsa_tau_0.02,risk_coverage_auc,split_id|subject_id|session,15,0.43924398538947,0.34477909721275213,0.5416492448540187
db10,db10_mixed_to_amputee,set_acsa_tau_0.05,risk_coverage_auc,split_id|subject_id|session,15,0.3562924902536412,0.2532600601833434,0.4693074793841885
db10,db10_mixed_to_amputee,set_acsa_tau_0.10,risk_coverage_auc,split_id|subject_id|session,15,0.2889895626457673,0.19003777910114608,0.40153320606509874
db10,db10_mixed_to_amputee,set_acsa_tau_0.15,risk_coverage_auc,split_id|subject_id|session,15,0.23037732955871043,0.1597086852896552,0.30720513586333315
db10,db10_mixed_to_amputee,set_acsa_tau_0.20,risk_coverage_auc,split_id|subject_id|session,15,0.22809286448214236,0.15724913438986715,0.30457338572229314
db10,db10_mixed_to_amputee,user_only,risk_coverage_auc,split_id|subject_id|session,15,0.8054896365994911,0.7671967131114649,0.8453764897237921
grabmyo,grabmyo_subject_logo,agency_margin_tau_0.02,active_macro_f1,split_id|subject_id|session|day,129,0.5655428257818661,0.5456109539896539,0.5839245733471401
grabmyo,grabmyo_subject_logo,agency_margin_tau_0.05,active_macro_f1,split_id|subject_id|session|day,129,0.5754369374929137,0.5556024151989662,0.5938134721135804
grabmyo,grabmyo_subject_logo,agency_margin_tau_0.10,active_macro_f1,split_id|subject_id|session|day,129,0.5911221658141488,0.5715329466556344,0.6096086168645477
grabmyo,grabmyo_subject_logo,agency_margin_tau_0.15,active_macro_f1,split_id|subject_id|session|day,129,0.6052628575155559,0.5854818801071814,0.6238799354633117
grabmyo,grabmyo_subject_logo,agency_margin_tau_0.20,active_macro_f1,split_id|subject_id|session|day,129,0.6170275444912918,0.5974049959682797,0.6358382403041271
grabmyo,grabmyo_subject_logo,assist_only,active_macro_f1,split_id|subject_id|session|day,129,0.6464031051448258,0.6256259149598056,0.6656169155743573
grabmyo,grabmyo_subject_logo,confidence_blend_alpha_0.25,active_macro_f1,split_id|subject_id|session|day,129,0.6232155232132405,0.6032048041384861,0.6415561056305462
grabmyo,grabmyo_subject_logo,confidence_blend_alpha_0.50,active_macro_f1,split_id|subject_id|session|day,129,0.6563360783823036,0.6355386350869597,0.6753251787660913
grabmyo,grabmyo_subject_logo,confidence_blend_alpha_0.75,active_macro_f1,split_id|subject_id|session|day,129,0.6556968439222587,0.6347414634528249,0.6750827995501596
grabmyo,grabmyo_subject_logo,selective_prediction,active_macro_f1,split_id|subject_id|session|day,129,0.6215624006240809,0.6009785519374536,0.63983367180611
grabmyo,grabmyo_subject_logo,set_acsa_tau_0.02,active_macro_f1,split_id|subject_id|session|day,129,0.5650754537827309,0.5451557228939015,0.583570017777258
grabmyo,grabmyo_subject_logo,set_acsa_tau_0.05,active_macro_f1,split_id|subject_id|session|day,129,0.5748326814699999,0.554990421899564,0.5933403589695508
grabmyo,grabmyo_subject_logo,set_acsa_tau_0.10,active_macro_f1,split_id|subject_id|session|day,129,0.5900963779104339,0.5702303715804169,0.6087074895991341
grabmyo,grabmyo_subject_logo,set_acsa_tau_0.15,active_macro_f1,split_id|subject_id|session|day,129,0.604492344157108,0.5847000984052843,0.6232194430262716
grabmyo,grabmyo_subject_logo,set_acsa_tau_0.20,active_macro_f1,split_id|subject_id|session|day,129,0.6163770126847695,0.5967129857705881,0.6350989053106942
grabmyo,grabmyo_subject_logo,user_only,active_macro_f1,split_id|subject_id|session|day,129,0.5588367784908513,0.5389770189173974,0.5775513176675523
grabmyo,grabmyo_subject_logo,agency_margin_tau_0.02,active_risk_coverage_auc,split_id|subject_id|session|day,129,0.18272722347004897,0.16515526523590188,0.20189055124862276
grabmyo,grabmyo_subject_logo,agency_margin_tau_0.05,active_risk_coverage_auc,split_id|subject_id|session|day,129,0.17895573576208207,0.16140418498094442,0.19830953619668282
grabmyo,grabmyo_subject_logo,agency_margin_tau_0.10,active_risk_coverage_auc,split_id|subject_id|session|day,129,0.1731598903853279,0.15568633368627746,0.19226853656862672
grabmyo,grabmyo_subject_logo,agency_margin_tau_0.15,active_risk_coverage_auc,split_id|subject_id|session|day,129,0.16813493862890713,0.15089926956885633,0.18717422291343197
grabmyo,grabmyo_subject_logo,agency_margin_tau_0.20,active_risk_coverage_auc,split_id|subject_id|session|day,129,0.16416657835557488,0.14714218971772922,0.1830847372338339
grabmyo,grabmyo_subject_logo,assist_only,active_risk_coverage_auc,split_id|subject_id|session|day,129,0.1490906313842833,0.1346684029560553,0.16486188194253745
grabmyo,grabmyo_subject_logo,confidence_blend_alpha_0.25,active_risk_coverage_auc,split_id|subject_id|session|day,129,0.17919658171139816,0.16212603145556148,0.1981418286213252
grabmyo,grabmyo_subject_logo,confidence_blend_alpha_0.50,active_risk_coverage_auc,split_id|subject_id|session|day,129,0.14591490885311328,0.13121430751275223,0.16242646006874953
grabmyo,grabmyo_subject_logo,confidence_blend_alpha_0.75,active_risk_coverage_auc,split_id|subject_id|session|day,129,0.14076169619894205,0.12630913948046923,0.15609374838659365
grabmyo,grabmyo_subject_logo,selective_prediction,active_risk_coverage_auc,split_id|subject_id|session|day,129,0.17341568349325018,0.1547576097632574,0.1932595184851705
grabmyo,grabmyo_subject_logo,set_acsa_tau_0.02,active_risk_coverage_auc,split_id|subject_id|session|day,129,0.18290119782331182,0.16527428071857583,0.20211242060278575
grabmyo,grabmyo_subject_logo,set_acsa_tau_0.05,active_risk_coverage_auc,split_id|subject_id|session|day,129,0.1790974679285399,0.1615806022127011,0.19848193212947357
grabmyo,grabmyo_subject_logo,set_acsa_tau_0.10,active_risk_coverage_auc,split_id|subject_id|session|day,129,0.17328911517037413,0.1558446878957732,0.19242390383683747
grabmyo,grabmyo_subject_logo,set_acsa_tau_0.15,active_risk_coverage_auc,split_id|subject_id|session|day,129,0.16821283614709326,0.1509738331756749,0.18725843257632252
grabmyo,grabmyo_subject_logo,set_acsa_tau_0.20,active_risk_coverage_auc,split_id|subject_id|session|day,129,0.1642181445192179,0.14718074843104845,0.18315315522499112
grabmyo,grabmyo_subject_logo,user_only,active_risk_coverage_auc,split_id|subject_id|session|day,129,0.23499706519497277,0.2151406845951199,0.256599688479155
grabmyo,grabmyo_subject_logo,agency_margin_tau_0.02,balanced_accuracy,split_id|subject_id|session|day,129,0.5845612663670119,0.5646215230278159,0.6027203439515341
grabmyo,grabmyo_subject_logo,agency_margin_tau_0.05,balanced_accuracy,split_id|subject_id|session|day,129,0.593642108005993,0.573844049247606,0.6118826135105205
grabmyo,grabmyo_subject_logo,agency_margin_tau_0.10,balanced_accuracy,split_id|subject_id|session|day,129,0.6083642759429353,0.5884903263631035,0.6270285323431699
grabmyo,grabmyo_subject_logo,agency_margin_tau_0.15,balanced_accuracy,split_id|subject_id|session|day,129,0.6219269102990033,0.6023044101361473,0.6410025405511041
grabmyo,grabmyo_subject_logo,agency_margin_tau_0.20,balanced_accuracy,split_id|subject_id|session|day,129,0.633001107419712,0.6130112044817927,0.6518842420689205
grabmyo,grabmyo_subject_logo,assist_only,balanced_accuracy,split_id|subject_id|session|day,129,0.6630317243176341,0.6421803139860596,0.6826382646081688
grabmyo,grabmyo_subject_logo,confidence_blend_alpha_0.25,balanced_accuracy,split_id|subject_id|session|day,129,0.6392938570777149,0.618547000195427,0.6580170672920332
grabmyo,grabmyo_subject_logo,confidence_blend_alpha_0.50,balanced_accuracy,split_id|subject_id|session|day,129,0.6714871995309751,0.649923457755195,0.6908113477949319
grabmyo,grabmyo_subject_logo,confidence_blend_alpha_0.75,balanced_accuracy,split_id|subject_id|session|day,129,0.6716435411373852,0.6504120252752263,0.6914194515015308
grabmyo,grabmyo_subject_logo,selective_prediction,balanced_accuracy,split_id|subject_id|session|day,129,0.6378259831064209,0.616811499793716,0.6568698021844397
grabmyo,grabmyo_subject_logo,set_acsa_tau_0.02,balanced_accuracy,split_id|subject_id|session|day,129,0.5841834408181877,0.5641961435737086,0.6022806331835061
grabmyo,grabmyo_subject_logo,set_acsa_tau_0.05,balanced_accuracy,split_id|subject_id|session|day,129,0.593173083186763,0.5731652661064426,0.6114269428701713
grabmyo,grabmyo_subject_logo,set_acsa_tau_0.10,balanced_accuracy,split_id|subject_id|session|day,129,0.6075565109764837,0.5874490261220767,0.6261706077779949
grabmyo,grabmyo_subject_logo,set_acsa_tau_0.15,balanced_accuracy,split_id|subject_id|session|day,129,0.6212754869389616,0.6016585238746662,0.640389876880985
grabmyo,grabmyo_subject_logo,set_acsa_tau_0.20,balanced_accuracy,split_id|subject_id|session|day,129,0.6324539117972771,0.6124773630382385,0.6514269428701712
grabmyo,grabmyo_subject_logo,user_only,balanced_accuracy,split_id|subject_id|session|day,129,0.5780991466353984,0.5583792586802163,0.5962894925412026
grabmyo,grabmyo_subject_logo,agency_margin_tau_0.02,ece,split_id|subject_id|session|day,129,0.19061963130042697,0.1779614419924404,0.2052744237237923
grabmyo,grabmyo_subject_logo,agency_margin_tau_0.05,ece,split_id|subject_id|session|day,129,0.1878906683765418,0.17489808805640766,0.20257080937235242
grabmyo,grabmyo_subject_logo,agency_margin_tau_0.10,ece,split_id|subject_id|session|day,129,0.18153231907000944,0.16844430463880994,0.19631708674608014
grabmyo,grabmyo_subject_logo,agency_margin_tau_0.15,ece,split_id|subject_id|session|day,129,0.173433332771957,0.15982368081234724,0.18823960591169633
grabmyo,grabmyo_subject_logo,agency_margin_tau_0.20,ece,split_id|subject_id|session|day,129,0.16409717261329873,0.15031459710490241,0.17862416084215618
grabmyo,grabmyo_subject_logo,assist_only,ece,split_id|subject_id|session|day,129,0.08579877533601299,0.08011725573475037,0.09201946830695949
grabmyo,grabmyo_subject_logo,confidence_blend_alpha_0.25,ece,split_id|subject_id|session|day,129,0.11762345946795297,0.10928319536595947,0.12647994566518395
grabmyo,grabmyo_subject_logo,confidence_blend_alpha_0.50,ece,split_id|subject_id|session|day,129,0.11503564453593752,0.10756427747132513,0.12328462451881088
grabmyo,grabmyo_subject_logo,confidence_blend_alpha_0.75,ece,split_id|subject_id|session|day,129,0.09615728445329175,0.09079032678156525,0.10206899305317862
grabmyo,grabmyo_subject_logo,selective_prediction,ece,split_id|subject_id|session|day,129,0.10492012286685357,0.09328327553610916,0.11748650713478537
grabmyo,grabmyo_subject_logo,set_acsa_tau_0.02,ece,split_id|subject_id|session|day,129,0.13009463948538807,0.11768115792984006,0.14400092492357267
grabmyo,grabmyo_subject_logo,set_acsa_tau_0.05,ece,split_id|subject_id|session|day,129,0.12866021651854143,0.11584633831573188,0.14267231008469186
grabmyo,grabmyo_subject_logo,set_acsa_tau_0.10,ece,split_id|subject_id|session|day,129,0.1261900654457071,0.11348368841424908,0.140414443349703
grabmyo,grabmyo_subject_logo,set_acsa_tau_0.15,ece,split_id|subject_id|session|day,129,0.12323725300935767,0.11077265018544682,0.13743714398525164
grabmyo,grabmyo_subject_logo,set_acsa_tau_0.20,ece,split_id|subject_id|session|day,129,0.1218692992738441,0.10933419020609804,0.13602945898619093
grabmyo,grabmyo_subject_logo,user_only,ece,split_id|subject_id|session|day,129,0.10675997893643967,0.0965549311367674,0.11828064908605172
grabmyo,grabmyo_subject_logo,agency_margin_tau_0.02,macro_f1,split_id|subject_id|session|day,129,0.5655428257818661,0.5456109539896539,0.5839245733471401
grabmyo,grabmyo_subject_logo,agency_margin_tau_0.05,macro_f1,split_id|subject_id|session|day,129,0.5754369374929137,0.5556024151989662,0.5938134721135804
grabmyo,grabmyo_subject_logo,agency_margin_tau_0.10,macro_f1,split_id|subject_id|session|day,129,0.5911221658141488,0.5715329466556344,0.6096086168645477
grabmyo,grabmyo_subject_logo,agency_margin_tau_0.15,macro_f1,split_id|subject_id|session|day,129,0.6052628575155559,0.5854818801071814,0.6238799354633117
grabmyo,grabmyo_subject_logo,agency_margin_tau_0.20,macro_f1,split_id|subject_id|session|day,129,0.6170275444912918,0.5974049959682797,0.6358382403041271
grabmyo,grabmyo_subject_logo,assist_only,macro_f1,split_id|subject_id|session|day,129,0.6464031051448258,0.6256259149598056,0.6656169155743573
grabmyo,grabmyo_subject_logo,confidence_blend_alpha_0.25,macro_f1,split_id|subject_id|session|day,129,0.6232155232132405,0.6032048041384861,0.6415561056305462
grabmyo,grabmyo_subject_logo,confidence_blend_alpha_0.50,macro_f1,split_id|subject_id|session|day,129,0.6563360783823036,0.6355386350869597,0.6753251787660913
grabmyo,grabmyo_subject_logo,confidence_blend_alpha_0.75,macro_f1,split_id|subject_id|session|day,129,0.6556968439222587,0.6347414634528249,0.6750827995501596
grabmyo,grabmyo_subject_logo,selective_prediction,macro_f1,split_id|subject_id|session|day,129,0.6215624006240809,0.6009785519374536,0.63983367180611
grabmyo,grabmyo_subject_logo,set_acsa_tau_0.02,macro_f1,split_id|subject_id|session|day,129,0.5650754537827309,0.5451557228939015,0.583570017777258
grabmyo,grabmyo_subject_logo,set_acsa_tau_0.05,macro_f1,split_id|subject_id|session|day,129,0.5748326814699999,0.554990421899564,0.5933403589695508
grabmyo,grabmyo_subject_logo,set_acsa_tau_0.10,macro_f1,split_id|subject_id|session|day,129,0.5900963779104339,0.5702303715804169,0.6087074895991341
grabmyo,grabmyo_subject_logo,set_acsa_tau_0.15,macro_f1,split_id|subject_id|session|day,129,0.604492344157108,0.5847000984052843,0.6232194430262716
grabmyo,grabmyo_subject_logo,set_acsa_tau_0.20,macro_f1,split_id|subject_id|session|day,129,0.6163770126847695,0.5967129857705881,0.6350989053106942
grabmyo,grabmyo_subject_logo,user_only,macro_f1,split_id|subject_id|session|day,129,0.5588367784908513,0.5389770189173974,0.5775513176675523
grabmyo,grabmyo_subject_logo,agency_margin_tau_0.02,mean_ali,split_id|subject_id|session|day,129,0.00014130938780017492,0.0001322107071785388,0.0001506512107816042
grabmyo,grabmyo_subject_logo,agency_margin_tau_0.05,mean_ali,split_id|subject_id|session|day,129,0.0009335022837180365,0.0008763661651239237,0.0009912012020002073
grabmyo,grabmyo_subject_logo,agency_margin_tau_0.10,mean_ali,split_id|subject_id|session|day,129,0.0036172858322053463,0.003438060951591484,0.0038012919573012813
grabmyo,grabmyo_subject_logo,agency_margin_tau_0.15,mean_ali,split_id|subject_id|session|day,129,0.007839374968770211,0.007467226581786677,0.008267126807295128
grabmyo,grabmyo_subject_logo,agency_margin_tau_0.20,mean_ali,split_id|subject_id|session|day,129,0.013566128707200389,0.01287292608048511,0.014332067936385355
grabmyo,grabmyo_subject_logo,assist_only,mean_ali,split_id|subject_id|session|day,129,0.0955624908334919,0.09067997310295517,0.10131559964612816
grabmyo,grabmyo_subject_logo,confidence_blend_alpha_0.25,mean_ali,split_id|subject_id|session|day,129,0.01170254594300785,0.01097375584603721,0.0124331871113669
grabmyo,grabmyo_subject_logo,confidence_blend_alpha_0.50,mean_ali,split_id|subject_id|session|day,129,0.04424939897981346,0.04168786511252149,0.047065491863513644
grabmyo,grabmyo_subject_logo,confidence_blend_alpha_0.75,mean_ali,split_id|subject_id|session|day,129,0.07141508858586272,0.06764002521985038,0.0756265528783802
grabmyo,grabmyo_subject_logo,selective_prediction,mean_ali,split_id|subject_id|session|day,129,0.019640098115441294,0.018105840825402498,0.021408899494600838
grabmyo,grabmyo_subject_logo,set_acsa_tau_0.02,mean_ali,split_id|subject_id|session|day,129,0.0001270948515711083,0.00011893613072275655,0.0001358976789068999
grabmyo,grabmyo_subject_logo,set_acsa_tau_0.05,mean_ali,split_id|subject_id|session|day,129,0.0008560117025880373,0.0008060788877061053,0.0009085458403323843
grabmyo,grabmyo_subject_logo,set_acsa_tau_0.10,mean_ali,split_id|subject_id|session|day,129,0.003403388639843519,0.003240823394307599,0.0035706053576938864
grabmyo,grabmyo_subject_logo,set_acsa_tau_0.15,mean_ali,split_id|subject_id|session|day,129,0.007567722401783163,0.007219696355266946,0.007969858992033608
grabmyo,grabmyo_subject_logo,set_acsa_tau_0.20,mean_ali,split_id|subject_id|session|day,129,0.013344536379134833,0.012678469243889155,0.01407489456845543
grabmyo,grabmyo_subject_logo,user_only,mean_ali,split_id|subject_id|session|day,129,0.0,0.0,0.0
grabmyo,grabmyo_subject_logo,agency_margin_tau_0.02,risk_coverage_auc,split_id|subject_id|session|day,129,0.18272722347004897,0.16515526523590188,0.20189055124862276
grabmyo,grabmyo_subject_logo,agency_margin_tau_0.05,risk_coverage_auc,split_id|subject_id|session|day,129,0.17895573576208207,0.16140418498094442,0.19830953619668282
grabmyo,grabmyo_subject_logo,agency_margin_tau_0.10,risk_coverage_auc,split_id|subject_id|session|day,129,0.1731598903853279,0.15568633368627746,0.19226853656862672
grabmyo,grabmyo_subject_logo,agency_margin_tau_0.15,risk_coverage_auc,split_id|subject_id|session|day,129,0.16813493862890713,0.15089926956885633,0.18717422291343197
grabmyo,grabmyo_subject_logo,agency_margin_tau_0.20,risk_coverage_auc,split_id|subject_id|session|day,129,0.16416657835557488,0.14714218971772922,0.1830847372338339
grabmyo,grabmyo_subject_logo,assist_only,risk_coverage_auc,split_id|subject_id|session|day,129,0.1490906313842833,0.1346684029560553,0.16486188194253745
grabmyo,grabmyo_subject_logo,confidence_blend_alpha_0.25,risk_coverage_auc,split_id|subject_id|session|day,129,0.17919658171139816,0.16212603145556148,0.1981418286213252
grabmyo,grabmyo_subject_logo,confidence_blend_alpha_0.50,risk_coverage_auc,split_id|subject_id|session|day,129,0.14591490885311328,0.13121430751275223,0.16242646006874953
grabmyo,grabmyo_subject_logo,confidence_blend_alpha_0.75,risk_coverage_auc,split_id|subject_id|session|day,129,0.14076169619894205,0.12630913948046923,0.15609374838659365
grabmyo,grabmyo_subject_logo,selective_prediction,risk_coverage_auc,split_id|subject_id|session|day,129,0.17341568349325018,0.1547576097632574,0.1932595184851705
grabmyo,grabmyo_subject_logo,set_acsa_tau_0.02,risk_coverage_auc,split_id|subject_id|session|day,129,0.18290119782331182,0.16527428071857583,0.20211242060278575
grabmyo,grabmyo_subject_logo,set_acsa_tau_0.05,risk_coverage_auc,split_id|subject_id|session|day,129,0.1790974679285399,0.1615806022127011,0.19848193212947357
grabmyo,grabmyo_subject_logo,set_acsa_tau_0.10,risk_coverage_auc,split_id|subject_id|session|day,129,0.17328911517037413,0.1558446878957732,0.19242390383683747
grabmyo,grabmyo_subject_logo,set_acsa_tau_0.15,risk_coverage_auc,split_id|subject_id|session|day,129,0.16821283614709326,0.1509738331756749,0.18725843257632252
grabmyo,grabmyo_subject_logo,set_acsa_tau_0.20,risk_coverage_auc,split_id|subject_id|session|day,129,0.1642181445192179,0.14718074843104845,0.18315315522499112
grabmyo,grabmyo_subject_logo,user_only,risk_coverage_auc,split_id|subject_id|session|day,129,0.23499706519497277,0.2151406845951199,0.256599688479155
grabmyo,grabmyo_within_subject_dayshift,agency_margin_tau_0.02,active_macro_f1,split_id|subject_id|session|day,86,0.6327341191302156,0.6087777232718053,0.6553823175220045
grabmyo,grabmyo_within_subject_dayshift,agency_margin_tau_0.05,active_macro_f1,split_id|subject_id|session|day,86,0.6426577756637374,0.6190256376452135,0.6653476662093072
grabmyo,grabmyo_within_subject_dayshift,agency_margin_tau_0.10,active_macro_f1,split_id|subject_id|session|day,86,0.6581049110089467,0.6342304520157355,0.6812753042019672
grabmyo,grabmyo_within_subject_dayshift,agency_margin_tau_0.15,active_macro_f1,split_id|subject_id|session|day,86,0.6709926214876184,0.6478039471503351,0.6940571388986457
grabmyo,grabmyo_within_subject_dayshift,agency_margin_tau_0.20,active_macro_f1,split_id|subject_id|session|day,86,0.680971793519442,0.6580467695902643,0.7038519710963853
grabmyo,grabmyo_within_subject_dayshift,assist_only,active_macro_f1,split_id|subject_id|session|day,86,0.6928595806611465,0.6700750690075749,0.7141566111976101
grabmyo,grabmyo_within_subject_dayshift,confidence_blend_alpha_0.25,active_macro_f1,split_id|subject_id|session|day,86,0.68338059915443,0.6588776349137377,0.7065151227228076
grabmyo,grabmyo_within_subject_dayshift,confidence_blend_alpha_0.50,active_macro_f1,split_id|subject_id|session|day,86,0.7126982482407461,0.6886787897425486,0.7353508904309793
grabmyo,grabmyo_within_subject_dayshift,confidence_blend_alpha_0.75,active_macro_f1,split_id|subject_id|session|day,86,0.7085907515707824,0.6846330003387744,0.7302115523861805
grabmyo,grabmyo_within_subject_dayshift,selective_prediction,active_macro_f1,split_id|subject_id|session|day,86,0.6742550601630538,0.6495950177158022,0.6970900304382676
grabmyo,grabmyo_within_subject_dayshift,set_acsa_tau_0.02,active_macro_f1,split_id|subject_id|session|day,86,0.6323195793667007,0.6082581793707321,0.6549575085577763
grabmyo,grabmyo_within_subject_dayshift,set_acsa_tau_0.05,active_macro_f1,split_id|subject_id|session|day,86,0.6419344057134642,0.6185457072241733,0.6647672982130404
grabmyo,grabmyo_within_subject_dayshift,set_acsa_tau_0.10,active_macro_f1,split_id|subject_id|session|day,86,0.6568490738251331,0.6329424583941282,0.6801871081829747
grabmyo,grabmyo_within_subject_dayshift,set_acsa_tau_0.15,active_macro_f1,split_id|subject_id|session|day,86,0.6698316919842399,0.6464765925962763,0.6929886628604423
grabmyo,grabmyo_within_subject_dayshift,set_acsa_tau_0.20,active_macro_f1,split_id|subject_id|session|day,86,0.6803707728918772,0.6573261256598711,0.7032894350782334
grabmyo,grabmyo_within_subject_dayshift,user_only,active_macro_f1,split_id|subject_id|session|day,86,0.6265586179602967,0.6029625595920002,0.6491656683352112
grabmyo,grabmyo_within_subject_dayshift,agency_margin_tau_0.02,active_risk_coverage_auc,split_id|subject_id|session|day,86,0.1453551230636131,0.12849792113431555,0.16296544855761574
grabmyo,grabmyo_within_subject_dayshift,agency_margin_tau_0.05,active_risk_coverage_auc,split_id|subject_id|session|day,86,0.14202805044856257,0.12531218386744297,0.15983920706718124
grabmyo,grabmyo_within_subject_dayshift,agency_margin_tau_0.10,active_risk_coverage_auc,split_id|subject_id|session|day,86,0.13735244503330463,0.12042429348810181,0.1548958744406683
grabmyo,grabmyo_within_subject_dayshift,agency_margin_tau_0.15,active_risk_coverage_auc,split_id|subject_id|session|day,86,0.13350153608263,0.11672428281416211,0.15091583649825047
grabmyo,grabmyo_within_subject_dayshift,agency_margin_tau_0.20,active_risk_coverage_auc,split_id|subject_id|session|day,86,0.130946615117765,0.11406963467848637,0.14841529368641934
grabmyo,grabmyo_within_subject_dayshift,assist_only,active_risk_coverage_auc,split_id|subject_id|session|day,86,0.12172534018865158,0.10721028337534277,0.13760884095439893
grabmyo,grabmyo_within_subject_dayshift,confidence_blend_alpha_0.25,active_risk_coverage_auc,split_id|subject_id|session|day,86,0.14133199870365434,0.12459911493078128,0.15935621102486494
grabmyo,grabmyo_within_subject_dayshift,confidence_blend_alpha_0.50,active_risk_coverage_auc,split_id|subject_id|session|day,86,0.11172284518070814,0.09701146512735911,0.1276174387958121
grabmyo,grabmyo_within_subject_dayshift,confidence_blend_alpha_0.75,active_risk_coverage_auc,split_id|subject_id|session|day,86,0.11010092196911121,0.09627241532746918,0.12582732705732758
grabmyo,grabmyo_within_subject_dayshift,selective_prediction,active_risk_coverage_auc,split_id|subject_id|session|day,86,0.1426293337797851,0.124849288848712,0.1610665722628471
grabmyo,grabmyo_within_subject_dayshift,set_acsa_tau_0.02,active_risk_coverage_auc,split_id|subject_id|session|day,86,0.14554362881991534,0.12866431327569536,0.16313937332273504
grabmyo,grabmyo_within_subject_dayshift,set_acsa_tau_0.05,active_risk_coverage_auc,split_id|subject_id|session|day,86,0.1421918113534346,0.12550026530006428,0.15998584246929784
grabmyo,grabmyo_within_subject_dayshift,set_acsa_tau_0.10,active_risk_coverage_auc,split_id|subject_id|session|day,86,0.1374734423637288,0.12056121253124459,0.15503936227727366
grabmyo,grabmyo_within_subject_dayshift,set_acsa_tau_0.15,active_risk_coverage_auc,split_id|subject_id|session|day,86,0.13358475951967164,0.11677765441336425,0.151009725641791
grabmyo,grabmyo_within_subject_dayshift,set_acsa_tau_0.20,active_risk_coverage_auc,split_id|subject_id|session|day,86,0.13100011631481606,0.11410303922127914,0.14846833186624073
grabmyo,grabmyo_within_subject_dayshift,user_only,active_risk_coverage_auc,split_id|subject_id|session|day,86,0.19095879196885818,0.1701286091622061,0.21248315680692845
grabmyo,grabmyo_within_subject_dayshift,agency_margin_tau_0.02,balanced_accuracy,split_id|subject_id|session|day,86,0.6445573578268515,0.6216259527066641,0.6669938440492476
grabmyo,grabmyo_within_subject_dayshift,agency_margin_tau_0.05,balanced_accuracy,split_id|subject_id|session|day,86,0.6539573969122532,0.6309732264999023,0.6760220832519054
grabmyo,grabmyo_within_subject_dayshift,agency_margin_tau_0.10,balanced_accuracy,split_id|subject_id|session|day,86,0.6681453976939612,0.6449252491694352,0.6905564784053155
grabmyo,grabmyo_within_subject_dayshift,agency_margin_tau_0.15,balanced_accuracy,split_id|subject_id|session|day,86,0.6804768418995504,0.657904533906586,0.7025591166699237
grabmyo,grabmyo_within_subject_dayshift,agency_margin_tau_0.20,balanced_accuracy,split_id|subject_id|session|day,86,0.6898377955833496,0.6672659761579048,0.7121365057650966
grabmyo,grabmyo_within_subject_dayshift,assist_only,balanced_accuracy,split_id|subject_id|session|day,86,0.7008012507328512,0.6779905217901113,0.7218546023060387
grabmyo,grabmyo_within_subject_dayshift,confidence_blend_alpha_0.25,balanced_accuracy,split_id|subject_id|session|day,86,0.6926714871995309,0.6687863982802422,0.7147938245065467
grabmyo,grabmyo_within_subject_dayshift,confidence_blend_alpha_0.50,balanced_accuracy,split_id|subject_id|session|day,86,0.7207738909517294,0.6969508501074848,0.7435645886261479
grabmyo,grabmyo_within_subject_dayshift,confidence_blend_alpha_0.75,balanced_accuracy,split_id|subject_id|session|day,86,0.7169435215946843,0.6935074262263043,0.7392549345319521
grabmyo,grabmyo_within_subject_dayshift,selective_prediction,balanced_accuracy,split_id|subject_id|session|day,86,0.684189955051788,0.6598509869063905,0.705967037977982
grabmyo,grabmyo_within_subject_dayshift,set_acsa_tau_0.02,balanced_accuracy,split_id|subject_id|session|day,86,0.6442642173148327,0.6212160445573578,0.6665282392026577
grabmyo,grabmyo_within_subject_dayshift,set_acsa_tau_0.05,balanced_accuracy,split_id|subject_id|session|day,86,0.6533711158882157,0.6302882548368184,0.6752784834864177
grabmyo,grabmyo_within_subject_dayshift,set_acsa_tau_0.10,balanced_accuracy,split_id|subject_id|session|day,86,0.667109634551495,0.6437541528239202,0.6895573578268516
grabmyo,grabmyo_within_subject_dayshift,set_acsa_tau_0.15,balanced_accuracy,split_id|subject_id|session|day,86,0.6795778776626928,0.6569655071330857,0.7018506937658784
grabmyo,grabmyo_within_subject_dayshift,set_acsa_tau_0.20,balanced_accuracy,split_id|subject_id|session|day,86,0.6893687707641196,0.6667568888020323,0.7118238225522766
grabmyo,grabmyo_within_subject_dayshift,user_only,balanced_accuracy,split_id|subject_id|session|day,86,0.6386554621848739,0.6153209888606607,0.6607621653312488
grabmyo,grabmyo_within_subject_dayshift,agency_margin_tau_0.02,ece,split_id|subject_id|session|day,86,0.15062489922472924,0.1371390558135186,0.16424393884041846
grabmyo,grabmyo_within_subject_dayshift,agency_margin_tau_0.05,ece,split_id|subject_id|session|day,86,0.14522520997668603,0.13174120322196392,0.1588414823581931
grabmyo,grabmyo_within_subject_dayshift,agency_margin_tau_0.10,ece,split_id|subject_id|session|day,86,0.13681447080579542,0.12282476256370453,0.1503862957388904
grabmyo,grabmyo_within_subject_dayshift,agency_margin_tau_0.15,ece,split_id|subject_id|session|day,86,0.12601543421985434,0.11237569975043385,0.1389973321901958
grabmyo,grabmyo_within_subject_dayshift,agency_margin_tau_0.20,ece,split_id|subject_id|session|day,86,0.11752455591979048,0.1040591767024679,0.13030436886357397
grabmyo,grabmyo_within_subject_dayshift,assist_only,ece,split_id|subject_id|session|day,86,0.0941151830386239,0.08753750143395445,0.10142208187685224
grabmyo,grabmyo_within_subject_dayshift,confidence_blend_alpha_0.25,ece,split_id|subject_id|session|day,86,0.1464800924020295,0.1347217246847722,0.15868871245815383
grabmyo,grabmyo_within_subject_dayshift,confidence_blend_alpha_0.50,ece,split_id|subject_id|session|day,86,0.14948171485685505,0.13758329773226532,0.16204514720117952
grabmyo,grabmyo_within_subject_dayshift,confidence_blend_alpha_0.75,ece,split_id|subject_id|session|day,86,0.1263689682965686,0.11637462737107984,0.1370105577994611
grabmyo,grabmyo_within_subject_dayshift,selective_prediction,ece,split_id|subject_id|session|day,86,0.09687050640155413,0.08808641840628574,0.10567429285243182
grabmyo,grabmyo_within_subject_dayshift,set_acsa_tau_0.02,ece,split_id|subject_id|session|day,86,0.10493685014928171,0.09542443606112794,0.11518512068982355
grabmyo,grabmyo_within_subject_dayshift,set_acsa_tau_0.05,ece,split_id|subject_id|session|day,86,0.1037083654320233,0.09404587559873206,0.1137891295605805
grabmyo,grabmyo_within_subject_dayshift,set_acsa_tau_0.10,ece,split_id|subject_id|session|day,86,0.10255724760429474,0.09284221165427098,0.11262998676626151
grabmyo,grabmyo_within_subject_dayshift,set_acsa_tau_0.15,ece,split_id|subject_id|session|day,86,0.09999095538178003,0.09023387745172015,0.11012481630505933
grabmyo,grabmyo_within_subject_dayshift,set_acsa_tau_0.20,ece,split_id|subject_id|session|day,86,0.09836353503505044,0.08867849282258962,0.10862539843433869
grabmyo,grabmyo_within_subject_dayshift,user_only,ece,split_id|subject_id|session|day,86,0.12121145810305525,0.1102862313659992,0.1316351642988681
grabmyo,grabmyo_within_subject_dayshift,agency_margin_tau_0.02,macro_f1,split_id|subject_id|session|day,86,0.6327341191302156,0.6087777232718053,0.6553823175220045
grabmyo,grabmyo_within_subject_dayshift,agency_margin_tau_0.05,macro_f1,split_id|subject_id|session|day,86,0.6426577756637374,0.6190256376452135,0.6653476662093072
grabmyo,grabmyo_within_subject_dayshift,agency_margin_tau_0.10,macro_f1,split_id|subject_id|session|day,86,0.6581049110089467,0.6342304520157355,0.6812753042019672
grabmyo,grabmyo_within_subject_dayshift,agency_margin_tau_0.15,macro_f1,split_id|subject_id|session|day,86,0.6709926214876184,0.6478039471503351,0.6940571388986457
grabmyo,grabmyo_within_subject_dayshift,agency_margin_tau_0.20,macro_f1,split_id|subject_id|session|day,86,0.680971793519442,0.6580467695902643,0.7038519710963853
grabmyo,grabmyo_within_subject_dayshift,assist_only,macro_f1,split_id|subject_id|session|day,86,0.6928595806611465,0.6700750690075749,0.7141566111976101
grabmyo,grabmyo_within_subject_dayshift,confidence_blend_alpha_0.25,macro_f1,split_id|subject_id|session|day,86,0.68338059915443,0.6588776349137377,0.7065151227228076
grabmyo,grabmyo_within_subject_dayshift,confidence_blend_alpha_0.50,macro_f1,split_id|subject_id|session|day,86,0.7126982482407461,0.6886787897425486,0.7353508904309793
grabmyo,grabmyo_within_subject_dayshift,confidence_blend_alpha_0.75,macro_f1,split_id|subject_id|session|day,86,0.7085907515707824,0.6846330003387744,0.7302115523861805
grabmyo,grabmyo_within_subject_dayshift,selective_prediction,macro_f1,split_id|subject_id|session|day,86,0.6742550601630538,0.6495950177158022,0.6970900304382676
grabmyo,grabmyo_within_subject_dayshift,set_acsa_tau_0.02,macro_f1,split_id|subject_id|session|day,86,0.6323195793667007,0.6082581793707321,0.6549575085577763
grabmyo,grabmyo_within_subject_dayshift,set_acsa_tau_0.05,macro_f1,split_id|subject_id|session|day,86,0.6419344057134642,0.6185457072241733,0.6647672982130404
grabmyo,grabmyo_within_subject_dayshift,set_acsa_tau_0.10,macro_f1,split_id|subject_id|session|day,86,0.6568490738251331,0.6329424583941282,0.6801871081829747
grabmyo,grabmyo_within_subject_dayshift,set_acsa_tau_0.15,macro_f1,split_id|subject_id|session|day,86,0.6698316919842399,0.6464765925962763,0.6929886628604423
grabmyo,grabmyo_within_subject_dayshift,set_acsa_tau_0.20,macro_f1,split_id|subject_id|session|day,86,0.6803707728918772,0.6573261256598711,0.7032894350782334
grabmyo,grabmyo_within_subject_dayshift,user_only,macro_f1,split_id|subject_id|session|day,86,0.6265586179602967,0.6029625595920002,0.6491656683352112
grabmyo,grabmyo_within_subject_dayshift,agency_margin_tau_0.02,mean_ali,split_id|subject_id|session|day,86,0.0001450264654759392,0.00013169568361572954,0.0001587735808681441
grabmyo,grabmyo_within_subject_dayshift,agency_margin_tau_0.05,mean_ali,split_id|subject_id|session|day,86,0.0009429284278588489,0.0008717295688734313,0.0010133619822094964
grabmyo,grabmyo_within_subject_dayshift,agency_margin_tau_0.10,mean_ali,split_id|subject_id|session|day,86,0.0036202525918418546,0.0033777414231444614,0.003873986724120291
grabmyo,grabmyo_within_subject_dayshift,agency_margin_tau_0.15,mean_ali,split_id|subject_id|session|day,86,0.007709115876271869,0.007203366433515865,0.008267391789628514
grabmyo,grabmyo_within_subject_dayshift,agency_margin_tau_0.20,mean_ali,split_id|subject_id|session|day,86,0.012844016663552796,0.012071133016983242,0.013726420477522702
grabmyo,grabmyo_within_subject_dayshift,assist_only,mean_ali,split_id|subject_id|session|day,86,0.08205860032423902,0.07730169618899452,0.086885893542983
grabmyo,grabmyo_within_subject_dayshift,confidence_blend_alpha_0.25,mean_ali,split_id|subject_id|session|day,86,0.009308647216237769,0.008666005383216893,0.0099824723635629
grabmyo,grabmyo_within_subject_dayshift,confidence_blend_alpha_0.50,mean_ali,split_id|subject_id|session|day,86,0.03411439547555285,0.03181101688320705,0.03666951509428993
grabmyo,grabmyo_within_subject_dayshift,confidence_blend_alpha_0.75,mean_ali,split_id|subject_id|session|day,86,0.05658107246412191,0.05323591128543448,0.06019212580704261
grabmyo,grabmyo_within_subject_dayshift,selective_prediction,mean_ali,split_id|subject_id|session|day,86,0.01288008030390059,0.011604278987627179,0.01427286400642756
grabmyo,grabmyo_within_subject_dayshift,set_acsa_tau_0.02,mean_ali,split_id|subject_id|session|day,86,0.00012682144775146928,0.00011493123363606125,0.00013936525484070872
grabmyo,grabmyo_within_subject_dayshift,set_acsa_tau_0.05,mean_ali,split_id|subject_id|session|day,86,0.0008593702678397922,0.000796297767117244,0.0009231621710867458
grabmyo,grabmyo_within_subject_dayshift,set_acsa_tau_0.10,mean_ali,split_id|subject_id|session|day,86,0.0034270468037824347,0.0031945643853468586,0.0036700286907322657
grabmyo,grabmyo_within_subject_dayshift,set_acsa_tau_0.15,mean_ali,split_id|subject_id|session|day,86,0.007476231344606597,0.00698101880696889,0.008016191397776633
grabmyo,grabmyo_within_subject_dayshift,set_acsa_tau_0.20,mean_ali,split_id|subject_id|session|day,86,0.012672599837844618,0.011903996285047415,0.013537431747608556
grabmyo,grabmyo_within_subject_dayshift,user_only,mean_ali,split_id|subject_id|session|day,86,0.0,0.0,0.0
grabmyo,grabmyo_within_subject_dayshift,agency_margin_tau_0.02,risk_coverage_auc,split_id|subject_id|session|day,86,0.1453551230636131,0.12849792113431555,0.16296544855761574
grabmyo,grabmyo_within_subject_dayshift,agency_margin_tau_0.05,risk_coverage_auc,split_id|subject_id|session|day,86,0.14202805044856257,0.12531218386744297,0.15983920706718124
grabmyo,grabmyo_within_subject_dayshift,agency_margin_tau_0.10,risk_coverage_auc,split_id|subject_id|session|day,86,0.13735244503330463,0.12042429348810181,0.1548958744406683
grabmyo,grabmyo_within_subject_dayshift,agency_margin_tau_0.15,risk_coverage_auc,split_id|subject_id|session|day,86,0.13350153608263,0.11672428281416211,0.15091583649825047
grabmyo,grabmyo_within_subject_dayshift,agency_margin_tau_0.20,risk_coverage_auc,split_id|subject_id|session|day,86,0.130946615117765,0.11406963467848637,0.14841529368641934
grabmyo,grabmyo_within_subject_dayshift,assist_only,risk_coverage_auc,split_id|subject_id|session|day,86,0.12172534018865158,0.10721028337534277,0.13760884095439893
grabmyo,grabmyo_within_subject_dayshift,confidence_blend_alpha_0.25,risk_coverage_auc,split_id|subject_id|session|day,86,0.14133199870365434,0.12459911493078128,0.15935621102486494
grabmyo,grabmyo_within_subject_dayshift,confidence_blend_alpha_0.50,risk_coverage_auc,split_id|subject_id|session|day,86,0.11172284518070814,0.09701146512735911,0.1276174387958121
grabmyo,grabmyo_within_subject_dayshift,confidence_blend_alpha_0.75,risk_coverage_auc,split_id|subject_id|session|day,86,0.11010092196911121,0.09627241532746918,0.12582732705732758
grabmyo,grabmyo_within_subject_dayshift,selective_prediction,risk_coverage_auc,split_id|subject_id|session|day,86,0.1426293337797851,0.124849288848712,0.1610665722628471
grabmyo,grabmyo_within_subject_dayshift,set_acsa_tau_0.02,risk_coverage_auc,split_id|subject_id|session|day,86,0.14554362881991534,0.12866431327569536,0.16313937332273504
grabmyo,grabmyo_within_subject_dayshift,set_acsa_tau_0.05,risk_coverage_auc,split_id|subject_id|session|day,86,0.1421918113534346,0.12550026530006428,0.15998584246929784
grabmyo,grabmyo_within_subject_dayshift,set_acsa_tau_0.10,risk_coverage_auc,split_id|subject_id|session|day,86,0.1374734423637288,0.12056121253124459,0.15503936227727366
grabmyo,grabmyo_within_subject_dayshift,set_acsa_tau_0.15,risk_coverage_auc,split_id|subject_id|session|day,86,0.13358475951967164,0.11677765441336425,0.151009725641791
grabmyo,grabmyo_within_subject_dayshift,set_acsa_tau_0.20,risk_coverage_auc,split_id|subject_id|session|day,86,0.13100011631481606,0.11410303922127914,0.14846833186624073
grabmyo,grabmyo_within_subject_dayshift,user_only,risk_coverage_auc,split_id|subject_id|session|day,86,0.19095879196885818,0.1701286091622061,0.21248315680692845
hyser,hyser_subject_logo,agency_margin_tau_0.02,active_macro_f1,split_id|subject_id|session|day,40,0.32714593240626355,0.296969921792974,0.35816779323222514
hyser,hyser_subject_logo,agency_margin_tau_0.05,active_macro_f1,split_id|subject_id|session|day,40,0.3302474729988192,0.3000361884057542,0.36136150990381083
hyser,hyser_subject_logo,agency_margin_tau_0.10,active_macro_f1,split_id|subject_id|session|day,40,0.3345784975504316,0.3046126758007053,0.3651373233142765
hyser,hyser_subject_logo,agency_margin_tau_0.15,active_macro_f1,split_id|subject_id|session|day,40,0.3389063710339647,0.3084138891366317,0.36916554331660717
hyser,hyser_subject_logo,agency_margin_tau_0.20,active_macro_f1,split_id|subject_id|session|day,40,0.34226012628017005,0.3121771444942694,0.3724314287163923
hyser,hyser_subject_logo,assist_only,active_macro_f1,split_id|subject_id|session|day,40,0.28788565970576085,0.26282328824699386,0.3125690664836387
hyser,hyser_subject_logo,confidence_blend_alpha_0.25,active_macro_f1,split_id|subject_id|session|day,40,0.3405064241729857,0.3095670756993641,0.3711893171553355
hyser,hyser_subject_logo,confidence_blend_alpha_0.50,active_macro_f1,split_id|subject_id|session|day,40,0.3579132005163251,0.3275651563815895,0.3888110689508895
hyser,hyser_subject_logo,confidence_blend_alpha_0.75,active_macro_f1,split_id|subject_id|session|day,40,0.3466379121263309,0.3175843007005278,0.3753917266061197
hyser,hyser_subject_logo,selective_prediction,active_macro_f1,split_id|subject_id|session|day,40,0.3285077614937895,0.2984293219172715,0.3586438617421961
hyser,hyser_subject_logo,set_acsa_tau_0.02,active_macro_f1,split_id|subject_id|session|day,40,0.32678591726375705,0.2967673369720832,0.3578888546126775
hyser,hyser_subject_logo,set_acsa_tau_0.05,active_macro_f1,split_id|subject_id|session|day,40,0.3295863051650411,0.29954317831541377,0.3608056898509633
hyser,hyser_subject_logo,set_acsa_tau_0.10,active_macro_f1,split_id|subject_id|session|day,40,0.3337534885434635,0.30380579766690613,0.3643026189553836
hyser,hyser_subject_logo,set_acsa_tau_0.15,active_macro_f1,split_id|subject_id|session|day,40,0.33869165379480715,0.30813306281483954,0.3688488157247359
hyser,hyser_subject_logo,set_acsa_tau_0.20,active_macro_f1,split_id|subject_id|session|day,40,0.34207003845690986,0.31199675665176213,0.372124737847684
hyser,hyser_subject_logo,user_only,active_macro_f1,split_id|subject_id|session|day,40,0.3250553611607254,0.29470201350339276,0.3562328273807886
hyser,hyser_subject_logo,agency_margin_tau_0.02,active_risk_coverage_auc,split_id|subject_id|session|day,40,0.45813486386515356,0.4172467606049649,0.5019796752178405
hyser,hyser_subject_logo,agency_margin_tau_0.05,active_risk_coverage_auc,split_id|subject_id|session|day,40,0.45642811870923694,0.41586569212144187,0.500010314986066
hyser,hyser_subject_logo,agency_margin_tau_0.10,active_risk_coverage_auc,split_id|subject_id|session|day,40,0.4538516581879416,0.4134005930839109,0.4973323312278075
hyser,hyser_subject_logo,agency_margin_tau_0.15,active_risk_coverage_auc,split_id|subject_id|session|day,40,0.45154094938648887,0.4104916160631523,0.49526452454065734
hyser,hyser_subject_logo,agency_margin_tau_0.20,active_risk_coverage_auc,split_id|subject_id|session|day,40,0.4502130974978077,0.4098316172225651,0.4943405243378567
hyser,hyser_subject_logo,assist_only,active_risk_coverage_auc,split_id|subject_id|session|day,40,0.5144010069993008,0.4832857426592347,0.5482290681627948
hyser,hyser_subject_logo,confidence_blend_alpha_0.25,active_risk_coverage_auc,split_id|subject_id|session|day,40,0.44442203616719517,0.40425141759059496,0.4882086795483303
hyser,hyser_subject_logo,confidence_blend_alpha_0.50,active_risk_coverage_auc,split_id|subject_id|session|day,40,0.425108181772346,0.3871464882423681,0.4656119148864183
hyser,hyser_subject_logo,confidence_blend_alpha_0.75,active_risk_coverage_auc,split_id|subject_id|session|day,40,0.4454165462373517,0.4125016577266267,0.4838259031246144
hyser,hyser_subject_logo,selective_prediction,active_risk_coverage_auc,split_id|subject_id|session|day,40,0.4598581544183272,0.4188937247898749,0.503309087495739
hyser,hyser_subject_logo,set_acsa_tau_0.02,active_risk_coverage_auc,split_id|subject_id|session|day,40,0.4582625751783772,0.417364463763713,0.5020666850716488
hyser,hyser_subject_logo,set_acsa_tau_0.05,active_risk_coverage_auc,split_id|subject_id|session|day,40,0.45658995197425717,0.4159931230941062,0.5001411985346363
hyser,hyser_subject_logo,set_acsa_tau_0.10,active_risk_coverage_auc,split_id|subject_id|session|day,40,0.4539826520190742,0.41354488041961246,0.4975030601356232
hyser,hyser_subject_logo,set_acsa_tau_0.15,active_risk_coverage_auc,split_id|subject_id|session|day,40,0.4515789824916454,0.4105331286022574,0.4953545079278765
hyser,hyser_subject_logo,set_acsa_tau_0.20,active_risk_coverage_auc,split_id|subject_id|session|day,40,0.4502397731047475,0.4098192210300964,0.4944213501531708
hyser,hyser_subject_logo,user_only,active_risk_coverage_auc,split_id|subject_id|session|day,40,0.46725360563182416,0.4248560575720488,0.5116798577975112
hyser,hyser_subject_logo,agency_margin_tau_0.02,balanced_accuracy,split_id|subject_id|session|day,40,0.3530220588235294,0.32289375,0.38381243872549015
hyser,hyser_subject_logo,agency_margin_tau_0.05,balanced_accuracy,split_id|subject_id|session|day,40,0.3562549019607843,0.32638394607843135,0.3867512867647059
hyser,hyser_subject_logo,agency_margin_tau_0.10,balanced_accuracy,split_id|subject_id|session|day,40,0.360828431372549,0.3316228553921569,0.3903868872549019
hyser,hyser_subject_logo,agency_margin_tau_0.15,balanced_accuracy,split_id|subject_id|session|day,40,0.3648112745098039,0.33580992647058827,0.39389914215686267
hyser,hyser_subject_logo,agency_margin_tau_0.20,balanced_accuracy,split_id|subject_id|session|day,40,0.36765931372549016,0.33905398284313726,0.397106556372549
hyser,hyser_subject_logo,assist_only,balanced_accuracy,split_id|subject_id|session|day,40,0.3183921568627451,0.29461703431372543,0.3420666666666667
hyser,hyser_subject_logo,confidence_blend_alpha_0.25,balanced_accuracy,split_id|subject_id|session|day,40,0.3666053921568627,0.3371990808823529,0.3963691789215686
hyser,hyser_subject_logo,confidence_blend_alpha_0.50,balanced_accuracy,split_id|subject_id|session|day,40,0.3847230392156863,0.3554026348039216,0.4132832107843137
hyser,hyser_subject_logo,confidence_blend_alpha_0.75,balanced_accuracy,split_id|subject_id|session|day,40,0.37526715686274503,0.3479882352941176,0.4019575980392157
hyser,hyser_subject_logo,selective_prediction,balanced_accuracy,split_id|subject_id|session|day,40,0.3543374183006536,0.3246722426470588,0.3845023284313725
hyser,hyser_subject_logo,set_acsa_tau_0.02,balanced_accuracy,split_id|subject_id|session|day,40,0.35272794117647055,0.3225261029411764,0.383477818627451
hyser,hyser_subject_logo,set_acsa_tau_0.05,balanced_accuracy,split_id|subject_id|session|day,40,0.35559313725490194,0.32568713235294117,0.38613854166666667
hyser,hyser_subject_logo,set_acsa_tau_0.10,balanced_accuracy,split_id|subject_id|session|day,40,0.3599705882352941,0.33064491421568626,0.38927573529411763
hyser,hyser_subject_logo,set_acsa_tau_0.15,balanced_accuracy,split_id|subject_id|session|day,40,0.36448774509803916,0.33539595588235294,0.3936880514705882
hyser,hyser_subject_logo,set_acsa_tau_0.20,balanced_accuracy,split_id|subject_id|session|day,40,0.3674828431372548,0.3388358455882353,0.39700410539215686
hyser,hyser_subject_logo,user_only,balanced_accuracy,split_id|subject_id|session|day,40,0.35099754901960784,0.3206379901960784,0.38190551470588224
hyser,hyser_subject_logo,agency_margin_tau_0.02,ece,split_id|subject_id|session|day,40,0.1494644941540903,0.13273730369049516,0.16905154868765937
hyser,hyser_subject_logo,agency_margin_tau_0.05,ece,split_id|subject_id|session|day,40,0.1479368001619534,0.1311000438059844,0.16807084604176345
hyser,hyser_subject_logo,agency_margin_tau_0.10,ece,split_id|subject_id|session|day,40,0.14302256268821043,0.12526324552608775,0.16314400688858824
hyser,hyser_subject_logo,agency_margin_tau_0.15,ece,split_id|subject_id|session|day,40,0.13662170861536094,0.11830914791653481,0.15689930427955157
hyser,hyser_subject_logo,agency_margin_tau_0.20,ece,split_id|subject_id|session|day,40,0.129018398051099,0.11150714840094123,0.14877107609068152
hyser,hyser_subject_logo,assist_only,ece,split_id|subject_id|session|day,40,0.07084228683625016,0.06320761491005424,0.07951486063539023
hyser,hyser_subject_logo,confidence_blend_alpha_0.25,ece,split_id|subject_id|session|day,40,0.08817309892336431,0.07521455783476244,0.10179990112718855
hyser,hyser_subject_logo,confidence_blend_alpha_0.50,ece,split_id|subject_id|session|day,40,0.10037709803163715,0.08691905019667866,0.11558946491255342
hyser,hyser_subject_logo,confidence_blend_alpha_0.75,ece,split_id|subject_id|session|day,40,0.1069420472022998,0.09165008551256011,0.12323589827090912
hyser,hyser_subject_logo,selective_prediction,ece,split_id|subject_id|session|day,40,0.10758419352358602,0.0900342369882909,0.12747151970581197
hyser,hyser_subject_logo,set_acsa_tau_0.02,ece,split_id|subject_id|session|day,40,0.1128821989017216,0.0956826970248422,0.132588486282425
hyser,hyser_subject_logo,set_acsa_tau_0.05,ece,split_id|subject_id|session|day,40,0.11193238951978582,0.09470910079260118,0.1311758543854947
hyser,hyser_subject_logo,set_acsa_tau_0.10,ece,split_id|subject_id|session|day,40,0.11063014929747665,0.0937192758520532,0.12966872389858006
hyser,hyser_subject_logo,set_acsa_tau_0.15,ece,split_id|subject_id|session|day,40,0.10997038253992324,0.09330012784999592,0.12881255372866585
hyser,hyser_subject_logo,set_acsa_tau_0.20,ece,split_id|subject_id|session|day,40,0.1096279954428834,0.09297013823035588,0.1280975205579548
hyser,hyser_subject_logo,user_only,ece,split_id|subject_id|session|day,40,0.10714334429714409,0.08876893334080467,0.12757277754302163
hyser,hyser_subject_logo,agency_margin_tau_0.02,macro_f1,split_id|subject_id|session|day,40,0.32714593240626355,0.296969921792974,0.35816779323222514
hyser,hyser_subject_logo,agency_margin_tau_0.05,macro_f1,split_id|subject_id|session|day,40,0.3302474729988192,0.3000361884057542,0.36136150990381083
hyser,hyser_subject_logo,agency_margin_tau_0.10,macro_f1,split_id|subject_id|session|day,40,0.3345784975504316,0.3046126758007053,0.3651373233142765
hyser,hyser_subject_logo,agency_margin_tau_0.15,macro_f1,split_id|subject_id|session|day,40,0.3389063710339647,0.3084138891366317,0.36916554331660717
hyser,hyser_subject_logo,agency_margin_tau_0.20,macro_f1,split_id|subject_id|session|day,40,0.34226012628017005,0.3121771444942694,0.3724314287163923
hyser,hyser_subject_logo,assist_only,macro_f1,split_id|subject_id|session|day,40,0.28788565970576085,0.26282328824699386,0.3125690664836387
hyser,hyser_subject_logo,confidence_blend_alpha_0.25,macro_f1,split_id|subject_id|session|day,40,0.3405064241729857,0.3095670756993641,0.3711893171553355
hyser,hyser_subject_logo,confidence_blend_alpha_0.50,macro_f1,split_id|subject_id|session|day,40,0.3579132005163251,0.3275651563815895,0.3888110689508895
hyser,hyser_subject_logo,confidence_blend_alpha_0.75,macro_f1,split_id|subject_id|session|day,40,0.3466379121263309,0.3175843007005278,0.3753917266061197
hyser,hyser_subject_logo,selective_prediction,macro_f1,split_id|subject_id|session|day,40,0.3285077614937895,0.2984293219172715,0.3586438617421961
hyser,hyser_subject_logo,set_acsa_tau_0.02,macro_f1,split_id|subject_id|session|day,40,0.32678591726375705,0.2967673369720832,0.3578888546126775
hyser,hyser_subject_logo,set_acsa_tau_0.05,macro_f1,split_id|subject_id|session|day,40,0.3295863051650411,0.29954317831541377,0.3608056898509633
hyser,hyser_subject_logo,set_acsa_tau_0.10,macro_f1,split_id|subject_id|session|day,40,0.3337534885434635,0.30380579766690613,0.3643026189553836
hyser,hyser_subject_logo,set_acsa_tau_0.15,macro_f1,split_id|subject_id|session|day,40,0.33869165379480715,0.30813306281483954,0.3688488157247359
hyser,hyser_subject_logo,set_acsa_tau_0.20,macro_f1,split_id|subject_id|session|day,40,0.34207003845690986,0.31199675665176213,0.372124737847684
hyser,hyser_subject_logo,user_only,macro_f1,split_id|subject_id|session|day,40,0.3250553611607254,0.29470201350339276,0.3562328273807886
hyser,hyser_subject_logo,agency_margin_tau_0.02,mean_ali,split_id|subject_id|session|day,40,0.0001224735606286993,0.00010509151978596264,0.00013981214445374048
hyser,hyser_subject_logo,agency_margin_tau_0.05,mean_ali,split_id|subject_id|session|day,40,0.0007791123809367849,0.0006814815621393891,0.0008737182147504085
hyser,hyser_subject_logo,agency_margin_tau_0.10,mean_ali,split_id|subject_id|session|day,40,0.00337920075630267,0.003027699144003377,0.003705532294772293
hyser,hyser_subject_logo,agency_margin_tau_0.15,mean_ali,split_id|subject_id|session|day,40,0.00775314937864055,0.007025684293991111,0.008432455934838667
hyser,hyser_subject_logo,agency_margin_tau_0.20,mean_ali,split_id|subject_id|session|day,40,0.012382446482792422,0.011327835423983666,0.013352504818808262
hyser,hyser_subject_logo,assist_only,mean_ali,split_id|subject_id|session|day,40,0.19744207467319846,0.18411036463552233,0.21174483624613288
hyser,hyser_subject_logo,confidence_blend_alpha_0.25,mean_ali,split_id|subject_id|session|day,40,0.0034168713561350803,0.0029947148261942748,0.003859862767388799
hyser,hyser_subject_logo,confidence_blend_alpha_0.50,mean_ali,split_id|subject_id|session|day,40,0.027299494496792854,0.025087752250642928,0.02944589014428583
hyser,hyser_subject_logo,confidence_blend_alpha_0.75,mean_ali,split_id|subject_id|session|day,40,0.1007701929387788,0.09347020121387142,0.10838041333798319
hyser,hyser_subject_logo,selective_prediction,mean_ali,split_id|subject_id|session|day,40,0.0017551054865050208,0.0012732024905166763,0.0022404016695712447
hyser,hyser_subject_logo,set_acsa_tau_0.02,mean_ali,split_id|subject_id|session|day,40,0.0001008125729024314,8.62696592185259e-05,0.0001155519723826312
hyser,hyser_subject_logo,set_acsa_tau_0.05,mean_ali,split_id|subject_id|session|day,40,0.0006859914442325299,0.0005943020948498138,0.0007778146709964275
hyser,hyser_subject_logo,set_acsa_tau_0.10,mean_ali,split_id|subject_id|session|day,40,0.0031852692046021825,0.002836912298009796,0.0035184648568543616
hyser,hyser_subject_logo,set_acsa_tau_0.15,mean_ali,split_id|subject_id|session|day,40,0.007623312226207407,0.0069069332007645,0.008288114950387096
hyser,hyser_subject_logo,set_acsa_tau_0.20,mean_ali,split_id|subject_id|session|day,40,0.012328540854787517,0.011289840780177716,0.01331876423233536
hyser,hyser_subject_logo,user_only,mean_ali,split_id|subject_id|session|day,40,0.0,0.0,0.0
hyser,hyser_subject_logo,agency_margin_tau_0.02,risk_coverage_auc,split_id|subject_id|session|day,40,0.45813486386515356,0.4172467606049649,0.5019796752178405
hyser,hyser_subject_logo,agency_margin_tau_0.05,risk_coverage_auc,split_id|subject_id|session|day,40,0.45642811870923694,0.41586569212144187,0.500010314986066
hyser,hyser_subject_logo,agency_margin_tau_0.10,risk_coverage_auc,split_id|subject_id|session|day,40,0.4538516581879416,0.4134005930839109,0.4973323312278075
hyser,hyser_subject_logo,agency_margin_tau_0.15,risk_coverage_auc,split_id|subject_id|session|day,40,0.45154094938648887,0.4104916160631523,0.49526452454065734
hyser,hyser_subject_logo,agency_margin_tau_0.20,risk_coverage_auc,split_id|subject_id|session|day,40,0.4502130974978077,0.4098316172225651,0.4943405243378567
hyser,hyser_subject_logo,assist_only,risk_coverage_auc,split_id|subject_id|session|day,40,0.5144010069993008,0.4832857426592347,0.5482290681627948
hyser,hyser_subject_logo,confidence_blend_alpha_0.25,risk_coverage_auc,split_id|subject_id|session|day,40,0.44442203616719517,0.40425141759059496,0.4882086795483303
hyser,hyser_subject_logo,confidence_blend_alpha_0.50,risk_coverage_auc,split_id|subject_id|session|day,40,0.425108181772346,0.3871464882423681,0.4656119148864183
hyser,hyser_subject_logo,confidence_blend_alpha_0.75,risk_coverage_auc,split_id|subject_id|session|day,40,0.4454165462373517,0.4125016577266267,0.4838259031246144
hyser,hyser_subject_logo,selective_prediction,risk_coverage_auc,split_id|subject_id|session|day,40,0.4598581544183272,0.4188937247898749,0.503309087495739
hyser,hyser_subject_logo,set_acsa_tau_0.02,risk_coverage_auc,split_id|subject_id|session|day,40,0.4582625751783772,0.417364463763713,0.5020666850716488
hyser,hyser_subject_logo,set_acsa_tau_0.05,risk_coverage_auc,split_id|subject_id|session|day,40,0.45658995197425717,0.4159931230941062,0.5001411985346363
hyser,hyser_subject_logo,set_acsa_tau_0.10,risk_coverage_auc,split_id|subject_id|session|day,40,0.4539826520190742,0.41354488041961246,0.4975030601356232
hyser,hyser_subject_logo,set_acsa_tau_0.15,risk_coverage_auc,split_id|subject_id|session|day,40,0.4515789824916454,0.4105331286022574,0.4953545079278765
hyser,hyser_subject_logo,set_acsa_tau_0.20,risk_coverage_auc,split_id|subject_id|session|day,40,0.4502397731047475,0.4098192210300964,0.4944213501531708
hyser,hyser_subject_logo,user_only,risk_coverage_auc,split_id|subject_id|session|day,40,0.46725360563182416,0.4248560575720488,0.5116798577975112
hyser,hyser_within_subject_dayshift,agency_margin_tau_0.02,active_macro_f1,split_id|subject_id|session|day,20,0.39208957316791476,0.3465546615357114,0.44014268690943614
hyser,hyser_within_subject_dayshift,agency_margin_tau_0.05,active_macro_f1,split_id|subject_id|session|day,20,0.4011381186381868,0.3541071746197358,0.45009770863131776
hyser,hyser_within_subject_dayshift,agency_margin_tau_0.10,active_macro_f1,split_id|subject_id|session|day,20,0.41663524140366703,0.37003350366071686,0.466442143427044
hyser,hyser_within_subject_dayshift,agency_margin_tau_0.15,active_macro_f1,split_id|subject_id|session|day,20,0.42741735980912,0.3814178500512389,0.4764767947475492
hyser,hyser_within_subject_dayshift,agency_margin_tau_0.20,active_macro_f1,split_id|subject_id|session|day,20,0.4320375950646719,0.3866809232861803,0.48066825423687304
hyser,hyser_within_subject_dayshift,assist_only,active_macro_f1,split_id|subject_id|session|day,20,0.3928631758931421,0.34528471467125055,0.44987091617284053
hyser,hyser_within_subject_dayshift,confidence_blend_alpha_0.25,active_macro_f1,split_id|subject_id|session|day,20,0.41505375880299156,0.36721496212935595,0.4649642926076906
hyser,hyser_within_subject_dayshift,confidence_blend_alpha_0.50,active_macro_f1,split_id|subject_id|session|day,20,0.44608659878662565,0.3971774048734972,0.4986075855516513
hyser,hyser_within_subject_dayshift,confidence_blend_alpha_0.75,active_macro_f1,split_id|subject_id|session|day,20,0.4456919532493747,0.39437508515390035,0.5023030848051084
hyser,hyser_within_subject_dayshift,selective_prediction,active_macro_f1,split_id|subject_id|session|day,20,0.3865543963525102,0.3410499183844105,0.4337515956053492
hyser,hyser_within_subject_dayshift,set_acsa_tau_0.02,active_macro_f1,split_id|subject_id|session|day,20,0.3913048122469754,0.34568216015986863,0.43935833995628837
hyser,hyser_within_subject_dayshift,set_acsa_tau_0.05,active_macro_f1,split_id|subject_id|session|day,20,0.3995097491792297,0.3522301108606886,0.44836139484326365
hyser,hyser_within_subject_dayshift,set_acsa_tau_0.10,active_macro_f1,split_id|subject_id|session|day,20,0.41546474797503263,0.36897106766062254,0.4649827714889617
hyser,hyser_within_subject_dayshift,set_acsa_tau_0.15,active_macro_f1,split_id|subject_id|session|day,20,0.4265787276884616,0.3805755421267013,0.4754370535764558
hyser,hyser_within_subject_dayshift,set_acsa_tau_0.20,active_macro_f1,split_id|subject_id|session|day,20,0.43200495618109047,0.386643547443403,0.4805912557701387
hyser,hyser_within_subject_dayshift,user_only,active_macro_f1,split_id|subject_id|session|day,20,0.385725313552562,0.3403876374038928,0.432886361602483
hyser,hyser_within_subject_dayshift,agency_margin_tau_0.02,active_risk_coverage_auc,split_id|subject_id|session|day,20,0.384970918694226,0.3240394871929443,0.44443647785359175
hyser,hyser_within_subject_dayshift,agency_margin_tau_0.05,active_risk_coverage_auc,split_id|subject_id|session|day,20,0.3804009370282311,0.31846963820175944,0.4399572585132237
hyser,hyser_within_subject_dayshift,agency_margin_tau_0.10,active_risk_coverage_auc,split_id|subject_id|session|day,20,0.3730167660354644,0.3124310012418842,0.4301152895776463
hyser,hyser_within_subject_dayshift,agency_margin_tau_0.15,active_risk_coverage_auc,split_id|subject_id|session|day,20,0.3685440498317636,0.309462588472945,0.4241219965298892
hyser,hyser_within_subject_dayshift,agency_margin_tau_0.20,active_risk_coverage_auc,split_id|subject_id|session|day,20,0.36646251456995615,0.30833037924157264,0.42089867944134696
hyser,hyser_within_subject_dayshift,assist_only,active_risk_coverage_auc,split_id|subject_id|session|day,20,0.4166116504247265,0.3521915241828661,0.4735479918300472
hyser,hyser_within_subject_dayshift,confidence_blend_alpha_0.25,active_risk_coverage_auc,split_id|subject_id|session|day,20,0.3735597815080881,0.31188834294756673,0.43189757290658004
hyser,hyser_within_subject_dayshift,confidence_blend_alpha_0.50,active_risk_coverage_auc,split_id|subject_id|session|day,20,0.347029396695991,0.2841676996868443,0.4014557138574277
hyser,hyser_within_subject_dayshift,confidence_blend_alpha_0.75,active_risk_coverage_auc,split_id|subject_id|session|day,20,0.3571927033449931,0.2935596936304122,0.4116000763274446
hyser,hyser_within_subject_dayshift,selective_prediction,active_risk_coverage_auc,split_id|subject_id|session|day,20,0.39961674643194567,0.34043751401476735,0.4578737001394042
hyser,hyser_within_subject_dayshift,set_acsa_tau_0.02,active_risk_coverage_auc,split_id|subject_id|session|day,20,0.3852762105531959,0.324237063017302,0.44477495371161874
hyser,hyser_within_subject_dayshift,set_acsa_tau_0.05,active_risk_coverage_auc,split_id|subject_id|session|day,20,0.3808341393860539,0.3187471311502222,0.44052733483647255
hyser,hyser_within_subject_dayshift,set_acsa_tau_0.10,active_risk_coverage_auc,split_id|subject_id|session|day,20,0.3734513968324817,0.3128631623963175,0.430611795266207
hyser,hyser_within_subject_dayshift,set_acsa_tau_0.15,active_risk_coverage_auc,split_id|subject_id|session|day,20,0.36886105540412684,0.3096746417226737,0.4245302635181905
hyser,hyser_within_subject_dayshift,set_acsa_tau_0.20,active_risk_coverage_auc,split_id|subject_id|session|day,20,0.366497173229863,0.30835871193303094,0.4209590352587474
hyser,hyser_within_subject_dayshift,user_only,active_risk_coverage_auc,split_id|subject_id|session|day,20,0.40472649019857465,0.3463213135531669,0.4618783006812608
hyser,hyser_within_subject_dayshift,agency_margin_tau_0.02,balanced_accuracy,split_id|subject_id|session|day,20,0.415142156862745,0.3707727941176471,0.46014178921568627
hyser,hyser_within_subject_dayshift,agency_margin_tau_0.05,balanced_accuracy,split_id|subject_id|session|day,20,0.42351470588235285,0.37771053921568626,0.4688481617647059
hyser,hyser_within_subject_dayshift,agency_margin_tau_0.10,balanced_accuracy,split_id|subject_id|session|day,20,0.43686764705882347,0.39379325980392155,0.48416789215686273
hyser,hyser_within_subject_dayshift,agency_margin_tau_0.15,balanced_accuracy,split_id|subject_id|session|day,20,0.4460539215686275,0.40367230392156866,0.4931263480392156
hyser,hyser_within_subject_dayshift,agency_margin_tau_0.20,balanced_accuracy,split_id|subject_id|session|day,20,0.45025980392156856,0.4084281862745098,0.49775392156862736
hyser,hyser_within_subject_dayshift,assist_only,balanced_accuracy,split_id|subject_id|session|day,20,0.4088627450980392,0.363703431372549,0.4617889705882352
hyser,hyser_within_subject_dayshift,confidence_blend_alpha_0.25,balanced_accuracy,split_id|subject_id|session|day,20,0.43674019607843134,0.39204620098039217,0.48325036764705886
hyser,hyser_within_subject_dayshift,confidence_blend_alpha_0.50,balanced_accuracy,split_id|subject_id|session|day,20,0.4650833333333332,0.42131299019607843,0.5140034313725489
hyser,hyser_within_subject_dayshift,confidence_blend_alpha_0.75,balanced_accuracy,split_id|subject_id|session|day,20,0.4625196078431372,0.41620490196078436,0.5155745098039216
hyser,hyser_within_subject_dayshift,selective_prediction,balanced_accuracy,split_id|subject_id|session|day,20,0.41006535947712414,0.36682238562091507,0.4539053104575163
hyser,hyser_within_subject_dayshift,set_acsa_tau_0.02,balanced_accuracy,split_id|subject_id|session|day,20,0.41440686274509797,0.3699850490196079,0.45940306372549017
hyser,hyser_within_subject_dayshift,set_acsa_tau_0.05,balanced_accuracy,split_id|subject_id|session|day,20,0.42204411764705885,0.37632745098039216,0.4676622549019608
hyser,hyser_within_subject_dayshift,set_acsa_tau_0.10,balanced_accuracy,split_id|subject_id|session|day,20,0.4356911764705882,0.39234276960784314,0.4829903186274509
hyser,hyser_within_subject_dayshift,set_acsa_tau_0.15,balanced_accuracy,split_id|subject_id|session|day,20,0.4453186274509803,0.40296654411764704,0.4922944852941176
hyser,hyser_within_subject_dayshift,set_acsa_tau_0.20,balanced_accuracy,split_id|subject_id|session|day,20,0.45025980392156856,0.40834215686274516,0.49784889705882346
hyser,hyser_within_subject_dayshift,user_only,balanced_accuracy,split_id|subject_id|session|day,20,0.4093872549019607,0.3661977941176471,0.45318345588235287
hyser,hyser_within_subject_dayshift,agency_margin_tau_0.02,ece,split_id|subject_id|session|day,20,0.1147601989959592,0.09962763970371474,0.13012598053007604
hyser,hyser_within_subject_dayshift,agency_margin_tau_0.05,ece,split_id|subject_id|session|day,20,0.10414035308442018,0.08940039653272705,0.11944101292427509
hyser,hyser_within_subject_dayshift,agency_margin_tau_0.10,ece,split_id|subject_id|session|day,20,0.09520239171109159,0.08214715845585062,0.10831133793539648
hyser,hyser_within_subject_dayshift,agency_margin_tau_0.15,ece,split_id|subject_id|session|day,20,0.08775897515128546,0.07435481313568164,0.10177274743055297
hyser,hyser_within_subject_dayshift,agency_margin_tau_0.20,ece,split_id|subject_id|session|day,20,0.08843479476769088,0.07427496220977214,0.10271793327303239
hyser,hyser_within_subject_dayshift,assist_only,ece,split_id|subject_id|session|day,20,0.15945604649020334,0.12744150753824443,0.1963797501174685
hyser,hyser_within_subject_dayshift,confidence_blend_alpha_0.25,ece,split_id|subject_id|session|day,20,0.14804682965106167,0.12053313400511871,0.1780423613474565
hyser,hyser_within_subject_dayshift,confidence_blend_alpha_0.50,ece,split_id|subject_id|session|day,20,0.20016136305513096,0.16902682690564028,0.23461602893233796
hyser,hyser_within_subject_dayshift,confidence_blend_alpha_0.75,ece,split_id|subject_id|session|day,20,0.21315193705766644,0.17921811269477184,0.250978771285701
hyser,hyser_within_subject_dayshift,selective_prediction,ece,split_id|subject_id|session|day,20,0.10277307216987741,0.08496969380020944,0.1219662268340118
hyser,hyser_within_subject_dayshift,set_acsa_tau_0.02,ece,split_id|subject_id|session|day,20,0.10279687579507572,0.08523868627646444,0.12038527947979992
hyser,hyser_within_subject_dayshift,set_acsa_tau_0.05,ece,split_id|subject_id|session|day,20,0.1034830636113289,0.08444690466041842,0.12218661474584926
hyser,hyser_within_subject_dayshift,set_acsa_tau_0.10,ece,split_id|subject_id|session|day,20,0.10492542310098837,0.08473310128160837,0.1266638693167391
hyser,hyser_within_subject_dayshift,set_acsa_tau_0.15,ece,split_id|subject_id|session|day,20,0.1057825697161898,0.08424761223546015,0.12936780767544856
hyser,hyser_within_subject_dayshift,set_acsa_tau_0.20,ece,split_id|subject_id|session|day,20,0.10656685053185973,0.08487244018455652,0.13142847768054822
hyser,hyser_within_subject_dayshift,user_only,ece,split_id|subject_id|session|day,20,0.10682669900682165,0.08802798303880242,0.1275513894270181
hyser,hyser_within_subject_dayshift,agency_margin_tau_0.02,macro_f1,split_id|subject_id|session|day,20,0.39208957316791476,0.3465546615357114,0.44014268690943614
hyser,hyser_within_subject_dayshift,agency_margin_tau_0.05,macro_f1,split_id|subject_id|session|day,20,0.4011381186381868,0.3541071746197358,0.45009770863131776
hyser,hyser_within_subject_dayshift,agency_margin_tau_0.10,macro_f1,split_id|subject_id|session|day,20,0.41663524140366703,0.37003350366071686,0.466442143427044
hyser,hyser_within_subject_dayshift,agency_margin_tau_0.15,macro_f1,split_id|subject_id|session|day,20,0.42741735980912,0.3814178500512389,0.4764767947475492
hyser,hyser_within_subject_dayshift,agency_margin_tau_0.20,macro_f1,split_id|subject_id|session|day,20,0.4320375950646719,0.3866809232861803,0.48066825423687304
hyser,hyser_within_subject_dayshift,assist_only,macro_f1,split_id|subject_id|session|day,20,0.3928631758931421,0.34528471467125055,0.44987091617284053
hyser,hyser_within_subject_dayshift,confidence_blend_alpha_0.25,macro_f1,split_id|subject_id|session|day,20,0.41505375880299156,0.36721496212935595,0.4649642926076906
hyser,hyser_within_subject_dayshift,confidence_blend_alpha_0.50,macro_f1,split_id|subject_id|session|day,20,0.44608659878662565,0.3971774048734972,0.4986075855516513
hyser,hyser_within_subject_dayshift,confidence_blend_alpha_0.75,macro_f1,split_id|subject_id|session|day,20,0.4456919532493747,0.39437508515390035,0.5023030848051084
hyser,hyser_within_subject_dayshift,selective_prediction,macro_f1,split_id|subject_id|session|day,20,0.3865543963525102,0.3410499183844105,0.4337515956053492
hyser,hyser_within_subject_dayshift,set_acsa_tau_0.02,macro_f1,split_id|subject_id|session|day,20,0.3913048122469754,0.34568216015986863,0.43935833995628837
hyser,hyser_within_subject_dayshift,set_acsa_tau_0.05,macro_f1,split_id|subject_id|session|day,20,0.3995097491792297,0.3522301108606886,0.44836139484326365
hyser,hyser_within_subject_dayshift,set_acsa_tau_0.10,macro_f1,split_id|subject_id|session|day,20,0.41546474797503263,0.36897106766062254,0.4649827714889617
hyser,hyser_within_subject_dayshift,set_acsa_tau_0.15,macro_f1,split_id|subject_id|session|day,20,0.4265787276884616,0.3805755421267013,0.4754370535764558
hyser,hyser_within_subject_dayshift,set_acsa_tau_0.20,macro_f1,split_id|subject_id|session|day,20,0.43200495618109047,0.386643547443403,0.4805912557701387
hyser,hyser_within_subject_dayshift,user_only,macro_f1,split_id|subject_id|session|day,20,0.385725313552562,0.3403876374038928,0.432886361602483
hyser,hyser_within_subject_dayshift,agency_margin_tau_0.02,mean_ali,split_id|subject_id|session|day,20,0.00018633064573532783,0.0001556757368445967,0.00021950108430944637
hyser,hyser_within_subject_dayshift,agency_margin_tau_0.05,mean_ali,split_id|subject_id|session|day,20,0.001246701539520655,0.0010904775014375897,0.001396389669348583
hyser,hyser_within_subject_dayshift,agency_margin_tau_0.10,mean_ali,split_id|subject_id|session|day,20,0.005191601422136215,0.004528936161835832,0.005812177289663127
hyser,hyser_within_subject_dayshift,agency_margin_tau_0.15,mean_ali,split_id|subject_id|session|day,20,0.009711556182977496,0.008328951751849244,0.011066254905933378
hyser,hyser_within_subject_dayshift,agency_margin_tau_0.20,mean_ali,split_id|subject_id|session|day,20,0.013428967801866077,0.011592266996798944,0.01528739356487565
hyser,hyser_within_subject_dayshift,assist_only,mean_ali,split_id|subject_id|session|day,20,0.12329816111998779,0.11474561959126041,0.13329503877152848
hyser,hyser_within_subject_dayshift,confidence_blend_alpha_0.25,mean_ali,split_id|subject_id|session|day,20,0.0029332327028668954,0.0024528962853426857,0.003438068900560827
hyser,hyser_within_subject_dayshift,confidence_blend_alpha_0.50,mean_ali,split_id|subject_id|session|day,20,0.018887810550309067,0.017037904994969988,0.020894381278812546
hyser,hyser_within_subject_dayshift,confidence_blend_alpha_0.75,mean_ali,split_id|subject_id|session|day,20,0.06103023651863332,0.05673206334868555,0.06635215289665726
hyser,hyser_within_subject_dayshift,selective_prediction,mean_ali,split_id|subject_id|session|day,20,0.00021945935588550707,0.0001374161874284128,0.0003104802836109001
hyser,hyser_within_subject_dayshift,set_acsa_tau_0.02,mean_ali,split_id|subject_id|session|day,20,0.00015273150833669834,0.0001297409494419815,0.0001788998620468912
hyser,hyser_within_subject_dayshift,set_acsa_tau_0.05,mean_ali,split_id|subject_id|session|day,20,0.00109656496400148,0.0009618185717415805,0.0012272599707353542
hyser,hyser_within_subject_dayshift,set_acsa_tau_0.10,mean_ali,split_id|subject_id|session|day,20,0.00500316891332225,0.004382544581195126,0.005609510935016212
hyser,hyser_within_subject_dayshift,set_acsa_tau_0.15,mean_ali,split_id|subject_id|session|day,20,0.009626941946231664,0.008251769981555933,0.01094996052986025
hyser,hyser_within_subject_dayshift,set_acsa_tau_0.20,mean_ali,split_id|subject_id|session|day,20,0.013444634671004457,0.01159978269623013,0.015317219459584043
hyser,hyser_within_subject_dayshift,user_only,mean_ali,split_id|subject_id|session|day,20,0.0,0.0,0.0
hyser,hyser_within_subject_dayshift,agency_margin_tau_0.02,risk_coverage_auc,split_id|subject_id|session|day,20,0.384970918694226,0.3240394871929443,0.44443647785359175
hyser,hyser_within_subject_dayshift,agency_margin_tau_0.05,risk_coverage_auc,split_id|subject_id|session|day,20,0.3804009370282311,0.31846963820175944,0.4399572585132237
hyser,hyser_within_subject_dayshift,agency_margin_tau_0.10,risk_coverage_auc,split_id|subject_id|session|day,20,0.3730167660354644,0.3124310012418842,0.4301152895776463
hyser,hyser_within_subject_dayshift,agency_margin_tau_0.15,risk_coverage_auc,split_id|subject_id|session|day,20,0.3685440498317636,0.309462588472945,0.4241219965298892
hyser,hyser_within_subject_dayshift,agency_margin_tau_0.20,risk_coverage_auc,split_id|subject_id|session|day,20,0.36646251456995615,0.30833037924157264,0.42089867944134696
hyser,hyser_within_subject_dayshift,assist_only,risk_coverage_auc,split_id|subject_id|session|day,20,0.4166116504247265,0.3521915241828661,0.4735479918300472
hyser,hyser_within_subject_dayshift,confidence_blend_alpha_0.25,risk_coverage_auc,split_id|subject_id|session|day,20,0.3735597815080881,0.31188834294756673,0.43189757290658004
hyser,hyser_within_subject_dayshift,confidence_blend_alpha_0.50,risk_coverage_auc,split_id|subject_id|session|day,20,0.347029396695991,0.2841676996868443,0.4014557138574277
hyser,hyser_within_subject_dayshift,confidence_blend_alpha_0.75,risk_coverage_auc,split_id|subject_id|session|day,20,0.3571927033449931,0.2935596936304122,0.4116000763274446
hyser,hyser_within_subject_dayshift,selective_prediction,risk_coverage_auc,split_id|subject_id|session|day,20,0.39961674643194567,0.34043751401476735,0.4578737001394042
hyser,hyser_within_subject_dayshift,set_acsa_tau_0.02,risk_coverage_auc,split_id|subject_id|session|day,20,0.3852762105531959,0.324237063017302,0.44477495371161874
hyser,hyser_within_subject_dayshift,set_acsa_tau_0.05,risk_coverage_auc,split_id|subject_id|session|day,20,0.3808341393860539,0.3187471311502222,0.44052733483647255
hyser,hyser_within_subject_dayshift,set_acsa_tau_0.10,risk_coverage_auc,split_id|subject_id|session|day,20,0.3734513968324817,0.3128631623963175,0.430611795266207
hyser,hyser_within_subject_dayshift,set_acsa_tau_0.15,risk_coverage_auc,split_id|subject_id|session|day,20,0.36886105540412684,0.3096746417226737,0.4245302635181905
hyser,hyser_within_subject_dayshift,set_acsa_tau_0.20,risk_coverage_auc,split_id|subject_id|session|day,20,0.366497173229863,0.30835871193303094,0.4209590352587474
hyser,hyser_within_subject_dayshift,user_only,risk_coverage_auc,split_id|subject_id|session|day,20,0.40472649019857465,0.3463213135531669,0.4618783006812608

