dataset_id,split_family,split_id,policy,subject_id,session,day,n_episodes,safe_episode_rate,stable_safe_episode_rate,final_correct_rate,median_earliest_intervene_s,median_earliest_correct_s,median_earliest_safe_s,median_earliest_stable_safe_s
cemhsey,cemhsey_forward_day_logo,cemhsey_forward_day_logo|D02,agency_margin_tau_0.02,S1,grasp_protocol,D02,42,0.023809523809523808,0.0,0.21428571428571427,20.0,5.0,15.0,
cemhsey,cemhsey_forward_day_logo,cemhsey_forward_day_logo|D02,agency_margin_tau_0.02,S10,grasp_protocol,D02,42,0.09523809523809523,0.023809523809523808,0.07142857142857142,10.0,5.0,10.0,20.0
cemhsey,cemhsey_forward_day_logo,cemhsey_forward_day_logo|D02,agency_margin_tau_0.02,S11,grasp_protocol,D02,42,0.047619047619047616,0.047619047619047616,0.23809523809523808,15.0,5.0,15.0,15.0
cemhsey,cemhsey_forward_day_logo,cemhsey_forward_day_logo|D02,agency_margin_tau_0.02,S12,grasp_protocol,D02,42,0.07142857142857142,0.047619047619047616,0.23809523809523808,17.5,5.0,15.0,17.5
cemhsey,cemhsey_forward_day_logo,cemhsey_forward_day_logo|D02,agency_margin_tau_0.02,S13,grasp_protocol,D02,42,0.0,0.0,0.19047619047619047,,5.0,,
cemhsey,cemhsey_forward_day_logo,cemhsey_forward_day_logo|D02,agency_margin_tau_0.02,S2,grasp_protocol,D02,42,0.09523809523809523,0.047619047619047616,0.3333333333333333,12.5,5.0,12.5,17.5
cemhsey,cemhsey_forward_day_logo,cemhsey_forward_day_logo|D02,agency_margin_tau_0.02,S3,grasp_protocol,D02,42,0.047619047619047616,0.023809523809523808,0.2619047619047619,15.0,5.0,17.5,20.0
cemhsey,cemhsey_forward_day_logo,cemhsey_forward_day_logo|D02,agency_margin_tau_0.02,S4,grasp_protocol,D02,42,0.047619047619047616,0.0,0.11904761904761904,20.0,10.0,7.5,
cemhsey,cemhsey_forward_day_logo,cemhsey_forward_day_logo|D02,agency_margin_tau_0.02,S5,grasp_protocol,D02,42,0.047619047619047616,0.047619047619047616,0.47619047619047616,20.0,5.0,20.0,20.0
cemhsey,cemhsey_forward_day_logo,cemhsey_forward_day_logo|D02,agency_margin_tau_0.02,S6,grasp_protocol,D02,42,0.07142857142857142,0.047619047619047616,0.35714285714285715,15.0,5.0,15.0,20.0
cemhsey,cemhsey_forward_day_logo,cemhsey_forward_day_logo|D02,agency_margin_tau_0.02,S7,grasp_protocol,D02,42,0.047619047619047616,0.047619047619047616,0.23809523809523808,15.0,5.0,12.5,12.5
cemhsey,cemhsey_forward_day_logo,cemhsey_forward_day_logo|D02,agency_margin_tau_0.02,S8,grasp_protocol,D02,42,0.07142857142857142,0.0,0.11904761904761904,15.0,5.0,10.0,
cemhsey,cemhsey_forward_day_logo,cemhsey_forward_day_logo|D02,agency_margin_tau_0.02,S9,grasp_protocol,D02,42,0.0,0.0,0.14285714285714285,15.0,5.0,,
cemhsey,cemhsey_forward_day_logo,cemhsey_forward_day_logo|D02,agency_margin_tau_0.05,S1,grasp_protocol,D02,42,0.047619047619047616,0.023809523809523808,0.23809523809523808,15.0,5.0,17.5,20.0
cemhsey,cemhsey_forward_day_logo,cemhsey_forward_day_logo|D02,agency_margin_tau_0.05,S10,grasp_protocol,D02,42,0.19047619047619047,0.07142857142857142,0.11904761904761904,10.0,5.0,10.0,20.0
cemhsey,cemhsey_forward_day_logo,cemhsey_forward_day_logo|D02,agency_margin_tau_0.05,S11,grasp_protocol,D02,42,0.09523809523809523,0.047619047619047616,0.23809523809523808,10.0,5.0,12.5,15.0
cemhsey,cemhsey_forward_day_logo,cemhsey_forward_day_logo|D02,agency_margin_tau_0.05,S12,grasp_protocol,D02,42,0.16666666666666666,0.11904761904761904,0.30952380952380953,12.5,5.0,15.0,20.0
cemhsey,cemhsey_forward_day_logo,cemhsey_forward_day_logo|D02,agency_margin_tau_0.05,S13,grasp_protocol,D02,42,0.047619047619047616,0.047619047619047616,0.21428571428571427,7.5,5.0,17.5,17.5
cemhsey,cemhsey_forward_day_logo,cemhsey_forward_day_logo|D02,agency_margin_tau_0.05,S2,grasp_protocol,D02,42,0.23809523809523808,0.16666666666666666,0.42857142857142855,15.0,5.0,17.5,20.0
cemhsey,cemhsey_forward_day_logo,cemhsey_forward_day_logo|D02,agency_margin_tau_0.05,S3,grasp_protocol,D02,42,0.11904761904761904,0.07142857142857142,0.30952380952380953,15.0,5.0,15.0,20.0
cemhsey,cemhsey_forward_day_logo,cemhsey_forward_day_logo|D02,agency_margin_tau_0.05,S4,grasp_protocol,D02,42,0.09523809523809523,0.023809523809523808,0.14285714285714285,20.0,10.0,7.5,20.0
cemhsey,cemhsey_forward_day_logo,cemhsey_forward_day_logo|D02,agency_margin_tau_0.05,S5,grasp_protocol,D02,42,0.09523809523809523,0.07142857142857142,0.47619047619047616,17.5,5.0,20.0,20.0
cemhsey,cemhsey_forward_day_logo,cemhsey_forward_day_logo|D02,agency_margin_tau_0.05,S6,grasp_protocol,D02,42,0.14285714285714285,0.07142857142857142,0.35714285714285715,15.0,5.0,12.5,15.0
cemhsey,cemhsey_forward_day_logo,cemhsey_forward_day_logo|D02,agency_margin_tau_0.05,S7,grasp_protocol,D02,42,0.07142857142857142,0.047619047619047616,0.23809523809523808,12.5,5.0,10.0,12.5
cemhsey,cemhsey_forward_day_logo,cemhsey_forward_day_logo|D02,agency_margin_tau_0.05,S8,grasp_protocol,D02,42,0.09523809523809523,0.0,0.11904761904761904,10.0,5.0,10.0,
cemhsey,cemhsey_forward_day_logo,cemhsey_forward_day_logo|D02,agency_margin_tau_0.05,S9,grasp_protocol,D02,42,0.047619047619047616,0.047619047619047616,0.16666666666666666,15.0,5.0,20.0,20.0
cemhsey,cemhsey_forward_day_logo,cemhsey_forward_day_logo|D02,agency_margin_tau_0.10,S1,grasp_protocol,D02,42,0.09523809523809523,0.07142857142857142,0.2857142857142857,15.0,5.0,17.5,20.0
cemhsey,cemhsey_forward_day_logo,cemhsey_forward_day_logo|D02,agency_margin_tau_0.10,S10,grasp_protocol,D02,42,0.21428571428571427,0.09523809523809523,0.14285714285714285,10.0,5.0,10.0,20.0
cemhsey,cemhsey_forward_day_logo,cemhsey_forward_day_logo|D02,agency_margin_tau_0.10,S11,grasp_protocol,D02,42,0.11904761904761904,0.047619047619047616,0.23809523809523808,10.0,5.0,10.0,15.0
cemhsey,cemhsey_forward_day_logo,cemhsey_forward_day_logo|D02,agency_margin_tau_0.10,S12,grasp_protocol,D02,42,0.30952380952380953,0.23809523809523808,0.38095238095238093,10.0,5.0,15.0,20.0
cemhsey,cemhsey_forward_day_logo,cemhsey_forward_day_logo|D02,agency_margin_tau_0.10,S13,grasp_protocol,D02,42,0.14285714285714285,0.09523809523809523,0.23809523809523808,10.0,5.0,15.0,20.0
cemhsey,cemhsey_forward_day_logo,cemhsey_forward_day_logo|D02,agency_margin_tau_0.10,S2,grasp_protocol,D02,42,0.40476190476190477,0.3333333333333333,0.5238095238095238,15.0,5.0,15.0,20.0
cemhsey,cemhsey_forward_day_logo,cemhsey_forward_day_logo|D02,agency_margin_tau_0.10,S3,grasp_protocol,D02,42,0.23809523809523808,0.16666666666666666,0.40476190476190477,15.0,5.0,20.0,20.0
cemhsey,cemhsey_forward_day_logo,cemhsey_forward_day_logo|D02,agency_margin_tau_0.10,S4,grasp_protocol,D02,42,0.23809523809523808,0.11904761904761904,0.21428571428571427,17.5,5.0,7.5,20.0
cemhsey,cemhsey_forward_day_logo,cemhsey_forward_day_logo|D02,agency_margin_tau_0.10,S5,grasp_protocol,D02,42,0.23809523809523808,0.14285714285714285,0.5,20.0,5.0,20.0,20.0
cemhsey,cemhsey_forward_day_logo,cemhsey_forward_day_logo|D02,agency_margin_tau_0.10,S6,grasp_protocol,D02,42,0.2857142857142857,0.21428571428571427,0.4523809523809524,15.0,5.0,15.0,15.0
cemhsey,cemhsey_forward_day_logo,cemhsey_forward_day_logo|D02,agency_margin_tau_0.10,S7,grasp_protocol,D02,42,0.09523809523809523,0.09523809523809523,0.2619047619047619,10.0,5.0,12.5,20.0
cemhsey,cemhsey_forward_day_logo,cemhsey_forward_day_logo|D02,agency_margin_tau_0.10,S8,grasp_protocol,D02,42,0.14285714285714285,0.0,0.11904761904761904,10.0,10.0,10.0,
cemhsey,cemhsey_forward_day_logo,cemhsey_forward_day_logo|D02,agency_margin_tau_0.10,S9,grasp_protocol,D02,42,0.21428571428571427,0.21428571428571427,0.2857142857142857,12.5,5.0,20.0,20.0
cemhsey,cemhsey_forward_day_logo,cemhsey_forward_day_logo|D02,agency_margin_tau_0.15,S1,grasp_protocol,D02,42,0.23809523809523808,0.19047619047619047,0.35714285714285715,17.5,5.0,20.0,20.0
cemhsey,cemhsey_forward_day_logo,cemhsey_forward_day_logo|D02,agency_margin_tau_0.15,S10,grasp_protocol,D02,42,0.23809523809523808,0.11904761904761904,0.16666666666666666,10.0,5.0,15.0,20.0
cemhsey,cemhsey_forward_day_logo,cemhsey_forward_day_logo|D02,agency_margin_tau_0.15,S11,grasp_protocol,D02,42,0.21428571428571427,0.14285714285714285,0.3333333333333333,15.0,5.0,15.0,20.0
cemhsey,cemhsey_forward_day_logo,cemhsey_forward_day_logo|D02,agency_margin_tau_0.15,S12,grasp_protocol,D02,42,0.3333333333333333,0.21428571428571427,0.35714285714285715,7.5,5.0,10.0,20.0
cemhsey,cemhsey_forward_day_logo,cemhsey_forward_day_logo|D02,agency_margin_tau_0.15,S13,grasp_protocol,D02,42,0.14285714285714285,0.09523809523809523,0.16666666666666666,15.0,5.0,15.0,20.0
cemhsey,cemhsey_forward_day_logo,cemhsey_forward_day_logo|D02,agency_margin_tau_0.15,S2,grasp_protocol,D02,42,0.47619047619047616,0.40476190476190477,0.5952380952380952,15.0,5.0,15.0,20.0
cemhsey,cemhsey_forward_day_logo,cemhsey_forward_day_logo|D02,agency_margin_tau_0.15,S3,grasp_protocol,D02,42,0.30952380952380953,0.23809523809523808,0.42857142857142855,20.0,5.0,20.0,20.0
cemhsey,cemhsey_forward_day_logo,cemhsey_forward_day_logo|D02,agency_margin_tau_0.15,S4,grasp_protocol,D02,42,0.23809523809523808,0.11904761904761904,0.21428571428571427,15.0,5.0,7.5,20.0
cemhsey,cemhsey_forward_day_logo,cemhsey_forward_day_logo|D02,agency_margin_tau_0.15,S5,grasp_protocol,D02,42,0.2857142857142857,0.23809523809523808,0.5476190476190477,15.0,5.0,20.0,20.0
cemhsey,cemhsey_forward_day_logo,cemhsey_forward_day_logo|D02,agency_margin_tau_0.15,S6,grasp_protocol,D02,42,0.3333333333333333,0.2619047619047619,0.5,15.0,5.0,12.5,15.0
cemhsey,cemhsey_forward_day_logo,cemhsey_forward_day_logo|D02,agency_margin_tau_0.15,S7,grasp_protocol,D02,42,0.14285714285714285,0.14285714285714285,0.30952380952380953,20.0,5.0,20.0,20.0
cemhsey,cemhsey_forward_day_logo,cemhsey_forward_day_logo|D02,agency_margin_tau_0.15,S8,grasp_protocol,D02,42,0.16666666666666666,0.0,0.11904761904761904,10.0,10.0,10.0,
cemhsey,cemhsey_forward_day_logo,cemhsey_forward_day_logo|D02,agency_margin_tau_0.15,S9,grasp_protocol,D02,42,0.21428571428571427,0.21428571428571427,0.2619047619047619,10.0,5.0,20.0,20.0
cemhsey,cemhsey_forward_day_logo,cemhsey_forward_day_logo|D02,agency_margin_tau_0.20,S1,grasp_protocol,D02,42,0.30952380952380953,0.2619047619047619,0.42857142857142855,20.0,5.0,20.0,20.0
cemhsey,cemhsey_forward_day_logo,cemhsey_forward_day_logo|D02,agency_margin_tau_0.20,S10,grasp_protocol,D02,42,0.30952380952380953,0.21428571428571427,0.2619047619047619,10.0,5.0,20.0,20.0
cemhsey,cemhsey_forward_day_logo,cemhsey_forward_day_logo|D02,agency_margin_tau_0.20,S11,grasp_protocol,D02,42,0.23809523809523808,0.14285714285714285,0.3333333333333333,15.0,5.0,17.5,20.0
cemhsey,cemhsey_forward_day_logo,cemhsey_forward_day_logo|D02,agency_margin_tau_0.20,S12,grasp_protocol,D02,42,0.38095238095238093,0.2857142857142857,0.42857142857142855,7.5,5.0,12.5,20.0
cemhsey,cemhsey_forward_day_logo,cemhsey_forward_day_logo|D02,agency_margin_tau_0.20,S13,grasp_protocol,D02,42,0.30952380952380953,0.2857142857142857,0.35714285714285715,20.0,5.0,20.0,20.0
cemhsey,cemhsey_forward_day_logo,cemhsey_forward_day_logo|D02,agency_margin_tau_0.20,S2,grasp_protocol,D02,42,0.5476190476190477,0.47619047619047616,0.6666666666666666,15.0,5.0,20.0,20.0
cemhsey,cemhsey_forward_day_logo,cemhsey_forward_day_logo|D02,agency_margin_tau_0.20,S3,grasp_protocol,D02,42,0.35714285714285715,0.30952380952380953,0.5,20.0,5.0,20.0,20.0
cemhsey,cemhsey_forward_day_logo,cemhsey_forward_day_logo|D02,agency_margin_tau_0.20,S4,grasp_protocol,D02,42,0.23809523809523808,0.11904761904761904,0.21428571428571427,15.0,5.0,7.5,20.0
cemhsey,cemhsey_forward_day_logo,cemhsey_forward_day_logo|D02,agency_margin_tau_0.20,S5,grasp_protocol,D02,42,0.2857142857142857,0.2619047619047619,0.5714285714285714,15.0,5.0,20.0,20.0
cemhsey,cemhsey_forward_day_logo,cemhsey_forward_day_logo|D02,agency_margin_tau_0.20,S6,grasp_protocol,D02,42,0.3333333333333333,0.2619047619047619,0.4523809523809524,15.0,5.0,12.5,15.0
cemhsey,cemhsey_forward_day_logo,cemhsey_forward_day_logo|D02,agency_margin_tau_0.20,S7,grasp_protocol,D02,42,0.16666666666666666,0.16666666666666666,0.3333333333333333,20.0,5.0,20.0,20.0
cemhsey,cemhsey_forward_day_logo,cemhsey_forward_day_logo|D02,agency_margin_tau_0.20,S8,grasp_protocol,D02,42,0.19047619047619047,0.047619047619047616,0.16666666666666666,10.0,10.0,10.0,15.0
cemhsey,cemhsey_forward_day_logo,cemhsey_forward_day_logo|D02,agency_margin_tau_0.20,S9,grasp_protocol,D02,42,0.23809523809523808,0.23809523809523808,0.2857142857142857,10.0,5.0,20.0,20.0
cemhsey,cemhsey_forward_day_logo,cemhsey_forward_day_logo|D02,assist_only,S1,grasp_protocol,D02,42,0.5,0.42857142857142855,0.5476190476190477,10.0,5.0,20.0,20.0
cemhsey,cemhsey_forward_day_logo,cemhsey_forward_day_logo|D02,assist_only,S10,grasp_protocol,D02,42,0.4523809523809524,0.40476190476190477,0.4523809523809524,5.0,5.0,15.0,20.0
cemhsey,cemhsey_forward_day_logo,cemhsey_forward_day_logo|D02,assist_only,S11,grasp_protocol,D02,42,0.5714285714285714,0.4523809523809524,0.5476190476190477,5.0,5.0,20.0,20.0
cemhsey,cemhsey_forward_day_logo,cemhsey_forward_day_logo|D02,assist_only,S12,grasp_protocol,D02,42,0.5238095238095238,0.42857142857142855,0.5,5.0,5.0,10.0,12.5
cemhsey,cemhsey_forward_day_logo,cemhsey_forward_day_logo|D02,assist_only,S13,grasp_protocol,D02,42,0.5476190476190477,0.5,0.5476190476190477,15.0,5.0,20.0,20.0
cemhsey,cemhsey_forward_day_logo,cemhsey_forward_day_logo|D02,assist_only,S2,grasp_protocol,D02,42,0.7380952380952381,0.6428571428571429,0.8095238095238095,10.0,5.0,20.0,20.0
cemhsey,cemhsey_forward_day_logo,cemhsey_forward_day_logo|D02,assist_only,S3,grasp_protocol,D02,42,0.4523809523809524,0.42857142857142855,0.5238095238095238,12.5,5.0,20.0,20.0
cemhsey,cemhsey_forward_day_logo,cemhsey_forward_day_logo|D02,assist_only,S4,grasp_protocol,D02,42,0.5714285714285714,0.38095238095238093,0.42857142857142855,10.0,5.0,5.0,17.5
cemhsey,cemhsey_forward_day_logo,cemhsey_forward_day_logo|D02,assist_only,S5,grasp_protocol,D02,42,0.4523809523809524,0.3333333333333333,0.5952380952380952,5.0,5.0,10.0,20.0
cemhsey,cemhsey_forward_day_logo,cemhsey_forward_day_logo|D02,assist_only,S6,grasp_protocol,D02,42,0.4523809523809524,0.38095238095238093,0.42857142857142855,10.0,5.0,15.0,15.0
cemhsey,cemhsey_forward_day_logo,cemhsey_forward_day_logo|D02,assist_only,S7,grasp_protocol,D02,42,0.38095238095238093,0.3333333333333333,0.47619047619047616,5.0,5.0,20.0,20.0
cemhsey,cemhsey_forward_day_logo,cemhsey_forward_day_logo|D02,assist_only,S8,grasp_protocol,D02,42,0.30952380952380953,0.14285714285714285,0.14285714285714285,5.0,5.0,5.0,7.5
cemhsey,cemhsey_forward_day_logo,cemhsey_forward_day_logo|D02,assist_only,S9,grasp_protocol,D02,42,0.2857142857142857,0.23809523809523808,0.2857142857142857,5.0,5.0,12.5,17.5
cemhsey,cemhsey_forward_day_logo,cemhsey_forward_day_logo|D02,confidence_blend_alpha_0.25,S1,grasp_protocol,D02,42,0.19047619047619047,0.16666666666666666,0.3333333333333333,20.0,5.0,20.0,20.0
cemhsey,cemhsey_forward_day_logo,cemhsey_forward_day_logo|D02,confidence_blend_alpha_0.25,S10,grasp_protocol,D02,42,0.21428571428571427,0.09523809523809523,0.14285714285714285,10.0,5.0,10.0,20.0
cemhsey,cemhsey_forward_day_logo,cemhsey_forward_day_logo|D02,confidence_blend_alpha_0.25,S11,grasp_protocol,D02,42,0.11904761904761904,0.07142857142857142,0.2619047619047619,15.0,5.0,15.0,15.0
cemhsey,cemhsey_forward_day_logo,cemhsey_forward_day_logo|D02,confidence_blend_alpha_0.25,S12,grasp_protocol,D02,42,0.16666666666666666,0.11904761904761904,0.2857142857142857,10.0,5.0,10.0,15.0
cemhsey,cemhsey_forward_day_logo,cemhsey_forward_day_logo|D02,confidence_blend_alpha_0.25,S13,grasp_protocol,D02,42,0.16666666666666666,0.09523809523809523,0.23809523809523808,10.0,5.0,15.0,17.5
cemhsey,cemhsey_forward_day_logo,cemhsey_forward_day_logo|D02,confidence_blend_alpha_0.25,S2,grasp_protocol,D02,42,0.35714285714285715,0.2857142857142857,0.5,15.0,5.0,15.0,20.0
cemhsey,cemhsey_forward_day_logo,cemhsey_forward_day_logo|D02,confidence_blend_alpha_0.25,S3,grasp_protocol,D02,42,0.19047619047619047,0.16666666666666666,0.38095238095238093,20.0,5.0,20.0,20.0
cemhsey,cemhsey_forward_day_logo,cemhsey_forward_day_logo|D02,confidence_blend_alpha_0.25,S4,grasp_protocol,D02,42,0.14285714285714285,0.09523809523809523,0.21428571428571427,20.0,10.0,15.0,20.0
cemhsey,cemhsey_forward_day_logo,cemhsey_forward_day_logo|D02,confidence_blend_alpha_0.25,S5,grasp_protocol,D02,42,0.19047619047619047,0.14285714285714285,0.5476190476190477,17.5,5.0,20.0,20.0
cemhsey,cemhsey_forward_day_logo,cemhsey_forward_day_logo|D02,confidence_blend_alpha_0.25,S6,grasp_protocol,D02,42,0.2857142857142857,0.21428571428571427,0.4523809523809524,15.0,5.0,15.0,20.0
cemhsey,cemhsey_forward_day_logo,cemhsey_forward_day_logo|D02,confidence_blend_alpha_0.25,S7,grasp_protocol,D02,42,0.07142857142857142,0.047619047619047616,0.23809523809523808,10.0,5.0,5.0,12.5
cemhsey,cemhsey_forward_day_logo,cemhsey_forward_day_logo|D02,confidence_blend_alpha_0.25,S8,grasp_protocol,D02,42,0.11904761904761904,0.023809523809523808,0.14285714285714285,10.0,5.0,10.0,20.0
cemhsey,cemhsey_forward_day_logo,cemhsey_forward_day_logo|D02,confidence_blend_alpha_0.25,S9,grasp_protocol,D02,42,0.14285714285714285,0.14285714285714285,0.2619047619047619,15.0,5.0,20.0,20.0
cemhsey,cemhsey_forward_day_logo,cemhsey_forward_day_logo|D02,confidence_blend_alpha_0.50,S1,grasp_protocol,D02,42,0.38095238095238093,0.30952380952380953,0.47619047619047616,15.0,5.0,20.0,20.0
cemhsey,cemhsey_forward_day_logo,cemhsey_forward_day_logo|D02,confidence_blend_alpha_0.50,S10,grasp_protocol,D02,42,0.3333333333333333,0.21428571428571427,0.2619047619047619,10.0,5.0,17.5,20.0
cemhsey,cemhsey_forward_day_logo,cemhsey_forward_day_logo|D02,confidence_blend_alpha_0.50,S11,grasp_protocol,D02,42,0.4523809523809524,0.35714285714285715,0.5476190476190477,15.0,5.0,20.0,20.0
cemhsey,cemhsey_forward_day_logo,cemhsey_forward_day_logo|D02,confidence_blend_alpha_0.50,S12,grasp_protocol,D02,42,0.35714285714285715,0.23809523809523808,0.40476190476190477,10.0,5.0,15.0,20.0
cemhsey,cemhsey_forward_day_logo,cemhsey_forward_day_logo|D02,confidence_blend_alpha_0.50,S13,grasp_protocol,D02,42,0.47619047619047616,0.40476190476190477,0.5,20.0,5.0,20.0,20.0
cemhsey,cemhsey_forward_day_logo,cemhsey_forward_day_logo|D02,confidence_blend_alpha_0.50,S2,grasp_protocol,D02,42,0.5714285714285714,0.5238095238095238,0.7380952380952381,15.0,5.0,20.0,20.0
cemhsey,cemhsey_forward_day_logo,cemhsey_forward_day_logo|D02,confidence_blend_alpha_0.50,S3,grasp_protocol,D02,42,0.4523809523809524,0.40476190476190477,0.5952380952380952,15.0,5.0,20.0,20.0
cemhsey,cemhsey_forward_day_logo,cemhsey_forward_day_logo|D02,confidence_blend_alpha_0.50,S4,grasp_protocol,D02,42,0.40476190476190477,0.23809523809523808,0.35714285714285715,15.0,5.0,15.0,20.0
cemhsey,cemhsey_forward_day_logo,cemhsey_forward_day_logo|D02,confidence_blend_alpha_0.50,S5,grasp_protocol,D02,42,0.35714285714285715,0.30952380952380953,0.6428571428571429,15.0,5.0,20.0,20.0
cemhsey,cemhsey_forward_day_logo,cemhsey_forward_day_logo|D02,confidence_blend_alpha_0.50,S6,grasp_protocol,D02,42,0.2857142857142857,0.23809523809523808,0.47619047619047616,10.0,5.0,12.5,15.0
cemhsey,cemhsey_forward_day_logo,cemhsey_forward_day_logo|D02,confidence_blend_alpha_0.50,S7,grasp_protocol,D02,42,0.2619047619047619,0.21428571428571427,0.40476190476190477,15.0,5.0,20.0,20.0
cemhsey,cemhsey_forward_day_logo,cemhsey_forward_day_logo|D02,confidence_blend_alpha_0.50,S8,grasp_protocol,D02,42,0.16666666666666666,0.047619047619047616,0.16666666666666666,10.0,5.0,5.0,12.5
cemhsey,cemhsey_forward_day_logo,cemhsey_forward_day_logo|D02,confidence_blend_alpha_0.50,S9,grasp_protocol,D02,42,0.2619047619047619,0.23809523809523808,0.30952380952380953,10.0,5.0,10.0,17.5
cemhsey,cemhsey_forward_day_logo,cemhsey_forward_day_logo|D02,confidence_blend_alpha_0.75,S1,grasp_protocol,D02,42,0.47619047619047616,0.42857142857142855,0.5714285714285714,10.0,5.0,20.0,20.0
cemhsey,cemhsey_forward_day_logo,cemhsey_forward_day_logo|D02,confidence_blend_alpha_0.75,S10,grasp_protocol,D02,42,0.42857142857142855,0.3333333333333333,0.38095238095238093,10.0,5.0,17.5,20.0
cemhsey,cemhsey_forward_day_logo,cemhsey_forward_day_logo|D02,confidence_blend_alpha_0.75,S11,grasp_protocol,D02,42,0.5476190476190477,0.47619047619047616,0.6190476190476191,12.5,5.0,20.0,20.0
cemhsey,cemhsey_forward_day_logo,cemhsey_forward_day_logo|D02,confidence_blend_alpha_0.75,S12,grasp_protocol,D02,42,0.47619047619047616,0.40476190476190477,0.5,10.0,5.0,12.5,20.0
cemhsey,cemhsey_forward_day_logo,cemhsey_forward_day_logo|D02,confidence_blend_alpha_0.75,S13,grasp_protocol,D02,42,0.5238095238095238,0.4523809523809524,0.5,15.0,5.0,20.0,20.0
cemhsey,cemhsey_forward_day_logo,cemhsey_forward_day_logo|D02,confidence_blend_alpha_0.75,S2,grasp_protocol,D02,42,0.6904761904761905,0.6190476190476191,0.7857142857142857,15.0,5.0,20.0,20.0
cemhsey,cemhsey_forward_day_logo,cemhsey_forward_day_logo|D02,confidence_blend_alpha_0.75,S3,grasp_protocol,D02,42,0.4523809523809524,0.40476190476190477,0.5,15.0,5.0,20.0,20.0
cemhsey,cemhsey_forward_day_logo,cemhsey_forward_day_logo|D02,confidence_blend_alpha_0.75,S4,grasp_protocol,D02,42,0.5238095238095238,0.35714285714285715,0.4523809523809524,10.0,5.0,10.0,15.0
cemhsey,cemhsey_forward_day_logo,cemhsey_forward_day_logo|D02,confidence_blend_alpha_0.75,S5,grasp_protocol,D02,42,0.40476190476190477,0.3333333333333333,0.6428571428571429,10.0,5.0,20.0,20.0
cemhsey,cemhsey_forward_day_logo,cemhsey_forward_day_logo|D02,confidence_blend_alpha_0.75,S6,grasp_protocol,D02,42,0.35714285714285715,0.2857142857142857,0.38095238095238093,10.0,5.0,10.0,12.5
cemhsey,cemhsey_forward_day_logo,cemhsey_forward_day_logo|D02,confidence_blend_alpha_0.75,S7,grasp_protocol,D02,42,0.30952380952380953,0.2857142857142857,0.42857142857142855,12.5,5.0,20.0,20.0
cemhsey,cemhsey_forward_day_logo,cemhsey_forward_day_logo|D02,confidence_blend_alpha_0.75,S8,grasp_protocol,D02,42,0.19047619047619047,0.047619047619047616,0.11904761904761904,5.0,5.0,5.0,5.0
cemhsey,cemhsey_forward_day_logo,cemhsey_forward_day_logo|D02,confidence_blend_alpha_0.75,S9,grasp_protocol,D02,42,0.2619047619047619,0.23809523809523808,0.2857142857142857,10.0,5.0,10.0,10.0
cemhsey,cemhsey_forward_day_logo,cemhsey_forward_day_logo|D02,plain_conf_threshold_matched_tau_0.02,S1,grasp_protocol,D02,42,0.0,0.0,0.23809523809523808,,5.0,,
cemhsey,cemhsey_forward_day_logo,cemhsey_forward_day_logo|D02,plain_conf_threshold_matched_tau_0.02,S10,grasp_protocol,D02,42,0.0,0.0,0.047619047619047616,,5.0,,
cemhsey,cemhsey_forward_day_logo,cemhsey_forward_day_logo|D02,plain_conf_threshold_matched_tau_0.02,S11,grasp_protocol,D02,42,0.0,0.0,0.23809523809523808,,5.0,,
cemhsey,cemhsey_forward_day_logo,cemhsey_forward_day_logo|D02,plain_conf_threshold_matched_tau_0.02,S12,grasp_protocol,D02,42,0.0,0.0,0.21428571428571427,,5.0,,
cemhsey,cemhsey_forward_day_logo,cemhsey_forward_day_logo|D02,plain_conf_threshold_matched_tau_0.02,S13,grasp_protocol,D02,42,0.0,0.0,0.19047619047619047,,5.0,,
cemhsey,cemhsey_forward_day_logo,cemhsey_forward_day_logo|D02,plain_conf_threshold_matched_tau_0.02,S2,grasp_protocol,D02,42,0.0,0.0,0.30952380952380953,,5.0,,
cemhsey,cemhsey_forward_day_logo,cemhsey_forward_day_logo|D02,plain_conf_threshold_matched_tau_0.02,S3,grasp_protocol,D02,42,0.0,0.0,0.23809523809523808,,5.0,,
cemhsey,cemhsey_forward_day_logo,cemhsey_forward_day_logo|D02,plain_conf_threshold_matched_tau_0.02,S4,grasp_protocol,D02,42,0.0,0.0,0.14285714285714285,20.0,10.0,,
cemhsey,cemhsey_forward_day_logo,cemhsey_forward_day_logo|D02,plain_conf_threshold_matched_tau_0.02,S5,grasp_protocol,D02,42,0.0,0.0,0.42857142857142855,,5.0,,
cemhsey,cemhsey_forward_day_logo,cemhsey_forward_day_logo|D02,plain_conf_threshold_matched_tau_0.02,S6,grasp_protocol,D02,42,0.0,0.0,0.30952380952380953,,5.0,,
cemhsey,cemhsey_forward_day_logo,cemhsey_forward_day_logo|D02,plain_conf_threshold_matched_tau_0.02,S7,grasp_protocol,D02,42,0.0,0.0,0.21428571428571427,,5.0,,
cemhsey,cemhsey_forward_day_logo,cemhsey_forward_day_logo|D02,plain_conf_threshold_matched_tau_0.02,S8,grasp_protocol,D02,42,0.0,0.0,0.14285714285714285,,5.0,,
cemhsey,cemhsey_forward_day_logo,cemhsey_forward_day_logo|D02,plain_conf_threshold_matched_tau_0.02,S9,grasp_protocol,D02,42,0.0,0.0,0.14285714285714285,,5.0,,
cemhsey,cemhsey_forward_day_logo,cemhsey_forward_day_logo|D02,plain_conf_threshold_matched_tau_0.05,S1,grasp_protocol,D02,42,0.0,0.0,0.21428571428571427,15.0,5.0,,
cemhsey,cemhsey_forward_day_logo,cemhsey_forward_day_logo|D02,plain_conf_threshold_matched_tau_0.05,S10,grasp_protocol,D02,42,0.0,0.0,0.047619047619047616,,5.0,,
cemhsey,cemhsey_forward_day_logo,cemhsey_forward_day_logo|D02,plain_conf_threshold_matched_tau_0.05,S11,grasp_protocol,D02,42,0.0,0.0,0.23809523809523808,,5.0,,
cemhsey,cemhsey_forward_day_logo,cemhsey_forward_day_logo|D02,plain_conf_threshold_matched_tau_0.05,S12,grasp_protocol,D02,42,0.0,0.0,0.21428571428571427,,5.0,,
cemhsey,cemhsey_forward_day_logo,cemhsey_forward_day_logo|D02,plain_conf_threshold_matched_tau_0.05,S13,grasp_protocol,D02,42,0.0,0.0,0.19047619047619047,,5.0,,
cemhsey,cemhsey_forward_day_logo,cemhsey_forward_day_logo|D02,plain_conf_threshold_matched_tau_0.05,S2,grasp_protocol,D02,42,0.0,0.0,0.30952380952380953,20.0,5.0,,
cemhsey,cemhsey_forward_day_logo,cemhsey_forward_day_logo|D02,plain_conf_threshold_matched_tau_0.05,S3,grasp_protocol,D02,42,0.0,0.0,0.23809523809523808,,5.0,,
cemhsey,cemhsey_forward_day_logo,cemhsey_forward_day_logo|D02,plain_conf_threshold_matched_tau_0.05,S4,grasp_protocol,D02,42,0.0,0.0,0.14285714285714285,20.0,10.0,,
cemhsey,cemhsey_forward_day_logo,cemhsey_forward_day_logo|D02,plain_conf_threshold_matched_tau_0.05,S5,grasp_protocol,D02,42,0.0,0.0,0.42857142857142855,,5.0,,
cemhsey,cemhsey_forward_day_logo,cemhsey_forward_day_logo|D02,plain_conf_threshold_matched_tau_0.05,S6,grasp_protocol,D02,42,0.0,0.0,0.30952380952380953,,5.0,,
cemhsey,cemhsey_forward_day_logo,cemhsey_forward_day_logo|D02,plain_conf_threshold_matched_tau_0.05,S7,grasp_protocol,D02,42,0.0,0.0,0.21428571428571427,,5.0,,
cemhsey,cemhsey_forward_day_logo,cemhsey_forward_day_logo|D02,plain_conf_threshold_matched_tau_0.05,S8,grasp_protocol,D02,42,0.0,0.0,0.14285714285714285,,5.0,,
cemhsey,cemhsey_forward_day_logo,cemhsey_forward_day_logo|D02,plain_conf_threshold_matched_tau_0.05,S9,grasp_protocol,D02,42,0.0,0.0,0.14285714285714285,,5.0,,
cemhsey,cemhsey_forward_day_logo,cemhsey_forward_day_logo|D02,plain_conf_threshold_matched_tau_0.10,S1,grasp_protocol,D02,42,0.0,0.0,0.21428571428571427,12.5,5.0,,
cemhsey,cemhsey_forward_day_logo,cemhsey_forward_day_logo|D02,plain_conf_threshold_matched_tau_0.10,S10,grasp_protocol,D02,42,0.0,0.0,0.047619047619047616,,5.0,,
cemhsey,cemhsey_forward_day_logo,cemhsey_forward_day_logo|D02,plain_conf_threshold_matched_tau_0.10,S11,grasp_protocol,D02,42,0.0,0.0,0.23809523809523808,,5.0,,
cemhsey,cemhsey_forward_day_logo,cemhsey_forward_day_logo|D02,plain_conf_threshold_matched_tau_0.10,S12,grasp_protocol,D02,42,0.0,0.0,0.21428571428571427,,5.0,,
cemhsey,cemhsey_forward_day_logo,cemhsey_forward_day_logo|D02,plain_conf_threshold_matched_tau_0.10,S13,grasp_protocol,D02,42,0.023809523809523808,0.0,0.21428571428571427,17.5,5.0,15.0,
cemhsey,cemhsey_forward_day_logo,cemhsey_forward_day_logo|D02,plain_conf_threshold_matched_tau_0.10,S2,grasp_protocol,D02,42,0.0,0.0,0.30952380952380953,20.0,5.0,,
cemhsey,cemhsey_forward_day_logo,cemhsey_forward_day_logo|D02,plain_conf_threshold_matched_tau_0.10,S3,grasp_protocol,D02,42,0.0,0.0,0.2619047619047619,15.0,5.0,,
cemhsey,cemhsey_forward_day_logo,cemhsey_forward_day_logo|D02,plain_conf_threshold_matched_tau_0.10,S4,grasp_protocol,D02,42,0.047619047619047616,0.047619047619047616,0.16666666666666666,20.0,10.0,20.0,20.0
cemhsey,cemhsey_forward_day_logo,cemhsey_forward_day_logo|D02,plain_conf_threshold_matched_tau_0.10,S5,grasp_protocol,D02,42,0.0,0.0,0.4523809523809524,17.5,5.0,,
cemhsey,cemhsey_forward_day_logo,cemhsey_forward_day_logo|D02,plain_conf_threshold_matched_tau_0.10,S6,grasp_protocol,D02,42,0.0,0.0,0.30952380952380953,,5.0,,
cemhsey,cemhsey_forward_day_logo,cemhsey_forward_day_logo|D02,plain_conf_threshold_matched_tau_0.10,S7,grasp_protocol,D02,42,0.0,0.0,0.21428571428571427,,5.0,,
cemhsey,cemhsey_forward_day_logo,cemhsey_forward_day_logo|D02,plain_conf_threshold_matched_tau_0.10,S8,grasp_protocol,D02,42,0.0,0.0,0.14285714285714285,,5.0,,
cemhsey,cemhsey_forward_day_logo,cemhsey_forward_day_logo|D02,plain_conf_threshold_matched_tau_0.10,S9,grasp_protocol,D02,42,0.0,0.0,0.14285714285714285,,5.0,,
cemhsey,cemhsey_forward_day_logo,cemhsey_forward_day_logo|D02,plain_conf_threshold_matched_tau_0.15,S1,grasp_protocol,D02,42,0.023809523809523808,0.023809523809523808,0.21428571428571427,10.0,5.0,15.0,15.0
cemhsey,cemhsey_forward_day_logo,cemhsey_forward_day_logo|D02,plain_conf_threshold_matched_tau_0.15,S10,grasp_protocol,D02,42,0.023809523809523808,0.023809523809523808,0.07142857142857142,20.0,5.0,20.0,20.0
cemhsey,cemhsey_forward_day_logo,cemhsey_forward_day_logo|D02,plain_conf_threshold_matched_tau_0.15,S11,grasp_protocol,D02,42,0.0,0.0,0.23809523809523808,,5.0,,
cemhsey,cemhsey_forward_day_logo,cemhsey_forward_day_logo|D02,plain_conf_threshold_matched_tau_0.15,S12,grasp_protocol,D02,42,0.023809523809523808,0.023809523809523808,0.23809523809523808,20.0,5.0,20.0,20.0
cemhsey,cemhsey_forward_day_logo,cemhsey_forward_day_logo|D02,plain_conf_threshold_matched_tau_0.15,S13,grasp_protocol,D02,42,0.023809523809523808,0.0,0.23809523809523808,20.0,5.0,15.0,
cemhsey,cemhsey_forward_day_logo,cemhsey_forward_day_logo|D02,plain_conf_threshold_matched_tau_0.15,S2,grasp_protocol,D02,42,0.0,0.0,0.30952380952380953,20.0,5.0,,
cemhsey,cemhsey_forward_day_logo,cemhsey_forward_day_logo|D02,plain_conf_threshold_matched_tau_0.15,S3,grasp_protocol,D02,42,0.047619047619047616,0.023809523809523808,0.2619047619047619,12.5,5.0,15.0,20.0
cemhsey,cemhsey_forward_day_logo,cemhsey_forward_day_logo|D02,plain_conf_threshold_matched_tau_0.15,S4,grasp_protocol,D02,42,0.047619047619047616,0.047619047619047616,0.16666666666666666,20.0,10.0,20.0,20.0
cemhsey,cemhsey_forward_day_logo,cemhsey_forward_day_logo|D02,plain_conf_threshold_matched_tau_0.15,S5,grasp_protocol,D02,42,0.0,0.0,0.4523809523809524,17.5,5.0,,
cemhsey,cemhsey_forward_day_logo,cemhsey_forward_day_logo|D02,plain_conf_threshold_matched_tau_0.15,S6,grasp_protocol,D02,42,0.0,0.0,0.30952380952380953,,5.0,,
cemhsey,cemhsey_forward_day_logo,cemhsey_forward_day_logo|D02,plain_conf_threshold_matched_tau_0.15,S7,grasp_protocol,D02,42,0.0,0.0,0.21428571428571427,,5.0,,
cemhsey,cemhsey_forward_day_logo,cemhsey_forward_day_logo|D02,plain_conf_threshold_matched_tau_0.15,S8,grasp_protocol,D02,42,0.0,0.0,0.14285714285714285,,5.0,,
cemhsey,cemhsey_forward_day_logo,cemhsey_forward_day_logo|D02,plain_conf_threshold_matched_tau_0.15,S9,grasp_protocol,D02,42,0.0,0.0,0.14285714285714285,,5.0,,
cemhsey,cemhsey_forward_day_logo,cemhsey_forward_day_logo|D02,plain_conf_threshold_matched_tau_0.20,S1,grasp_protocol,D02,42,0.023809523809523808,0.023809523809523808,0.21428571428571427,10.0,5.0,15.0,15.0
cemhsey,cemhsey_forward_day_logo,cemhsey_forward_day_logo|D02,plain_conf_threshold_matched_tau_0.20,S10,grasp_protocol,D02,42,0.023809523809523808,0.023809523809523808,0.07142857142857142,20.0,5.0,20.0,20.0
cemhsey,cemhsey_forward_day_logo,cemhsey_forward_day_logo|D02,plain_conf_threshold_matched_tau_0.20,S11,grasp_protocol,D02,42,0.0,0.0,0.23809523809523808,,5.0,,
cemhsey,cemhsey_forward_day_logo,cemhsey_forward_day_logo|D02,plain_conf_threshold_matched_tau_0.20,S12,grasp_protocol,D02,42,0.023809523809523808,0.023809523809523808,0.23809523809523808,20.0,5.0,20.0,20.0
cemhsey,cemhsey_forward_day_logo,cemhsey_forward_day_logo|D02,plain_conf_threshold_matched_tau_0.20,S13,grasp_protocol,D02,42,0.07142857142857142,0.047619047619047616,0.23809523809523808,20.0,5.0,20.0,20.0
cemhsey,cemhsey_forward_day_logo,cemhsey_forward_day_logo|D02,plain_conf_threshold_matched_tau_0.20,S2,grasp_protocol,D02,42,0.0,0.0,0.30952380952380953,20.0,5.0,,
cemhsey,cemhsey_forward_day_logo,cemhsey_forward_day_logo|D02,plain_conf_threshold_matched_tau_0.20,S3,grasp_protocol,D02,42,0.047619047619047616,0.023809523809523808,0.2619047619047619,12.5,5.0,15.0,20.0
cemhsey,cemhsey_forward_day_logo,cemhsey_forward_day_logo|D02,plain_conf_threshold_matched_tau_0.20,S4,grasp_protocol,D02,42,0.047619047619047616,0.047619047619047616,0.16666666666666666,20.0,10.0,20.0,20.0
cemhsey,cemhsey_forward_day_logo,cemhsey_forward_day_logo|D02,plain_conf_threshold_matched_tau_0.20,S5,grasp_protocol,D02,42,0.047619047619047616,0.047619047619047616,0.47619047619047616,20.0,5.0,20.0,20.0
cemhsey,cemhsey_forward_day_logo,cemhsey_forward_day_logo|D02,plain_conf_threshold_matched_tau_0.20,S6,grasp_protocol,D02,42,0.0,0.0,0.30952380952380953,,5.0,,
cemhsey,cemhsey_forward_day_logo,cemhsey_forward_day_logo|D02,plain_conf_threshold_matched_tau_0.20,S7,grasp_protocol,D02,42,0.0,0.0,0.21428571428571427,,5.0,,
cemhsey,cemhsey_forward_day_logo,cemhsey_forward_day_logo|D02,plain_conf_threshold_matched_tau_0.20,S8,grasp_protocol,D02,42,0.0,0.0,0.14285714285714285,,5.0,,
cemhsey,cemhsey_forward_day_logo,cemhsey_forward_day_logo|D02,plain_conf_threshold_matched_tau_0.20,S9,grasp_protocol,D02,42,0.0,0.0,0.14285714285714285,,5.0,,
cemhsey,cemhsey_forward_day_logo,cemhsey_forward_day_logo|D02,selective_prediction,S1,grasp_protocol,D02,42,0.023809523809523808,0.0,0.23809523809523808,15.0,5.0,15.0,
cemhsey,cemhsey_forward_day_logo,cemhsey_forward_day_logo|D02,selective_prediction,S10,grasp_protocol,D02,42,0.023809523809523808,0.0,0.047619047619047616,20.0,5.0,20.0,
cemhsey,cemhsey_forward_day_logo,cemhsey_forward_day_logo|D02,selective_prediction,S11,grasp_protocol,D02,42,0.0,0.0,0.23809523809523808,,5.0,,
cemhsey,cemhsey_forward_day_logo,cemhsey_forward_day_logo|D02,selective_prediction,S12,grasp_protocol,D02,42,0.0,0.0,0.21428571428571427,,5.0,,
cemhsey,cemhsey_forward_day_logo,cemhsey_forward_day_logo|D02,selective_prediction,S13,grasp_protocol,D02,42,0.047619047619047616,0.0,0.19047619047619047,17.5,5.0,17.5,
cemhsey,cemhsey_forward_day_logo,cemhsey_forward_day_logo|D02,selective_prediction,S2,grasp_protocol,D02,42,0.0,0.0,0.30952380952380953,20.0,5.0,,
cemhsey,cemhsey_forward_day_logo,cemhsey_forward_day_logo|D02,selective_prediction,S3,grasp_protocol,D02,42,0.023809523809523808,0.0,0.23809523809523808,15.0,5.0,20.0,
cemhsey,cemhsey_forward_day_logo,cemhsey_forward_day_logo|D02,selective_prediction,S4,grasp_protocol,D02,42,0.047619047619047616,0.0,0.11904761904761904,20.0,10.0,20.0,
cemhsey,cemhsey_forward_day_logo,cemhsey_forward_day_logo|D02,selective_prediction,S5,grasp_protocol,D02,42,0.023809523809523808,0.0,0.42857142857142855,17.5,5.0,20.0,
cemhsey,cemhsey_forward_day_logo,cemhsey_forward_day_logo|D02,selective_prediction,S6,grasp_protocol,D02,42,0.0,0.0,0.30952380952380953,,5.0,,
cemhsey,cemhsey_forward_day_logo,cemhsey_forward_day_logo|D02,selective_prediction,S7,grasp_protocol,D02,42,0.0,0.0,0.21428571428571427,,5.0,,
cemhsey,cemhsey_forward_day_logo,cemhsey_forward_day_logo|D02,selective_prediction,S8,grasp_protocol,D02,42,0.0,0.0,0.14285714285714285,,5.0,,
cemhsey,cemhsey_forward_day_logo,cemhsey_forward_day_logo|D02,selective_prediction,S9,grasp_protocol,D02,42,0.0,0.0,0.14285714285714285,,5.0,,
cemhsey,cemhsey_forward_day_logo,cemhsey_forward_day_logo|D02,set_acsa_tau_0.02,S1,grasp_protocol,D02,42,0.023809523809523808,0.0,0.21428571428571427,20.0,5.0,15.0,
cemhsey,cemhsey_forward_day_logo,cemhsey_forward_day_logo|D02,set_acsa_tau_0.02,S10,grasp_protocol,D02,42,0.07142857142857142,0.023809523809523808,0.07142857142857142,10.0,5.0,10.0,20.0
cemhsey,cemhsey_forward_day_logo,cemhsey_forward_day_logo|D02,set_acsa_tau_0.02,S11,grasp_protocol,D02,42,0.047619047619047616,0.047619047619047616,0.23809523809523808,15.0,5.0,15.0,15.0
cemhsey,cemhsey_forward_day_logo,cemhsey_forward_day_logo|D02,set_acsa_tau_0.02,S12,grasp_protocol,D02,42,0.07142857142857142,0.047619047619047616,0.23809523809523808,12.5,5.0,15.0,17.5
cemhsey,cemhsey_forward_day_logo,cemhsey_forward_day_logo|D02,set_acsa_tau_0.02,S13,grasp_protocol,D02,42,0.0,0.0,0.19047619047619047,,5.0,,
cemhsey,cemhsey_forward_day_logo,cemhsey_forward_day_logo|D02,set_acsa_tau_0.02,S2,grasp_protocol,D02,42,0.09523809523809523,0.047619047619047616,0.3333333333333333,12.5,5.0,12.5,17.5
cemhsey,cemhsey_forward_day_logo,cemhsey_forward_day_logo|D02,set_acsa_tau_0.02,S3,grasp_protocol,D02,42,0.047619047619047616,0.023809523809523808,0.2619047619047619,15.0,5.0,17.5,20.0
cemhsey,cemhsey_forward_day_logo,cemhsey_forward_day_logo|D02,set_acsa_tau_0.02,S4,grasp_protocol,D02,42,0.047619047619047616,0.0,0.11904761904761904,15.0,10.0,7.5,
cemhsey,cemhsey_forward_day_logo,cemhsey_forward_day_logo|D02,set_acsa_tau_0.02,S5,grasp_protocol,D02,42,0.047619047619047616,0.047619047619047616,0.47619047619047616,20.0,5.0,20.0,20.0
cemhsey,cemhsey_forward_day_logo,cemhsey_forward_day_logo|D02,set_acsa_tau_0.02,S6,grasp_protocol,D02,42,0.07142857142857142,0.047619047619047616,0.35714285714285715,15.0,5.0,15.0,20.0
cemhsey,cemhsey_forward_day_logo,cemhsey_forward_day_logo|D02,set_acsa_tau_0.02,S7,grasp_protocol,D02,42,0.047619047619047616,0.047619047619047616,0.23809523809523808,12.5,5.0,12.5,12.5
cemhsey,cemhsey_forward_day_logo,cemhsey_forward_day_logo|D02,set_acsa_tau_0.02,S8,grasp_protocol,D02,42,0.07142857142857142,0.0,0.14285714285714285,12.5,5.0,10.0,
cemhsey,cemhsey_forward_day_logo,cemhsey_forward_day_logo|D02,set_acsa_tau_0.02,S9,grasp_protocol,D02,42,0.0,0.0,0.14285714285714285,15.0,5.0,,
cemhsey,cemhsey_forward_day_logo,cemhsey_forward_day_logo|D02,set_acsa_tau_0.05,S1,grasp_protocol,D02,42,0.047619047619047616,0.023809523809523808,0.23809523809523808,15.0,5.0,17.5,20.0
cemhsey,cemhsey_forward_day_logo,cemhsey_forward_day_logo|D02,set_acsa_tau_0.05,S10,grasp_protocol,D02,42,0.19047619047619047,0.07142857142857142,0.11904761904761904,10.0,5.0,10.0,20.0
cemhsey,cemhsey_forward_day_logo,cemhsey_forward_day_logo|D02,set_acsa_tau_0.05,S11,grasp_protocol,D02,42,0.09523809523809523,0.047619047619047616,0.23809523809523808,10.0,5.0,12.5,15.0
cemhsey,cemhsey_forward_day_logo,cemhsey_forward_day_logo|D02,set_acsa_tau_0.05,S12,grasp_protocol,D02,42,0.16666666666666666,0.11904761904761904,0.30952380952380953,10.0,5.0,15.0,20.0
cemhsey,cemhsey_forward_day_logo,cemhsey_forward_day_logo|D02,set_acsa_tau_0.05,S13,grasp_protocol,D02,42,0.047619047619047616,0.047619047619047616,0.21428571428571427,5.0,5.0,17.5,17.5
cemhsey,cemhsey_forward_day_logo,cemhsey_forward_day_logo|D02,set_acsa_tau_0.05,S2,grasp_protocol,D02,42,0.23809523809523808,0.16666666666666666,0.42857142857142855,15.0,5.0,17.5,20.0
cemhsey,cemhsey_forward_day_logo,cemhsey_forward_day_logo|D02,set_acsa_tau_0.05,S3,grasp_protocol,D02,42,0.11904761904761904,0.07142857142857142,0.30952380952380953,15.0,5.0,15.0,20.0
cemhsey,cemhsey_forward_day_logo,cemhsey_forward_day_logo|D02,set_acsa_tau_0.05,S4,grasp_protocol,D02,42,0.09523809523809523,0.023809523809523808,0.14285714285714285,20.0,10.0,7.5,20.0
cemhsey,cemhsey_forward_day_logo,cemhsey_forward_day_logo|D02,set_acsa_tau_0.05,S5,grasp_protocol,D02,42,0.07142857142857142,0.07142857142857142,0.47619047619047616,20.0,5.0,20.0,20.0
cemhsey,cemhsey_forward_day_logo,cemhsey_forward_day_logo|D02,set_acsa_tau_0.05,S6,grasp_protocol,D02,42,0.14285714285714285,0.07142857142857142,0.35714285714285715,15.0,5.0,12.5,15.0
cemhsey,cemhsey_forward_day_logo,cemhsey_forward_day_logo|D02,set_acsa_tau_0.05,S7,grasp_protocol,D02,42,0.07142857142857142,0.047619047619047616,0.23809523809523808,12.5,5.0,10.0,12.5
cemhsey,cemhsey_forward_day_logo,cemhsey_forward_day_logo|D02,set_acsa_tau_0.05,S8,grasp_protocol,D02,42,0.09523809523809523,0.0,0.14285714285714285,10.0,5.0,10.0,
cemhsey,cemhsey_forward_day_logo,cemhsey_forward_day_logo|D02,set_acsa_tau_0.05,S9,grasp_protocol,D02,42,0.047619047619047616,0.047619047619047616,0.16666666666666666,15.0,5.0,20.0,20.0
cemhsey,cemhsey_forward_day_logo,cemhsey_forward_day_logo|D02,set_acsa_tau_0.10,S1,grasp_protocol,D02,42,0.07142857142857142,0.047619047619047616,0.2619047619047619,10.0,5.0,15.0,15.0
cemhsey,cemhsey_forward_day_logo,cemhsey_forward_day_logo|D02,set_acsa_tau_0.10,S10,grasp_protocol,D02,42,0.23809523809523808,0.09523809523809523,0.14285714285714285,10.0,5.0,10.0,20.0
cemhsey,cemhsey_forward_day_logo,cemhsey_forward_day_logo|D02,set_acsa_tau_0.10,S11,grasp_protocol,D02,42,0.11904761904761904,0.047619047619047616,0.23809523809523808,10.0,5.0,10.0,15.0
cemhsey,cemhsey_forward_day_logo,cemhsey_forward_day_logo|D02,set_acsa_tau_0.10,S12,grasp_protocol,D02,42,0.2857142857142857,0.21428571428571427,0.38095238095238093,12.5,5.0,17.5,20.0
cemhsey,cemhsey_forward_day_logo,cemhsey_forward_day_logo|D02,set_acsa_tau_0.10,S13,grasp_protocol,D02,42,0.11904761904761904,0.07142857142857142,0.21428571428571427,10.0,5.0,15.0,20.0
cemhsey,cemhsey_forward_day_logo,cemhsey_forward_day_logo|D02,set_acsa_tau_0.10,S2,grasp_protocol,D02,42,0.40476190476190477,0.3333333333333333,0.5238095238095238,15.0,5.0,15.0,20.0
cemhsey,cemhsey_forward_day_logo,cemhsey_forward_day_logo|D02,set_acsa_tau_0.10,S3,grasp_protocol,D02,42,0.23809523809523808,0.16666666666666666,0.40476190476190477,15.0,5.0,20.0,20.0
cemhsey,cemhsey_forward_day_logo,cemhsey_forward_day_logo|D02,set_acsa_tau_0.10,S4,grasp_protocol,D02,42,0.21428571428571427,0.09523809523809523,0.19047619047619047,15.0,5.0,5.0,12.5
cemhsey,cemhsey_forward_day_logo,cemhsey_forward_day_logo|D02,set_acsa_tau_0.10,S5,grasp_protocol,D02,42,0.19047619047619047,0.14285714285714285,0.5,20.0,5.0,20.0,20.0
cemhsey,cemhsey_forward_day_logo,cemhsey_forward_day_logo|D02,set_acsa_tau_0.10,S6,grasp_protocol,D02,42,0.2857142857142857,0.21428571428571427,0.4523809523809524,15.0,5.0,15.0,15.0
cemhsey,cemhsey_forward_day_logo,cemhsey_forward_day_logo|D02,set_acsa_tau_0.10,S7,grasp_protocol,D02,42,0.09523809523809523,0.09523809523809523,0.2619047619047619,12.5,5.0,12.5,20.0
cemhsey,cemhsey_forward_day_logo,cemhsey_forward_day_logo|D02,set_acsa_tau_0.10,S8,grasp_protocol,D02,42,0.14285714285714285,0.0,0.11904761904761904,10.0,10.0,10.0,
cemhsey,cemhsey_forward_day_logo,cemhsey_forward_day_logo|D02,set_acsa_tau_0.10,S9,grasp_protocol,D02,42,0.21428571428571427,0.21428571428571427,0.2857142857142857,12.5,5.0,20.0,20.0
cemhsey,cemhsey_forward_day_logo,cemhsey_forward_day_logo|D02,set_acsa_tau_0.15,S1,grasp_protocol,D02,42,0.23809523809523808,0.19047619047619047,0.35714285714285715,15.0,5.0,20.0,20.0
cemhsey,cemhsey_forward_day_logo,cemhsey_forward_day_logo|D02,set_acsa_tau_0.15,S10,grasp_protocol,D02,42,0.2619047619047619,0.11904761904761904,0.16666666666666666,10.0,5.0,10.0,20.0
cemhsey,cemhsey_forward_day_logo,cemhsey_forward_day_logo|D02,set_acsa_tau_0.15,S11,grasp_protocol,D02,42,0.21428571428571427,0.14285714285714285,0.3333333333333333,15.0,5.0,15.0,20.0
cemhsey,cemhsey_forward_day_logo,cemhsey_forward_day_logo|D02,set_acsa_tau_0.15,S12,grasp_protocol,D02,42,0.30952380952380953,0.21428571428571427,0.35714285714285715,7.5,5.0,10.0,20.0
cemhsey,cemhsey_forward_day_logo,cemhsey_forward_day_logo|D02,set_acsa_tau_0.15,S13,grasp_protocol,D02,42,0.14285714285714285,0.09523809523809523,0.16666666666666666,15.0,5.0,15.0,20.0
cemhsey,cemhsey_forward_day_logo,cemhsey_forward_day_logo|D02,set_acsa_tau_0.15,S2,grasp_protocol,D02,42,0.47619047619047616,0.40476190476190477,0.5952380952380952,15.0,5.0,15.0,20.0
cemhsey,cemhsey_forward_day_logo,cemhsey_forward_day_logo|D02,set_acsa_tau_0.15,S3,grasp_protocol,D02,42,0.30952380952380953,0.23809523809523808,0.42857142857142855,20.0,5.0,20.0,20.0
cemhsey,cemhsey_forward_day_logo,cemhsey_forward_day_logo|D02,set_acsa_tau_0.15,S4,grasp_protocol,D02,42,0.23809523809523808,0.11904761904761904,0.21428571428571427,15.0,5.0,7.5,20.0
cemhsey,cemhsey_forward_day_logo,cemhsey_forward_day_logo|D02,set_acsa_tau_0.15,S5,grasp_protocol,D02,42,0.2619047619047619,0.23809523809523808,0.5476190476190477,15.0,5.0,20.0,20.0
cemhsey,cemhsey_forward_day_logo,cemhsey_forward_day_logo|D02,set_acsa_tau_0.15,S6,grasp_protocol,D02,42,0.3333333333333333,0.2619047619047619,0.5,15.0,5.0,12.5,15.0
cemhsey,cemhsey_forward_day_logo,cemhsey_forward_day_logo|D02,set_acsa_tau_0.15,S7,grasp_protocol,D02,42,0.14285714285714285,0.14285714285714285,0.30952380952380953,20.0,5.0,20.0,20.0
cemhsey,cemhsey_forward_day_logo,cemhsey_forward_day_logo|D02,set_acsa_tau_0.15,S8,grasp_protocol,D02,42,0.16666666666666666,0.0,0.11904761904761904,10.0,10.0,10.0,
cemhsey,cemhsey_forward_day_logo,cemhsey_forward_day_logo|D02,set_acsa_tau_0.15,S9,grasp_protocol,D02,42,0.21428571428571427,0.21428571428571427,0.2619047619047619,10.0,5.0,20.0,20.0
cemhsey,cemhsey_forward_day_logo,cemhsey_forward_day_logo|D02,set_acsa_tau_0.20,S1,grasp_protocol,D02,42,0.30952380952380953,0.2619047619047619,0.42857142857142855,20.0,5.0,20.0,20.0
cemhsey,cemhsey_forward_day_logo,cemhsey_forward_day_logo|D02,set_acsa_tau_0.20,S10,grasp_protocol,D02,42,0.3333333333333333,0.21428571428571427,0.2619047619047619,10.0,5.0,20.0,20.0
cemhsey,cemhsey_forward_day_logo,cemhsey_forward_day_logo|D02,set_acsa_tau_0.20,S11,grasp_protocol,D02,42,0.23809523809523808,0.14285714285714285,0.3333333333333333,15.0,5.0,17.5,20.0
cemhsey,cemhsey_forward_day_logo,cemhsey_forward_day_logo|D02,set_acsa_tau_0.20,S12,grasp_protocol,D02,42,0.3333333333333333,0.2619047619047619,0.40476190476190477,5.0,5.0,12.5,20.0
cemhsey,cemhsey_forward_day_logo,cemhsey_forward_day_logo|D02,set_acsa_tau_0.20,S13,grasp_protocol,D02,42,0.30952380952380953,0.2857142857142857,0.35714285714285715,20.0,5.0,20.0,20.0
cemhsey,cemhsey_forward_day_logo,cemhsey_forward_day_logo|D02,set_acsa_tau_0.20,S2,grasp_protocol,D02,42,0.5476190476190477,0.47619047619047616,0.6666666666666666,15.0,5.0,20.0,20.0
cemhsey,cemhsey_forward_day_logo,cemhsey_forward_day_logo|D02,set_acsa_tau_0.20,S3,grasp_protocol,D02,42,0.35714285714285715,0.30952380952380953,0.5,20.0,5.0,20.0,20.0
cemhsey,cemhsey_forward_day_logo,cemhsey_forward_day_logo|D02,set_acsa_tau_0.20,S4,grasp_protocol,D02,42,0.23809523809523808,0.11904761904761904,0.21428571428571427,15.0,5.0,7.5,20.0
cemhsey,cemhsey_forward_day_logo,cemhsey_forward_day_logo|D02,set_acsa_tau_0.20,S5,grasp_protocol,D02,42,0.2857142857142857,0.2619047619047619,0.5714285714285714,15.0,5.0,20.0,20.0
cemhsey,cemhsey_forward_day_logo,cemhsey_forward_day_logo|D02,set_acsa_tau_0.20,S6,grasp_protocol,D02,42,0.3333333333333333,0.2619047619047619,0.4523809523809524,15.0,5.0,12.5,15.0
cemhsey,cemhsey_forward_day_logo,cemhsey_forward_day_logo|D02,set_acsa_tau_0.20,S7,grasp_protocol,D02,42,0.16666666666666666,0.16666666666666666,0.3333333333333333,20.0,5.0,20.0,20.0
cemhsey,cemhsey_forward_day_logo,cemhsey_forward_day_logo|D02,set_acsa_tau_0.20,S8,grasp_protocol,D02,42,0.16666666666666666,0.023809523809523808,0.14285714285714285,10.0,10.0,10.0,10.0
cemhsey,cemhsey_forward_day_logo,cemhsey_forward_day_logo|D02,set_acsa_tau_0.20,S9,grasp_protocol,D02,42,0.23809523809523808,0.23809523809523808,0.2857142857142857,10.0,5.0,20.0,20.0
cemhsey,cemhsey_forward_day_logo,cemhsey_forward_day_logo|D02,user_only,S1,grasp_protocol,D02,42,0.0,0.0,0.23809523809523808,,5.0,,
cemhsey,cemhsey_forward_day_logo,cemhsey_forward_day_logo|D02,user_only,S10,grasp_protocol,D02,42,0.0,0.0,0.047619047619047616,,5.0,,
cemhsey,cemhsey_forward_day_logo,cemhsey_forward_day_logo|D02,user_only,S11,grasp_protocol,D02,42,0.0,0.0,0.23809523809523808,,5.0,,
cemhsey,cemhsey_forward_day_logo,cemhsey_forward_day_logo|D02,user_only,S12,grasp_protocol,D02,42,0.0,0.0,0.21428571428571427,,5.0,,
cemhsey,cemhsey_forward_day_logo,cemhsey_forward_day_logo|D02,user_only,S13,grasp_protocol,D02,42,0.0,0.0,0.19047619047619047,,5.0,,
cemhsey,cemhsey_forward_day_logo,cemhsey_forward_day_logo|D02,user_only,S2,grasp_protocol,D02,42,0.0,0.0,0.30952380952380953,,5.0,,
cemhsey,cemhsey_forward_day_logo,cemhsey_forward_day_logo|D02,user_only,S3,grasp_protocol,D02,42,0.0,0.0,0.23809523809523808,,5.0,,
cemhsey,cemhsey_forward_day_logo,cemhsey_forward_day_logo|D02,user_only,S4,grasp_protocol,D02,42,0.0,0.0,0.11904761904761904,,10.0,,
cemhsey,cemhsey_forward_day_logo,cemhsey_forward_day_logo|D02,user_only,S5,grasp_protocol,D02,42,0.0,0.0,0.42857142857142855,,5.0,,
cemhsey,cemhsey_forward_day_logo,cemhsey_forward_day_logo|D02,user_only,S6,grasp_protocol,D02,42,0.0,0.0,0.30952380952380953,,5.0,,
cemhsey,cemhsey_forward_day_logo,cemhsey_forward_day_logo|D02,user_only,S7,grasp_protocol,D02,42,0.0,0.0,0.21428571428571427,,5.0,,
cemhsey,cemhsey_forward_day_logo,cemhsey_forward_day_logo|D02,user_only,S8,grasp_protocol,D02,42,0.0,0.0,0.14285714285714285,,5.0,,
cemhsey,cemhsey_forward_day_logo,cemhsey_forward_day_logo|D02,user_only,S9,grasp_protocol,D02,42,0.0,0.0,0.14285714285714285,,5.0,,
cemhsey,cemhsey_forward_day_logo,cemhsey_forward_day_logo|D03,agency_margin_tau_0.02,S1,grasp_protocol,D03,42,0.07142857142857142,0.07142857142857142,0.40476190476190477,20.0,5.0,20.0,20.0
cemhsey,cemhsey_forward_day_logo,cemhsey_forward_day_logo|D03,agency_margin_tau_0.02,S10,grasp_protocol,D03,42,0.023809523809523808,0.0,0.21428571428571427,5.0,5.0,5.0,
cemhsey,cemhsey_forward_day_logo,cemhsey_forward_day_logo|D03,agency_margin_tau_0.02,S11,grasp_protocol,D03,42,0.047619047619047616,0.023809523809523808,0.5238095238095238,15.0,5.0,15.0,20.0
cemhsey,cemhsey_forward_day_logo,cemhsey_forward_day_logo|D03,agency_margin_tau_0.02,S12,grasp_protocol,D03,42,0.11904761904761904,0.023809523809523808,0.2619047619047619,15.0,5.0,10.0,20.0
cemhsey,cemhsey_forward_day_logo,cemhsey_forward_day_logo|D03,agency_margin_tau_0.02,S13,grasp_protocol,D03,42,0.07142857142857142,0.023809523809523808,0.2619047619047619,15.0,5.0,5.0,5.0
cemhsey,cemhsey_forward_day_logo,cemhsey_forward_day_logo|D03,agency_margin_tau_0.02,S2,grasp_protocol,D03,42,0.047619047619047616,0.047619047619047616,0.30952380952380953,20.0,5.0,20.0,20.0
cemhsey,cemhsey_forward_day_logo,cemhsey_forward_day_logo|D03,agency_margin_tau_0.02,S3,grasp_protocol,D03,42,0.11904761904761904,0.09523809523809523,0.38095238095238093,20.0,5.0,20.0,20.0
cemhsey,cemhsey_forward_day_logo,cemhsey_forward_day_logo|D03,agency_margin_tau_0.02,S4,grasp_protocol,D03,42,0.09523809523809523,0.07142857142857142,0.30952380952380953,17.5,5.0,17.5,20.0
cemhsey,cemhsey_forward_day_logo,cemhsey_forward_day_logo|D03,agency_margin_tau_0.02,S5,grasp_protocol,D03,42,0.14285714285714285,0.11904761904761904,0.40476190476190477,17.5,5.0,17.5,20.0
cemhsey,cemhsey_forward_day_logo,cemhsey_forward_day_logo|D03,agency_margin_tau_0.02,S6,grasp_protocol,D03,42,0.07142857142857142,0.023809523809523808,0.35714285714285715,15.0,5.0,15.0,20.0
cemhsey,cemhsey_forward_day_logo,cemhsey_forward_day_logo|D03,agency_margin_tau_0.02,S7,grasp_protocol,D03,42,0.11904761904761904,0.023809523809523808,0.23809523809523808,5.0,5.0,10.0,20.0
cemhsey,cemhsey_forward_day_logo,cemhsey_forward_day_logo|D03,agency_margin_tau_0.02,S8,grasp_protocol,D03,42,0.07142857142857142,0.047619047619047616,0.14285714285714285,15.0,5.0,20.0,20.0
cemhsey,cemhsey_forward_day_logo,cemhsey_forward_day_logo|D03,agency_margin_tau_0.02,S9,grasp_protocol,D03,42,0.09523809523809523,0.047619047619047616,0.38095238095238093,20.0,5.0,17.5,20.0
cemhsey,cemhsey_forward_day_logo,cemhsey_forward_day_logo|D03,agency_margin_tau_0.05,S1,grasp_protocol,D03,42,0.23809523809523808,0.16666666666666666,0.4523809523809524,20.0,5.0,15.0,20.0
cemhsey,cemhsey_forward_day_logo,cemhsey_forward_day_logo|D03,agency_margin_tau_0.05,S10,grasp_protocol,D03,42,0.07142857142857142,0.0,0.21428571428571427,10.0,5.0,5.0,
cemhsey,cemhsey_forward_day_logo,cemhsey_forward_day_logo|D03,agency_margin_tau_0.05,S11,grasp_protocol,D03,42,0.11904761904761904,0.023809523809523808,0.5238095238095238,10.0,5.0,10.0,20.0
cemhsey,cemhsey_forward_day_logo,cemhsey_forward_day_logo|D03,agency_margin_tau_0.05,S12,grasp_protocol,D03,42,0.23809523809523808,0.14285714285714285,0.35714285714285715,15.0,5.0,20.0,20.0
cemhsey,cemhsey_forward_day_logo,cemhsey_forward_day_logo|D03,agency_margin_tau_0.05,S13,grasp_protocol,D03,42,0.11904761904761904,0.047619047619047616,0.2619047619047619,15.0,5.0,5.0,12.5
cemhsey,cemhsey_forward_day_logo,cemhsey_forward_day_logo|D03,agency_margin_tau_0.05,S2,grasp_protocol,D03,42,0.30952380952380953,0.2857142857142857,0.5476190476190477,20.0,5.0,20.0,20.0
cemhsey,cemhsey_forward_day_logo,cemhsey_forward_day_logo|D03,agency_margin_tau_0.05,S3,grasp_protocol,D03,42,0.2619047619047619,0.23809523809523808,0.47619047619047616,20.0,5.0,20.0,20.0
cemhsey,cemhsey_forward_day_logo,cemhsey_forward_day_logo|D03,agency_margin_tau_0.05,S4,grasp_protocol,D03,42,0.21428571428571427,0.07142857142857142,0.30952380952380953,10.0,5.0,10.0,20.0
cemhsey,cemhsey_forward_day_logo,cemhsey_forward_day_logo|D03,agency_margin_tau_0.05,S5,grasp_protocol,D03,42,0.2619047619047619,0.23809523809523808,0.5238095238095238,20.0,5.0,20.0,20.0
cemhsey,cemhsey_forward_day_logo,cemhsey_forward_day_logo|D03,agency_margin_tau_0.05,S6,grasp_protocol,D03,42,0.16666666666666666,0.09523809523809523,0.40476190476190477,15.0,5.0,15.0,17.5
cemhsey,cemhsey_forward_day_logo,cemhsey_forward_day_logo|D03,agency_margin_tau_0.05,S7,grasp_protocol,D03,42,0.16666666666666666,0.023809523809523808,0.23809523809523808,10.0,5.0,10.0,20.0
cemhsey,cemhsey_forward_day_logo,cemhsey_forward_day_logo|D03,agency_margin_tau_0.05,S8,grasp_protocol,D03,42,0.16666666666666666,0.07142857142857142,0.16666666666666666,10.0,5.0,15.0,20.0
cemhsey,cemhsey_forward_day_logo,cemhsey_forward_day_logo|D03,agency_margin_tau_0.05,S9,grasp_protocol,D03,42,0.14285714285714285,0.14285714285714285,0.40476190476190477,15.0,5.0,17.5,17.5
cemhsey,cemhsey_forward_day_logo,cemhsey_forward_day_logo|D03,agency_margin_tau_0.10,S1,grasp_protocol,D03,42,0.38095238095238093,0.3333333333333333,0.5952380952380952,20.0,5.0,20.0,20.0
cemhsey,cemhsey_forward_day_logo,cemhsey_forward_day_logo|D03,agency_margin_tau_0.10,S10,grasp_protocol,D03,42,0.09523809523809523,0.023809523809523808,0.23809523809523808,10.0,5.0,5.0,10.0
cemhsey,cemhsey_forward_day_logo,cemhsey_forward_day_logo|D03,agency_margin_tau_0.10,S11,grasp_protocol,D03,42,0.21428571428571427,0.11904761904761904,0.6190476190476191,10.0,5.0,10.0,20.0
cemhsey,cemhsey_forward_day_logo,cemhsey_forward_day_logo|D03,agency_margin_tau_0.10,S12,grasp_protocol,D03,42,0.38095238095238093,0.2857142857142857,0.4523809523809524,15.0,5.0,20.0,20.0
cemhsey,cemhsey_forward_day_logo,cemhsey_forward_day_logo|D03,agency_margin_tau_0.10,S13,grasp_protocol,D03,42,0.23809523809523808,0.14285714285714285,0.2857142857142857,15.0,5.0,10.0,20.0
cemhsey,cemhsey_forward_day_logo,cemhsey_forward_day_logo|D03,agency_margin_tau_0.10,S2,grasp_protocol,D03,42,0.38095238095238093,0.35714285714285715,0.6190476190476191,20.0,5.0,20.0,20.0
cemhsey,cemhsey_forward_day_logo,cemhsey_forward_day_logo|D03,agency_margin_tau_0.10,S3,grasp_protocol,D03,42,0.38095238095238093,0.35714285714285715,0.5476190476190477,20.0,5.0,20.0,20.0
cemhsey,cemhsey_forward_day_logo,cemhsey_forward_day_logo|D03,agency_margin_tau_0.10,S4,grasp_protocol,D03,42,0.3333333333333333,0.21428571428571427,0.3333333333333333,20.0,5.0,15.0,20.0
cemhsey,cemhsey_forward_day_logo,cemhsey_forward_day_logo|D03,agency_margin_tau_0.10,S5,grasp_protocol,D03,42,0.40476190476190477,0.3333333333333333,0.5476190476190477,20.0,5.0,20.0,20.0
cemhsey,cemhsey_forward_day_logo,cemhsey_forward_day_logo|D03,agency_margin_tau_0.10,S6,grasp_protocol,D03,42,0.2857142857142857,0.21428571428571427,0.47619047619047616,15.0,5.0,17.5,20.0
cemhsey,cemhsey_forward_day_logo,cemhsey_forward_day_logo|D03,agency_margin_tau_0.10,S7,grasp_protocol,D03,42,0.23809523809523808,0.14285714285714285,0.35714285714285715,10.0,5.0,12.5,20.0
cemhsey,cemhsey_forward_day_logo,cemhsey_forward_day_logo|D03,agency_margin_tau_0.10,S8,grasp_protocol,D03,42,0.14285714285714285,0.09523809523809523,0.19047619047619047,10.0,5.0,12.5,12.5
cemhsey,cemhsey_forward_day_logo,cemhsey_forward_day_logo|D03,agency_margin_tau_0.10,S9,grasp_protocol,D03,42,0.23809523809523808,0.21428571428571427,0.42857142857142855,10.0,5.0,10.0,10.0
cemhsey,cemhsey_forward_day_logo,cemhsey_forward_day_logo|D03,agency_margin_tau_0.15,S1,grasp_protocol,D03,42,0.38095238095238093,0.35714285714285715,0.6190476190476191,20.0,5.0,20.0,20.0
cemhsey,cemhsey_forward_day_logo,cemhsey_forward_day_logo|D03,agency_margin_tau_0.15,S10,grasp_protocol,D03,42,0.09523809523809523,0.023809523809523808,0.23809523809523808,10.0,5.0,5.0,10.0
cemhsey,cemhsey_forward_day_logo,cemhsey_forward_day_logo|D03,agency_margin_tau_0.15,S11,grasp_protocol,D03,42,0.3333333333333333,0.2619047619047619,0.7380952380952381,15.0,5.0,17.5,20.0
cemhsey,cemhsey_forward_day_logo,cemhsey_forward_day_logo|D03,agency_margin_tau_0.15,S12,grasp_protocol,D03,42,0.35714285714285715,0.23809523809523808,0.35714285714285715,15.0,5.0,20.0,20.0
cemhsey,cemhsey_forward_day_logo,cemhsey_forward_day_logo|D03,agency_margin_tau_0.15,S13,grasp_protocol,D03,42,0.2619047619047619,0.16666666666666666,0.2619047619047619,17.5,5.0,10.0,20.0
cemhsey,cemhsey_forward_day_logo,cemhsey_forward_day_logo|D03,agency_margin_tau_0.15,S2,grasp_protocol,D03,42,0.4523809523809524,0.42857142857142855,0.6904761904761905,20.0,5.0,20.0,20.0
cemhsey,cemhsey_forward_day_logo,cemhsey_forward_day_logo|D03,agency_margin_tau_0.15,S3,grasp_protocol,D03,42,0.38095238095238093,0.38095238095238093,0.5238095238095238,20.0,5.0,20.0,20.0
cemhsey,cemhsey_forward_day_logo,cemhsey_forward_day_logo|D03,agency_margin_tau_0.15,S4,grasp_protocol,D03,42,0.47619047619047616,0.38095238095238093,0.5,20.0,5.0,17.5,20.0
cemhsey,cemhsey_forward_day_logo,cemhsey_forward_day_logo|D03,agency_margin_tau_0.15,S5,grasp_protocol,D03,42,0.42857142857142855,0.3333333333333333,0.5238095238095238,20.0,5.0,20.0,20.0
cemhsey,cemhsey_forward_day_logo,cemhsey_forward_day_logo|D03,agency_margin_tau_0.15,S6,grasp_protocol,D03,42,0.30952380952380953,0.2619047619047619,0.4523809523809524,17.5,5.0,15.0,20.0
cemhsey,cemhsey_forward_day_logo,cemhsey_forward_day_logo|D03,agency_margin_tau_0.15,S7,grasp_protocol,D03,42,0.2857142857142857,0.19047619047619047,0.40476190476190477,10.0,5.0,17.5,20.0
cemhsey,cemhsey_forward_day_logo,cemhsey_forward_day_logo|D03,agency_margin_tau_0.15,S8,grasp_protocol,D03,42,0.2619047619047619,0.14285714285714285,0.23809523809523808,10.0,5.0,15.0,17.5
cemhsey,cemhsey_forward_day_logo,cemhsey_forward_day_logo|D03,agency_margin_tau_0.15,S9,grasp_protocol,D03,42,0.2857142857142857,0.2619047619047619,0.42857142857142855,10.0,5.0,10.0,15.0
cemhsey,cemhsey_forward_day_logo,cemhsey_forward_day_logo|D03,agency_margin_tau_0.20,S1,grasp_protocol,D03,42,0.40476190476190477,0.38095238095238093,0.6428571428571429,20.0,5.0,20.0,20.0
cemhsey,cemhsey_forward_day_logo,cemhsey_forward_day_logo|D03,agency_margin_tau_0.20,S10,grasp_protocol,D03,42,0.09523809523809523,0.023809523809523808,0.23809523809523808,10.0,5.0,5.0,10.0
cemhsey,cemhsey_forward_day_logo,cemhsey_forward_day_logo|D03,agency_margin_tau_0.20,S11,grasp_protocol,D03,42,0.3333333333333333,0.2857142857142857,0.7619047619047619,15.0,5.0,17.5,20.0
cemhsey,cemhsey_forward_day_logo,cemhsey_forward_day_logo|D03,agency_margin_tau_0.20,S12,grasp_protocol,D03,42,0.40476190476190477,0.2857142857142857,0.40476190476190477,20.0,5.0,20.0,20.0
cemhsey,cemhsey_forward_day_logo,cemhsey_forward_day_logo|D03,agency_margin_tau_0.20,S13,grasp_protocol,D03,42,0.2619047619047619,0.16666666666666666,0.2619047619047619,17.5,5.0,10.0,20.0
cemhsey,cemhsey_forward_day_logo,cemhsey_forward_day_logo|D03,agency_margin_tau_0.20,S2,grasp_protocol,D03,42,0.5,0.47619047619047616,0.7380952380952381,20.0,5.0,20.0,20.0
cemhsey,cemhsey_forward_day_logo,cemhsey_forward_day_logo|D03,agency_margin_tau_0.20,S3,grasp_protocol,D03,42,0.4523809523809524,0.4523809523809524,0.5952380952380952,20.0,5.0,20.0,20.0
cemhsey,cemhsey_forward_day_logo,cemhsey_forward_day_logo|D03,agency_margin_tau_0.20,S4,grasp_protocol,D03,42,0.5238095238095238,0.42857142857142855,0.5476190476190477,20.0,5.0,20.0,20.0
cemhsey,cemhsey_forward_day_logo,cemhsey_forward_day_logo|D03,agency_margin_tau_0.20,S5,grasp_protocol,D03,42,0.47619047619047616,0.40476190476190477,0.5714285714285714,20.0,5.0,20.0,20.0
cemhsey,cemhsey_forward_day_logo,cemhsey_forward_day_logo|D03,agency_margin_tau_0.20,S6,grasp_protocol,D03,42,0.35714285714285715,0.3333333333333333,0.5,20.0,5.0,15.0,20.0
cemhsey,cemhsey_forward_day_logo,cemhsey_forward_day_logo|D03,agency_margin_tau_0.20,S7,grasp_protocol,D03,42,0.2857142857142857,0.21428571428571427,0.42857142857142855,10.0,5.0,17.5,20.0
cemhsey,cemhsey_forward_day_logo,cemhsey_forward_day_logo|D03,agency_margin_tau_0.20,S8,grasp_protocol,D03,42,0.2857142857142857,0.16666666666666666,0.2619047619047619,10.0,5.0,15.0,20.0
cemhsey,cemhsey_forward_day_logo,cemhsey_forward_day_logo|D03,agency_margin_tau_0.20,S9,grasp_protocol,D03,42,0.30952380952380953,0.23809523809523808,0.38095238095238093,10.0,5.0,10.0,17.5
cemhsey,cemhsey_forward_day_logo,cemhsey_forward_day_logo|D03,assist_only,S1,grasp_protocol,D03,42,0.5714285714285714,0.4523809523809524,0.6428571428571429,15.0,5.0,20.0,20.0
cemhsey,cemhsey_forward_day_logo,cemhsey_forward_day_logo|D03,assist_only,S10,grasp_protocol,D03,42,0.47619047619047616,0.3333333333333333,0.40476190476190477,5.0,5.0,12.5,17.5
cemhsey,cemhsey_forward_day_logo,cemhsey_forward_day_logo|D03,assist_only,S11,grasp_protocol,D03,42,0.42857142857142855,0.40476190476190477,0.8333333333333334,15.0,5.0,17.5,20.0
cemhsey,cemhsey_forward_day_logo,cemhsey_forward_day_logo|D03,assist_only,S12,grasp_protocol,D03,42,0.5476190476190477,0.35714285714285715,0.40476190476190477,5.0,5.0,15.0,20.0
cemhsey,cemhsey_forward_day_logo,cemhsey_forward_day_logo|D03,assist_only,S13,grasp_protocol,D03,42,0.4523809523809524,0.2619047619047619,0.3333333333333333,5.0,5.0,5.0,20.0
cemhsey,cemhsey_forward_day_logo,cemhsey_forward_day_logo|D03,assist_only,S2,grasp_protocol,D03,42,0.6190476190476191,0.5714285714285714,0.8333333333333334,20.0,5.0,20.0,20.0
cemhsey,cemhsey_forward_day_logo,cemhsey_forward_day_logo|D03,assist_only,S3,grasp_protocol,D03,42,0.5,0.47619047619047616,0.6190476190476191,15.0,5.0,20.0,20.0
cemhsey,cemhsey_forward_day_logo,cemhsey_forward_day_logo|D03,assist_only,S4,grasp_protocol,D03,42,0.7380952380952381,0.5714285714285714,0.6190476190476191,15.0,5.0,15.0,20.0
cemhsey,cemhsey_forward_day_logo,cemhsey_forward_day_logo|D03,assist_only,S5,grasp_protocol,D03,42,0.6428571428571429,0.47619047619047616,0.5714285714285714,10.0,5.0,15.0,20.0
cemhsey,cemhsey_forward_day_logo,cemhsey_forward_day_logo|D03,assist_only,S6,grasp_protocol,D03,42,0.5238095238095238,0.42857142857142855,0.5238095238095238,10.0,5.0,15.0,15.0
cemhsey,cemhsey_forward_day_logo,cemhsey_forward_day_logo|D03,assist_only,S7,grasp_protocol,D03,42,0.4523809523809524,0.38095238095238093,0.5714285714285714,10.0,5.0,15.0,20.0
cemhsey,cemhsey_forward_day_logo,cemhsey_forward_day_logo|D03,assist_only,S8,grasp_protocol,D03,42,0.5,0.35714285714285715,0.35714285714285715,5.0,5.0,15.0,20.0
cemhsey,cemhsey_forward_day_logo,cemhsey_forward_day_logo|D03,assist_only,S9,grasp_protocol,D03,42,0.35714285714285715,0.2619047619047619,0.30952380952380953,5.0,5.0,5.0,5.0
cemhsey,cemhsey_forward_day_logo,cemhsey_forward_day_logo|D03,confidence_blend_alpha_0.25,S1,grasp_protocol,D03,42,0.38095238095238093,0.30952380952380953,0.6190476190476191,20.0,5.0,20.0,20.0
cemhsey,cemhsey_forward_day_logo,cemhsey_forward_day_logo|D03,confidence_blend_alpha_0.25,S10,grasp_protocol,D03,42,0.11904761904761904,0.047619047619047616,0.21428571428571427,10.0,5.0,5.0,17.5
cemhsey,cemhsey_forward_day_logo,cemhsey_forward_day_logo|D03,confidence_blend_alpha_0.25,S11,grasp_protocol,D03,42,0.21428571428571427,0.09523809523809523,0.5952380952380952,15.0,5.0,15.0,20.0
cemhsey,cemhsey_forward_day_logo,cemhsey_forward_day_logo|D03,confidence_blend_alpha_0.25,S12,grasp_protocol,D03,42,0.2857142857142857,0.16666666666666666,0.38095238095238093,20.0,5.0,17.5,20.0
cemhsey,cemhsey_forward_day_logo,cemhsey_forward_day_logo|D03,confidence_blend_alpha_0.25,S13,grasp_protocol,D03,42,0.14285714285714285,0.07142857142857142,0.2619047619047619,15.0,5.0,5.0,20.0
cemhsey,cemhsey_forward_day_logo,cemhsey_forward_day_logo|D03,confidence_blend_alpha_0.25,S2,grasp_protocol,D03,42,0.42857142857142855,0.38095238095238093,0.6428571428571429,20.0,5.0,20.0,20.0
cemhsey,cemhsey_forward_day_logo,cemhsey_forward_day_logo|D03,confidence_blend_alpha_0.25,S3,grasp_protocol,D03,42,0.30952380952380953,0.2857142857142857,0.5714285714285714,20.0,5.0,20.0,20.0
cemhsey,cemhsey_forward_day_logo,cemhsey_forward_day_logo|D03,confidence_blend_alpha_0.25,S4,grasp_protocol,D03,42,0.2857142857142857,0.21428571428571427,0.40476190476190477,20.0,5.0,20.0,20.0
cemhsey,cemhsey_forward_day_logo,cemhsey_forward_day_logo|D03,confidence_blend_alpha_0.25,S5,grasp_protocol,D03,42,0.38095238095238093,0.30952380952380953,0.5714285714285714,17.5,5.0,20.0,20.0
cemhsey,cemhsey_forward_day_logo,cemhsey_forward_day_logo|D03,confidence_blend_alpha_0.25,S6,grasp_protocol,D03,42,0.23809523809523808,0.14285714285714285,0.42857142857142855,15.0,7.5,15.0,20.0
cemhsey,cemhsey_forward_day_logo,cemhsey_forward_day_logo|D03,confidence_blend_alpha_0.25,S7,grasp_protocol,D03,42,0.21428571428571427,0.07142857142857142,0.23809523809523808,15.0,5.0,10.0,15.0
cemhsey,cemhsey_forward_day_logo,cemhsey_forward_day_logo|D03,confidence_blend_alpha_0.25,S8,grasp_protocol,D03,42,0.16666666666666666,0.11904761904761904,0.19047619047619047,10.0,5.0,15.0,20.0
cemhsey,cemhsey_forward_day_logo,cemhsey_forward_day_logo|D03,confidence_blend_alpha_0.25,S9,grasp_protocol,D03,42,0.2619047619047619,0.16666666666666666,0.40476190476190477,15.0,5.0,10.0,20.0
cemhsey,cemhsey_forward_day_logo,cemhsey_forward_day_logo|D03,confidence_blend_alpha_0.50,S1,grasp_protocol,D03,42,0.40476190476190477,0.35714285714285715,0.6190476190476191,20.0,5.0,20.0,20.0
cemhsey,cemhsey_forward_day_logo,cemhsey_forward_day_logo|D03,confidence_blend_alpha_0.50,S10,grasp_protocol,D03,42,0.19047619047619047,0.07142857142857142,0.23809523809523808,10.0,5.0,7.5,20.0
cemhsey,cemhsey_forward_day_logo,cemhsey_forward_day_logo|D03,confidence_blend_alpha_0.50,S11,grasp_protocol,D03,42,0.35714285714285715,0.2857142857142857,0.7619047619047619,15.0,5.0,15.0,20.0
cemhsey,cemhsey_forward_day_logo,cemhsey_forward_day_logo|D03,confidence_blend_alpha_0.50,S12,grasp_protocol,D03,42,0.5476190476190477,0.40476190476190477,0.5476190476190477,15.0,5.0,15.0,20.0
cemhsey,cemhsey_forward_day_logo,cemhsey_forward_day_logo|D03,confidence_blend_alpha_0.50,S13,grasp_protocol,D03,42,0.3333333333333333,0.2619047619047619,0.40476190476190477,12.5,5.0,15.0,20.0
cemhsey,cemhsey_forward_day_logo,cemhsey_forward_day_logo|D03,confidence_blend_alpha_0.50,S2,grasp_protocol,D03,42,0.5714285714285714,0.5476190476190477,0.8095238095238095,20.0,5.0,20.0,20.0
cemhsey,cemhsey_forward_day_logo,cemhsey_forward_day_logo|D03,confidence_blend_alpha_0.50,S3,grasp_protocol,D03,42,0.42857142857142855,0.42857142857142855,0.6190476190476191,20.0,5.0,20.0,20.0
cemhsey,cemhsey_forward_day_logo,cemhsey_forward_day_logo|D03,confidence_blend_alpha_0.50,S4,grasp_protocol,D03,42,0.5714285714285714,0.5476190476190477,0.6666666666666666,20.0,5.0,20.0,20.0
cemhsey,cemhsey_forward_day_logo,cemhsey_forward_day_logo|D03,confidence_blend_alpha_0.50,S5,grasp_protocol,D03,42,0.5714285714285714,0.5238095238095238,0.7142857142857143,15.0,5.0,20.0,20.0
cemhsey,cemhsey_forward_day_logo,cemhsey_forward_day_logo|D03,confidence_blend_alpha_0.50,S6,grasp_protocol,D03,42,0.47619047619047616,0.3333333333333333,0.47619047619047616,10.0,5.0,15.0,17.5
cemhsey,cemhsey_forward_day_logo,cemhsey_forward_day_logo|D03,confidence_blend_alpha_0.50,S7,grasp_protocol,D03,42,0.3333333333333333,0.21428571428571427,0.38095238095238093,15.0,5.0,12.5,20.0
cemhsey,cemhsey_forward_day_logo,cemhsey_forward_day_logo|D03,confidence_blend_alpha_0.50,S8,grasp_protocol,D03,42,0.3333333333333333,0.2619047619047619,0.3333333333333333,10.0,5.0,17.5,20.0
cemhsey,cemhsey_forward_day_logo,cemhsey_forward_day_logo|D03,confidence_blend_alpha_0.50,S9,grasp_protocol,D03,42,0.30952380952380953,0.21428571428571427,0.42857142857142855,10.0,5.0,5.0,5.0
cemhsey,cemhsey_forward_day_logo,cemhsey_forward_day_logo|D03,confidence_blend_alpha_0.75,S1,grasp_protocol,D03,42,0.5238095238095238,0.42857142857142855,0.6190476190476191,20.0,5.0,20.0,20.0
cemhsey,cemhsey_forward_day_logo,cemhsey_forward_day_logo|D03,confidence_blend_alpha_0.75,S10,grasp_protocol,D03,42,0.40476190476190477,0.35714285714285715,0.47619047619047616,5.0,7.5,15.0,20.0
cemhsey,cemhsey_forward_day_logo,cemhsey_forward_day_logo|D03,confidence_blend_alpha_0.75,S11,grasp_protocol,D03,42,0.42857142857142855,0.38095238095238093,0.8333333333333334,17.5,5.0,20.0,20.0
cemhsey,cemhsey_forward_day_logo,cemhsey_forward_day_logo|D03,confidence_blend_alpha_0.75,S12,grasp_protocol,D03,42,0.6190476190476191,0.42857142857142855,0.5,10.0,5.0,15.0,20.0
cemhsey,cemhsey_forward_day_logo,cemhsey_forward_day_logo|D03,confidence_blend_alpha_0.75,S13,grasp_protocol,D03,42,0.38095238095238093,0.2857142857142857,0.40476190476190477,7.5,5.0,10.0,20.0
cemhsey,cemhsey_forward_day_logo,cemhsey_forward_day_logo|D03,confidence_blend_alpha_0.75,S2,grasp_protocol,D03,42,0.5714285714285714,0.5714285714285714,0.8333333333333334,20.0,5.0,20.0,20.0
cemhsey,cemhsey_forward_day_logo,cemhsey_forward_day_logo|D03,confidence_blend_alpha_0.75,S3,grasp_protocol,D03,42,0.5,0.47619047619047616,0.6428571428571429,17.5,5.0,20.0,20.0
cemhsey,cemhsey_forward_day_logo,cemhsey_forward_day_logo|D03,confidence_blend_alpha_0.75,S4,grasp_protocol,D03,42,0.6666666666666666,0.5714285714285714,0.6428571428571429,20.0,5.0,17.5,20.0
cemhsey,cemhsey_forward_day_logo,cemhsey_forward_day_logo|D03,confidence_blend_alpha_0.75,S5,grasp_protocol,D03,42,0.6666666666666666,0.5,0.6190476190476191,10.0,5.0,15.0,20.0
cemhsey,cemhsey_forward_day_logo,cemhsey_forward_day_logo|D03,confidence_blend_alpha_0.75,S6,grasp_protocol,D03,42,0.5238095238095238,0.4523809523809524,0.5714285714285714,10.0,5.0,15.0,15.0
cemhsey,cemhsey_forward_day_logo,cemhsey_forward_day_logo|D03,confidence_blend_alpha_0.75,S7,grasp_protocol,D03,42,0.3333333333333333,0.2857142857142857,0.47619047619047616,15.0,5.0,12.5,17.5
cemhsey,cemhsey_forward_day_logo,cemhsey_forward_day_logo|D03,confidence_blend_alpha_0.75,S8,grasp_protocol,D03,42,0.38095238095238093,0.30952380952380953,0.35714285714285715,5.0,5.0,15.0,20.0
cemhsey,cemhsey_forward_day_logo,cemhsey_forward_day_logo|D03,confidence_blend_alpha_0.75,S9,grasp_protocol,D03,42,0.30952380952380953,0.21428571428571427,0.35714285714285715,5.0,5.0,5.0,5.0
cemhsey,cemhsey_forward_day_logo,cemhsey_forward_day_logo|D03,plain_conf_threshold_matched_tau_0.02,S1,grasp_protocol,D03,42,0.0,0.0,0.38095238095238093,,5.0,,
cemhsey,cemhsey_forward_day_logo,cemhsey_forward_day_logo|D03,plain_conf_threshold_matched_tau_0.02,S10,grasp_protocol,D03,42,0.0,0.0,0.23809523809523808,,5.0,,
cemhsey,cemhsey_forward_day_logo,cemhsey_forward_day_logo|D03,plain_conf_threshold_matched_tau_0.02,S11,grasp_protocol,D03,42,0.0,0.0,0.5,,5.0,,
cemhsey,cemhsey_forward_day_logo,cemhsey_forward_day_logo|D03,plain_conf_threshold_matched_tau_0.02,S12,grasp_protocol,D03,42,0.0,0.0,0.23809523809523808,,5.0,,
cemhsey,cemhsey_forward_day_logo,cemhsey_forward_day_logo|D03,plain_conf_threshold_matched_tau_0.02,S13,grasp_protocol,D03,42,0.0,0.0,0.2619047619047619,,5.0,,
cemhsey,cemhsey_forward_day_logo,cemhsey_forward_day_logo|D03,plain_conf_threshold_matched_tau_0.02,S2,grasp_protocol,D03,42,0.0,0.0,0.2619047619047619,,5.0,,
cemhsey,cemhsey_forward_day_logo,cemhsey_forward_day_logo|D03,plain_conf_threshold_matched_tau_0.02,S3,grasp_protocol,D03,42,0.0,0.0,0.2857142857142857,,5.0,,
cemhsey,cemhsey_forward_day_logo,cemhsey_forward_day_logo|D03,plain_conf_threshold_matched_tau_0.02,S4,grasp_protocol,D03,42,0.0,0.0,0.2619047619047619,,5.0,,
cemhsey,cemhsey_forward_day_logo,cemhsey_forward_day_logo|D03,plain_conf_threshold_matched_tau_0.02,S5,grasp_protocol,D03,42,0.0,0.0,0.30952380952380953,,5.0,,
cemhsey,cemhsey_forward_day_logo,cemhsey_forward_day_logo|D03,plain_conf_threshold_matched_tau_0.02,S6,grasp_protocol,D03,42,0.0,0.0,0.30952380952380953,12.5,5.0,,
cemhsey,cemhsey_forward_day_logo,cemhsey_forward_day_logo|D03,plain_conf_threshold_matched_tau_0.02,S7,grasp_protocol,D03,42,0.0,0.0,0.21428571428571427,,5.0,,
cemhsey,cemhsey_forward_day_logo,cemhsey_forward_day_logo|D03,plain_conf_threshold_matched_tau_0.02,S8,grasp_protocol,D03,42,0.0,0.0,0.09523809523809523,,5.0,,
cemhsey,cemhsey_forward_day_logo,cemhsey_forward_day_logo|D03,plain_conf_threshold_matched_tau_0.02,S9,grasp_protocol,D03,42,0.0,0.0,0.35714285714285715,,7.5,,
cemhsey,cemhsey_forward_day_logo,cemhsey_forward_day_logo|D03,plain_conf_threshold_matched_tau_0.05,S1,grasp_protocol,D03,42,0.0,0.0,0.40476190476190477,20.0,5.0,,
cemhsey,cemhsey_forward_day_logo,cemhsey_forward_day_logo|D03,plain_conf_threshold_matched_tau_0.05,S10,grasp_protocol,D03,42,0.0,0.0,0.23809523809523808,,5.0,,
cemhsey,cemhsey_forward_day_logo,cemhsey_forward_day_logo|D03,plain_conf_threshold_matched_tau_0.05,S11,grasp_protocol,D03,42,0.0,0.0,0.5,,5.0,,
cemhsey,cemhsey_forward_day_logo,cemhsey_forward_day_logo|D03,plain_conf_threshold_matched_tau_0.05,S12,grasp_protocol,D03,42,0.0,0.0,0.23809523809523808,,5.0,,
cemhsey,cemhsey_forward_day_logo,cemhsey_forward_day_logo|D03,plain_conf_threshold_matched_tau_0.05,S13,grasp_protocol,D03,42,0.0,0.0,0.2619047619047619,,5.0,,
cemhsey,cemhsey_forward_day_logo,cemhsey_forward_day_logo|D03,plain_conf_threshold_matched_tau_0.05,S2,grasp_protocol,D03,42,0.0,0.0,0.2857142857142857,20.0,5.0,,
cemhsey,cemhsey_forward_day_logo,cemhsey_forward_day_logo|D03,plain_conf_threshold_matched_tau_0.05,S3,grasp_protocol,D03,42,0.0,0.0,0.2857142857142857,,5.0,,
cemhsey,cemhsey_forward_day_logo,cemhsey_forward_day_logo|D03,plain_conf_threshold_matched_tau_0.05,S4,grasp_protocol,D03,42,0.0,0.0,0.2619047619047619,,5.0,,
cemhsey,cemhsey_forward_day_logo,cemhsey_forward_day_logo|D03,plain_conf_threshold_matched_tau_0.05,S5,grasp_protocol,D03,42,0.0,0.0,0.30952380952380953,15.0,5.0,,
cemhsey,cemhsey_forward_day_logo,cemhsey_forward_day_logo|D03,plain_conf_threshold_matched_tau_0.05,S6,grasp_protocol,D03,42,0.0,0.0,0.30952380952380953,5.0,5.0,,
cemhsey,cemhsey_forward_day_logo,cemhsey_forward_day_logo|D03,plain_conf_threshold_matched_tau_0.05,S7,grasp_protocol,D03,42,0.0,0.0,0.21428571428571427,,5.0,,
cemhsey,cemhsey_forward_day_logo,cemhsey_forward_day_logo|D03,plain_conf_threshold_matched_tau_0.05,S8,grasp_protocol,D03,42,0.0,0.0,0.09523809523809523,,5.0,,
cemhsey,cemhsey_forward_day_logo,cemhsey_forward_day_logo|D03,plain_conf_threshold_matched_tau_0.05,S9,grasp_protocol,D03,42,0.0,0.0,0.35714285714285715,,7.5,,
cemhsey,cemhsey_forward_day_logo,cemhsey_forward_day_logo|D03,plain_conf_threshold_matched_tau_0.10,S1,grasp_protocol,D03,42,0.023809523809523808,0.023809523809523808,0.42857142857142855,20.0,5.0,20.0,20.0
cemhsey,cemhsey_forward_day_logo,cemhsey_forward_day_logo|D03,plain_conf_threshold_matched_tau_0.10,S10,grasp_protocol,D03,42,0.0,0.0,0.23809523809523808,,5.0,,
cemhsey,cemhsey_forward_day_logo,cemhsey_forward_day_logo|D03,plain_conf_threshold_matched_tau_0.10,S11,grasp_protocol,D03,42,0.0,0.0,0.5,,5.0,,
cemhsey,cemhsey_forward_day_logo,cemhsey_forward_day_logo|D03,plain_conf_threshold_matched_tau_0.10,S12,grasp_protocol,D03,42,0.0,0.0,0.23809523809523808,,5.0,,
cemhsey,cemhsey_forward_day_logo,cemhsey_forward_day_logo|D03,plain_conf_threshold_matched_tau_0.10,S13,grasp_protocol,D03,42,0.0,0.0,0.2619047619047619,,5.0,,
cemhsey,cemhsey_forward_day_logo,cemhsey_forward_day_logo|D03,plain_conf_threshold_matched_tau_0.10,S2,grasp_protocol,D03,42,0.07142857142857142,0.07142857142857142,0.3333333333333333,20.0,5.0,20.0,20.0
cemhsey,cemhsey_forward_day_logo,cemhsey_forward_day_logo|D03,plain_conf_threshold_matched_tau_0.10,S3,grasp_protocol,D03,42,0.0,0.0,0.30952380952380953,20.0,5.0,,
cemhsey,cemhsey_forward_day_logo,cemhsey_forward_day_logo|D03,plain_conf_threshold_matched_tau_0.10,S4,grasp_protocol,D03,42,0.0,0.0,0.2619047619047619,20.0,5.0,,
cemhsey,cemhsey_forward_day_logo,cemhsey_forward_day_logo|D03,plain_conf_threshold_matched_tau_0.10,S5,grasp_protocol,D03,42,0.0,0.0,0.30952380952380953,15.0,5.0,,
cemhsey,cemhsey_forward_day_logo,cemhsey_forward_day_logo|D03,plain_conf_threshold_matched_tau_0.10,S6,grasp_protocol,D03,42,0.0,0.0,0.30952380952380953,5.0,5.0,,
cemhsey,cemhsey_forward_day_logo,cemhsey_forward_day_logo|D03,plain_conf_threshold_matched_tau_0.10,S7,grasp_protocol,D03,42,0.0,0.0,0.21428571428571427,,5.0,,
cemhsey,cemhsey_forward_day_logo,cemhsey_forward_day_logo|D03,plain_conf_threshold_matched_tau_0.10,S8,grasp_protocol,D03,42,0.0,0.0,0.09523809523809523,,5.0,,
cemhsey,cemhsey_forward_day_logo,cemhsey_forward_day_logo|D03,plain_conf_threshold_matched_tau_0.10,S9,grasp_protocol,D03,42,0.0,0.0,0.35714285714285715,,7.5,,
cemhsey,cemhsey_forward_day_logo,cemhsey_forward_day_logo|D03,plain_conf_threshold_matched_tau_0.15,S1,grasp_protocol,D03,42,0.047619047619047616,0.047619047619047616,0.40476190476190477,20.0,5.0,20.0,20.0
cemhsey,cemhsey_forward_day_logo,cemhsey_forward_day_logo|D03,plain_conf_threshold_matched_tau_0.15,S10,grasp_protocol,D03,42,0.0,0.0,0.23809523809523808,,5.0,,
cemhsey,cemhsey_forward_day_logo,cemhsey_forward_day_logo|D03,plain_conf_threshold_matched_tau_0.15,S11,grasp_protocol,D03,42,0.0,0.0,0.5,,5.0,,
cemhsey,cemhsey_forward_day_logo,cemhsey_forward_day_logo|D03,plain_conf_threshold_matched_tau_0.15,S12,grasp_protocol,D03,42,0.0,0.0,0.23809523809523808,,5.0,,
cemhsey,cemhsey_forward_day_logo,cemhsey_forward_day_logo|D03,plain_conf_threshold_matched_tau_0.15,S13,grasp_protocol,D03,42,0.0,0.0,0.2619047619047619,,5.0,,
cemhsey,cemhsey_forward_day_logo,cemhsey_forward_day_logo|D03,plain_conf_threshold_matched_tau_0.15,S2,grasp_protocol,D03,42,0.11904761904761904,0.11904761904761904,0.38095238095238093,20.0,5.0,20.0,20.0
cemhsey,cemhsey_forward_day_logo,cemhsey_forward_day_logo|D03,plain_conf_threshold_matched_tau_0.15,S3,grasp_protocol,D03,42,0.0,0.0,0.30952380952380953,20.0,5.0,,
cemhsey,cemhsey_forward_day_logo,cemhsey_forward_day_logo|D03,plain_conf_threshold_matched_tau_0.15,S4,grasp_protocol,D03,42,0.07142857142857142,0.047619047619047616,0.2619047619047619,20.0,5.0,20.0,20.0
cemhsey,cemhsey_forward_day_logo,cemhsey_forward_day_logo|D03,plain_conf_threshold_matched_tau_0.15,S5,grasp_protocol,D03,42,0.0,0.0,0.30952380952380953,12.5,5.0,,
cemhsey,cemhsey_forward_day_logo,cemhsey_forward_day_logo|D03,plain_conf_threshold_matched_tau_0.15,S6,grasp_protocol,D03,42,0.0,0.0,0.30952380952380953,5.0,5.0,,
cemhsey,cemhsey_forward_day_logo,cemhsey_forward_day_logo|D03,plain_conf_threshold_matched_tau_0.15,S7,grasp_protocol,D03,42,0.0,0.0,0.21428571428571427,,5.0,,
cemhsey,cemhsey_forward_day_logo,cemhsey_forward_day_logo|D03,plain_conf_threshold_matched_tau_0.15,S8,grasp_protocol,D03,42,0.0,0.0,0.09523809523809523,,5.0,,
cemhsey,cemhsey_forward_day_logo,cemhsey_forward_day_logo|D03,plain_conf_threshold_matched_tau_0.15,S9,grasp_protocol,D03,42,0.0,0.0,0.35714285714285715,5.0,10.0,,
cemhsey,cemhsey_forward_day_logo,cemhsey_forward_day_logo|D03,plain_conf_threshold_matched_tau_0.20,S1,grasp_protocol,D03,42,0.047619047619047616,0.047619047619047616,0.40476190476190477,20.0,5.0,20.0,20.0
cemhsey,cemhsey_forward_day_logo,cemhsey_forward_day_logo|D03,plain_conf_threshold_matched_tau_0.20,S10,grasp_protocol,D03,42,0.0,0.0,0.23809523809523808,,5.0,,
cemhsey,cemhsey_forward_day_logo,cemhsey_forward_day_logo|D03,plain_conf_threshold_matched_tau_0.20,S11,grasp_protocol,D03,42,0.023809523809523808,0.023809523809523808,0.5238095238095238,20.0,5.0,20.0,20.0
cemhsey,cemhsey_forward_day_logo,cemhsey_forward_day_logo|D03,plain_conf_threshold_matched_tau_0.20,S12,grasp_protocol,D03,42,0.0,0.0,0.23809523809523808,,5.0,,
cemhsey,cemhsey_forward_day_logo,cemhsey_forward_day_logo|D03,plain_conf_threshold_matched_tau_0.20,S13,grasp_protocol,D03,42,0.0,0.0,0.2619047619047619,,5.0,,
cemhsey,cemhsey_forward_day_logo,cemhsey_forward_day_logo|D03,plain_conf_threshold_matched_tau_0.20,S2,grasp_protocol,D03,42,0.14285714285714285,0.14285714285714285,0.40476190476190477,20.0,5.0,20.0,20.0
cemhsey,cemhsey_forward_day_logo,cemhsey_forward_day_logo|D03,plain_conf_threshold_matched_tau_0.20,S3,grasp_protocol,D03,42,0.047619047619047616,0.047619047619047616,0.3333333333333333,20.0,5.0,20.0,20.0
cemhsey,cemhsey_forward_day_logo,cemhsey_forward_day_logo|D03,plain_conf_threshold_matched_tau_0.20,S4,grasp_protocol,D03,42,0.09523809523809523,0.07142857142857142,0.2857142857142857,20.0,5.0,20.0,20.0
cemhsey,cemhsey_forward_day_logo,cemhsey_forward_day_logo|D03,plain_conf_threshold_matched_tau_0.20,S5,grasp_protocol,D03,42,0.0,0.0,0.2857142857142857,12.5,5.0,,
cemhsey,cemhsey_forward_day_logo,cemhsey_forward_day_logo|D03,plain_conf_threshold_matched_tau_0.20,S6,grasp_protocol,D03,42,0.0,0.0,0.30952380952380953,5.0,5.0,,
cemhsey,cemhsey_forward_day_logo,cemhsey_forward_day_logo|D03,plain_conf_threshold_matched_tau_0.20,S7,grasp_protocol,D03,42,0.0,0.0,0.21428571428571427,,5.0,,
cemhsey,cemhsey_forward_day_logo,cemhsey_forward_day_logo|D03,plain_conf_threshold_matched_tau_0.20,S8,grasp_protocol,D03,42,0.0,0.0,0.09523809523809523,,5.0,,
cemhsey,cemhsey_forward_day_logo,cemhsey_forward_day_logo|D03,plain_conf_threshold_matched_tau_0.20,S9,grasp_protocol,D03,42,0.0,0.0,0.35714285714285715,5.0,10.0,,
cemhsey,cemhsey_forward_day_logo,cemhsey_forward_day_logo|D03,selective_prediction,S1,grasp_protocol,D03,42,0.047619047619047616,0.0,0.38095238095238093,20.0,5.0,20.0,
cemhsey,cemhsey_forward_day_logo,cemhsey_forward_day_logo|D03,selective_prediction,S10,grasp_protocol,D03,42,0.0,0.0,0.23809523809523808,,5.0,,
cemhsey,cemhsey_forward_day_logo,cemhsey_forward_day_logo|D03,selective_prediction,S11,grasp_protocol,D03,42,0.0,0.0,0.5,,5.0,,
cemhsey,cemhsey_forward_day_logo,cemhsey_forward_day_logo|D03,selective_prediction,S12,grasp_protocol,D03,42,0.0,0.0,0.23809523809523808,,5.0,,
cemhsey,cemhsey_forward_day_logo,cemhsey_forward_day_logo|D03,selective_prediction,S13,grasp_protocol,D03,42,0.0,0.0,0.2619047619047619,,5.0,,
cemhsey,cemhsey_forward_day_logo,cemhsey_forward_day_logo|D03,selective_prediction,S2,grasp_protocol,D03,42,0.07142857142857142,0.0,0.2619047619047619,20.0,5.0,20.0,
cemhsey,cemhsey_forward_day_logo,cemhsey_forward_day_logo|D03,selective_prediction,S3,grasp_protocol,D03,42,0.023809523809523808,0.0,0.2857142857142857,20.0,5.0,20.0,
cemhsey,cemhsey_forward_day_logo,cemhsey_forward_day_logo|D03,selective_prediction,S4,grasp_protocol,D03,42,0.047619047619047616,0.0,0.2619047619047619,20.0,5.0,20.0,
cemhsey,cemhsey_forward_day_logo,cemhsey_forward_day_logo|D03,selective_prediction,S5,grasp_protocol,D03,42,0.0,0.0,0.30952380952380953,,5.0,,
cemhsey,cemhsey_forward_day_logo,cemhsey_forward_day_logo|D03,selective_prediction,S6,grasp_protocol,D03,42,0.0,0.0,0.3333333333333333,5.0,5.0,,
cemhsey,cemhsey_forward_day_logo,cemhsey_forward_day_logo|D03,selective_prediction,S7,grasp_protocol,D03,42,0.0,0.0,0.21428571428571427,,5.0,,
cemhsey,cemhsey_forward_day_logo,cemhsey_forward_day_logo|D03,selective_prediction,S8,grasp_protocol,D03,42,0.0,0.0,0.09523809523809523,,5.0,,
cemhsey,cemhsey_forward_day_logo,cemhsey_forward_day_logo|D03,selective_prediction,S9,grasp_protocol,D03,42,0.0,0.0,0.35714285714285715,,7.5,,
cemhsey,cemhsey_forward_day_logo,cemhsey_forward_day_logo|D03,set_acsa_tau_0.02,S1,grasp_protocol,D03,42,0.07142857142857142,0.07142857142857142,0.40476190476190477,20.0,5.0,20.0,20.0
cemhsey,cemhsey_forward_day_logo,cemhsey_forward_day_logo|D03,set_acsa_tau_0.02,S10,grasp_protocol,D03,42,0.023809523809523808,0.0,0.21428571428571427,5.0,5.0,5.0,
cemhsey,cemhsey_forward_day_logo,cemhsey_forward_day_logo|D03,set_acsa_tau_0.02,S11,grasp_protocol,D03,42,0.047619047619047616,0.023809523809523808,0.5238095238095238,10.0,5.0,15.0,20.0
cemhsey,cemhsey_forward_day_logo,cemhsey_forward_day_logo|D03,set_acsa_tau_0.02,S12,grasp_protocol,D03,42,0.09523809523809523,0.023809523809523808,0.2619047619047619,15.0,5.0,12.5,20.0
cemhsey,cemhsey_forward_day_logo,cemhsey_forward_day_logo|D03,set_acsa_tau_0.02,S13,grasp_protocol,D03,42,0.07142857142857142,0.023809523809523808,0.2619047619047619,15.0,5.0,5.0,5.0
cemhsey,cemhsey_forward_day_logo,cemhsey_forward_day_logo|D03,set_acsa_tau_0.02,S2,grasp_protocol,D03,42,0.047619047619047616,0.047619047619047616,0.30952380952380953,20.0,5.0,20.0,20.0
cemhsey,cemhsey_forward_day_logo,cemhsey_forward_day_logo|D03,set_acsa_tau_0.02,S3,grasp_protocol,D03,42,0.09523809523809523,0.07142857142857142,0.35714285714285715,20.0,5.0,20.0,20.0
cemhsey,cemhsey_forward_day_logo,cemhsey_forward_day_logo|D03,set_acsa_tau_0.02,S4,grasp_protocol,D03,42,0.09523809523809523,0.07142857142857142,0.30952380952380953,17.5,5.0,17.5,20.0
cemhsey,cemhsey_forward_day_logo,cemhsey_forward_day_logo|D03,set_acsa_tau_0.02,S5,grasp_protocol,D03,42,0.11904761904761904,0.09523809523809523,0.38095238095238093,15.0,5.0,15.0,17.5
cemhsey,cemhsey_forward_day_logo,cemhsey_forward_day_logo|D03,set_acsa_tau_0.02,S6,grasp_protocol,D03,42,0.07142857142857142,0.023809523809523808,0.35714285714285715,15.0,5.0,15.0,20.0
cemhsey,cemhsey_forward_day_logo,cemhsey_forward_day_logo|D03,set_acsa_tau_0.02,S7,grasp_protocol,D03,42,0.11904761904761904,0.023809523809523808,0.23809523809523808,5.0,5.0,10.0,20.0
cemhsey,cemhsey_forward_day_logo,cemhsey_forward_day_logo|D03,set_acsa_tau_0.02,S8,grasp_protocol,D03,42,0.047619047619047616,0.023809523809523808,0.11904761904761904,15.0,5.0,17.5,20.0
cemhsey,cemhsey_forward_day_logo,cemhsey_forward_day_logo|D03,set_acsa_tau_0.02,S9,grasp_protocol,D03,42,0.07142857142857142,0.047619047619047616,0.38095238095238093,20.0,7.5,20.0,20.0
cemhsey,cemhsey_forward_day_logo,cemhsey_forward_day_logo|D03,set_acsa_tau_0.05,S1,grasp_protocol,D03,42,0.21428571428571427,0.14285714285714285,0.42857142857142855,15.0,5.0,10.0,20.0
cemhsey,cemhsey_forward_day_logo,cemhsey_forward_day_logo|D03,set_acsa_tau_0.05,S10,grasp_protocol,D03,42,0.07142857142857142,0.0,0.21428571428571427,10.0,5.0,5.0,
cemhsey,cemhsey_forward_day_logo,cemhsey_forward_day_logo|D03,set_acsa_tau_0.05,S11,grasp_protocol,D03,42,0.11904761904761904,0.023809523809523808,0.5238095238095238,10.0,5.0,10.0,20.0
cemhsey,cemhsey_forward_day_logo,cemhsey_forward_day_logo|D03,set_acsa_tau_0.05,S12,grasp_protocol,D03,42,0.19047619047619047,0.09523809523809523,0.30952380952380953,12.5,5.0,17.5,20.0
cemhsey,cemhsey_forward_day_logo,cemhsey_forward_day_logo|D03,set_acsa_tau_0.05,S13,grasp_protocol,D03,42,0.11904761904761904,0.047619047619047616,0.2619047619047619,15.0,5.0,5.0,12.5
cemhsey,cemhsey_forward_day_logo,cemhsey_forward_day_logo|D03,set_acsa_tau_0.05,S2,grasp_protocol,D03,42,0.30952380952380953,0.2857142857142857,0.5476190476190477,20.0,5.0,20.0,20.0
cemhsey,cemhsey_forward_day_logo,cemhsey_forward_day_logo|D03,set_acsa_tau_0.05,S3,grasp_protocol,D03,42,0.23809523809523808,0.21428571428571427,0.47619047619047616,20.0,5.0,20.0,20.0
cemhsey,cemhsey_forward_day_logo,cemhsey_forward_day_logo|D03,set_acsa_tau_0.05,S4,grasp_protocol,D03,42,0.21428571428571427,0.07142857142857142,0.30952380952380953,10.0,5.0,10.0,20.0
cemhsey,cemhsey_forward_day_logo,cemhsey_forward_day_logo|D03,set_acsa_tau_0.05,S5,grasp_protocol,D03,42,0.23809523809523808,0.21428571428571427,0.5,17.5,5.0,20.0,20.0
cemhsey,cemhsey_forward_day_logo,cemhsey_forward_day_logo|D03,set_acsa_tau_0.05,S6,grasp_protocol,D03,42,0.16666666666666666,0.09523809523809523,0.40476190476190477,15.0,5.0,15.0,17.5
cemhsey,cemhsey_forward_day_logo,cemhsey_forward_day_logo|D03,set_acsa_tau_0.05,S7,grasp_protocol,D03,42,0.16666666666666666,0.023809523809523808,0.23809523809523808,10.0,5.0,10.0,20.0
cemhsey,cemhsey_forward_day_logo,cemhsey_forward_day_logo|D03,set_acsa_tau_0.05,S8,grasp_protocol,D03,42,0.14285714285714285,0.023809523809523808,0.11904761904761904,10.0,5.0,12.5,10.0
cemhsey,cemhsey_forward_day_logo,cemhsey_forward_day_logo|D03,set_acsa_tau_0.05,S9,grasp_protocol,D03,42,0.14285714285714285,0.14285714285714285,0.40476190476190477,20.0,5.0,20.0,20.0
cemhsey,cemhsey_forward_day_logo,cemhsey_forward_day_logo|D03,set_acsa_tau_0.10,S1,grasp_protocol,D03,42,0.35714285714285715,0.30952380952380953,0.5714285714285714,20.0,5.0,20.0,20.0
cemhsey,cemhsey_forward_day_logo,cemhsey_forward_day_logo|D03,set_acsa_tau_0.10,S10,grasp_protocol,D03,42,0.09523809523809523,0.023809523809523808,0.23809523809523808,10.0,5.0,5.0,10.0
cemhsey,cemhsey_forward_day_logo,cemhsey_forward_day_logo|D03,set_acsa_tau_0.10,S11,grasp_protocol,D03,42,0.21428571428571427,0.11904761904761904,0.6190476190476191,10.0,5.0,10.0,20.0
cemhsey,cemhsey_forward_day_logo,cemhsey_forward_day_logo|D03,set_acsa_tau_0.10,S12,grasp_protocol,D03,42,0.3333333333333333,0.23809523809523808,0.40476190476190477,15.0,5.0,17.5,20.0
cemhsey,cemhsey_forward_day_logo,cemhsey_forward_day_logo|D03,set_acsa_tau_0.10,S13,grasp_protocol,D03,42,0.23809523809523808,0.14285714285714285,0.2857142857142857,15.0,5.0,10.0,20.0
cemhsey,cemhsey_forward_day_logo,cemhsey_forward_day_logo|D03,set_acsa_tau_0.10,S2,grasp_protocol,D03,42,0.35714285714285715,0.3333333333333333,0.5952380952380952,20.0,5.0,20.0,20.0
cemhsey,cemhsey_forward_day_logo,cemhsey_forward_day_logo|D03,set_acsa_tau_0.10,S3,grasp_protocol,D03,42,0.35714285714285715,0.3333333333333333,0.5238095238095238,20.0,5.0,20.0,20.0
cemhsey,cemhsey_forward_day_logo,cemhsey_forward_day_logo|D03,set_acsa_tau_0.10,S4,grasp_protocol,D03,42,0.3333333333333333,0.21428571428571427,0.3333333333333333,20.0,5.0,15.0,20.0
cemhsey,cemhsey_forward_day_logo,cemhsey_forward_day_logo|D03,set_acsa_tau_0.10,S5,grasp_protocol,D03,42,0.35714285714285715,0.2857142857142857,0.5,20.0,5.0,20.0,20.0
cemhsey,cemhsey_forward_day_logo,cemhsey_forward_day_logo|D03,set_acsa_tau_0.10,S6,grasp_protocol,D03,42,0.2857142857142857,0.21428571428571427,0.47619047619047616,15.0,5.0,17.5,20.0
cemhsey,cemhsey_forward_day_logo,cemhsey_forward_day_logo|D03,set_acsa_tau_0.10,S7,grasp_protocol,D03,42,0.23809523809523808,0.14285714285714285,0.35714285714285715,10.0,5.0,12.5,20.0
cemhsey,cemhsey_forward_day_logo,cemhsey_forward_day_logo|D03,set_acsa_tau_0.10,S8,grasp_protocol,D03,42,0.14285714285714285,0.07142857142857142,0.16666666666666666,10.0,5.0,12.5,10.0
cemhsey,cemhsey_forward_day_logo,cemhsey_forward_day_logo|D03,set_acsa_tau_0.10,S9,grasp_protocol,D03,42,0.23809523809523808,0.21428571428571427,0.42857142857142855,10.0,5.0,10.0,20.0
cemhsey,cemhsey_forward_day_logo,cemhsey_forward_day_logo|D03,set_acsa_tau_0.15,S1,grasp_protocol,D03,42,0.38095238095238093,0.3333333333333333,0.5952380952380952,20.0,5.0,20.0,20.0
cemhsey,cemhsey_forward_day_logo,cemhsey_forward_day_logo|D03,set_acsa_tau_0.15,S10,grasp_protocol,D03,42,0.09523809523809523,0.023809523809523808,0.23809523809523808,10.0,5.0,5.0,10.0
cemhsey,cemhsey_forward_day_logo,cemhsey_forward_day_logo|D03,set_acsa_tau_0.15,S11,grasp_protocol,D03,42,0.3333333333333333,0.2619047619047619,0.7380952380952381,15.0,5.0,17.5,20.0
cemhsey,cemhsey_forward_day_logo,cemhsey_forward_day_logo|D03,set_acsa_tau_0.15,S12,grasp_protocol,D03,42,0.35714285714285715,0.23809523809523808,0.35714285714285715,15.0,5.0,20.0,20.0
cemhsey,cemhsey_forward_day_logo,cemhsey_forward_day_logo|D03,set_acsa_tau_0.15,S13,grasp_protocol,D03,42,0.2619047619047619,0.16666666666666666,0.2619047619047619,15.0,5.0,10.0,20.0
cemhsey,cemhsey_forward_day_logo,cemhsey_forward_day_logo|D03,set_acsa_tau_0.15,S2,grasp_protocol,D03,42,0.4523809523809524,0.42857142857142855,0.6904761904761905,20.0,5.0,20.0,20.0
cemhsey,cemhsey_forward_day_logo,cemhsey_forward_day_logo|D03,set_acsa_tau_0.15,S3,grasp_protocol,D03,42,0.38095238095238093,0.38095238095238093,0.5238095238095238,20.0,5.0,20.0,20.0
cemhsey,cemhsey_forward_day_logo,cemhsey_forward_day_logo|D03,set_acsa_tau_0.15,S4,grasp_protocol,D03,42,0.47619047619047616,0.38095238095238093,0.5,20.0,5.0,17.5,20.0
cemhsey,cemhsey_forward_day_logo,cemhsey_forward_day_logo|D03,set_acsa_tau_0.15,S5,grasp_protocol,D03,42,0.40476190476190477,0.30952380952380953,0.5,20.0,5.0,20.0,20.0
cemhsey,cemhsey_forward_day_logo,cemhsey_forward_day_logo|D03,set_acsa_tau_0.15,S6,grasp_protocol,D03,42,0.30952380952380953,0.2619047619047619,0.4523809523809524,17.5,5.0,15.0,20.0
cemhsey,cemhsey_forward_day_logo,cemhsey_forward_day_logo|D03,set_acsa_tau_0.15,S7,grasp_protocol,D03,42,0.2857142857142857,0.19047619047619047,0.40476190476190477,10.0,5.0,17.5,20.0
cemhsey,cemhsey_forward_day_logo,cemhsey_forward_day_logo|D03,set_acsa_tau_0.15,S8,grasp_protocol,D03,42,0.2619047619047619,0.14285714285714285,0.23809523809523808,10.0,5.0,15.0,17.5
cemhsey,cemhsey_forward_day_logo,cemhsey_forward_day_logo|D03,set_acsa_tau_0.15,S9,grasp_protocol,D03,42,0.2857142857142857,0.2619047619047619,0.42857142857142855,12.5,5.0,10.0,15.0
cemhsey,cemhsey_forward_day_logo,cemhsey_forward_day_logo|D03,set_acsa_tau_0.20,S1,grasp_protocol,D03,42,0.40476190476190477,0.38095238095238093,0.6428571428571429,20.0,5.0,20.0,20.0
cemhsey,cemhsey_forward_day_logo,cemhsey_forward_day_logo|D03,set_acsa_tau_0.20,S10,grasp_protocol,D03,42,0.09523809523809523,0.023809523809523808,0.23809523809523808,10.0,5.0,5.0,10.0
cemhsey,cemhsey_forward_day_logo,cemhsey_forward_day_logo|D03,set_acsa_tau_0.20,S11,grasp_protocol,D03,42,0.3333333333333333,0.2857142857142857,0.7619047619047619,15.0,5.0,17.5,20.0
cemhsey,cemhsey_forward_day_logo,cemhsey_forward_day_logo|D03,set_acsa_tau_0.20,S12,grasp_protocol,D03,42,0.40476190476190477,0.2857142857142857,0.40476190476190477,20.0,5.0,20.0,20.0
cemhsey,cemhsey_forward_day_logo,cemhsey_forward_day_logo|D03,set_acsa_tau_0.20,S13,grasp_protocol,D03,42,0.2619047619047619,0.16666666666666666,0.2619047619047619,17.5,5.0,10.0,20.0
cemhsey,cemhsey_forward_day_logo,cemhsey_forward_day_logo|D03,set_acsa_tau_0.20,S2,grasp_protocol,D03,42,0.5,0.47619047619047616,0.7380952380952381,20.0,5.0,20.0,20.0
cemhsey,cemhsey_forward_day_logo,cemhsey_forward_day_logo|D03,set_acsa_tau_0.20,S3,grasp_protocol,D03,42,0.4523809523809524,0.4523809523809524,0.5952380952380952,20.0,5.0,20.0,20.0
cemhsey,cemhsey_forward_day_logo,cemhsey_forward_day_logo|D03,set_acsa_tau_0.20,S4,grasp_protocol,D03,42,0.5238095238095238,0.42857142857142855,0.5476190476190477,20.0,5.0,20.0,20.0
cemhsey,cemhsey_forward_day_logo,cemhsey_forward_day_logo|D03,set_acsa_tau_0.20,S5,grasp_protocol,D03,42,0.47619047619047616,0.40476190476190477,0.5714285714285714,20.0,5.0,20.0,20.0
cemhsey,cemhsey_forward_day_logo,cemhsey_forward_day_logo|D03,set_acsa_tau_0.20,S6,grasp_protocol,D03,42,0.35714285714285715,0.3333333333333333,0.5,20.0,5.0,15.0,20.0
cemhsey,cemhsey_forward_day_logo,cemhsey_forward_day_logo|D03,set_acsa_tau_0.20,S7,grasp_protocol,D03,42,0.2857142857142857,0.21428571428571427,0.42857142857142855,10.0,5.0,17.5,20.0
cemhsey,cemhsey_forward_day_logo,cemhsey_forward_day_logo|D03,set_acsa_tau_0.20,S8,grasp_protocol,D03,42,0.2857142857142857,0.16666666666666666,0.2619047619047619,10.0,5.0,15.0,20.0
cemhsey,cemhsey_forward_day_logo,cemhsey_forward_day_logo|D03,set_acsa_tau_0.20,S9,grasp_protocol,D03,42,0.30952380952380953,0.23809523809523808,0.38095238095238093,10.0,5.0,10.0,17.5
cemhsey,cemhsey_forward_day_logo,cemhsey_forward_day_logo|D03,user_only,S1,grasp_protocol,D03,42,0.0,0.0,0.38095238095238093,,5.0,,
cemhsey,cemhsey_forward_day_logo,cemhsey_forward_day_logo|D03,user_only,S10,grasp_protocol,D03,42,0.0,0.0,0.23809523809523808,,5.0,,
cemhsey,cemhsey_forward_day_logo,cemhsey_forward_day_logo|D03,user_only,S11,grasp_protocol,D03,42,0.0,0.0,0.5,,5.0,,
cemhsey,cemhsey_forward_day_logo,cemhsey_forward_day_logo|D03,user_only,S12,grasp_protocol,D03,42,0.0,0.0,0.23809523809523808,,5.0,,
cemhsey,cemhsey_forward_day_logo,cemhsey_forward_day_logo|D03,user_only,S13,grasp_protocol,D03,42,0.0,0.0,0.2619047619047619,,5.0,,
cemhsey,cemhsey_forward_day_logo,cemhsey_forward_day_logo|D03,user_only,S2,grasp_protocol,D03,42,0.0,0.0,0.2619047619047619,,5.0,,
cemhsey,cemhsey_forward_day_logo,cemhsey_forward_day_logo|D03,user_only,S3,grasp_protocol,D03,42,0.0,0.0,0.2857142857142857,,5.0,,
cemhsey,cemhsey_forward_day_logo,cemhsey_forward_day_logo|D03,user_only,S4,grasp_protocol,D03,42,0.0,0.0,0.2619047619047619,,5.0,,
cemhsey,cemhsey_forward_day_logo,cemhsey_forward_day_logo|D03,user_only,S5,grasp_protocol,D03,42,0.0,0.0,0.30952380952380953,,5.0,,
cemhsey,cemhsey_forward_day_logo,cemhsey_forward_day_logo|D03,user_only,S6,grasp_protocol,D03,42,0.0,0.0,0.3333333333333333,,5.0,,
cemhsey,cemhsey_forward_day_logo,cemhsey_forward_day_logo|D03,user_only,S7,grasp_protocol,D03,42,0.0,0.0,0.21428571428571427,,5.0,,
cemhsey,cemhsey_forward_day_logo,cemhsey_forward_day_logo|D03,user_only,S8,grasp_protocol,D03,42,0.0,0.0,0.09523809523809523,,5.0,,
cemhsey,cemhsey_forward_day_logo,cemhsey_forward_day_logo|D03,user_only,S9,grasp_protocol,D03,42,0.0,0.0,0.35714285714285715,,7.5,,
cemhsey,cemhsey_forward_day_logo,cemhsey_forward_day_logo|D04,agency_margin_tau_0.02,S1,grasp_protocol,D04,42,0.023809523809523808,0.023809523809523808,0.40476190476190477,20.0,5.0,20.0,20.0
cemhsey,cemhsey_forward_day_logo,cemhsey_forward_day_logo|D04,agency_margin_tau_0.02,S10,grasp_protocol,D04,42,0.047619047619047616,0.047619047619047616,0.30952380952380953,15.0,5.0,20.0,20.0
cemhsey,cemhsey_forward_day_logo,cemhsey_forward_day_logo|D04,agency_margin_tau_0.02,S11,grasp_protocol,D04,42,0.0,0.0,0.11904761904761904,5.0,5.0,,
cemhsey,cemhsey_forward_day_logo,cemhsey_forward_day_logo|D04,agency_margin_tau_0.02,S12,grasp_protocol,D04,42,0.07142857142857142,0.07142857142857142,0.35714285714285715,20.0,5.0,20.0,20.0
cemhsey,cemhsey_forward_day_logo,cemhsey_forward_day_logo|D04,agency_margin_tau_0.02,S13,grasp_protocol,D04,42,0.09523809523809523,0.047619047619047616,0.42857142857142855,15.0,5.0,15.0,20.0
cemhsey,cemhsey_forward_day_logo,cemhsey_forward_day_logo|D04,agency_margin_tau_0.02,S2,grasp_protocol,D04,42,0.023809523809523808,0.023809523809523808,0.3333333333333333,20.0,5.0,20.0,20.0
cemhsey,cemhsey_forward_day_logo,cemhsey_forward_day_logo|D04,agency_margin_tau_0.02,S3,grasp_protocol,D04,42,0.11904761904761904,0.09523809523809523,0.30952380952380953,20.0,5.0,20.0,20.0
cemhsey,cemhsey_forward_day_logo,cemhsey_forward_day_logo|D04,agency_margin_tau_0.02,S4,grasp_protocol,D04,42,0.07142857142857142,0.023809523809523808,0.2857142857142857,15.0,5.0,15.0,15.0
cemhsey,cemhsey_forward_day_logo,cemhsey_forward_day_logo|D04,agency_margin_tau_0.02,S5,grasp_protocol,D04,42,0.07142857142857142,0.047619047619047616,0.40476190476190477,17.5,5.0,20.0,20.0
cemhsey,cemhsey_forward_day_logo,cemhsey_forward_day_logo|D04,agency_margin_tau_0.02,S6,grasp_protocol,D04,42,0.07142857142857142,0.07142857142857142,0.40476190476190477,17.5,5.0,20.0,20.0
cemhsey,cemhsey_forward_day_logo,cemhsey_forward_day_logo|D04,agency_margin_tau_0.02,S7,grasp_protocol,D04,42,0.0,0.0,0.19047619047619047,5.0,5.0,,
cemhsey,cemhsey_forward_day_logo,cemhsey_forward_day_logo|D04,agency_margin_tau_0.02,S8,grasp_protocol,D04,42,0.09523809523809523,0.047619047619047616,0.21428571428571427,10.0,5.0,12.5,15.0
cemhsey,cemhsey_forward_day_logo,cemhsey_forward_day_logo|D04,agency_margin_tau_0.02,S9,grasp_protocol,D04,42,0.047619047619047616,0.023809523809523808,0.30952380952380953,15.0,5.0,12.5,20.0
cemhsey,cemhsey_forward_day_logo,cemhsey_forward_day_logo|D04,agency_margin_tau_0.05,S1,grasp_protocol,D04,42,0.09523809523809523,0.07142857142857142,0.4523809523809524,12.5,5.0,12.5,20.0
cemhsey,cemhsey_forward_day_logo,cemhsey_forward_day_logo|D04,agency_margin_tau_0.05,S10,grasp_protocol,D04,42,0.07142857142857142,0.07142857142857142,0.3333333333333333,20.0,5.0,20.0,20.0
cemhsey,cemhsey_forward_day_logo,cemhsey_forward_day_logo|D04,agency_margin_tau_0.05,S11,grasp_protocol,D04,42,0.047619047619047616,0.023809523809523808,0.14285714285714285,15.0,5.0,17.5,20.0
cemhsey,cemhsey_forward_day_logo,cemhsey_forward_day_logo|D04,agency_margin_tau_0.05,S12,grasp_protocol,D04,42,0.14285714285714285,0.11904761904761904,0.38095238095238093,15.0,5.0,20.0,20.0
cemhsey,cemhsey_forward_day_logo,cemhsey_forward_day_logo|D04,agency_margin_tau_0.05,S13,grasp_protocol,D04,42,0.11904761904761904,0.09523809523809523,0.47619047619047616,15.0,5.0,20.0,20.0
cemhsey,cemhsey_forward_day_logo,cemhsey_forward_day_logo|D04,agency_margin_tau_0.05,S2,grasp_protocol,D04,42,0.16666666666666666,0.11904761904761904,0.42857142857142855,20.0,5.0,20.0,20.0
cemhsey,cemhsey_forward_day_logo,cemhsey_forward_day_logo|D04,agency_margin_tau_0.05,S3,grasp_protocol,D04,42,0.19047619047619047,0.16666666666666666,0.3333333333333333,20.0,5.0,17.5,20.0
cemhsey,cemhsey_forward_day_logo,cemhsey_forward_day_logo|D04,agency_margin_tau_0.05,S4,grasp_protocol,D04,42,0.21428571428571427,0.11904761904761904,0.35714285714285715,15.0,5.0,15.0,20.0
cemhsey,cemhsey_forward_day_logo,cemhsey_forward_day_logo|D04,agency_margin_tau_0.05,S5,grasp_protocol,D04,42,0.21428571428571427,0.16666666666666666,0.5,17.5,5.0,20.0,20.0
cemhsey,cemhsey_forward_day_logo,cemhsey_forward_day_logo|D04,agency_margin_tau_0.05,S6,grasp_protocol,D04,42,0.19047619047619047,0.14285714285714285,0.4523809523809524,15.0,5.0,15.0,20.0
cemhsey,cemhsey_forward_day_logo,cemhsey_forward_day_logo|D04,agency_margin_tau_0.05,S7,grasp_protocol,D04,42,0.047619047619047616,0.023809523809523808,0.21428571428571427,7.5,5.0,12.5,20.0
cemhsey,cemhsey_forward_day_logo,cemhsey_forward_day_logo|D04,agency_margin_tau_0.05,S8,grasp_protocol,D04,42,0.09523809523809523,0.047619047619047616,0.16666666666666666,10.0,5.0,12.5,15.0
cemhsey,cemhsey_forward_day_logo,cemhsey_forward_day_logo|D04,agency_margin_tau_0.05,S9,grasp_protocol,D04,42,0.19047619047619047,0.11904761904761904,0.35714285714285715,17.5,5.0,15.0,20.0
cemhsey,cemhsey_forward_day_logo,cemhsey_forward_day_logo|D04,agency_margin_tau_0.10,S1,grasp_protocol,D04,42,0.14285714285714285,0.09523809523809523,0.47619047619047616,15.0,5.0,12.5,20.0
cemhsey,cemhsey_forward_day_logo,cemhsey_forward_day_logo|D04,agency_margin_tau_0.10,S10,grasp_protocol,D04,42,0.16666666666666666,0.14285714285714285,0.38095238095238093,20.0,5.0,20.0,20.0
cemhsey,cemhsey_forward_day_logo,cemhsey_forward_day_logo|D04,agency_margin_tau_0.10,S11,grasp_protocol,D04,42,0.14285714285714285,0.09523809523809523,0.21428571428571427,15.0,5.0,20.0,20.0
cemhsey,cemhsey_forward_day_logo,cemhsey_forward_day_logo|D04,agency_margin_tau_0.10,S12,grasp_protocol,D04,42,0.35714285714285715,0.2619047619047619,0.5,20.0,5.0,20.0,20.0
cemhsey,cemhsey_forward_day_logo,cemhsey_forward_day_logo|D04,agency_margin_tau_0.10,S13,grasp_protocol,D04,42,0.2857142857142857,0.2619047619047619,0.6190476190476191,20.0,5.0,20.0,20.0
cemhsey,cemhsey_forward_day_logo,cemhsey_forward_day_logo|D04,agency_margin_tau_0.10,S2,grasp_protocol,D04,42,0.35714285714285715,0.30952380952380953,0.6190476190476191,20.0,5.0,20.0,20.0
cemhsey,cemhsey_forward_day_logo,cemhsey_forward_day_logo|D04,agency_margin_tau_0.10,S3,grasp_protocol,D04,42,0.30952380952380953,0.2857142857142857,0.38095238095238093,20.0,5.0,20.0,20.0
cemhsey,cemhsey_forward_day_logo,cemhsey_forward_day_logo|D04,agency_margin_tau_0.10,S4,grasp_protocol,D04,42,0.30952380952380953,0.19047619047619047,0.42857142857142855,15.0,5.0,15.0,20.0
cemhsey,cemhsey_forward_day_logo,cemhsey_forward_day_logo|D04,agency_margin_tau_0.10,S5,grasp_protocol,D04,42,0.3333333333333333,0.30952380952380953,0.5476190476190477,20.0,5.0,20.0,20.0
cemhsey,cemhsey_forward_day_logo,cemhsey_forward_day_logo|D04,agency_margin_tau_0.10,S6,grasp_protocol,D04,42,0.2857142857142857,0.19047619047619047,0.5,15.0,5.0,15.0,20.0
cemhsey,cemhsey_forward_day_logo,cemhsey_forward_day_logo|D04,agency_margin_tau_0.10,S7,grasp_protocol,D04,42,0.07142857142857142,0.047619047619047616,0.21428571428571427,12.5,5.0,20.0,20.0
cemhsey,cemhsey_forward_day_logo,cemhsey_forward_day_logo|D04,agency_margin_tau_0.10,S8,grasp_protocol,D04,42,0.09523809523809523,0.047619047619047616,0.16666666666666666,10.0,5.0,10.0,15.0
cemhsey,cemhsey_forward_day_logo,cemhsey_forward_day_logo|D04,agency_margin_tau_0.10,S9,grasp_protocol,D04,42,0.30952380952380953,0.16666666666666666,0.35714285714285715,15.0,5.0,10.0,20.0
cemhsey,cemhsey_forward_day_logo,cemhsey_forward_day_logo|D04,agency_margin_tau_0.15,S1,grasp_protocol,D04,42,0.2857142857142857,0.2619047619047619,0.5952380952380952,20.0,5.0,20.0,20.0
cemhsey,cemhsey_forward_day_logo,cemhsey_forward_day_logo|D04,agency_margin_tau_0.15,S10,grasp_protocol,D04,42,0.19047619047619047,0.16666666666666666,0.40476190476190477,20.0,5.0,20.0,20.0
cemhsey,cemhsey_forward_day_logo,cemhsey_forward_day_logo|D04,agency_margin_tau_0.15,S11,grasp_protocol,D04,42,0.2619047619047619,0.19047619047619047,0.30952380952380953,15.0,5.0,20.0,20.0
cemhsey,cemhsey_forward_day_logo,cemhsey_forward_day_logo|D04,agency_margin_tau_0.15,S12,grasp_protocol,D04,42,0.47619047619047616,0.38095238095238093,0.6190476190476191,20.0,5.0,20.0,20.0
cemhsey,cemhsey_forward_day_logo,cemhsey_forward_day_logo|D04,agency_margin_tau_0.15,S13,grasp_protocol,D04,42,0.38095238095238093,0.35714285714285715,0.7142857142857143,20.0,5.0,20.0,20.0
cemhsey,cemhsey_forward_day_logo,cemhsey_forward_day_logo|D04,agency_margin_tau_0.15,S2,grasp_protocol,D04,42,0.5,0.4523809523809524,0.7380952380952381,20.0,5.0,20.0,20.0
cemhsey,cemhsey_forward_day_logo,cemhsey_forward_day_logo|D04,agency_margin_tau_0.15,S3,grasp_protocol,D04,42,0.38095238095238093,0.3333333333333333,0.42857142857142855,20.0,5.0,20.0,20.0
cemhsey,cemhsey_forward_day_logo,cemhsey_forward_day_logo|D04,agency_margin_tau_0.15,S4,grasp_protocol,D04,42,0.38095238095238093,0.21428571428571427,0.42857142857142855,10.0,5.0,15.0,20.0
cemhsey,cemhsey_forward_day_logo,cemhsey_forward_day_logo|D04,agency_margin_tau_0.15,S5,grasp_protocol,D04,42,0.38095238095238093,0.38095238095238093,0.5952380952380952,20.0,5.0,20.0,20.0
cemhsey,cemhsey_forward_day_logo,cemhsey_forward_day_logo|D04,agency_margin_tau_0.15,S6,grasp_protocol,D04,42,0.30952380952380953,0.21428571428571427,0.5,17.5,5.0,15.0,20.0
cemhsey,cemhsey_forward_day_logo,cemhsey_forward_day_logo|D04,agency_margin_tau_0.15,S7,grasp_protocol,D04,42,0.07142857142857142,0.047619047619047616,0.21428571428571427,5.0,5.0,20.0,20.0
cemhsey,cemhsey_forward_day_logo,cemhsey_forward_day_logo|D04,agency_margin_tau_0.15,S8,grasp_protocol,D04,42,0.14285714285714285,0.07142857142857142,0.16666666666666666,10.0,5.0,10.0,20.0
cemhsey,cemhsey_forward_day_logo,cemhsey_forward_day_logo|D04,agency_margin_tau_0.15,S9,grasp_protocol,D04,42,0.2857142857142857,0.16666666666666666,0.3333333333333333,12.5,5.0,10.0,20.0
cemhsey,cemhsey_forward_day_logo,cemhsey_forward_day_logo|D04,agency_margin_tau_0.20,S1,grasp_protocol,D04,42,0.3333333333333333,0.30952380952380953,0.6428571428571429,20.0,5.0,20.0,20.0
cemhsey,cemhsey_forward_day_logo,cemhsey_forward_day_logo|D04,agency_margin_tau_0.20,S10,grasp_protocol,D04,42,0.21428571428571427,0.19047619047619047,0.42857142857142855,20.0,5.0,20.0,20.0
cemhsey,cemhsey_forward_day_logo,cemhsey_forward_day_logo|D04,agency_margin_tau_0.20,S11,grasp_protocol,D04,42,0.38095238095238093,0.2857142857142857,0.40476190476190477,17.5,5.0,20.0,20.0
cemhsey,cemhsey_forward_day_logo,cemhsey_forward_day_logo|D04,agency_margin_tau_0.20,S12,grasp_protocol,D04,42,0.47619047619047616,0.40476190476190477,0.6190476190476191,20.0,5.0,20.0,20.0
cemhsey,cemhsey_forward_day_logo,cemhsey_forward_day_logo|D04,agency_margin_tau_0.20,S13,grasp_protocol,D04,42,0.40476190476190477,0.38095238095238093,0.6904761904761905,20.0,5.0,20.0,20.0
cemhsey,cemhsey_forward_day_logo,cemhsey_forward_day_logo|D04,agency_margin_tau_0.20,S2,grasp_protocol,D04,42,0.5476190476190477,0.5,0.7857142857142857,20.0,5.0,20.0,20.0
cemhsey,cemhsey_forward_day_logo,cemhsey_forward_day_logo|D04,agency_margin_tau_0.20,S3,grasp_protocol,D04,42,0.38095238095238093,0.3333333333333333,0.42857142857142855,20.0,5.0,20.0,20.0
cemhsey,cemhsey_forward_day_logo,cemhsey_forward_day_logo|D04,agency_margin_tau_0.20,S4,grasp_protocol,D04,42,0.47619047619047616,0.3333333333333333,0.5476190476190477,15.0,5.0,15.0,20.0
cemhsey,cemhsey_forward_day_logo,cemhsey_forward_day_logo|D04,agency_margin_tau_0.20,S5,grasp_protocol,D04,42,0.38095238095238093,0.38095238095238093,0.5952380952380952,20.0,5.0,20.0,20.0
cemhsey,cemhsey_forward_day_logo,cemhsey_forward_day_logo|D04,agency_margin_tau_0.20,S6,grasp_protocol,D04,42,0.3333333333333333,0.2619047619047619,0.5476190476190477,20.0,5.0,17.5,20.0
cemhsey,cemhsey_forward_day_logo,cemhsey_forward_day_logo|D04,agency_margin_tau_0.20,S7,grasp_protocol,D04,42,0.09523809523809523,0.07142857142857142,0.23809523809523808,5.0,5.0,20.0,20.0
cemhsey,cemhsey_forward_day_logo,cemhsey_forward_day_logo|D04,agency_margin_tau_0.20,S8,grasp_protocol,D04,42,0.19047619047619047,0.09523809523809523,0.16666666666666666,10.0,5.0,10.0,20.0
cemhsey,cemhsey_forward_day_logo,cemhsey_forward_day_logo|D04,agency_margin_tau_0.20,S9,grasp_protocol,D04,42,0.2857142857142857,0.16666666666666666,0.3333333333333333,10.0,5.0,10.0,20.0
cemhsey,cemhsey_forward_day_logo,cemhsey_forward_day_logo|D04,assist_only,S1,grasp_protocol,D04,42,0.5476190476190477,0.5238095238095238,0.8571428571428571,20.0,5.0,20.0,20.0
cemhsey,cemhsey_forward_day_logo,cemhsey_forward_day_logo|D04,assist_only,S10,grasp_protocol,D04,42,0.4523809523809524,0.30952380952380953,0.5,10.0,5.0,15.0,20.0
cemhsey,cemhsey_forward_day_logo,cemhsey_forward_day_logo|D04,assist_only,S11,grasp_protocol,D04,42,0.6428571428571429,0.5952380952380952,0.6904761904761905,15.0,5.0,20.0,20.0
cemhsey,cemhsey_forward_day_logo,cemhsey_forward_day_logo|D04,assist_only,S12,grasp_protocol,D04,42,0.5,0.42857142857142855,0.6428571428571429,15.0,5.0,20.0,20.0
cemhsey,cemhsey_forward_day_logo,cemhsey_forward_day_logo|D04,assist_only,S13,grasp_protocol,D04,42,0.6428571428571429,0.6190476190476191,0.8333333333333334,12.5,5.0,20.0,20.0
cemhsey,cemhsey_forward_day_logo,cemhsey_forward_day_logo|D04,assist_only,S2,grasp_protocol,D04,42,0.6428571428571429,0.6190476190476191,0.9047619047619048,20.0,5.0,20.0,20.0
cemhsey,cemhsey_forward_day_logo,cemhsey_forward_day_logo|D04,assist_only,S3,grasp_protocol,D04,42,0.5238095238095238,0.42857142857142855,0.5238095238095238,15.0,5.0,20.0,20.0
cemhsey,cemhsey_forward_day_logo,cemhsey_forward_day_logo|D04,assist_only,S4,grasp_protocol,D04,42,0.6428571428571429,0.5,0.6666666666666666,10.0,5.0,15.0,20.0
cemhsey,cemhsey_forward_day_logo,cemhsey_forward_day_logo|D04,assist_only,S5,grasp_protocol,D04,42,0.4523809523809524,0.40476190476190477,0.5952380952380952,10.0,5.0,20.0,20.0
cemhsey,cemhsey_forward_day_logo,cemhsey_forward_day_logo|D04,assist_only,S6,grasp_protocol,D04,42,0.38095238095238093,0.30952380952380953,0.5238095238095238,10.0,5.0,10.0,10.0
cemhsey,cemhsey_forward_day_logo,cemhsey_forward_day_logo|D04,assist_only,S7,grasp_protocol,D04,42,0.30952380952380953,0.23809523809523808,0.38095238095238093,10.0,5.0,20.0,20.0
cemhsey,cemhsey_forward_day_logo,cemhsey_forward_day_logo|D04,assist_only,S8,grasp_protocol,D04,42,0.23809523809523808,0.14285714285714285,0.21428571428571427,5.0,5.0,10.0,20.0
cemhsey,cemhsey_forward_day_logo,cemhsey_forward_day_logo|D04,assist_only,S9,grasp_protocol,D04,42,0.4523809523809524,0.3333333333333333,0.38095238095238093,5.0,5.0,10.0,10.0
cemhsey,cemhsey_forward_day_logo,cemhsey_forward_day_logo|D04,confidence_blend_alpha_0.25,S1,grasp_protocol,D04,42,0.2857142857142857,0.23809523809523808,0.6190476190476191,20.0,5.0,20.0,20.0
cemhsey,cemhsey_forward_day_logo,cemhsey_forward_day_logo|D04,confidence_blend_alpha_0.25,S10,grasp_protocol,D04,42,0.23809523809523808,0.14285714285714285,0.38095238095238093,15.0,5.0,20.0,20.0
cemhsey,cemhsey_forward_day_logo,cemhsey_forward_day_logo|D04,confidence_blend_alpha_0.25,S11,grasp_protocol,D04,42,0.23809523809523808,0.19047619047619047,0.30952380952380953,20.0,5.0,20.0,20.0
cemhsey,cemhsey_forward_day_logo,cemhsey_forward_day_logo|D04,confidence_blend_alpha_0.25,S12,grasp_protocol,D04,42,0.35714285714285715,0.30952380952380953,0.5476190476190477,20.0,5.0,20.0,20.0
cemhsey,cemhsey_forward_day_logo,cemhsey_forward_day_logo|D04,confidence_blend_alpha_0.25,S13,grasp_protocol,D04,42,0.21428571428571427,0.16666666666666666,0.5238095238095238,20.0,5.0,20.0,20.0
cemhsey,cemhsey_forward_day_logo,cemhsey_forward_day_logo|D04,confidence_blend_alpha_0.25,S2,grasp_protocol,D04,42,0.40476190476190477,0.38095238095238093,0.6904761904761905,20.0,5.0,20.0,20.0
cemhsey,cemhsey_forward_day_logo,cemhsey_forward_day_logo|D04,confidence_blend_alpha_0.25,S3,grasp_protocol,D04,42,0.30952380952380953,0.2619047619047619,0.47619047619047616,20.0,5.0,20.0,20.0
cemhsey,cemhsey_forward_day_logo,cemhsey_forward_day_logo|D04,confidence_blend_alpha_0.25,S4,grasp_protocol,D04,42,0.35714285714285715,0.21428571428571427,0.4523809523809524,15.0,5.0,15.0,20.0
cemhsey,cemhsey_forward_day_logo,cemhsey_forward_day_logo|D04,confidence_blend_alpha_0.25,S5,grasp_protocol,D04,42,0.3333333333333333,0.3333333333333333,0.6428571428571429,20.0,5.0,20.0,20.0
cemhsey,cemhsey_forward_day_logo,cemhsey_forward_day_logo|D04,confidence_blend_alpha_0.25,S6,grasp_protocol,D04,42,0.21428571428571427,0.19047619047619047,0.5238095238095238,15.0,5.0,20.0,20.0
cemhsey,cemhsey_forward_day_logo,cemhsey_forward_day_logo|D04,confidence_blend_alpha_0.25,S7,grasp_protocol,D04,42,0.047619047619047616,0.023809523809523808,0.19047619047619047,10.0,5.0,15.0,20.0
cemhsey,cemhsey_forward_day_logo,cemhsey_forward_day_logo|D04,confidence_blend_alpha_0.25,S8,grasp_protocol,D04,42,0.11904761904761904,0.07142857142857142,0.16666666666666666,10.0,5.0,10.0,10.0
cemhsey,cemhsey_forward_day_logo,cemhsey_forward_day_logo|D04,confidence_blend_alpha_0.25,S9,grasp_protocol,D04,42,0.2857142857142857,0.14285714285714285,0.35714285714285715,15.0,5.0,12.5,20.0
cemhsey,cemhsey_forward_day_logo,cemhsey_forward_day_logo|D04,confidence_blend_alpha_0.50,S1,grasp_protocol,D04,42,0.4523809523809524,0.4523809523809524,0.8095238095238095,20.0,5.0,20.0,20.0
cemhsey,cemhsey_forward_day_logo,cemhsey_forward_day_logo|D04,confidence_blend_alpha_0.50,S10,grasp_protocol,D04,42,0.42857142857142855,0.3333333333333333,0.5714285714285714,15.0,5.0,20.0,20.0
cemhsey,cemhsey_forward_day_logo,cemhsey_forward_day_logo|D04,confidence_blend_alpha_0.50,S11,grasp_protocol,D04,42,0.5714285714285714,0.5,0.6190476190476191,20.0,5.0,20.0,20.0
cemhsey,cemhsey_forward_day_logo,cemhsey_forward_day_logo|D04,confidence_blend_alpha_0.50,S12,grasp_protocol,D04,42,0.5,0.47619047619047616,0.7142857142857143,20.0,5.0,20.0,20.0
cemhsey,cemhsey_forward_day_logo,cemhsey_forward_day_logo|D04,confidence_blend_alpha_0.50,S13,grasp_protocol,D04,42,0.47619047619047616,0.4523809523809524,0.7380952380952381,20.0,5.0,20.0,20.0
cemhsey,cemhsey_forward_day_logo,cemhsey_forward_day_logo|D04,confidence_blend_alpha_0.50,S2,grasp_protocol,D04,42,0.6428571428571429,0.6428571428571429,0.9285714285714286,20.0,5.0,20.0,20.0
cemhsey,cemhsey_forward_day_logo,cemhsey_forward_day_logo|D04,confidence_blend_alpha_0.50,S3,grasp_protocol,D04,42,0.47619047619047616,0.38095238095238093,0.5476190476190477,17.5,5.0,20.0,20.0
cemhsey,cemhsey_forward_day_logo,cemhsey_forward_day_logo|D04,confidence_blend_alpha_0.50,S4,grasp_protocol,D04,42,0.5952380952380952,0.42857142857142855,0.6428571428571429,15.0,5.0,20.0,20.0
cemhsey,cemhsey_forward_day_logo,cemhsey_forward_day_logo|D04,confidence_blend_alpha_0.50,S5,grasp_protocol,D04,42,0.40476190476190477,0.38095238095238093,0.6428571428571429,20.0,5.0,20.0,20.0
cemhsey,cemhsey_forward_day_logo,cemhsey_forward_day_logo|D04,confidence_blend_alpha_0.50,S6,grasp_protocol,D04,42,0.3333333333333333,0.2857142857142857,0.5952380952380952,20.0,5.0,20.0,20.0
cemhsey,cemhsey_forward_day_logo,cemhsey_forward_day_logo|D04,confidence_blend_alpha_0.50,S7,grasp_protocol,D04,42,0.11904761904761904,0.07142857142857142,0.23809523809523808,10.0,5.0,10.0,20.0
cemhsey,cemhsey_forward_day_logo,cemhsey_forward_day_logo|D04,confidence_blend_alpha_0.50,S8,grasp_protocol,D04,42,0.11904761904761904,0.07142857142857142,0.19047619047619047,10.0,5.0,10.0,20.0
cemhsey,cemhsey_forward_day_logo,cemhsey_forward_day_logo|D04,confidence_blend_alpha_0.50,S9,grasp_protocol,D04,42,0.38095238095238093,0.21428571428571427,0.42857142857142855,10.0,5.0,10.0,20.0
cemhsey,cemhsey_forward_day_logo,cemhsey_forward_day_logo|D04,confidence_blend_alpha_0.75,S1,grasp_protocol,D04,42,0.5238095238095238,0.5,0.8333333333333334,20.0,5.0,20.0,20.0
cemhsey,cemhsey_forward_day_logo,cemhsey_forward_day_logo|D04,confidence_blend_alpha_0.75,S10,grasp_protocol,D04,42,0.42857142857142855,0.2857142857142857,0.5,15.0,5.0,15.0,20.0
cemhsey,cemhsey_forward_day_logo,cemhsey_forward_day_logo|D04,confidence_blend_alpha_0.75,S11,grasp_protocol,D04,42,0.6190476190476191,0.5476190476190477,0.6428571428571429,20.0,5.0,20.0,20.0
cemhsey,cemhsey_forward_day_logo,cemhsey_forward_day_logo|D04,confidence_blend_alpha_0.75,S12,grasp_protocol,D04,42,0.47619047619047616,0.42857142857142855,0.6666666666666666,15.0,5.0,20.0,20.0
cemhsey,cemhsey_forward_day_logo,cemhsey_forward_day_logo|D04,confidence_blend_alpha_0.75,S13,grasp_protocol,D04,42,0.6190476190476191,0.5952380952380952,0.8095238095238095,20.0,5.0,20.0,20.0
cemhsey,cemhsey_forward_day_logo,cemhsey_forward_day_logo|D04,confidence_blend_alpha_0.75,S2,grasp_protocol,D04,42,0.6428571428571429,0.6428571428571429,0.9285714285714286,20.0,5.0,20.0,20.0
cemhsey,cemhsey_forward_day_logo,cemhsey_forward_day_logo|D04,confidence_blend_alpha_0.75,S3,grasp_protocol,D04,42,0.5,0.42857142857142855,0.5238095238095238,15.0,5.0,20.0,20.0
cemhsey,cemhsey_forward_day_logo,cemhsey_forward_day_logo|D04,confidence_blend_alpha_0.75,S4,grasp_protocol,D04,42,0.6428571428571429,0.47619047619047616,0.6904761904761905,15.0,5.0,15.0,20.0
cemhsey,cemhsey_forward_day_logo,cemhsey_forward_day_logo|D04,confidence_blend_alpha_0.75,S5,grasp_protocol,D04,42,0.40476190476190477,0.38095238095238093,0.6428571428571429,10.0,5.0,20.0,20.0
cemhsey,cemhsey_forward_day_logo,cemhsey_forward_day_logo|D04,confidence_blend_alpha_0.75,S6,grasp_protocol,D04,42,0.3333333333333333,0.2857142857142857,0.5238095238095238,15.0,5.0,10.0,20.0
cemhsey,cemhsey_forward_day_logo,cemhsey_forward_day_logo|D04,confidence_blend_alpha_0.75,S7,grasp_protocol,D04,42,0.2619047619047619,0.19047619047619047,0.35714285714285715,10.0,5.0,20.0,20.0
cemhsey,cemhsey_forward_day_logo,cemhsey_forward_day_logo|D04,confidence_blend_alpha_0.75,S8,grasp_protocol,D04,42,0.19047619047619047,0.11904761904761904,0.21428571428571427,10.0,5.0,10.0,20.0
cemhsey,cemhsey_forward_day_logo,cemhsey_forward_day_logo|D04,confidence_blend_alpha_0.75,S9,grasp_protocol,D04,42,0.35714285714285715,0.2619047619047619,0.35714285714285715,10.0,5.0,10.0,10.0
cemhsey,cemhsey_forward_day_logo,cemhsey_forward_day_logo|D04,plain_conf_threshold_matched_tau_0.02,S1,grasp_protocol,D04,42,0.0,0.0,0.4523809523809524,20.0,5.0,,
cemhsey,cemhsey_forward_day_logo,cemhsey_forward_day_logo|D04,plain_conf_threshold_matched_tau_0.02,S10,grasp_protocol,D04,42,0.0,0.0,0.2619047619047619,,5.0,,
cemhsey,cemhsey_forward_day_logo,cemhsey_forward_day_logo|D04,plain_conf_threshold_matched_tau_0.02,S11,grasp_protocol,D04,42,0.0,0.0,0.11904761904761904,,5.0,,
cemhsey,cemhsey_forward_day_logo,cemhsey_forward_day_logo|D04,plain_conf_threshold_matched_tau_0.02,S12,grasp_protocol,D04,42,0.0,0.0,0.3333333333333333,20.0,5.0,,
cemhsey,cemhsey_forward_day_logo,cemhsey_forward_day_logo|D04,plain_conf_threshold_matched_tau_0.02,S13,grasp_protocol,D04,42,0.0,0.0,0.38095238095238093,,5.0,,
cemhsey,cemhsey_forward_day_logo,cemhsey_forward_day_logo|D04,plain_conf_threshold_matched_tau_0.02,S2,grasp_protocol,D04,42,0.0,0.0,0.30952380952380953,,5.0,,
cemhsey,cemhsey_forward_day_logo,cemhsey_forward_day_logo|D04,plain_conf_threshold_matched_tau_0.02,S3,grasp_protocol,D04,42,0.0,0.0,0.23809523809523808,,5.0,,
cemhsey,cemhsey_forward_day_logo,cemhsey_forward_day_logo|D04,plain_conf_threshold_matched_tau_0.02,S4,grasp_protocol,D04,42,0.0,0.0,0.30952380952380953,20.0,5.0,,
cemhsey,cemhsey_forward_day_logo,cemhsey_forward_day_logo|D04,plain_conf_threshold_matched_tau_0.02,S5,grasp_protocol,D04,42,0.0,0.0,0.40476190476190477,20.0,5.0,,
cemhsey,cemhsey_forward_day_logo,cemhsey_forward_day_logo|D04,plain_conf_threshold_matched_tau_0.02,S6,grasp_protocol,D04,42,0.0,0.0,0.38095238095238093,,5.0,,
cemhsey,cemhsey_forward_day_logo,cemhsey_forward_day_logo|D04,plain_conf_threshold_matched_tau_0.02,S7,grasp_protocol,D04,42,0.0,0.0,0.21428571428571427,,5.0,,
cemhsey,cemhsey_forward_day_logo,cemhsey_forward_day_logo|D04,plain_conf_threshold_matched_tau_0.02,S8,grasp_protocol,D04,42,0.0,0.0,0.19047619047619047,20.0,5.0,,
cemhsey,cemhsey_forward_day_logo,cemhsey_forward_day_logo|D04,plain_conf_threshold_matched_tau_0.02,S9,grasp_protocol,D04,42,0.0,0.0,0.3333333333333333,,5.0,,
cemhsey,cemhsey_forward_day_logo,cemhsey_forward_day_logo|D04,plain_conf_threshold_matched_tau_0.05,S1,grasp_protocol,D04,42,0.0,0.0,0.5,20.0,5.0,,
cemhsey,cemhsey_forward_day_logo,cemhsey_forward_day_logo|D04,plain_conf_threshold_matched_tau_0.05,S10,grasp_protocol,D04,42,0.0,0.0,0.2619047619047619,,5.0,,
cemhsey,cemhsey_forward_day_logo,cemhsey_forward_day_logo|D04,plain_conf_threshold_matched_tau_0.05,S11,grasp_protocol,D04,42,0.0,0.0,0.11904761904761904,,5.0,,
cemhsey,cemhsey_forward_day_logo,cemhsey_forward_day_logo|D04,plain_conf_threshold_matched_tau_0.05,S12,grasp_protocol,D04,42,0.0,0.0,0.35714285714285715,20.0,5.0,,
cemhsey,cemhsey_forward_day_logo,cemhsey_forward_day_logo|D04,plain_conf_threshold_matched_tau_0.05,S13,grasp_protocol,D04,42,0.0,0.0,0.38095238095238093,,5.0,,
cemhsey,cemhsey_forward_day_logo,cemhsey_forward_day_logo|D04,plain_conf_threshold_matched_tau_0.05,S2,grasp_protocol,D04,42,0.047619047619047616,0.047619047619047616,0.40476190476190477,20.0,5.0,20.0,20.0
cemhsey,cemhsey_forward_day_logo,cemhsey_forward_day_logo|D04,plain_conf_threshold_matched_tau_0.05,S3,grasp_protocol,D04,42,0.0,0.0,0.2619047619047619,20.0,5.0,,
cemhsey,cemhsey_forward_day_logo,cemhsey_forward_day_logo|D04,plain_conf_threshold_matched_tau_0.05,S4,grasp_protocol,D04,42,0.0,0.0,0.35714285714285715,20.0,5.0,,
cemhsey,cemhsey_forward_day_logo,cemhsey_forward_day_logo|D04,plain_conf_threshold_matched_tau_0.05,S5,grasp_protocol,D04,42,0.09523809523809523,0.09523809523809523,0.42857142857142855,20.0,5.0,20.0,20.0
cemhsey,cemhsey_forward_day_logo,cemhsey_forward_day_logo|D04,plain_conf_threshold_matched_tau_0.05,S6,grasp_protocol,D04,42,0.0,0.0,0.38095238095238093,,5.0,,
cemhsey,cemhsey_forward_day_logo,cemhsey_forward_day_logo|D04,plain_conf_threshold_matched_tau_0.05,S7,grasp_protocol,D04,42,0.0,0.0,0.21428571428571427,,5.0,,
cemhsey,cemhsey_forward_day_logo,cemhsey_forward_day_logo|D04,plain_conf_threshold_matched_tau_0.05,S8,grasp_protocol,D04,42,0.0,0.0,0.19047619047619047,12.5,5.0,,
cemhsey,cemhsey_forward_day_logo,cemhsey_forward_day_logo|D04,plain_conf_threshold_matched_tau_0.05,S9,grasp_protocol,D04,42,0.0,0.0,0.3333333333333333,,5.0,,
cemhsey,cemhsey_forward_day_logo,cemhsey_forward_day_logo|D04,plain_conf_threshold_matched_tau_0.10,S1,grasp_protocol,D04,42,0.023809523809523808,0.023809523809523808,0.5476190476190477,20.0,5.0,20.0,20.0
cemhsey,cemhsey_forward_day_logo,cemhsey_forward_day_logo|D04,plain_conf_threshold_matched_tau_0.10,S10,grasp_protocol,D04,42,0.0,0.0,0.2619047619047619,,5.0,,
cemhsey,cemhsey_forward_day_logo,cemhsey_forward_day_logo|D04,plain_conf_threshold_matched_tau_0.10,S11,grasp_protocol,D04,42,0.0,0.0,0.19047619047619047,20.0,5.0,,
cemhsey,cemhsey_forward_day_logo,cemhsey_forward_day_logo|D04,plain_conf_threshold_matched_tau_0.10,S12,grasp_protocol,D04,42,0.0,0.0,0.35714285714285715,20.0,5.0,,
cemhsey,cemhsey_forward_day_logo,cemhsey_forward_day_logo|D04,plain_conf_threshold_matched_tau_0.10,S13,grasp_protocol,D04,42,0.0,0.0,0.38095238095238093,,5.0,,
cemhsey,cemhsey_forward_day_logo,cemhsey_forward_day_logo|D04,plain_conf_threshold_matched_tau_0.10,S2,grasp_protocol,D04,42,0.07142857142857142,0.07142857142857142,0.5,20.0,5.0,20.0,20.0
cemhsey,cemhsey_forward_day_logo,cemhsey_forward_day_logo|D04,plain_conf_threshold_matched_tau_0.10,S3,grasp_protocol,D04,42,0.0,0.0,0.2619047619047619,20.0,5.0,,
cemhsey,cemhsey_forward_day_logo,cemhsey_forward_day_logo|D04,plain_conf_threshold_matched_tau_0.10,S4,grasp_protocol,D04,42,0.023809523809523808,0.023809523809523808,0.40476190476190477,20.0,5.0,20.0,20.0
cemhsey,cemhsey_forward_day_logo,cemhsey_forward_day_logo|D04,plain_conf_threshold_matched_tau_0.10,S5,grasp_protocol,D04,42,0.16666666666666666,0.14285714285714285,0.47619047619047616,20.0,5.0,20.0,20.0
cemhsey,cemhsey_forward_day_logo,cemhsey_forward_day_logo|D04,plain_conf_threshold_matched_tau_0.10,S6,grasp_protocol,D04,42,0.0,0.0,0.38095238095238093,,5.0,,
cemhsey,cemhsey_forward_day_logo,cemhsey_forward_day_logo|D04,plain_conf_threshold_matched_tau_0.10,S7,grasp_protocol,D04,42,0.0,0.0,0.21428571428571427,,5.0,,
cemhsey,cemhsey_forward_day_logo,cemhsey_forward_day_logo|D04,plain_conf_threshold_matched_tau_0.10,S8,grasp_protocol,D04,42,0.0,0.0,0.19047619047619047,12.5,5.0,,
cemhsey,cemhsey_forward_day_logo,cemhsey_forward_day_logo|D04,plain_conf_threshold_matched_tau_0.10,S9,grasp_protocol,D04,42,0.0,0.0,0.3333333333333333,,5.0,,
cemhsey,cemhsey_forward_day_logo,cemhsey_forward_day_logo|D04,plain_conf_threshold_matched_tau_0.15,S1,grasp_protocol,D04,42,0.07142857142857142,0.07142857142857142,0.6190476190476191,20.0,5.0,20.0,20.0
cemhsey,cemhsey_forward_day_logo,cemhsey_forward_day_logo|D04,plain_conf_threshold_matched_tau_0.15,S10,grasp_protocol,D04,42,0.023809523809523808,0.023809523809523808,0.2857142857142857,20.0,5.0,20.0,20.0
cemhsey,cemhsey_forward_day_logo,cemhsey_forward_day_logo|D04,plain_conf_threshold_matched_tau_0.15,S11,grasp_protocol,D04,42,0.023809523809523808,0.023809523809523808,0.21428571428571427,20.0,5.0,20.0,20.0
cemhsey,cemhsey_forward_day_logo,cemhsey_forward_day_logo|D04,plain_conf_threshold_matched_tau_0.15,S12,grasp_protocol,D04,42,0.047619047619047616,0.047619047619047616,0.38095238095238093,20.0,5.0,20.0,20.0
cemhsey,cemhsey_forward_day_logo,cemhsey_forward_day_logo|D04,plain_conf_threshold_matched_tau_0.15,S13,grasp_protocol,D04,42,0.0,0.0,0.38095238095238093,,5.0,,
cemhsey,cemhsey_forward_day_logo,cemhsey_forward_day_logo|D04,plain_conf_threshold_matched_tau_0.15,S2,grasp_protocol,D04,42,0.09523809523809523,0.09523809523809523,0.5476190476190477,20.0,5.0,20.0,20.0
cemhsey,cemhsey_forward_day_logo,cemhsey_forward_day_logo|D04,plain_conf_threshold_matched_tau_0.15,S3,grasp_protocol,D04,42,0.023809523809523808,0.023809523809523808,0.2857142857142857,20.0,5.0,20.0,20.0
cemhsey,cemhsey_forward_day_logo,cemhsey_forward_day_logo|D04,plain_conf_threshold_matched_tau_0.15,S4,grasp_protocol,D04,42,0.023809523809523808,0.023809523809523808,0.40476190476190477,20.0,5.0,20.0,20.0
cemhsey,cemhsey_forward_day_logo,cemhsey_forward_day_logo|D04,plain_conf_threshold_matched_tau_0.15,S5,grasp_protocol,D04,42,0.16666666666666666,0.16666666666666666,0.47619047619047616,20.0,5.0,20.0,20.0
cemhsey,cemhsey_forward_day_logo,cemhsey_forward_day_logo|D04,plain_conf_threshold_matched_tau_0.15,S6,grasp_protocol,D04,42,0.0,0.0,0.38095238095238093,,5.0,,
cemhsey,cemhsey_forward_day_logo,cemhsey_forward_day_logo|D04,plain_conf_threshold_matched_tau_0.15,S7,grasp_protocol,D04,42,0.0,0.0,0.19047619047619047,20.0,5.0,,
cemhsey,cemhsey_forward_day_logo,cemhsey_forward_day_logo|D04,plain_conf_threshold_matched_tau_0.15,S8,grasp_protocol,D04,42,0.0,0.0,0.19047619047619047,12.5,5.0,,
cemhsey,cemhsey_forward_day_logo,cemhsey_forward_day_logo|D04,plain_conf_threshold_matched_tau_0.15,S9,grasp_protocol,D04,42,0.0,0.0,0.3333333333333333,10.0,5.0,,
cemhsey,cemhsey_forward_day_logo,cemhsey_forward_day_logo|D04,plain_conf_threshold_matched_tau_0.20,S1,grasp_protocol,D04,42,0.09523809523809523,0.09523809523809523,0.6190476190476191,20.0,5.0,20.0,20.0
cemhsey,cemhsey_forward_day_logo,cemhsey_forward_day_logo|D04,plain_conf_threshold_matched_tau_0.20,S10,grasp_protocol,D04,42,0.023809523809523808,0.023809523809523808,0.30952380952380953,20.0,5.0,20.0,20.0
cemhsey,cemhsey_forward_day_logo,cemhsey_forward_day_logo|D04,plain_conf_threshold_matched_tau_0.20,S11,grasp_protocol,D04,42,0.07142857142857142,0.07142857142857142,0.2619047619047619,20.0,5.0,20.0,20.0
cemhsey,cemhsey_forward_day_logo,cemhsey_forward_day_logo|D04,plain_conf_threshold_matched_tau_0.20,S12,grasp_protocol,D04,42,0.047619047619047616,0.047619047619047616,0.38095238095238093,20.0,5.0,20.0,20.0
cemhsey,cemhsey_forward_day_logo,cemhsey_forward_day_logo|D04,plain_conf_threshold_matched_tau_0.20,S13,grasp_protocol,D04,42,0.023809523809523808,0.023809523809523808,0.40476190476190477,20.0,5.0,20.0,20.0
cemhsey,cemhsey_forward_day_logo,cemhsey_forward_day_logo|D04,plain_conf_threshold_matched_tau_0.20,S2,grasp_protocol,D04,42,0.19047619047619047,0.19047619047619047,0.5714285714285714,20.0,5.0,20.0,20.0
cemhsey,cemhsey_forward_day_logo,cemhsey_forward_day_logo|D04,plain_conf_threshold_matched_tau_0.20,S3,grasp_protocol,D04,42,0.023809523809523808,0.023809523809523808,0.2857142857142857,20.0,5.0,20.0,20.0
cemhsey,cemhsey_forward_day_logo,cemhsey_forward_day_logo|D04,plain_conf_threshold_matched_tau_0.20,S4,grasp_protocol,D04,42,0.07142857142857142,0.07142857142857142,0.40476190476190477,20.0,5.0,20.0,20.0
cemhsey,cemhsey_forward_day_logo,cemhsey_forward_day_logo|D04,plain_conf_threshold_matched_tau_0.20,S5,grasp_protocol,D04,42,0.21428571428571427,0.21428571428571427,0.5238095238095238,20.0,5.0,20.0,20.0
cemhsey,cemhsey_forward_day_logo,cemhsey_forward_day_logo|D04,plain_conf_threshold_matched_tau_0.20,S6,grasp_protocol,D04,42,0.0,0.0,0.38095238095238093,,5.0,,
cemhsey,cemhsey_forward_day_logo,cemhsey_forward_day_logo|D04,plain_conf_threshold_matched_tau_0.20,S7,grasp_protocol,D04,42,0.0,0.0,0.19047619047619047,20.0,5.0,,
cemhsey,cemhsey_forward_day_logo,cemhsey_forward_day_logo|D04,plain_conf_threshold_matched_tau_0.20,S8,grasp_protocol,D04,42,0.0,0.0,0.19047619047619047,12.5,5.0,,
cemhsey,cemhsey_forward_day_logo,cemhsey_forward_day_logo|D04,plain_conf_threshold_matched_tau_0.20,S9,grasp_protocol,D04,42,0.0,0.0,0.3333333333333333,10.0,5.0,,
cemhsey,cemhsey_forward_day_logo,cemhsey_forward_day_logo|D04,selective_prediction,S1,grasp_protocol,D04,42,0.16666666666666666,0.023809523809523808,0.40476190476190477,20.0,5.0,20.0,20.0
cemhsey,cemhsey_forward_day_logo,cemhsey_forward_day_logo|D04,selective_prediction,S10,grasp_protocol,D04,42,0.0,0.0,0.2619047619047619,,5.0,,
cemhsey,cemhsey_forward_day_logo,cemhsey_forward_day_logo|D04,selective_prediction,S11,grasp_protocol,D04,42,0.09523809523809523,0.0,0.11904761904761904,20.0,5.0,20.0,
cemhsey,cemhsey_forward_day_logo,cemhsey_forward_day_logo|D04,selective_prediction,S12,grasp_protocol,D04,42,0.047619047619047616,0.0,0.30952380952380953,20.0,5.0,20.0,
cemhsey,cemhsey_forward_day_logo,cemhsey_forward_day_logo|D04,selective_prediction,S13,grasp_protocol,D04,42,0.0,0.0,0.38095238095238093,,5.0,,
cemhsey,cemhsey_forward_day_logo,cemhsey_forward_day_logo|D04,selective_prediction,S2,grasp_protocol,D04,42,0.19047619047619047,0.0,0.30952380952380953,20.0,5.0,20.0,
cemhsey,cemhsey_forward_day_logo,cemhsey_forward_day_logo|D04,selective_prediction,S3,grasp_protocol,D04,42,0.023809523809523808,0.0,0.23809523809523808,20.0,5.0,20.0,
cemhsey,cemhsey_forward_day_logo,cemhsey_forward_day_logo|D04,selective_prediction,S4,grasp_protocol,D04,42,0.11904761904761904,0.0,0.2857142857142857,20.0,5.0,20.0,
cemhsey,cemhsey_forward_day_logo,cemhsey_forward_day_logo|D04,selective_prediction,S5,grasp_protocol,D04,42,0.16666666666666666,0.0,0.35714285714285715,20.0,5.0,20.0,
cemhsey,cemhsey_forward_day_logo,cemhsey_forward_day_logo|D04,selective_prediction,S6,grasp_protocol,D04,42,0.0,0.0,0.38095238095238093,,5.0,,
cemhsey,cemhsey_forward_day_logo,cemhsey_forward_day_logo|D04,selective_prediction,S7,grasp_protocol,D04,42,0.0,0.0,0.21428571428571427,,5.0,,
cemhsey,cemhsey_forward_day_logo,cemhsey_forward_day_logo|D04,selective_prediction,S8,grasp_protocol,D04,42,0.0,0.0,0.19047619047619047,12.5,5.0,,
cemhsey,cemhsey_forward_day_logo,cemhsey_forward_day_logo|D04,selective_prediction,S9,grasp_protocol,D04,42,0.0,0.0,0.3333333333333333,,5.0,,
cemhsey,cemhsey_forward_day_logo,cemhsey_forward_day_logo|D04,set_acsa_tau_0.02,S1,grasp_protocol,D04,42,0.023809523809523808,0.023809523809523808,0.40476190476190477,20.0,5.0,20.0,20.0
cemhsey,cemhsey_forward_day_logo,cemhsey_forward_day_logo|D04,set_acsa_tau_0.02,S10,grasp_protocol,D04,42,0.023809523809523808,0.023809523809523808,0.2857142857142857,10.0,5.0,20.0,20.0
cemhsey,cemhsey_forward_day_logo,cemhsey_forward_day_logo|D04,set_acsa_tau_0.02,S11,grasp_protocol,D04,42,0.0,0.0,0.11904761904761904,5.0,5.0,,
cemhsey,cemhsey_forward_day_logo,cemhsey_forward_day_logo|D04,set_acsa_tau_0.02,S12,grasp_protocol,D04,42,0.07142857142857142,0.07142857142857142,0.38095238095238093,20.0,5.0,20.0,20.0
cemhsey,cemhsey_forward_day_logo,cemhsey_forward_day_logo|D04,set_acsa_tau_0.02,S13,grasp_protocol,D04,42,0.09523809523809523,0.047619047619047616,0.42857142857142855,10.0,5.0,15.0,20.0
cemhsey,cemhsey_forward_day_logo,cemhsey_forward_day_logo|D04,set_acsa_tau_0.02,S2,grasp_protocol,D04,42,0.023809523809523808,0.023809523809523808,0.3333333333333333,20.0,5.0,20.0,20.0
cemhsey,cemhsey_forward_day_logo,cemhsey_forward_day_logo|D04,set_acsa_tau_0.02,S3,grasp_protocol,D04,42,0.11904761904761904,0.09523809523809523,0.30952380952380953,20.0,5.0,20.0,20.0
cemhsey,cemhsey_forward_day_logo,cemhsey_forward_day_logo|D04,set_acsa_tau_0.02,S4,grasp_protocol,D04,42,0.07142857142857142,0.023809523809523808,0.2857142857142857,15.0,5.0,15.0,15.0
cemhsey,cemhsey_forward_day_logo,cemhsey_forward_day_logo|D04,set_acsa_tau_0.02,S5,grasp_protocol,D04,42,0.047619047619047616,0.023809523809523808,0.38095238095238093,15.0,5.0,15.0,20.0
cemhsey,cemhsey_forward_day_logo,cemhsey_forward_day_logo|D04,set_acsa_tau_0.02,S6,grasp_protocol,D04,42,0.07142857142857142,0.07142857142857142,0.42857142857142855,15.0,5.0,20.0,20.0
cemhsey,cemhsey_forward_day_logo,cemhsey_forward_day_logo|D04,set_acsa_tau_0.02,S7,grasp_protocol,D04,42,0.0,0.0,0.19047619047619047,12.5,5.0,,
cemhsey,cemhsey_forward_day_logo,cemhsey_forward_day_logo|D04,set_acsa_tau_0.02,S8,grasp_protocol,D04,42,0.09523809523809523,0.047619047619047616,0.21428571428571427,10.0,5.0,12.5,15.0
cemhsey,cemhsey_forward_day_logo,cemhsey_forward_day_logo|D04,set_acsa_tau_0.02,S9,grasp_protocol,D04,42,0.023809523809523808,0.0,0.2857142857142857,15.0,5.0,5.0,
cemhsey,cemhsey_forward_day_logo,cemhsey_forward_day_logo|D04,set_acsa_tau_0.05,S1,grasp_protocol,D04,42,0.09523809523809523,0.07142857142857142,0.4523809523809524,12.5,5.0,12.5,20.0
cemhsey,cemhsey_forward_day_logo,cemhsey_forward_day_logo|D04,set_acsa_tau_0.05,S10,grasp_protocol,D04,42,0.047619047619047616,0.047619047619047616,0.30952380952380953,15.0,5.0,20.0,20.0
cemhsey,cemhsey_forward_day_logo,cemhsey_forward_day_logo|D04,set_acsa_tau_0.05,S11,grasp_protocol,D04,42,0.047619047619047616,0.023809523809523808,0.14285714285714285,15.0,5.0,17.5,20.0
cemhsey,cemhsey_forward_day_logo,cemhsey_forward_day_logo|D04,set_acsa_tau_0.05,S12,grasp_protocol,D04,42,0.14285714285714285,0.11904761904761904,0.38095238095238093,17.5,5.0,20.0,20.0
cemhsey,cemhsey_forward_day_logo,cemhsey_forward_day_logo|D04,set_acsa_tau_0.05,S13,grasp_protocol,D04,42,0.11904761904761904,0.09523809523809523,0.47619047619047616,10.0,5.0,20.0,20.0
cemhsey,cemhsey_forward_day_logo,cemhsey_forward_day_logo|D04,set_acsa_tau_0.05,S2,grasp_protocol,D04,42,0.16666666666666666,0.11904761904761904,0.42857142857142855,20.0,5.0,20.0,20.0
cemhsey,cemhsey_forward_day_logo,cemhsey_forward_day_logo|D04,set_acsa_tau_0.05,S3,grasp_protocol,D04,42,0.19047619047619047,0.16666666666666666,0.3333333333333333,20.0,5.0,17.5,20.0
cemhsey,cemhsey_forward_day_logo,cemhsey_forward_day_logo|D04,set_acsa_tau_0.05,S4,grasp_protocol,D04,42,0.19047619047619047,0.09523809523809523,0.3333333333333333,15.0,5.0,15.0,17.5
cemhsey,cemhsey_forward_day_logo,cemhsey_forward_day_logo|D04,set_acsa_tau_0.05,S5,grasp_protocol,D04,42,0.19047619047619047,0.14285714285714285,0.47619047619047616,15.0,5.0,20.0,20.0
cemhsey,cemhsey_forward_day_logo,cemhsey_forward_day_logo|D04,set_acsa_tau_0.05,S6,grasp_protocol,D04,42,0.16666666666666666,0.11904761904761904,0.4523809523809524,10.0,5.0,15.0,20.0
cemhsey,cemhsey_forward_day_logo,cemhsey_forward_day_logo|D04,set_acsa_tau_0.05,S7,grasp_protocol,D04,42,0.047619047619047616,0.023809523809523808,0.21428571428571427,15.0,5.0,12.5,20.0
cemhsey,cemhsey_forward_day_logo,cemhsey_forward_day_logo|D04,set_acsa_tau_0.05,S8,grasp_protocol,D04,42,0.09523809523809523,0.047619047619047616,0.16666666666666666,10.0,5.0,12.5,15.0
cemhsey,cemhsey_forward_day_logo,cemhsey_forward_day_logo|D04,set_acsa_tau_0.05,S9,grasp_protocol,D04,42,0.16666666666666666,0.09523809523809523,0.3333333333333333,15.0,5.0,10.0,20.0
cemhsey,cemhsey_forward_day_logo,cemhsey_forward_day_logo|D04,set_acsa_tau_0.10,S1,grasp_protocol,D04,42,0.14285714285714285,0.09523809523809523,0.47619047619047616,15.0,5.0,12.5,20.0
cemhsey,cemhsey_forward_day_logo,cemhsey_forward_day_logo|D04,set_acsa_tau_0.10,S10,grasp_protocol,D04,42,0.14285714285714285,0.11904761904761904,0.35714285714285715,20.0,5.0,20.0,20.0
cemhsey,cemhsey_forward_day_logo,cemhsey_forward_day_logo|D04,set_acsa_tau_0.10,S11,grasp_protocol,D04,42,0.14285714285714285,0.09523809523809523,0.21428571428571427,15.0,5.0,20.0,20.0
cemhsey,cemhsey_forward_day_logo,cemhsey_forward_day_logo|D04,set_acsa_tau_0.10,S12,grasp_protocol,D04,42,0.35714285714285715,0.2619047619047619,0.5,20.0,5.0,20.0,20.0
cemhsey,cemhsey_forward_day_logo,cemhsey_forward_day_logo|D04,set_acsa_tau_0.10,S13,grasp_protocol,D04,42,0.2857142857142857,0.2619047619047619,0.6190476190476191,20.0,5.0,20.0,20.0
cemhsey,cemhsey_forward_day_logo,cemhsey_forward_day_logo|D04,set_acsa_tau_0.10,S2,grasp_protocol,D04,42,0.35714285714285715,0.30952380952380953,0.6190476190476191,20.0,5.0,20.0,20.0
cemhsey,cemhsey_forward_day_logo,cemhsey_forward_day_logo|D04,set_acsa_tau_0.10,S3,grasp_protocol,D04,42,0.30952380952380953,0.2857142857142857,0.38095238095238093,20.0,5.0,20.0,20.0
cemhsey,cemhsey_forward_day_logo,cemhsey_forward_day_logo|D04,set_acsa_tau_0.10,S4,grasp_protocol,D04,42,0.30952380952380953,0.19047619047619047,0.42857142857142855,15.0,5.0,15.0,20.0
cemhsey,cemhsey_forward_day_logo,cemhsey_forward_day_logo|D04,set_acsa_tau_0.10,S5,grasp_protocol,D04,42,0.30952380952380953,0.2857142857142857,0.5238095238095238,20.0,5.0,20.0,20.0
cemhsey,cemhsey_forward_day_logo,cemhsey_forward_day_logo|D04,set_acsa_tau_0.10,S6,grasp_protocol,D04,42,0.2857142857142857,0.19047619047619047,0.5238095238095238,15.0,5.0,15.0,20.0
cemhsey,cemhsey_forward_day_logo,cemhsey_forward_day_logo|D04,set_acsa_tau_0.10,S7,grasp_protocol,D04,42,0.07142857142857142,0.047619047619047616,0.21428571428571427,12.5,5.0,20.0,20.0
cemhsey,cemhsey_forward_day_logo,cemhsey_forward_day_logo|D04,set_acsa_tau_0.10,S8,grasp_protocol,D04,42,0.09523809523809523,0.047619047619047616,0.16666666666666666,10.0,5.0,10.0,15.0
cemhsey,cemhsey_forward_day_logo,cemhsey_forward_day_logo|D04,set_acsa_tau_0.10,S9,grasp_protocol,D04,42,0.2857142857142857,0.14285714285714285,0.3333333333333333,15.0,5.0,10.0,20.0
cemhsey,cemhsey_forward_day_logo,cemhsey_forward_day_logo|D04,set_acsa_tau_0.15,S1,grasp_protocol,D04,42,0.2857142857142857,0.2619047619047619,0.5952380952380952,20.0,5.0,20.0,20.0
cemhsey,cemhsey_forward_day_logo,cemhsey_forward_day_logo|D04,set_acsa_tau_0.15,S10,grasp_protocol,D04,42,0.19047619047619047,0.16666666666666666,0.40476190476190477,20.0,5.0,20.0,20.0
cemhsey,cemhsey_forward_day_logo,cemhsey_forward_day_logo|D04,set_acsa_tau_0.15,S11,grasp_protocol,D04,42,0.2619047619047619,0.19047619047619047,0.30952380952380953,15.0,5.0,20.0,20.0
cemhsey,cemhsey_forward_day_logo,cemhsey_forward_day_logo|D04,set_acsa_tau_0.15,S12,grasp_protocol,D04,42,0.4523809523809524,0.35714285714285715,0.5952380952380952,20.0,5.0,20.0,20.0
cemhsey,cemhsey_forward_day_logo,cemhsey_forward_day_logo|D04,set_acsa_tau_0.15,S13,grasp_protocol,D04,42,0.38095238095238093,0.35714285714285715,0.7142857142857143,20.0,5.0,20.0,20.0
cemhsey,cemhsey_forward_day_logo,cemhsey_forward_day_logo|D04,set_acsa_tau_0.15,S2,grasp_protocol,D04,42,0.47619047619047616,0.42857142857142855,0.7142857142857143,20.0,5.0,20.0,20.0
cemhsey,cemhsey_forward_day_logo,cemhsey_forward_day_logo|D04,set_acsa_tau_0.15,S3,grasp_protocol,D04,42,0.38095238095238093,0.3333333333333333,0.42857142857142855,20.0,5.0,20.0,20.0
cemhsey,cemhsey_forward_day_logo,cemhsey_forward_day_logo|D04,set_acsa_tau_0.15,S4,grasp_protocol,D04,42,0.38095238095238093,0.21428571428571427,0.42857142857142855,10.0,5.0,15.0,20.0
cemhsey,cemhsey_forward_day_logo,cemhsey_forward_day_logo|D04,set_acsa_tau_0.15,S5,grasp_protocol,D04,42,0.35714285714285715,0.35714285714285715,0.5714285714285714,20.0,5.0,20.0,20.0
cemhsey,cemhsey_forward_day_logo,cemhsey_forward_day_logo|D04,set_acsa_tau_0.15,S6,grasp_protocol,D04,42,0.30952380952380953,0.21428571428571427,0.5,17.5,5.0,15.0,20.0
cemhsey,cemhsey_forward_day_logo,cemhsey_forward_day_logo|D04,set_acsa_tau_0.15,S7,grasp_protocol,D04,42,0.07142857142857142,0.047619047619047616,0.21428571428571427,5.0,5.0,20.0,20.0
cemhsey,cemhsey_forward_day_logo,cemhsey_forward_day_logo|D04,set_acsa_tau_0.15,S8,grasp_protocol,D04,42,0.14285714285714285,0.07142857142857142,0.16666666666666666,10.0,5.0,10.0,20.0
cemhsey,cemhsey_forward_day_logo,cemhsey_forward_day_logo|D04,set_acsa_tau_0.15,S9,grasp_protocol,D04,42,0.2857142857142857,0.16666666666666666,0.3333333333333333,12.5,5.0,10.0,20.0
cemhsey,cemhsey_forward_day_logo,cemhsey_forward_day_logo|D04,set_acsa_tau_0.20,S1,grasp_protocol,D04,42,0.3333333333333333,0.30952380952380953,0.6428571428571429,20.0,5.0,20.0,20.0
cemhsey,cemhsey_forward_day_logo,cemhsey_forward_day_logo|D04,set_acsa_tau_0.20,S10,grasp_protocol,D04,42,0.21428571428571427,0.19047619047619047,0.42857142857142855,20.0,5.0,20.0,20.0
cemhsey,cemhsey_forward_day_logo,cemhsey_forward_day_logo|D04,set_acsa_tau_0.20,S11,grasp_protocol,D04,42,0.38095238095238093,0.2857142857142857,0.40476190476190477,17.5,5.0,20.0,20.0
cemhsey,cemhsey_forward_day_logo,cemhsey_forward_day_logo|D04,set_acsa_tau_0.20,S12,grasp_protocol,D04,42,0.47619047619047616,0.40476190476190477,0.6190476190476191,20.0,5.0,20.0,20.0
cemhsey,cemhsey_forward_day_logo,cemhsey_forward_day_logo|D04,set_acsa_tau_0.20,S13,grasp_protocol,D04,42,0.40476190476190477,0.38095238095238093,0.6904761904761905,20.0,5.0,20.0,20.0
cemhsey,cemhsey_forward_day_logo,cemhsey_forward_day_logo|D04,set_acsa_tau_0.20,S2,grasp_protocol,D04,42,0.5476190476190477,0.5,0.7857142857142857,20.0,5.0,20.0,20.0
cemhsey,cemhsey_forward_day_logo,cemhsey_forward_day_logo|D04,set_acsa_tau_0.20,S3,grasp_protocol,D04,42,0.38095238095238093,0.3333333333333333,0.42857142857142855,20.0,5.0,20.0,20.0
cemhsey,cemhsey_forward_day_logo,cemhsey_forward_day_logo|D04,set_acsa_tau_0.20,S4,grasp_protocol,D04,42,0.47619047619047616,0.3333333333333333,0.5476190476190477,15.0,5.0,15.0,20.0
cemhsey,cemhsey_forward_day_logo,cemhsey_forward_day_logo|D04,set_acsa_tau_0.20,S5,grasp_protocol,D04,42,0.38095238095238093,0.38095238095238093,0.5952380952380952,20.0,5.0,20.0,20.0
cemhsey,cemhsey_forward_day_logo,cemhsey_forward_day_logo|D04,set_acsa_tau_0.20,S6,grasp_protocol,D04,42,0.3333333333333333,0.2619047619047619,0.5476190476190477,20.0,5.0,17.5,20.0
cemhsey,cemhsey_forward_day_logo,cemhsey_forward_day_logo|D04,set_acsa_tau_0.20,S7,grasp_protocol,D04,42,0.09523809523809523,0.07142857142857142,0.23809523809523808,5.0,5.0,20.0,20.0
cemhsey,cemhsey_forward_day_logo,cemhsey_forward_day_logo|D04,set_acsa_tau_0.20,S8,grasp_protocol,D04,42,0.19047619047619047,0.09523809523809523,0.16666666666666666,10.0,5.0,10.0,20.0
cemhsey,cemhsey_forward_day_logo,cemhsey_forward_day_logo|D04,set_acsa_tau_0.20,S9,grasp_protocol,D04,42,0.2857142857142857,0.16666666666666666,0.3333333333333333,10.0,5.0,10.0,20.0
cemhsey,cemhsey_forward_day_logo,cemhsey_forward_day_logo|D04,user_only,S1,grasp_protocol,D04,42,0.0,0.0,0.38095238095238093,,5.0,,
cemhsey,cemhsey_forward_day_logo,cemhsey_forward_day_logo|D04,user_only,S10,grasp_protocol,D04,42,0.0,0.0,0.2619047619047619,,5.0,,
cemhsey,cemhsey_forward_day_logo,cemhsey_forward_day_logo|D04,user_only,S11,grasp_protocol,D04,42,0.0,0.0,0.11904761904761904,,5.0,,
cemhsey,cemhsey_forward_day_logo,cemhsey_forward_day_logo|D04,user_only,S12,grasp_protocol,D04,42,0.0,0.0,0.30952380952380953,,5.0,,
cemhsey,cemhsey_forward_day_logo,cemhsey_forward_day_logo|D04,user_only,S13,grasp_protocol,D04,42,0.0,0.0,0.38095238095238093,,5.0,,
cemhsey,cemhsey_forward_day_logo,cemhsey_forward_day_logo|D04,user_only,S2,grasp_protocol,D04,42,0.0,0.0,0.30952380952380953,,5.0,,
cemhsey,cemhsey_forward_day_logo,cemhsey_forward_day_logo|D04,user_only,S3,grasp_protocol,D04,42,0.0,0.0,0.23809523809523808,,5.0,,
cemhsey,cemhsey_forward_day_logo,cemhsey_forward_day_logo|D04,user_only,S4,grasp_protocol,D04,42,0.0,0.0,0.2857142857142857,,5.0,,
cemhsey,cemhsey_forward_day_logo,cemhsey_forward_day_logo|D04,user_only,S5,grasp_protocol,D04,42,0.0,0.0,0.35714285714285715,,5.0,,
cemhsey,cemhsey_forward_day_logo,cemhsey_forward_day_logo|D04,user_only,S6,grasp_protocol,D04,42,0.0,0.0,0.38095238095238093,,5.0,,
cemhsey,cemhsey_forward_day_logo,cemhsey_forward_day_logo|D04,user_only,S7,grasp_protocol,D04,42,0.0,0.0,0.21428571428571427,,5.0,,
cemhsey,cemhsey_forward_day_logo,cemhsey_forward_day_logo|D04,user_only,S8,grasp_protocol,D04,42,0.0,0.0,0.19047619047619047,,5.0,,
cemhsey,cemhsey_forward_day_logo,cemhsey_forward_day_logo|D04,user_only,S9,grasp_protocol,D04,42,0.0,0.0,0.3333333333333333,,5.0,,
cemhsey,cemhsey_forward_day_logo,cemhsey_forward_day_logo|D05,agency_margin_tau_0.02,S1,grasp_protocol,D05,42,0.047619047619047616,0.047619047619047616,0.4523809523809524,10.0,5.0,5.0,12.5
cemhsey,cemhsey_forward_day_logo,cemhsey_forward_day_logo|D05,agency_margin_tau_0.02,S10,grasp_protocol,D05,42,0.07142857142857142,0.07142857142857142,0.30952380952380953,15.0,5.0,15.0,15.0
cemhsey,cemhsey_forward_day_logo,cemhsey_forward_day_logo|D05,agency_margin_tau_0.02,S11,grasp_protocol,D05,42,0.09523809523809523,0.07142857142857142,0.47619047619047616,17.5,5.0,20.0,20.0
cemhsey,cemhsey_forward_day_logo,cemhsey_forward_day_logo|D05,agency_margin_tau_0.02,S12,grasp_protocol,D05,42,0.023809523809523808,0.023809523809523808,0.40476190476190477,20.0,5.0,20.0,20.0
cemhsey,cemhsey_forward_day_logo,cemhsey_forward_day_logo|D05,agency_margin_tau_0.02,S13,grasp_protocol,D05,42,0.09523809523809523,0.07142857142857142,0.2857142857142857,15.0,5.0,15.0,20.0
cemhsey,cemhsey_forward_day_logo,cemhsey_forward_day_logo|D05,agency_margin_tau_0.02,S2,grasp_protocol,D05,42,0.07142857142857142,0.07142857142857142,0.5952380952380952,20.0,5.0,20.0,20.0
cemhsey,cemhsey_forward_day_logo,cemhsey_forward_day_logo|D05,agency_margin_tau_0.02,S3,grasp_protocol,D05,42,0.047619047619047616,0.047619047619047616,0.5952380952380952,20.0,5.0,20.0,20.0
cemhsey,cemhsey_forward_day_logo,cemhsey_forward_day_logo|D05,agency_margin_tau_0.02,S4,grasp_protocol,D05,42,0.023809523809523808,0.0,0.30952380952380953,10.0,5.0,15.0,
cemhsey,cemhsey_forward_day_logo,cemhsey_forward_day_logo|D05,agency_margin_tau_0.02,S5,grasp_protocol,D05,42,0.09523809523809523,0.07142857142857142,0.5,20.0,5.0,20.0,20.0
cemhsey,cemhsey_forward_day_logo,cemhsey_forward_day_logo|D05,agency_margin_tau_0.02,S6,grasp_protocol,D05,42,0.09523809523809523,0.023809523809523808,0.47619047619047616,15.0,5.0,15.0,20.0
cemhsey,cemhsey_forward_day_logo,cemhsey_forward_day_logo|D05,agency_margin_tau_0.02,S7,grasp_protocol,D05,42,0.047619047619047616,0.047619047619047616,0.21428571428571427,17.5,5.0,20.0,20.0
cemhsey,cemhsey_forward_day_logo,cemhsey_forward_day_logo|D05,agency_margin_tau_0.02,S8,grasp_protocol,D05,42,0.07142857142857142,0.07142857142857142,0.3333333333333333,20.0,5.0,20.0,20.0
cemhsey,cemhsey_forward_day_logo,cemhsey_forward_day_logo|D05,agency_margin_tau_0.02,S9,grasp_protocol,D05,42,0.11904761904761904,0.07142857142857142,0.23809523809523808,15.0,5.0,20.0,20.0
cemhsey,cemhsey_forward_day_logo,cemhsey_forward_day_logo|D05,agency_margin_tau_0.05,S1,grasp_protocol,D05,42,0.07142857142857142,0.047619047619047616,0.42857142857142855,12.5,5.0,5.0,12.5
cemhsey,cemhsey_forward_day_logo,cemhsey_forward_day_logo|D05,agency_margin_tau_0.05,S10,grasp_protocol,D05,42,0.11904761904761904,0.11904761904761904,0.35714285714285715,17.5,5.0,20.0,20.0
cemhsey,cemhsey_forward_day_logo,cemhsey_forward_day_logo|D05,agency_margin_tau_0.05,S11,grasp_protocol,D05,42,0.11904761904761904,0.09523809523809523,0.5,20.0,5.0,20.0,20.0
cemhsey,cemhsey_forward_day_logo,cemhsey_forward_day_logo|D05,agency_margin_tau_0.05,S12,grasp_protocol,D05,42,0.16666666666666666,0.14285714285714285,0.5238095238095238,20.0,5.0,20.0,20.0
cemhsey,cemhsey_forward_day_logo,cemhsey_forward_day_logo|D05,agency_margin_tau_0.05,S13,grasp_protocol,D05,42,0.16666666666666666,0.11904761904761904,0.3333333333333333,10.0,5.0,10.0,20.0
cemhsey,cemhsey_forward_day_logo,cemhsey_forward_day_logo|D05,agency_margin_tau_0.05,S2,grasp_protocol,D05,42,0.09523809523809523,0.09523809523809523,0.5952380952380952,20.0,5.0,20.0,20.0
cemhsey,cemhsey_forward_day_logo,cemhsey_forward_day_logo|D05,agency_margin_tau_0.05,S3,grasp_protocol,D05,42,0.16666666666666666,0.14285714285714285,0.6428571428571429,20.0,5.0,20.0,20.0
cemhsey,cemhsey_forward_day_logo,cemhsey_forward_day_logo|D05,agency_margin_tau_0.05,S4,grasp_protocol,D05,42,0.11904761904761904,0.023809523809523808,0.30952380952380953,15.0,5.0,15.0,20.0
cemhsey,cemhsey_forward_day_logo,cemhsey_forward_day_logo|D05,agency_margin_tau_0.05,S5,grasp_protocol,D05,42,0.14285714285714285,0.09523809523809523,0.5238095238095238,17.5,5.0,20.0,20.0
cemhsey,cemhsey_forward_day_logo,cemhsey_forward_day_logo|D05,agency_margin_tau_0.05,S6,grasp_protocol,D05,42,0.16666666666666666,0.11904761904761904,0.5714285714285714,15.0,5.0,15.0,20.0
cemhsey,cemhsey_forward_day_logo,cemhsey_forward_day_logo|D05,agency_margin_tau_0.05,S7,grasp_protocol,D05,42,0.14285714285714285,0.14285714285714285,0.2619047619047619,17.5,5.0,20.0,20.0
cemhsey,cemhsey_forward_day_logo,cemhsey_forward_day_logo|D05,agency_margin_tau_0.05,S8,grasp_protocol,D05,42,0.11904761904761904,0.09523809523809523,0.3333333333333333,20.0,5.0,20.0,20.0
cemhsey,cemhsey_forward_day_logo,cemhsey_forward_day_logo|D05,agency_margin_tau_0.05,S9,grasp_protocol,D05,42,0.11904761904761904,0.07142857142857142,0.21428571428571427,17.5,5.0,20.0,20.0
cemhsey,cemhsey_forward_day_logo,cemhsey_forward_day_logo|D05,agency_margin_tau_0.10,S1,grasp_protocol,D05,42,0.11904761904761904,0.09523809523809523,0.42857142857142855,15.0,5.0,20.0,20.0
cemhsey,cemhsey_forward_day_logo,cemhsey_forward_day_logo|D05,agency_margin_tau_0.10,S10,grasp_protocol,D05,42,0.2619047619047619,0.2619047619047619,0.5,20.0,5.0,20.0,20.0
cemhsey,cemhsey_forward_day_logo,cemhsey_forward_day_logo|D05,agency_margin_tau_0.10,S11,grasp_protocol,D05,42,0.19047619047619047,0.16666666666666666,0.5476190476190477,20.0,5.0,20.0,20.0
cemhsey,cemhsey_forward_day_logo,cemhsey_forward_day_logo|D05,agency_margin_tau_0.10,S12,grasp_protocol,D05,42,0.3333333333333333,0.30952380952380953,0.6666666666666666,20.0,5.0,20.0,20.0
cemhsey,cemhsey_forward_day_logo,cemhsey_forward_day_logo|D05,agency_margin_tau_0.10,S13,grasp_protocol,D05,42,0.30952380952380953,0.21428571428571427,0.42857142857142855,15.0,5.0,15.0,20.0
cemhsey,cemhsey_forward_day_logo,cemhsey_forward_day_logo|D05,agency_margin_tau_0.10,S2,grasp_protocol,D05,42,0.23809523809523808,0.23809523809523808,0.7142857142857143,20.0,5.0,20.0,20.0
cemhsey,cemhsey_forward_day_logo,cemhsey_forward_day_logo|D05,agency_margin_tau_0.10,S3,grasp_protocol,D05,42,0.2619047619047619,0.23809523809523808,0.7142857142857143,20.0,5.0,20.0,20.0
cemhsey,cemhsey_forward_day_logo,cemhsey_forward_day_logo|D05,agency_margin_tau_0.10,S4,grasp_protocol,D05,42,0.2619047619047619,0.14285714285714285,0.42857142857142855,15.0,5.0,15.0,20.0
cemhsey,cemhsey_forward_day_logo,cemhsey_forward_day_logo|D05,agency_margin_tau_0.10,S5,grasp_protocol,D05,42,0.16666666666666666,0.14285714285714285,0.5714285714285714,15.0,5.0,20.0,20.0
cemhsey,cemhsey_forward_day_logo,cemhsey_forward_day_logo|D05,agency_margin_tau_0.10,S6,grasp_protocol,D05,42,0.19047619047619047,0.14285714285714285,0.5714285714285714,15.0,5.0,15.0,17.5
cemhsey,cemhsey_forward_day_logo,cemhsey_forward_day_logo|D05,agency_margin_tau_0.10,S7,grasp_protocol,D05,42,0.19047619047619047,0.19047619047619047,0.30952380952380953,17.5,5.0,20.0,20.0
cemhsey,cemhsey_forward_day_logo,cemhsey_forward_day_logo|D05,agency_margin_tau_0.10,S8,grasp_protocol,D05,42,0.23809523809523808,0.16666666666666666,0.40476190476190477,20.0,5.0,17.5,20.0
cemhsey,cemhsey_forward_day_logo,cemhsey_forward_day_logo|D05,agency_margin_tau_0.10,S9,grasp_protocol,D05,42,0.19047619047619047,0.16666666666666666,0.2857142857142857,20.0,5.0,20.0,20.0
cemhsey,cemhsey_forward_day_logo,cemhsey_forward_day_logo|D05,agency_margin_tau_0.15,S1,grasp_protocol,D05,42,0.21428571428571427,0.16666666666666666,0.5,20.0,5.0,20.0,20.0
cemhsey,cemhsey_forward_day_logo,cemhsey_forward_day_logo|D05,agency_margin_tau_0.15,S10,grasp_protocol,D05,42,0.2857142857142857,0.2619047619047619,0.5,20.0,5.0,20.0,20.0
cemhsey,cemhsey_forward_day_logo,cemhsey_forward_day_logo|D05,agency_margin_tau_0.15,S11,grasp_protocol,D05,42,0.23809523809523808,0.21428571428571427,0.5952380952380952,20.0,5.0,20.0,20.0
cemhsey,cemhsey_forward_day_logo,cemhsey_forward_day_logo|D05,agency_margin_tau_0.15,S12,grasp_protocol,D05,42,0.38095238095238093,0.38095238095238093,0.7380952380952381,20.0,5.0,20.0,20.0
cemhsey,cemhsey_forward_day_logo,cemhsey_forward_day_logo|D05,agency_margin_tau_0.15,S13,grasp_protocol,D05,42,0.38095238095238093,0.30952380952380953,0.5,15.0,5.0,17.5,20.0
cemhsey,cemhsey_forward_day_logo,cemhsey_forward_day_logo|D05,agency_margin_tau_0.15,S2,grasp_protocol,D05,42,0.30952380952380953,0.2857142857142857,0.7619047619047619,20.0,5.0,20.0,20.0
cemhsey,cemhsey_forward_day_logo,cemhsey_forward_day_logo|D05,agency_margin_tau_0.15,S3,grasp_protocol,D05,42,0.2857142857142857,0.2619047619047619,0.7380952380952381,20.0,5.0,20.0,20.0
cemhsey,cemhsey_forward_day_logo,cemhsey_forward_day_logo|D05,agency_margin_tau_0.15,S4,grasp_protocol,D05,42,0.4523809523809524,0.2619047619047619,0.5476190476190477,15.0,5.0,15.0,20.0
cemhsey,cemhsey_forward_day_logo,cemhsey_forward_day_logo|D05,agency_margin_tau_0.15,S5,grasp_protocol,D05,42,0.21428571428571427,0.19047619047619047,0.5952380952380952,20.0,5.0,20.0,20.0
cemhsey,cemhsey_forward_day_logo,cemhsey_forward_day_logo|D05,agency_margin_tau_0.15,S6,grasp_protocol,D05,42,0.2619047619047619,0.19047619047619047,0.5952380952380952,20.0,5.0,20.0,20.0
cemhsey,cemhsey_forward_day_logo,cemhsey_forward_day_logo|D05,agency_margin_tau_0.15,S7,grasp_protocol,D05,42,0.23809523809523808,0.23809523809523808,0.35714285714285715,17.5,5.0,20.0,20.0
cemhsey,cemhsey_forward_day_logo,cemhsey_forward_day_logo|D05,agency_margin_tau_0.15,S8,grasp_protocol,D05,42,0.23809523809523808,0.16666666666666666,0.38095238095238093,20.0,5.0,17.5,20.0
cemhsey,cemhsey_forward_day_logo,cemhsey_forward_day_logo|D05,agency_margin_tau_0.15,S9,grasp_protocol,D05,42,0.19047619047619047,0.19047619047619047,0.30952380952380953,20.0,5.0,20.0,20.0
cemhsey,cemhsey_forward_day_logo,cemhsey_forward_day_logo|D05,agency_margin_tau_0.20,S1,grasp_protocol,D05,42,0.2857142857142857,0.21428571428571427,0.5238095238095238,20.0,5.0,20.0,20.0
cemhsey,cemhsey_forward_day_logo,cemhsey_forward_day_logo|D05,agency_margin_tau_0.20,S10,grasp_protocol,D05,42,0.30952380952380953,0.2857142857142857,0.5238095238095238,20.0,5.0,20.0,20.0
cemhsey,cemhsey_forward_day_logo,cemhsey_forward_day_logo|D05,agency_margin_tau_0.20,S11,grasp_protocol,D05,42,0.30952380952380953,0.2857142857142857,0.6666666666666666,20.0,5.0,20.0,20.0
cemhsey,cemhsey_forward_day_logo,cemhsey_forward_day_logo|D05,agency_margin_tau_0.20,S12,grasp_protocol,D05,42,0.38095238095238093,0.38095238095238093,0.7380952380952381,20.0,5.0,20.0,20.0
cemhsey,cemhsey_forward_day_logo,cemhsey_forward_day_logo|D05,agency_margin_tau_0.20,S13,grasp_protocol,D05,42,0.5714285714285714,0.5,0.6904761904761905,20.0,5.0,20.0,20.0
cemhsey,cemhsey_forward_day_logo,cemhsey_forward_day_logo|D05,agency_margin_tau_0.20,S2,grasp_protocol,D05,42,0.35714285714285715,0.35714285714285715,0.8333333333333334,20.0,5.0,20.0,20.0
cemhsey,cemhsey_forward_day_logo,cemhsey_forward_day_logo|D05,agency_margin_tau_0.20,S3,grasp_protocol,D05,42,0.30952380952380953,0.2857142857142857,0.7380952380952381,20.0,5.0,20.0,20.0
cemhsey,cemhsey_forward_day_logo,cemhsey_forward_day_logo|D05,agency_margin_tau_0.20,S4,grasp_protocol,D05,42,0.4523809523809524,0.30952380952380953,0.5952380952380952,15.0,5.0,15.0,20.0
cemhsey,cemhsey_forward_day_logo,cemhsey_forward_day_logo|D05,agency_margin_tau_0.20,S5,grasp_protocol,D05,42,0.3333333333333333,0.30952380952380953,0.6904761904761905,20.0,5.0,20.0,20.0
cemhsey,cemhsey_forward_day_logo,cemhsey_forward_day_logo|D05,agency_margin_tau_0.20,S6,grasp_protocol,D05,42,0.30952380952380953,0.23809523809523808,0.6428571428571429,20.0,5.0,20.0,20.0
cemhsey,cemhsey_forward_day_logo,cemhsey_forward_day_logo|D05,agency_margin_tau_0.20,S7,grasp_protocol,D05,42,0.2619047619047619,0.2619047619047619,0.38095238095238093,15.0,5.0,20.0,20.0
cemhsey,cemhsey_forward_day_logo,cemhsey_forward_day_logo|D05,agency_margin_tau_0.20,S8,grasp_protocol,D05,42,0.2857142857142857,0.21428571428571427,0.40476190476190477,20.0,5.0,20.0,20.0
cemhsey,cemhsey_forward_day_logo,cemhsey_forward_day_logo|D05,agency_margin_tau_0.20,S9,grasp_protocol,D05,42,0.23809523809523808,0.23809523809523808,0.35714285714285715,20.0,5.0,20.0,20.0
cemhsey,cemhsey_forward_day_logo,cemhsey_forward_day_logo|D05,assist_only,S1,grasp_protocol,D05,42,0.47619047619047616,0.40476190476190477,0.7142857142857143,15.0,5.0,20.0,20.0
cemhsey,cemhsey_forward_day_logo,cemhsey_forward_day_logo|D05,assist_only,S10,grasp_protocol,D05,42,0.5,0.4523809523809524,0.5714285714285714,15.0,5.0,20.0,20.0
cemhsey,cemhsey_forward_day_logo,cemhsey_forward_day_logo|D05,assist_only,S11,grasp_protocol,D05,42,0.47619047619047616,0.40476190476190477,0.7380952380952381,17.5,5.0,20.0,20.0
cemhsey,cemhsey_forward_day_logo,cemhsey_forward_day_logo|D05,assist_only,S12,grasp_protocol,D05,42,0.5,0.5,0.8095238095238095,10.0,5.0,20.0,20.0
cemhsey,cemhsey_forward_day_logo,cemhsey_forward_day_logo|D05,assist_only,S13,grasp_protocol,D05,42,0.7380952380952381,0.7142857142857143,0.8809523809523809,15.0,5.0,20.0,20.0
cemhsey,cemhsey_forward_day_logo,cemhsey_forward_day_logo|D05,assist_only,S2,grasp_protocol,D05,42,0.4523809523809524,0.42857142857142855,0.8809523809523809,20.0,5.0,20.0,20.0
cemhsey,cemhsey_forward_day_logo,cemhsey_forward_day_logo|D05,assist_only,S3,grasp_protocol,D05,42,0.4523809523809524,0.4523809523809524,0.7380952380952381,15.0,5.0,15.0,20.0
cemhsey,cemhsey_forward_day_logo,cemhsey_forward_day_logo|D05,assist_only,S4,grasp_protocol,D05,42,0.6190476190476191,0.5,0.7857142857142857,10.0,5.0,10.0,15.0
cemhsey,cemhsey_forward_day_logo,cemhsey_forward_day_logo|D05,assist_only,S5,grasp_protocol,D05,42,0.38095238095238093,0.3333333333333333,0.7142857142857143,20.0,5.0,20.0,20.0
cemhsey,cemhsey_forward_day_logo,cemhsey_forward_day_logo|D05,assist_only,S6,grasp_protocol,D05,42,0.42857142857142855,0.35714285714285715,0.6428571428571429,15.0,5.0,17.5,20.0
cemhsey,cemhsey_forward_day_logo,cemhsey_forward_day_logo|D05,assist_only,S7,grasp_protocol,D05,42,0.5714285714285714,0.5238095238095238,0.6190476190476191,10.0,5.0,20.0,20.0
cemhsey,cemhsey_forward_day_logo,cemhsey_forward_day_logo|D05,assist_only,S8,grasp_protocol,D05,42,0.3333333333333333,0.23809523809523808,0.3333333333333333,5.0,5.0,15.0,20.0
cemhsey,cemhsey_forward_day_logo,cemhsey_forward_day_logo|D05,assist_only,S9,grasp_protocol,D05,42,0.40476190476190477,0.2857142857142857,0.38095238095238093,7.5,5.0,15.0,20.0
cemhsey,cemhsey_forward_day_logo,cemhsey_forward_day_logo|D05,confidence_blend_alpha_0.25,S1,grasp_protocol,D05,42,0.14285714285714285,0.14285714285714285,0.47619047619047616,20.0,5.0,20.0,20.0
cemhsey,cemhsey_forward_day_logo,cemhsey_forward_day_logo|D05,confidence_blend_alpha_0.25,S10,grasp_protocol,D05,42,0.19047619047619047,0.14285714285714285,0.38095238095238093,20.0,5.0,20.0,20.0
cemhsey,cemhsey_forward_day_logo,cemhsey_forward_day_logo|D05,confidence_blend_alpha_0.25,S11,grasp_protocol,D05,42,0.19047619047619047,0.14285714285714285,0.5476190476190477,20.0,5.0,20.0,20.0
cemhsey,cemhsey_forward_day_logo,cemhsey_forward_day_logo|D05,confidence_blend_alpha_0.25,S12,grasp_protocol,D05,42,0.30952380952380953,0.2857142857142857,0.6428571428571429,20.0,5.0,20.0,20.0
cemhsey,cemhsey_forward_day_logo,cemhsey_forward_day_logo|D05,confidence_blend_alpha_0.25,S13,grasp_protocol,D05,42,0.2619047619047619,0.23809523809523808,0.4523809523809524,10.0,5.0,20.0,20.0
cemhsey,cemhsey_forward_day_logo,cemhsey_forward_day_logo|D05,confidence_blend_alpha_0.25,S2,grasp_protocol,D05,42,0.30952380952380953,0.30952380952380953,0.8095238095238095,20.0,5.0,20.0,20.0
cemhsey,cemhsey_forward_day_logo,cemhsey_forward_day_logo|D05,confidence_blend_alpha_0.25,S3,grasp_protocol,D05,42,0.23809523809523808,0.19047619047619047,0.6904761904761905,20.0,5.0,20.0,20.0
cemhsey,cemhsey_forward_day_logo,cemhsey_forward_day_logo|D05,confidence_blend_alpha_0.25,S4,grasp_protocol,D05,42,0.35714285714285715,0.19047619047619047,0.5,15.0,5.0,15.0,20.0
cemhsey,cemhsey_forward_day_logo,cemhsey_forward_day_logo|D05,confidence_blend_alpha_0.25,S5,grasp_protocol,D05,42,0.23809523809523808,0.21428571428571427,0.6190476190476191,20.0,5.0,20.0,20.0
cemhsey,cemhsey_forward_day_logo,cemhsey_forward_day_logo|D05,confidence_blend_alpha_0.25,S6,grasp_protocol,D05,42,0.23809523809523808,0.19047619047619047,0.6190476190476191,17.5,5.0,17.5,20.0
cemhsey,cemhsey_forward_day_logo,cemhsey_forward_day_logo|D05,confidence_blend_alpha_0.25,S7,grasp_protocol,D05,42,0.09523809523809523,0.09523809523809523,0.2619047619047619,20.0,5.0,20.0,20.0
cemhsey,cemhsey_forward_day_logo,cemhsey_forward_day_logo|D05,confidence_blend_alpha_0.25,S8,grasp_protocol,D05,42,0.14285714285714285,0.11904761904761904,0.35714285714285715,20.0,5.0,20.0,20.0
cemhsey,cemhsey_forward_day_logo,cemhsey_forward_day_logo|D05,confidence_blend_alpha_0.25,S9,grasp_protocol,D05,42,0.21428571428571427,0.07142857142857142,0.23809523809523808,10.0,5.0,10.0,20.0
cemhsey,cemhsey_forward_day_logo,cemhsey_forward_day_logo|D05,confidence_blend_alpha_0.50,S1,grasp_protocol,D05,42,0.35714285714285715,0.2857142857142857,0.5952380952380952,20.0,5.0,20.0,20.0
cemhsey,cemhsey_forward_day_logo,cemhsey_forward_day_logo|D05,confidence_blend_alpha_0.50,S10,grasp_protocol,D05,42,0.47619047619047616,0.42857142857142855,0.6428571428571429,20.0,5.0,20.0,20.0
cemhsey,cemhsey_forward_day_logo,cemhsey_forward_day_logo|D05,confidence_blend_alpha_0.50,S11,grasp_protocol,D05,42,0.4523809523809524,0.38095238095238093,0.7380952380952381,20.0,5.0,20.0,20.0
cemhsey,cemhsey_forward_day_logo,cemhsey_forward_day_logo|D05,confidence_blend_alpha_0.50,S12,grasp_protocol,D05,42,0.40476190476190477,0.40476190476190477,0.7380952380952381,20.0,5.0,20.0,20.0
cemhsey,cemhsey_forward_day_logo,cemhsey_forward_day_logo|D05,confidence_blend_alpha_0.50,S13,grasp_protocol,D05,42,0.6428571428571429,0.6428571428571429,0.8095238095238095,20.0,5.0,20.0,20.0
cemhsey,cemhsey_forward_day_logo,cemhsey_forward_day_logo|D05,confidence_blend_alpha_0.50,S2,grasp_protocol,D05,42,0.38095238095238093,0.38095238095238093,0.8809523809523809,20.0,5.0,20.0,20.0
cemhsey,cemhsey_forward_day_logo,cemhsey_forward_day_logo|D05,confidence_blend_alpha_0.50,S3,grasp_protocol,D05,42,0.38095238095238093,0.35714285714285715,0.7857142857142857,20.0,5.0,20.0,20.0
cemhsey,cemhsey_forward_day_logo,cemhsey_forward_day_logo|D05,confidence_blend_alpha_0.50,S4,grasp_protocol,D05,42,0.5952380952380952,0.5238095238095238,0.8095238095238095,15.0,5.0,15.0,20.0
cemhsey,cemhsey_forward_day_logo,cemhsey_forward_day_logo|D05,confidence_blend_alpha_0.50,S5,grasp_protocol,D05,42,0.3333333333333333,0.3333333333333333,0.7142857142857143,20.0,5.0,20.0,20.0
cemhsey,cemhsey_forward_day_logo,cemhsey_forward_day_logo|D05,confidence_blend_alpha_0.50,S6,grasp_protocol,D05,42,0.40476190476190477,0.3333333333333333,0.6666666666666666,20.0,5.0,15.0,20.0
cemhsey,cemhsey_forward_day_logo,cemhsey_forward_day_logo|D05,confidence_blend_alpha_0.50,S7,grasp_protocol,D05,42,0.21428571428571427,0.21428571428571427,0.3333333333333333,20.0,5.0,20.0,20.0
cemhsey,cemhsey_forward_day_logo,cemhsey_forward_day_logo|D05,confidence_blend_alpha_0.50,S8,grasp_protocol,D05,42,0.2619047619047619,0.16666666666666666,0.35714285714285715,20.0,5.0,20.0,20.0
cemhsey,cemhsey_forward_day_logo,cemhsey_forward_day_logo|D05,confidence_blend_alpha_0.50,S9,grasp_protocol,D05,42,0.23809523809523808,0.14285714285714285,0.2857142857142857,15.0,5.0,12.5,20.0
cemhsey,cemhsey_forward_day_logo,cemhsey_forward_day_logo|D05,confidence_blend_alpha_0.75,S1,grasp_protocol,D05,42,0.47619047619047616,0.40476190476190477,0.7142857142857143,20.0,5.0,20.0,20.0
cemhsey,cemhsey_forward_day_logo,cemhsey_forward_day_logo|D05,confidence_blend_alpha_0.75,S10,grasp_protocol,D05,42,0.5238095238095238,0.4523809523809524,0.5714285714285714,20.0,5.0,20.0,20.0
cemhsey,cemhsey_forward_day_logo,cemhsey_forward_day_logo|D05,confidence_blend_alpha_0.75,S11,grasp_protocol,D05,42,0.47619047619047616,0.38095238095238093,0.7380952380952381,20.0,5.0,20.0,20.0
cemhsey,cemhsey_forward_day_logo,cemhsey_forward_day_logo|D05,confidence_blend_alpha_0.75,S12,grasp_protocol,D05,42,0.5,0.5,0.8095238095238095,10.0,5.0,20.0,20.0
cemhsey,cemhsey_forward_day_logo,cemhsey_forward_day_logo|D05,confidence_blend_alpha_0.75,S13,grasp_protocol,D05,42,0.6904761904761905,0.6904761904761905,0.8571428571428571,20.0,5.0,20.0,20.0
cemhsey,cemhsey_forward_day_logo,cemhsey_forward_day_logo|D05,confidence_blend_alpha_0.75,S2,grasp_protocol,D05,42,0.4523809523809524,0.42857142857142855,0.8809523809523809,20.0,5.0,20.0,20.0
cemhsey,cemhsey_forward_day_logo,cemhsey_forward_day_logo|D05,confidence_blend_alpha_0.75,S3,grasp_protocol,D05,42,0.40476190476190477,0.38095238095238093,0.7380952380952381,15.0,5.0,15.0,17.5
cemhsey,cemhsey_forward_day_logo,cemhsey_forward_day_logo|D05,confidence_blend_alpha_0.75,S4,grasp_protocol,D05,42,0.6428571428571429,0.5238095238095238,0.8095238095238095,10.0,5.0,10.0,20.0
cemhsey,cemhsey_forward_day_logo,cemhsey_forward_day_logo|D05,confidence_blend_alpha_0.75,S5,grasp_protocol,D05,42,0.35714285714285715,0.3333333333333333,0.7142857142857143,20.0,5.0,20.0,20.0
cemhsey,cemhsey_forward_day_logo,cemhsey_forward_day_logo|D05,confidence_blend_alpha_0.75,S6,grasp_protocol,D05,42,0.42857142857142855,0.3333333333333333,0.6190476190476191,17.5,5.0,17.5,20.0
cemhsey,cemhsey_forward_day_logo,cemhsey_forward_day_logo|D05,confidence_blend_alpha_0.75,S7,grasp_protocol,D05,42,0.5,0.42857142857142855,0.5238095238095238,20.0,5.0,20.0,20.0
cemhsey,cemhsey_forward_day_logo,cemhsey_forward_day_logo|D05,confidence_blend_alpha_0.75,S8,grasp_protocol,D05,42,0.30952380952380953,0.21428571428571427,0.35714285714285715,10.0,5.0,15.0,20.0
cemhsey,cemhsey_forward_day_logo,cemhsey_forward_day_logo|D05,confidence_blend_alpha_0.75,S9,grasp_protocol,D05,42,0.35714285714285715,0.23809523809523808,0.35714285714285715,12.5,5.0,15.0,20.0
cemhsey,cemhsey_forward_day_logo,cemhsey_forward_day_logo|D05,plain_conf_threshold_matched_tau_0.02,S1,grasp_protocol,D05,42,0.023809523809523808,0.023809523809523808,0.4523809523809524,20.0,5.0,20.0,20.0
cemhsey,cemhsey_forward_day_logo,cemhsey_forward_day_logo|D05,plain_conf_threshold_matched_tau_0.02,S10,grasp_protocol,D05,42,0.0,0.0,0.2619047619047619,,5.0,,
cemhsey,cemhsey_forward_day_logo,cemhsey_forward_day_logo|D05,plain_conf_threshold_matched_tau_0.02,S11,grasp_protocol,D05,42,0.0,0.0,0.42857142857142855,20.0,5.0,,
cemhsey,cemhsey_forward_day_logo,cemhsey_forward_day_logo|D05,plain_conf_threshold_matched_tau_0.02,S12,grasp_protocol,D05,42,0.0,0.0,0.40476190476190477,20.0,5.0,,
cemhsey,cemhsey_forward_day_logo,cemhsey_forward_day_logo|D05,plain_conf_threshold_matched_tau_0.02,S13,grasp_protocol,D05,42,0.0,0.0,0.23809523809523808,,5.0,,
cemhsey,cemhsey_forward_day_logo,cemhsey_forward_day_logo|D05,plain_conf_threshold_matched_tau_0.02,S2,grasp_protocol,D05,42,0.0,0.0,0.5476190476190477,20.0,5.0,,
cemhsey,cemhsey_forward_day_logo,cemhsey_forward_day_logo|D05,plain_conf_threshold_matched_tau_0.02,S3,grasp_protocol,D05,42,0.0,0.0,0.5476190476190477,,5.0,,
cemhsey,cemhsey_forward_day_logo,cemhsey_forward_day_logo|D05,plain_conf_threshold_matched_tau_0.02,S4,grasp_protocol,D05,42,0.0,0.0,0.30952380952380953,,5.0,,
cemhsey,cemhsey_forward_day_logo,cemhsey_forward_day_logo|D05,plain_conf_threshold_matched_tau_0.02,S5,grasp_protocol,D05,42,0.0,0.0,0.4523809523809524,20.0,5.0,,
cemhsey,cemhsey_forward_day_logo,cemhsey_forward_day_logo|D05,plain_conf_threshold_matched_tau_0.02,S6,grasp_protocol,D05,42,0.0,0.0,0.4523809523809524,,5.0,,
cemhsey,cemhsey_forward_day_logo,cemhsey_forward_day_logo|D05,plain_conf_threshold_matched_tau_0.02,S7,grasp_protocol,D05,42,0.0,0.0,0.16666666666666666,,5.0,,
cemhsey,cemhsey_forward_day_logo,cemhsey_forward_day_logo|D05,plain_conf_threshold_matched_tau_0.02,S8,grasp_protocol,D05,42,0.0,0.0,0.2619047619047619,5.0,5.0,,
cemhsey,cemhsey_forward_day_logo,cemhsey_forward_day_logo|D05,plain_conf_threshold_matched_tau_0.02,S9,grasp_protocol,D05,42,0.0,0.0,0.19047619047619047,,5.0,,
cemhsey,cemhsey_forward_day_logo,cemhsey_forward_day_logo|D05,plain_conf_threshold_matched_tau_0.05,S1,grasp_protocol,D05,42,0.023809523809523808,0.023809523809523808,0.4523809523809524,20.0,5.0,20.0,20.0
cemhsey,cemhsey_forward_day_logo,cemhsey_forward_day_logo|D05,plain_conf_threshold_matched_tau_0.05,S10,grasp_protocol,D05,42,0.0,0.0,0.2619047619047619,,5.0,,
cemhsey,cemhsey_forward_day_logo,cemhsey_forward_day_logo|D05,plain_conf_threshold_matched_tau_0.05,S11,grasp_protocol,D05,42,0.023809523809523808,0.023809523809523808,0.47619047619047616,20.0,5.0,20.0,20.0
cemhsey,cemhsey_forward_day_logo,cemhsey_forward_day_logo|D05,plain_conf_threshold_matched_tau_0.05,S12,grasp_protocol,D05,42,0.0,0.0,0.40476190476190477,20.0,5.0,,
cemhsey,cemhsey_forward_day_logo,cemhsey_forward_day_logo|D05,plain_conf_threshold_matched_tau_0.05,S13,grasp_protocol,D05,42,0.0,0.0,0.2619047619047619,20.0,5.0,,
cemhsey,cemhsey_forward_day_logo,cemhsey_forward_day_logo|D05,plain_conf_threshold_matched_tau_0.05,S2,grasp_protocol,D05,42,0.023809523809523808,0.023809523809523808,0.6190476190476191,20.0,5.0,20.0,20.0
cemhsey,cemhsey_forward_day_logo,cemhsey_forward_day_logo|D05,plain_conf_threshold_matched_tau_0.05,S3,grasp_protocol,D05,42,0.023809523809523808,0.023809523809523808,0.5952380952380952,20.0,5.0,20.0,20.0
cemhsey,cemhsey_forward_day_logo,cemhsey_forward_day_logo|D05,plain_conf_threshold_matched_tau_0.05,S4,grasp_protocol,D05,42,0.0,0.0,0.30952380952380953,,5.0,,
cemhsey,cemhsey_forward_day_logo,cemhsey_forward_day_logo|D05,plain_conf_threshold_matched_tau_0.05,S5,grasp_protocol,D05,42,0.0,0.0,0.4523809523809524,20.0,5.0,,
cemhsey,cemhsey_forward_day_logo,cemhsey_forward_day_logo|D05,plain_conf_threshold_matched_tau_0.05,S6,grasp_protocol,D05,42,0.0,0.0,0.47619047619047616,20.0,5.0,,
cemhsey,cemhsey_forward_day_logo,cemhsey_forward_day_logo|D05,plain_conf_threshold_matched_tau_0.05,S7,grasp_protocol,D05,42,0.0,0.0,0.16666666666666666,,5.0,,
cemhsey,cemhsey_forward_day_logo,cemhsey_forward_day_logo|D05,plain_conf_threshold_matched_tau_0.05,S8,grasp_protocol,D05,42,0.0,0.0,0.2619047619047619,12.5,5.0,,
cemhsey,cemhsey_forward_day_logo,cemhsey_forward_day_logo|D05,plain_conf_threshold_matched_tau_0.05,S9,grasp_protocol,D05,42,0.0,0.0,0.19047619047619047,,5.0,,
cemhsey,cemhsey_forward_day_logo,cemhsey_forward_day_logo|D05,plain_conf_threshold_matched_tau_0.10,S1,grasp_protocol,D05,42,0.047619047619047616,0.047619047619047616,0.5238095238095238,20.0,5.0,20.0,20.0
cemhsey,cemhsey_forward_day_logo,cemhsey_forward_day_logo|D05,plain_conf_threshold_matched_tau_0.10,S10,grasp_protocol,D05,42,0.0,0.0,0.30952380952380953,20.0,5.0,,
cemhsey,cemhsey_forward_day_logo,cemhsey_forward_day_logo|D05,plain_conf_threshold_matched_tau_0.10,S11,grasp_protocol,D05,42,0.047619047619047616,0.047619047619047616,0.5238095238095238,20.0,5.0,20.0,20.0
cemhsey,cemhsey_forward_day_logo,cemhsey_forward_day_logo|D05,plain_conf_threshold_matched_tau_0.10,S12,grasp_protocol,D05,42,0.023809523809523808,0.023809523809523808,0.40476190476190477,20.0,5.0,20.0,20.0
cemhsey,cemhsey_forward_day_logo,cemhsey_forward_day_logo|D05,plain_conf_threshold_matched_tau_0.10,S13,grasp_protocol,D05,42,0.023809523809523808,0.023809523809523808,0.2857142857142857,20.0,5.0,20.0,20.0
cemhsey,cemhsey_forward_day_logo,cemhsey_forward_day_logo|D05,plain_conf_threshold_matched_tau_0.10,S2,grasp_protocol,D05,42,0.07142857142857142,0.07142857142857142,0.6428571428571429,20.0,5.0,20.0,20.0
cemhsey,cemhsey_forward_day_logo,cemhsey_forward_day_logo|D05,plain_conf_threshold_matched_tau_0.10,S3,grasp_protocol,D05,42,0.07142857142857142,0.07142857142857142,0.6190476190476191,20.0,5.0,20.0,20.0
cemhsey,cemhsey_forward_day_logo,cemhsey_forward_day_logo|D05,plain_conf_threshold_matched_tau_0.10,S4,grasp_protocol,D05,42,0.0,0.0,0.3333333333333333,20.0,5.0,,
cemhsey,cemhsey_forward_day_logo,cemhsey_forward_day_logo|D05,plain_conf_threshold_matched_tau_0.10,S5,grasp_protocol,D05,42,0.023809523809523808,0.023809523809523808,0.47619047619047616,20.0,5.0,20.0,20.0
cemhsey,cemhsey_forward_day_logo,cemhsey_forward_day_logo|D05,plain_conf_threshold_matched_tau_0.10,S6,grasp_protocol,D05,42,0.023809523809523808,0.023809523809523808,0.5,15.0,5.0,20.0,20.0
cemhsey,cemhsey_forward_day_logo,cemhsey_forward_day_logo|D05,plain_conf_threshold_matched_tau_0.10,S7,grasp_protocol,D05,42,0.0,0.0,0.16666666666666666,,5.0,,
cemhsey,cemhsey_forward_day_logo,cemhsey_forward_day_logo|D05,plain_conf_threshold_matched_tau_0.10,S8,grasp_protocol,D05,42,0.0,0.0,0.2619047619047619,12.5,5.0,,
cemhsey,cemhsey_forward_day_logo,cemhsey_forward_day_logo|D05,plain_conf_threshold_matched_tau_0.10,S9,grasp_protocol,D05,42,0.0,0.0,0.19047619047619047,,5.0,,
cemhsey,cemhsey_forward_day_logo,cemhsey_forward_day_logo|D05,plain_conf_threshold_matched_tau_0.15,S1,grasp_protocol,D05,42,0.07142857142857142,0.07142857142857142,0.5238095238095238,20.0,5.0,20.0,20.0
cemhsey,cemhsey_forward_day_logo,cemhsey_forward_day_logo|D05,plain_conf_threshold_matched_tau_0.15,S10,grasp_protocol,D05,42,0.0,0.0,0.30952380952380953,20.0,5.0,,
cemhsey,cemhsey_forward_day_logo,cemhsey_forward_day_logo|D05,plain_conf_threshold_matched_tau_0.15,S11,grasp_protocol,D05,42,0.047619047619047616,0.047619047619047616,0.5238095238095238,20.0,5.0,20.0,20.0
cemhsey,cemhsey_forward_day_logo,cemhsey_forward_day_logo|D05,plain_conf_threshold_matched_tau_0.15,S12,grasp_protocol,D05,42,0.023809523809523808,0.023809523809523808,0.40476190476190477,20.0,5.0,20.0,20.0
cemhsey,cemhsey_forward_day_logo,cemhsey_forward_day_logo|D05,plain_conf_threshold_matched_tau_0.15,S13,grasp_protocol,D05,42,0.023809523809523808,0.023809523809523808,0.30952380952380953,20.0,5.0,20.0,20.0
cemhsey,cemhsey_forward_day_logo,cemhsey_forward_day_logo|D05,plain_conf_threshold_matched_tau_0.15,S2,grasp_protocol,D05,42,0.16666666666666666,0.16666666666666666,0.6904761904761905,20.0,5.0,20.0,20.0
cemhsey,cemhsey_forward_day_logo,cemhsey_forward_day_logo|D05,plain_conf_threshold_matched_tau_0.15,S3,grasp_protocol,D05,42,0.07142857142857142,0.07142857142857142,0.6428571428571429,20.0,5.0,20.0,20.0
cemhsey,cemhsey_forward_day_logo,cemhsey_forward_day_logo|D05,plain_conf_threshold_matched_tau_0.15,S4,grasp_protocol,D05,42,0.07142857142857142,0.047619047619047616,0.35714285714285715,20.0,5.0,20.0,20.0
cemhsey,cemhsey_forward_day_logo,cemhsey_forward_day_logo|D05,plain_conf_threshold_matched_tau_0.15,S5,grasp_protocol,D05,42,0.023809523809523808,0.023809523809523808,0.47619047619047616,20.0,5.0,20.0,20.0
cemhsey,cemhsey_forward_day_logo,cemhsey_forward_day_logo|D05,plain_conf_threshold_matched_tau_0.15,S6,grasp_protocol,D05,42,0.023809523809523808,0.023809523809523808,0.5,15.0,5.0,20.0,20.0
cemhsey,cemhsey_forward_day_logo,cemhsey_forward_day_logo|D05,plain_conf_threshold_matched_tau_0.15,S7,grasp_protocol,D05,42,0.0,0.0,0.16666666666666666,,5.0,,
cemhsey,cemhsey_forward_day_logo,cemhsey_forward_day_logo|D05,plain_conf_threshold_matched_tau_0.15,S8,grasp_protocol,D05,42,0.0,0.0,0.2619047619047619,12.5,5.0,,
cemhsey,cemhsey_forward_day_logo,cemhsey_forward_day_logo|D05,plain_conf_threshold_matched_tau_0.15,S9,grasp_protocol,D05,42,0.0,0.0,0.19047619047619047,,5.0,,
cemhsey,cemhsey_forward_day_logo,cemhsey_forward_day_logo|D05,plain_conf_threshold_matched_tau_0.20,S1,grasp_protocol,D05,42,0.14285714285714285,0.14285714285714285,0.5476190476190477,20.0,5.0,20.0,20.0
cemhsey,cemhsey_forward_day_logo,cemhsey_forward_day_logo|D05,plain_conf_threshold_matched_tau_0.20,S10,grasp_protocol,D05,42,0.0,0.0,0.30952380952380953,20.0,5.0,,
cemhsey,cemhsey_forward_day_logo,cemhsey_forward_day_logo|D05,plain_conf_threshold_matched_tau_0.20,S11,grasp_protocol,D05,42,0.047619047619047616,0.047619047619047616,0.5238095238095238,20.0,5.0,20.0,20.0
cemhsey,cemhsey_forward_day_logo,cemhsey_forward_day_logo|D05,plain_conf_threshold_matched_tau_0.20,S12,grasp_protocol,D05,42,0.023809523809523808,0.023809523809523808,0.40476190476190477,20.0,5.0,20.0,20.0
cemhsey,cemhsey_forward_day_logo,cemhsey_forward_day_logo|D05,plain_conf_threshold_matched_tau_0.20,S13,grasp_protocol,D05,42,0.11904761904761904,0.09523809523809523,0.3333333333333333,20.0,5.0,20.0,20.0
cemhsey,cemhsey_forward_day_logo,cemhsey_forward_day_logo|D05,plain_conf_threshold_matched_tau_0.20,S2,grasp_protocol,D05,42,0.16666666666666666,0.16666666666666666,0.6904761904761905,20.0,5.0,20.0,20.0
cemhsey,cemhsey_forward_day_logo,cemhsey_forward_day_logo|D05,plain_conf_threshold_matched_tau_0.20,S3,grasp_protocol,D05,42,0.09523809523809523,0.09523809523809523,0.6428571428571429,20.0,5.0,20.0,20.0
cemhsey,cemhsey_forward_day_logo,cemhsey_forward_day_logo|D05,plain_conf_threshold_matched_tau_0.20,S4,grasp_protocol,D05,42,0.09523809523809523,0.047619047619047616,0.35714285714285715,15.0,5.0,15.0,20.0
cemhsey,cemhsey_forward_day_logo,cemhsey_forward_day_logo|D05,plain_conf_threshold_matched_tau_0.20,S5,grasp_protocol,D05,42,0.047619047619047616,0.047619047619047616,0.47619047619047616,20.0,5.0,20.0,20.0
cemhsey,cemhsey_forward_day_logo,cemhsey_forward_day_logo|D05,plain_conf_threshold_matched_tau_0.20,S6,grasp_protocol,D05,42,0.047619047619047616,0.047619047619047616,0.5,10.0,5.0,20.0,20.0
cemhsey,cemhsey_forward_day_logo,cemhsey_forward_day_logo|D05,plain_conf_threshold_matched_tau_0.20,S7,grasp_protocol,D05,42,0.0,0.0,0.16666666666666666,,5.0,,
cemhsey,cemhsey_forward_day_logo,cemhsey_forward_day_logo|D05,plain_conf_threshold_matched_tau_0.20,S8,grasp_protocol,D05,42,0.0,0.0,0.2619047619047619,12.5,5.0,,
cemhsey,cemhsey_forward_day_logo,cemhsey_forward_day_logo|D05,plain_conf_threshold_matched_tau_0.20,S9,grasp_protocol,D05,42,0.0,0.0,0.19047619047619047,,5.0,,
cemhsey,cemhsey_forward_day_logo,cemhsey_forward_day_logo|D05,selective_prediction,S1,grasp_protocol,D05,42,0.14285714285714285,0.047619047619047616,0.4523809523809524,20.0,5.0,20.0,20.0
cemhsey,cemhsey_forward_day_logo,cemhsey_forward_day_logo|D05,selective_prediction,S10,grasp_protocol,D05,42,0.047619047619047616,0.0,0.2619047619047619,20.0,5.0,20.0,
cemhsey,cemhsey_forward_day_logo,cemhsey_forward_day_logo|D05,selective_prediction,S11,grasp_protocol,D05,42,0.11904761904761904,0.0,0.40476190476190477,20.0,5.0,20.0,
cemhsey,cemhsey_forward_day_logo,cemhsey_forward_day_logo|D05,selective_prediction,S12,grasp_protocol,D05,42,0.023809523809523808,0.0,0.38095238095238093,20.0,5.0,20.0,
cemhsey,cemhsey_forward_day_logo,cemhsey_forward_day_logo|D05,selective_prediction,S13,grasp_protocol,D05,42,0.047619047619047616,0.0,0.23809523809523808,20.0,5.0,20.0,
cemhsey,cemhsey_forward_day_logo,cemhsey_forward_day_logo|D05,selective_prediction,S2,grasp_protocol,D05,42,0.11904761904761904,0.0,0.5238095238095238,20.0,5.0,20.0,
cemhsey,cemhsey_forward_day_logo,cemhsey_forward_day_logo|D05,selective_prediction,S3,grasp_protocol,D05,42,0.07142857142857142,0.0,0.5476190476190477,20.0,5.0,20.0,
cemhsey,cemhsey_forward_day_logo,cemhsey_forward_day_logo|D05,selective_prediction,S4,grasp_protocol,D05,42,0.047619047619047616,0.0,0.30952380952380953,20.0,5.0,20.0,
cemhsey,cemhsey_forward_day_logo,cemhsey_forward_day_logo|D05,selective_prediction,S5,grasp_protocol,D05,42,0.07142857142857142,0.023809523809523808,0.4523809523809524,20.0,5.0,20.0,20.0
cemhsey,cemhsey_forward_day_logo,cemhsey_forward_day_logo|D05,selective_prediction,S6,grasp_protocol,D05,42,0.07142857142857142,0.0,0.4523809523809524,15.0,5.0,20.0,
cemhsey,cemhsey_forward_day_logo,cemhsey_forward_day_logo|D05,selective_prediction,S7,grasp_protocol,D05,42,0.0,0.0,0.16666666666666666,,5.0,,
cemhsey,cemhsey_forward_day_logo,cemhsey_forward_day_logo|D05,selective_prediction,S8,grasp_protocol,D05,42,0.0,0.0,0.2619047619047619,12.5,5.0,,
cemhsey,cemhsey_forward_day_logo,cemhsey_forward_day_logo|D05,selective_prediction,S9,grasp_protocol,D05,42,0.0,0.0,0.19047619047619047,,5.0,,
cemhsey,cemhsey_forward_day_logo,cemhsey_forward_day_logo|D05,set_acsa_tau_0.02,S1,grasp_protocol,D05,42,0.047619047619047616,0.023809523809523808,0.42857142857142855,10.0,5.0,5.0,5.0
cemhsey,cemhsey_forward_day_logo,cemhsey_forward_day_logo|D05,set_acsa_tau_0.02,S10,grasp_protocol,D05,42,0.07142857142857142,0.07142857142857142,0.30952380952380953,12.5,5.0,15.0,15.0
cemhsey,cemhsey_forward_day_logo,cemhsey_forward_day_logo|D05,set_acsa_tau_0.02,S11,grasp_protocol,D05,42,0.09523809523809523,0.07142857142857142,0.47619047619047616,17.5,5.0,20.0,20.0
cemhsey,cemhsey_forward_day_logo,cemhsey_forward_day_logo|D05,set_acsa_tau_0.02,S12,grasp_protocol,D05,42,0.023809523809523808,0.023809523809523808,0.40476190476190477,20.0,5.0,20.0,20.0
cemhsey,cemhsey_forward_day_logo,cemhsey_forward_day_logo|D05,set_acsa_tau_0.02,S13,grasp_protocol,D05,42,0.09523809523809523,0.07142857142857142,0.2857142857142857,15.0,5.0,15.0,20.0
cemhsey,cemhsey_forward_day_logo,cemhsey_forward_day_logo|D05,set_acsa_tau_0.02,S2,grasp_protocol,D05,42,0.047619047619047616,0.047619047619047616,0.5714285714285714,20.0,5.0,20.0,20.0
cemhsey,cemhsey_forward_day_logo,cemhsey_forward_day_logo|D05,set_acsa_tau_0.02,S3,grasp_protocol,D05,42,0.047619047619047616,0.047619047619047616,0.5952380952380952,20.0,5.0,20.0,20.0
cemhsey,cemhsey_forward_day_logo,cemhsey_forward_day_logo|D05,set_acsa_tau_0.02,S4,grasp_protocol,D05,42,0.023809523809523808,0.0,0.30952380952380953,15.0,5.0,15.0,
cemhsey,cemhsey_forward_day_logo,cemhsey_forward_day_logo|D05,set_acsa_tau_0.02,S5,grasp_protocol,D05,42,0.09523809523809523,0.07142857142857142,0.5,20.0,5.0,20.0,20.0
cemhsey,cemhsey_forward_day_logo,cemhsey_forward_day_logo|D05,set_acsa_tau_0.02,S6,grasp_protocol,D05,42,0.07142857142857142,0.0,0.4523809523809524,10.0,5.0,15.0,
cemhsey,cemhsey_forward_day_logo,cemhsey_forward_day_logo|D05,set_acsa_tau_0.02,S7,grasp_protocol,D05,42,0.047619047619047616,0.047619047619047616,0.21428571428571427,12.5,5.0,20.0,20.0
cemhsey,cemhsey_forward_day_logo,cemhsey_forward_day_logo|D05,set_acsa_tau_0.02,S8,grasp_protocol,D05,42,0.07142857142857142,0.047619047619047616,0.30952380952380953,20.0,5.0,20.0,20.0
cemhsey,cemhsey_forward_day_logo,cemhsey_forward_day_logo|D05,set_acsa_tau_0.02,S9,grasp_protocol,D05,42,0.11904761904761904,0.07142857142857142,0.23809523809523808,15.0,5.0,20.0,20.0
cemhsey,cemhsey_forward_day_logo,cemhsey_forward_day_logo|D05,set_acsa_tau_0.05,S1,grasp_protocol,D05,42,0.07142857142857142,0.047619047619047616,0.42857142857142855,12.5,5.0,5.0,12.5
cemhsey,cemhsey_forward_day_logo,cemhsey_forward_day_logo|D05,set_acsa_tau_0.05,S10,grasp_protocol,D05,42,0.11904761904761904,0.11904761904761904,0.35714285714285715,12.5,5.0,20.0,20.0
cemhsey,cemhsey_forward_day_logo,cemhsey_forward_day_logo|D05,set_acsa_tau_0.05,S11,grasp_protocol,D05,42,0.11904761904761904,0.09523809523809523,0.5,20.0,5.0,20.0,20.0
cemhsey,cemhsey_forward_day_logo,cemhsey_forward_day_logo|D05,set_acsa_tau_0.05,S12,grasp_protocol,D05,42,0.11904761904761904,0.09523809523809523,0.47619047619047616,20.0,5.0,20.0,20.0
cemhsey,cemhsey_forward_day_logo,cemhsey_forward_day_logo|D05,set_acsa_tau_0.05,S13,grasp_protocol,D05,42,0.16666666666666666,0.11904761904761904,0.3333333333333333,10.0,5.0,10.0,20.0
cemhsey,cemhsey_forward_day_logo,cemhsey_forward_day_logo|D05,set_acsa_tau_0.05,S2,grasp_protocol,D05,42,0.07142857142857142,0.07142857142857142,0.5714285714285714,20.0,5.0,20.0,20.0
cemhsey,cemhsey_forward_day_logo,cemhsey_forward_day_logo|D05,set_acsa_tau_0.05,S3,grasp_protocol,D05,42,0.16666666666666666,0.14285714285714285,0.6428571428571429,20.0,5.0,20.0,20.0
cemhsey,cemhsey_forward_day_logo,cemhsey_forward_day_logo|D05,set_acsa_tau_0.05,S4,grasp_protocol,D05,42,0.11904761904761904,0.023809523809523808,0.30952380952380953,15.0,5.0,15.0,20.0
cemhsey,cemhsey_forward_day_logo,cemhsey_forward_day_logo|D05,set_acsa_tau_0.05,S5,grasp_protocol,D05,42,0.14285714285714285,0.09523809523809523,0.5238095238095238,20.0,5.0,20.0,20.0
cemhsey,cemhsey_forward_day_logo,cemhsey_forward_day_logo|D05,set_acsa_tau_0.05,S6,grasp_protocol,D05,42,0.14285714285714285,0.07142857142857142,0.5238095238095238,15.0,5.0,15.0,20.0
cemhsey,cemhsey_forward_day_logo,cemhsey_forward_day_logo|D05,set_acsa_tau_0.05,S7,grasp_protocol,D05,42,0.16666666666666666,0.16666666666666666,0.2857142857142857,17.5,5.0,20.0,20.0
cemhsey,cemhsey_forward_day_logo,cemhsey_forward_day_logo|D05,set_acsa_tau_0.05,S8,grasp_protocol,D05,42,0.11904761904761904,0.07142857142857142,0.30952380952380953,20.0,5.0,20.0,20.0
cemhsey,cemhsey_forward_day_logo,cemhsey_forward_day_logo|D05,set_acsa_tau_0.05,S9,grasp_protocol,D05,42,0.11904761904761904,0.07142857142857142,0.21428571428571427,15.0,5.0,20.0,20.0
cemhsey,cemhsey_forward_day_logo,cemhsey_forward_day_logo|D05,set_acsa_tau_0.10,S1,grasp_protocol,D05,42,0.11904761904761904,0.09523809523809523,0.42857142857142855,15.0,5.0,20.0,20.0
cemhsey,cemhsey_forward_day_logo,cemhsey_forward_day_logo|D05,set_acsa_tau_0.10,S10,grasp_protocol,D05,42,0.2619047619047619,0.2619047619047619,0.5,20.0,5.0,20.0,20.0
cemhsey,cemhsey_forward_day_logo,cemhsey_forward_day_logo|D05,set_acsa_tau_0.10,S11,grasp_protocol,D05,42,0.19047619047619047,0.16666666666666666,0.5476190476190477,20.0,5.0,20.0,20.0
cemhsey,cemhsey_forward_day_logo,cemhsey_forward_day_logo|D05,set_acsa_tau_0.10,S12,grasp_protocol,D05,42,0.3333333333333333,0.30952380952380953,0.6666666666666666,20.0,5.0,20.0,20.0
cemhsey,cemhsey_forward_day_logo,cemhsey_forward_day_logo|D05,set_acsa_tau_0.10,S13,grasp_protocol,D05,42,0.30952380952380953,0.21428571428571427,0.42857142857142855,12.5,5.0,15.0,20.0
cemhsey,cemhsey_forward_day_logo,cemhsey_forward_day_logo|D05,set_acsa_tau_0.10,S2,grasp_protocol,D05,42,0.21428571428571427,0.21428571428571427,0.6904761904761905,20.0,5.0,20.0,20.0
cemhsey,cemhsey_forward_day_logo,cemhsey_forward_day_logo|D05,set_acsa_tau_0.10,S3,grasp_protocol,D05,42,0.2619047619047619,0.23809523809523808,0.7142857142857143,20.0,5.0,20.0,20.0
cemhsey,cemhsey_forward_day_logo,cemhsey_forward_day_logo|D05,set_acsa_tau_0.10,S4,grasp_protocol,D05,42,0.2619047619047619,0.14285714285714285,0.42857142857142855,15.0,5.0,15.0,20.0
cemhsey,cemhsey_forward_day_logo,cemhsey_forward_day_logo|D05,set_acsa_tau_0.10,S5,grasp_protocol,D05,42,0.16666666666666666,0.14285714285714285,0.5714285714285714,15.0,5.0,20.0,20.0
cemhsey,cemhsey_forward_day_logo,cemhsey_forward_day_logo|D05,set_acsa_tau_0.10,S6,grasp_protocol,D05,42,0.19047619047619047,0.11904761904761904,0.5476190476190477,15.0,5.0,15.0,20.0
cemhsey,cemhsey_forward_day_logo,cemhsey_forward_day_logo|D05,set_acsa_tau_0.10,S7,grasp_protocol,D05,42,0.21428571428571427,0.21428571428571427,0.3333333333333333,17.5,5.0,20.0,20.0
cemhsey,cemhsey_forward_day_logo,cemhsey_forward_day_logo|D05,set_acsa_tau_0.10,S8,grasp_protocol,D05,42,0.23809523809523808,0.14285714285714285,0.38095238095238093,20.0,5.0,17.5,20.0
cemhsey,cemhsey_forward_day_logo,cemhsey_forward_day_logo|D05,set_acsa_tau_0.10,S9,grasp_protocol,D05,42,0.19047619047619047,0.16666666666666666,0.2857142857142857,20.0,5.0,20.0,20.0
cemhsey,cemhsey_forward_day_logo,cemhsey_forward_day_logo|D05,set_acsa_tau_0.15,S1,grasp_protocol,D05,42,0.21428571428571427,0.16666666666666666,0.5,20.0,5.0,20.0,20.0
cemhsey,cemhsey_forward_day_logo,cemhsey_forward_day_logo|D05,set_acsa_tau_0.15,S10,grasp_protocol,D05,42,0.2857142857142857,0.2619047619047619,0.5,20.0,5.0,20.0,20.0
cemhsey,cemhsey_forward_day_logo,cemhsey_forward_day_logo|D05,set_acsa_tau_0.15,S11,grasp_protocol,D05,42,0.23809523809523808,0.21428571428571427,0.5952380952380952,20.0,5.0,20.0,20.0
cemhsey,cemhsey_forward_day_logo,cemhsey_forward_day_logo|D05,set_acsa_tau_0.15,S12,grasp_protocol,D05,42,0.38095238095238093,0.38095238095238093,0.7380952380952381,20.0,5.0,20.0,20.0
cemhsey,cemhsey_forward_day_logo,cemhsey_forward_day_logo|D05,set_acsa_tau_0.15,S13,grasp_protocol,D05,42,0.38095238095238093,0.30952380952380953,0.5,15.0,5.0,17.5,20.0
cemhsey,cemhsey_forward_day_logo,cemhsey_forward_day_logo|D05,set_acsa_tau_0.15,S2,grasp_protocol,D05,42,0.2857142857142857,0.2619047619047619,0.7380952380952381,20.0,5.0,20.0,20.0
cemhsey,cemhsey_forward_day_logo,cemhsey_forward_day_logo|D05,set_acsa_tau_0.15,S3,grasp_protocol,D05,42,0.2857142857142857,0.2619047619047619,0.7380952380952381,20.0,5.0,20.0,20.0
cemhsey,cemhsey_forward_day_logo,cemhsey_forward_day_logo|D05,set_acsa_tau_0.15,S4,grasp_protocol,D05,42,0.42857142857142855,0.23809523809523808,0.5238095238095238,15.0,5.0,15.0,20.0
cemhsey,cemhsey_forward_day_logo,cemhsey_forward_day_logo|D05,set_acsa_tau_0.15,S5,grasp_protocol,D05,42,0.21428571428571427,0.19047619047619047,0.5952380952380952,20.0,5.0,20.0,20.0
cemhsey,cemhsey_forward_day_logo,cemhsey_forward_day_logo|D05,set_acsa_tau_0.15,S6,grasp_protocol,D05,42,0.2619047619047619,0.19047619047619047,0.5952380952380952,20.0,5.0,20.0,20.0
cemhsey,cemhsey_forward_day_logo,cemhsey_forward_day_logo|D05,set_acsa_tau_0.15,S7,grasp_protocol,D05,42,0.2619047619047619,0.2619047619047619,0.38095238095238093,17.5,5.0,20.0,20.0
cemhsey,cemhsey_forward_day_logo,cemhsey_forward_day_logo|D05,set_acsa_tau_0.15,S8,grasp_protocol,D05,42,0.23809523809523808,0.14285714285714285,0.35714285714285715,20.0,5.0,17.5,20.0
cemhsey,cemhsey_forward_day_logo,cemhsey_forward_day_logo|D05,set_acsa_tau_0.15,S9,grasp_protocol,D05,42,0.19047619047619047,0.19047619047619047,0.30952380952380953,20.0,5.0,20.0,20.0
cemhsey,cemhsey_forward_day_logo,cemhsey_forward_day_logo|D05,set_acsa_tau_0.20,S1,grasp_protocol,D05,42,0.2857142857142857,0.21428571428571427,0.5238095238095238,20.0,5.0,20.0,20.0
cemhsey,cemhsey_forward_day_logo,cemhsey_forward_day_logo|D05,set_acsa_tau_0.20,S10,grasp_protocol,D05,42,0.30952380952380953,0.2857142857142857,0.5238095238095238,20.0,5.0,20.0,20.0
cemhsey,cemhsey_forward_day_logo,cemhsey_forward_day_logo|D05,set_acsa_tau_0.20,S11,grasp_protocol,D05,42,0.2857142857142857,0.2619047619047619,0.6428571428571429,20.0,5.0,20.0,20.0
cemhsey,cemhsey_forward_day_logo,cemhsey_forward_day_logo|D05,set_acsa_tau_0.20,S12,grasp_protocol,D05,42,0.38095238095238093,0.38095238095238093,0.7380952380952381,20.0,5.0,20.0,20.0
cemhsey,cemhsey_forward_day_logo,cemhsey_forward_day_logo|D05,set_acsa_tau_0.20,S13,grasp_protocol,D05,42,0.5714285714285714,0.5,0.6904761904761905,20.0,5.0,20.0,20.0
cemhsey,cemhsey_forward_day_logo,cemhsey_forward_day_logo|D05,set_acsa_tau_0.20,S2,grasp_protocol,D05,42,0.35714285714285715,0.35714285714285715,0.8333333333333334,20.0,5.0,20.0,20.0
cemhsey,cemhsey_forward_day_logo,cemhsey_forward_day_logo|D05,set_acsa_tau_0.20,S3,grasp_protocol,D05,42,0.30952380952380953,0.2857142857142857,0.7380952380952381,20.0,5.0,20.0,20.0
cemhsey,cemhsey_forward_day_logo,cemhsey_forward_day_logo|D05,set_acsa_tau_0.20,S4,grasp_protocol,D05,42,0.4523809523809524,0.30952380952380953,0.5952380952380952,15.0,5.0,15.0,20.0
cemhsey,cemhsey_forward_day_logo,cemhsey_forward_day_logo|D05,set_acsa_tau_0.20,S5,grasp_protocol,D05,42,0.3333333333333333,0.30952380952380953,0.6904761904761905,20.0,5.0,20.0,20.0
cemhsey,cemhsey_forward_day_logo,cemhsey_forward_day_logo|D05,set_acsa_tau_0.20,S6,grasp_protocol,D05,42,0.30952380952380953,0.23809523809523808,0.6428571428571429,20.0,5.0,20.0,20.0
cemhsey,cemhsey_forward_day_logo,cemhsey_forward_day_logo|D05,set_acsa_tau_0.20,S7,grasp_protocol,D05,42,0.2857142857142857,0.2857142857142857,0.40476190476190477,15.0,5.0,20.0,20.0
cemhsey,cemhsey_forward_day_logo,cemhsey_forward_day_logo|D05,set_acsa_tau_0.20,S8,grasp_protocol,D05,42,0.2857142857142857,0.19047619047619047,0.38095238095238093,20.0,5.0,20.0,20.0
cemhsey,cemhsey_forward_day_logo,cemhsey_forward_day_logo|D05,set_acsa_tau_0.20,S9,grasp_protocol,D05,42,0.23809523809523808,0.23809523809523808,0.35714285714285715,20.0,5.0,20.0,20.0
cemhsey,cemhsey_forward_day_logo,cemhsey_forward_day_logo|D05,user_only,S1,grasp_protocol,D05,42,0.0,0.0,0.42857142857142855,,5.0,,
cemhsey,cemhsey_forward_day_logo,cemhsey_forward_day_logo|D05,user_only,S10,grasp_protocol,D05,42,0.0,0.0,0.2619047619047619,,5.0,,
cemhsey,cemhsey_forward_day_logo,cemhsey_forward_day_logo|D05,user_only,S11,grasp_protocol,D05,42,0.0,0.0,0.40476190476190477,,5.0,,
cemhsey,cemhsey_forward_day_logo,cemhsey_forward_day_logo|D05,user_only,S12,grasp_protocol,D05,42,0.0,0.0,0.38095238095238093,,5.0,,
cemhsey,cemhsey_forward_day_logo,cemhsey_forward_day_logo|D05,user_only,S13,grasp_protocol,D05,42,0.0,0.0,0.23809523809523808,,5.0,,
cemhsey,cemhsey_forward_day_logo,cemhsey_forward_day_logo|D05,user_only,S2,grasp_protocol,D05,42,0.0,0.0,0.5238095238095238,,5.0,,
cemhsey,cemhsey_forward_day_logo,cemhsey_forward_day_logo|D05,user_only,S3,grasp_protocol,D05,42,0.0,0.0,0.5476190476190477,,5.0,,
cemhsey,cemhsey_forward_day_logo,cemhsey_forward_day_logo|D05,user_only,S4,grasp_protocol,D05,42,0.0,0.0,0.30952380952380953,,5.0,,
cemhsey,cemhsey_forward_day_logo,cemhsey_forward_day_logo|D05,user_only,S5,grasp_protocol,D05,42,0.0,0.0,0.42857142857142855,,5.0,,
cemhsey,cemhsey_forward_day_logo,cemhsey_forward_day_logo|D05,user_only,S6,grasp_protocol,D05,42,0.0,0.0,0.4523809523809524,,5.0,,
cemhsey,cemhsey_forward_day_logo,cemhsey_forward_day_logo|D05,user_only,S7,grasp_protocol,D05,42,0.0,0.0,0.16666666666666666,,5.0,,
cemhsey,cemhsey_forward_day_logo,cemhsey_forward_day_logo|D05,user_only,S8,grasp_protocol,D05,42,0.0,0.0,0.2619047619047619,,5.0,,
cemhsey,cemhsey_forward_day_logo,cemhsey_forward_day_logo|D05,user_only,S9,grasp_protocol,D05,42,0.0,0.0,0.19047619047619047,,5.0,,
cemhsey,cemhsey_forward_day_logo,cemhsey_forward_day_logo|D06,agency_margin_tau_0.02,S1,grasp_protocol,D06,42,0.07142857142857142,0.023809523809523808,0.42857142857142855,5.0,5.0,5.0,20.0
cemhsey,cemhsey_forward_day_logo,cemhsey_forward_day_logo|D06,agency_margin_tau_0.02,S10,grasp_protocol,D06,42,0.047619047619047616,0.0,0.3333333333333333,10.0,5.0,10.0,
cemhsey,cemhsey_forward_day_logo,cemhsey_forward_day_logo|D06,agency_margin_tau_0.02,S11,grasp_protocol,D06,42,0.023809523809523808,0.023809523809523808,0.35714285714285715,20.0,5.0,20.0,20.0
cemhsey,cemhsey_forward_day_logo,cemhsey_forward_day_logo|D06,agency_margin_tau_0.02,S12,grasp_protocol,D06,42,0.047619047619047616,0.023809523809523808,0.5238095238095238,10.0,5.0,15.0,20.0
cemhsey,cemhsey_forward_day_logo,cemhsey_forward_day_logo|D06,agency_margin_tau_0.02,S13,grasp_protocol,D06,42,0.07142857142857142,0.07142857142857142,0.42857142857142855,20.0,5.0,20.0,20.0
cemhsey,cemhsey_forward_day_logo,cemhsey_forward_day_logo|D06,agency_margin_tau_0.02,S2,grasp_protocol,D06,42,0.047619047619047616,0.047619047619047616,0.5476190476190477,20.0,5.0,20.0,20.0
cemhsey,cemhsey_forward_day_logo,cemhsey_forward_day_logo|D06,agency_margin_tau_0.02,S3,grasp_protocol,D06,42,0.09523809523809523,0.07142857142857142,0.5952380952380952,17.5,5.0,17.5,20.0
cemhsey,cemhsey_forward_day_logo,cemhsey_forward_day_logo|D06,agency_margin_tau_0.02,S4,grasp_protocol,D06,42,0.09523809523809523,0.07142857142857142,0.38095238095238093,20.0,5.0,20.0,20.0
cemhsey,cemhsey_forward_day_logo,cemhsey_forward_day_logo|D06,agency_margin_tau_0.02,S5,grasp_protocol,D06,42,0.047619047619047616,0.047619047619047616,0.47619047619047616,20.0,5.0,20.0,20.0
cemhsey,cemhsey_forward_day_logo,cemhsey_forward_day_logo|D06,agency_margin_tau_0.02,S6,grasp_protocol,D06,42,0.023809523809523808,0.023809523809523808,0.6190476190476191,10.0,5.0,10.0,10.0
cemhsey,cemhsey_forward_day_logo,cemhsey_forward_day_logo|D06,agency_margin_tau_0.02,S7,grasp_protocol,D06,42,0.0,0.0,0.2619047619047619,10.0,5.0,,
cemhsey,cemhsey_forward_day_logo,cemhsey_forward_day_logo|D06,agency_margin_tau_0.02,S8,grasp_protocol,D06,42,0.023809523809523808,0.023809523809523808,0.16666666666666666,15.0,5.0,20.0,20.0
cemhsey,cemhsey_forward_day_logo,cemhsey_forward_day_logo|D06,agency_margin_tau_0.02,S9,grasp_protocol,D06,42,0.07142857142857142,0.07142857142857142,0.2857142857142857,20.0,5.0,20.0,20.0
cemhsey,cemhsey_forward_day_logo,cemhsey_forward_day_logo|D06,agency_margin_tau_0.05,S1,grasp_protocol,D06,42,0.11904761904761904,0.07142857142857142,0.4523809523809524,17.5,5.0,15.0,20.0
cemhsey,cemhsey_forward_day_logo,cemhsey_forward_day_logo|D06,agency_margin_tau_0.05,S10,grasp_protocol,D06,42,0.047619047619047616,0.0,0.3333333333333333,10.0,5.0,10.0,
cemhsey,cemhsey_forward_day_logo,cemhsey_forward_day_logo|D06,agency_margin_tau_0.05,S11,grasp_protocol,D06,42,0.023809523809523808,0.023809523809523808,0.3333333333333333,20.0,5.0,20.0,20.0
cemhsey,cemhsey_forward_day_logo,cemhsey_forward_day_logo|D06,agency_margin_tau_0.05,S12,grasp_protocol,D06,42,0.11904761904761904,0.11904761904761904,0.5952380952380952,10.0,5.0,10.0,10.0
cemhsey,cemhsey_forward_day_logo,cemhsey_forward_day_logo|D06,agency_margin_tau_0.05,S13,grasp_protocol,D06,42,0.11904761904761904,0.11904761904761904,0.47619047619047616,20.0,5.0,20.0,20.0
cemhsey,cemhsey_forward_day_logo,cemhsey_forward_day_logo|D06,agency_margin_tau_0.05,S2,grasp_protocol,D06,42,0.16666666666666666,0.11904761904761904,0.6190476190476191,20.0,5.0,20.0,20.0
cemhsey,cemhsey_forward_day_logo,cemhsey_forward_day_logo|D06,agency_margin_tau_0.05,S3,grasp_protocol,D06,42,0.23809523809523808,0.19047619047619047,0.7142857142857143,20.0,5.0,20.0,20.0
cemhsey,cemhsey_forward_day_logo,cemhsey_forward_day_logo|D06,agency_margin_tau_0.05,S4,grasp_protocol,D06,42,0.30952380952380953,0.19047619047619047,0.4523809523809524,20.0,5.0,20.0,20.0
cemhsey,cemhsey_forward_day_logo,cemhsey_forward_day_logo|D06,agency_margin_tau_0.05,S5,grasp_protocol,D06,42,0.14285714285714285,0.09523809523809523,0.5,15.0,5.0,17.5,20.0
cemhsey,cemhsey_forward_day_logo,cemhsey_forward_day_logo|D06,agency_margin_tau_0.05,S6,grasp_protocol,D06,42,0.19047619047619047,0.19047619047619047,0.7142857142857143,15.0,5.0,17.5,17.5
cemhsey,cemhsey_forward_day_logo,cemhsey_forward_day_logo|D06,agency_margin_tau_0.05,S7,grasp_protocol,D06,42,0.07142857142857142,0.047619047619047616,0.30952380952380953,15.0,5.0,20.0,20.0
cemhsey,cemhsey_forward_day_logo,cemhsey_forward_day_logo|D06,agency_margin_tau_0.05,S8,grasp_protocol,D06,42,0.023809523809523808,0.023809523809523808,0.14285714285714285,10.0,5.0,20.0,20.0
cemhsey,cemhsey_forward_day_logo,cemhsey_forward_day_logo|D06,agency_margin_tau_0.05,S9,grasp_protocol,D06,42,0.09523809523809523,0.09523809523809523,0.2619047619047619,20.0,5.0,17.5,17.5
cemhsey,cemhsey_forward_day_logo,cemhsey_forward_day_logo|D06,agency_margin_tau_0.10,S1,grasp_protocol,D06,42,0.21428571428571427,0.16666666666666666,0.5476190476190477,20.0,5.0,20.0,20.0
cemhsey,cemhsey_forward_day_logo,cemhsey_forward_day_logo|D06,agency_margin_tau_0.10,S10,grasp_protocol,D06,42,0.14285714285714285,0.09523809523809523,0.38095238095238093,15.0,5.0,15.0,17.5
cemhsey,cemhsey_forward_day_logo,cemhsey_forward_day_logo|D06,agency_margin_tau_0.10,S11,grasp_protocol,D06,42,0.16666666666666666,0.14285714285714285,0.4523809523809524,20.0,5.0,20.0,20.0
cemhsey,cemhsey_forward_day_logo,cemhsey_forward_day_logo|D06,agency_margin_tau_0.10,S12,grasp_protocol,D06,42,0.30952380952380953,0.2857142857142857,0.7380952380952381,20.0,5.0,20.0,20.0
cemhsey,cemhsey_forward_day_logo,cemhsey_forward_day_logo|D06,agency_margin_tau_0.10,S13,grasp_protocol,D06,42,0.2857142857142857,0.2619047619047619,0.5952380952380952,20.0,5.0,20.0,20.0
cemhsey,cemhsey_forward_day_logo,cemhsey_forward_day_logo|D06,agency_margin_tau_0.10,S2,grasp_protocol,D06,42,0.2619047619047619,0.23809523809523808,0.7380952380952381,20.0,5.0,20.0,20.0
cemhsey,cemhsey_forward_day_logo,cemhsey_forward_day_logo|D06,agency_margin_tau_0.10,S3,grasp_protocol,D06,42,0.2619047619047619,0.21428571428571427,0.7380952380952381,20.0,5.0,20.0,20.0
cemhsey,cemhsey_forward_day_logo,cemhsey_forward_day_logo|D06,agency_margin_tau_0.10,S4,grasp_protocol,D06,42,0.38095238095238093,0.2619047619047619,0.5,20.0,5.0,20.0,20.0
cemhsey,cemhsey_forward_day_logo,cemhsey_forward_day_logo|D06,agency_margin_tau_0.10,S5,grasp_protocol,D06,42,0.23809523809523808,0.21428571428571427,0.6190476190476191,20.0,5.0,20.0,20.0
cemhsey,cemhsey_forward_day_logo,cemhsey_forward_day_logo|D06,agency_margin_tau_0.10,S6,grasp_protocol,D06,42,0.30952380952380953,0.2619047619047619,0.7857142857142857,15.0,5.0,20.0,20.0
cemhsey,cemhsey_forward_day_logo,cemhsey_forward_day_logo|D06,agency_margin_tau_0.10,S7,grasp_protocol,D06,42,0.11904761904761904,0.09523809523809523,0.35714285714285715,20.0,5.0,20.0,20.0
cemhsey,cemhsey_forward_day_logo,cemhsey_forward_day_logo|D06,agency_margin_tau_0.10,S8,grasp_protocol,D06,42,0.07142857142857142,0.047619047619047616,0.09523809523809523,10.0,5.0,10.0,12.5
cemhsey,cemhsey_forward_day_logo,cemhsey_forward_day_logo|D06,agency_margin_tau_0.10,S9,grasp_protocol,D06,42,0.23809523809523808,0.21428571428571427,0.35714285714285715,20.0,5.0,20.0,20.0
cemhsey,cemhsey_forward_day_logo,cemhsey_forward_day_logo|D06,agency_margin_tau_0.15,S1,grasp_protocol,D06,42,0.30952380952380953,0.23809523809523808,0.5952380952380952,20.0,5.0,20.0,20.0
cemhsey,cemhsey_forward_day_logo,cemhsey_forward_day_logo|D06,agency_margin_tau_0.15,S10,grasp_protocol,D06,42,0.16666666666666666,0.11904761904761904,0.40476190476190477,15.0,5.0,15.0,20.0
cemhsey,cemhsey_forward_day_logo,cemhsey_forward_day_logo|D06,agency_margin_tau_0.15,S11,grasp_protocol,D06,42,0.16666666666666666,0.14285714285714285,0.4523809523809524,20.0,5.0,20.0,20.0
cemhsey,cemhsey_forward_day_logo,cemhsey_forward_day_logo|D06,agency_margin_tau_0.15,S12,grasp_protocol,D06,42,0.2857142857142857,0.2619047619047619,0.7142857142857143,20.0,5.0,20.0,20.0
cemhsey,cemhsey_forward_day_logo,cemhsey_forward_day_logo|D06,agency_margin_tau_0.15,S13,grasp_protocol,D06,42,0.35714285714285715,0.3333333333333333,0.6666666666666666,20.0,5.0,20.0,20.0
cemhsey,cemhsey_forward_day_logo,cemhsey_forward_day_logo|D06,agency_margin_tau_0.15,S2,grasp_protocol,D06,42,0.3333333333333333,0.30952380952380953,0.8095238095238095,20.0,5.0,20.0,20.0
cemhsey,cemhsey_forward_day_logo,cemhsey_forward_day_logo|D06,agency_margin_tau_0.15,S3,grasp_protocol,D06,42,0.3333333333333333,0.30952380952380953,0.8095238095238095,20.0,5.0,20.0,20.0
cemhsey,cemhsey_forward_day_logo,cemhsey_forward_day_logo|D06,agency_margin_tau_0.15,S4,grasp_protocol,D06,42,0.4523809523809524,0.38095238095238093,0.5952380952380952,20.0,5.0,20.0,20.0
cemhsey,cemhsey_forward_day_logo,cemhsey_forward_day_logo|D06,agency_margin_tau_0.15,S5,grasp_protocol,D06,42,0.3333333333333333,0.30952380952380953,0.6904761904761905,15.0,5.0,20.0,20.0
cemhsey,cemhsey_forward_day_logo,cemhsey_forward_day_logo|D06,agency_margin_tau_0.15,S6,grasp_protocol,D06,42,0.38095238095238093,0.3333333333333333,0.8571428571428571,15.0,5.0,20.0,20.0
cemhsey,cemhsey_forward_day_logo,cemhsey_forward_day_logo|D06,agency_margin_tau_0.15,S7,grasp_protocol,D06,42,0.16666666666666666,0.14285714285714285,0.35714285714285715,20.0,5.0,20.0,20.0
cemhsey,cemhsey_forward_day_logo,cemhsey_forward_day_logo|D06,agency_margin_tau_0.15,S8,grasp_protocol,D06,42,0.11904761904761904,0.09523809523809523,0.14285714285714285,15.0,5.0,20.0,20.0
cemhsey,cemhsey_forward_day_logo,cemhsey_forward_day_logo|D06,agency_margin_tau_0.15,S9,grasp_protocol,D06,42,0.3333333333333333,0.23809523809523808,0.35714285714285715,20.0,5.0,20.0,20.0
cemhsey,cemhsey_forward_day_logo,cemhsey_forward_day_logo|D06,agency_margin_tau_0.20,S1,grasp_protocol,D06,42,0.40476190476190477,0.3333333333333333,0.6904761904761905,20.0,5.0,20.0,20.0
cemhsey,cemhsey_forward_day_logo,cemhsey_forward_day_logo|D06,agency_margin_tau_0.20,S10,grasp_protocol,D06,42,0.16666666666666666,0.11904761904761904,0.38095238095238093,17.5,5.0,15.0,20.0
cemhsey,cemhsey_forward_day_logo,cemhsey_forward_day_logo|D06,agency_margin_tau_0.20,S11,grasp_protocol,D06,42,0.21428571428571427,0.19047619047619047,0.5,20.0,5.0,20.0,20.0
cemhsey,cemhsey_forward_day_logo,cemhsey_forward_day_logo|D06,agency_margin_tau_0.20,S12,grasp_protocol,D06,42,0.3333333333333333,0.30952380952380953,0.7619047619047619,20.0,5.0,20.0,20.0
cemhsey,cemhsey_forward_day_logo,cemhsey_forward_day_logo|D06,agency_margin_tau_0.20,S13,grasp_protocol,D06,42,0.42857142857142855,0.40476190476190477,0.7380952380952381,20.0,5.0,20.0,20.0
cemhsey,cemhsey_forward_day_logo,cemhsey_forward_day_logo|D06,agency_margin_tau_0.20,S2,grasp_protocol,D06,42,0.35714285714285715,0.35714285714285715,0.8571428571428571,20.0,5.0,20.0,20.0
cemhsey,cemhsey_forward_day_logo,cemhsey_forward_day_logo|D06,agency_margin_tau_0.20,S3,grasp_protocol,D06,42,0.38095238095238093,0.38095238095238093,0.8809523809523809,20.0,5.0,20.0,20.0
cemhsey,cemhsey_forward_day_logo,cemhsey_forward_day_logo|D06,agency_margin_tau_0.20,S4,grasp_protocol,D06,42,0.5476190476190477,0.5,0.6666666666666666,20.0,5.0,20.0,20.0
cemhsey,cemhsey_forward_day_logo,cemhsey_forward_day_logo|D06,agency_margin_tau_0.20,S5,grasp_protocol,D06,42,0.42857142857142855,0.42857142857142855,0.7857142857142857,17.5,5.0,20.0,20.0
cemhsey,cemhsey_forward_day_logo,cemhsey_forward_day_logo|D06,agency_margin_tau_0.20,S6,grasp_protocol,D06,42,0.35714285714285715,0.30952380952380953,0.7857142857142857,15.0,5.0,20.0,20.0
cemhsey,cemhsey_forward_day_logo,cemhsey_forward_day_logo|D06,agency_margin_tau_0.20,S7,grasp_protocol,D06,42,0.19047619047619047,0.16666666666666666,0.35714285714285715,20.0,5.0,20.0,20.0
cemhsey,cemhsey_forward_day_logo,cemhsey_forward_day_logo|D06,agency_margin_tau_0.20,S8,grasp_protocol,D06,42,0.14285714285714285,0.11904761904761904,0.14285714285714285,15.0,5.0,20.0,20.0
cemhsey,cemhsey_forward_day_logo,cemhsey_forward_day_logo|D06,agency_margin_tau_0.20,S9,grasp_protocol,D06,42,0.3333333333333333,0.2619047619047619,0.38095238095238093,20.0,5.0,17.5,20.0
cemhsey,cemhsey_forward_day_logo,cemhsey_forward_day_logo|D06,assist_only,S1,grasp_protocol,D06,42,0.5238095238095238,0.47619047619047616,0.7857142857142857,20.0,5.0,20.0,20.0
cemhsey,cemhsey_forward_day_logo,cemhsey_forward_day_logo|D06,assist_only,S10,grasp_protocol,D06,42,0.5476190476190477,0.40476190476190477,0.5952380952380952,10.0,5.0,15.0,20.0
cemhsey,cemhsey_forward_day_logo,cemhsey_forward_day_logo|D06,assist_only,S11,grasp_protocol,D06,42,0.5238095238095238,0.47619047619047616,0.7619047619047619,20.0,5.0,20.0,20.0
cemhsey,cemhsey_forward_day_logo,cemhsey_forward_day_logo|D06,assist_only,S12,grasp_protocol,D06,42,0.5,0.47619047619047616,0.8809523809523809,20.0,5.0,20.0,20.0
cemhsey,cemhsey_forward_day_logo,cemhsey_forward_day_logo|D06,assist_only,S13,grasp_protocol,D06,42,0.5952380952380952,0.5238095238095238,0.8571428571428571,17.5,5.0,20.0,20.0
cemhsey,cemhsey_forward_day_logo,cemhsey_forward_day_logo|D06,assist_only,S2,grasp_protocol,D06,42,0.5,0.47619047619047616,0.9047619047619048,20.0,5.0,20.0,20.0
cemhsey,cemhsey_forward_day_logo,cemhsey_forward_day_logo|D06,assist_only,S3,grasp_protocol,D06,42,0.5238095238095238,0.47619047619047616,0.9285714285714286,15.0,5.0,15.0,17.5
cemhsey,cemhsey_forward_day_logo,cemhsey_forward_day_logo|D06,assist_only,S4,grasp_protocol,D06,42,0.7142857142857143,0.5476190476190477,0.6666666666666666,10.0,5.0,15.0,20.0
cemhsey,cemhsey_forward_day_logo,cemhsey_forward_day_logo|D06,assist_only,S5,grasp_protocol,D06,42,0.47619047619047616,0.4523809523809524,0.7619047619047619,15.0,5.0,20.0,20.0
cemhsey,cemhsey_forward_day_logo,cemhsey_forward_day_logo|D06,assist_only,S6,grasp_protocol,D06,42,0.38095238095238093,0.30952380952380953,0.7857142857142857,10.0,5.0,17.5,20.0
cemhsey,cemhsey_forward_day_logo,cemhsey_forward_day_logo|D06,assist_only,S7,grasp_protocol,D06,42,0.42857142857142855,0.30952380952380953,0.4523809523809524,10.0,5.0,20.0,20.0
cemhsey,cemhsey_forward_day_logo,cemhsey_forward_day_logo|D06,assist_only,S8,grasp_protocol,D06,42,0.16666666666666666,0.11904761904761904,0.14285714285714285,10.0,5.0,10.0,20.0
cemhsey,cemhsey_forward_day_logo,cemhsey_forward_day_logo|D06,assist_only,S9,grasp_protocol,D06,42,0.5476190476190477,0.38095238095238093,0.4523809523809524,10.0,5.0,10.0,15.0
cemhsey,cemhsey_forward_day_logo,cemhsey_forward_day_logo|D06,confidence_blend_alpha_0.25,S1,grasp_protocol,D06,42,0.2619047619047619,0.23809523809523808,0.6190476190476191,20.0,5.0,20.0,20.0
cemhsey,cemhsey_forward_day_logo,cemhsey_forward_day_logo|D06,confidence_blend_alpha_0.25,S10,grasp_protocol,D06,42,0.09523809523809523,0.023809523809523808,0.3333333333333333,15.0,5.0,12.5,20.0
cemhsey,cemhsey_forward_day_logo,cemhsey_forward_day_logo|D06,confidence_blend_alpha_0.25,S11,grasp_protocol,D06,42,0.16666666666666666,0.16666666666666666,0.4523809523809524,20.0,5.0,20.0,20.0
cemhsey,cemhsey_forward_day_logo,cemhsey_forward_day_logo|D06,confidence_blend_alpha_0.25,S12,grasp_protocol,D06,42,0.30952380952380953,0.2857142857142857,0.7380952380952381,20.0,5.0,20.0,20.0
cemhsey,cemhsey_forward_day_logo,cemhsey_forward_day_logo|D06,confidence_blend_alpha_0.25,S13,grasp_protocol,D06,42,0.2619047619047619,0.23809523809523808,0.5714285714285714,20.0,5.0,20.0,20.0
cemhsey,cemhsey_forward_day_logo,cemhsey_forward_day_logo|D06,confidence_blend_alpha_0.25,S2,grasp_protocol,D06,42,0.35714285714285715,0.3333333333333333,0.8333333333333334,20.0,5.0,20.0,20.0
cemhsey,cemhsey_forward_day_logo,cemhsey_forward_day_logo|D06,confidence_blend_alpha_0.25,S3,grasp_protocol,D06,42,0.30952380952380953,0.2619047619047619,0.7619047619047619,20.0,5.0,20.0,20.0
cemhsey,cemhsey_forward_day_logo,cemhsey_forward_day_logo|D06,confidence_blend_alpha_0.25,S4,grasp_protocol,D06,42,0.40476190476190477,0.30952380952380953,0.5476190476190477,20.0,5.0,20.0,20.0
cemhsey,cemhsey_forward_day_logo,cemhsey_forward_day_logo|D06,confidence_blend_alpha_0.25,S5,grasp_protocol,D06,42,0.3333333333333333,0.30952380952380953,0.6904761904761905,20.0,5.0,20.0,20.0
cemhsey,cemhsey_forward_day_logo,cemhsey_forward_day_logo|D06,confidence_blend_alpha_0.25,S6,grasp_protocol,D06,42,0.30952380952380953,0.30952380952380953,0.8333333333333334,20.0,5.0,20.0,20.0
cemhsey,cemhsey_forward_day_logo,cemhsey_forward_day_logo|D06,confidence_blend_alpha_0.25,S7,grasp_protocol,D06,42,0.11904761904761904,0.09523809523809523,0.35714285714285715,20.0,5.0,20.0,20.0
cemhsey,cemhsey_forward_day_logo,cemhsey_forward_day_logo|D06,confidence_blend_alpha_0.25,S8,grasp_protocol,D06,42,0.047619047619047616,0.023809523809523808,0.09523809523809523,15.0,5.0,15.0,20.0
cemhsey,cemhsey_forward_day_logo,cemhsey_forward_day_logo|D06,confidence_blend_alpha_0.25,S9,grasp_protocol,D06,42,0.14285714285714285,0.09523809523809523,0.2857142857142857,12.5,5.0,17.5,20.0
cemhsey,cemhsey_forward_day_logo,cemhsey_forward_day_logo|D06,confidence_blend_alpha_0.50,S1,grasp_protocol,D06,42,0.42857142857142855,0.38095238095238093,0.7380952380952381,20.0,5.0,20.0,20.0
cemhsey,cemhsey_forward_day_logo,cemhsey_forward_day_logo|D06,confidence_blend_alpha_0.50,S10,grasp_protocol,D06,42,0.3333333333333333,0.19047619047619047,0.47619047619047616,17.5,5.0,15.0,20.0
cemhsey,cemhsey_forward_day_logo,cemhsey_forward_day_logo|D06,confidence_blend_alpha_0.50,S11,grasp_protocol,D06,42,0.4523809523809524,0.42857142857142855,0.7142857142857143,20.0,5.0,20.0,20.0
cemhsey,cemhsey_forward_day_logo,cemhsey_forward_day_logo|D06,confidence_blend_alpha_0.50,S12,grasp_protocol,D06,42,0.4523809523809524,0.42857142857142855,0.8809523809523809,20.0,5.0,20.0,20.0
cemhsey,cemhsey_forward_day_logo,cemhsey_forward_day_logo|D06,confidence_blend_alpha_0.50,S13,grasp_protocol,D06,42,0.5238095238095238,0.5,0.8333333333333334,20.0,5.0,20.0,20.0
cemhsey,cemhsey_forward_day_logo,cemhsey_forward_day_logo|D06,confidence_blend_alpha_0.50,S2,grasp_protocol,D06,42,0.47619047619047616,0.4523809523809524,0.9523809523809523,20.0,5.0,20.0,20.0
cemhsey,cemhsey_forward_day_logo,cemhsey_forward_day_logo|D06,confidence_blend_alpha_0.50,S3,grasp_protocol,D06,42,0.47619047619047616,0.47619047619047616,0.9285714285714286,20.0,5.0,20.0,20.0
cemhsey,cemhsey_forward_day_logo,cemhsey_forward_day_logo|D06,confidence_blend_alpha_0.50,S4,grasp_protocol,D06,42,0.5476190476190477,0.4523809523809524,0.6666666666666666,15.0,5.0,20.0,20.0
cemhsey,cemhsey_forward_day_logo,cemhsey_forward_day_logo|D06,confidence_blend_alpha_0.50,S5,grasp_protocol,D06,42,0.40476190476190477,0.40476190476190477,0.7619047619047619,20.0,5.0,20.0,20.0
cemhsey,cemhsey_forward_day_logo,cemhsey_forward_day_logo|D06,confidence_blend_alpha_0.50,S6,grasp_protocol,D06,42,0.38095238095238093,0.38095238095238093,0.8571428571428571,20.0,5.0,20.0,20.0
cemhsey,cemhsey_forward_day_logo,cemhsey_forward_day_logo|D06,confidence_blend_alpha_0.50,S7,grasp_protocol,D06,42,0.3333333333333333,0.23809523809523808,0.47619047619047616,20.0,5.0,20.0,20.0
cemhsey,cemhsey_forward_day_logo,cemhsey_forward_day_logo|D06,confidence_blend_alpha_0.50,S8,grasp_protocol,D06,42,0.11904761904761904,0.09523809523809523,0.14285714285714285,12.5,5.0,20.0,20.0
cemhsey,cemhsey_forward_day_logo,cemhsey_forward_day_logo|D06,confidence_blend_alpha_0.50,S9,grasp_protocol,D06,42,0.35714285714285715,0.2619047619047619,0.35714285714285715,10.0,5.0,10.0,15.0
cemhsey,cemhsey_forward_day_logo,cemhsey_forward_day_logo|D06,confidence_blend_alpha_0.75,S1,grasp_protocol,D06,42,0.5,0.47619047619047616,0.7857142857142857,20.0,5.0,20.0,20.0
cemhsey,cemhsey_forward_day_logo,cemhsey_forward_day_logo|D06,confidence_blend_alpha_0.75,S10,grasp_protocol,D06,42,0.5,0.3333333333333333,0.5714285714285714,15.0,5.0,20.0,20.0
cemhsey,cemhsey_forward_day_logo,cemhsey_forward_day_logo|D06,confidence_blend_alpha_0.75,S11,grasp_protocol,D06,42,0.5,0.47619047619047616,0.7619047619047619,20.0,5.0,20.0,20.0
cemhsey,cemhsey_forward_day_logo,cemhsey_forward_day_logo|D06,confidence_blend_alpha_0.75,S12,grasp_protocol,D06,42,0.5238095238095238,0.5,0.9285714285714286,20.0,5.0,20.0,20.0
cemhsey,cemhsey_forward_day_logo,cemhsey_forward_day_logo|D06,confidence_blend_alpha_0.75,S13,grasp_protocol,D06,42,0.5714285714285714,0.5476190476190477,0.8571428571428571,20.0,5.0,20.0,20.0
cemhsey,cemhsey_forward_day_logo,cemhsey_forward_day_logo|D06,confidence_blend_alpha_0.75,S2,grasp_protocol,D06,42,0.5238095238095238,0.47619047619047616,0.9285714285714286,20.0,5.0,20.0,20.0
cemhsey,cemhsey_forward_day_logo,cemhsey_forward_day_logo|D06,confidence_blend_alpha_0.75,S3,grasp_protocol,D06,42,0.5,0.5,0.9285714285714286,15.0,5.0,20.0,20.0
cemhsey,cemhsey_forward_day_logo,cemhsey_forward_day_logo|D06,confidence_blend_alpha_0.75,S4,grasp_protocol,D06,42,0.6904761904761905,0.5714285714285714,0.6904761904761905,10.0,5.0,15.0,20.0
cemhsey,cemhsey_forward_day_logo,cemhsey_forward_day_logo|D06,confidence_blend_alpha_0.75,S5,grasp_protocol,D06,42,0.4523809523809524,0.42857142857142855,0.7380952380952381,15.0,5.0,20.0,20.0
cemhsey,cemhsey_forward_day_logo,cemhsey_forward_day_logo|D06,confidence_blend_alpha_0.75,S6,grasp_protocol,D06,42,0.35714285714285715,0.3333333333333333,0.8095238095238095,15.0,5.0,20.0,20.0
cemhsey,cemhsey_forward_day_logo,cemhsey_forward_day_logo|D06,confidence_blend_alpha_0.75,S7,grasp_protocol,D06,42,0.42857142857142855,0.2857142857142857,0.5,15.0,5.0,20.0,20.0
cemhsey,cemhsey_forward_day_logo,cemhsey_forward_day_logo|D06,confidence_blend_alpha_0.75,S8,grasp_protocol,D06,42,0.16666666666666666,0.11904761904761904,0.14285714285714285,10.0,5.0,10.0,20.0
cemhsey,cemhsey_forward_day_logo,cemhsey_forward_day_logo|D06,confidence_blend_alpha_0.75,S9,grasp_protocol,D06,42,0.5476190476190477,0.38095238095238093,0.4523809523809524,10.0,5.0,10.0,15.0
cemhsey,cemhsey_forward_day_logo,cemhsey_forward_day_logo|D06,plain_conf_threshold_matched_tau_0.02,S1,grasp_protocol,D06,42,0.0,0.0,0.42857142857142855,20.0,5.0,,
cemhsey,cemhsey_forward_day_logo,cemhsey_forward_day_logo|D06,plain_conf_threshold_matched_tau_0.02,S10,grasp_protocol,D06,42,0.0,0.0,0.3333333333333333,,5.0,,
cemhsey,cemhsey_forward_day_logo,cemhsey_forward_day_logo|D06,plain_conf_threshold_matched_tau_0.02,S11,grasp_protocol,D06,42,0.0,0.0,0.40476190476190477,20.0,5.0,,
cemhsey,cemhsey_forward_day_logo,cemhsey_forward_day_logo|D06,plain_conf_threshold_matched_tau_0.02,S12,grasp_protocol,D06,42,0.0,0.0,0.5238095238095238,12.5,5.0,,
cemhsey,cemhsey_forward_day_logo,cemhsey_forward_day_logo|D06,plain_conf_threshold_matched_tau_0.02,S13,grasp_protocol,D06,42,0.0,0.0,0.35714285714285715,,5.0,,
cemhsey,cemhsey_forward_day_logo,cemhsey_forward_day_logo|D06,plain_conf_threshold_matched_tau_0.02,S2,grasp_protocol,D06,42,0.0,0.0,0.5476190476190477,20.0,5.0,,
cemhsey,cemhsey_forward_day_logo,cemhsey_forward_day_logo|D06,plain_conf_threshold_matched_tau_0.02,S3,grasp_protocol,D06,42,0.0,0.0,0.5714285714285714,20.0,5.0,,
cemhsey,cemhsey_forward_day_logo,cemhsey_forward_day_logo|D06,plain_conf_threshold_matched_tau_0.02,S4,grasp_protocol,D06,42,0.0,0.0,0.30952380952380953,,5.0,,
cemhsey,cemhsey_forward_day_logo,cemhsey_forward_day_logo|D06,plain_conf_threshold_matched_tau_0.02,S5,grasp_protocol,D06,42,0.0,0.0,0.47619047619047616,17.5,5.0,,
cemhsey,cemhsey_forward_day_logo,cemhsey_forward_day_logo|D06,plain_conf_threshold_matched_tau_0.02,S6,grasp_protocol,D06,42,0.0,0.0,0.6190476190476191,,5.0,,
cemhsey,cemhsey_forward_day_logo,cemhsey_forward_day_logo|D06,plain_conf_threshold_matched_tau_0.02,S7,grasp_protocol,D06,42,0.0,0.0,0.2619047619047619,,5.0,,
cemhsey,cemhsey_forward_day_logo,cemhsey_forward_day_logo|D06,plain_conf_threshold_matched_tau_0.02,S8,grasp_protocol,D06,42,0.0,0.0,0.14285714285714285,,5.0,,
cemhsey,cemhsey_forward_day_logo,cemhsey_forward_day_logo|D06,plain_conf_threshold_matched_tau_0.02,S9,grasp_protocol,D06,42,0.0,0.0,0.23809523809523808,,5.0,,
cemhsey,cemhsey_forward_day_logo,cemhsey_forward_day_logo|D06,plain_conf_threshold_matched_tau_0.05,S1,grasp_protocol,D06,42,0.023809523809523808,0.023809523809523808,0.4523809523809524,17.5,5.0,15.0,15.0
cemhsey,cemhsey_forward_day_logo,cemhsey_forward_day_logo|D06,plain_conf_threshold_matched_tau_0.05,S10,grasp_protocol,D06,42,0.0,0.0,0.3333333333333333,,5.0,,
cemhsey,cemhsey_forward_day_logo,cemhsey_forward_day_logo|D06,plain_conf_threshold_matched_tau_0.05,S11,grasp_protocol,D06,42,0.0,0.0,0.42857142857142855,20.0,5.0,,
cemhsey,cemhsey_forward_day_logo,cemhsey_forward_day_logo|D06,plain_conf_threshold_matched_tau_0.05,S12,grasp_protocol,D06,42,0.0,0.0,0.5714285714285714,20.0,5.0,,
cemhsey,cemhsey_forward_day_logo,cemhsey_forward_day_logo|D06,plain_conf_threshold_matched_tau_0.05,S13,grasp_protocol,D06,42,0.0,0.0,0.38095238095238093,20.0,5.0,,
cemhsey,cemhsey_forward_day_logo,cemhsey_forward_day_logo|D06,plain_conf_threshold_matched_tau_0.05,S2,grasp_protocol,D06,42,0.07142857142857142,0.07142857142857142,0.6666666666666666,20.0,5.0,20.0,20.0
cemhsey,cemhsey_forward_day_logo,cemhsey_forward_day_logo|D06,plain_conf_threshold_matched_tau_0.05,S3,grasp_protocol,D06,42,0.023809523809523808,0.023809523809523808,0.5952380952380952,20.0,5.0,20.0,20.0
cemhsey,cemhsey_forward_day_logo,cemhsey_forward_day_logo|D06,plain_conf_threshold_matched_tau_0.05,S4,grasp_protocol,D06,42,0.0,0.0,0.30952380952380953,,5.0,,
cemhsey,cemhsey_forward_day_logo,cemhsey_forward_day_logo|D06,plain_conf_threshold_matched_tau_0.05,S5,grasp_protocol,D06,42,0.047619047619047616,0.047619047619047616,0.5476190476190477,15.0,5.0,15.0,15.0
cemhsey,cemhsey_forward_day_logo,cemhsey_forward_day_logo|D06,plain_conf_threshold_matched_tau_0.05,S6,grasp_protocol,D06,42,0.0,0.0,0.6190476190476191,,5.0,,
cemhsey,cemhsey_forward_day_logo,cemhsey_forward_day_logo|D06,plain_conf_threshold_matched_tau_0.05,S7,grasp_protocol,D06,42,0.0,0.0,0.2619047619047619,,5.0,,
cemhsey,cemhsey_forward_day_logo,cemhsey_forward_day_logo|D06,plain_conf_threshold_matched_tau_0.05,S8,grasp_protocol,D06,42,0.0,0.0,0.14285714285714285,15.0,5.0,,
cemhsey,cemhsey_forward_day_logo,cemhsey_forward_day_logo|D06,plain_conf_threshold_matched_tau_0.05,S9,grasp_protocol,D06,42,0.0,0.0,0.23809523809523808,,5.0,,
cemhsey,cemhsey_forward_day_logo,cemhsey_forward_day_logo|D06,plain_conf_threshold_matched_tau_0.10,S1,grasp_protocol,D06,42,0.11904761904761904,0.07142857142857142,0.5238095238095238,20.0,5.0,15.0,20.0
cemhsey,cemhsey_forward_day_logo,cemhsey_forward_day_logo|D06,plain_conf_threshold_matched_tau_0.10,S10,grasp_protocol,D06,42,0.0,0.0,0.3333333333333333,,5.0,,
cemhsey,cemhsey_forward_day_logo,cemhsey_forward_day_logo|D06,plain_conf_threshold_matched_tau_0.10,S11,grasp_protocol,D06,42,0.023809523809523808,0.023809523809523808,0.5,20.0,5.0,20.0,20.0
cemhsey,cemhsey_forward_day_logo,cemhsey_forward_day_logo|D06,plain_conf_threshold_matched_tau_0.10,S12,grasp_protocol,D06,42,0.047619047619047616,0.047619047619047616,0.5952380952380952,20.0,5.0,15.0,15.0
cemhsey,cemhsey_forward_day_logo,cemhsey_forward_day_logo|D06,plain_conf_threshold_matched_tau_0.10,S13,grasp_protocol,D06,42,0.0,0.0,0.40476190476190477,20.0,5.0,,
cemhsey,cemhsey_forward_day_logo,cemhsey_forward_day_logo|D06,plain_conf_threshold_matched_tau_0.10,S2,grasp_protocol,D06,42,0.11904761904761904,0.11904761904761904,0.7619047619047619,20.0,5.0,20.0,20.0
cemhsey,cemhsey_forward_day_logo,cemhsey_forward_day_logo|D06,plain_conf_threshold_matched_tau_0.10,S3,grasp_protocol,D06,42,0.047619047619047616,0.047619047619047616,0.6428571428571429,20.0,5.0,20.0,20.0
cemhsey,cemhsey_forward_day_logo,cemhsey_forward_day_logo|D06,plain_conf_threshold_matched_tau_0.10,S4,grasp_protocol,D06,42,0.0,0.0,0.30952380952380953,,5.0,,
cemhsey,cemhsey_forward_day_logo,cemhsey_forward_day_logo|D06,plain_conf_threshold_matched_tau_0.10,S5,grasp_protocol,D06,42,0.14285714285714285,0.14285714285714285,0.5952380952380952,17.5,5.0,20.0,20.0
cemhsey,cemhsey_forward_day_logo,cemhsey_forward_day_logo|D06,plain_conf_threshold_matched_tau_0.10,S6,grasp_protocol,D06,42,0.09523809523809523,0.09523809523809523,0.7142857142857143,20.0,5.0,20.0,20.0
cemhsey,cemhsey_forward_day_logo,cemhsey_forward_day_logo|D06,plain_conf_threshold_matched_tau_0.10,S7,grasp_protocol,D06,42,0.0,0.0,0.2619047619047619,,5.0,,
cemhsey,cemhsey_forward_day_logo,cemhsey_forward_day_logo|D06,plain_conf_threshold_matched_tau_0.10,S8,grasp_protocol,D06,42,0.0,0.0,0.14285714285714285,12.5,5.0,,
cemhsey,cemhsey_forward_day_logo,cemhsey_forward_day_logo|D06,plain_conf_threshold_matched_tau_0.10,S9,grasp_protocol,D06,42,0.023809523809523808,0.023809523809523808,0.23809523809523808,15.0,5.0,15.0,15.0
cemhsey,cemhsey_forward_day_logo,cemhsey_forward_day_logo|D06,plain_conf_threshold_matched_tau_0.15,S1,grasp_protocol,D06,42,0.16666666666666666,0.16666666666666666,0.5714285714285714,20.0,5.0,20.0,20.0
cemhsey,cemhsey_forward_day_logo,cemhsey_forward_day_logo|D06,plain_conf_threshold_matched_tau_0.15,S10,grasp_protocol,D06,42,0.0,0.0,0.3333333333333333,,5.0,,
cemhsey,cemhsey_forward_day_logo,cemhsey_forward_day_logo|D06,plain_conf_threshold_matched_tau_0.15,S11,grasp_protocol,D06,42,0.047619047619047616,0.047619047619047616,0.5,20.0,5.0,20.0,20.0
cemhsey,cemhsey_forward_day_logo,cemhsey_forward_day_logo|D06,plain_conf_threshold_matched_tau_0.15,S12,grasp_protocol,D06,42,0.09523809523809523,0.09523809523809523,0.6428571428571429,20.0,5.0,12.5,12.5
cemhsey,cemhsey_forward_day_logo,cemhsey_forward_day_logo|D06,plain_conf_threshold_matched_tau_0.15,S13,grasp_protocol,D06,42,0.023809523809523808,0.023809523809523808,0.42857142857142855,20.0,5.0,20.0,20.0
cemhsey,cemhsey_forward_day_logo,cemhsey_forward_day_logo|D06,plain_conf_threshold_matched_tau_0.15,S2,grasp_protocol,D06,42,0.16666666666666666,0.16666666666666666,0.7619047619047619,20.0,5.0,20.0,20.0
cemhsey,cemhsey_forward_day_logo,cemhsey_forward_day_logo|D06,plain_conf_threshold_matched_tau_0.15,S3,grasp_protocol,D06,42,0.07142857142857142,0.07142857142857142,0.6666666666666666,20.0,5.0,20.0,20.0
cemhsey,cemhsey_forward_day_logo,cemhsey_forward_day_logo|D06,plain_conf_threshold_matched_tau_0.15,S4,grasp_protocol,D06,42,0.023809523809523808,0.023809523809523808,0.35714285714285715,20.0,5.0,20.0,20.0
cemhsey,cemhsey_forward_day_logo,cemhsey_forward_day_logo|D06,plain_conf_threshold_matched_tau_0.15,S5,grasp_protocol,D06,42,0.19047619047619047,0.19047619047619047,0.6190476190476191,20.0,5.0,17.5,17.5
cemhsey,cemhsey_forward_day_logo,cemhsey_forward_day_logo|D06,plain_conf_threshold_matched_tau_0.15,S6,grasp_protocol,D06,42,0.11904761904761904,0.11904761904761904,0.7380952380952381,20.0,5.0,20.0,20.0
cemhsey,cemhsey_forward_day_logo,cemhsey_forward_day_logo|D06,plain_conf_threshold_matched_tau_0.15,S7,grasp_protocol,D06,42,0.0,0.0,0.2619047619047619,,5.0,,
cemhsey,cemhsey_forward_day_logo,cemhsey_forward_day_logo|D06,plain_conf_threshold_matched_tau_0.15,S8,grasp_protocol,D06,42,0.0,0.0,0.14285714285714285,12.5,5.0,,
cemhsey,cemhsey_forward_day_logo,cemhsey_forward_day_logo|D06,plain_conf_threshold_matched_tau_0.15,S9,grasp_protocol,D06,42,0.023809523809523808,0.023809523809523808,0.23809523809523808,15.0,5.0,15.0,15.0
cemhsey,cemhsey_forward_day_logo,cemhsey_forward_day_logo|D06,plain_conf_threshold_matched_tau_0.20,S1,grasp_protocol,D06,42,0.21428571428571427,0.21428571428571427,0.5714285714285714,20.0,5.0,20.0,20.0
cemhsey,cemhsey_forward_day_logo,cemhsey_forward_day_logo|D06,plain_conf_threshold_matched_tau_0.20,S10,grasp_protocol,D06,42,0.0,0.0,0.3333333333333333,,5.0,,
cemhsey,cemhsey_forward_day_logo,cemhsey_forward_day_logo|D06,plain_conf_threshold_matched_tau_0.20,S11,grasp_protocol,D06,42,0.07142857142857142,0.07142857142857142,0.5238095238095238,20.0,5.0,20.0,20.0
cemhsey,cemhsey_forward_day_logo,cemhsey_forward_day_logo|D06,plain_conf_threshold_matched_tau_0.20,S12,grasp_protocol,D06,42,0.11904761904761904,0.11904761904761904,0.6428571428571429,20.0,5.0,20.0,20.0
cemhsey,cemhsey_forward_day_logo,cemhsey_forward_day_logo|D06,plain_conf_threshold_matched_tau_0.20,S13,grasp_protocol,D06,42,0.09523809523809523,0.07142857142857142,0.4523809523809524,20.0,5.0,20.0,20.0
cemhsey,cemhsey_forward_day_logo,cemhsey_forward_day_logo|D06,plain_conf_threshold_matched_tau_0.20,S2,grasp_protocol,D06,42,0.23809523809523808,0.23809523809523808,0.8095238095238095,20.0,5.0,20.0,20.0
cemhsey,cemhsey_forward_day_logo,cemhsey_forward_day_logo|D06,plain_conf_threshold_matched_tau_0.20,S3,grasp_protocol,D06,42,0.07142857142857142,0.07142857142857142,0.6666666666666666,20.0,5.0,20.0,20.0
cemhsey,cemhsey_forward_day_logo,cemhsey_forward_day_logo|D06,plain_conf_threshold_matched_tau_0.20,S4,grasp_protocol,D06,42,0.047619047619047616,0.047619047619047616,0.35714285714285715,20.0,5.0,20.0,20.0
cemhsey,cemhsey_forward_day_logo,cemhsey_forward_day_logo|D06,plain_conf_threshold_matched_tau_0.20,S5,grasp_protocol,D06,42,0.21428571428571427,0.21428571428571427,0.6190476190476191,20.0,5.0,20.0,20.0
cemhsey,cemhsey_forward_day_logo,cemhsey_forward_day_logo|D06,plain_conf_threshold_matched_tau_0.20,S6,grasp_protocol,D06,42,0.14285714285714285,0.14285714285714285,0.7380952380952381,20.0,5.0,20.0,20.0
cemhsey,cemhsey_forward_day_logo,cemhsey_forward_day_logo|D06,plain_conf_threshold_matched_tau_0.20,S7,grasp_protocol,D06,42,0.0,0.0,0.2619047619047619,,5.0,,
cemhsey,cemhsey_forward_day_logo,cemhsey_forward_day_logo|D06,plain_conf_threshold_matched_tau_0.20,S8,grasp_protocol,D06,42,0.0,0.0,0.14285714285714285,12.5,5.0,,
cemhsey,cemhsey_forward_day_logo,cemhsey_forward_day_logo|D06,plain_conf_threshold_matched_tau_0.20,S9,grasp_protocol,D06,42,0.047619047619047616,0.023809523809523808,0.23809523809523808,15.0,5.0,15.0,15.0
cemhsey,cemhsey_forward_day_logo,cemhsey_forward_day_logo|D06,selective_prediction,S1,grasp_protocol,D06,42,0.21428571428571427,0.0,0.40476190476190477,20.0,5.0,20.0,
cemhsey,cemhsey_forward_day_logo,cemhsey_forward_day_logo|D06,selective_prediction,S10,grasp_protocol,D06,42,0.0,0.0,0.3333333333333333,,5.0,,
cemhsey,cemhsey_forward_day_logo,cemhsey_forward_day_logo|D06,selective_prediction,S11,grasp_protocol,D06,42,0.16666666666666666,0.023809523809523808,0.35714285714285715,20.0,5.0,20.0,20.0
cemhsey,cemhsey_forward_day_logo,cemhsey_forward_day_logo|D06,selective_prediction,S12,grasp_protocol,D06,42,0.16666666666666666,0.047619047619047616,0.5238095238095238,20.0,5.0,20.0,12.5
cemhsey,cemhsey_forward_day_logo,cemhsey_forward_day_logo|D06,selective_prediction,S13,grasp_protocol,D06,42,0.047619047619047616,0.0,0.35714285714285715,20.0,5.0,20.0,
cemhsey,cemhsey_forward_day_logo,cemhsey_forward_day_logo|D06,selective_prediction,S2,grasp_protocol,D06,42,0.23809523809523808,0.023809523809523808,0.5476190476190477,20.0,5.0,20.0,20.0
cemhsey,cemhsey_forward_day_logo,cemhsey_forward_day_logo|D06,selective_prediction,S3,grasp_protocol,D06,42,0.09523809523809523,0.0,0.5476190476190477,20.0,5.0,20.0,
cemhsey,cemhsey_forward_day_logo,cemhsey_forward_day_logo|D06,selective_prediction,S4,grasp_protocol,D06,42,0.0,0.0,0.30952380952380953,5.0,5.0,,
cemhsey,cemhsey_forward_day_logo,cemhsey_forward_day_logo|D06,selective_prediction,S5,grasp_protocol,D06,42,0.21428571428571427,0.023809523809523808,0.4523809523809524,20.0,5.0,20.0,20.0
cemhsey,cemhsey_forward_day_logo,cemhsey_forward_day_logo|D06,selective_prediction,S6,grasp_protocol,D06,42,0.11904761904761904,0.0,0.6190476190476191,20.0,5.0,20.0,
cemhsey,cemhsey_forward_day_logo,cemhsey_forward_day_logo|D06,selective_prediction,S7,grasp_protocol,D06,42,0.0,0.0,0.2619047619047619,,5.0,,
cemhsey,cemhsey_forward_day_logo,cemhsey_forward_day_logo|D06,selective_prediction,S8,grasp_protocol,D06,42,0.0,0.0,0.14285714285714285,12.5,5.0,,
cemhsey,cemhsey_forward_day_logo,cemhsey_forward_day_logo|D06,selective_prediction,S9,grasp_protocol,D06,42,0.023809523809523808,0.0,0.23809523809523808,15.0,5.0,15.0,
cemhsey,cemhsey_forward_day_logo,cemhsey_forward_day_logo|D06,set_acsa_tau_0.02,S1,grasp_protocol,D06,42,0.07142857142857142,0.023809523809523808,0.42857142857142855,5.0,5.0,5.0,20.0
cemhsey,cemhsey_forward_day_logo,cemhsey_forward_day_logo|D06,set_acsa_tau_0.02,S10,grasp_protocol,D06,42,0.047619047619047616,0.0,0.3333333333333333,10.0,5.0,10.0,
cemhsey,cemhsey_forward_day_logo,cemhsey_forward_day_logo|D06,set_acsa_tau_0.02,S11,grasp_protocol,D06,42,0.023809523809523808,0.023809523809523808,0.35714285714285715,20.0,5.0,20.0,20.0
cemhsey,cemhsey_forward_day_logo,cemhsey_forward_day_logo|D06,set_acsa_tau_0.02,S12,grasp_protocol,D06,42,0.047619047619047616,0.023809523809523808,0.5238095238095238,10.0,5.0,15.0,20.0
cemhsey,cemhsey_forward_day_logo,cemhsey_forward_day_logo|D06,set_acsa_tau_0.02,S13,grasp_protocol,D06,42,0.07142857142857142,0.07142857142857142,0.42857142857142855,20.0,5.0,20.0,20.0
cemhsey,cemhsey_forward_day_logo,cemhsey_forward_day_logo|D06,set_acsa_tau_0.02,S2,grasp_protocol,D06,42,0.047619047619047616,0.047619047619047616,0.5714285714285714,20.0,5.0,20.0,20.0
cemhsey,cemhsey_forward_day_logo,cemhsey_forward_day_logo|D06,set_acsa_tau_0.02,S3,grasp_protocol,D06,42,0.09523809523809523,0.07142857142857142,0.5952380952380952,17.5,5.0,17.5,20.0
cemhsey,cemhsey_forward_day_logo,cemhsey_forward_day_logo|D06,set_acsa_tau_0.02,S4,grasp_protocol,D06,42,0.09523809523809523,0.07142857142857142,0.38095238095238093,20.0,5.0,20.0,20.0
cemhsey,cemhsey_forward_day_logo,cemhsey_forward_day_logo|D06,set_acsa_tau_0.02,S5,grasp_protocol,D06,42,0.047619047619047616,0.047619047619047616,0.47619047619047616,20.0,5.0,20.0,20.0
cemhsey,cemhsey_forward_day_logo,cemhsey_forward_day_logo|D06,set_acsa_tau_0.02,S6,grasp_protocol,D06,42,0.023809523809523808,0.023809523809523808,0.6190476190476191,10.0,5.0,10.0,10.0
cemhsey,cemhsey_forward_day_logo,cemhsey_forward_day_logo|D06,set_acsa_tau_0.02,S7,grasp_protocol,D06,42,0.0,0.0,0.2619047619047619,10.0,5.0,,
cemhsey,cemhsey_forward_day_logo,cemhsey_forward_day_logo|D06,set_acsa_tau_0.02,S8,grasp_protocol,D06,42,0.023809523809523808,0.023809523809523808,0.16666666666666666,12.5,5.0,20.0,20.0
cemhsey,cemhsey_forward_day_logo,cemhsey_forward_day_logo|D06,set_acsa_tau_0.02,S9,grasp_protocol,D06,42,0.07142857142857142,0.07142857142857142,0.2857142857142857,20.0,5.0,20.0,20.0
cemhsey,cemhsey_forward_day_logo,cemhsey_forward_day_logo|D06,set_acsa_tau_0.05,S1,grasp_protocol,D06,42,0.11904761904761904,0.07142857142857142,0.4523809523809524,17.5,5.0,15.0,20.0
cemhsey,cemhsey_forward_day_logo,cemhsey_forward_day_logo|D06,set_acsa_tau_0.05,S10,grasp_protocol,D06,42,0.047619047619047616,0.0,0.3333333333333333,10.0,5.0,10.0,
cemhsey,cemhsey_forward_day_logo,cemhsey_forward_day_logo|D06,set_acsa_tau_0.05,S11,grasp_protocol,D06,42,0.023809523809523808,0.023809523809523808,0.3333333333333333,20.0,5.0,20.0,20.0
cemhsey,cemhsey_forward_day_logo,cemhsey_forward_day_logo|D06,set_acsa_tau_0.05,S12,grasp_protocol,D06,42,0.11904761904761904,0.11904761904761904,0.5952380952380952,10.0,5.0,10.0,10.0
cemhsey,cemhsey_forward_day_logo,cemhsey_forward_day_logo|D06,set_acsa_tau_0.05,S13,grasp_protocol,D06,42,0.11904761904761904,0.11904761904761904,0.47619047619047616,20.0,5.0,20.0,20.0
cemhsey,cemhsey_forward_day_logo,cemhsey_forward_day_logo|D06,set_acsa_tau_0.05,S2,grasp_protocol,D06,42,0.16666666666666666,0.11904761904761904,0.6428571428571429,20.0,5.0,20.0,20.0
cemhsey,cemhsey_forward_day_logo,cemhsey_forward_day_logo|D06,set_acsa_tau_0.05,S3,grasp_protocol,D06,42,0.23809523809523808,0.19047619047619047,0.7142857142857143,20.0,5.0,20.0,20.0
cemhsey,cemhsey_forward_day_logo,cemhsey_forward_day_logo|D06,set_acsa_tau_0.05,S4,grasp_protocol,D06,42,0.30952380952380953,0.19047619047619047,0.4523809523809524,17.5,5.0,20.0,20.0
cemhsey,cemhsey_forward_day_logo,cemhsey_forward_day_logo|D06,set_acsa_tau_0.05,S5,grasp_protocol,D06,42,0.14285714285714285,0.09523809523809523,0.5,15.0,5.0,17.5,20.0
cemhsey,cemhsey_forward_day_logo,cemhsey_forward_day_logo|D06,set_acsa_tau_0.05,S6,grasp_protocol,D06,42,0.16666666666666666,0.16666666666666666,0.6904761904761905,15.0,5.0,15.0,15.0
cemhsey,cemhsey_forward_day_logo,cemhsey_forward_day_logo|D06,set_acsa_tau_0.05,S7,grasp_protocol,D06,42,0.047619047619047616,0.023809523809523808,0.2857142857142857,10.0,5.0,15.0,20.0
cemhsey,cemhsey_forward_day_logo,cemhsey_forward_day_logo|D06,set_acsa_tau_0.05,S8,grasp_protocol,D06,42,0.023809523809523808,0.023809523809523808,0.14285714285714285,10.0,5.0,20.0,20.0
cemhsey,cemhsey_forward_day_logo,cemhsey_forward_day_logo|D06,set_acsa_tau_0.05,S9,grasp_protocol,D06,42,0.09523809523809523,0.09523809523809523,0.2619047619047619,20.0,5.0,17.5,17.5
cemhsey,cemhsey_forward_day_logo,cemhsey_forward_day_logo|D06,set_acsa_tau_0.10,S1,grasp_protocol,D06,42,0.19047619047619047,0.14285714285714285,0.5238095238095238,17.5,5.0,15.0,20.0
cemhsey,cemhsey_forward_day_logo,cemhsey_forward_day_logo|D06,set_acsa_tau_0.10,S10,grasp_protocol,D06,42,0.14285714285714285,0.09523809523809523,0.38095238095238093,15.0,5.0,15.0,17.5
cemhsey,cemhsey_forward_day_logo,cemhsey_forward_day_logo|D06,set_acsa_tau_0.10,S11,grasp_protocol,D06,42,0.14285714285714285,0.11904761904761904,0.42857142857142855,20.0,5.0,20.0,20.0
cemhsey,cemhsey_forward_day_logo,cemhsey_forward_day_logo|D06,set_acsa_tau_0.10,S12,grasp_protocol,D06,42,0.2619047619047619,0.23809523809523808,0.6904761904761905,15.0,5.0,20.0,20.0
cemhsey,cemhsey_forward_day_logo,cemhsey_forward_day_logo|D06,set_acsa_tau_0.10,S13,grasp_protocol,D06,42,0.2857142857142857,0.2619047619047619,0.5952380952380952,20.0,5.0,20.0,20.0
cemhsey,cemhsey_forward_day_logo,cemhsey_forward_day_logo|D06,set_acsa_tau_0.10,S2,grasp_protocol,D06,42,0.2619047619047619,0.23809523809523808,0.7380952380952381,20.0,5.0,20.0,20.0
cemhsey,cemhsey_forward_day_logo,cemhsey_forward_day_logo|D06,set_acsa_tau_0.10,S3,grasp_protocol,D06,42,0.2619047619047619,0.21428571428571427,0.7380952380952381,20.0,5.0,20.0,20.0
cemhsey,cemhsey_forward_day_logo,cemhsey_forward_day_logo|D06,set_acsa_tau_0.10,S4,grasp_protocol,D06,42,0.38095238095238093,0.2619047619047619,0.5,15.0,5.0,20.0,20.0
cemhsey,cemhsey_forward_day_logo,cemhsey_forward_day_logo|D06,set_acsa_tau_0.10,S5,grasp_protocol,D06,42,0.23809523809523808,0.21428571428571427,0.6190476190476191,17.5,5.0,20.0,20.0
cemhsey,cemhsey_forward_day_logo,cemhsey_forward_day_logo|D06,set_acsa_tau_0.10,S6,grasp_protocol,D06,42,0.2619047619047619,0.21428571428571427,0.7380952380952381,15.0,5.0,15.0,20.0
cemhsey,cemhsey_forward_day_logo,cemhsey_forward_day_logo|D06,set_acsa_tau_0.10,S7,grasp_protocol,D06,42,0.11904761904761904,0.09523809523809523,0.35714285714285715,20.0,5.0,20.0,20.0
cemhsey,cemhsey_forward_day_logo,cemhsey_forward_day_logo|D06,set_acsa_tau_0.10,S8,grasp_protocol,D06,42,0.07142857142857142,0.047619047619047616,0.11904761904761904,10.0,5.0,10.0,12.5
cemhsey,cemhsey_forward_day_logo,cemhsey_forward_day_logo|D06,set_acsa_tau_0.10,S9,grasp_protocol,D06,42,0.23809523809523808,0.21428571428571427,0.35714285714285715,20.0,5.0,20.0,20.0
cemhsey,cemhsey_forward_day_logo,cemhsey_forward_day_logo|D06,set_acsa_tau_0.15,S1,grasp_protocol,D06,42,0.2857142857142857,0.21428571428571427,0.5714285714285714,20.0,5.0,20.0,20.0
cemhsey,cemhsey_forward_day_logo,cemhsey_forward_day_logo|D06,set_acsa_tau_0.15,S10,grasp_protocol,D06,42,0.16666666666666666,0.11904761904761904,0.40476190476190477,15.0,5.0,15.0,20.0
cemhsey,cemhsey_forward_day_logo,cemhsey_forward_day_logo|D06,set_acsa_tau_0.15,S11,grasp_protocol,D06,42,0.16666666666666666,0.14285714285714285,0.4523809523809524,20.0,5.0,20.0,20.0
cemhsey,cemhsey_forward_day_logo,cemhsey_forward_day_logo|D06,set_acsa_tau_0.15,S12,grasp_protocol,D06,42,0.2857142857142857,0.2619047619047619,0.7142857142857143,20.0,5.0,20.0,20.0
cemhsey,cemhsey_forward_day_logo,cemhsey_forward_day_logo|D06,set_acsa_tau_0.15,S13,grasp_protocol,D06,42,0.35714285714285715,0.3333333333333333,0.6666666666666666,20.0,5.0,20.0,20.0
cemhsey,cemhsey_forward_day_logo,cemhsey_forward_day_logo|D06,set_acsa_tau_0.15,S2,grasp_protocol,D06,42,0.3333333333333333,0.30952380952380953,0.8095238095238095,20.0,5.0,20.0,20.0
cemhsey,cemhsey_forward_day_logo,cemhsey_forward_day_logo|D06,set_acsa_tau_0.15,S3,grasp_protocol,D06,42,0.3333333333333333,0.30952380952380953,0.8095238095238095,20.0,5.0,20.0,20.0
cemhsey,cemhsey_forward_day_logo,cemhsey_forward_day_logo|D06,set_acsa_tau_0.15,S4,grasp_protocol,D06,42,0.4523809523809524,0.38095238095238093,0.5952380952380952,20.0,5.0,20.0,20.0
cemhsey,cemhsey_forward_day_logo,cemhsey_forward_day_logo|D06,set_acsa_tau_0.15,S5,grasp_protocol,D06,42,0.3333333333333333,0.30952380952380953,0.6904761904761905,15.0,5.0,20.0,20.0
cemhsey,cemhsey_forward_day_logo,cemhsey_forward_day_logo|D06,set_acsa_tau_0.15,S6,grasp_protocol,D06,42,0.3333333333333333,0.2857142857142857,0.8095238095238095,15.0,5.0,17.5,20.0
cemhsey,cemhsey_forward_day_logo,cemhsey_forward_day_logo|D06,set_acsa_tau_0.15,S7,grasp_protocol,D06,42,0.16666666666666666,0.14285714285714285,0.35714285714285715,20.0,5.0,20.0,20.0
cemhsey,cemhsey_forward_day_logo,cemhsey_forward_day_logo|D06,set_acsa_tau_0.15,S8,grasp_protocol,D06,42,0.11904761904761904,0.09523809523809523,0.14285714285714285,15.0,5.0,20.0,20.0
cemhsey,cemhsey_forward_day_logo,cemhsey_forward_day_logo|D06,set_acsa_tau_0.15,S9,grasp_protocol,D06,42,0.3333333333333333,0.23809523809523808,0.35714285714285715,20.0,5.0,20.0,20.0
cemhsey,cemhsey_forward_day_logo,cemhsey_forward_day_logo|D06,set_acsa_tau_0.20,S1,grasp_protocol,D06,42,0.38095238095238093,0.30952380952380953,0.6666666666666666,20.0,5.0,20.0,20.0
cemhsey,cemhsey_forward_day_logo,cemhsey_forward_day_logo|D06,set_acsa_tau_0.20,S10,grasp_protocol,D06,42,0.16666666666666666,0.11904761904761904,0.38095238095238093,15.0,5.0,15.0,20.0
cemhsey,cemhsey_forward_day_logo,cemhsey_forward_day_logo|D06,set_acsa_tau_0.20,S11,grasp_protocol,D06,42,0.21428571428571427,0.19047619047619047,0.5,20.0,5.0,20.0,20.0
cemhsey,cemhsey_forward_day_logo,cemhsey_forward_day_logo|D06,set_acsa_tau_0.20,S12,grasp_protocol,D06,42,0.3333333333333333,0.30952380952380953,0.7619047619047619,20.0,5.0,20.0,20.0
cemhsey,cemhsey_forward_day_logo,cemhsey_forward_day_logo|D06,set_acsa_tau_0.20,S13,grasp_protocol,D06,42,0.42857142857142855,0.40476190476190477,0.7380952380952381,20.0,5.0,20.0,20.0
cemhsey,cemhsey_forward_day_logo,cemhsey_forward_day_logo|D06,set_acsa_tau_0.20,S2,grasp_protocol,D06,42,0.35714285714285715,0.35714285714285715,0.8571428571428571,20.0,5.0,20.0,20.0
cemhsey,cemhsey_forward_day_logo,cemhsey_forward_day_logo|D06,set_acsa_tau_0.20,S3,grasp_protocol,D06,42,0.38095238095238093,0.38095238095238093,0.8809523809523809,20.0,5.0,20.0,20.0
cemhsey,cemhsey_forward_day_logo,cemhsey_forward_day_logo|D06,set_acsa_tau_0.20,S4,grasp_protocol,D06,42,0.5476190476190477,0.5,0.6666666666666666,20.0,5.0,20.0,20.0
cemhsey,cemhsey_forward_day_logo,cemhsey_forward_day_logo|D06,set_acsa_tau_0.20,S5,grasp_protocol,D06,42,0.42857142857142855,0.42857142857142855,0.7857142857142857,17.5,5.0,20.0,20.0
cemhsey,cemhsey_forward_day_logo,cemhsey_forward_day_logo|D06,set_acsa_tau_0.20,S6,grasp_protocol,D06,42,0.35714285714285715,0.30952380952380953,0.7857142857142857,15.0,5.0,20.0,20.0
cemhsey,cemhsey_forward_day_logo,cemhsey_forward_day_logo|D06,set_acsa_tau_0.20,S7,grasp_protocol,D06,42,0.19047619047619047,0.16666666666666666,0.35714285714285715,20.0,5.0,20.0,20.0
cemhsey,cemhsey_forward_day_logo,cemhsey_forward_day_logo|D06,set_acsa_tau_0.20,S8,grasp_protocol,D06,42,0.14285714285714285,0.11904761904761904,0.14285714285714285,15.0,5.0,20.0,20.0
cemhsey,cemhsey_forward_day_logo,cemhsey_forward_day_logo|D06,set_acsa_tau_0.20,S9,grasp_protocol,D06,42,0.3333333333333333,0.2619047619047619,0.38095238095238093,20.0,5.0,17.5,20.0
cemhsey,cemhsey_forward_day_logo,cemhsey_forward_day_logo|D06,user_only,S1,grasp_protocol,D06,42,0.0,0.0,0.40476190476190477,,5.0,,
cemhsey,cemhsey_forward_day_logo,cemhsey_forward_day_logo|D06,user_only,S10,grasp_protocol,D06,42,0.0,0.0,0.3333333333333333,,5.0,,
cemhsey,cemhsey_forward_day_logo,cemhsey_forward_day_logo|D06,user_only,S11,grasp_protocol,D06,42,0.0,0.0,0.3333333333333333,,5.0,,
cemhsey,cemhsey_forward_day_logo,cemhsey_forward_day_logo|D06,user_only,S12,grasp_protocol,D06,42,0.0,0.0,0.5,,5.0,,
cemhsey,cemhsey_forward_day_logo,cemhsey_forward_day_logo|D06,user_only,S13,grasp_protocol,D06,42,0.0,0.0,0.35714285714285715,,5.0,,
cemhsey,cemhsey_forward_day_logo,cemhsey_forward_day_logo|D06,user_only,S2,grasp_protocol,D06,42,0.0,0.0,0.5238095238095238,,5.0,,
cemhsey,cemhsey_forward_day_logo,cemhsey_forward_day_logo|D06,user_only,S3,grasp_protocol,D06,42,0.0,0.0,0.5476190476190477,,5.0,,
cemhsey,cemhsey_forward_day_logo,cemhsey_forward_day_logo|D06,user_only,S4,grasp_protocol,D06,42,0.0,0.0,0.30952380952380953,,5.0,,
cemhsey,cemhsey_forward_day_logo,cemhsey_forward_day_logo|D06,user_only,S5,grasp_protocol,D06,42,0.0,0.0,0.42857142857142855,,5.0,,
cemhsey,cemhsey_forward_day_logo,cemhsey_forward_day_logo|D06,user_only,S6,grasp_protocol,D06,42,0.0,0.0,0.6190476190476191,,5.0,,
cemhsey,cemhsey_forward_day_logo,cemhsey_forward_day_logo|D06,user_only,S7,grasp_protocol,D06,42,0.0,0.0,0.2619047619047619,,5.0,,
cemhsey,cemhsey_forward_day_logo,cemhsey_forward_day_logo|D06,user_only,S8,grasp_protocol,D06,42,0.0,0.0,0.14285714285714285,,5.0,,
cemhsey,cemhsey_forward_day_logo,cemhsey_forward_day_logo|D06,user_only,S9,grasp_protocol,D06,42,0.0,0.0,0.23809523809523808,,5.0,,
cemhsey,cemhsey_forward_day_logo,cemhsey_forward_day_logo|D07,agency_margin_tau_0.02,S1,grasp_protocol,D07,42,0.07142857142857142,0.07142857142857142,0.6904761904761905,20.0,5.0,20.0,20.0
cemhsey,cemhsey_forward_day_logo,cemhsey_forward_day_logo|D07,agency_margin_tau_0.02,S10,grasp_protocol,D07,42,0.023809523809523808,0.023809523809523808,0.21428571428571427,15.0,5.0,20.0,20.0
cemhsey,cemhsey_forward_day_logo,cemhsey_forward_day_logo|D07,agency_margin_tau_0.02,S11,grasp_protocol,D07,42,0.07142857142857142,0.047619047619047616,0.5238095238095238,20.0,5.0,20.0,20.0
cemhsey,cemhsey_forward_day_logo,cemhsey_forward_day_logo|D07,agency_margin_tau_0.02,S12,grasp_protocol,D07,42,0.11904761904761904,0.09523809523809523,0.4523809523809524,20.0,5.0,20.0,20.0
cemhsey,cemhsey_forward_day_logo,cemhsey_forward_day_logo|D07,agency_margin_tau_0.02,S13,grasp_protocol,D07,42,0.07142857142857142,0.07142857142857142,0.6190476190476191,20.0,5.0,20.0,20.0
cemhsey,cemhsey_forward_day_logo,cemhsey_forward_day_logo|D07,agency_margin_tau_0.02,S2,grasp_protocol,D07,42,0.07142857142857142,0.07142857142857142,0.4523809523809524,20.0,5.0,20.0,20.0
cemhsey,cemhsey_forward_day_logo,cemhsey_forward_day_logo|D07,agency_margin_tau_0.02,S3,grasp_protocol,D07,42,0.023809523809523808,0.0,0.4523809523809524,20.0,5.0,15.0,
cemhsey,cemhsey_forward_day_logo,cemhsey_forward_day_logo|D07,agency_margin_tau_0.02,S4,grasp_protocol,D07,42,0.0,0.0,0.38095238095238093,,5.0,,
cemhsey,cemhsey_forward_day_logo,cemhsey_forward_day_logo|D07,agency_margin_tau_0.02,S5,grasp_protocol,D07,42,0.023809523809523808,0.023809523809523808,0.5476190476190477,20.0,5.0,20.0,20.0
cemhsey,cemhsey_forward_day_logo,cemhsey_forward_day_logo|D07,agency_margin_tau_0.02,S6,grasp_protocol,D07,42,0.07142857142857142,0.07142857142857142,0.5476190476190477,20.0,5.0,20.0,20.0
cemhsey,cemhsey_forward_day_logo,cemhsey_forward_day_logo|D07,agency_margin_tau_0.02,S7,grasp_protocol,D07,42,0.023809523809523808,0.023809523809523808,0.16666666666666666,12.5,5.0,20.0,20.0
cemhsey,cemhsey_forward_day_logo,cemhsey_forward_day_logo|D07,agency_margin_tau_0.02,S8,grasp_protocol,D07,42,0.047619047619047616,0.023809523809523808,0.047619047619047616,12.5,5.0,12.5,20.0
cemhsey,cemhsey_forward_day_logo,cemhsey_forward_day_logo|D07,agency_margin_tau_0.02,S9,grasp_protocol,D07,42,0.09523809523809523,0.09523809523809523,0.3333333333333333,15.0,5.0,20.0,20.0
cemhsey,cemhsey_forward_day_logo,cemhsey_forward_day_logo|D07,agency_margin_tau_0.05,S1,grasp_protocol,D07,42,0.19047619047619047,0.09523809523809523,0.7142857142857143,17.5,5.0,17.5,20.0
cemhsey,cemhsey_forward_day_logo,cemhsey_forward_day_logo|D07,agency_margin_tau_0.05,S10,grasp_protocol,D07,42,0.14285714285714285,0.14285714285714285,0.3333333333333333,20.0,5.0,20.0,20.0
cemhsey,cemhsey_forward_day_logo,cemhsey_forward_day_logo|D07,agency_margin_tau_0.05,S11,grasp_protocol,D07,42,0.14285714285714285,0.11904761904761904,0.5714285714285714,20.0,5.0,15.0,20.0
cemhsey,cemhsey_forward_day_logo,cemhsey_forward_day_logo|D07,agency_margin_tau_0.05,S12,grasp_protocol,D07,42,0.14285714285714285,0.11904761904761904,0.47619047619047616,20.0,5.0,20.0,20.0
cemhsey,cemhsey_forward_day_logo,cemhsey_forward_day_logo|D07,agency_margin_tau_0.05,S13,grasp_protocol,D07,42,0.14285714285714285,0.11904761904761904,0.6666666666666666,20.0,5.0,20.0,20.0
cemhsey,cemhsey_forward_day_logo,cemhsey_forward_day_logo|D07,agency_margin_tau_0.05,S2,grasp_protocol,D07,42,0.2619047619047619,0.21428571428571427,0.5952380952380952,20.0,5.0,20.0,20.0
cemhsey,cemhsey_forward_day_logo,cemhsey_forward_day_logo|D07,agency_margin_tau_0.05,S3,grasp_protocol,D07,42,0.14285714285714285,0.07142857142857142,0.5,20.0,5.0,17.5,20.0
cemhsey,cemhsey_forward_day_logo,cemhsey_forward_day_logo|D07,agency_margin_tau_0.05,S4,grasp_protocol,D07,42,0.14285714285714285,0.11904761904761904,0.47619047619047616,20.0,5.0,20.0,20.0
cemhsey,cemhsey_forward_day_logo,cemhsey_forward_day_logo|D07,agency_margin_tau_0.05,S5,grasp_protocol,D07,42,0.09523809523809523,0.09523809523809523,0.6190476190476191,20.0,5.0,20.0,20.0
cemhsey,cemhsey_forward_day_logo,cemhsey_forward_day_logo|D07,agency_margin_tau_0.05,S6,grasp_protocol,D07,42,0.11904761904761904,0.09523809523809523,0.5476190476190477,20.0,5.0,20.0,20.0
cemhsey,cemhsey_forward_day_logo,cemhsey_forward_day_logo|D07,agency_margin_tau_0.05,S7,grasp_protocol,D07,42,0.11904761904761904,0.11904761904761904,0.2619047619047619,20.0,5.0,20.0,20.0
cemhsey,cemhsey_forward_day_logo,cemhsey_forward_day_logo|D07,agency_margin_tau_0.05,S8,grasp_protocol,D07,42,0.11904761904761904,0.07142857142857142,0.09523809523809523,15.0,5.0,20.0,20.0
cemhsey,cemhsey_forward_day_logo,cemhsey_forward_day_logo|D07,agency_margin_tau_0.05,S9,grasp_protocol,D07,42,0.14285714285714285,0.14285714285714285,0.35714285714285715,17.5,5.0,20.0,20.0
cemhsey,cemhsey_forward_day_logo,cemhsey_forward_day_logo|D07,agency_margin_tau_0.10,S1,grasp_protocol,D07,42,0.19047619047619047,0.14285714285714285,0.7619047619047619,20.0,5.0,17.5,20.0
cemhsey,cemhsey_forward_day_logo,cemhsey_forward_day_logo|D07,agency_margin_tau_0.10,S10,grasp_protocol,D07,42,0.2619047619047619,0.2619047619047619,0.4523809523809524,20.0,5.0,20.0,20.0
cemhsey,cemhsey_forward_day_logo,cemhsey_forward_day_logo|D07,agency_margin_tau_0.10,S11,grasp_protocol,D07,42,0.2857142857142857,0.21428571428571427,0.6666666666666666,20.0,5.0,15.0,20.0
cemhsey,cemhsey_forward_day_logo,cemhsey_forward_day_logo|D07,agency_margin_tau_0.10,S12,grasp_protocol,D07,42,0.30952380952380953,0.2857142857142857,0.6190476190476191,20.0,5.0,20.0,20.0
cemhsey,cemhsey_forward_day_logo,cemhsey_forward_day_logo|D07,agency_margin_tau_0.10,S13,grasp_protocol,D07,42,0.16666666666666666,0.14285714285714285,0.6904761904761905,17.5,5.0,20.0,20.0
cemhsey,cemhsey_forward_day_logo,cemhsey_forward_day_logo|D07,agency_margin_tau_0.10,S2,grasp_protocol,D07,42,0.30952380952380953,0.2619047619047619,0.6428571428571429,20.0,5.0,20.0,20.0
cemhsey,cemhsey_forward_day_logo,cemhsey_forward_day_logo|D07,agency_margin_tau_0.10,S3,grasp_protocol,D07,42,0.2857142857142857,0.19047619047619047,0.5714285714285714,20.0,5.0,20.0,20.0
cemhsey,cemhsey_forward_day_logo,cemhsey_forward_day_logo|D07,agency_margin_tau_0.10,S4,grasp_protocol,D07,42,0.2857142857142857,0.21428571428571427,0.5714285714285714,20.0,5.0,20.0,20.0
cemhsey,cemhsey_forward_day_logo,cemhsey_forward_day_logo|D07,agency_margin_tau_0.10,S5,grasp_protocol,D07,42,0.07142857142857142,0.07142857142857142,0.5952380952380952,20.0,5.0,20.0,20.0
cemhsey,cemhsey_forward_day_logo,cemhsey_forward_day_logo|D07,agency_margin_tau_0.10,S6,grasp_protocol,D07,42,0.2619047619047619,0.23809523809523808,0.6904761904761905,20.0,5.0,20.0,20.0
cemhsey,cemhsey_forward_day_logo,cemhsey_forward_day_logo|D07,agency_margin_tau_0.10,S7,grasp_protocol,D07,42,0.21428571428571427,0.21428571428571427,0.35714285714285715,20.0,5.0,20.0,20.0
cemhsey,cemhsey_forward_day_logo,cemhsey_forward_day_logo|D07,agency_margin_tau_0.10,S8,grasp_protocol,D07,42,0.14285714285714285,0.07142857142857142,0.09523809523809523,10.0,5.0,12.5,20.0
cemhsey,cemhsey_forward_day_logo,cemhsey_forward_day_logo|D07,agency_margin_tau_0.10,S9,grasp_protocol,D07,42,0.19047619047619047,0.19047619047619047,0.38095238095238093,20.0,5.0,20.0,20.0
cemhsey,cemhsey_forward_day_logo,cemhsey_forward_day_logo|D07,agency_margin_tau_0.15,S1,grasp_protocol,D07,42,0.2619047619047619,0.21428571428571427,0.8333333333333334,20.0,5.0,20.0,20.0
cemhsey,cemhsey_forward_day_logo,cemhsey_forward_day_logo|D07,agency_margin_tau_0.15,S10,grasp_protocol,D07,42,0.2857142857142857,0.2857142857142857,0.47619047619047616,20.0,5.0,20.0,20.0
cemhsey,cemhsey_forward_day_logo,cemhsey_forward_day_logo|D07,agency_margin_tau_0.15,S11,grasp_protocol,D07,42,0.40476190476190477,0.3333333333333333,0.7857142857142857,20.0,5.0,20.0,20.0
cemhsey,cemhsey_forward_day_logo,cemhsey_forward_day_logo|D07,agency_margin_tau_0.15,S12,grasp_protocol,D07,42,0.38095238095238093,0.35714285714285715,0.6904761904761905,20.0,5.0,20.0,20.0
cemhsey,cemhsey_forward_day_logo,cemhsey_forward_day_logo|D07,agency_margin_tau_0.15,S13,grasp_protocol,D07,42,0.19047619047619047,0.19047619047619047,0.7380952380952381,20.0,5.0,20.0,20.0
cemhsey,cemhsey_forward_day_logo,cemhsey_forward_day_logo|D07,agency_margin_tau_0.15,S2,grasp_protocol,D07,42,0.42857142857142855,0.38095238095238093,0.7380952380952381,20.0,5.0,20.0,20.0
cemhsey,cemhsey_forward_day_logo,cemhsey_forward_day_logo|D07,agency_margin_tau_0.15,S3,grasp_protocol,D07,42,0.35714285714285715,0.2857142857142857,0.6666666666666666,20.0,5.0,20.0,20.0
cemhsey,cemhsey_forward_day_logo,cemhsey_forward_day_logo|D07,agency_margin_tau_0.15,S4,grasp_protocol,D07,42,0.3333333333333333,0.2857142857142857,0.6190476190476191,20.0,5.0,20.0,20.0
cemhsey,cemhsey_forward_day_logo,cemhsey_forward_day_logo|D07,agency_margin_tau_0.15,S5,grasp_protocol,D07,42,0.16666666666666666,0.16666666666666666,0.6904761904761905,20.0,5.0,20.0,20.0
cemhsey,cemhsey_forward_day_logo,cemhsey_forward_day_logo|D07,agency_margin_tau_0.15,S6,grasp_protocol,D07,42,0.2857142857142857,0.2619047619047619,0.7142857142857143,20.0,5.0,20.0,20.0
cemhsey,cemhsey_forward_day_logo,cemhsey_forward_day_logo|D07,agency_margin_tau_0.15,S7,grasp_protocol,D07,42,0.21428571428571427,0.21428571428571427,0.35714285714285715,20.0,5.0,20.0,20.0
cemhsey,cemhsey_forward_day_logo,cemhsey_forward_day_logo|D07,agency_margin_tau_0.15,S8,grasp_protocol,D07,42,0.16666666666666666,0.09523809523809523,0.11904761904761904,10.0,5.0,15.0,20.0
cemhsey,cemhsey_forward_day_logo,cemhsey_forward_day_logo|D07,agency_margin_tau_0.15,S9,grasp_protocol,D07,42,0.23809523809523808,0.23809523809523808,0.42857142857142855,15.0,5.0,20.0,20.0
cemhsey,cemhsey_forward_day_logo,cemhsey_forward_day_logo|D07,agency_margin_tau_0.20,S1,grasp_protocol,D07,42,0.2857142857142857,0.23809523809523808,0.8571428571428571,20.0,5.0,20.0,20.0
cemhsey,cemhsey_forward_day_logo,cemhsey_forward_day_logo|D07,agency_margin_tau_0.20,S10,grasp_protocol,D07,42,0.35714285714285715,0.35714285714285715,0.5476190476190477,20.0,5.0,20.0,20.0
cemhsey,cemhsey_forward_day_logo,cemhsey_forward_day_logo|D07,agency_margin_tau_0.20,S11,grasp_protocol,D07,42,0.40476190476190477,0.3333333333333333,0.7857142857142857,20.0,5.0,20.0,20.0
cemhsey,cemhsey_forward_day_logo,cemhsey_forward_day_logo|D07,agency_margin_tau_0.20,S12,grasp_protocol,D07,42,0.42857142857142855,0.40476190476190477,0.7380952380952381,20.0,5.0,20.0,20.0
cemhsey,cemhsey_forward_day_logo,cemhsey_forward_day_logo|D07,agency_margin_tau_0.20,S13,grasp_protocol,D07,42,0.23809523809523808,0.23809523809523808,0.7857142857142857,20.0,5.0,20.0,20.0
cemhsey,cemhsey_forward_day_logo,cemhsey_forward_day_logo|D07,agency_margin_tau_0.20,S2,grasp_protocol,D07,42,0.4523809523809524,0.42857142857142855,0.7619047619047619,20.0,5.0,20.0,20.0
cemhsey,cemhsey_forward_day_logo,cemhsey_forward_day_logo|D07,agency_margin_tau_0.20,S3,grasp_protocol,D07,42,0.38095238095238093,0.30952380952380953,0.6904761904761905,20.0,5.0,20.0,20.0
cemhsey,cemhsey_forward_day_logo,cemhsey_forward_day_logo|D07,agency_margin_tau_0.20,S4,grasp_protocol,D07,42,0.38095238095238093,0.38095238095238093,0.7142857142857143,20.0,5.0,20.0,20.0
cemhsey,cemhsey_forward_day_logo,cemhsey_forward_day_logo|D07,agency_margin_tau_0.20,S5,grasp_protocol,D07,42,0.23809523809523808,0.21428571428571427,0.7380952380952381,20.0,5.0,20.0,20.0
cemhsey,cemhsey_forward_day_logo,cemhsey_forward_day_logo|D07,agency_margin_tau_0.20,S6,grasp_protocol,D07,42,0.35714285714285715,0.30952380952380953,0.7619047619047619,20.0,5.0,20.0,20.0
cemhsey,cemhsey_forward_day_logo,cemhsey_forward_day_logo|D07,agency_margin_tau_0.20,S7,grasp_protocol,D07,42,0.21428571428571427,0.21428571428571427,0.35714285714285715,20.0,5.0,20.0,20.0
cemhsey,cemhsey_forward_day_logo,cemhsey_forward_day_logo|D07,agency_margin_tau_0.20,S8,grasp_protocol,D07,42,0.19047619047619047,0.11904761904761904,0.11904761904761904,10.0,5.0,17.5,20.0
cemhsey,cemhsey_forward_day_logo,cemhsey_forward_day_logo|D07,agency_margin_tau_0.20,S9,grasp_protocol,D07,42,0.23809523809523808,0.23809523809523808,0.38095238095238093,15.0,5.0,20.0,20.0
cemhsey,cemhsey_forward_day_logo,cemhsey_forward_day_logo|D07,assist_only,S1,grasp_protocol,D07,42,0.40476190476190477,0.3333333333333333,0.9285714285714286,20.0,5.0,20.0,20.0
cemhsey,cemhsey_forward_day_logo,cemhsey_forward_day_logo|D07,assist_only,S10,grasp_protocol,D07,42,0.47619047619047616,0.40476190476190477,0.5476190476190477,15.0,5.0,20.0,20.0
cemhsey,cemhsey_forward_day_logo,cemhsey_forward_day_logo|D07,assist_only,S11,grasp_protocol,D07,42,0.5238095238095238,0.47619047619047616,0.9047619047619048,10.0,5.0,20.0,20.0
cemhsey,cemhsey_forward_day_logo,cemhsey_forward_day_logo|D07,assist_only,S12,grasp_protocol,D07,42,0.47619047619047616,0.4523809523809524,0.7380952380952381,20.0,5.0,20.0,20.0
cemhsey,cemhsey_forward_day_logo,cemhsey_forward_day_logo|D07,assist_only,S13,grasp_protocol,D07,42,0.38095238095238093,0.38095238095238093,0.8333333333333334,5.0,5.0,12.5,12.5
cemhsey,cemhsey_forward_day_logo,cemhsey_forward_day_logo|D07,assist_only,S2,grasp_protocol,D07,42,0.6190476190476191,0.5952380952380952,0.8809523809523809,20.0,5.0,20.0,20.0
cemhsey,cemhsey_forward_day_logo,cemhsey_forward_day_logo|D07,assist_only,S3,grasp_protocol,D07,42,0.4523809523809524,0.40476190476190477,0.7857142857142857,20.0,5.0,20.0,20.0
cemhsey,cemhsey_forward_day_logo,cemhsey_forward_day_logo|D07,assist_only,S4,grasp_protocol,D07,42,0.5238095238095238,0.4523809523809524,0.6666666666666666,10.0,5.0,20.0,20.0
cemhsey,cemhsey_forward_day_logo,cemhsey_forward_day_logo|D07,assist_only,S5,grasp_protocol,D07,42,0.3333333333333333,0.2619047619047619,0.7857142857142857,15.0,5.0,20.0,20.0
cemhsey,cemhsey_forward_day_logo,cemhsey_forward_day_logo|D07,assist_only,S6,grasp_protocol,D07,42,0.4523809523809524,0.35714285714285715,0.7380952380952381,15.0,5.0,20.0,20.0
cemhsey,cemhsey_forward_day_logo,cemhsey_forward_day_logo|D07,assist_only,S7,grasp_protocol,D07,42,0.47619047619047616,0.47619047619047616,0.6190476190476191,15.0,5.0,20.0,20.0
cemhsey,cemhsey_forward_day_logo,cemhsey_forward_day_logo|D07,assist_only,S8,grasp_protocol,D07,42,0.4523809523809524,0.38095238095238093,0.38095238095238093,10.0,5.0,20.0,20.0
cemhsey,cemhsey_forward_day_logo,cemhsey_forward_day_logo|D07,assist_only,S9,grasp_protocol,D07,42,0.47619047619047616,0.30952380952380953,0.38095238095238093,5.0,5.0,15.0,20.0
cemhsey,cemhsey_forward_day_logo,cemhsey_forward_day_logo|D07,confidence_blend_alpha_0.25,S1,grasp_protocol,D07,42,0.14285714285714285,0.11904761904761904,0.7380952380952381,20.0,5.0,20.0,20.0
cemhsey,cemhsey_forward_day_logo,cemhsey_forward_day_logo|D07,confidence_blend_alpha_0.25,S10,grasp_protocol,D07,42,0.3333333333333333,0.3333333333333333,0.5238095238095238,20.0,5.0,20.0,20.0
cemhsey,cemhsey_forward_day_logo,cemhsey_forward_day_logo|D07,confidence_blend_alpha_0.25,S11,grasp_protocol,D07,42,0.23809523809523808,0.21428571428571427,0.6666666666666666,20.0,5.0,20.0,20.0
cemhsey,cemhsey_forward_day_logo,cemhsey_forward_day_logo|D07,confidence_blend_alpha_0.25,S12,grasp_protocol,D07,42,0.30952380952380953,0.2857142857142857,0.6428571428571429,20.0,5.0,20.0,20.0
cemhsey,cemhsey_forward_day_logo,cemhsey_forward_day_logo|D07,confidence_blend_alpha_0.25,S13,grasp_protocol,D07,42,0.14285714285714285,0.11904761904761904,0.6666666666666666,10.0,5.0,12.5,15.0
cemhsey,cemhsey_forward_day_logo,cemhsey_forward_day_logo|D07,confidence_blend_alpha_0.25,S2,grasp_protocol,D07,42,0.42857142857142855,0.38095238095238093,0.7380952380952381,20.0,5.0,20.0,20.0
cemhsey,cemhsey_forward_day_logo,cemhsey_forward_day_logo|D07,confidence_blend_alpha_0.25,S3,grasp_protocol,D07,42,0.19047619047619047,0.16666666666666666,0.5476190476190477,20.0,5.0,20.0,20.0
cemhsey,cemhsey_forward_day_logo,cemhsey_forward_day_logo|D07,confidence_blend_alpha_0.25,S4,grasp_protocol,D07,42,0.23809523809523808,0.21428571428571427,0.5714285714285714,20.0,5.0,20.0,20.0
cemhsey,cemhsey_forward_day_logo,cemhsey_forward_day_logo|D07,confidence_blend_alpha_0.25,S5,grasp_protocol,D07,42,0.23809523809523808,0.21428571428571427,0.7380952380952381,20.0,5.0,20.0,20.0
cemhsey,cemhsey_forward_day_logo,cemhsey_forward_day_logo|D07,confidence_blend_alpha_0.25,S6,grasp_protocol,D07,42,0.16666666666666666,0.16666666666666666,0.6428571428571429,20.0,5.0,20.0,20.0
cemhsey,cemhsey_forward_day_logo,cemhsey_forward_day_logo|D07,confidence_blend_alpha_0.25,S7,grasp_protocol,D07,42,0.11904761904761904,0.11904761904761904,0.2619047619047619,20.0,5.0,20.0,20.0
cemhsey,cemhsey_forward_day_logo,cemhsey_forward_day_logo|D07,confidence_blend_alpha_0.25,S8,grasp_protocol,D07,42,0.14285714285714285,0.07142857142857142,0.09523809523809523,10.0,5.0,17.5,20.0
cemhsey,cemhsey_forward_day_logo,cemhsey_forward_day_logo|D07,confidence_blend_alpha_0.25,S9,grasp_protocol,D07,42,0.19047619047619047,0.16666666666666666,0.38095238095238093,15.0,5.0,17.5,20.0
cemhsey,cemhsey_forward_day_logo,cemhsey_forward_day_logo|D07,confidence_blend_alpha_0.50,S1,grasp_protocol,D07,42,0.38095238095238093,0.30952380952380953,0.9047619047619048,20.0,5.0,20.0,20.0
cemhsey,cemhsey_forward_day_logo,cemhsey_forward_day_logo|D07,confidence_blend_alpha_0.50,S10,grasp_protocol,D07,42,0.4523809523809524,0.4523809523809524,0.6428571428571429,20.0,5.0,20.0,20.0
cemhsey,cemhsey_forward_day_logo,cemhsey_forward_day_logo|D07,confidence_blend_alpha_0.50,S11,grasp_protocol,D07,42,0.40476190476190477,0.38095238095238093,0.8333333333333334,20.0,5.0,20.0,20.0
cemhsey,cemhsey_forward_day_logo,cemhsey_forward_day_logo|D07,confidence_blend_alpha_0.50,S12,grasp_protocol,D07,42,0.47619047619047616,0.40476190476190477,0.7380952380952381,20.0,5.0,20.0,20.0
cemhsey,cemhsey_forward_day_logo,cemhsey_forward_day_logo|D07,confidence_blend_alpha_0.50,S13,grasp_protocol,D07,42,0.23809523809523808,0.23809523809523808,0.7619047619047619,20.0,5.0,17.5,17.5
cemhsey,cemhsey_forward_day_logo,cemhsey_forward_day_logo|D07,confidence_blend_alpha_0.50,S2,grasp_protocol,D07,42,0.5238095238095238,0.5238095238095238,0.8571428571428571,20.0,5.0,20.0,20.0
cemhsey,cemhsey_forward_day_logo,cemhsey_forward_day_logo|D07,confidence_blend_alpha_0.50,S3,grasp_protocol,D07,42,0.42857142857142855,0.35714285714285715,0.7142857142857143,20.0,5.0,20.0,20.0
cemhsey,cemhsey_forward_day_logo,cemhsey_forward_day_logo|D07,confidence_blend_alpha_0.50,S4,grasp_protocol,D07,42,0.40476190476190477,0.35714285714285715,0.6904761904761905,20.0,5.0,20.0,20.0
cemhsey,cemhsey_forward_day_logo,cemhsey_forward_day_logo|D07,confidence_blend_alpha_0.50,S5,grasp_protocol,D07,42,0.2857142857142857,0.23809523809523808,0.7619047619047619,20.0,5.0,20.0,20.0
cemhsey,cemhsey_forward_day_logo,cemhsey_forward_day_logo|D07,confidence_blend_alpha_0.50,S6,grasp_protocol,D07,42,0.35714285714285715,0.2857142857142857,0.7380952380952381,20.0,5.0,20.0,20.0
cemhsey,cemhsey_forward_day_logo,cemhsey_forward_day_logo|D07,confidence_blend_alpha_0.50,S7,grasp_protocol,D07,42,0.2857142857142857,0.21428571428571427,0.35714285714285715,20.0,5.0,20.0,20.0
cemhsey,cemhsey_forward_day_logo,cemhsey_forward_day_logo|D07,confidence_blend_alpha_0.50,S8,grasp_protocol,D07,42,0.2619047619047619,0.14285714285714285,0.16666666666666666,10.0,5.0,10.0,7.5
cemhsey,cemhsey_forward_day_logo,cemhsey_forward_day_logo|D07,confidence_blend_alpha_0.50,S9,grasp_protocol,D07,42,0.3333333333333333,0.3333333333333333,0.5238095238095238,12.5,5.0,20.0,20.0
cemhsey,cemhsey_forward_day_logo,cemhsey_forward_day_logo|D07,confidence_blend_alpha_0.75,S1,grasp_protocol,D07,42,0.40476190476190477,0.35714285714285715,0.9523809523809523,20.0,5.0,20.0,20.0
cemhsey,cemhsey_forward_day_logo,cemhsey_forward_day_logo|D07,confidence_blend_alpha_0.75,S10,grasp_protocol,D07,42,0.47619047619047616,0.42857142857142855,0.5952380952380952,20.0,5.0,20.0,20.0
cemhsey,cemhsey_forward_day_logo,cemhsey_forward_day_logo|D07,confidence_blend_alpha_0.75,S11,grasp_protocol,D07,42,0.5238095238095238,0.47619047619047616,0.9285714285714286,20.0,5.0,20.0,20.0
cemhsey,cemhsey_forward_day_logo,cemhsey_forward_day_logo|D07,confidence_blend_alpha_0.75,S12,grasp_protocol,D07,42,0.5,0.4523809523809524,0.7857142857142857,20.0,5.0,20.0,20.0
cemhsey,cemhsey_forward_day_logo,cemhsey_forward_day_logo|D07,confidence_blend_alpha_0.75,S13,grasp_protocol,D07,42,0.35714285714285715,0.35714285714285715,0.8333333333333334,12.5,5.0,15.0,15.0
cemhsey,cemhsey_forward_day_logo,cemhsey_forward_day_logo|D07,confidence_blend_alpha_0.75,S2,grasp_protocol,D07,42,0.6190476190476191,0.6190476190476191,0.9285714285714286,20.0,5.0,20.0,20.0
cemhsey,cemhsey_forward_day_logo,cemhsey_forward_day_logo|D07,confidence_blend_alpha_0.75,S3,grasp_protocol,D07,42,0.4523809523809524,0.40476190476190477,0.7619047619047619,20.0,5.0,20.0,20.0
cemhsey,cemhsey_forward_day_logo,cemhsey_forward_day_logo|D07,confidence_blend_alpha_0.75,S4,grasp_protocol,D07,42,0.4523809523809524,0.42857142857142855,0.6904761904761905,15.0,5.0,20.0,20.0
cemhsey,cemhsey_forward_day_logo,cemhsey_forward_day_logo|D07,confidence_blend_alpha_0.75,S5,grasp_protocol,D07,42,0.30952380952380953,0.2857142857142857,0.8095238095238095,20.0,5.0,20.0,20.0
cemhsey,cemhsey_forward_day_logo,cemhsey_forward_day_logo|D07,confidence_blend_alpha_0.75,S6,grasp_protocol,D07,42,0.42857142857142855,0.3333333333333333,0.7619047619047619,15.0,5.0,20.0,20.0
cemhsey,cemhsey_forward_day_logo,cemhsey_forward_day_logo|D07,confidence_blend_alpha_0.75,S7,grasp_protocol,D07,42,0.47619047619047616,0.4523809523809524,0.5952380952380952,20.0,5.0,20.0,20.0
cemhsey,cemhsey_forward_day_logo,cemhsey_forward_day_logo|D07,confidence_blend_alpha_0.75,S8,grasp_protocol,D07,42,0.35714285714285715,0.2857142857142857,0.30952380952380953,10.0,5.0,10.0,12.5
cemhsey,cemhsey_forward_day_logo,cemhsey_forward_day_logo|D07,confidence_blend_alpha_0.75,S9,grasp_protocol,D07,42,0.38095238095238093,0.30952380952380953,0.40476190476190477,10.0,5.0,17.5,20.0
cemhsey,cemhsey_forward_day_logo,cemhsey_forward_day_logo|D07,plain_conf_threshold_matched_tau_0.02,S1,grasp_protocol,D07,42,0.0,0.0,0.6428571428571429,,5.0,,
cemhsey,cemhsey_forward_day_logo,cemhsey_forward_day_logo|D07,plain_conf_threshold_matched_tau_0.02,S10,grasp_protocol,D07,42,0.0,0.0,0.19047619047619047,,5.0,,
cemhsey,cemhsey_forward_day_logo,cemhsey_forward_day_logo|D07,plain_conf_threshold_matched_tau_0.02,S11,grasp_protocol,D07,42,0.0,0.0,0.47619047619047616,,5.0,,
cemhsey,cemhsey_forward_day_logo,cemhsey_forward_day_logo|D07,plain_conf_threshold_matched_tau_0.02,S12,grasp_protocol,D07,42,0.0,0.0,0.35714285714285715,,5.0,,
cemhsey,cemhsey_forward_day_logo,cemhsey_forward_day_logo|D07,plain_conf_threshold_matched_tau_0.02,S13,grasp_protocol,D07,42,0.0,0.0,0.5714285714285714,,5.0,,
cemhsey,cemhsey_forward_day_logo,cemhsey_forward_day_logo|D07,plain_conf_threshold_matched_tau_0.02,S2,grasp_protocol,D07,42,0.0,0.0,0.40476190476190477,20.0,5.0,,
cemhsey,cemhsey_forward_day_logo,cemhsey_forward_day_logo|D07,plain_conf_threshold_matched_tau_0.02,S3,grasp_protocol,D07,42,0.0,0.0,0.4523809523809524,,5.0,,
cemhsey,cemhsey_forward_day_logo,cemhsey_forward_day_logo|D07,plain_conf_threshold_matched_tau_0.02,S4,grasp_protocol,D07,42,0.0,0.0,0.38095238095238093,,5.0,,
cemhsey,cemhsey_forward_day_logo,cemhsey_forward_day_logo|D07,plain_conf_threshold_matched_tau_0.02,S5,grasp_protocol,D07,42,0.0,0.0,0.5714285714285714,20.0,5.0,,
cemhsey,cemhsey_forward_day_logo,cemhsey_forward_day_logo|D07,plain_conf_threshold_matched_tau_0.02,S6,grasp_protocol,D07,42,0.0,0.0,0.47619047619047616,,5.0,,
cemhsey,cemhsey_forward_day_logo,cemhsey_forward_day_logo|D07,plain_conf_threshold_matched_tau_0.02,S7,grasp_protocol,D07,42,0.0,0.0,0.14285714285714285,,5.0,,
cemhsey,cemhsey_forward_day_logo,cemhsey_forward_day_logo|D07,plain_conf_threshold_matched_tau_0.02,S8,grasp_protocol,D07,42,0.0,0.0,0.023809523809523808,,5.0,,
cemhsey,cemhsey_forward_day_logo,cemhsey_forward_day_logo|D07,plain_conf_threshold_matched_tau_0.02,S9,grasp_protocol,D07,42,0.0,0.0,0.2857142857142857,,5.0,,
cemhsey,cemhsey_forward_day_logo,cemhsey_forward_day_logo|D07,plain_conf_threshold_matched_tau_0.05,S1,grasp_protocol,D07,42,0.023809523809523808,0.023809523809523808,0.6904761904761905,20.0,5.0,20.0,20.0
cemhsey,cemhsey_forward_day_logo,cemhsey_forward_day_logo|D07,plain_conf_threshold_matched_tau_0.05,S10,grasp_protocol,D07,42,0.0,0.0,0.19047619047619047,,5.0,,
cemhsey,cemhsey_forward_day_logo,cemhsey_forward_day_logo|D07,plain_conf_threshold_matched_tau_0.05,S11,grasp_protocol,D07,42,0.0,0.0,0.47619047619047616,,5.0,,
cemhsey,cemhsey_forward_day_logo,cemhsey_forward_day_logo|D07,plain_conf_threshold_matched_tau_0.05,S12,grasp_protocol,D07,42,0.0,0.0,0.38095238095238093,20.0,5.0,,
cemhsey,cemhsey_forward_day_logo,cemhsey_forward_day_logo|D07,plain_conf_threshold_matched_tau_0.05,S13,grasp_protocol,D07,42,0.0,0.0,0.5714285714285714,,5.0,,
cemhsey,cemhsey_forward_day_logo,cemhsey_forward_day_logo|D07,plain_conf_threshold_matched_tau_0.05,S2,grasp_protocol,D07,42,0.023809523809523808,0.023809523809523808,0.40476190476190477,20.0,5.0,20.0,20.0
cemhsey,cemhsey_forward_day_logo,cemhsey_forward_day_logo|D07,plain_conf_threshold_matched_tau_0.05,S3,grasp_protocol,D07,42,0.0,0.0,0.4523809523809524,,5.0,,
cemhsey,cemhsey_forward_day_logo,cemhsey_forward_day_logo|D07,plain_conf_threshold_matched_tau_0.05,S4,grasp_protocol,D07,42,0.0,0.0,0.38095238095238093,,5.0,,
cemhsey,cemhsey_forward_day_logo,cemhsey_forward_day_logo|D07,plain_conf_threshold_matched_tau_0.05,S5,grasp_protocol,D07,42,0.0,0.0,0.5714285714285714,20.0,5.0,,
cemhsey,cemhsey_forward_day_logo,cemhsey_forward_day_logo|D07,plain_conf_threshold_matched_tau_0.05,S6,grasp_protocol,D07,42,0.0,0.0,0.47619047619047616,,5.0,,
cemhsey,cemhsey_forward_day_logo,cemhsey_forward_day_logo|D07,plain_conf_threshold_matched_tau_0.05,S7,grasp_protocol,D07,42,0.0,0.0,0.14285714285714285,,5.0,,
cemhsey,cemhsey_forward_day_logo,cemhsey_forward_day_logo|D07,plain_conf_threshold_matched_tau_0.05,S8,grasp_protocol,D07,42,0.0,0.0,0.023809523809523808,,5.0,,
cemhsey,cemhsey_forward_day_logo,cemhsey_forward_day_logo|D07,plain_conf_threshold_matched_tau_0.05,S9,grasp_protocol,D07,42,0.0,0.0,0.2857142857142857,,5.0,,
cemhsey,cemhsey_forward_day_logo,cemhsey_forward_day_logo|D07,plain_conf_threshold_matched_tau_0.10,S1,grasp_protocol,D07,42,0.023809523809523808,0.023809523809523808,0.6904761904761905,20.0,5.0,20.0,20.0
cemhsey,cemhsey_forward_day_logo,cemhsey_forward_day_logo|D07,plain_conf_threshold_matched_tau_0.10,S10,grasp_protocol,D07,42,0.0,0.0,0.23809523809523808,20.0,5.0,,
cemhsey,cemhsey_forward_day_logo,cemhsey_forward_day_logo|D07,plain_conf_threshold_matched_tau_0.10,S11,grasp_protocol,D07,42,0.023809523809523808,0.023809523809523808,0.5,12.5,5.0,5.0,5.0
cemhsey,cemhsey_forward_day_logo,cemhsey_forward_day_logo|D07,plain_conf_threshold_matched_tau_0.10,S12,grasp_protocol,D07,42,0.047619047619047616,0.047619047619047616,0.40476190476190477,20.0,5.0,20.0,20.0
cemhsey,cemhsey_forward_day_logo,cemhsey_forward_day_logo|D07,plain_conf_threshold_matched_tau_0.10,S13,grasp_protocol,D07,42,0.023809523809523808,0.023809523809523808,0.5952380952380952,20.0,5.0,20.0,20.0
cemhsey,cemhsey_forward_day_logo,cemhsey_forward_day_logo|D07,plain_conf_threshold_matched_tau_0.10,S2,grasp_protocol,D07,42,0.023809523809523808,0.023809523809523808,0.40476190476190477,20.0,5.0,20.0,20.0
cemhsey,cemhsey_forward_day_logo,cemhsey_forward_day_logo|D07,plain_conf_threshold_matched_tau_0.10,S3,grasp_protocol,D07,42,0.0,0.0,0.4523809523809524,,5.0,,
cemhsey,cemhsey_forward_day_logo,cemhsey_forward_day_logo|D07,plain_conf_threshold_matched_tau_0.10,S4,grasp_protocol,D07,42,0.023809523809523808,0.023809523809523808,0.38095238095238093,5.0,5.0,5.0,5.0
cemhsey,cemhsey_forward_day_logo,cemhsey_forward_day_logo|D07,plain_conf_threshold_matched_tau_0.10,S5,grasp_protocol,D07,42,0.0,0.0,0.5714285714285714,20.0,5.0,,
cemhsey,cemhsey_forward_day_logo,cemhsey_forward_day_logo|D07,plain_conf_threshold_matched_tau_0.10,S6,grasp_protocol,D07,42,0.023809523809523808,0.023809523809523808,0.5,20.0,5.0,20.0,20.0
cemhsey,cemhsey_forward_day_logo,cemhsey_forward_day_logo|D07,plain_conf_threshold_matched_tau_0.10,S7,grasp_protocol,D07,42,0.0,0.0,0.14285714285714285,,5.0,,
cemhsey,cemhsey_forward_day_logo,cemhsey_forward_day_logo|D07,plain_conf_threshold_matched_tau_0.10,S8,grasp_protocol,D07,42,0.023809523809523808,0.023809523809523808,0.047619047619047616,20.0,5.0,20.0,20.0
cemhsey,cemhsey_forward_day_logo,cemhsey_forward_day_logo|D07,plain_conf_threshold_matched_tau_0.10,S9,grasp_protocol,D07,42,0.0,0.0,0.2857142857142857,,5.0,,
cemhsey,cemhsey_forward_day_logo,cemhsey_forward_day_logo|D07,plain_conf_threshold_matched_tau_0.15,S1,grasp_protocol,D07,42,0.023809523809523808,0.023809523809523808,0.6904761904761905,20.0,5.0,20.0,20.0
cemhsey,cemhsey_forward_day_logo,cemhsey_forward_day_logo|D07,plain_conf_threshold_matched_tau_0.15,S10,grasp_protocol,D07,42,0.023809523809523808,0.023809523809523808,0.2619047619047619,20.0,5.0,20.0,20.0
cemhsey,cemhsey_forward_day_logo,cemhsey_forward_day_logo|D07,plain_conf_threshold_matched_tau_0.15,S11,grasp_protocol,D07,42,0.047619047619047616,0.047619047619047616,0.5238095238095238,15.0,5.0,10.0,10.0
cemhsey,cemhsey_forward_day_logo,cemhsey_forward_day_logo|D07,plain_conf_threshold_matched_tau_0.15,S12,grasp_protocol,D07,42,0.047619047619047616,0.047619047619047616,0.40476190476190477,20.0,5.0,20.0,20.0
cemhsey,cemhsey_forward_day_logo,cemhsey_forward_day_logo|D07,plain_conf_threshold_matched_tau_0.15,S13,grasp_protocol,D07,42,0.023809523809523808,0.023809523809523808,0.6190476190476191,20.0,5.0,20.0,20.0
cemhsey,cemhsey_forward_day_logo,cemhsey_forward_day_logo|D07,plain_conf_threshold_matched_tau_0.15,S2,grasp_protocol,D07,42,0.07142857142857142,0.07142857142857142,0.4523809523809524,20.0,5.0,20.0,20.0
cemhsey,cemhsey_forward_day_logo,cemhsey_forward_day_logo|D07,plain_conf_threshold_matched_tau_0.15,S3,grasp_protocol,D07,42,0.0,0.0,0.4523809523809524,,5.0,,
cemhsey,cemhsey_forward_day_logo,cemhsey_forward_day_logo|D07,plain_conf_threshold_matched_tau_0.15,S4,grasp_protocol,D07,42,0.023809523809523808,0.023809523809523808,0.38095238095238093,5.0,5.0,5.0,5.0
cemhsey,cemhsey_forward_day_logo,cemhsey_forward_day_logo|D07,plain_conf_threshold_matched_tau_0.15,S5,grasp_protocol,D07,42,0.047619047619047616,0.047619047619047616,0.6190476190476191,20.0,5.0,20.0,20.0
cemhsey,cemhsey_forward_day_logo,cemhsey_forward_day_logo|D07,plain_conf_threshold_matched_tau_0.15,S6,grasp_protocol,D07,42,0.023809523809523808,0.023809523809523808,0.5,12.5,5.0,20.0,20.0
cemhsey,cemhsey_forward_day_logo,cemhsey_forward_day_logo|D07,plain_conf_threshold_matched_tau_0.15,S7,grasp_protocol,D07,42,0.0,0.0,0.14285714285714285,,5.0,,
cemhsey,cemhsey_forward_day_logo,cemhsey_forward_day_logo|D07,plain_conf_threshold_matched_tau_0.15,S8,grasp_protocol,D07,42,0.023809523809523808,0.023809523809523808,0.047619047619047616,20.0,5.0,20.0,20.0
cemhsey,cemhsey_forward_day_logo,cemhsey_forward_day_logo|D07,plain_conf_threshold_matched_tau_0.15,S9,grasp_protocol,D07,42,0.0,0.0,0.2857142857142857,,5.0,,
cemhsey,cemhsey_forward_day_logo,cemhsey_forward_day_logo|D07,plain_conf_threshold_matched_tau_0.20,S1,grasp_protocol,D07,42,0.023809523809523808,0.023809523809523808,0.6904761904761905,20.0,5.0,20.0,20.0
cemhsey,cemhsey_forward_day_logo,cemhsey_forward_day_logo|D07,plain_conf_threshold_matched_tau_0.20,S10,grasp_protocol,D07,42,0.047619047619047616,0.047619047619047616,0.2619047619047619,20.0,5.0,20.0,20.0
cemhsey,cemhsey_forward_day_logo,cemhsey_forward_day_logo|D07,plain_conf_threshold_matched_tau_0.20,S11,grasp_protocol,D07,42,0.047619047619047616,0.047619047619047616,0.5238095238095238,10.0,5.0,7.5,7.5
cemhsey,cemhsey_forward_day_logo,cemhsey_forward_day_logo|D07,plain_conf_threshold_matched_tau_0.20,S12,grasp_protocol,D07,42,0.047619047619047616,0.047619047619047616,0.40476190476190477,20.0,5.0,20.0,20.0
cemhsey,cemhsey_forward_day_logo,cemhsey_forward_day_logo|D07,plain_conf_threshold_matched_tau_0.20,S13,grasp_protocol,D07,42,0.047619047619047616,0.047619047619047616,0.6428571428571429,20.0,5.0,20.0,20.0
cemhsey,cemhsey_forward_day_logo,cemhsey_forward_day_logo|D07,plain_conf_threshold_matched_tau_0.20,S2,grasp_protocol,D07,42,0.07142857142857142,0.07142857142857142,0.47619047619047616,20.0,5.0,20.0,20.0
cemhsey,cemhsey_forward_day_logo,cemhsey_forward_day_logo|D07,plain_conf_threshold_matched_tau_0.20,S3,grasp_protocol,D07,42,0.023809523809523808,0.023809523809523808,0.4523809523809524,15.0,5.0,15.0,15.0
cemhsey,cemhsey_forward_day_logo,cemhsey_forward_day_logo|D07,plain_conf_threshold_matched_tau_0.20,S4,grasp_protocol,D07,42,0.047619047619047616,0.047619047619047616,0.40476190476190477,5.0,5.0,12.5,12.5
cemhsey,cemhsey_forward_day_logo,cemhsey_forward_day_logo|D07,plain_conf_threshold_matched_tau_0.20,S5,grasp_protocol,D07,42,0.09523809523809523,0.09523809523809523,0.6428571428571429,20.0,5.0,20.0,20.0
cemhsey,cemhsey_forward_day_logo,cemhsey_forward_day_logo|D07,plain_conf_threshold_matched_tau_0.20,S6,grasp_protocol,D07,42,0.023809523809523808,0.023809523809523808,0.5,12.5,5.0,20.0,20.0
cemhsey,cemhsey_forward_day_logo,cemhsey_forward_day_logo|D07,plain_conf_threshold_matched_tau_0.20,S7,grasp_protocol,D07,42,0.0,0.0,0.14285714285714285,,5.0,,
cemhsey,cemhsey_forward_day_logo,cemhsey_forward_day_logo|D07,plain_conf_threshold_matched_tau_0.20,S8,grasp_protocol,D07,42,0.023809523809523808,0.023809523809523808,0.047619047619047616,20.0,5.0,20.0,20.0
cemhsey,cemhsey_forward_day_logo,cemhsey_forward_day_logo|D07,plain_conf_threshold_matched_tau_0.20,S9,grasp_protocol,D07,42,0.0,0.0,0.2857142857142857,,5.0,,
cemhsey,cemhsey_forward_day_logo,cemhsey_forward_day_logo|D07,selective_prediction,S1,grasp_protocol,D07,42,0.047619047619047616,0.0,0.6428571428571429,20.0,5.0,20.0,
cemhsey,cemhsey_forward_day_logo,cemhsey_forward_day_logo|D07,selective_prediction,S10,grasp_protocol,D07,42,0.047619047619047616,0.0,0.19047619047619047,20.0,5.0,20.0,
cemhsey,cemhsey_forward_day_logo,cemhsey_forward_day_logo|D07,selective_prediction,S11,grasp_protocol,D07,42,0.07142857142857142,0.0,0.47619047619047616,15.0,5.0,15.0,
cemhsey,cemhsey_forward_day_logo,cemhsey_forward_day_logo|D07,selective_prediction,S12,grasp_protocol,D07,42,0.047619047619047616,0.0,0.35714285714285715,20.0,5.0,20.0,
cemhsey,cemhsey_forward_day_logo,cemhsey_forward_day_logo|D07,selective_prediction,S13,grasp_protocol,D07,42,0.023809523809523808,0.0,0.5714285714285714,20.0,5.0,20.0,
cemhsey,cemhsey_forward_day_logo,cemhsey_forward_day_logo|D07,selective_prediction,S2,grasp_protocol,D07,42,0.047619047619047616,0.0,0.38095238095238093,20.0,5.0,20.0,
cemhsey,cemhsey_forward_day_logo,cemhsey_forward_day_logo|D07,selective_prediction,S3,grasp_protocol,D07,42,0.0,0.0,0.4523809523809524,,5.0,,
cemhsey,cemhsey_forward_day_logo,cemhsey_forward_day_logo|D07,selective_prediction,S4,grasp_protocol,D07,42,0.047619047619047616,0.0,0.38095238095238093,5.0,5.0,5.0,
cemhsey,cemhsey_forward_day_logo,cemhsey_forward_day_logo|D07,selective_prediction,S5,grasp_protocol,D07,42,0.09523809523809523,0.023809523809523808,0.5476190476190477,20.0,5.0,20.0,20.0
cemhsey,cemhsey_forward_day_logo,cemhsey_forward_day_logo|D07,selective_prediction,S6,grasp_protocol,D07,42,0.023809523809523808,0.0,0.47619047619047616,20.0,5.0,20.0,
cemhsey,cemhsey_forward_day_logo,cemhsey_forward_day_logo|D07,selective_prediction,S7,grasp_protocol,D07,42,0.0,0.0,0.14285714285714285,,5.0,,
cemhsey,cemhsey_forward_day_logo,cemhsey_forward_day_logo|D07,selective_prediction,S8,grasp_protocol,D07,42,0.023809523809523808,0.0,0.023809523809523808,20.0,5.0,20.0,
cemhsey,cemhsey_forward_day_logo,cemhsey_forward_day_logo|D07,selective_prediction,S9,grasp_protocol,D07,42,0.0,0.0,0.2857142857142857,,5.0,,
cemhsey,cemhsey_forward_day_logo,cemhsey_forward_day_logo|D07,set_acsa_tau_0.02,S1,grasp_protocol,D07,42,0.07142857142857142,0.07142857142857142,0.6904761904761905,20.0,5.0,20.0,20.0
cemhsey,cemhsey_forward_day_logo,cemhsey_forward_day_logo|D07,set_acsa_tau_0.02,S10,grasp_protocol,D07,42,0.0,0.0,0.19047619047619047,12.5,5.0,,
cemhsey,cemhsey_forward_day_logo,cemhsey_forward_day_logo|D07,set_acsa_tau_0.02,S11,grasp_protocol,D07,42,0.07142857142857142,0.047619047619047616,0.5238095238095238,20.0,5.0,20.0,20.0
cemhsey,cemhsey_forward_day_logo,cemhsey_forward_day_logo|D07,set_acsa_tau_0.02,S12,grasp_protocol,D07,42,0.11904761904761904,0.09523809523809523,0.4523809523809524,20.0,5.0,20.0,20.0
cemhsey,cemhsey_forward_day_logo,cemhsey_forward_day_logo|D07,set_acsa_tau_0.02,S13,grasp_protocol,D07,42,0.07142857142857142,0.07142857142857142,0.6190476190476191,20.0,5.0,20.0,20.0
cemhsey,cemhsey_forward_day_logo,cemhsey_forward_day_logo|D07,set_acsa_tau_0.02,S2,grasp_protocol,D07,42,0.07142857142857142,0.07142857142857142,0.4523809523809524,20.0,5.0,20.0,20.0
cemhsey,cemhsey_forward_day_logo,cemhsey_forward_day_logo|D07,set_acsa_tau_0.02,S3,grasp_protocol,D07,42,0.023809523809523808,0.0,0.4523809523809524,20.0,5.0,15.0,
cemhsey,cemhsey_forward_day_logo,cemhsey_forward_day_logo|D07,set_acsa_tau_0.02,S4,grasp_protocol,D07,42,0.0,0.0,0.38095238095238093,,5.0,,
cemhsey,cemhsey_forward_day_logo,cemhsey_forward_day_logo|D07,set_acsa_tau_0.02,S5,grasp_protocol,D07,42,0.023809523809523808,0.023809523809523808,0.5476190476190477,20.0,5.0,20.0,20.0
cemhsey,cemhsey_forward_day_logo,cemhsey_forward_day_logo|D07,set_acsa_tau_0.02,S6,grasp_protocol,D07,42,0.07142857142857142,0.07142857142857142,0.5476190476190477,20.0,5.0,20.0,20.0
cemhsey,cemhsey_forward_day_logo,cemhsey_forward_day_logo|D07,set_acsa_tau_0.02,S7,grasp_protocol,D07,42,0.023809523809523808,0.023809523809523808,0.16666666666666666,12.5,5.0,20.0,20.0
cemhsey,cemhsey_forward_day_logo,cemhsey_forward_day_logo|D07,set_acsa_tau_0.02,S8,grasp_protocol,D07,42,0.047619047619047616,0.023809523809523808,0.047619047619047616,12.5,5.0,12.5,20.0
cemhsey,cemhsey_forward_day_logo,cemhsey_forward_day_logo|D07,set_acsa_tau_0.02,S9,grasp_protocol,D07,42,0.07142857142857142,0.07142857142857142,0.30952380952380953,15.0,5.0,20.0,20.0
cemhsey,cemhsey_forward_day_logo,cemhsey_forward_day_logo|D07,set_acsa_tau_0.05,S1,grasp_protocol,D07,42,0.19047619047619047,0.09523809523809523,0.7142857142857143,17.5,5.0,17.5,20.0
cemhsey,cemhsey_forward_day_logo,cemhsey_forward_day_logo|D07,set_acsa_tau_0.05,S10,grasp_protocol,D07,42,0.09523809523809523,0.09523809523809523,0.2857142857142857,15.0,5.0,20.0,20.0
cemhsey,cemhsey_forward_day_logo,cemhsey_forward_day_logo|D07,set_acsa_tau_0.05,S11,grasp_protocol,D07,42,0.14285714285714285,0.11904761904761904,0.5714285714285714,10.0,5.0,15.0,20.0
cemhsey,cemhsey_forward_day_logo,cemhsey_forward_day_logo|D07,set_acsa_tau_0.05,S12,grasp_protocol,D07,42,0.14285714285714285,0.11904761904761904,0.47619047619047616,20.0,5.0,20.0,20.0
cemhsey,cemhsey_forward_day_logo,cemhsey_forward_day_logo|D07,set_acsa_tau_0.05,S13,grasp_protocol,D07,42,0.14285714285714285,0.11904761904761904,0.6666666666666666,20.0,5.0,20.0,20.0
cemhsey,cemhsey_forward_day_logo,cemhsey_forward_day_logo|D07,set_acsa_tau_0.05,S2,grasp_protocol,D07,42,0.2619047619047619,0.21428571428571427,0.5952380952380952,20.0,5.0,20.0,20.0
cemhsey,cemhsey_forward_day_logo,cemhsey_forward_day_logo|D07,set_acsa_tau_0.05,S3,grasp_protocol,D07,42,0.14285714285714285,0.07142857142857142,0.5,20.0,5.0,17.5,20.0
cemhsey,cemhsey_forward_day_logo,cemhsey_forward_day_logo|D07,set_acsa_tau_0.05,S4,grasp_protocol,D07,42,0.14285714285714285,0.11904761904761904,0.47619047619047616,20.0,5.0,20.0,20.0
cemhsey,cemhsey_forward_day_logo,cemhsey_forward_day_logo|D07,set_acsa_tau_0.05,S5,grasp_protocol,D07,42,0.023809523809523808,0.023809523809523808,0.5476190476190477,20.0,5.0,20.0,20.0
cemhsey,cemhsey_forward_day_logo,cemhsey_forward_day_logo|D07,set_acsa_tau_0.05,S6,grasp_protocol,D07,42,0.11904761904761904,0.09523809523809523,0.5476190476190477,20.0,5.0,20.0,20.0
cemhsey,cemhsey_forward_day_logo,cemhsey_forward_day_logo|D07,set_acsa_tau_0.05,S7,grasp_protocol,D07,42,0.11904761904761904,0.11904761904761904,0.2619047619047619,20.0,5.0,20.0,20.0
cemhsey,cemhsey_forward_day_logo,cemhsey_forward_day_logo|D07,set_acsa_tau_0.05,S8,grasp_protocol,D07,42,0.11904761904761904,0.07142857142857142,0.09523809523809523,10.0,5.0,20.0,20.0
cemhsey,cemhsey_forward_day_logo,cemhsey_forward_day_logo|D07,set_acsa_tau_0.05,S9,grasp_protocol,D07,42,0.11904761904761904,0.11904761904761904,0.3333333333333333,15.0,5.0,20.0,20.0
cemhsey,cemhsey_forward_day_logo,cemhsey_forward_day_logo|D07,set_acsa_tau_0.10,S1,grasp_protocol,D07,42,0.19047619047619047,0.11904761904761904,0.7380952380952381,20.0,5.0,17.5,20.0
cemhsey,cemhsey_forward_day_logo,cemhsey_forward_day_logo|D07,set_acsa_tau_0.10,S10,grasp_protocol,D07,42,0.21428571428571427,0.21428571428571427,0.40476190476190477,20.0,5.0,20.0,20.0
cemhsey,cemhsey_forward_day_logo,cemhsey_forward_day_logo|D07,set_acsa_tau_0.10,S11,grasp_protocol,D07,42,0.2857142857142857,0.21428571428571427,0.6666666666666666,15.0,5.0,15.0,20.0
cemhsey,cemhsey_forward_day_logo,cemhsey_forward_day_logo|D07,set_acsa_tau_0.10,S12,grasp_protocol,D07,42,0.30952380952380953,0.2857142857142857,0.6190476190476191,20.0,5.0,20.0,20.0
cemhsey,cemhsey_forward_day_logo,cemhsey_forward_day_logo|D07,set_acsa_tau_0.10,S13,grasp_protocol,D07,42,0.16666666666666666,0.14285714285714285,0.6904761904761905,17.5,5.0,20.0,20.0
cemhsey,cemhsey_forward_day_logo,cemhsey_forward_day_logo|D07,set_acsa_tau_0.10,S2,grasp_protocol,D07,42,0.30952380952380953,0.2619047619047619,0.6428571428571429,20.0,5.0,20.0,20.0
cemhsey,cemhsey_forward_day_logo,cemhsey_forward_day_logo|D07,set_acsa_tau_0.10,S3,grasp_protocol,D07,42,0.2619047619047619,0.16666666666666666,0.5476190476190477,20.0,5.0,20.0,20.0
cemhsey,cemhsey_forward_day_logo,cemhsey_forward_day_logo|D07,set_acsa_tau_0.10,S4,grasp_protocol,D07,42,0.2857142857142857,0.21428571428571427,0.5714285714285714,20.0,5.0,20.0,20.0
cemhsey,cemhsey_forward_day_logo,cemhsey_forward_day_logo|D07,set_acsa_tau_0.10,S5,grasp_protocol,D07,42,0.07142857142857142,0.07142857142857142,0.5952380952380952,20.0,5.0,20.0,20.0
cemhsey,cemhsey_forward_day_logo,cemhsey_forward_day_logo|D07,set_acsa_tau_0.10,S6,grasp_protocol,D07,42,0.2619047619047619,0.23809523809523808,0.6904761904761905,20.0,5.0,20.0,20.0
cemhsey,cemhsey_forward_day_logo,cemhsey_forward_day_logo|D07,set_acsa_tau_0.10,S7,grasp_protocol,D07,42,0.21428571428571427,0.21428571428571427,0.35714285714285715,20.0,5.0,20.0,20.0
cemhsey,cemhsey_forward_day_logo,cemhsey_forward_day_logo|D07,set_acsa_tau_0.10,S8,grasp_protocol,D07,42,0.14285714285714285,0.07142857142857142,0.09523809523809523,10.0,5.0,12.5,20.0
cemhsey,cemhsey_forward_day_logo,cemhsey_forward_day_logo|D07,set_acsa_tau_0.10,S9,grasp_protocol,D07,42,0.19047619047619047,0.19047619047619047,0.38095238095238093,20.0,5.0,20.0,20.0
cemhsey,cemhsey_forward_day_logo,cemhsey_forward_day_logo|D07,set_acsa_tau_0.15,S1,grasp_protocol,D07,42,0.2619047619047619,0.19047619047619047,0.8095238095238095,20.0,5.0,20.0,20.0
cemhsey,cemhsey_forward_day_logo,cemhsey_forward_day_logo|D07,set_acsa_tau_0.15,S10,grasp_protocol,D07,42,0.23809523809523808,0.23809523809523808,0.42857142857142855,20.0,5.0,20.0,20.0
cemhsey,cemhsey_forward_day_logo,cemhsey_forward_day_logo|D07,set_acsa_tau_0.15,S11,grasp_protocol,D07,42,0.40476190476190477,0.3333333333333333,0.7857142857142857,20.0,5.0,20.0,20.0
cemhsey,cemhsey_forward_day_logo,cemhsey_forward_day_logo|D07,set_acsa_tau_0.15,S12,grasp_protocol,D07,42,0.38095238095238093,0.35714285714285715,0.6904761904761905,20.0,5.0,20.0,20.0
cemhsey,cemhsey_forward_day_logo,cemhsey_forward_day_logo|D07,set_acsa_tau_0.15,S13,grasp_protocol,D07,42,0.19047619047619047,0.19047619047619047,0.7380952380952381,20.0,5.0,20.0,20.0
cemhsey,cemhsey_forward_day_logo,cemhsey_forward_day_logo|D07,set_acsa_tau_0.15,S2,grasp_protocol,D07,42,0.42857142857142855,0.38095238095238093,0.7380952380952381,20.0,5.0,20.0,20.0
cemhsey,cemhsey_forward_day_logo,cemhsey_forward_day_logo|D07,set_acsa_tau_0.15,S3,grasp_protocol,D07,42,0.35714285714285715,0.2857142857142857,0.6666666666666666,20.0,5.0,20.0,20.0
cemhsey,cemhsey_forward_day_logo,cemhsey_forward_day_logo|D07,set_acsa_tau_0.15,S4,grasp_protocol,D07,42,0.3333333333333333,0.2857142857142857,0.6428571428571429,20.0,5.0,20.0,20.0
cemhsey,cemhsey_forward_day_logo,cemhsey_forward_day_logo|D07,set_acsa_tau_0.15,S5,grasp_protocol,D07,42,0.16666666666666666,0.16666666666666666,0.6904761904761905,20.0,5.0,20.0,20.0
cemhsey,cemhsey_forward_day_logo,cemhsey_forward_day_logo|D07,set_acsa_tau_0.15,S6,grasp_protocol,D07,42,0.2857142857142857,0.2619047619047619,0.7142857142857143,20.0,5.0,20.0,20.0
cemhsey,cemhsey_forward_day_logo,cemhsey_forward_day_logo|D07,set_acsa_tau_0.15,S7,grasp_protocol,D07,42,0.21428571428571427,0.21428571428571427,0.35714285714285715,20.0,5.0,20.0,20.0
cemhsey,cemhsey_forward_day_logo,cemhsey_forward_day_logo|D07,set_acsa_tau_0.15,S8,grasp_protocol,D07,42,0.16666666666666666,0.09523809523809523,0.11904761904761904,10.0,5.0,15.0,20.0
cemhsey,cemhsey_forward_day_logo,cemhsey_forward_day_logo|D07,set_acsa_tau_0.15,S9,grasp_protocol,D07,42,0.23809523809523808,0.23809523809523808,0.42857142857142855,15.0,5.0,20.0,20.0
cemhsey,cemhsey_forward_day_logo,cemhsey_forward_day_logo|D07,set_acsa_tau_0.20,S1,grasp_protocol,D07,42,0.2857142857142857,0.21428571428571427,0.8333333333333334,20.0,5.0,20.0,20.0
cemhsey,cemhsey_forward_day_logo,cemhsey_forward_day_logo|D07,set_acsa_tau_0.20,S10,grasp_protocol,D07,42,0.3333333333333333,0.3333333333333333,0.5238095238095238,20.0,5.0,20.0,20.0
cemhsey,cemhsey_forward_day_logo,cemhsey_forward_day_logo|D07,set_acsa_tau_0.20,S11,grasp_protocol,D07,42,0.40476190476190477,0.3333333333333333,0.7857142857142857,20.0,5.0,20.0,20.0
cemhsey,cemhsey_forward_day_logo,cemhsey_forward_day_logo|D07,set_acsa_tau_0.20,S12,grasp_protocol,D07,42,0.42857142857142855,0.40476190476190477,0.7380952380952381,20.0,5.0,20.0,20.0
cemhsey,cemhsey_forward_day_logo,cemhsey_forward_day_logo|D07,set_acsa_tau_0.20,S13,grasp_protocol,D07,42,0.23809523809523808,0.23809523809523808,0.7857142857142857,20.0,5.0,20.0,20.0
cemhsey,cemhsey_forward_day_logo,cemhsey_forward_day_logo|D07,set_acsa_tau_0.20,S2,grasp_protocol,D07,42,0.4523809523809524,0.42857142857142855,0.7619047619047619,20.0,5.0,20.0,20.0
cemhsey,cemhsey_forward_day_logo,cemhsey_forward_day_logo|D07,set_acsa_tau_0.20,S3,grasp_protocol,D07,42,0.38095238095238093,0.30952380952380953,0.6904761904761905,20.0,5.0,20.0,20.0
cemhsey,cemhsey_forward_day_logo,cemhsey_forward_day_logo|D07,set_acsa_tau_0.20,S4,grasp_protocol,D07,42,0.38095238095238093,0.38095238095238093,0.7380952380952381,20.0,5.0,20.0,20.0
cemhsey,cemhsey_forward_day_logo,cemhsey_forward_day_logo|D07,set_acsa_tau_0.20,S5,grasp_protocol,D07,42,0.23809523809523808,0.21428571428571427,0.7380952380952381,20.0,5.0,20.0,20.0
cemhsey,cemhsey_forward_day_logo,cemhsey_forward_day_logo|D07,set_acsa_tau_0.20,S6,grasp_protocol,D07,42,0.35714285714285715,0.30952380952380953,0.7619047619047619,20.0,5.0,20.0,20.0
cemhsey,cemhsey_forward_day_logo,cemhsey_forward_day_logo|D07,set_acsa_tau_0.20,S7,grasp_protocol,D07,42,0.21428571428571427,0.21428571428571427,0.35714285714285715,20.0,5.0,20.0,20.0
cemhsey,cemhsey_forward_day_logo,cemhsey_forward_day_logo|D07,set_acsa_tau_0.20,S8,grasp_protocol,D07,42,0.19047619047619047,0.11904761904761904,0.11904761904761904,10.0,5.0,17.5,20.0
cemhsey,cemhsey_forward_day_logo,cemhsey_forward_day_logo|D07,set_acsa_tau_0.20,S9,grasp_protocol,D07,42,0.23809523809523808,0.23809523809523808,0.38095238095238093,15.0,5.0,20.0,20.0
cemhsey,cemhsey_forward_day_logo,cemhsey_forward_day_logo|D07,user_only,S1,grasp_protocol,D07,42,0.0,0.0,0.6428571428571429,,5.0,,
cemhsey,cemhsey_forward_day_logo,cemhsey_forward_day_logo|D07,user_only,S10,grasp_protocol,D07,42,0.0,0.0,0.19047619047619047,,5.0,,
cemhsey,cemhsey_forward_day_logo,cemhsey_forward_day_logo|D07,user_only,S11,grasp_protocol,D07,42,0.0,0.0,0.47619047619047616,,5.0,,
cemhsey,cemhsey_forward_day_logo,cemhsey_forward_day_logo|D07,user_only,S12,grasp_protocol,D07,42,0.0,0.0,0.35714285714285715,,5.0,,
cemhsey,cemhsey_forward_day_logo,cemhsey_forward_day_logo|D07,user_only,S13,grasp_protocol,D07,42,0.0,0.0,0.5714285714285714,,5.0,,
cemhsey,cemhsey_forward_day_logo,cemhsey_forward_day_logo|D07,user_only,S2,grasp_protocol,D07,42,0.0,0.0,0.38095238095238093,,5.0,,
cemhsey,cemhsey_forward_day_logo,cemhsey_forward_day_logo|D07,user_only,S3,grasp_protocol,D07,42,0.0,0.0,0.4523809523809524,,5.0,,
cemhsey,cemhsey_forward_day_logo,cemhsey_forward_day_logo|D07,user_only,S4,grasp_protocol,D07,42,0.0,0.0,0.38095238095238093,,5.0,,
cemhsey,cemhsey_forward_day_logo,cemhsey_forward_day_logo|D07,user_only,S5,grasp_protocol,D07,42,0.0,0.0,0.5238095238095238,,5.0,,
cemhsey,cemhsey_forward_day_logo,cemhsey_forward_day_logo|D07,user_only,S6,grasp_protocol,D07,42,0.0,0.0,0.47619047619047616,,5.0,,
cemhsey,cemhsey_forward_day_logo,cemhsey_forward_day_logo|D07,user_only,S7,grasp_protocol,D07,42,0.0,0.0,0.14285714285714285,,5.0,,
cemhsey,cemhsey_forward_day_logo,cemhsey_forward_day_logo|D07,user_only,S8,grasp_protocol,D07,42,0.0,0.0,0.023809523809523808,,5.0,,
cemhsey,cemhsey_forward_day_logo,cemhsey_forward_day_logo|D07,user_only,S9,grasp_protocol,D07,42,0.0,0.0,0.2857142857142857,,5.0,,
cemhsey,cemhsey_forward_day_logo,cemhsey_forward_day_logo|D08,agency_margin_tau_0.02,S1,grasp_protocol,D08,42,0.047619047619047616,0.047619047619047616,0.38095238095238093,20.0,5.0,20.0,20.0
cemhsey,cemhsey_forward_day_logo,cemhsey_forward_day_logo|D08,agency_margin_tau_0.02,S10,grasp_protocol,D08,42,0.023809523809523808,0.023809523809523808,0.2857142857142857,20.0,5.0,20.0,20.0
cemhsey,cemhsey_forward_day_logo,cemhsey_forward_day_logo|D08,agency_margin_tau_0.02,S11,grasp_protocol,D08,42,0.023809523809523808,0.023809523809523808,0.5,20.0,5.0,20.0,20.0
cemhsey,cemhsey_forward_day_logo,cemhsey_forward_day_logo|D08,agency_margin_tau_0.02,S12,grasp_protocol,D08,42,0.07142857142857142,0.023809523809523808,0.38095238095238093,10.0,5.0,10.0,5.0
cemhsey,cemhsey_forward_day_logo,cemhsey_forward_day_logo|D08,agency_margin_tau_0.02,S13,grasp_protocol,D08,42,0.09523809523809523,0.09523809523809523,0.5714285714285714,20.0,5.0,20.0,20.0
cemhsey,cemhsey_forward_day_logo,cemhsey_forward_day_logo|D08,agency_margin_tau_0.02,S2,grasp_protocol,D08,42,0.14285714285714285,0.14285714285714285,0.47619047619047616,20.0,5.0,20.0,20.0
cemhsey,cemhsey_forward_day_logo,cemhsey_forward_day_logo|D08,agency_margin_tau_0.02,S3,grasp_protocol,D08,42,0.07142857142857142,0.047619047619047616,0.5952380952380952,10.0,5.0,20.0,20.0
cemhsey,cemhsey_forward_day_logo,cemhsey_forward_day_logo|D08,agency_margin_tau_0.02,S4,grasp_protocol,D08,42,0.0,0.0,0.21428571428571427,,5.0,,
cemhsey,cemhsey_forward_day_logo,cemhsey_forward_day_logo|D08,agency_margin_tau_0.02,S5,grasp_protocol,D08,42,0.07142857142857142,0.047619047619047616,0.38095238095238093,20.0,5.0,20.0,20.0
cemhsey,cemhsey_forward_day_logo,cemhsey_forward_day_logo|D08,agency_margin_tau_0.02,S6,grasp_protocol,D08,42,0.11904761904761904,0.09523809523809523,0.5714285714285714,20.0,5.0,20.0,20.0
cemhsey,cemhsey_forward_day_logo,cemhsey_forward_day_logo|D08,agency_margin_tau_0.02,S7,grasp_protocol,D08,42,0.047619047619047616,0.023809523809523808,0.2619047619047619,20.0,5.0,15.0,20.0
cemhsey,cemhsey_forward_day_logo,cemhsey_forward_day_logo|D08,agency_margin_tau_0.02,S8,grasp_protocol,D08,42,0.023809523809523808,0.0,0.16666666666666666,15.0,5.0,5.0,
cemhsey,cemhsey_forward_day_logo,cemhsey_forward_day_logo|D08,agency_margin_tau_0.02,S9,grasp_protocol,D08,42,0.07142857142857142,0.047619047619047616,0.30952380952380953,10.0,5.0,15.0,20.0
cemhsey,cemhsey_forward_day_logo,cemhsey_forward_day_logo|D08,agency_margin_tau_0.05,S1,grasp_protocol,D08,42,0.21428571428571427,0.19047619047619047,0.5,20.0,5.0,20.0,20.0
cemhsey,cemhsey_forward_day_logo,cemhsey_forward_day_logo|D08,agency_margin_tau_0.05,S10,grasp_protocol,D08,42,0.14285714285714285,0.11904761904761904,0.38095238095238093,20.0,5.0,20.0,20.0
cemhsey,cemhsey_forward_day_logo,cemhsey_forward_day_logo|D08,agency_margin_tau_0.05,S11,grasp_protocol,D08,42,0.09523809523809523,0.09523809523809523,0.5714285714285714,20.0,5.0,20.0,20.0
cemhsey,cemhsey_forward_day_logo,cemhsey_forward_day_logo|D08,agency_margin_tau_0.05,S12,grasp_protocol,D08,42,0.21428571428571427,0.16666666666666666,0.5238095238095238,20.0,5.0,20.0,20.0
cemhsey,cemhsey_forward_day_logo,cemhsey_forward_day_logo|D08,agency_margin_tau_0.05,S13,grasp_protocol,D08,42,0.21428571428571427,0.19047619047619047,0.6190476190476191,17.5,5.0,20.0,20.0
cemhsey,cemhsey_forward_day_logo,cemhsey_forward_day_logo|D08,agency_margin_tau_0.05,S2,grasp_protocol,D08,42,0.30952380952380953,0.2857142857142857,0.5714285714285714,20.0,5.0,20.0,20.0
cemhsey,cemhsey_forward_day_logo,cemhsey_forward_day_logo|D08,agency_margin_tau_0.05,S3,grasp_protocol,D08,42,0.09523809523809523,0.07142857142857142,0.6190476190476191,12.5,5.0,20.0,20.0
cemhsey,cemhsey_forward_day_logo,cemhsey_forward_day_logo|D08,agency_margin_tau_0.05,S4,grasp_protocol,D08,42,0.16666666666666666,0.11904761904761904,0.3333333333333333,20.0,5.0,20.0,20.0
cemhsey,cemhsey_forward_day_logo,cemhsey_forward_day_logo|D08,agency_margin_tau_0.05,S5,grasp_protocol,D08,42,0.14285714285714285,0.11904761904761904,0.4523809523809524,20.0,5.0,20.0,20.0
cemhsey,cemhsey_forward_day_logo,cemhsey_forward_day_logo|D08,agency_margin_tau_0.05,S6,grasp_protocol,D08,42,0.16666666666666666,0.16666666666666666,0.6428571428571429,20.0,5.0,20.0,20.0
cemhsey,cemhsey_forward_day_logo,cemhsey_forward_day_logo|D08,agency_margin_tau_0.05,S7,grasp_protocol,D08,42,0.23809523809523808,0.21428571428571427,0.4523809523809524,20.0,5.0,20.0,20.0
cemhsey,cemhsey_forward_day_logo,cemhsey_forward_day_logo|D08,agency_margin_tau_0.05,S8,grasp_protocol,D08,42,0.11904761904761904,0.047619047619047616,0.19047619047619047,15.0,5.0,5.0,17.5
cemhsey,cemhsey_forward_day_logo,cemhsey_forward_day_logo|D08,agency_margin_tau_0.05,S9,grasp_protocol,D08,42,0.11904761904761904,0.07142857142857142,0.30952380952380953,10.0,5.0,15.0,20.0
cemhsey,cemhsey_forward_day_logo,cemhsey_forward_day_logo|D08,agency_margin_tau_0.10,S1,grasp_protocol,D08,42,0.5,0.4523809523809524,0.7142857142857143,20.0,5.0,20.0,20.0
cemhsey,cemhsey_forward_day_logo,cemhsey_forward_day_logo|D08,agency_margin_tau_0.10,S10,grasp_protocol,D08,42,0.16666666666666666,0.14285714285714285,0.40476190476190477,20.0,5.0,20.0,20.0
cemhsey,cemhsey_forward_day_logo,cemhsey_forward_day_logo|D08,agency_margin_tau_0.10,S11,grasp_protocol,D08,42,0.16666666666666666,0.16666666666666666,0.6190476190476191,20.0,5.0,20.0,20.0
cemhsey,cemhsey_forward_day_logo,cemhsey_forward_day_logo|D08,agency_margin_tau_0.10,S12,grasp_protocol,D08,42,0.3333333333333333,0.2619047619047619,0.6190476190476191,20.0,5.0,20.0,20.0
cemhsey,cemhsey_forward_day_logo,cemhsey_forward_day_logo|D08,agency_margin_tau_0.10,S13,grasp_protocol,D08,42,0.2619047619047619,0.2619047619047619,0.6904761904761905,17.5,5.0,20.0,20.0
cemhsey,cemhsey_forward_day_logo,cemhsey_forward_day_logo|D08,agency_margin_tau_0.10,S2,grasp_protocol,D08,42,0.4523809523809524,0.40476190476190477,0.6666666666666666,20.0,5.0,20.0,20.0
cemhsey,cemhsey_forward_day_logo,cemhsey_forward_day_logo|D08,agency_margin_tau_0.10,S3,grasp_protocol,D08,42,0.30952380952380953,0.2857142857142857,0.7142857142857143,20.0,5.0,20.0,20.0
cemhsey,cemhsey_forward_day_logo,cemhsey_forward_day_logo|D08,agency_margin_tau_0.10,S4,grasp_protocol,D08,42,0.2619047619047619,0.21428571428571427,0.40476190476190477,20.0,5.0,20.0,20.0
cemhsey,cemhsey_forward_day_logo,cemhsey_forward_day_logo|D08,agency_margin_tau_0.10,S5,grasp_protocol,D08,42,0.2857142857142857,0.23809523809523808,0.5714285714285714,20.0,5.0,20.0,20.0
cemhsey,cemhsey_forward_day_logo,cemhsey_forward_day_logo|D08,agency_margin_tau_0.10,S6,grasp_protocol,D08,42,0.35714285714285715,0.35714285714285715,0.7380952380952381,20.0,5.0,20.0,20.0
cemhsey,cemhsey_forward_day_logo,cemhsey_forward_day_logo|D08,agency_margin_tau_0.10,S7,grasp_protocol,D08,42,0.3333333333333333,0.2857142857142857,0.5238095238095238,20.0,5.0,20.0,20.0
cemhsey,cemhsey_forward_day_logo,cemhsey_forward_day_logo|D08,agency_margin_tau_0.10,S8,grasp_protocol,D08,42,0.09523809523809523,0.047619047619047616,0.19047619047619047,15.0,5.0,7.5,15.0
cemhsey,cemhsey_forward_day_logo,cemhsey_forward_day_logo|D08,agency_margin_tau_0.10,S9,grasp_protocol,D08,42,0.16666666666666666,0.14285714285714285,0.35714285714285715,10.0,5.0,20.0,20.0
cemhsey,cemhsey_forward_day_logo,cemhsey_forward_day_logo|D08,agency_margin_tau_0.15,S1,grasp_protocol,D08,42,0.6190476190476191,0.5952380952380952,0.8571428571428571,20.0,5.0,20.0,20.0
cemhsey,cemhsey_forward_day_logo,cemhsey_forward_day_logo|D08,agency_margin_tau_0.15,S10,grasp_protocol,D08,42,0.19047619047619047,0.16666666666666666,0.42857142857142855,20.0,5.0,20.0,20.0
cemhsey,cemhsey_forward_day_logo,cemhsey_forward_day_logo|D08,agency_margin_tau_0.15,S11,grasp_protocol,D08,42,0.21428571428571427,0.21428571428571427,0.6666666666666666,20.0,5.0,20.0,20.0
cemhsey,cemhsey_forward_day_logo,cemhsey_forward_day_logo|D08,agency_margin_tau_0.15,S12,grasp_protocol,D08,42,0.38095238095238093,0.30952380952380953,0.6428571428571429,20.0,5.0,20.0,20.0
cemhsey,cemhsey_forward_day_logo,cemhsey_forward_day_logo|D08,agency_margin_tau_0.15,S13,grasp_protocol,D08,42,0.35714285714285715,0.35714285714285715,0.7619047619047619,20.0,5.0,20.0,20.0
cemhsey,cemhsey_forward_day_logo,cemhsey_forward_day_logo|D08,agency_margin_tau_0.15,S2,grasp_protocol,D08,42,0.6190476190476191,0.5714285714285714,0.8333333333333334,20.0,5.0,20.0,20.0
cemhsey,cemhsey_forward_day_logo,cemhsey_forward_day_logo|D08,agency_margin_tau_0.15,S3,grasp_protocol,D08,42,0.38095238095238093,0.35714285714285715,0.7619047619047619,20.0,5.0,20.0,20.0
cemhsey,cemhsey_forward_day_logo,cemhsey_forward_day_logo|D08,agency_margin_tau_0.15,S4,grasp_protocol,D08,42,0.40476190476190477,0.35714285714285715,0.5238095238095238,20.0,5.0,20.0,20.0
cemhsey,cemhsey_forward_day_logo,cemhsey_forward_day_logo|D08,agency_margin_tau_0.15,S5,grasp_protocol,D08,42,0.47619047619047616,0.4523809523809524,0.7857142857142857,20.0,5.0,20.0,20.0
cemhsey,cemhsey_forward_day_logo,cemhsey_forward_day_logo|D08,agency_margin_tau_0.15,S6,grasp_protocol,D08,42,0.5238095238095238,0.5,0.8095238095238095,20.0,5.0,20.0,20.0
cemhsey,cemhsey_forward_day_logo,cemhsey_forward_day_logo|D08,agency_margin_tau_0.15,S7,grasp_protocol,D08,42,0.40476190476190477,0.38095238095238093,0.6190476190476191,20.0,5.0,20.0,20.0
cemhsey,cemhsey_forward_day_logo,cemhsey_forward_day_logo|D08,agency_margin_tau_0.15,S8,grasp_protocol,D08,42,0.14285714285714285,0.07142857142857142,0.21428571428571427,20.0,5.0,7.5,20.0
cemhsey,cemhsey_forward_day_logo,cemhsey_forward_day_logo|D08,agency_margin_tau_0.15,S9,grasp_protocol,D08,42,0.16666666666666666,0.11904761904761904,0.3333333333333333,10.0,5.0,15.0,20.0
cemhsey,cemhsey_forward_day_logo,cemhsey_forward_day_logo|D08,agency_margin_tau_0.20,S1,grasp_protocol,D08,42,0.6666666666666666,0.6428571428571429,0.9047619047619048,20.0,5.0,20.0,20.0
cemhsey,cemhsey_forward_day_logo,cemhsey_forward_day_logo|D08,agency_margin_tau_0.20,S10,grasp_protocol,D08,42,0.2619047619047619,0.23809523809523808,0.5,20.0,5.0,20.0,20.0
cemhsey,cemhsey_forward_day_logo,cemhsey_forward_day_logo|D08,agency_margin_tau_0.20,S11,grasp_protocol,D08,42,0.30952380952380953,0.30952380952380953,0.7619047619047619,20.0,5.0,20.0,20.0
cemhsey,cemhsey_forward_day_logo,cemhsey_forward_day_logo|D08,agency_margin_tau_0.20,S12,grasp_protocol,D08,42,0.40476190476190477,0.3333333333333333,0.6666666666666666,20.0,5.0,20.0,20.0
cemhsey,cemhsey_forward_day_logo,cemhsey_forward_day_logo|D08,agency_margin_tau_0.20,S13,grasp_protocol,D08,42,0.47619047619047616,0.4523809523809524,0.8333333333333334,20.0,5.0,20.0,20.0
cemhsey,cemhsey_forward_day_logo,cemhsey_forward_day_logo|D08,agency_margin_tau_0.20,S2,grasp_protocol,D08,42,0.6666666666666666,0.6190476190476191,0.8571428571428571,20.0,5.0,20.0,20.0
cemhsey,cemhsey_forward_day_logo,cemhsey_forward_day_logo|D08,agency_margin_tau_0.20,S3,grasp_protocol,D08,42,0.38095238095238093,0.35714285714285715,0.7619047619047619,20.0,5.0,20.0,20.0
cemhsey,cemhsey_forward_day_logo,cemhsey_forward_day_logo|D08,agency_margin_tau_0.20,S4,grasp_protocol,D08,42,0.5,0.5,0.6428571428571429,20.0,5.0,20.0,20.0
cemhsey,cemhsey_forward_day_logo,cemhsey_forward_day_logo|D08,agency_margin_tau_0.20,S5,grasp_protocol,D08,42,0.47619047619047616,0.4523809523809524,0.7857142857142857,20.0,5.0,20.0,20.0
cemhsey,cemhsey_forward_day_logo,cemhsey_forward_day_logo|D08,agency_margin_tau_0.20,S6,grasp_protocol,D08,42,0.5476190476190477,0.5,0.7857142857142857,20.0,5.0,20.0,20.0
cemhsey,cemhsey_forward_day_logo,cemhsey_forward_day_logo|D08,agency_margin_tau_0.20,S7,grasp_protocol,D08,42,0.47619047619047616,0.4523809523809524,0.6904761904761905,20.0,5.0,20.0,20.0
cemhsey,cemhsey_forward_day_logo,cemhsey_forward_day_logo|D08,agency_margin_tau_0.20,S8,grasp_protocol,D08,42,0.16666666666666666,0.09523809523809523,0.21428571428571427,20.0,5.0,10.0,20.0
cemhsey,cemhsey_forward_day_logo,cemhsey_forward_day_logo|D08,agency_margin_tau_0.20,S9,grasp_protocol,D08,42,0.19047619047619047,0.14285714285714285,0.3333333333333333,10.0,5.0,17.5,20.0
cemhsey,cemhsey_forward_day_logo,cemhsey_forward_day_logo|D08,assist_only,S1,grasp_protocol,D08,42,0.7142857142857143,0.6904761904761905,0.9523809523809523,20.0,5.0,20.0,20.0
cemhsey,cemhsey_forward_day_logo,cemhsey_forward_day_logo|D08,assist_only,S10,grasp_protocol,D08,42,0.5238095238095238,0.42857142857142855,0.6666666666666666,10.0,5.0,15.0,20.0
cemhsey,cemhsey_forward_day_logo,cemhsey_forward_day_logo|D08,assist_only,S11,grasp_protocol,D08,42,0.5238095238095238,0.5238095238095238,0.9285714285714286,20.0,5.0,20.0,20.0
cemhsey,cemhsey_forward_day_logo,cemhsey_forward_day_logo|D08,assist_only,S12,grasp_protocol,D08,42,0.6190476190476191,0.47619047619047616,0.8095238095238095,15.0,5.0,20.0,20.0
cemhsey,cemhsey_forward_day_logo,cemhsey_forward_day_logo|D08,assist_only,S13,grasp_protocol,D08,42,0.5714285714285714,0.5238095238095238,0.8333333333333334,10.0,5.0,20.0,20.0
cemhsey,cemhsey_forward_day_logo,cemhsey_forward_day_logo|D08,assist_only,S2,grasp_protocol,D08,42,0.7142857142857143,0.6428571428571429,0.8571428571428571,20.0,5.0,20.0,20.0
cemhsey,cemhsey_forward_day_logo,cemhsey_forward_day_logo|D08,assist_only,S3,grasp_protocol,D08,42,0.47619047619047616,0.42857142857142855,0.7619047619047619,10.0,5.0,20.0,20.0
cemhsey,cemhsey_forward_day_logo,cemhsey_forward_day_logo|D08,assist_only,S4,grasp_protocol,D08,42,0.6904761904761905,0.6428571428571429,0.7857142857142857,15.0,5.0,20.0,20.0
cemhsey,cemhsey_forward_day_logo,cemhsey_forward_day_logo|D08,assist_only,S5,grasp_protocol,D08,42,0.6190476190476191,0.5476190476190477,0.7857142857142857,20.0,5.0,20.0,20.0
cemhsey,cemhsey_forward_day_logo,cemhsey_forward_day_logo|D08,assist_only,S6,grasp_protocol,D08,42,0.5714285714285714,0.5238095238095238,0.8095238095238095,10.0,5.0,15.0,17.5
cemhsey,cemhsey_forward_day_logo,cemhsey_forward_day_logo|D08,assist_only,S7,grasp_protocol,D08,42,0.6428571428571429,0.5714285714285714,0.7857142857142857,20.0,5.0,20.0,20.0
cemhsey,cemhsey_forward_day_logo,cemhsey_forward_day_logo|D08,assist_only,S8,grasp_protocol,D08,42,0.38095238095238093,0.2619047619047619,0.30952380952380953,5.0,5.0,5.0,20.0
cemhsey,cemhsey_forward_day_logo,cemhsey_forward_day_logo|D08,assist_only,S9,grasp_protocol,D08,42,0.30952380952380953,0.19047619047619047,0.2857142857142857,7.5,5.0,15.0,20.0
cemhsey,cemhsey_forward_day_logo,cemhsey_forward_day_logo|D08,confidence_blend_alpha_0.25,S1,grasp_protocol,D08,42,0.5238095238095238,0.5238095238095238,0.7857142857142857,20.0,5.0,20.0,20.0
cemhsey,cemhsey_forward_day_logo,cemhsey_forward_day_logo|D08,confidence_blend_alpha_0.25,S10,grasp_protocol,D08,42,0.21428571428571427,0.16666666666666666,0.42857142857142855,20.0,5.0,20.0,20.0
cemhsey,cemhsey_forward_day_logo,cemhsey_forward_day_logo|D08,confidence_blend_alpha_0.25,S11,grasp_protocol,D08,42,0.2619047619047619,0.2619047619047619,0.7380952380952381,20.0,5.0,20.0,20.0
cemhsey,cemhsey_forward_day_logo,cemhsey_forward_day_logo|D08,confidence_blend_alpha_0.25,S12,grasp_protocol,D08,42,0.2619047619047619,0.21428571428571427,0.5714285714285714,20.0,5.0,20.0,20.0
cemhsey,cemhsey_forward_day_logo,cemhsey_forward_day_logo|D08,confidence_blend_alpha_0.25,S13,grasp_protocol,D08,42,0.3333333333333333,0.30952380952380953,0.7380952380952381,17.5,5.0,20.0,20.0
cemhsey,cemhsey_forward_day_logo,cemhsey_forward_day_logo|D08,confidence_blend_alpha_0.25,S2,grasp_protocol,D08,42,0.6428571428571429,0.6190476190476191,0.9047619047619048,20.0,5.0,20.0,20.0
cemhsey,cemhsey_forward_day_logo,cemhsey_forward_day_logo|D08,confidence_blend_alpha_0.25,S3,grasp_protocol,D08,42,0.2619047619047619,0.2619047619047619,0.7619047619047619,20.0,5.0,20.0,20.0
cemhsey,cemhsey_forward_day_logo,cemhsey_forward_day_logo|D08,confidence_blend_alpha_0.25,S4,grasp_protocol,D08,42,0.30952380952380953,0.2619047619047619,0.47619047619047616,20.0,5.0,20.0,20.0
cemhsey,cemhsey_forward_day_logo,cemhsey_forward_day_logo|D08,confidence_blend_alpha_0.25,S5,grasp_protocol,D08,42,0.35714285714285715,0.30952380952380953,0.6428571428571429,20.0,5.0,20.0,20.0
cemhsey,cemhsey_forward_day_logo,cemhsey_forward_day_logo|D08,confidence_blend_alpha_0.25,S6,grasp_protocol,D08,42,0.3333333333333333,0.30952380952380953,0.7380952380952381,20.0,5.0,20.0,20.0
cemhsey,cemhsey_forward_day_logo,cemhsey_forward_day_logo|D08,confidence_blend_alpha_0.25,S7,grasp_protocol,D08,42,0.2619047619047619,0.2619047619047619,0.5238095238095238,20.0,5.0,20.0,20.0
cemhsey,cemhsey_forward_day_logo,cemhsey_forward_day_logo|D08,confidence_blend_alpha_0.25,S8,grasp_protocol,D08,42,0.11904761904761904,0.047619047619047616,0.16666666666666666,15.0,5.0,5.0,17.5
cemhsey,cemhsey_forward_day_logo,cemhsey_forward_day_logo|D08,confidence_blend_alpha_0.25,S9,grasp_protocol,D08,42,0.19047619047619047,0.16666666666666666,0.35714285714285715,12.5,5.0,17.5,20.0
cemhsey,cemhsey_forward_day_logo,cemhsey_forward_day_logo|D08,confidence_blend_alpha_0.50,S1,grasp_protocol,D08,42,0.6666666666666666,0.6428571428571429,0.9047619047619048,20.0,5.0,20.0,20.0
cemhsey,cemhsey_forward_day_logo,cemhsey_forward_day_logo|D08,confidence_blend_alpha_0.50,S10,grasp_protocol,D08,42,0.38095238095238093,0.3333333333333333,0.5952380952380952,15.0,5.0,20.0,20.0
cemhsey,cemhsey_forward_day_logo,cemhsey_forward_day_logo|D08,confidence_blend_alpha_0.50,S11,grasp_protocol,D08,42,0.4523809523809524,0.4523809523809524,0.9285714285714286,20.0,5.0,20.0,20.0
cemhsey,cemhsey_forward_day_logo,cemhsey_forward_day_logo|D08,confidence_blend_alpha_0.50,S12,grasp_protocol,D08,42,0.4523809523809524,0.42857142857142855,0.7619047619047619,20.0,5.0,20.0,20.0
cemhsey,cemhsey_forward_day_logo,cemhsey_forward_day_logo|D08,confidence_blend_alpha_0.50,S13,grasp_protocol,D08,42,0.5238095238095238,0.47619047619047616,0.8333333333333334,20.0,5.0,20.0,20.0
cemhsey,cemhsey_forward_day_logo,cemhsey_forward_day_logo|D08,confidence_blend_alpha_0.50,S2,grasp_protocol,D08,42,0.7380952380952381,0.7142857142857143,0.9523809523809523,20.0,5.0,20.0,20.0
cemhsey,cemhsey_forward_day_logo,cemhsey_forward_day_logo|D08,confidence_blend_alpha_0.50,S3,grasp_protocol,D08,42,0.38095238095238093,0.35714285714285715,0.7857142857142857,15.0,5.0,20.0,20.0
cemhsey,cemhsey_forward_day_logo,cemhsey_forward_day_logo|D08,confidence_blend_alpha_0.50,S4,grasp_protocol,D08,42,0.5714285714285714,0.5714285714285714,0.7857142857142857,20.0,5.0,20.0,20.0
cemhsey,cemhsey_forward_day_logo,cemhsey_forward_day_logo|D08,confidence_blend_alpha_0.50,S5,grasp_protocol,D08,42,0.42857142857142855,0.38095238095238093,0.7142857142857143,20.0,5.0,20.0,20.0
cemhsey,cemhsey_forward_day_logo,cemhsey_forward_day_logo|D08,confidence_blend_alpha_0.50,S6,grasp_protocol,D08,42,0.5714285714285714,0.47619047619047616,0.8571428571428571,15.0,5.0,17.5,20.0
cemhsey,cemhsey_forward_day_logo,cemhsey_forward_day_logo|D08,confidence_blend_alpha_0.50,S7,grasp_protocol,D08,42,0.5,0.5,0.7142857142857143,20.0,5.0,20.0,20.0
cemhsey,cemhsey_forward_day_logo,cemhsey_forward_day_logo|D08,confidence_blend_alpha_0.50,S8,grasp_protocol,D08,42,0.21428571428571427,0.11904761904761904,0.21428571428571427,15.0,5.0,10.0,20.0
cemhsey,cemhsey_forward_day_logo,cemhsey_forward_day_logo|D08,confidence_blend_alpha_0.50,S9,grasp_protocol,D08,42,0.2619047619047619,0.23809523809523808,0.40476190476190477,15.0,5.0,20.0,20.0
cemhsey,cemhsey_forward_day_logo,cemhsey_forward_day_logo|D08,confidence_blend_alpha_0.75,S1,grasp_protocol,D08,42,0.6904761904761905,0.6904761904761905,0.9523809523809523,20.0,5.0,20.0,20.0
cemhsey,cemhsey_forward_day_logo,cemhsey_forward_day_logo|D08,confidence_blend_alpha_0.75,S10,grasp_protocol,D08,42,0.42857142857142855,0.38095238095238093,0.6190476190476191,15.0,5.0,20.0,20.0
cemhsey,cemhsey_forward_day_logo,cemhsey_forward_day_logo|D08,confidence_blend_alpha_0.75,S11,grasp_protocol,D08,42,0.5238095238095238,0.5,0.9523809523809523,20.0,5.0,20.0,20.0
cemhsey,cemhsey_forward_day_logo,cemhsey_forward_day_logo|D08,confidence_blend_alpha_0.75,S12,grasp_protocol,D08,42,0.5476190476190477,0.47619047619047616,0.8095238095238095,20.0,5.0,20.0,20.0
cemhsey,cemhsey_forward_day_logo,cemhsey_forward_day_logo|D08,confidence_blend_alpha_0.75,S13,grasp_protocol,D08,42,0.5476190476190477,0.5,0.8333333333333334,15.0,5.0,20.0,20.0
cemhsey,cemhsey_forward_day_logo,cemhsey_forward_day_logo|D08,confidence_blend_alpha_0.75,S2,grasp_protocol,D08,42,0.7380952380952381,0.6904761904761905,0.9285714285714286,20.0,5.0,20.0,20.0
cemhsey,cemhsey_forward_day_logo,cemhsey_forward_day_logo|D08,confidence_blend_alpha_0.75,S3,grasp_protocol,D08,42,0.40476190476190477,0.38095238095238093,0.7380952380952381,15.0,5.0,20.0,20.0
cemhsey,cemhsey_forward_day_logo,cemhsey_forward_day_logo|D08,confidence_blend_alpha_0.75,S4,grasp_protocol,D08,42,0.6666666666666666,0.6666666666666666,0.8095238095238095,20.0,5.0,20.0,20.0
cemhsey,cemhsey_forward_day_logo,cemhsey_forward_day_logo|D08,confidence_blend_alpha_0.75,S5,grasp_protocol,D08,42,0.5714285714285714,0.5238095238095238,0.7619047619047619,20.0,5.0,20.0,20.0
cemhsey,cemhsey_forward_day_logo,cemhsey_forward_day_logo|D08,confidence_blend_alpha_0.75,S6,grasp_protocol,D08,42,0.5714285714285714,0.5714285714285714,0.8571428571428571,10.0,5.0,15.0,15.0
cemhsey,cemhsey_forward_day_logo,cemhsey_forward_day_logo|D08,confidence_blend_alpha_0.75,S7,grasp_protocol,D08,42,0.5952380952380952,0.5714285714285714,0.7619047619047619,20.0,5.0,20.0,20.0
cemhsey,cemhsey_forward_day_logo,cemhsey_forward_day_logo|D08,confidence_blend_alpha_0.75,S8,grasp_protocol,D08,42,0.3333333333333333,0.2619047619047619,0.35714285714285715,15.0,5.0,5.0,15.0
cemhsey,cemhsey_forward_day_logo,cemhsey_forward_day_logo|D08,confidence_blend_alpha_0.75,S9,grasp_protocol,D08,42,0.2857142857142857,0.23809523809523808,0.35714285714285715,10.0,5.0,12.5,15.0
cemhsey,cemhsey_forward_day_logo,cemhsey_forward_day_logo|D08,plain_conf_threshold_matched_tau_0.02,S1,grasp_protocol,D08,42,0.0,0.0,0.3333333333333333,,5.0,,
cemhsey,cemhsey_forward_day_logo,cemhsey_forward_day_logo|D08,plain_conf_threshold_matched_tau_0.02,S10,grasp_protocol,D08,42,0.0,0.0,0.2857142857142857,,5.0,,
cemhsey,cemhsey_forward_day_logo,cemhsey_forward_day_logo|D08,plain_conf_threshold_matched_tau_0.02,S11,grasp_protocol,D08,42,0.0,0.0,0.5238095238095238,20.0,5.0,,
cemhsey,cemhsey_forward_day_logo,cemhsey_forward_day_logo|D08,plain_conf_threshold_matched_tau_0.02,S12,grasp_protocol,D08,42,0.0,0.0,0.38095238095238093,,5.0,,
cemhsey,cemhsey_forward_day_logo,cemhsey_forward_day_logo|D08,plain_conf_threshold_matched_tau_0.02,S13,grasp_protocol,D08,42,0.0,0.0,0.47619047619047616,,5.0,,
cemhsey,cemhsey_forward_day_logo,cemhsey_forward_day_logo|D08,plain_conf_threshold_matched_tau_0.02,S2,grasp_protocol,D08,42,0.023809523809523808,0.023809523809523808,0.40476190476190477,20.0,5.0,20.0,20.0
cemhsey,cemhsey_forward_day_logo,cemhsey_forward_day_logo|D08,plain_conf_threshold_matched_tau_0.02,S3,grasp_protocol,D08,42,0.0,0.0,0.5476190476190477,,5.0,,
cemhsey,cemhsey_forward_day_logo,cemhsey_forward_day_logo|D08,plain_conf_threshold_matched_tau_0.02,S4,grasp_protocol,D08,42,0.0,0.0,0.23809523809523808,20.0,5.0,,
cemhsey,cemhsey_forward_day_logo,cemhsey_forward_day_logo|D08,plain_conf_threshold_matched_tau_0.02,S5,grasp_protocol,D08,42,0.0,0.0,0.35714285714285715,20.0,5.0,,
cemhsey,cemhsey_forward_day_logo,cemhsey_forward_day_logo|D08,plain_conf_threshold_matched_tau_0.02,S6,grasp_protocol,D08,42,0.0,0.0,0.5,,5.0,,
cemhsey,cemhsey_forward_day_logo,cemhsey_forward_day_logo|D08,plain_conf_threshold_matched_tau_0.02,S7,grasp_protocol,D08,42,0.0,0.0,0.2857142857142857,,5.0,,
cemhsey,cemhsey_forward_day_logo,cemhsey_forward_day_logo|D08,plain_conf_threshold_matched_tau_0.02,S8,grasp_protocol,D08,42,0.0,0.0,0.19047619047619047,,5.0,,
cemhsey,cemhsey_forward_day_logo,cemhsey_forward_day_logo|D08,plain_conf_threshold_matched_tau_0.02,S9,grasp_protocol,D08,42,0.0,0.0,0.2619047619047619,,5.0,,
cemhsey,cemhsey_forward_day_logo,cemhsey_forward_day_logo|D08,plain_conf_threshold_matched_tau_0.05,S1,grasp_protocol,D08,42,0.047619047619047616,0.047619047619047616,0.47619047619047616,20.0,5.0,20.0,20.0
cemhsey,cemhsey_forward_day_logo,cemhsey_forward_day_logo|D08,plain_conf_threshold_matched_tau_0.05,S10,grasp_protocol,D08,42,0.0,0.0,0.2857142857142857,,5.0,,
cemhsey,cemhsey_forward_day_logo,cemhsey_forward_day_logo|D08,plain_conf_threshold_matched_tau_0.05,S11,grasp_protocol,D08,42,0.0,0.0,0.5476190476190477,20.0,5.0,,
cemhsey,cemhsey_forward_day_logo,cemhsey_forward_day_logo|D08,plain_conf_threshold_matched_tau_0.05,S12,grasp_protocol,D08,42,0.023809523809523808,0.023809523809523808,0.40476190476190477,20.0,5.0,20.0,20.0
cemhsey,cemhsey_forward_day_logo,cemhsey_forward_day_logo|D08,plain_conf_threshold_matched_tau_0.05,S13,grasp_protocol,D08,42,0.0,0.0,0.47619047619047616,,5.0,,
cemhsey,cemhsey_forward_day_logo,cemhsey_forward_day_logo|D08,plain_conf_threshold_matched_tau_0.05,S2,grasp_protocol,D08,42,0.09523809523809523,0.09523809523809523,0.5238095238095238,20.0,5.0,20.0,20.0
cemhsey,cemhsey_forward_day_logo,cemhsey_forward_day_logo|D08,plain_conf_threshold_matched_tau_0.05,S3,grasp_protocol,D08,42,0.0,0.0,0.5476190476190477,,5.0,,
cemhsey,cemhsey_forward_day_logo,cemhsey_forward_day_logo|D08,plain_conf_threshold_matched_tau_0.05,S4,grasp_protocol,D08,42,0.023809523809523808,0.023809523809523808,0.2619047619047619,20.0,5.0,20.0,20.0
cemhsey,cemhsey_forward_day_logo,cemhsey_forward_day_logo|D08,plain_conf_threshold_matched_tau_0.05,S5,grasp_protocol,D08,42,0.023809523809523808,0.023809523809523808,0.35714285714285715,20.0,5.0,20.0,20.0
cemhsey,cemhsey_forward_day_logo,cemhsey_forward_day_logo|D08,plain_conf_threshold_matched_tau_0.05,S6,grasp_protocol,D08,42,0.0,0.0,0.5,,5.0,,
cemhsey,cemhsey_forward_day_logo,cemhsey_forward_day_logo|D08,plain_conf_threshold_matched_tau_0.05,S7,grasp_protocol,D08,42,0.0,0.0,0.2857142857142857,,5.0,,
cemhsey,cemhsey_forward_day_logo,cemhsey_forward_day_logo|D08,plain_conf_threshold_matched_tau_0.05,S8,grasp_protocol,D08,42,0.0,0.0,0.19047619047619047,5.0,5.0,,
cemhsey,cemhsey_forward_day_logo,cemhsey_forward_day_logo|D08,plain_conf_threshold_matched_tau_0.05,S9,grasp_protocol,D08,42,0.0,0.0,0.2619047619047619,,5.0,,
cemhsey,cemhsey_forward_day_logo,cemhsey_forward_day_logo|D08,plain_conf_threshold_matched_tau_0.10,S1,grasp_protocol,D08,42,0.19047619047619047,0.19047619047619047,0.5952380952380952,20.0,5.0,20.0,20.0
cemhsey,cemhsey_forward_day_logo,cemhsey_forward_day_logo|D08,plain_conf_threshold_matched_tau_0.10,S10,grasp_protocol,D08,42,0.0,0.0,0.30952380952380953,20.0,5.0,,
cemhsey,cemhsey_forward_day_logo,cemhsey_forward_day_logo|D08,plain_conf_threshold_matched_tau_0.10,S11,grasp_protocol,D08,42,0.023809523809523808,0.023809523809523808,0.5952380952380952,20.0,5.0,20.0,20.0
cemhsey,cemhsey_forward_day_logo,cemhsey_forward_day_logo|D08,plain_conf_threshold_matched_tau_0.10,S12,grasp_protocol,D08,42,0.07142857142857142,0.07142857142857142,0.4523809523809524,20.0,5.0,20.0,20.0
cemhsey,cemhsey_forward_day_logo,cemhsey_forward_day_logo|D08,plain_conf_threshold_matched_tau_0.10,S13,grasp_protocol,D08,42,0.023809523809523808,0.023809523809523808,0.5,17.5,5.0,15.0,15.0
cemhsey,cemhsey_forward_day_logo,cemhsey_forward_day_logo|D08,plain_conf_threshold_matched_tau_0.10,S2,grasp_protocol,D08,42,0.23809523809523808,0.23809523809523808,0.7380952380952381,20.0,5.0,20.0,20.0
cemhsey,cemhsey_forward_day_logo,cemhsey_forward_day_logo|D08,plain_conf_threshold_matched_tau_0.10,S3,grasp_protocol,D08,42,0.023809523809523808,0.023809523809523808,0.5476190476190477,20.0,5.0,20.0,20.0
cemhsey,cemhsey_forward_day_logo,cemhsey_forward_day_logo|D08,plain_conf_threshold_matched_tau_0.10,S4,grasp_protocol,D08,42,0.11904761904761904,0.11904761904761904,0.38095238095238093,20.0,5.0,20.0,20.0
cemhsey,cemhsey_forward_day_logo,cemhsey_forward_day_logo|D08,plain_conf_threshold_matched_tau_0.10,S5,grasp_protocol,D08,42,0.09523809523809523,0.09523809523809523,0.4523809523809524,20.0,5.0,20.0,20.0
cemhsey,cemhsey_forward_day_logo,cemhsey_forward_day_logo|D08,plain_conf_threshold_matched_tau_0.10,S6,grasp_protocol,D08,42,0.07142857142857142,0.07142857142857142,0.5952380952380952,20.0,5.0,20.0,20.0
cemhsey,cemhsey_forward_day_logo,cemhsey_forward_day_logo|D08,plain_conf_threshold_matched_tau_0.10,S7,grasp_protocol,D08,42,0.0,0.0,0.2857142857142857,,5.0,,
cemhsey,cemhsey_forward_day_logo,cemhsey_forward_day_logo|D08,plain_conf_threshold_matched_tau_0.10,S8,grasp_protocol,D08,42,0.0,0.0,0.19047619047619047,20.0,5.0,,
cemhsey,cemhsey_forward_day_logo,cemhsey_forward_day_logo|D08,plain_conf_threshold_matched_tau_0.10,S9,grasp_protocol,D08,42,0.0,0.0,0.2619047619047619,,5.0,,
cemhsey,cemhsey_forward_day_logo,cemhsey_forward_day_logo|D08,plain_conf_threshold_matched_tau_0.15,S1,grasp_protocol,D08,42,0.2619047619047619,0.2619047619047619,0.5952380952380952,20.0,5.0,20.0,20.0
cemhsey,cemhsey_forward_day_logo,cemhsey_forward_day_logo|D08,plain_conf_threshold_matched_tau_0.15,S10,grasp_protocol,D08,42,0.0,0.0,0.30952380952380953,20.0,5.0,,
cemhsey,cemhsey_forward_day_logo,cemhsey_forward_day_logo|D08,plain_conf_threshold_matched_tau_0.15,S11,grasp_protocol,D08,42,0.07142857142857142,0.07142857142857142,0.6904761904761905,20.0,5.0,20.0,20.0
cemhsey,cemhsey_forward_day_logo,cemhsey_forward_day_logo|D08,plain_conf_threshold_matched_tau_0.15,S12,grasp_protocol,D08,42,0.07142857142857142,0.07142857142857142,0.4523809523809524,20.0,5.0,20.0,20.0
cemhsey,cemhsey_forward_day_logo,cemhsey_forward_day_logo|D08,plain_conf_threshold_matched_tau_0.15,S13,grasp_protocol,D08,42,0.11904761904761904,0.09523809523809523,0.5476190476190477,15.0,5.0,15.0,17.5
cemhsey,cemhsey_forward_day_logo,cemhsey_forward_day_logo|D08,plain_conf_threshold_matched_tau_0.15,S2,grasp_protocol,D08,42,0.35714285714285715,0.35714285714285715,0.7380952380952381,20.0,5.0,20.0,20.0
cemhsey,cemhsey_forward_day_logo,cemhsey_forward_day_logo|D08,plain_conf_threshold_matched_tau_0.15,S3,grasp_protocol,D08,42,0.047619047619047616,0.047619047619047616,0.5476190476190477,20.0,5.0,17.5,17.5
cemhsey,cemhsey_forward_day_logo,cemhsey_forward_day_logo|D08,plain_conf_threshold_matched_tau_0.15,S4,grasp_protocol,D08,42,0.16666666666666666,0.16666666666666666,0.42857142857142855,20.0,5.0,20.0,20.0
cemhsey,cemhsey_forward_day_logo,cemhsey_forward_day_logo|D08,plain_conf_threshold_matched_tau_0.15,S5,grasp_protocol,D08,42,0.16666666666666666,0.16666666666666666,0.5,20.0,5.0,20.0,20.0
cemhsey,cemhsey_forward_day_logo,cemhsey_forward_day_logo|D08,plain_conf_threshold_matched_tau_0.15,S6,grasp_protocol,D08,42,0.11904761904761904,0.11904761904761904,0.5952380952380952,20.0,5.0,20.0,20.0
cemhsey,cemhsey_forward_day_logo,cemhsey_forward_day_logo|D08,plain_conf_threshold_matched_tau_0.15,S7,grasp_protocol,D08,42,0.0,0.0,0.2857142857142857,,5.0,,
cemhsey,cemhsey_forward_day_logo,cemhsey_forward_day_logo|D08,plain_conf_threshold_matched_tau_0.15,S8,grasp_protocol,D08,42,0.0,0.0,0.19047619047619047,20.0,5.0,,
cemhsey,cemhsey_forward_day_logo,cemhsey_forward_day_logo|D08,plain_conf_threshold_matched_tau_0.15,S9,grasp_protocol,D08,42,0.0,0.0,0.2619047619047619,,5.0,,
cemhsey,cemhsey_forward_day_logo,cemhsey_forward_day_logo|D08,plain_conf_threshold_matched_tau_0.20,S1,grasp_protocol,D08,42,0.30952380952380953,0.30952380952380953,0.6190476190476191,20.0,5.0,20.0,20.0
cemhsey,cemhsey_forward_day_logo,cemhsey_forward_day_logo|D08,plain_conf_threshold_matched_tau_0.20,S10,grasp_protocol,D08,42,0.047619047619047616,0.047619047619047616,0.3333333333333333,20.0,5.0,20.0,20.0
cemhsey,cemhsey_forward_day_logo,cemhsey_forward_day_logo|D08,plain_conf_threshold_matched_tau_0.20,S11,grasp_protocol,D08,42,0.11904761904761904,0.11904761904761904,0.7142857142857143,20.0,5.0,20.0,20.0
cemhsey,cemhsey_forward_day_logo,cemhsey_forward_day_logo|D08,plain_conf_threshold_matched_tau_0.20,S12,grasp_protocol,D08,42,0.11904761904761904,0.11904761904761904,0.5,20.0,5.0,20.0,20.0
cemhsey,cemhsey_forward_day_logo,cemhsey_forward_day_logo|D08,plain_conf_threshold_matched_tau_0.20,S13,grasp_protocol,D08,42,0.14285714285714285,0.11904761904761904,0.5476190476190477,15.0,5.0,17.5,20.0
cemhsey,cemhsey_forward_day_logo,cemhsey_forward_day_logo|D08,plain_conf_threshold_matched_tau_0.20,S2,grasp_protocol,D08,42,0.38095238095238093,0.38095238095238093,0.7380952380952381,20.0,5.0,20.0,20.0
cemhsey,cemhsey_forward_day_logo,cemhsey_forward_day_logo|D08,plain_conf_threshold_matched_tau_0.20,S3,grasp_protocol,D08,42,0.047619047619047616,0.047619047619047616,0.5476190476190477,20.0,5.0,17.5,17.5
cemhsey,cemhsey_forward_day_logo,cemhsey_forward_day_logo|D08,plain_conf_threshold_matched_tau_0.20,S4,grasp_protocol,D08,42,0.19047619047619047,0.19047619047619047,0.4523809523809524,20.0,5.0,20.0,20.0
cemhsey,cemhsey_forward_day_logo,cemhsey_forward_day_logo|D08,plain_conf_threshold_matched_tau_0.20,S5,grasp_protocol,D08,42,0.16666666666666666,0.16666666666666666,0.5,20.0,5.0,20.0,20.0
cemhsey,cemhsey_forward_day_logo,cemhsey_forward_day_logo|D08,plain_conf_threshold_matched_tau_0.20,S6,grasp_protocol,D08,42,0.11904761904761904,0.11904761904761904,0.5952380952380952,20.0,5.0,20.0,20.0
cemhsey,cemhsey_forward_day_logo,cemhsey_forward_day_logo|D08,plain_conf_threshold_matched_tau_0.20,S7,grasp_protocol,D08,42,0.0,0.0,0.2857142857142857,,5.0,,
cemhsey,cemhsey_forward_day_logo,cemhsey_forward_day_logo|D08,plain_conf_threshold_matched_tau_0.20,S8,grasp_protocol,D08,42,0.0,0.0,0.19047619047619047,20.0,5.0,,
cemhsey,cemhsey_forward_day_logo,cemhsey_forward_day_logo|D08,plain_conf_threshold_matched_tau_0.20,S9,grasp_protocol,D08,42,0.0,0.0,0.2619047619047619,,5.0,,
cemhsey,cemhsey_forward_day_logo,cemhsey_forward_day_logo|D08,selective_prediction,S1,grasp_protocol,D08,42,0.30952380952380953,0.0,0.3333333333333333,20.0,5.0,20.0,
cemhsey,cemhsey_forward_day_logo,cemhsey_forward_day_logo|D08,selective_prediction,S10,grasp_protocol,D08,42,0.023809523809523808,0.0,0.2857142857142857,20.0,5.0,20.0,
cemhsey,cemhsey_forward_day_logo,cemhsey_forward_day_logo|D08,selective_prediction,S11,grasp_protocol,D08,42,0.11904761904761904,0.047619047619047616,0.5238095238095238,20.0,5.0,20.0,20.0
cemhsey,cemhsey_forward_day_logo,cemhsey_forward_day_logo|D08,selective_prediction,S12,grasp_protocol,D08,42,0.07142857142857142,0.0,0.38095238095238093,20.0,5.0,20.0,
cemhsey,cemhsey_forward_day_logo,cemhsey_forward_day_logo|D08,selective_prediction,S13,grasp_protocol,D08,42,0.09523809523809523,0.0,0.47619047619047616,17.5,5.0,17.5,
cemhsey,cemhsey_forward_day_logo,cemhsey_forward_day_logo|D08,selective_prediction,S2,grasp_protocol,D08,42,0.40476190476190477,0.047619047619047616,0.38095238095238093,20.0,5.0,20.0,20.0
cemhsey,cemhsey_forward_day_logo,cemhsey_forward_day_logo|D08,selective_prediction,S3,grasp_protocol,D08,42,0.023809523809523808,0.0,0.5476190476190477,20.0,5.0,20.0,
cemhsey,cemhsey_forward_day_logo,cemhsey_forward_day_logo|D08,selective_prediction,S4,grasp_protocol,D08,42,0.19047619047619047,0.023809523809523808,0.23809523809523808,20.0,5.0,20.0,20.0
cemhsey,cemhsey_forward_day_logo,cemhsey_forward_day_logo|D08,selective_prediction,S5,grasp_protocol,D08,42,0.14285714285714285,0.023809523809523808,0.35714285714285715,20.0,5.0,20.0,20.0
cemhsey,cemhsey_forward_day_logo,cemhsey_forward_day_logo|D08,selective_prediction,S6,grasp_protocol,D08,42,0.11904761904761904,0.0,0.5,20.0,5.0,20.0,
cemhsey,cemhsey_forward_day_logo,cemhsey_forward_day_logo|D08,selective_prediction,S7,grasp_protocol,D08,42,0.0,0.0,0.2857142857142857,,5.0,,
cemhsey,cemhsey_forward_day_logo,cemhsey_forward_day_logo|D08,selective_prediction,S8,grasp_protocol,D08,42,0.0,0.0,0.19047619047619047,20.0,5.0,,
cemhsey,cemhsey_forward_day_logo,cemhsey_forward_day_logo|D08,selective_prediction,S9,grasp_protocol,D08,42,0.0,0.0,0.2619047619047619,,5.0,,
cemhsey,cemhsey_forward_day_logo,cemhsey_forward_day_logo|D08,set_acsa_tau_0.02,S1,grasp_protocol,D08,42,0.047619047619047616,0.047619047619047616,0.38095238095238093,20.0,5.0,20.0,20.0
cemhsey,cemhsey_forward_day_logo,cemhsey_forward_day_logo|D08,set_acsa_tau_0.02,S10,grasp_protocol,D08,42,0.023809523809523808,0.023809523809523808,0.2857142857142857,20.0,5.0,20.0,20.0
cemhsey,cemhsey_forward_day_logo,cemhsey_forward_day_logo|D08,set_acsa_tau_0.02,S11,grasp_protocol,D08,42,0.023809523809523808,0.023809523809523808,0.5,20.0,5.0,20.0,20.0
cemhsey,cemhsey_forward_day_logo,cemhsey_forward_day_logo|D08,set_acsa_tau_0.02,S12,grasp_protocol,D08,42,0.07142857142857142,0.023809523809523808,0.38095238095238093,10.0,5.0,10.0,5.0
cemhsey,cemhsey_forward_day_logo,cemhsey_forward_day_logo|D08,set_acsa_tau_0.02,S13,grasp_protocol,D08,42,0.09523809523809523,0.09523809523809523,0.5714285714285714,20.0,5.0,20.0,20.0
cemhsey,cemhsey_forward_day_logo,cemhsey_forward_day_logo|D08,set_acsa_tau_0.02,S2,grasp_protocol,D08,42,0.11904761904761904,0.11904761904761904,0.4523809523809524,20.0,5.0,20.0,20.0
cemhsey,cemhsey_forward_day_logo,cemhsey_forward_day_logo|D08,set_acsa_tau_0.02,S3,grasp_protocol,D08,42,0.07142857142857142,0.047619047619047616,0.5952380952380952,10.0,5.0,20.0,20.0
cemhsey,cemhsey_forward_day_logo,cemhsey_forward_day_logo|D08,set_acsa_tau_0.02,S4,grasp_protocol,D08,42,0.0,0.0,0.21428571428571427,,5.0,,
cemhsey,cemhsey_forward_day_logo,cemhsey_forward_day_logo|D08,set_acsa_tau_0.02,S5,grasp_protocol,D08,42,0.07142857142857142,0.047619047619047616,0.38095238095238093,20.0,5.0,20.0,20.0
cemhsey,cemhsey_forward_day_logo,cemhsey_forward_day_logo|D08,set_acsa_tau_0.02,S6,grasp_protocol,D08,42,0.07142857142857142,0.07142857142857142,0.5476190476190477,20.0,5.0,20.0,20.0
cemhsey,cemhsey_forward_day_logo,cemhsey_forward_day_logo|D08,set_acsa_tau_0.02,S7,grasp_protocol,D08,42,0.047619047619047616,0.023809523809523808,0.2857142857142857,20.0,5.0,15.0,20.0
cemhsey,cemhsey_forward_day_logo,cemhsey_forward_day_logo|D08,set_acsa_tau_0.02,S8,grasp_protocol,D08,42,0.0,0.0,0.16666666666666666,15.0,5.0,,
cemhsey,cemhsey_forward_day_logo,cemhsey_forward_day_logo|D08,set_acsa_tau_0.02,S9,grasp_protocol,D08,42,0.047619047619047616,0.023809523809523808,0.2857142857142857,15.0,5.0,17.5,20.0
cemhsey,cemhsey_forward_day_logo,cemhsey_forward_day_logo|D08,set_acsa_tau_0.05,S1,grasp_protocol,D08,42,0.21428571428571427,0.19047619047619047,0.5,20.0,5.0,20.0,20.0
cemhsey,cemhsey_forward_day_logo,cemhsey_forward_day_logo|D08,set_acsa_tau_0.05,S10,grasp_protocol,D08,42,0.11904761904761904,0.09523809523809523,0.35714285714285715,20.0,5.0,20.0,20.0
cemhsey,cemhsey_forward_day_logo,cemhsey_forward_day_logo|D08,set_acsa_tau_0.05,S11,grasp_protocol,D08,42,0.09523809523809523,0.09523809523809523,0.5714285714285714,20.0,5.0,20.0,20.0
cemhsey,cemhsey_forward_day_logo,cemhsey_forward_day_logo|D08,set_acsa_tau_0.05,S12,grasp_protocol,D08,42,0.21428571428571427,0.16666666666666666,0.5238095238095238,20.0,5.0,20.0,20.0
cemhsey,cemhsey_forward_day_logo,cemhsey_forward_day_logo|D08,set_acsa_tau_0.05,S13,grasp_protocol,D08,42,0.21428571428571427,0.19047619047619047,0.6190476190476191,17.5,5.0,20.0,20.0
cemhsey,cemhsey_forward_day_logo,cemhsey_forward_day_logo|D08,set_acsa_tau_0.05,S2,grasp_protocol,D08,42,0.2857142857142857,0.2619047619047619,0.5476190476190477,20.0,5.0,20.0,20.0
cemhsey,cemhsey_forward_day_logo,cemhsey_forward_day_logo|D08,set_acsa_tau_0.05,S3,grasp_protocol,D08,42,0.09523809523809523,0.07142857142857142,0.6190476190476191,10.0,5.0,20.0,20.0
cemhsey,cemhsey_forward_day_logo,cemhsey_forward_day_logo|D08,set_acsa_tau_0.05,S4,grasp_protocol,D08,42,0.16666666666666666,0.11904761904761904,0.3333333333333333,20.0,5.0,20.0,20.0
cemhsey,cemhsey_forward_day_logo,cemhsey_forward_day_logo|D08,set_acsa_tau_0.05,S5,grasp_protocol,D08,42,0.14285714285714285,0.11904761904761904,0.4523809523809524,20.0,5.0,20.0,20.0
cemhsey,cemhsey_forward_day_logo,cemhsey_forward_day_logo|D08,set_acsa_tau_0.05,S6,grasp_protocol,D08,42,0.16666666666666666,0.16666666666666666,0.6428571428571429,20.0,5.0,20.0,20.0
cemhsey,cemhsey_forward_day_logo,cemhsey_forward_day_logo|D08,set_acsa_tau_0.05,S7,grasp_protocol,D08,42,0.23809523809523808,0.21428571428571427,0.4523809523809524,20.0,5.0,20.0,20.0
cemhsey,cemhsey_forward_day_logo,cemhsey_forward_day_logo|D08,set_acsa_tau_0.05,S8,grasp_protocol,D08,42,0.09523809523809523,0.047619047619047616,0.19047619047619047,15.0,5.0,10.0,17.5
cemhsey,cemhsey_forward_day_logo,cemhsey_forward_day_logo|D08,set_acsa_tau_0.05,S9,grasp_protocol,D08,42,0.09523809523809523,0.047619047619047616,0.2857142857142857,10.0,5.0,17.5,20.0
cemhsey,cemhsey_forward_day_logo,cemhsey_forward_day_logo|D08,set_acsa_tau_0.10,S1,grasp_protocol,D08,42,0.5,0.4523809523809524,0.7142857142857143,20.0,5.0,20.0,20.0
cemhsey,cemhsey_forward_day_logo,cemhsey_forward_day_logo|D08,set_acsa_tau_0.10,S10,grasp_protocol,D08,42,0.16666666666666666,0.14285714285714285,0.40476190476190477,20.0,5.0,20.0,20.0
cemhsey,cemhsey_forward_day_logo,cemhsey_forward_day_logo|D08,set_acsa_tau_0.10,S11,grasp_protocol,D08,42,0.16666666666666666,0.16666666666666666,0.6190476190476191,20.0,5.0,20.0,20.0
cemhsey,cemhsey_forward_day_logo,cemhsey_forward_day_logo|D08,set_acsa_tau_0.10,S12,grasp_protocol,D08,42,0.3333333333333333,0.2619047619047619,0.6190476190476191,20.0,5.0,20.0,20.0
cemhsey,cemhsey_forward_day_logo,cemhsey_forward_day_logo|D08,set_acsa_tau_0.10,S13,grasp_protocol,D08,42,0.2619047619047619,0.2619047619047619,0.6904761904761905,17.5,5.0,20.0,20.0
cemhsey,cemhsey_forward_day_logo,cemhsey_forward_day_logo|D08,set_acsa_tau_0.10,S2,grasp_protocol,D08,42,0.42857142857142855,0.38095238095238093,0.6428571428571429,20.0,5.0,20.0,20.0
cemhsey,cemhsey_forward_day_logo,cemhsey_forward_day_logo|D08,set_acsa_tau_0.10,S3,grasp_protocol,D08,42,0.2857142857142857,0.2619047619047619,0.7142857142857143,20.0,5.0,20.0,20.0
cemhsey,cemhsey_forward_day_logo,cemhsey_forward_day_logo|D08,set_acsa_tau_0.10,S4,grasp_protocol,D08,42,0.2619047619047619,0.21428571428571427,0.40476190476190477,20.0,5.0,20.0,20.0
cemhsey,cemhsey_forward_day_logo,cemhsey_forward_day_logo|D08,set_acsa_tau_0.10,S5,grasp_protocol,D08,42,0.2857142857142857,0.23809523809523808,0.5714285714285714,20.0,5.0,20.0,20.0
cemhsey,cemhsey_forward_day_logo,cemhsey_forward_day_logo|D08,set_acsa_tau_0.10,S6,grasp_protocol,D08,42,0.35714285714285715,0.35714285714285715,0.7380952380952381,17.5,5.0,20.0,20.0
cemhsey,cemhsey_forward_day_logo,cemhsey_forward_day_logo|D08,set_acsa_tau_0.10,S7,grasp_protocol,D08,42,0.30952380952380953,0.2619047619047619,0.5,20.0,5.0,20.0,20.0
cemhsey,cemhsey_forward_day_logo,cemhsey_forward_day_logo|D08,set_acsa_tau_0.10,S8,grasp_protocol,D08,42,0.09523809523809523,0.047619047619047616,0.19047619047619047,15.0,5.0,7.5,15.0
cemhsey,cemhsey_forward_day_logo,cemhsey_forward_day_logo|D08,set_acsa_tau_0.10,S9,grasp_protocol,D08,42,0.14285714285714285,0.11904761904761904,0.3333333333333333,10.0,5.0,17.5,20.0
cemhsey,cemhsey_forward_day_logo,cemhsey_forward_day_logo|D08,set_acsa_tau_0.15,S1,grasp_protocol,D08,42,0.6190476190476191,0.5952380952380952,0.8571428571428571,20.0,5.0,20.0,20.0
cemhsey,cemhsey_forward_day_logo,cemhsey_forward_day_logo|D08,set_acsa_tau_0.15,S10,grasp_protocol,D08,42,0.19047619047619047,0.16666666666666666,0.42857142857142855,20.0,5.0,20.0,20.0
cemhsey,cemhsey_forward_day_logo,cemhsey_forward_day_logo|D08,set_acsa_tau_0.15,S11,grasp_protocol,D08,42,0.21428571428571427,0.21428571428571427,0.6666666666666666,20.0,5.0,20.0,20.0
cemhsey,cemhsey_forward_day_logo,cemhsey_forward_day_logo|D08,set_acsa_tau_0.15,S12,grasp_protocol,D08,42,0.38095238095238093,0.30952380952380953,0.6428571428571429,20.0,5.0,20.0,20.0
cemhsey,cemhsey_forward_day_logo,cemhsey_forward_day_logo|D08,set_acsa_tau_0.15,S13,grasp_protocol,D08,42,0.35714285714285715,0.35714285714285715,0.7619047619047619,20.0,5.0,20.0,20.0
cemhsey,cemhsey_forward_day_logo,cemhsey_forward_day_logo|D08,set_acsa_tau_0.15,S2,grasp_protocol,D08,42,0.5952380952380952,0.5476190476190477,0.8095238095238095,20.0,5.0,20.0,20.0
cemhsey,cemhsey_forward_day_logo,cemhsey_forward_day_logo|D08,set_acsa_tau_0.15,S3,grasp_protocol,D08,42,0.35714285714285715,0.3333333333333333,0.7380952380952381,20.0,5.0,20.0,20.0
cemhsey,cemhsey_forward_day_logo,cemhsey_forward_day_logo|D08,set_acsa_tau_0.15,S4,grasp_protocol,D08,42,0.38095238095238093,0.3333333333333333,0.5,20.0,5.0,20.0,20.0
cemhsey,cemhsey_forward_day_logo,cemhsey_forward_day_logo|D08,set_acsa_tau_0.15,S5,grasp_protocol,D08,42,0.4523809523809524,0.42857142857142855,0.7619047619047619,20.0,5.0,20.0,20.0
cemhsey,cemhsey_forward_day_logo,cemhsey_forward_day_logo|D08,set_acsa_tau_0.15,S6,grasp_protocol,D08,42,0.5238095238095238,0.5,0.8095238095238095,20.0,5.0,20.0,20.0
cemhsey,cemhsey_forward_day_logo,cemhsey_forward_day_logo|D08,set_acsa_tau_0.15,S7,grasp_protocol,D08,42,0.40476190476190477,0.38095238095238093,0.6190476190476191,20.0,5.0,20.0,20.0
cemhsey,cemhsey_forward_day_logo,cemhsey_forward_day_logo|D08,set_acsa_tau_0.15,S8,grasp_protocol,D08,42,0.14285714285714285,0.07142857142857142,0.21428571428571427,20.0,5.0,7.5,20.0
cemhsey,cemhsey_forward_day_logo,cemhsey_forward_day_logo|D08,set_acsa_tau_0.15,S9,grasp_protocol,D08,42,0.16666666666666666,0.11904761904761904,0.3333333333333333,10.0,5.0,15.0,20.0
cemhsey,cemhsey_forward_day_logo,cemhsey_forward_day_logo|D08,set_acsa_tau_0.20,S1,grasp_protocol,D08,42,0.6666666666666666,0.6428571428571429,0.9047619047619048,20.0,5.0,20.0,20.0
cemhsey,cemhsey_forward_day_logo,cemhsey_forward_day_logo|D08,set_acsa_tau_0.20,S10,grasp_protocol,D08,42,0.2619047619047619,0.23809523809523808,0.5,20.0,5.0,20.0,20.0
cemhsey,cemhsey_forward_day_logo,cemhsey_forward_day_logo|D08,set_acsa_tau_0.20,S11,grasp_protocol,D08,42,0.30952380952380953,0.30952380952380953,0.7619047619047619,20.0,5.0,20.0,20.0
cemhsey,cemhsey_forward_day_logo,cemhsey_forward_day_logo|D08,set_acsa_tau_0.20,S12,grasp_protocol,D08,42,0.40476190476190477,0.3333333333333333,0.6666666666666666,20.0,5.0,20.0,20.0
cemhsey,cemhsey_forward_day_logo,cemhsey_forward_day_logo|D08,set_acsa_tau_0.20,S13,grasp_protocol,D08,42,0.47619047619047616,0.4523809523809524,0.8333333333333334,20.0,5.0,20.0,20.0
cemhsey,cemhsey_forward_day_logo,cemhsey_forward_day_logo|D08,set_acsa_tau_0.20,S2,grasp_protocol,D08,42,0.6428571428571429,0.5952380952380952,0.8333333333333334,20.0,5.0,20.0,20.0
cemhsey,cemhsey_forward_day_logo,cemhsey_forward_day_logo|D08,set_acsa_tau_0.20,S3,grasp_protocol,D08,42,0.38095238095238093,0.35714285714285715,0.7619047619047619,20.0,5.0,20.0,20.0
cemhsey,cemhsey_forward_day_logo,cemhsey_forward_day_logo|D08,set_acsa_tau_0.20,S4,grasp_protocol,D08,42,0.47619047619047616,0.47619047619047616,0.6190476190476191,20.0,5.0,20.0,20.0
cemhsey,cemhsey_forward_day_logo,cemhsey_forward_day_logo|D08,set_acsa_tau_0.20,S5,grasp_protocol,D08,42,0.47619047619047616,0.4523809523809524,0.7857142857142857,20.0,5.0,20.0,20.0
cemhsey,cemhsey_forward_day_logo,cemhsey_forward_day_logo|D08,set_acsa_tau_0.20,S6,grasp_protocol,D08,42,0.5476190476190477,0.5,0.7857142857142857,20.0,5.0,20.0,20.0
cemhsey,cemhsey_forward_day_logo,cemhsey_forward_day_logo|D08,set_acsa_tau_0.20,S7,grasp_protocol,D08,42,0.47619047619047616,0.4523809523809524,0.6904761904761905,20.0,5.0,20.0,20.0
cemhsey,cemhsey_forward_day_logo,cemhsey_forward_day_logo|D08,set_acsa_tau_0.20,S8,grasp_protocol,D08,42,0.16666666666666666,0.09523809523809523,0.21428571428571427,20.0,5.0,10.0,20.0
cemhsey,cemhsey_forward_day_logo,cemhsey_forward_day_logo|D08,set_acsa_tau_0.20,S9,grasp_protocol,D08,42,0.19047619047619047,0.14285714285714285,0.3333333333333333,10.0,5.0,17.5,20.0
cemhsey,cemhsey_forward_day_logo,cemhsey_forward_day_logo|D08,user_only,S1,grasp_protocol,D08,42,0.0,0.0,0.3333333333333333,,5.0,,
cemhsey,cemhsey_forward_day_logo,cemhsey_forward_day_logo|D08,user_only,S10,grasp_protocol,D08,42,0.0,0.0,0.2857142857142857,,5.0,,
cemhsey,cemhsey_forward_day_logo,cemhsey_forward_day_logo|D08,user_only,S11,grasp_protocol,D08,42,0.0,0.0,0.47619047619047616,,5.0,,
cemhsey,cemhsey_forward_day_logo,cemhsey_forward_day_logo|D08,user_only,S12,grasp_protocol,D08,42,0.0,0.0,0.38095238095238093,,5.0,,
cemhsey,cemhsey_forward_day_logo,cemhsey_forward_day_logo|D08,user_only,S13,grasp_protocol,D08,42,0.0,0.0,0.47619047619047616,,5.0,,
cemhsey,cemhsey_forward_day_logo,cemhsey_forward_day_logo|D08,user_only,S2,grasp_protocol,D08,42,0.0,0.0,0.3333333333333333,,5.0,,
cemhsey,cemhsey_forward_day_logo,cemhsey_forward_day_logo|D08,user_only,S3,grasp_protocol,D08,42,0.0,0.0,0.5476190476190477,,5.0,,
cemhsey,cemhsey_forward_day_logo,cemhsey_forward_day_logo|D08,user_only,S4,grasp_protocol,D08,42,0.0,0.0,0.21428571428571427,,5.0,,
cemhsey,cemhsey_forward_day_logo,cemhsey_forward_day_logo|D08,user_only,S5,grasp_protocol,D08,42,0.0,0.0,0.3333333333333333,,5.0,,
cemhsey,cemhsey_forward_day_logo,cemhsey_forward_day_logo|D08,user_only,S6,grasp_protocol,D08,42,0.0,0.0,0.5,,5.0,,
cemhsey,cemhsey_forward_day_logo,cemhsey_forward_day_logo|D08,user_only,S7,grasp_protocol,D08,42,0.0,0.0,0.2857142857142857,,5.0,,
cemhsey,cemhsey_forward_day_logo,cemhsey_forward_day_logo|D08,user_only,S8,grasp_protocol,D08,42,0.0,0.0,0.19047619047619047,,5.0,,
cemhsey,cemhsey_forward_day_logo,cemhsey_forward_day_logo|D08,user_only,S9,grasp_protocol,D08,42,0.0,0.0,0.2619047619047619,,5.0,,
cemhsey,cemhsey_forward_day_logo,cemhsey_forward_day_logo|D09,agency_margin_tau_0.02,S1,grasp_protocol,D09,42,0.07142857142857142,0.047619047619047616,0.5238095238095238,20.0,5.0,20.0,20.0
cemhsey,cemhsey_forward_day_logo,cemhsey_forward_day_logo|D09,agency_margin_tau_0.02,S10,grasp_protocol,D09,42,0.047619047619047616,0.047619047619047616,0.38095238095238093,20.0,5.0,20.0,20.0
cemhsey,cemhsey_forward_day_logo,cemhsey_forward_day_logo|D09,agency_margin_tau_0.02,S11,grasp_protocol,D09,42,0.0,0.0,0.42857142857142855,,5.0,,
cemhsey,cemhsey_forward_day_logo,cemhsey_forward_day_logo|D09,agency_margin_tau_0.02,S12,grasp_protocol,D09,42,0.047619047619047616,0.047619047619047616,0.5,20.0,5.0,20.0,20.0
cemhsey,cemhsey_forward_day_logo,cemhsey_forward_day_logo|D09,agency_margin_tau_0.02,S13,grasp_protocol,D09,42,0.11904761904761904,0.09523809523809523,0.5238095238095238,20.0,5.0,20.0,20.0
cemhsey,cemhsey_forward_day_logo,cemhsey_forward_day_logo|D09,agency_margin_tau_0.02,S2,grasp_protocol,D09,42,0.07142857142857142,0.07142857142857142,0.5714285714285714,20.0,5.0,20.0,20.0
cemhsey,cemhsey_forward_day_logo,cemhsey_forward_day_logo|D09,agency_margin_tau_0.02,S3,grasp_protocol,D09,42,0.16666666666666666,0.14285714285714285,0.5952380952380952,20.0,5.0,20.0,20.0
cemhsey,cemhsey_forward_day_logo,cemhsey_forward_day_logo|D09,agency_margin_tau_0.02,S4,grasp_protocol,D09,42,0.023809523809523808,0.0,0.3333333333333333,15.0,5.0,15.0,
cemhsey,cemhsey_forward_day_logo,cemhsey_forward_day_logo|D09,agency_margin_tau_0.02,S5,grasp_protocol,D09,42,0.09523809523809523,0.07142857142857142,0.5,15.0,5.0,15.0,20.0
cemhsey,cemhsey_forward_day_logo,cemhsey_forward_day_logo|D09,agency_margin_tau_0.02,S6,grasp_protocol,D09,42,0.14285714285714285,0.11904761904761904,0.5238095238095238,20.0,5.0,20.0,20.0
cemhsey,cemhsey_forward_day_logo,cemhsey_forward_day_logo|D09,agency_margin_tau_0.02,S7,grasp_protocol,D09,42,0.07142857142857142,0.07142857142857142,0.30952380952380953,20.0,5.0,20.0,20.0
cemhsey,cemhsey_forward_day_logo,cemhsey_forward_day_logo|D09,agency_margin_tau_0.02,S8,grasp_protocol,D09,42,0.047619047619047616,0.023809523809523808,0.11904761904761904,10.0,5.0,12.5,20.0
cemhsey,cemhsey_forward_day_logo,cemhsey_forward_day_logo|D09,agency_margin_tau_0.02,S9,grasp_protocol,D09,42,0.0,0.0,0.2857142857142857,20.0,5.0,,
cemhsey,cemhsey_forward_day_logo,cemhsey_forward_day_logo|D09,agency_margin_tau_0.05,S1,grasp_protocol,D09,42,0.09523809523809523,0.07142857142857142,0.5476190476190477,20.0,5.0,20.0,20.0
cemhsey,cemhsey_forward_day_logo,cemhsey_forward_day_logo|D09,agency_margin_tau_0.05,S10,grasp_protocol,D09,42,0.07142857142857142,0.07142857142857142,0.38095238095238093,20.0,5.0,20.0,20.0
cemhsey,cemhsey_forward_day_logo,cemhsey_forward_day_logo|D09,agency_margin_tau_0.05,S11,grasp_protocol,D09,42,0.11904761904761904,0.09523809523809523,0.5238095238095238,20.0,5.0,20.0,20.0
cemhsey,cemhsey_forward_day_logo,cemhsey_forward_day_logo|D09,agency_margin_tau_0.05,S12,grasp_protocol,D09,42,0.07142857142857142,0.07142857142857142,0.5238095238095238,20.0,5.0,20.0,20.0
cemhsey,cemhsey_forward_day_logo,cemhsey_forward_day_logo|D09,agency_margin_tau_0.05,S13,grasp_protocol,D09,42,0.16666666666666666,0.14285714285714285,0.5476190476190477,20.0,5.0,20.0,20.0
cemhsey,cemhsey_forward_day_logo,cemhsey_forward_day_logo|D09,agency_margin_tau_0.05,S2,grasp_protocol,D09,42,0.21428571428571427,0.19047619047619047,0.6904761904761905,20.0,5.0,20.0,20.0
cemhsey,cemhsey_forward_day_logo,cemhsey_forward_day_logo|D09,agency_margin_tau_0.05,S3,grasp_protocol,D09,42,0.23809523809523808,0.23809523809523808,0.6904761904761905,20.0,5.0,20.0,20.0
cemhsey,cemhsey_forward_day_logo,cemhsey_forward_day_logo|D09,agency_margin_tau_0.05,S4,grasp_protocol,D09,42,0.09523809523809523,0.047619047619047616,0.35714285714285715,20.0,5.0,17.5,20.0
cemhsey,cemhsey_forward_day_logo,cemhsey_forward_day_logo|D09,agency_margin_tau_0.05,S5,grasp_protocol,D09,42,0.16666666666666666,0.11904761904761904,0.5238095238095238,15.0,5.0,20.0,20.0
cemhsey,cemhsey_forward_day_logo,cemhsey_forward_day_logo|D09,agency_margin_tau_0.05,S6,grasp_protocol,D09,42,0.21428571428571427,0.19047619047619047,0.5714285714285714,20.0,5.0,20.0,20.0
cemhsey,cemhsey_forward_day_logo,cemhsey_forward_day_logo|D09,agency_margin_tau_0.05,S7,grasp_protocol,D09,42,0.16666666666666666,0.14285714285714285,0.38095238095238093,20.0,5.0,20.0,20.0
cemhsey,cemhsey_forward_day_logo,cemhsey_forward_day_logo|D09,agency_margin_tau_0.05,S8,grasp_protocol,D09,42,0.07142857142857142,0.047619047619047616,0.14285714285714285,10.0,5.0,5.0,12.5
cemhsey,cemhsey_forward_day_logo,cemhsey_forward_day_logo|D09,agency_margin_tau_0.05,S9,grasp_protocol,D09,42,0.047619047619047616,0.023809523809523808,0.30952380952380953,20.0,5.0,17.5,20.0
cemhsey,cemhsey_forward_day_logo,cemhsey_forward_day_logo|D09,agency_margin_tau_0.10,S1,grasp_protocol,D09,42,0.14285714285714285,0.11904761904761904,0.5952380952380952,20.0,5.0,20.0,20.0
cemhsey,cemhsey_forward_day_logo,cemhsey_forward_day_logo|D09,agency_margin_tau_0.10,S10,grasp_protocol,D09,42,0.14285714285714285,0.11904761904761904,0.40476190476190477,20.0,5.0,20.0,20.0
cemhsey,cemhsey_forward_day_logo,cemhsey_forward_day_logo|D09,agency_margin_tau_0.10,S11,grasp_protocol,D09,42,0.23809523809523808,0.21428571428571427,0.6190476190476191,20.0,5.0,20.0,20.0
cemhsey,cemhsey_forward_day_logo,cemhsey_forward_day_logo|D09,agency_margin_tau_0.10,S12,grasp_protocol,D09,42,0.19047619047619047,0.16666666666666666,0.6190476190476191,20.0,5.0,20.0,20.0
cemhsey,cemhsey_forward_day_logo,cemhsey_forward_day_logo|D09,agency_margin_tau_0.10,S13,grasp_protocol,D09,42,0.3333333333333333,0.3333333333333333,0.7142857142857143,20.0,5.0,20.0,20.0
cemhsey,cemhsey_forward_day_logo,cemhsey_forward_day_logo|D09,agency_margin_tau_0.10,S2,grasp_protocol,D09,42,0.35714285714285715,0.3333333333333333,0.8095238095238095,20.0,5.0,20.0,20.0
cemhsey,cemhsey_forward_day_logo,cemhsey_forward_day_logo|D09,agency_margin_tau_0.10,S3,grasp_protocol,D09,42,0.23809523809523808,0.21428571428571427,0.6666666666666666,20.0,5.0,20.0,20.0
cemhsey,cemhsey_forward_day_logo,cemhsey_forward_day_logo|D09,agency_margin_tau_0.10,S4,grasp_protocol,D09,42,0.30952380952380953,0.2857142857142857,0.5714285714285714,20.0,5.0,20.0,20.0
cemhsey,cemhsey_forward_day_logo,cemhsey_forward_day_logo|D09,agency_margin_tau_0.10,S5,grasp_protocol,D09,42,0.21428571428571427,0.16666666666666666,0.5714285714285714,15.0,5.0,20.0,20.0
cemhsey,cemhsey_forward_day_logo,cemhsey_forward_day_logo|D09,agency_margin_tau_0.10,S6,grasp_protocol,D09,42,0.35714285714285715,0.3333333333333333,0.7142857142857143,20.0,5.0,20.0,20.0
cemhsey,cemhsey_forward_day_logo,cemhsey_forward_day_logo|D09,agency_margin_tau_0.10,S7,grasp_protocol,D09,42,0.35714285714285715,0.3333333333333333,0.5476190476190477,20.0,5.0,20.0,20.0
cemhsey,cemhsey_forward_day_logo,cemhsey_forward_day_logo|D09,agency_margin_tau_0.10,S8,grasp_protocol,D09,42,0.09523809523809523,0.047619047619047616,0.11904761904761904,10.0,5.0,10.0,12.5
cemhsey,cemhsey_forward_day_logo,cemhsey_forward_day_logo|D09,agency_margin_tau_0.10,S9,grasp_protocol,D09,42,0.11904761904761904,0.09523809523809523,0.38095238095238093,20.0,5.0,20.0,20.0
cemhsey,cemhsey_forward_day_logo,cemhsey_forward_day_logo|D09,agency_margin_tau_0.15,S1,grasp_protocol,D09,42,0.3333333333333333,0.30952380952380953,0.7857142857142857,20.0,5.0,20.0,20.0
cemhsey,cemhsey_forward_day_logo,cemhsey_forward_day_logo|D09,agency_margin_tau_0.15,S10,grasp_protocol,D09,42,0.16666666666666666,0.14285714285714285,0.42857142857142855,20.0,5.0,20.0,20.0
cemhsey,cemhsey_forward_day_logo,cemhsey_forward_day_logo|D09,agency_margin_tau_0.15,S11,grasp_protocol,D09,42,0.35714285714285715,0.3333333333333333,0.7142857142857143,20.0,5.0,20.0,20.0
cemhsey,cemhsey_forward_day_logo,cemhsey_forward_day_logo|D09,agency_margin_tau_0.15,S12,grasp_protocol,D09,42,0.2619047619047619,0.2619047619047619,0.6904761904761905,20.0,5.0,20.0,20.0
cemhsey,cemhsey_forward_day_logo,cemhsey_forward_day_logo|D09,agency_margin_tau_0.15,S13,grasp_protocol,D09,42,0.38095238095238093,0.38095238095238093,0.7619047619047619,20.0,5.0,20.0,20.0
cemhsey,cemhsey_forward_day_logo,cemhsey_forward_day_logo|D09,agency_margin_tau_0.15,S2,grasp_protocol,D09,42,0.40476190476190477,0.38095238095238093,0.8333333333333334,20.0,5.0,20.0,20.0
cemhsey,cemhsey_forward_day_logo,cemhsey_forward_day_logo|D09,agency_margin_tau_0.15,S3,grasp_protocol,D09,42,0.21428571428571427,0.19047619047619047,0.6428571428571429,20.0,5.0,15.0,17.5
cemhsey,cemhsey_forward_day_logo,cemhsey_forward_day_logo|D09,agency_margin_tau_0.15,S4,grasp_protocol,D09,42,0.38095238095238093,0.38095238095238093,0.6428571428571429,20.0,5.0,20.0,20.0
cemhsey,cemhsey_forward_day_logo,cemhsey_forward_day_logo|D09,agency_margin_tau_0.15,S5,grasp_protocol,D09,42,0.35714285714285715,0.30952380952380953,0.7142857142857143,20.0,5.0,20.0,20.0
cemhsey,cemhsey_forward_day_logo,cemhsey_forward_day_logo|D09,agency_margin_tau_0.15,S6,grasp_protocol,D09,42,0.42857142857142855,0.40476190476190477,0.7857142857142857,20.0,5.0,20.0,20.0
cemhsey,cemhsey_forward_day_logo,cemhsey_forward_day_logo|D09,agency_margin_tau_0.15,S7,grasp_protocol,D09,42,0.40476190476190477,0.38095238095238093,0.5952380952380952,20.0,5.0,20.0,20.0
cemhsey,cemhsey_forward_day_logo,cemhsey_forward_day_logo|D09,agency_margin_tau_0.15,S8,grasp_protocol,D09,42,0.11904761904761904,0.07142857142857142,0.14285714285714285,15.0,5.0,15.0,20.0
cemhsey,cemhsey_forward_day_logo,cemhsey_forward_day_logo|D09,agency_margin_tau_0.15,S9,grasp_protocol,D09,42,0.14285714285714285,0.11904761904761904,0.40476190476190477,20.0,5.0,20.0,20.0
cemhsey,cemhsey_forward_day_logo,cemhsey_forward_day_logo|D09,agency_margin_tau_0.20,S1,grasp_protocol,D09,42,0.40476190476190477,0.40476190476190477,0.8809523809523809,20.0,5.0,20.0,20.0
cemhsey,cemhsey_forward_day_logo,cemhsey_forward_day_logo|D09,agency_margin_tau_0.20,S10,grasp_protocol,D09,42,0.16666666666666666,0.14285714285714285,0.42857142857142855,20.0,5.0,20.0,20.0
cemhsey,cemhsey_forward_day_logo,cemhsey_forward_day_logo|D09,agency_margin_tau_0.20,S11,grasp_protocol,D09,42,0.5,0.47619047619047616,0.8571428571428571,20.0,5.0,20.0,20.0
cemhsey,cemhsey_forward_day_logo,cemhsey_forward_day_logo|D09,agency_margin_tau_0.20,S12,grasp_protocol,D09,42,0.23809523809523808,0.23809523809523808,0.6666666666666666,20.0,5.0,20.0,20.0
cemhsey,cemhsey_forward_day_logo,cemhsey_forward_day_logo|D09,agency_margin_tau_0.20,S13,grasp_protocol,D09,42,0.38095238095238093,0.38095238095238093,0.7380952380952381,20.0,5.0,20.0,20.0
cemhsey,cemhsey_forward_day_logo,cemhsey_forward_day_logo|D09,agency_margin_tau_0.20,S2,grasp_protocol,D09,42,0.47619047619047616,0.47619047619047616,0.9285714285714286,20.0,5.0,20.0,20.0
cemhsey,cemhsey_forward_day_logo,cemhsey_forward_day_logo|D09,agency_margin_tau_0.20,S3,grasp_protocol,D09,42,0.21428571428571427,0.19047619047619047,0.6190476190476191,20.0,5.0,15.0,17.5
cemhsey,cemhsey_forward_day_logo,cemhsey_forward_day_logo|D09,agency_margin_tau_0.20,S4,grasp_protocol,D09,42,0.4523809523809524,0.4523809523809524,0.7142857142857143,20.0,5.0,20.0,20.0
cemhsey,cemhsey_forward_day_logo,cemhsey_forward_day_logo|D09,agency_margin_tau_0.20,S5,grasp_protocol,D09,42,0.42857142857142855,0.38095238095238093,0.7619047619047619,20.0,5.0,20.0,20.0
cemhsey,cemhsey_forward_day_logo,cemhsey_forward_day_logo|D09,agency_margin_tau_0.20,S6,grasp_protocol,D09,42,0.47619047619047616,0.4523809523809524,0.8333333333333334,20.0,5.0,20.0,20.0
cemhsey,cemhsey_forward_day_logo,cemhsey_forward_day_logo|D09,agency_margin_tau_0.20,S7,grasp_protocol,D09,42,0.40476190476190477,0.38095238095238093,0.5952380952380952,20.0,5.0,20.0,20.0
cemhsey,cemhsey_forward_day_logo,cemhsey_forward_day_logo|D09,agency_margin_tau_0.20,S8,grasp_protocol,D09,42,0.14285714285714285,0.11904761904761904,0.19047619047619047,20.0,5.0,15.0,20.0
cemhsey,cemhsey_forward_day_logo,cemhsey_forward_day_logo|D09,agency_margin_tau_0.20,S9,grasp_protocol,D09,42,0.16666666666666666,0.14285714285714285,0.42857142857142855,20.0,5.0,20.0,20.0
cemhsey,cemhsey_forward_day_logo,cemhsey_forward_day_logo|D09,assist_only,S1,grasp_protocol,D09,42,0.5,0.5,0.9761904761904762,20.0,5.0,20.0,20.0
cemhsey,cemhsey_forward_day_logo,cemhsey_forward_day_logo|D09,assist_only,S10,grasp_protocol,D09,42,0.30952380952380953,0.21428571428571427,0.47619047619047616,10.0,10.0,15.0,20.0
cemhsey,cemhsey_forward_day_logo,cemhsey_forward_day_logo|D09,assist_only,S11,grasp_protocol,D09,42,0.5952380952380952,0.5476190476190477,0.8333333333333334,20.0,5.0,20.0,20.0
cemhsey,cemhsey_forward_day_logo,cemhsey_forward_day_logo|D09,assist_only,S12,grasp_protocol,D09,42,0.5714285714285714,0.4523809523809524,0.7857142857142857,15.0,5.0,15.0,20.0
cemhsey,cemhsey_forward_day_logo,cemhsey_forward_day_logo|D09,assist_only,S13,grasp_protocol,D09,42,0.5238095238095238,0.47619047619047616,0.7619047619047619,10.0,5.0,20.0,20.0
cemhsey,cemhsey_forward_day_logo,cemhsey_forward_day_logo|D09,assist_only,S2,grasp_protocol,D09,42,0.5238095238095238,0.5238095238095238,0.9047619047619048,20.0,5.0,20.0,20.0
cemhsey,cemhsey_forward_day_logo,cemhsey_forward_day_logo|D09,assist_only,S3,grasp_protocol,D09,42,0.38095238095238093,0.30952380952380953,0.6428571428571429,10.0,5.0,12.5,15.0
cemhsey,cemhsey_forward_day_logo,cemhsey_forward_day_logo|D09,assist_only,S4,grasp_protocol,D09,42,0.5952380952380952,0.5,0.7380952380952381,10.0,5.0,20.0,20.0
cemhsey,cemhsey_forward_day_logo,cemhsey_forward_day_logo|D09,assist_only,S5,grasp_protocol,D09,42,0.5238095238095238,0.42857142857142855,0.7380952380952381,10.0,5.0,20.0,20.0
cemhsey,cemhsey_forward_day_logo,cemhsey_forward_day_logo|D09,assist_only,S6,grasp_protocol,D09,42,0.6428571428571429,0.6190476190476191,0.9285714285714286,20.0,5.0,20.0,20.0
cemhsey,cemhsey_forward_day_logo,cemhsey_forward_day_logo|D09,assist_only,S7,grasp_protocol,D09,42,0.5476190476190477,0.47619047619047616,0.6428571428571429,15.0,5.0,20.0,20.0
cemhsey,cemhsey_forward_day_logo,cemhsey_forward_day_logo|D09,assist_only,S8,grasp_protocol,D09,42,0.23809523809523808,0.19047619047619047,0.21428571428571427,10.0,5.0,15.0,20.0
cemhsey,cemhsey_forward_day_logo,cemhsey_forward_day_logo|D09,assist_only,S9,grasp_protocol,D09,42,0.38095238095238093,0.2857142857142857,0.42857142857142855,5.0,5.0,15.0,17.5
cemhsey,cemhsey_forward_day_logo,cemhsey_forward_day_logo|D09,confidence_blend_alpha_0.25,S1,grasp_protocol,D09,42,0.2857142857142857,0.2619047619047619,0.7380952380952381,20.0,5.0,20.0,20.0
cemhsey,cemhsey_forward_day_logo,cemhsey_forward_day_logo|D09,confidence_blend_alpha_0.25,S10,grasp_protocol,D09,42,0.11904761904761904,0.09523809523809523,0.40476190476190477,20.0,5.0,20.0,20.0
cemhsey,cemhsey_forward_day_logo,cemhsey_forward_day_logo|D09,confidence_blend_alpha_0.25,S11,grasp_protocol,D09,42,0.40476190476190477,0.35714285714285715,0.7619047619047619,20.0,5.0,20.0,20.0
cemhsey,cemhsey_forward_day_logo,cemhsey_forward_day_logo|D09,confidence_blend_alpha_0.25,S12,grasp_protocol,D09,42,0.23809523809523808,0.21428571428571427,0.6666666666666666,20.0,5.0,20.0,20.0
cemhsey,cemhsey_forward_day_logo,cemhsey_forward_day_logo|D09,confidence_blend_alpha_0.25,S13,grasp_protocol,D09,42,0.30952380952380953,0.30952380952380953,0.6904761904761905,20.0,5.0,20.0,20.0
cemhsey,cemhsey_forward_day_logo,cemhsey_forward_day_logo|D09,confidence_blend_alpha_0.25,S2,grasp_protocol,D09,42,0.40476190476190477,0.40476190476190477,0.9047619047619048,20.0,5.0,20.0,20.0
cemhsey,cemhsey_forward_day_logo,cemhsey_forward_day_logo|D09,confidence_blend_alpha_0.25,S3,grasp_protocol,D09,42,0.30952380952380953,0.2857142857142857,0.7142857142857143,15.0,5.0,20.0,20.0
cemhsey,cemhsey_forward_day_logo,cemhsey_forward_day_logo|D09,confidence_blend_alpha_0.25,S4,grasp_protocol,D09,42,0.2857142857142857,0.23809523809523808,0.5476190476190477,20.0,5.0,20.0,20.0
cemhsey,cemhsey_forward_day_logo,cemhsey_forward_day_logo|D09,confidence_blend_alpha_0.25,S5,grasp_protocol,D09,42,0.3333333333333333,0.2857142857142857,0.6666666666666666,20.0,5.0,20.0,20.0
cemhsey,cemhsey_forward_day_logo,cemhsey_forward_day_logo|D09,confidence_blend_alpha_0.25,S6,grasp_protocol,D09,42,0.35714285714285715,0.3333333333333333,0.7142857142857143,20.0,5.0,20.0,20.0
cemhsey,cemhsey_forward_day_logo,cemhsey_forward_day_logo|D09,confidence_blend_alpha_0.25,S7,grasp_protocol,D09,42,0.30952380952380953,0.23809523809523808,0.4523809523809524,20.0,5.0,20.0,20.0
cemhsey,cemhsey_forward_day_logo,cemhsey_forward_day_logo|D09,confidence_blend_alpha_0.25,S8,grasp_protocol,D09,42,0.14285714285714285,0.09523809523809523,0.19047619047619047,20.0,5.0,20.0,20.0
cemhsey,cemhsey_forward_day_logo,cemhsey_forward_day_logo|D09,confidence_blend_alpha_0.25,S9,grasp_protocol,D09,42,0.09523809523809523,0.07142857142857142,0.3333333333333333,20.0,5.0,17.5,20.0
cemhsey,cemhsey_forward_day_logo,cemhsey_forward_day_logo|D09,confidence_blend_alpha_0.50,S1,grasp_protocol,D09,42,0.47619047619047616,0.47619047619047616,0.9523809523809523,20.0,5.0,20.0,20.0
cemhsey,cemhsey_forward_day_logo,cemhsey_forward_day_logo|D09,confidence_blend_alpha_0.50,S10,grasp_protocol,D09,42,0.21428571428571427,0.21428571428571427,0.47619047619047616,20.0,5.0,20.0,20.0
cemhsey,cemhsey_forward_day_logo,cemhsey_forward_day_logo|D09,confidence_blend_alpha_0.50,S11,grasp_protocol,D09,42,0.5952380952380952,0.5714285714285714,0.9047619047619048,20.0,5.0,20.0,20.0
cemhsey,cemhsey_forward_day_logo,cemhsey_forward_day_logo|D09,confidence_blend_alpha_0.50,S12,grasp_protocol,D09,42,0.40476190476190477,0.38095238095238093,0.8095238095238095,20.0,5.0,20.0,20.0
cemhsey,cemhsey_forward_day_logo,cemhsey_forward_day_logo|D09,confidence_blend_alpha_0.50,S13,grasp_protocol,D09,42,0.4523809523809524,0.4523809523809524,0.7857142857142857,20.0,5.0,20.0,20.0
cemhsey,cemhsey_forward_day_logo,cemhsey_forward_day_logo|D09,confidence_blend_alpha_0.50,S2,grasp_protocol,D09,42,0.5476190476190477,0.5476190476190477,0.9761904761904762,20.0,5.0,20.0,20.0
cemhsey,cemhsey_forward_day_logo,cemhsey_forward_day_logo|D09,confidence_blend_alpha_0.50,S3,grasp_protocol,D09,42,0.3333333333333333,0.30952380952380953,0.7380952380952381,15.0,5.0,20.0,20.0
cemhsey,cemhsey_forward_day_logo,cemhsey_forward_day_logo|D09,confidence_blend_alpha_0.50,S4,grasp_protocol,D09,42,0.42857142857142855,0.40476190476190477,0.6904761904761905,20.0,5.0,20.0,20.0
cemhsey,cemhsey_forward_day_logo,cemhsey_forward_day_logo|D09,confidence_blend_alpha_0.50,S5,grasp_protocol,D09,42,0.4523809523809524,0.38095238095238093,0.7380952380952381,20.0,5.0,20.0,20.0
cemhsey,cemhsey_forward_day_logo,cemhsey_forward_day_logo|D09,confidence_blend_alpha_0.50,S6,grasp_protocol,D09,42,0.5238095238095238,0.47619047619047616,0.8571428571428571,20.0,5.0,20.0,20.0
cemhsey,cemhsey_forward_day_logo,cemhsey_forward_day_logo|D09,confidence_blend_alpha_0.50,S7,grasp_protocol,D09,42,0.42857142857142855,0.38095238095238093,0.5952380952380952,20.0,5.0,20.0,20.0
cemhsey,cemhsey_forward_day_logo,cemhsey_forward_day_logo|D09,confidence_blend_alpha_0.50,S8,grasp_protocol,D09,42,0.16666666666666666,0.09523809523809523,0.19047619047619047,20.0,5.0,20.0,20.0
cemhsey,cemhsey_forward_day_logo,cemhsey_forward_day_logo|D09,confidence_blend_alpha_0.50,S9,grasp_protocol,D09,42,0.30952380952380953,0.2619047619047619,0.5238095238095238,20.0,5.0,20.0,20.0
cemhsey,cemhsey_forward_day_logo,cemhsey_forward_day_logo|D09,confidence_blend_alpha_0.75,S1,grasp_protocol,D09,42,0.5,0.5,0.9761904761904762,20.0,5.0,20.0,20.0
cemhsey,cemhsey_forward_day_logo,cemhsey_forward_day_logo|D09,confidence_blend_alpha_0.75,S10,grasp_protocol,D09,42,0.2857142857142857,0.23809523809523808,0.5,10.0,5.0,20.0,20.0
cemhsey,cemhsey_forward_day_logo,cemhsey_forward_day_logo|D09,confidence_blend_alpha_0.75,S11,grasp_protocol,D09,42,0.5714285714285714,0.5238095238095238,0.8333333333333334,20.0,5.0,20.0,20.0
cemhsey,cemhsey_forward_day_logo,cemhsey_forward_day_logo|D09,confidence_blend_alpha_0.75,S12,grasp_protocol,D09,42,0.5476190476190477,0.4523809523809524,0.8095238095238095,15.0,5.0,15.0,20.0
cemhsey,cemhsey_forward_day_logo,cemhsey_forward_day_logo|D09,confidence_blend_alpha_0.75,S13,grasp_protocol,D09,42,0.5238095238095238,0.5,0.8095238095238095,20.0,5.0,20.0,20.0
cemhsey,cemhsey_forward_day_logo,cemhsey_forward_day_logo|D09,confidence_blend_alpha_0.75,S2,grasp_protocol,D09,42,0.5238095238095238,0.5238095238095238,0.9047619047619048,20.0,5.0,20.0,20.0
cemhsey,cemhsey_forward_day_logo,cemhsey_forward_day_logo|D09,confidence_blend_alpha_0.75,S3,grasp_protocol,D09,42,0.35714285714285715,0.3333333333333333,0.6666666666666666,15.0,5.0,15.0,17.5
cemhsey,cemhsey_forward_day_logo,cemhsey_forward_day_logo|D09,confidence_blend_alpha_0.75,S4,grasp_protocol,D09,42,0.5714285714285714,0.5238095238095238,0.7619047619047619,20.0,5.0,20.0,20.0
cemhsey,cemhsey_forward_day_logo,cemhsey_forward_day_logo|D09,confidence_blend_alpha_0.75,S5,grasp_protocol,D09,42,0.5238095238095238,0.42857142857142855,0.7380952380952381,10.0,5.0,20.0,20.0
cemhsey,cemhsey_forward_day_logo,cemhsey_forward_day_logo|D09,confidence_blend_alpha_0.75,S6,grasp_protocol,D09,42,0.5952380952380952,0.5714285714285714,0.9285714285714286,20.0,5.0,20.0,20.0
cemhsey,cemhsey_forward_day_logo,cemhsey_forward_day_logo|D09,confidence_blend_alpha_0.75,S7,grasp_protocol,D09,42,0.5,0.4523809523809524,0.6428571428571429,20.0,5.0,20.0,20.0
cemhsey,cemhsey_forward_day_logo,cemhsey_forward_day_logo|D09,confidence_blend_alpha_0.75,S8,grasp_protocol,D09,42,0.21428571428571427,0.14285714285714285,0.19047619047619047,10.0,5.0,10.0,20.0
cemhsey,cemhsey_forward_day_logo,cemhsey_forward_day_logo|D09,confidence_blend_alpha_0.75,S9,grasp_protocol,D09,42,0.35714285714285715,0.2619047619047619,0.4523809523809524,10.0,5.0,15.0,20.0
cemhsey,cemhsey_forward_day_logo,cemhsey_forward_day_logo|D09,plain_conf_threshold_matched_tau_0.02,S1,grasp_protocol,D09,42,0.0,0.0,0.47619047619047616,,5.0,,
cemhsey,cemhsey_forward_day_logo,cemhsey_forward_day_logo|D09,plain_conf_threshold_matched_tau_0.02,S10,grasp_protocol,D09,42,0.0,0.0,0.3333333333333333,,5.0,,
cemhsey,cemhsey_forward_day_logo,cemhsey_forward_day_logo|D09,plain_conf_threshold_matched_tau_0.02,S11,grasp_protocol,D09,42,0.0,0.0,0.47619047619047616,20.0,5.0,,
cemhsey,cemhsey_forward_day_logo,cemhsey_forward_day_logo|D09,plain_conf_threshold_matched_tau_0.02,S12,grasp_protocol,D09,42,0.0,0.0,0.4523809523809524,,5.0,,
cemhsey,cemhsey_forward_day_logo,cemhsey_forward_day_logo|D09,plain_conf_threshold_matched_tau_0.02,S13,grasp_protocol,D09,42,0.0,0.0,0.42857142857142855,,5.0,,
cemhsey,cemhsey_forward_day_logo,cemhsey_forward_day_logo|D09,plain_conf_threshold_matched_tau_0.02,S2,grasp_protocol,D09,42,0.0,0.0,0.5,,5.0,,
cemhsey,cemhsey_forward_day_logo,cemhsey_forward_day_logo|D09,plain_conf_threshold_matched_tau_0.02,S3,grasp_protocol,D09,42,0.0,0.0,0.4523809523809524,,5.0,,
cemhsey,cemhsey_forward_day_logo,cemhsey_forward_day_logo|D09,plain_conf_threshold_matched_tau_0.02,S4,grasp_protocol,D09,42,0.0,0.0,0.3333333333333333,,5.0,,
cemhsey,cemhsey_forward_day_logo,cemhsey_forward_day_logo|D09,plain_conf_threshold_matched_tau_0.02,S5,grasp_protocol,D09,42,0.023809523809523808,0.023809523809523808,0.4523809523809524,20.0,5.0,20.0,20.0
cemhsey,cemhsey_forward_day_logo,cemhsey_forward_day_logo|D09,plain_conf_threshold_matched_tau_0.02,S6,grasp_protocol,D09,42,0.0,0.0,0.42857142857142855,,5.0,,
cemhsey,cemhsey_forward_day_logo,cemhsey_forward_day_logo|D09,plain_conf_threshold_matched_tau_0.02,S7,grasp_protocol,D09,42,0.0,0.0,0.23809523809523808,,5.0,,
cemhsey,cemhsey_forward_day_logo,cemhsey_forward_day_logo|D09,plain_conf_threshold_matched_tau_0.02,S8,grasp_protocol,D09,42,0.0,0.0,0.11904761904761904,,5.0,,
cemhsey,cemhsey_forward_day_logo,cemhsey_forward_day_logo|D09,plain_conf_threshold_matched_tau_0.02,S9,grasp_protocol,D09,42,0.0,0.0,0.2857142857142857,,5.0,,
cemhsey,cemhsey_forward_day_logo,cemhsey_forward_day_logo|D09,plain_conf_threshold_matched_tau_0.05,S1,grasp_protocol,D09,42,0.0,0.0,0.5476190476190477,20.0,5.0,,
cemhsey,cemhsey_forward_day_logo,cemhsey_forward_day_logo|D09,plain_conf_threshold_matched_tau_0.05,S10,grasp_protocol,D09,42,0.0,0.0,0.3333333333333333,,5.0,,
cemhsey,cemhsey_forward_day_logo,cemhsey_forward_day_logo|D09,plain_conf_threshold_matched_tau_0.05,S11,grasp_protocol,D09,42,0.0,0.0,0.47619047619047616,20.0,5.0,,
cemhsey,cemhsey_forward_day_logo,cemhsey_forward_day_logo|D09,plain_conf_threshold_matched_tau_0.05,S12,grasp_protocol,D09,42,0.023809523809523808,0.023809523809523808,0.47619047619047616,20.0,5.0,20.0,20.0
cemhsey,cemhsey_forward_day_logo,cemhsey_forward_day_logo|D09,plain_conf_threshold_matched_tau_0.05,S13,grasp_protocol,D09,42,0.0,0.0,0.42857142857142855,,5.0,,
cemhsey,cemhsey_forward_day_logo,cemhsey_forward_day_logo|D09,plain_conf_threshold_matched_tau_0.05,S2,grasp_protocol,D09,42,0.047619047619047616,0.047619047619047616,0.5714285714285714,20.0,5.0,20.0,20.0
cemhsey,cemhsey_forward_day_logo,cemhsey_forward_day_logo|D09,plain_conf_threshold_matched_tau_0.05,S3,grasp_protocol,D09,42,0.0,0.0,0.4523809523809524,,5.0,,
cemhsey,cemhsey_forward_day_logo,cemhsey_forward_day_logo|D09,plain_conf_threshold_matched_tau_0.05,S4,grasp_protocol,D09,42,0.0,0.0,0.3333333333333333,,5.0,,
cemhsey,cemhsey_forward_day_logo,cemhsey_forward_day_logo|D09,plain_conf_threshold_matched_tau_0.05,S5,grasp_protocol,D09,42,0.023809523809523808,0.023809523809523808,0.47619047619047616,20.0,5.0,20.0,20.0
cemhsey,cemhsey_forward_day_logo,cemhsey_forward_day_logo|D09,plain_conf_threshold_matched_tau_0.05,S6,grasp_protocol,D09,42,0.047619047619047616,0.047619047619047616,0.5,20.0,5.0,20.0,20.0
cemhsey,cemhsey_forward_day_logo,cemhsey_forward_day_logo|D09,plain_conf_threshold_matched_tau_0.05,S7,grasp_protocol,D09,42,0.0,0.0,0.23809523809523808,,5.0,,
cemhsey,cemhsey_forward_day_logo,cemhsey_forward_day_logo|D09,plain_conf_threshold_matched_tau_0.05,S8,grasp_protocol,D09,42,0.0,0.0,0.11904761904761904,,5.0,,
cemhsey,cemhsey_forward_day_logo,cemhsey_forward_day_logo|D09,plain_conf_threshold_matched_tau_0.05,S9,grasp_protocol,D09,42,0.0,0.0,0.2857142857142857,,5.0,,
cemhsey,cemhsey_forward_day_logo,cemhsey_forward_day_logo|D09,plain_conf_threshold_matched_tau_0.10,S1,grasp_protocol,D09,42,0.07142857142857142,0.07142857142857142,0.6904761904761905,20.0,5.0,20.0,20.0
cemhsey,cemhsey_forward_day_logo,cemhsey_forward_day_logo|D09,plain_conf_threshold_matched_tau_0.10,S10,grasp_protocol,D09,42,0.0,0.0,0.3333333333333333,,5.0,,
cemhsey,cemhsey_forward_day_logo,cemhsey_forward_day_logo|D09,plain_conf_threshold_matched_tau_0.10,S11,grasp_protocol,D09,42,0.023809523809523808,0.023809523809523808,0.5476190476190477,20.0,5.0,20.0,20.0
cemhsey,cemhsey_forward_day_logo,cemhsey_forward_day_logo|D09,plain_conf_threshold_matched_tau_0.10,S12,grasp_protocol,D09,42,0.047619047619047616,0.047619047619047616,0.5238095238095238,20.0,5.0,20.0,20.0
cemhsey,cemhsey_forward_day_logo,cemhsey_forward_day_logo|D09,plain_conf_threshold_matched_tau_0.10,S13,grasp_protocol,D09,42,0.0,0.0,0.42857142857142855,,5.0,,
cemhsey,cemhsey_forward_day_logo,cemhsey_forward_day_logo|D09,plain_conf_threshold_matched_tau_0.10,S2,grasp_protocol,D09,42,0.07142857142857142,0.07142857142857142,0.6904761904761905,20.0,5.0,20.0,20.0
cemhsey,cemhsey_forward_day_logo,cemhsey_forward_day_logo|D09,plain_conf_threshold_matched_tau_0.10,S3,grasp_protocol,D09,42,0.0,0.0,0.47619047619047616,20.0,5.0,,
cemhsey,cemhsey_forward_day_logo,cemhsey_forward_day_logo|D09,plain_conf_threshold_matched_tau_0.10,S4,grasp_protocol,D09,42,0.0,0.0,0.3333333333333333,,5.0,,
cemhsey,cemhsey_forward_day_logo,cemhsey_forward_day_logo|D09,plain_conf_threshold_matched_tau_0.10,S5,grasp_protocol,D09,42,0.11904761904761904,0.09523809523809523,0.5476190476190477,20.0,5.0,20.0,20.0
cemhsey,cemhsey_forward_day_logo,cemhsey_forward_day_logo|D09,plain_conf_threshold_matched_tau_0.10,S6,grasp_protocol,D09,42,0.19047619047619047,0.19047619047619047,0.6190476190476191,20.0,5.0,20.0,20.0
cemhsey,cemhsey_forward_day_logo,cemhsey_forward_day_logo|D09,plain_conf_threshold_matched_tau_0.10,S7,grasp_protocol,D09,42,0.0,0.0,0.23809523809523808,,5.0,,
cemhsey,cemhsey_forward_day_logo,cemhsey_forward_day_logo|D09,plain_conf_threshold_matched_tau_0.10,S8,grasp_protocol,D09,42,0.0,0.0,0.14285714285714285,20.0,5.0,,
cemhsey,cemhsey_forward_day_logo,cemhsey_forward_day_logo|D09,plain_conf_threshold_matched_tau_0.10,S9,grasp_protocol,D09,42,0.0,0.0,0.2857142857142857,,5.0,,
cemhsey,cemhsey_forward_day_logo,cemhsey_forward_day_logo|D09,plain_conf_threshold_matched_tau_0.15,S1,grasp_protocol,D09,42,0.23809523809523808,0.23809523809523808,0.7380952380952381,20.0,5.0,20.0,20.0
cemhsey,cemhsey_forward_day_logo,cemhsey_forward_day_logo|D09,plain_conf_threshold_matched_tau_0.15,S10,grasp_protocol,D09,42,0.023809523809523808,0.023809523809523808,0.35714285714285715,20.0,5.0,20.0,20.0
cemhsey,cemhsey_forward_day_logo,cemhsey_forward_day_logo|D09,plain_conf_threshold_matched_tau_0.15,S11,grasp_protocol,D09,42,0.07142857142857142,0.07142857142857142,0.5476190476190477,20.0,5.0,20.0,20.0
cemhsey,cemhsey_forward_day_logo,cemhsey_forward_day_logo|D09,plain_conf_threshold_matched_tau_0.15,S12,grasp_protocol,D09,42,0.07142857142857142,0.07142857142857142,0.5238095238095238,20.0,5.0,20.0,20.0
cemhsey,cemhsey_forward_day_logo,cemhsey_forward_day_logo|D09,plain_conf_threshold_matched_tau_0.15,S13,grasp_protocol,D09,42,0.047619047619047616,0.047619047619047616,0.47619047619047616,20.0,5.0,20.0,20.0
cemhsey,cemhsey_forward_day_logo,cemhsey_forward_day_logo|D09,plain_conf_threshold_matched_tau_0.15,S2,grasp_protocol,D09,42,0.14285714285714285,0.14285714285714285,0.7380952380952381,20.0,5.0,20.0,20.0
cemhsey,cemhsey_forward_day_logo,cemhsey_forward_day_logo|D09,plain_conf_threshold_matched_tau_0.15,S3,grasp_protocol,D09,42,0.023809523809523808,0.023809523809523808,0.47619047619047616,20.0,5.0,20.0,20.0
cemhsey,cemhsey_forward_day_logo,cemhsey_forward_day_logo|D09,plain_conf_threshold_matched_tau_0.15,S4,grasp_protocol,D09,42,0.023809523809523808,0.023809523809523808,0.35714285714285715,20.0,5.0,20.0,20.0
cemhsey,cemhsey_forward_day_logo,cemhsey_forward_day_logo|D09,plain_conf_threshold_matched_tau_0.15,S5,grasp_protocol,D09,42,0.16666666666666666,0.14285714285714285,0.5476190476190477,20.0,5.0,20.0,20.0
cemhsey,cemhsey_forward_day_logo,cemhsey_forward_day_logo|D09,plain_conf_threshold_matched_tau_0.15,S6,grasp_protocol,D09,42,0.2619047619047619,0.2619047619047619,0.6904761904761905,20.0,5.0,20.0,20.0
cemhsey,cemhsey_forward_day_logo,cemhsey_forward_day_logo|D09,plain_conf_threshold_matched_tau_0.15,S7,grasp_protocol,D09,42,0.0,0.0,0.23809523809523808,,5.0,,
cemhsey,cemhsey_forward_day_logo,cemhsey_forward_day_logo|D09,plain_conf_threshold_matched_tau_0.15,S8,grasp_protocol,D09,42,0.0,0.0,0.14285714285714285,20.0,5.0,,
cemhsey,cemhsey_forward_day_logo,cemhsey_forward_day_logo|D09,plain_conf_threshold_matched_tau_0.15,S9,grasp_protocol,D09,42,0.0,0.0,0.2857142857142857,,5.0,,
cemhsey,cemhsey_forward_day_logo,cemhsey_forward_day_logo|D09,plain_conf_threshold_matched_tau_0.20,S1,grasp_protocol,D09,42,0.23809523809523808,0.23809523809523808,0.7380952380952381,20.0,5.0,20.0,20.0
cemhsey,cemhsey_forward_day_logo,cemhsey_forward_day_logo|D09,plain_conf_threshold_matched_tau_0.20,S10,grasp_protocol,D09,42,0.023809523809523808,0.023809523809523808,0.35714285714285715,20.0,5.0,20.0,20.0
cemhsey,cemhsey_forward_day_logo,cemhsey_forward_day_logo|D09,plain_conf_threshold_matched_tau_0.20,S11,grasp_protocol,D09,42,0.11904761904761904,0.11904761904761904,0.5714285714285714,20.0,5.0,20.0,20.0
cemhsey,cemhsey_forward_day_logo,cemhsey_forward_day_logo|D09,plain_conf_threshold_matched_tau_0.20,S12,grasp_protocol,D09,42,0.09523809523809523,0.09523809523809523,0.5714285714285714,20.0,5.0,20.0,20.0
cemhsey,cemhsey_forward_day_logo,cemhsey_forward_day_logo|D09,plain_conf_threshold_matched_tau_0.20,S13,grasp_protocol,D09,42,0.047619047619047616,0.047619047619047616,0.5,20.0,5.0,20.0,20.0
cemhsey,cemhsey_forward_day_logo,cemhsey_forward_day_logo|D09,plain_conf_threshold_matched_tau_0.20,S2,grasp_protocol,D09,42,0.21428571428571427,0.21428571428571427,0.7380952380952381,20.0,5.0,20.0,20.0
cemhsey,cemhsey_forward_day_logo,cemhsey_forward_day_logo|D09,plain_conf_threshold_matched_tau_0.20,S3,grasp_protocol,D09,42,0.023809523809523808,0.023809523809523808,0.5238095238095238,20.0,5.0,20.0,20.0
cemhsey,cemhsey_forward_day_logo,cemhsey_forward_day_logo|D09,plain_conf_threshold_matched_tau_0.20,S4,grasp_protocol,D09,42,0.023809523809523808,0.023809523809523808,0.35714285714285715,20.0,5.0,20.0,20.0
cemhsey,cemhsey_forward_day_logo,cemhsey_forward_day_logo|D09,plain_conf_threshold_matched_tau_0.20,S5,grasp_protocol,D09,42,0.16666666666666666,0.16666666666666666,0.5476190476190477,20.0,5.0,20.0,20.0
cemhsey,cemhsey_forward_day_logo,cemhsey_forward_day_logo|D09,plain_conf_threshold_matched_tau_0.20,S6,grasp_protocol,D09,42,0.2619047619047619,0.2619047619047619,0.7142857142857143,20.0,5.0,20.0,20.0
cemhsey,cemhsey_forward_day_logo,cemhsey_forward_day_logo|D09,plain_conf_threshold_matched_tau_0.20,S7,grasp_protocol,D09,42,0.0,0.0,0.23809523809523808,,5.0,,
cemhsey,cemhsey_forward_day_logo,cemhsey_forward_day_logo|D09,plain_conf_threshold_matched_tau_0.20,S8,grasp_protocol,D09,42,0.023809523809523808,0.023809523809523808,0.14285714285714285,20.0,5.0,20.0,20.0
cemhsey,cemhsey_forward_day_logo,cemhsey_forward_day_logo|D09,plain_conf_threshold_matched_tau_0.20,S9,grasp_protocol,D09,42,0.0,0.0,0.2857142857142857,,5.0,,
cemhsey,cemhsey_forward_day_logo,cemhsey_forward_day_logo|D09,selective_prediction,S1,grasp_protocol,D09,42,0.21428571428571427,0.0,0.47619047619047616,20.0,5.0,20.0,
cemhsey,cemhsey_forward_day_logo,cemhsey_forward_day_logo|D09,selective_prediction,S10,grasp_protocol,D09,42,0.0,0.0,0.3333333333333333,,5.0,,
cemhsey,cemhsey_forward_day_logo,cemhsey_forward_day_logo|D09,selective_prediction,S11,grasp_protocol,D09,42,0.11904761904761904,0.047619047619047616,0.47619047619047616,20.0,5.0,20.0,20.0
cemhsey,cemhsey_forward_day_logo,cemhsey_forward_day_logo|D09,selective_prediction,S12,grasp_protocol,D09,42,0.07142857142857142,0.0,0.4523809523809524,20.0,5.0,20.0,
cemhsey,cemhsey_forward_day_logo,cemhsey_forward_day_logo|D09,selective_prediction,S13,grasp_protocol,D09,42,0.0,0.0,0.42857142857142855,,5.0,,
cemhsey,cemhsey_forward_day_logo,cemhsey_forward_day_logo|D09,selective_prediction,S2,grasp_protocol,D09,42,0.19047619047619047,0.0,0.5,20.0,5.0,20.0,
cemhsey,cemhsey_forward_day_logo,cemhsey_forward_day_logo|D09,selective_prediction,S3,grasp_protocol,D09,42,0.023809523809523808,0.0,0.4523809523809524,20.0,5.0,20.0,
cemhsey,cemhsey_forward_day_logo,cemhsey_forward_day_logo|D09,selective_prediction,S4,grasp_protocol,D09,42,0.023809523809523808,0.0,0.3333333333333333,20.0,5.0,20.0,
cemhsey,cemhsey_forward_day_logo,cemhsey_forward_day_logo|D09,selective_prediction,S5,grasp_protocol,D09,42,0.16666666666666666,0.047619047619047616,0.47619047619047616,20.0,5.0,20.0,20.0
cemhsey,cemhsey_forward_day_logo,cemhsey_forward_day_logo|D09,selective_prediction,S6,grasp_protocol,D09,42,0.21428571428571427,0.0,0.42857142857142855,20.0,5.0,20.0,
cemhsey,cemhsey_forward_day_logo,cemhsey_forward_day_logo|D09,selective_prediction,S7,grasp_protocol,D09,42,0.0,0.0,0.23809523809523808,,5.0,,
cemhsey,cemhsey_forward_day_logo,cemhsey_forward_day_logo|D09,selective_prediction,S8,grasp_protocol,D09,42,0.023809523809523808,0.0,0.11904761904761904,20.0,5.0,20.0,
cemhsey,cemhsey_forward_day_logo,cemhsey_forward_day_logo|D09,selective_prediction,S9,grasp_protocol,D09,42,0.0,0.0,0.2857142857142857,,5.0,,
cemhsey,cemhsey_forward_day_logo,cemhsey_forward_day_logo|D09,set_acsa_tau_0.02,S1,grasp_protocol,D09,42,0.07142857142857142,0.047619047619047616,0.5238095238095238,20.0,5.0,20.0,20.0
cemhsey,cemhsey_forward_day_logo,cemhsey_forward_day_logo|D09,set_acsa_tau_0.02,S10,grasp_protocol,D09,42,0.047619047619047616,0.047619047619047616,0.38095238095238093,20.0,5.0,20.0,20.0
cemhsey,cemhsey_forward_day_logo,cemhsey_forward_day_logo|D09,set_acsa_tau_0.02,S11,grasp_protocol,D09,42,0.0,0.0,0.42857142857142855,,5.0,,
cemhsey,cemhsey_forward_day_logo,cemhsey_forward_day_logo|D09,set_acsa_tau_0.02,S12,grasp_protocol,D09,42,0.023809523809523808,0.023809523809523808,0.47619047619047616,20.0,5.0,20.0,20.0
cemhsey,cemhsey_forward_day_logo,cemhsey_forward_day_logo|D09,set_acsa_tau_0.02,S13,grasp_protocol,D09,42,0.11904761904761904,0.09523809523809523,0.5238095238095238,20.0,5.0,20.0,20.0
cemhsey,cemhsey_forward_day_logo,cemhsey_forward_day_logo|D09,set_acsa_tau_0.02,S2,grasp_protocol,D09,42,0.047619047619047616,0.047619047619047616,0.5476190476190477,20.0,5.0,20.0,20.0
cemhsey,cemhsey_forward_day_logo,cemhsey_forward_day_logo|D09,set_acsa_tau_0.02,S3,grasp_protocol,D09,42,0.11904761904761904,0.09523809523809523,0.5476190476190477,20.0,5.0,20.0,20.0
cemhsey,cemhsey_forward_day_logo,cemhsey_forward_day_logo|D09,set_acsa_tau_0.02,S4,grasp_protocol,D09,42,0.023809523809523808,0.0,0.3333333333333333,15.0,5.0,15.0,
cemhsey,cemhsey_forward_day_logo,cemhsey_forward_day_logo|D09,set_acsa_tau_0.02,S5,grasp_protocol,D09,42,0.09523809523809523,0.047619047619047616,0.47619047619047616,15.0,5.0,15.0,20.0
cemhsey,cemhsey_forward_day_logo,cemhsey_forward_day_logo|D09,set_acsa_tau_0.02,S6,grasp_protocol,D09,42,0.14285714285714285,0.11904761904761904,0.5238095238095238,20.0,5.0,20.0,20.0
cemhsey,cemhsey_forward_day_logo,cemhsey_forward_day_logo|D09,set_acsa_tau_0.02,S7,grasp_protocol,D09,42,0.07142857142857142,0.07142857142857142,0.30952380952380953,20.0,5.0,20.0,20.0
cemhsey,cemhsey_forward_day_logo,cemhsey_forward_day_logo|D09,set_acsa_tau_0.02,S8,grasp_protocol,D09,42,0.047619047619047616,0.023809523809523808,0.14285714285714285,10.0,5.0,12.5,20.0
cemhsey,cemhsey_forward_day_logo,cemhsey_forward_day_logo|D09,set_acsa_tau_0.02,S9,grasp_protocol,D09,42,0.0,0.0,0.2857142857142857,20.0,5.0,,
cemhsey,cemhsey_forward_day_logo,cemhsey_forward_day_logo|D09,set_acsa_tau_0.05,S1,grasp_protocol,D09,42,0.09523809523809523,0.07142857142857142,0.5476190476190477,20.0,5.0,20.0,20.0
cemhsey,cemhsey_forward_day_logo,cemhsey_forward_day_logo|D09,set_acsa_tau_0.05,S10,grasp_protocol,D09,42,0.07142857142857142,0.07142857142857142,0.40476190476190477,20.0,5.0,20.0,20.0
cemhsey,cemhsey_forward_day_logo,cemhsey_forward_day_logo|D09,set_acsa_tau_0.05,S11,grasp_protocol,D09,42,0.11904761904761904,0.09523809523809523,0.5238095238095238,20.0,5.0,20.0,20.0
cemhsey,cemhsey_forward_day_logo,cemhsey_forward_day_logo|D09,set_acsa_tau_0.05,S12,grasp_protocol,D09,42,0.047619047619047616,0.047619047619047616,0.5,20.0,5.0,15.0,20.0
cemhsey,cemhsey_forward_day_logo,cemhsey_forward_day_logo|D09,set_acsa_tau_0.05,S13,grasp_protocol,D09,42,0.16666666666666666,0.14285714285714285,0.5476190476190477,20.0,5.0,20.0,20.0
cemhsey,cemhsey_forward_day_logo,cemhsey_forward_day_logo|D09,set_acsa_tau_0.05,S2,grasp_protocol,D09,42,0.19047619047619047,0.16666666666666666,0.6666666666666666,20.0,5.0,20.0,20.0
cemhsey,cemhsey_forward_day_logo,cemhsey_forward_day_logo|D09,set_acsa_tau_0.05,S3,grasp_protocol,D09,42,0.16666666666666666,0.16666666666666666,0.6190476190476191,20.0,5.0,20.0,20.0
cemhsey,cemhsey_forward_day_logo,cemhsey_forward_day_logo|D09,set_acsa_tau_0.05,S4,grasp_protocol,D09,42,0.09523809523809523,0.047619047619047616,0.35714285714285715,20.0,5.0,17.5,20.0
cemhsey,cemhsey_forward_day_logo,cemhsey_forward_day_logo|D09,set_acsa_tau_0.05,S5,grasp_protocol,D09,42,0.16666666666666666,0.11904761904761904,0.5238095238095238,15.0,5.0,20.0,20.0
cemhsey,cemhsey_forward_day_logo,cemhsey_forward_day_logo|D09,set_acsa_tau_0.05,S6,grasp_protocol,D09,42,0.21428571428571427,0.19047619047619047,0.5714285714285714,20.0,5.0,20.0,20.0
cemhsey,cemhsey_forward_day_logo,cemhsey_forward_day_logo|D09,set_acsa_tau_0.05,S7,grasp_protocol,D09,42,0.16666666666666666,0.14285714285714285,0.38095238095238093,20.0,5.0,20.0,20.0
cemhsey,cemhsey_forward_day_logo,cemhsey_forward_day_logo|D09,set_acsa_tau_0.05,S8,grasp_protocol,D09,42,0.07142857142857142,0.047619047619047616,0.14285714285714285,10.0,5.0,5.0,12.5
cemhsey,cemhsey_forward_day_logo,cemhsey_forward_day_logo|D09,set_acsa_tau_0.05,S9,grasp_protocol,D09,42,0.047619047619047616,0.023809523809523808,0.30952380952380953,20.0,5.0,17.5,20.0
cemhsey,cemhsey_forward_day_logo,cemhsey_forward_day_logo|D09,set_acsa_tau_0.10,S1,grasp_protocol,D09,42,0.14285714285714285,0.11904761904761904,0.5952380952380952,20.0,5.0,20.0,20.0
cemhsey,cemhsey_forward_day_logo,cemhsey_forward_day_logo|D09,set_acsa_tau_0.10,S10,grasp_protocol,D09,42,0.11904761904761904,0.09523809523809523,0.40476190476190477,20.0,5.0,20.0,20.0
cemhsey,cemhsey_forward_day_logo,cemhsey_forward_day_logo|D09,set_acsa_tau_0.10,S11,grasp_protocol,D09,42,0.23809523809523808,0.21428571428571427,0.6428571428571429,20.0,5.0,20.0,20.0
cemhsey,cemhsey_forward_day_logo,cemhsey_forward_day_logo|D09,set_acsa_tau_0.10,S12,grasp_protocol,D09,42,0.16666666666666666,0.14285714285714285,0.5952380952380952,20.0,5.0,20.0,20.0
cemhsey,cemhsey_forward_day_logo,cemhsey_forward_day_logo|D09,set_acsa_tau_0.10,S13,grasp_protocol,D09,42,0.3333333333333333,0.3333333333333333,0.7142857142857143,20.0,5.0,20.0,20.0
cemhsey,cemhsey_forward_day_logo,cemhsey_forward_day_logo|D09,set_acsa_tau_0.10,S2,grasp_protocol,D09,42,0.3333333333333333,0.30952380952380953,0.7857142857142857,20.0,5.0,20.0,20.0
cemhsey,cemhsey_forward_day_logo,cemhsey_forward_day_logo|D09,set_acsa_tau_0.10,S3,grasp_protocol,D09,42,0.19047619047619047,0.16666666666666666,0.6190476190476191,20.0,5.0,17.5,20.0
cemhsey,cemhsey_forward_day_logo,cemhsey_forward_day_logo|D09,set_acsa_tau_0.10,S4,grasp_protocol,D09,42,0.2857142857142857,0.2619047619047619,0.5476190476190477,20.0,5.0,20.0,20.0
cemhsey,cemhsey_forward_day_logo,cemhsey_forward_day_logo|D09,set_acsa_tau_0.10,S5,grasp_protocol,D09,42,0.21428571428571427,0.16666666666666666,0.5714285714285714,15.0,5.0,20.0,20.0
cemhsey,cemhsey_forward_day_logo,cemhsey_forward_day_logo|D09,set_acsa_tau_0.10,S6,grasp_protocol,D09,42,0.35714285714285715,0.3333333333333333,0.7142857142857143,20.0,5.0,20.0,20.0
cemhsey,cemhsey_forward_day_logo,cemhsey_forward_day_logo|D09,set_acsa_tau_0.10,S7,grasp_protocol,D09,42,0.35714285714285715,0.3333333333333333,0.5476190476190477,20.0,5.0,20.0,20.0
cemhsey,cemhsey_forward_day_logo,cemhsey_forward_day_logo|D09,set_acsa_tau_0.10,S8,grasp_protocol,D09,42,0.09523809523809523,0.047619047619047616,0.14285714285714285,10.0,5.0,10.0,12.5
cemhsey,cemhsey_forward_day_logo,cemhsey_forward_day_logo|D09,set_acsa_tau_0.10,S9,grasp_protocol,D09,42,0.11904761904761904,0.09523809523809523,0.38095238095238093,20.0,5.0,20.0,20.0
cemhsey,cemhsey_forward_day_logo,cemhsey_forward_day_logo|D09,set_acsa_tau_0.15,S1,grasp_protocol,D09,42,0.3333333333333333,0.30952380952380953,0.7857142857142857,20.0,5.0,20.0,20.0
cemhsey,cemhsey_forward_day_logo,cemhsey_forward_day_logo|D09,set_acsa_tau_0.15,S10,grasp_protocol,D09,42,0.14285714285714285,0.11904761904761904,0.42857142857142855,20.0,5.0,20.0,20.0
cemhsey,cemhsey_forward_day_logo,cemhsey_forward_day_logo|D09,set_acsa_tau_0.15,S11,grasp_protocol,D09,42,0.35714285714285715,0.3333333333333333,0.7380952380952381,20.0,5.0,20.0,20.0
cemhsey,cemhsey_forward_day_logo,cemhsey_forward_day_logo|D09,set_acsa_tau_0.15,S12,grasp_protocol,D09,42,0.23809523809523808,0.23809523809523808,0.6666666666666666,20.0,5.0,20.0,20.0
cemhsey,cemhsey_forward_day_logo,cemhsey_forward_day_logo|D09,set_acsa_tau_0.15,S13,grasp_protocol,D09,42,0.38095238095238093,0.38095238095238093,0.7619047619047619,20.0,5.0,20.0,20.0
cemhsey,cemhsey_forward_day_logo,cemhsey_forward_day_logo|D09,set_acsa_tau_0.15,S2,grasp_protocol,D09,42,0.38095238095238093,0.35714285714285715,0.8095238095238095,20.0,5.0,20.0,20.0
cemhsey,cemhsey_forward_day_logo,cemhsey_forward_day_logo|D09,set_acsa_tau_0.15,S3,grasp_protocol,D09,42,0.21428571428571427,0.19047619047619047,0.6428571428571429,20.0,5.0,15.0,17.5
cemhsey,cemhsey_forward_day_logo,cemhsey_forward_day_logo|D09,set_acsa_tau_0.15,S4,grasp_protocol,D09,42,0.35714285714285715,0.35714285714285715,0.6190476190476191,20.0,5.0,20.0,20.0
cemhsey,cemhsey_forward_day_logo,cemhsey_forward_day_logo|D09,set_acsa_tau_0.15,S5,grasp_protocol,D09,42,0.35714285714285715,0.30952380952380953,0.7142857142857143,20.0,5.0,20.0,20.0
cemhsey,cemhsey_forward_day_logo,cemhsey_forward_day_logo|D09,set_acsa_tau_0.15,S6,grasp_protocol,D09,42,0.42857142857142855,0.40476190476190477,0.7857142857142857,20.0,5.0,20.0,20.0
cemhsey,cemhsey_forward_day_logo,cemhsey_forward_day_logo|D09,set_acsa_tau_0.15,S7,grasp_protocol,D09,42,0.40476190476190477,0.38095238095238093,0.5952380952380952,20.0,5.0,20.0,20.0
cemhsey,cemhsey_forward_day_logo,cemhsey_forward_day_logo|D09,set_acsa_tau_0.15,S8,grasp_protocol,D09,42,0.11904761904761904,0.07142857142857142,0.14285714285714285,15.0,5.0,15.0,20.0
cemhsey,cemhsey_forward_day_logo,cemhsey_forward_day_logo|D09,set_acsa_tau_0.15,S9,grasp_protocol,D09,42,0.14285714285714285,0.11904761904761904,0.40476190476190477,20.0,5.0,20.0,20.0
cemhsey,cemhsey_forward_day_logo,cemhsey_forward_day_logo|D09,set_acsa_tau_0.20,S1,grasp_protocol,D09,42,0.40476190476190477,0.40476190476190477,0.8809523809523809,20.0,5.0,20.0,20.0
cemhsey,cemhsey_forward_day_logo,cemhsey_forward_day_logo|D09,set_acsa_tau_0.20,S10,grasp_protocol,D09,42,0.14285714285714285,0.11904761904761904,0.40476190476190477,20.0,5.0,20.0,20.0
cemhsey,cemhsey_forward_day_logo,cemhsey_forward_day_logo|D09,set_acsa_tau_0.20,S11,grasp_protocol,D09,42,0.5,0.47619047619047616,0.8809523809523809,20.0,5.0,20.0,20.0
cemhsey,cemhsey_forward_day_logo,cemhsey_forward_day_logo|D09,set_acsa_tau_0.20,S12,grasp_protocol,D09,42,0.23809523809523808,0.23809523809523808,0.6666666666666666,20.0,5.0,20.0,20.0
cemhsey,cemhsey_forward_day_logo,cemhsey_forward_day_logo|D09,set_acsa_tau_0.20,S13,grasp_protocol,D09,42,0.38095238095238093,0.38095238095238093,0.7380952380952381,20.0,5.0,20.0,20.0
cemhsey,cemhsey_forward_day_logo,cemhsey_forward_day_logo|D09,set_acsa_tau_0.20,S2,grasp_protocol,D09,42,0.4523809523809524,0.4523809523809524,0.9047619047619048,20.0,5.0,20.0,20.0
cemhsey,cemhsey_forward_day_logo,cemhsey_forward_day_logo|D09,set_acsa_tau_0.20,S3,grasp_protocol,D09,42,0.21428571428571427,0.19047619047619047,0.6190476190476191,20.0,5.0,15.0,17.5
cemhsey,cemhsey_forward_day_logo,cemhsey_forward_day_logo|D09,set_acsa_tau_0.20,S4,grasp_protocol,D09,42,0.4523809523809524,0.4523809523809524,0.7142857142857143,20.0,5.0,20.0,20.0
cemhsey,cemhsey_forward_day_logo,cemhsey_forward_day_logo|D09,set_acsa_tau_0.20,S5,grasp_protocol,D09,42,0.42857142857142855,0.38095238095238093,0.7619047619047619,20.0,5.0,20.0,20.0
cemhsey,cemhsey_forward_day_logo,cemhsey_forward_day_logo|D09,set_acsa_tau_0.20,S6,grasp_protocol,D09,42,0.47619047619047616,0.4523809523809524,0.8333333333333334,20.0,5.0,20.0,20.0
cemhsey,cemhsey_forward_day_logo,cemhsey_forward_day_logo|D09,set_acsa_tau_0.20,S7,grasp_protocol,D09,42,0.40476190476190477,0.38095238095238093,0.5952380952380952,20.0,5.0,20.0,20.0
cemhsey,cemhsey_forward_day_logo,cemhsey_forward_day_logo|D09,set_acsa_tau_0.20,S8,grasp_protocol,D09,42,0.14285714285714285,0.11904761904761904,0.19047619047619047,20.0,5.0,15.0,20.0
cemhsey,cemhsey_forward_day_logo,cemhsey_forward_day_logo|D09,set_acsa_tau_0.20,S9,grasp_protocol,D09,42,0.16666666666666666,0.14285714285714285,0.42857142857142855,20.0,5.0,20.0,20.0
cemhsey,cemhsey_forward_day_logo,cemhsey_forward_day_logo|D09,user_only,S1,grasp_protocol,D09,42,0.0,0.0,0.47619047619047616,,5.0,,
cemhsey,cemhsey_forward_day_logo,cemhsey_forward_day_logo|D09,user_only,S10,grasp_protocol,D09,42,0.0,0.0,0.3333333333333333,,5.0,,
cemhsey,cemhsey_forward_day_logo,cemhsey_forward_day_logo|D09,user_only,S11,grasp_protocol,D09,42,0.0,0.0,0.42857142857142855,,5.0,,
cemhsey,cemhsey_forward_day_logo,cemhsey_forward_day_logo|D09,user_only,S12,grasp_protocol,D09,42,0.0,0.0,0.4523809523809524,,5.0,,
cemhsey,cemhsey_forward_day_logo,cemhsey_forward_day_logo|D09,user_only,S13,grasp_protocol,D09,42,0.0,0.0,0.42857142857142855,,5.0,,
cemhsey,cemhsey_forward_day_logo,cemhsey_forward_day_logo|D09,user_only,S2,grasp_protocol,D09,42,0.0,0.0,0.5,,5.0,,
cemhsey,cemhsey_forward_day_logo,cemhsey_forward_day_logo|D09,user_only,S3,grasp_protocol,D09,42,0.0,0.0,0.4523809523809524,,5.0,,
cemhsey,cemhsey_forward_day_logo,cemhsey_forward_day_logo|D09,user_only,S4,grasp_protocol,D09,42,0.0,0.0,0.3333333333333333,,5.0,,
cemhsey,cemhsey_forward_day_logo,cemhsey_forward_day_logo|D09,user_only,S5,grasp_protocol,D09,42,0.0,0.0,0.42857142857142855,,5.0,,
cemhsey,cemhsey_forward_day_logo,cemhsey_forward_day_logo|D09,user_only,S6,grasp_protocol,D09,42,0.0,0.0,0.42857142857142855,,5.0,,
cemhsey,cemhsey_forward_day_logo,cemhsey_forward_day_logo|D09,user_only,S7,grasp_protocol,D09,42,0.0,0.0,0.23809523809523808,,5.0,,
cemhsey,cemhsey_forward_day_logo,cemhsey_forward_day_logo|D09,user_only,S8,grasp_protocol,D09,42,0.0,0.0,0.11904761904761904,,5.0,,
cemhsey,cemhsey_forward_day_logo,cemhsey_forward_day_logo|D09,user_only,S9,grasp_protocol,D09,42,0.0,0.0,0.2857142857142857,,5.0,,
cemhsey,cemhsey_forward_day_logo,cemhsey_forward_day_logo|D10,agency_margin_tau_0.02,S1,grasp_protocol,D10,42,0.047619047619047616,0.047619047619047616,0.4523809523809524,20.0,5.0,20.0,20.0
cemhsey,cemhsey_forward_day_logo,cemhsey_forward_day_logo|D10,agency_margin_tau_0.02,S10,grasp_protocol,D10,42,0.0,0.0,0.3333333333333333,10.0,5.0,,
cemhsey,cemhsey_forward_day_logo,cemhsey_forward_day_logo|D10,agency_margin_tau_0.02,S11,grasp_protocol,D10,42,0.09523809523809523,0.07142857142857142,0.5238095238095238,17.5,5.0,17.5,20.0
cemhsey,cemhsey_forward_day_logo,cemhsey_forward_day_logo|D10,agency_margin_tau_0.02,S12,grasp_protocol,D10,42,0.07142857142857142,0.07142857142857142,0.4523809523809524,20.0,5.0,20.0,20.0
cemhsey,cemhsey_forward_day_logo,cemhsey_forward_day_logo|D10,agency_margin_tau_0.02,S13,grasp_protocol,D10,42,0.09523809523809523,0.07142857142857142,0.4523809523809524,20.0,5.0,15.0,20.0
cemhsey,cemhsey_forward_day_logo,cemhsey_forward_day_logo|D10,agency_margin_tau_0.02,S2,grasp_protocol,D10,42,0.07142857142857142,0.047619047619047616,0.40476190476190477,20.0,5.0,20.0,20.0
cemhsey,cemhsey_forward_day_logo,cemhsey_forward_day_logo|D10,agency_margin_tau_0.02,S3,grasp_protocol,D10,42,0.047619047619047616,0.023809523809523808,0.2857142857142857,20.0,5.0,17.5,20.0
cemhsey,cemhsey_forward_day_logo,cemhsey_forward_day_logo|D10,agency_margin_tau_0.02,S4,grasp_protocol,D10,42,0.19047619047619047,0.09523809523809523,0.35714285714285715,20.0,5.0,17.5,20.0
cemhsey,cemhsey_forward_day_logo,cemhsey_forward_day_logo|D10,agency_margin_tau_0.02,S5,grasp_protocol,D10,42,0.047619047619047616,0.047619047619047616,0.5238095238095238,15.0,5.0,20.0,20.0
cemhsey,cemhsey_forward_day_logo,cemhsey_forward_day_logo|D10,agency_margin_tau_0.02,S6,grasp_protocol,D10,42,0.14285714285714285,0.11904761904761904,0.5,20.0,5.0,17.5,20.0
cemhsey,cemhsey_forward_day_logo,cemhsey_forward_day_logo|D10,agency_margin_tau_0.02,S7,grasp_protocol,D10,42,0.023809523809523808,0.023809523809523808,0.42857142857142855,20.0,5.0,20.0,20.0
cemhsey,cemhsey_forward_day_logo,cemhsey_forward_day_logo|D10,agency_margin_tau_0.02,S8,grasp_protocol,D10,42,0.023809523809523808,0.023809523809523808,0.11904761904761904,17.5,10.0,20.0,20.0
cemhsey,cemhsey_forward_day_logo,cemhsey_forward_day_logo|D10,agency_margin_tau_0.02,S9,grasp_protocol,D10,42,0.047619047619047616,0.023809523809523808,0.16666666666666666,5.0,5.0,12.5,20.0
cemhsey,cemhsey_forward_day_logo,cemhsey_forward_day_logo|D10,agency_margin_tau_0.05,S1,grasp_protocol,D10,42,0.11904761904761904,0.11904761904761904,0.5238095238095238,20.0,5.0,20.0,20.0
cemhsey,cemhsey_forward_day_logo,cemhsey_forward_day_logo|D10,agency_margin_tau_0.05,S10,grasp_protocol,D10,42,0.07142857142857142,0.07142857142857142,0.40476190476190477,20.0,5.0,20.0,20.0
cemhsey,cemhsey_forward_day_logo,cemhsey_forward_day_logo|D10,agency_margin_tau_0.05,S11,grasp_protocol,D10,42,0.2619047619047619,0.21428571428571427,0.5952380952380952,15.0,5.0,15.0,20.0
cemhsey,cemhsey_forward_day_logo,cemhsey_forward_day_logo|D10,agency_margin_tau_0.05,S12,grasp_protocol,D10,42,0.09523809523809523,0.07142857142857142,0.4523809523809524,20.0,5.0,20.0,20.0
cemhsey,cemhsey_forward_day_logo,cemhsey_forward_day_logo|D10,agency_margin_tau_0.05,S13,grasp_protocol,D10,42,0.11904761904761904,0.09523809523809523,0.47619047619047616,20.0,5.0,20.0,20.0
cemhsey,cemhsey_forward_day_logo,cemhsey_forward_day_logo|D10,agency_margin_tau_0.05,S2,grasp_protocol,D10,42,0.19047619047619047,0.14285714285714285,0.5,20.0,5.0,20.0,20.0
cemhsey,cemhsey_forward_day_logo,cemhsey_forward_day_logo|D10,agency_margin_tau_0.05,S3,grasp_protocol,D10,42,0.21428571428571427,0.14285714285714285,0.40476190476190477,20.0,5.0,20.0,20.0
cemhsey,cemhsey_forward_day_logo,cemhsey_forward_day_logo|D10,agency_margin_tau_0.05,S4,grasp_protocol,D10,42,0.3333333333333333,0.21428571428571427,0.47619047619047616,17.5,5.0,20.0,20.0
cemhsey,cemhsey_forward_day_logo,cemhsey_forward_day_logo|D10,agency_margin_tau_0.05,S5,grasp_protocol,D10,42,0.09523809523809523,0.09523809523809523,0.5476190476190477,20.0,5.0,20.0,20.0
cemhsey,cemhsey_forward_day_logo,cemhsey_forward_day_logo|D10,agency_margin_tau_0.05,S6,grasp_protocol,D10,42,0.21428571428571427,0.19047619047619047,0.5476190476190477,20.0,5.0,20.0,20.0
cemhsey,cemhsey_forward_day_logo,cemhsey_forward_day_logo|D10,agency_margin_tau_0.05,S7,grasp_protocol,D10,42,0.07142857142857142,0.07142857142857142,0.47619047619047616,20.0,5.0,20.0,20.0
cemhsey,cemhsey_forward_day_logo,cemhsey_forward_day_logo|D10,agency_margin_tau_0.05,S8,grasp_protocol,D10,42,0.023809523809523808,0.023809523809523808,0.07142857142857142,10.0,7.5,20.0,20.0
cemhsey,cemhsey_forward_day_logo,cemhsey_forward_day_logo|D10,agency_margin_tau_0.05,S9,grasp_protocol,D10,42,0.07142857142857142,0.047619047619047616,0.19047619047619047,7.5,5.0,10.0,20.0
cemhsey,cemhsey_forward_day_logo,cemhsey_forward_day_logo|D10,agency_margin_tau_0.10,S1,grasp_protocol,D10,42,0.3333333333333333,0.3333333333333333,0.7142857142857143,20.0,5.0,20.0,20.0
cemhsey,cemhsey_forward_day_logo,cemhsey_forward_day_logo|D10,agency_margin_tau_0.10,S10,grasp_protocol,D10,42,0.2619047619047619,0.2619047619047619,0.5714285714285714,20.0,5.0,20.0,20.0
cemhsey,cemhsey_forward_day_logo,cemhsey_forward_day_logo|D10,agency_margin_tau_0.10,S11,grasp_protocol,D10,42,0.40476190476190477,0.35714285714285715,0.7619047619047619,20.0,5.0,20.0,20.0
cemhsey,cemhsey_forward_day_logo,cemhsey_forward_day_logo|D10,agency_margin_tau_0.10,S12,grasp_protocol,D10,42,0.19047619047619047,0.14285714285714285,0.5238095238095238,20.0,5.0,20.0,20.0
cemhsey,cemhsey_forward_day_logo,cemhsey_forward_day_logo|D10,agency_margin_tau_0.10,S13,grasp_protocol,D10,42,0.35714285714285715,0.3333333333333333,0.7142857142857143,20.0,5.0,20.0,20.0
cemhsey,cemhsey_forward_day_logo,cemhsey_forward_day_logo|D10,agency_margin_tau_0.10,S2,grasp_protocol,D10,42,0.47619047619047616,0.40476190476190477,0.7619047619047619,20.0,5.0,20.0,20.0
cemhsey,cemhsey_forward_day_logo,cemhsey_forward_day_logo|D10,agency_margin_tau_0.10,S3,grasp_protocol,D10,42,0.40476190476190477,0.30952380952380953,0.5238095238095238,20.0,5.0,20.0,20.0
cemhsey,cemhsey_forward_day_logo,cemhsey_forward_day_logo|D10,agency_margin_tau_0.10,S4,grasp_protocol,D10,42,0.42857142857142855,0.40476190476190477,0.5714285714285714,20.0,5.0,20.0,20.0
cemhsey,cemhsey_forward_day_logo,cemhsey_forward_day_logo|D10,agency_margin_tau_0.10,S5,grasp_protocol,D10,42,0.21428571428571427,0.21428571428571427,0.6666666666666666,20.0,5.0,20.0,20.0
cemhsey,cemhsey_forward_day_logo,cemhsey_forward_day_logo|D10,agency_margin_tau_0.10,S6,grasp_protocol,D10,42,0.40476190476190477,0.35714285714285715,0.6904761904761905,20.0,5.0,20.0,20.0
cemhsey,cemhsey_forward_day_logo,cemhsey_forward_day_logo|D10,agency_margin_tau_0.10,S7,grasp_protocol,D10,42,0.23809523809523808,0.23809523809523808,0.6428571428571429,20.0,5.0,20.0,20.0
cemhsey,cemhsey_forward_day_logo,cemhsey_forward_day_logo|D10,agency_margin_tau_0.10,S8,grasp_protocol,D10,42,0.16666666666666666,0.11904761904761904,0.16666666666666666,20.0,7.5,20.0,20.0
cemhsey,cemhsey_forward_day_logo,cemhsey_forward_day_logo|D10,agency_margin_tau_0.10,S9,grasp_protocol,D10,42,0.16666666666666666,0.14285714285714285,0.21428571428571427,20.0,5.0,20.0,20.0
cemhsey,cemhsey_forward_day_logo,cemhsey_forward_day_logo|D10,agency_margin_tau_0.15,S1,grasp_protocol,D10,42,0.42857142857142855,0.40476190476190477,0.7857142857142857,20.0,5.0,20.0,20.0
cemhsey,cemhsey_forward_day_logo,cemhsey_forward_day_logo|D10,agency_margin_tau_0.15,S10,grasp_protocol,D10,42,0.30952380952380953,0.30952380952380953,0.6190476190476191,20.0,5.0,20.0,20.0
cemhsey,cemhsey_forward_day_logo,cemhsey_forward_day_logo|D10,agency_margin_tau_0.15,S11,grasp_protocol,D10,42,0.5238095238095238,0.47619047619047616,0.8809523809523809,20.0,5.0,20.0,20.0
cemhsey,cemhsey_forward_day_logo,cemhsey_forward_day_logo|D10,agency_margin_tau_0.15,S12,grasp_protocol,D10,42,0.2619047619047619,0.21428571428571427,0.5952380952380952,20.0,5.0,20.0,20.0
cemhsey,cemhsey_forward_day_logo,cemhsey_forward_day_logo|D10,agency_margin_tau_0.15,S13,grasp_protocol,D10,42,0.38095238095238093,0.38095238095238093,0.7142857142857143,20.0,5.0,20.0,20.0
cemhsey,cemhsey_forward_day_logo,cemhsey_forward_day_logo|D10,agency_margin_tau_0.15,S2,grasp_protocol,D10,42,0.5238095238095238,0.5,0.8333333333333334,20.0,5.0,20.0,20.0
cemhsey,cemhsey_forward_day_logo,cemhsey_forward_day_logo|D10,agency_margin_tau_0.15,S3,grasp_protocol,D10,42,0.6190476190476191,0.5714285714285714,0.7619047619047619,20.0,5.0,20.0,20.0
cemhsey,cemhsey_forward_day_logo,cemhsey_forward_day_logo|D10,agency_margin_tau_0.15,S4,grasp_protocol,D10,42,0.47619047619047616,0.47619047619047616,0.6428571428571429,20.0,5.0,20.0,20.0
cemhsey,cemhsey_forward_day_logo,cemhsey_forward_day_logo|D10,agency_margin_tau_0.15,S5,grasp_protocol,D10,42,0.2857142857142857,0.2857142857142857,0.7380952380952381,20.0,5.0,20.0,20.0
cemhsey,cemhsey_forward_day_logo,cemhsey_forward_day_logo|D10,agency_margin_tau_0.15,S6,grasp_protocol,D10,42,0.4523809523809524,0.42857142857142855,0.7619047619047619,20.0,5.0,20.0,20.0
cemhsey,cemhsey_forward_day_logo,cemhsey_forward_day_logo|D10,agency_margin_tau_0.15,S7,grasp_protocol,D10,42,0.2619047619047619,0.2619047619047619,0.6666666666666666,20.0,5.0,20.0,20.0
cemhsey,cemhsey_forward_day_logo,cemhsey_forward_day_logo|D10,agency_margin_tau_0.15,S8,grasp_protocol,D10,42,0.19047619047619047,0.14285714285714285,0.19047619047619047,17.5,7.5,20.0,20.0
cemhsey,cemhsey_forward_day_logo,cemhsey_forward_day_logo|D10,agency_margin_tau_0.15,S9,grasp_protocol,D10,42,0.23809523809523808,0.19047619047619047,0.2619047619047619,20.0,5.0,17.5,20.0
cemhsey,cemhsey_forward_day_logo,cemhsey_forward_day_logo|D10,agency_margin_tau_0.20,S1,grasp_protocol,D10,42,0.47619047619047616,0.47619047619047616,0.8571428571428571,20.0,5.0,20.0,20.0
cemhsey,cemhsey_forward_day_logo,cemhsey_forward_day_logo|D10,agency_margin_tau_0.20,S10,grasp_protocol,D10,42,0.30952380952380953,0.30952380952380953,0.6190476190476191,20.0,5.0,20.0,20.0
cemhsey,cemhsey_forward_day_logo,cemhsey_forward_day_logo|D10,agency_margin_tau_0.20,S11,grasp_protocol,D10,42,0.5952380952380952,0.5476190476190477,0.9523809523809523,20.0,5.0,20.0,20.0
cemhsey,cemhsey_forward_day_logo,cemhsey_forward_day_logo|D10,agency_margin_tau_0.20,S12,grasp_protocol,D10,42,0.38095238095238093,0.35714285714285715,0.7142857142857143,20.0,5.0,20.0,20.0
cemhsey,cemhsey_forward_day_logo,cemhsey_forward_day_logo|D10,agency_margin_tau_0.20,S13,grasp_protocol,D10,42,0.5476190476190477,0.5476190476190477,0.8809523809523809,20.0,5.0,20.0,20.0
cemhsey,cemhsey_forward_day_logo,cemhsey_forward_day_logo|D10,agency_margin_tau_0.20,S2,grasp_protocol,D10,42,0.5952380952380952,0.5952380952380952,0.9285714285714286,20.0,5.0,20.0,20.0
cemhsey,cemhsey_forward_day_logo,cemhsey_forward_day_logo|D10,agency_margin_tau_0.20,S3,grasp_protocol,D10,42,0.6666666666666666,0.6190476190476191,0.8095238095238095,20.0,5.0,20.0,20.0
cemhsey,cemhsey_forward_day_logo,cemhsey_forward_day_logo|D10,agency_margin_tau_0.20,S4,grasp_protocol,D10,42,0.47619047619047616,0.47619047619047616,0.6428571428571429,20.0,5.0,20.0,20.0
cemhsey,cemhsey_forward_day_logo,cemhsey_forward_day_logo|D10,agency_margin_tau_0.20,S5,grasp_protocol,D10,42,0.30952380952380953,0.30952380952380953,0.7619047619047619,20.0,5.0,20.0,20.0
cemhsey,cemhsey_forward_day_logo,cemhsey_forward_day_logo|D10,agency_margin_tau_0.20,S6,grasp_protocol,D10,42,0.5238095238095238,0.5,0.8333333333333334,20.0,5.0,20.0,20.0
cemhsey,cemhsey_forward_day_logo,cemhsey_forward_day_logo|D10,agency_margin_tau_0.20,S7,grasp_protocol,D10,42,0.2857142857142857,0.2857142857142857,0.6904761904761905,20.0,5.0,20.0,20.0
cemhsey,cemhsey_forward_day_logo,cemhsey_forward_day_logo|D10,agency_margin_tau_0.20,S8,grasp_protocol,D10,42,0.19047619047619047,0.14285714285714285,0.19047619047619047,15.0,7.5,20.0,20.0
cemhsey,cemhsey_forward_day_logo,cemhsey_forward_day_logo|D10,agency_margin_tau_0.20,S9,grasp_protocol,D10,42,0.2619047619047619,0.23809523809523808,0.30952380952380953,20.0,5.0,20.0,20.0
cemhsey,cemhsey_forward_day_logo,cemhsey_forward_day_logo|D10,assist_only,S1,grasp_protocol,D10,42,0.5952380952380952,0.5952380952380952,0.9761904761904762,20.0,5.0,20.0,20.0
cemhsey,cemhsey_forward_day_logo,cemhsey_forward_day_logo|D10,assist_only,S10,grasp_protocol,D10,42,0.5714285714285714,0.5476190476190477,0.7857142857142857,10.0,5.0,20.0,20.0
cemhsey,cemhsey_forward_day_logo,cemhsey_forward_day_logo|D10,assist_only,S11,grasp_protocol,D10,42,0.6428571428571429,0.5714285714285714,0.9523809523809523,20.0,5.0,20.0,20.0
cemhsey,cemhsey_forward_day_logo,cemhsey_forward_day_logo|D10,assist_only,S12,grasp_protocol,D10,42,0.5476190476190477,0.47619047619047616,0.8095238095238095,17.5,5.0,20.0,20.0
cemhsey,cemhsey_forward_day_logo,cemhsey_forward_day_logo|D10,assist_only,S13,grasp_protocol,D10,42,0.7142857142857143,0.7142857142857143,0.9761904761904762,20.0,5.0,20.0,20.0
cemhsey,cemhsey_forward_day_logo,cemhsey_forward_day_logo|D10,assist_only,S2,grasp_protocol,D10,42,0.6190476190476191,0.6190476190476191,0.9523809523809523,20.0,5.0,20.0,20.0
cemhsey,cemhsey_forward_day_logo,cemhsey_forward_day_logo|D10,assist_only,S3,grasp_protocol,D10,42,0.8333333333333334,0.6666666666666666,0.7857142857142857,12.5,5.0,20.0,20.0
cemhsey,cemhsey_forward_day_logo,cemhsey_forward_day_logo|D10,assist_only,S4,grasp_protocol,D10,42,0.6190476190476191,0.5714285714285714,0.6904761904761905,10.0,5.0,20.0,20.0
cemhsey,cemhsey_forward_day_logo,cemhsey_forward_day_logo|D10,assist_only,S5,grasp_protocol,D10,42,0.40476190476190477,0.3333333333333333,0.7619047619047619,15.0,5.0,20.0,20.0
cemhsey,cemhsey_forward_day_logo,cemhsey_forward_day_logo|D10,assist_only,S6,grasp_protocol,D10,42,0.6428571428571429,0.5952380952380952,0.9285714285714286,20.0,5.0,20.0,20.0
cemhsey,cemhsey_forward_day_logo,cemhsey_forward_day_logo|D10,assist_only,S7,grasp_protocol,D10,42,0.35714285714285715,0.3333333333333333,0.7380952380952381,12.5,5.0,20.0,20.0
cemhsey,cemhsey_forward_day_logo,cemhsey_forward_day_logo|D10,assist_only,S8,grasp_protocol,D10,42,0.30952380952380953,0.16666666666666666,0.16666666666666666,5.0,5.0,10.0,20.0
cemhsey,cemhsey_forward_day_logo,cemhsey_forward_day_logo|D10,assist_only,S9,grasp_protocol,D10,42,0.38095238095238093,0.3333333333333333,0.40476190476190477,10.0,5.0,15.0,15.0
cemhsey,cemhsey_forward_day_logo,cemhsey_forward_day_logo|D10,confidence_blend_alpha_0.25,S1,grasp_protocol,D10,42,0.38095238095238093,0.38095238095238093,0.7619047619047619,20.0,5.0,20.0,20.0
cemhsey,cemhsey_forward_day_logo,cemhsey_forward_day_logo|D10,confidence_blend_alpha_0.25,S10,grasp_protocol,D10,42,0.11904761904761904,0.11904761904761904,0.4523809523809524,20.0,5.0,20.0,20.0
cemhsey,cemhsey_forward_day_logo,cemhsey_forward_day_logo|D10,confidence_blend_alpha_0.25,S11,grasp_protocol,D10,42,0.38095238095238093,0.35714285714285715,0.7857142857142857,20.0,5.0,20.0,20.0
cemhsey,cemhsey_forward_day_logo,cemhsey_forward_day_logo|D10,confidence_blend_alpha_0.25,S12,grasp_protocol,D10,42,0.19047619047619047,0.16666666666666666,0.5476190476190477,20.0,5.0,20.0,20.0
cemhsey,cemhsey_forward_day_logo,cemhsey_forward_day_logo|D10,confidence_blend_alpha_0.25,S13,grasp_protocol,D10,42,0.3333333333333333,0.3333333333333333,0.6904761904761905,20.0,5.0,20.0,20.0
cemhsey,cemhsey_forward_day_logo,cemhsey_forward_day_logo|D10,confidence_blend_alpha_0.25,S2,grasp_protocol,D10,42,0.5476190476190477,0.5238095238095238,0.8809523809523809,20.0,5.0,20.0,20.0
cemhsey,cemhsey_forward_day_logo,cemhsey_forward_day_logo|D10,confidence_blend_alpha_0.25,S3,grasp_protocol,D10,42,0.4523809523809524,0.38095238095238093,0.6666666666666666,20.0,5.0,20.0,20.0
cemhsey,cemhsey_forward_day_logo,cemhsey_forward_day_logo|D10,confidence_blend_alpha_0.25,S4,grasp_protocol,D10,42,0.38095238095238093,0.2857142857142857,0.5238095238095238,20.0,5.0,17.5,20.0
cemhsey,cemhsey_forward_day_logo,cemhsey_forward_day_logo|D10,confidence_blend_alpha_0.25,S5,grasp_protocol,D10,42,0.21428571428571427,0.21428571428571427,0.6666666666666666,20.0,5.0,20.0,20.0
cemhsey,cemhsey_forward_day_logo,cemhsey_forward_day_logo|D10,confidence_blend_alpha_0.25,S6,grasp_protocol,D10,42,0.42857142857142855,0.38095238095238093,0.7380952380952381,20.0,5.0,20.0,20.0
cemhsey,cemhsey_forward_day_logo,cemhsey_forward_day_logo|D10,confidence_blend_alpha_0.25,S7,grasp_protocol,D10,42,0.11904761904761904,0.09523809523809523,0.5,20.0,5.0,20.0,20.0
cemhsey,cemhsey_forward_day_logo,cemhsey_forward_day_logo|D10,confidence_blend_alpha_0.25,S8,grasp_protocol,D10,42,0.14285714285714285,0.09523809523809523,0.16666666666666666,12.5,7.5,20.0,20.0
cemhsey,cemhsey_forward_day_logo,cemhsey_forward_day_logo|D10,confidence_blend_alpha_0.25,S9,grasp_protocol,D10,42,0.14285714285714285,0.09523809523809523,0.23809523809523808,17.5,5.0,17.5,20.0
cemhsey,cemhsey_forward_day_logo,cemhsey_forward_day_logo|D10,confidence_blend_alpha_0.50,S1,grasp_protocol,D10,42,0.5476190476190477,0.5476190476190477,0.9285714285714286,20.0,5.0,20.0,20.0
cemhsey,cemhsey_forward_day_logo,cemhsey_forward_day_logo|D10,confidence_blend_alpha_0.50,S10,grasp_protocol,D10,42,0.47619047619047616,0.4523809523809524,0.7380952380952381,20.0,5.0,20.0,20.0
cemhsey,cemhsey_forward_day_logo,cemhsey_forward_day_logo|D10,confidence_blend_alpha_0.50,S11,grasp_protocol,D10,42,0.5952380952380952,0.5952380952380952,0.9761904761904762,20.0,5.0,20.0,20.0
cemhsey,cemhsey_forward_day_logo,cemhsey_forward_day_logo|D10,confidence_blend_alpha_0.50,S12,grasp_protocol,D10,42,0.47619047619047616,0.4523809523809524,0.8095238095238095,20.0,5.0,20.0,20.0
cemhsey,cemhsey_forward_day_logo,cemhsey_forward_day_logo|D10,confidence_blend_alpha_0.50,S13,grasp_protocol,D10,42,0.6666666666666666,0.6666666666666666,0.9523809523809523,20.0,5.0,20.0,20.0
cemhsey,cemhsey_forward_day_logo,cemhsey_forward_day_logo|D10,confidence_blend_alpha_0.50,S2,grasp_protocol,D10,42,0.6428571428571429,0.6428571428571429,1.0,20.0,5.0,20.0,20.0
cemhsey,cemhsey_forward_day_logo,cemhsey_forward_day_logo|D10,confidence_blend_alpha_0.50,S3,grasp_protocol,D10,42,0.7142857142857143,0.6190476190476191,0.8571428571428571,20.0,5.0,20.0,20.0
cemhsey,cemhsey_forward_day_logo,cemhsey_forward_day_logo|D10,confidence_blend_alpha_0.50,S4,grasp_protocol,D10,42,0.5,0.47619047619047616,0.6904761904761905,20.0,5.0,20.0,20.0
cemhsey,cemhsey_forward_day_logo,cemhsey_forward_day_logo|D10,confidence_blend_alpha_0.50,S5,grasp_protocol,D10,42,0.30952380952380953,0.30952380952380953,0.7619047619047619,20.0,5.0,20.0,20.0
cemhsey,cemhsey_forward_day_logo,cemhsey_forward_day_logo|D10,confidence_blend_alpha_0.50,S6,grasp_protocol,D10,42,0.5952380952380952,0.5952380952380952,0.9047619047619048,20.0,5.0,20.0,20.0
cemhsey,cemhsey_forward_day_logo,cemhsey_forward_day_logo|D10,confidence_blend_alpha_0.50,S7,grasp_protocol,D10,42,0.30952380952380953,0.2857142857142857,0.6904761904761905,20.0,5.0,20.0,20.0
cemhsey,cemhsey_forward_day_logo,cemhsey_forward_day_logo|D10,confidence_blend_alpha_0.50,S8,grasp_protocol,D10,42,0.21428571428571427,0.16666666666666666,0.21428571428571427,15.0,5.0,20.0,20.0
cemhsey,cemhsey_forward_day_logo,cemhsey_forward_day_logo|D10,confidence_blend_alpha_0.50,S9,grasp_protocol,D10,42,0.2619047619047619,0.23809523809523808,0.38095238095238093,20.0,5.0,15.0,17.5
cemhsey,cemhsey_forward_day_logo,cemhsey_forward_day_logo|D10,confidence_blend_alpha_0.75,S1,grasp_protocol,D10,42,0.5952380952380952,0.5952380952380952,0.9761904761904762,20.0,5.0,20.0,20.0
cemhsey,cemhsey_forward_day_logo,cemhsey_forward_day_logo|D10,confidence_blend_alpha_0.75,S10,grasp_protocol,D10,42,0.5952380952380952,0.5476190476190477,0.7857142857142857,20.0,5.0,20.0,20.0
cemhsey,cemhsey_forward_day_logo,cemhsey_forward_day_logo|D10,confidence_blend_alpha_0.75,S11,grasp_protocol,D10,42,0.6428571428571429,0.5714285714285714,0.9761904761904762,20.0,5.0,20.0,20.0
cemhsey,cemhsey_forward_day_logo,cemhsey_forward_day_logo|D10,confidence_blend_alpha_0.75,S12,grasp_protocol,D10,42,0.5,0.47619047619047616,0.8095238095238095,20.0,5.0,20.0,20.0
cemhsey,cemhsey_forward_day_logo,cemhsey_forward_day_logo|D10,confidence_blend_alpha_0.75,S13,grasp_protocol,D10,42,0.7142857142857143,0.7142857142857143,0.9761904761904762,20.0,5.0,20.0,20.0
cemhsey,cemhsey_forward_day_logo,cemhsey_forward_day_logo|D10,confidence_blend_alpha_0.75,S2,grasp_protocol,D10,42,0.6190476190476191,0.6190476190476191,0.9523809523809523,20.0,5.0,20.0,20.0
cemhsey,cemhsey_forward_day_logo,cemhsey_forward_day_logo|D10,confidence_blend_alpha_0.75,S3,grasp_protocol,D10,42,0.7619047619047619,0.6666666666666666,0.8095238095238095,20.0,5.0,20.0,20.0
cemhsey,cemhsey_forward_day_logo,cemhsey_forward_day_logo|D10,confidence_blend_alpha_0.75,S4,grasp_protocol,D10,42,0.6190476190476191,0.5952380952380952,0.7142857142857143,17.5,5.0,20.0,20.0
cemhsey,cemhsey_forward_day_logo,cemhsey_forward_day_logo|D10,confidence_blend_alpha_0.75,S5,grasp_protocol,D10,42,0.35714285714285715,0.35714285714285715,0.7857142857142857,20.0,5.0,20.0,20.0
cemhsey,cemhsey_forward_day_logo,cemhsey_forward_day_logo|D10,confidence_blend_alpha_0.75,S6,grasp_protocol,D10,42,0.6428571428571429,0.6190476190476191,0.9285714285714286,20.0,5.0,20.0,20.0
cemhsey,cemhsey_forward_day_logo,cemhsey_forward_day_logo|D10,confidence_blend_alpha_0.75,S7,grasp_protocol,D10,42,0.35714285714285715,0.30952380952380953,0.7142857142857143,15.0,5.0,20.0,20.0
cemhsey,cemhsey_forward_day_logo,cemhsey_forward_day_logo|D10,confidence_blend_alpha_0.75,S8,grasp_protocol,D10,42,0.2857142857142857,0.16666666666666666,0.19047619047619047,10.0,5.0,12.5,20.0
cemhsey,cemhsey_forward_day_logo,cemhsey_forward_day_logo|D10,confidence_blend_alpha_0.75,S9,grasp_protocol,D10,42,0.3333333333333333,0.3333333333333333,0.40476190476190477,15.0,5.0,17.5,17.5
cemhsey,cemhsey_forward_day_logo,cemhsey_forward_day_logo|D10,plain_conf_threshold_matched_tau_0.02,S1,grasp_protocol,D10,42,0.0,0.0,0.4523809523809524,20.0,5.0,,
cemhsey,cemhsey_forward_day_logo,cemhsey_forward_day_logo|D10,plain_conf_threshold_matched_tau_0.02,S10,grasp_protocol,D10,42,0.0,0.0,0.3333333333333333,,5.0,,
cemhsey,cemhsey_forward_day_logo,cemhsey_forward_day_logo|D10,plain_conf_threshold_matched_tau_0.02,S11,grasp_protocol,D10,42,0.0,0.0,0.5476190476190477,20.0,5.0,,
cemhsey,cemhsey_forward_day_logo,cemhsey_forward_day_logo|D10,plain_conf_threshold_matched_tau_0.02,S12,grasp_protocol,D10,42,0.0,0.0,0.40476190476190477,20.0,5.0,,
cemhsey,cemhsey_forward_day_logo,cemhsey_forward_day_logo|D10,plain_conf_threshold_matched_tau_0.02,S13,grasp_protocol,D10,42,0.0,0.0,0.38095238095238093,,5.0,,
cemhsey,cemhsey_forward_day_logo,cemhsey_forward_day_logo|D10,plain_conf_threshold_matched_tau_0.02,S2,grasp_protocol,D10,42,0.0,0.0,0.42857142857142855,20.0,5.0,,
cemhsey,cemhsey_forward_day_logo,cemhsey_forward_day_logo|D10,plain_conf_threshold_matched_tau_0.02,S3,grasp_protocol,D10,42,0.0,0.0,0.2857142857142857,,5.0,,
cemhsey,cemhsey_forward_day_logo,cemhsey_forward_day_logo|D10,plain_conf_threshold_matched_tau_0.02,S4,grasp_protocol,D10,42,0.0,0.0,0.2619047619047619,,5.0,,
cemhsey,cemhsey_forward_day_logo,cemhsey_forward_day_logo|D10,plain_conf_threshold_matched_tau_0.02,S5,grasp_protocol,D10,42,0.0,0.0,0.5,20.0,5.0,,
cemhsey,cemhsey_forward_day_logo,cemhsey_forward_day_logo|D10,plain_conf_threshold_matched_tau_0.02,S6,grasp_protocol,D10,42,0.023809523809523808,0.023809523809523808,0.4523809523809524,20.0,5.0,20.0,20.0
cemhsey,cemhsey_forward_day_logo,cemhsey_forward_day_logo|D10,plain_conf_threshold_matched_tau_0.02,S7,grasp_protocol,D10,42,0.0,0.0,0.42857142857142855,,5.0,,
cemhsey,cemhsey_forward_day_logo,cemhsey_forward_day_logo|D10,plain_conf_threshold_matched_tau_0.02,S8,grasp_protocol,D10,42,0.0,0.0,0.11904761904761904,,10.0,,
cemhsey,cemhsey_forward_day_logo,cemhsey_forward_day_logo|D10,plain_conf_threshold_matched_tau_0.02,S9,grasp_protocol,D10,42,0.0,0.0,0.14285714285714285,,5.0,,
cemhsey,cemhsey_forward_day_logo,cemhsey_forward_day_logo|D10,plain_conf_threshold_matched_tau_0.05,S1,grasp_protocol,D10,42,0.047619047619047616,0.047619047619047616,0.5476190476190477,20.0,5.0,20.0,20.0
cemhsey,cemhsey_forward_day_logo,cemhsey_forward_day_logo|D10,plain_conf_threshold_matched_tau_0.05,S10,grasp_protocol,D10,42,0.023809523809523808,0.023809523809523808,0.38095238095238093,20.0,5.0,20.0,20.0
cemhsey,cemhsey_forward_day_logo,cemhsey_forward_day_logo|D10,plain_conf_threshold_matched_tau_0.05,S11,grasp_protocol,D10,42,0.0,0.0,0.5476190476190477,20.0,5.0,,
cemhsey,cemhsey_forward_day_logo,cemhsey_forward_day_logo|D10,plain_conf_threshold_matched_tau_0.05,S12,grasp_protocol,D10,42,0.0,0.0,0.40476190476190477,20.0,5.0,,
cemhsey,cemhsey_forward_day_logo,cemhsey_forward_day_logo|D10,plain_conf_threshold_matched_tau_0.05,S13,grasp_protocol,D10,42,0.0,0.0,0.40476190476190477,20.0,5.0,,
cemhsey,cemhsey_forward_day_logo,cemhsey_forward_day_logo|D10,plain_conf_threshold_matched_tau_0.05,S2,grasp_protocol,D10,42,0.09523809523809523,0.09523809523809523,0.5,20.0,5.0,20.0,20.0
cemhsey,cemhsey_forward_day_logo,cemhsey_forward_day_logo|D10,plain_conf_threshold_matched_tau_0.05,S3,grasp_protocol,D10,42,0.0,0.0,0.2857142857142857,,5.0,,
cemhsey,cemhsey_forward_day_logo,cemhsey_forward_day_logo|D10,plain_conf_threshold_matched_tau_0.05,S4,grasp_protocol,D10,42,0.0,0.0,0.2619047619047619,,5.0,,
cemhsey,cemhsey_forward_day_logo,cemhsey_forward_day_logo|D10,plain_conf_threshold_matched_tau_0.05,S5,grasp_protocol,D10,42,0.0,0.0,0.5,20.0,5.0,,
cemhsey,cemhsey_forward_day_logo,cemhsey_forward_day_logo|D10,plain_conf_threshold_matched_tau_0.05,S6,grasp_protocol,D10,42,0.023809523809523808,0.023809523809523808,0.5238095238095238,20.0,5.0,20.0,20.0
cemhsey,cemhsey_forward_day_logo,cemhsey_forward_day_logo|D10,plain_conf_threshold_matched_tau_0.05,S7,grasp_protocol,D10,42,0.0,0.0,0.42857142857142855,,5.0,,
cemhsey,cemhsey_forward_day_logo,cemhsey_forward_day_logo|D10,plain_conf_threshold_matched_tau_0.05,S8,grasp_protocol,D10,42,0.0,0.0,0.11904761904761904,,10.0,,
cemhsey,cemhsey_forward_day_logo,cemhsey_forward_day_logo|D10,plain_conf_threshold_matched_tau_0.05,S9,grasp_protocol,D10,42,0.0,0.0,0.14285714285714285,,5.0,,
cemhsey,cemhsey_forward_day_logo,cemhsey_forward_day_logo|D10,plain_conf_threshold_matched_tau_0.10,S1,grasp_protocol,D10,42,0.16666666666666666,0.14285714285714285,0.6904761904761905,20.0,5.0,20.0,20.0
cemhsey,cemhsey_forward_day_logo,cemhsey_forward_day_logo|D10,plain_conf_threshold_matched_tau_0.10,S10,grasp_protocol,D10,42,0.047619047619047616,0.047619047619047616,0.40476190476190477,20.0,5.0,20.0,20.0
cemhsey,cemhsey_forward_day_logo,cemhsey_forward_day_logo|D10,plain_conf_threshold_matched_tau_0.10,S11,grasp_protocol,D10,42,0.023809523809523808,0.023809523809523808,0.5476190476190477,20.0,5.0,20.0,20.0
cemhsey,cemhsey_forward_day_logo,cemhsey_forward_day_logo|D10,plain_conf_threshold_matched_tau_0.10,S12,grasp_protocol,D10,42,0.023809523809523808,0.023809523809523808,0.42857142857142855,20.0,5.0,20.0,20.0
cemhsey,cemhsey_forward_day_logo,cemhsey_forward_day_logo|D10,plain_conf_threshold_matched_tau_0.10,S13,grasp_protocol,D10,42,0.11904761904761904,0.09523809523809523,0.5,20.0,5.0,20.0,20.0
cemhsey,cemhsey_forward_day_logo,cemhsey_forward_day_logo|D10,plain_conf_threshold_matched_tau_0.10,S2,grasp_protocol,D10,42,0.19047619047619047,0.19047619047619047,0.5952380952380952,20.0,5.0,20.0,20.0
cemhsey,cemhsey_forward_day_logo,cemhsey_forward_day_logo|D10,plain_conf_threshold_matched_tau_0.10,S3,grasp_protocol,D10,42,0.0,0.0,0.30952380952380953,20.0,5.0,,
cemhsey,cemhsey_forward_day_logo,cemhsey_forward_day_logo|D10,plain_conf_threshold_matched_tau_0.10,S4,grasp_protocol,D10,42,0.0,0.0,0.2619047619047619,,5.0,,
cemhsey,cemhsey_forward_day_logo,cemhsey_forward_day_logo|D10,plain_conf_threshold_matched_tau_0.10,S5,grasp_protocol,D10,42,0.0,0.0,0.5,20.0,5.0,,
cemhsey,cemhsey_forward_day_logo,cemhsey_forward_day_logo|D10,plain_conf_threshold_matched_tau_0.10,S6,grasp_protocol,D10,42,0.11904761904761904,0.11904761904761904,0.5952380952380952,20.0,5.0,20.0,20.0
cemhsey,cemhsey_forward_day_logo,cemhsey_forward_day_logo|D10,plain_conf_threshold_matched_tau_0.10,S7,grasp_protocol,D10,42,0.0,0.0,0.42857142857142855,,5.0,,
cemhsey,cemhsey_forward_day_logo,cemhsey_forward_day_logo|D10,plain_conf_threshold_matched_tau_0.10,S8,grasp_protocol,D10,42,0.0,0.0,0.11904761904761904,5.0,10.0,,
cemhsey,cemhsey_forward_day_logo,cemhsey_forward_day_logo|D10,plain_conf_threshold_matched_tau_0.10,S9,grasp_protocol,D10,42,0.0,0.0,0.14285714285714285,,5.0,,
cemhsey,cemhsey_forward_day_logo,cemhsey_forward_day_logo|D10,plain_conf_threshold_matched_tau_0.15,S1,grasp_protocol,D10,42,0.2857142857142857,0.2619047619047619,0.7857142857142857,20.0,5.0,20.0,20.0
cemhsey,cemhsey_forward_day_logo,cemhsey_forward_day_logo|D10,plain_conf_threshold_matched_tau_0.15,S10,grasp_protocol,D10,42,0.047619047619047616,0.047619047619047616,0.40476190476190477,20.0,5.0,20.0,20.0
cemhsey,cemhsey_forward_day_logo,cemhsey_forward_day_logo|D10,plain_conf_threshold_matched_tau_0.15,S11,grasp_protocol,D10,42,0.11904761904761904,0.11904761904761904,0.6190476190476191,20.0,5.0,20.0,20.0
cemhsey,cemhsey_forward_day_logo,cemhsey_forward_day_logo|D10,plain_conf_threshold_matched_tau_0.15,S12,grasp_protocol,D10,42,0.023809523809523808,0.023809523809523808,0.42857142857142855,20.0,5.0,20.0,20.0
cemhsey,cemhsey_forward_day_logo,cemhsey_forward_day_logo|D10,plain_conf_threshold_matched_tau_0.15,S13,grasp_protocol,D10,42,0.14285714285714285,0.11904761904761904,0.5476190476190477,20.0,5.0,20.0,20.0
cemhsey,cemhsey_forward_day_logo,cemhsey_forward_day_logo|D10,plain_conf_threshold_matched_tau_0.15,S2,grasp_protocol,D10,42,0.30952380952380953,0.2857142857142857,0.7142857142857143,20.0,5.0,20.0,20.0
cemhsey,cemhsey_forward_day_logo,cemhsey_forward_day_logo|D10,plain_conf_threshold_matched_tau_0.15,S3,grasp_protocol,D10,42,0.047619047619047616,0.047619047619047616,0.3333333333333333,20.0,5.0,20.0,20.0
cemhsey,cemhsey_forward_day_logo,cemhsey_forward_day_logo|D10,plain_conf_threshold_matched_tau_0.15,S4,grasp_protocol,D10,42,0.0,0.0,0.2619047619047619,,5.0,,
cemhsey,cemhsey_forward_day_logo,cemhsey_forward_day_logo|D10,plain_conf_threshold_matched_tau_0.15,S5,grasp_protocol,D10,42,0.047619047619047616,0.047619047619047616,0.5476190476190477,20.0,5.0,20.0,20.0
cemhsey,cemhsey_forward_day_logo,cemhsey_forward_day_logo|D10,plain_conf_threshold_matched_tau_0.15,S6,grasp_protocol,D10,42,0.19047619047619047,0.16666666666666666,0.6190476190476191,20.0,5.0,20.0,20.0
cemhsey,cemhsey_forward_day_logo,cemhsey_forward_day_logo|D10,plain_conf_threshold_matched_tau_0.15,S7,grasp_protocol,D10,42,0.0,0.0,0.42857142857142855,,5.0,,
cemhsey,cemhsey_forward_day_logo,cemhsey_forward_day_logo|D10,plain_conf_threshold_matched_tau_0.15,S8,grasp_protocol,D10,42,0.0,0.0,0.09523809523809523,5.0,10.0,,
cemhsey,cemhsey_forward_day_logo,cemhsey_forward_day_logo|D10,plain_conf_threshold_matched_tau_0.15,S9,grasp_protocol,D10,42,0.0,0.0,0.14285714285714285,,5.0,,
cemhsey,cemhsey_forward_day_logo,cemhsey_forward_day_logo|D10,plain_conf_threshold_matched_tau_0.20,S1,grasp_protocol,D10,42,0.40476190476190477,0.40476190476190477,0.8809523809523809,20.0,5.0,20.0,20.0
cemhsey,cemhsey_forward_day_logo,cemhsey_forward_day_logo|D10,plain_conf_threshold_matched_tau_0.20,S10,grasp_protocol,D10,42,0.047619047619047616,0.047619047619047616,0.42857142857142855,20.0,5.0,20.0,20.0
cemhsey,cemhsey_forward_day_logo,cemhsey_forward_day_logo|D10,plain_conf_threshold_matched_tau_0.20,S11,grasp_protocol,D10,42,0.11904761904761904,0.11904761904761904,0.6190476190476191,20.0,5.0,20.0,20.0
cemhsey,cemhsey_forward_day_logo,cemhsey_forward_day_logo|D10,plain_conf_threshold_matched_tau_0.20,S12,grasp_protocol,D10,42,0.047619047619047616,0.047619047619047616,0.42857142857142855,20.0,5.0,20.0,20.0
cemhsey,cemhsey_forward_day_logo,cemhsey_forward_day_logo|D10,plain_conf_threshold_matched_tau_0.20,S13,grasp_protocol,D10,42,0.16666666666666666,0.14285714285714285,0.5714285714285714,20.0,5.0,20.0,20.0
cemhsey,cemhsey_forward_day_logo,cemhsey_forward_day_logo|D10,plain_conf_threshold_matched_tau_0.20,S2,grasp_protocol,D10,42,0.35714285714285715,0.3333333333333333,0.7142857142857143,20.0,5.0,20.0,20.0
cemhsey,cemhsey_forward_day_logo,cemhsey_forward_day_logo|D10,plain_conf_threshold_matched_tau_0.20,S3,grasp_protocol,D10,42,0.047619047619047616,0.047619047619047616,0.3333333333333333,20.0,5.0,20.0,20.0
cemhsey,cemhsey_forward_day_logo,cemhsey_forward_day_logo|D10,plain_conf_threshold_matched_tau_0.20,S4,grasp_protocol,D10,42,0.0,0.0,0.2619047619047619,,5.0,,
cemhsey,cemhsey_forward_day_logo,cemhsey_forward_day_logo|D10,plain_conf_threshold_matched_tau_0.20,S5,grasp_protocol,D10,42,0.07142857142857142,0.07142857142857142,0.5476190476190477,20.0,5.0,20.0,20.0
cemhsey,cemhsey_forward_day_logo,cemhsey_forward_day_logo|D10,plain_conf_threshold_matched_tau_0.20,S6,grasp_protocol,D10,42,0.21428571428571427,0.19047619047619047,0.6190476190476191,20.0,5.0,20.0,20.0
cemhsey,cemhsey_forward_day_logo,cemhsey_forward_day_logo|D10,plain_conf_threshold_matched_tau_0.20,S7,grasp_protocol,D10,42,0.0,0.0,0.42857142857142855,,5.0,,
cemhsey,cemhsey_forward_day_logo,cemhsey_forward_day_logo|D10,plain_conf_threshold_matched_tau_0.20,S8,grasp_protocol,D10,42,0.0,0.0,0.09523809523809523,5.0,10.0,,
cemhsey,cemhsey_forward_day_logo,cemhsey_forward_day_logo|D10,plain_conf_threshold_matched_tau_0.20,S9,grasp_protocol,D10,42,0.0,0.0,0.14285714285714285,,5.0,,
cemhsey,cemhsey_forward_day_logo,cemhsey_forward_day_logo|D10,selective_prediction,S1,grasp_protocol,D10,42,0.3333333333333333,0.0,0.40476190476190477,20.0,5.0,20.0,
cemhsey,cemhsey_forward_day_logo,cemhsey_forward_day_logo|D10,selective_prediction,S10,grasp_protocol,D10,42,0.07142857142857142,0.0,0.3333333333333333,20.0,5.0,20.0,
cemhsey,cemhsey_forward_day_logo,cemhsey_forward_day_logo|D10,selective_prediction,S11,grasp_protocol,D10,42,0.07142857142857142,0.047619047619047616,0.5238095238095238,20.0,5.0,20.0,20.0
cemhsey,cemhsey_forward_day_logo,cemhsey_forward_day_logo|D10,selective_prediction,S12,grasp_protocol,D10,42,0.047619047619047616,0.023809523809523808,0.40476190476190477,20.0,5.0,20.0,20.0
cemhsey,cemhsey_forward_day_logo,cemhsey_forward_day_logo|D10,selective_prediction,S13,grasp_protocol,D10,42,0.16666666666666666,0.0,0.38095238095238093,20.0,5.0,20.0,
cemhsey,cemhsey_forward_day_logo,cemhsey_forward_day_logo|D10,selective_prediction,S2,grasp_protocol,D10,42,0.2619047619047619,0.0,0.35714285714285715,20.0,5.0,20.0,
cemhsey,cemhsey_forward_day_logo,cemhsey_forward_day_logo|D10,selective_prediction,S3,grasp_protocol,D10,42,0.023809523809523808,0.0,0.2857142857142857,20.0,5.0,20.0,
cemhsey,cemhsey_forward_day_logo,cemhsey_forward_day_logo|D10,selective_prediction,S4,grasp_protocol,D10,42,0.0,0.0,0.2619047619047619,,5.0,,
cemhsey,cemhsey_forward_day_logo,cemhsey_forward_day_logo|D10,selective_prediction,S5,grasp_protocol,D10,42,0.023809523809523808,0.023809523809523808,0.5,20.0,5.0,20.0,20.0
cemhsey,cemhsey_forward_day_logo,cemhsey_forward_day_logo|D10,selective_prediction,S6,grasp_protocol,D10,42,0.19047619047619047,0.0,0.42857142857142855,20.0,5.0,20.0,
cemhsey,cemhsey_forward_day_logo,cemhsey_forward_day_logo|D10,selective_prediction,S7,grasp_protocol,D10,42,0.0,0.0,0.42857142857142855,,5.0,,
cemhsey,cemhsey_forward_day_logo,cemhsey_forward_day_logo|D10,selective_prediction,S8,grasp_protocol,D10,42,0.0,0.0,0.11904761904761904,12.5,10.0,,
cemhsey,cemhsey_forward_day_logo,cemhsey_forward_day_logo|D10,selective_prediction,S9,grasp_protocol,D10,42,0.0,0.0,0.14285714285714285,,5.0,,
cemhsey,cemhsey_forward_day_logo,cemhsey_forward_day_logo|D10,set_acsa_tau_0.02,S1,grasp_protocol,D10,42,0.047619047619047616,0.047619047619047616,0.4523809523809524,20.0,5.0,20.0,20.0
cemhsey,cemhsey_forward_day_logo,cemhsey_forward_day_logo|D10,set_acsa_tau_0.02,S10,grasp_protocol,D10,42,0.0,0.0,0.3333333333333333,10.0,5.0,,
cemhsey,cemhsey_forward_day_logo,cemhsey_forward_day_logo|D10,set_acsa_tau_0.02,S11,grasp_protocol,D10,42,0.09523809523809523,0.07142857142857142,0.5238095238095238,17.5,5.0,17.5,20.0
cemhsey,cemhsey_forward_day_logo,cemhsey_forward_day_logo|D10,set_acsa_tau_0.02,S12,grasp_protocol,D10,42,0.07142857142857142,0.07142857142857142,0.4523809523809524,20.0,5.0,20.0,20.0
cemhsey,cemhsey_forward_day_logo,cemhsey_forward_day_logo|D10,set_acsa_tau_0.02,S13,grasp_protocol,D10,42,0.09523809523809523,0.07142857142857142,0.4523809523809524,15.0,5.0,15.0,20.0
cemhsey,cemhsey_forward_day_logo,cemhsey_forward_day_logo|D10,set_acsa_tau_0.02,S2,grasp_protocol,D10,42,0.07142857142857142,0.047619047619047616,0.40476190476190477,20.0,5.0,20.0,20.0
cemhsey,cemhsey_forward_day_logo,cemhsey_forward_day_logo|D10,set_acsa_tau_0.02,S3,grasp_protocol,D10,42,0.047619047619047616,0.023809523809523808,0.2857142857142857,20.0,5.0,17.5,20.0
cemhsey,cemhsey_forward_day_logo,cemhsey_forward_day_logo|D10,set_acsa_tau_0.02,S4,grasp_protocol,D10,42,0.16666666666666666,0.07142857142857142,0.3333333333333333,15.0,5.0,15.0,20.0
cemhsey,cemhsey_forward_day_logo,cemhsey_forward_day_logo|D10,set_acsa_tau_0.02,S5,grasp_protocol,D10,42,0.023809523809523808,0.023809523809523808,0.5,10.0,5.0,20.0,20.0
cemhsey,cemhsey_forward_day_logo,cemhsey_forward_day_logo|D10,set_acsa_tau_0.02,S6,grasp_protocol,D10,42,0.14285714285714285,0.11904761904761904,0.5,17.5,5.0,17.5,20.0
cemhsey,cemhsey_forward_day_logo,cemhsey_forward_day_logo|D10,set_acsa_tau_0.02,S7,grasp_protocol,D10,42,0.023809523809523808,0.023809523809523808,0.42857142857142855,20.0,5.0,20.0,20.0
cemhsey,cemhsey_forward_day_logo,cemhsey_forward_day_logo|D10,set_acsa_tau_0.02,S8,grasp_protocol,D10,42,0.0,0.0,0.11904761904761904,12.5,10.0,,
cemhsey,cemhsey_forward_day_logo,cemhsey_forward_day_logo|D10,set_acsa_tau_0.02,S9,grasp_protocol,D10,42,0.047619047619047616,0.023809523809523808,0.16666666666666666,5.0,5.0,12.5,20.0
cemhsey,cemhsey_forward_day_logo,cemhsey_forward_day_logo|D10,set_acsa_tau_0.05,S1,grasp_protocol,D10,42,0.11904761904761904,0.11904761904761904,0.5238095238095238,20.0,5.0,20.0,20.0
cemhsey,cemhsey_forward_day_logo,cemhsey_forward_day_logo|D10,set_acsa_tau_0.05,S10,grasp_protocol,D10,42,0.07142857142857142,0.07142857142857142,0.40476190476190477,20.0,5.0,20.0,20.0
cemhsey,cemhsey_forward_day_logo,cemhsey_forward_day_logo|D10,set_acsa_tau_0.05,S11,grasp_protocol,D10,42,0.2619047619047619,0.21428571428571427,0.5952380952380952,15.0,5.0,15.0,20.0
cemhsey,cemhsey_forward_day_logo,cemhsey_forward_day_logo|D10,set_acsa_tau_0.05,S12,grasp_protocol,D10,42,0.09523809523809523,0.07142857142857142,0.4523809523809524,20.0,5.0,20.0,20.0
cemhsey,cemhsey_forward_day_logo,cemhsey_forward_day_logo|D10,set_acsa_tau_0.05,S13,grasp_protocol,D10,42,0.11904761904761904,0.09523809523809523,0.47619047619047616,20.0,5.0,20.0,20.0
cemhsey,cemhsey_forward_day_logo,cemhsey_forward_day_logo|D10,set_acsa_tau_0.05,S2,grasp_protocol,D10,42,0.19047619047619047,0.14285714285714285,0.5,20.0,5.0,20.0,20.0
cemhsey,cemhsey_forward_day_logo,cemhsey_forward_day_logo|D10,set_acsa_tau_0.05,S3,grasp_protocol,D10,42,0.21428571428571427,0.14285714285714285,0.40476190476190477,20.0,5.0,20.0,20.0
cemhsey,cemhsey_forward_day_logo,cemhsey_forward_day_logo|D10,set_acsa_tau_0.05,S4,grasp_protocol,D10,42,0.2857142857142857,0.16666666666666666,0.42857142857142855,15.0,5.0,17.5,20.0
cemhsey,cemhsey_forward_day_logo,cemhsey_forward_day_logo|D10,set_acsa_tau_0.05,S5,grasp_protocol,D10,42,0.07142857142857142,0.07142857142857142,0.5238095238095238,20.0,5.0,20.0,20.0
cemhsey,cemhsey_forward_day_logo,cemhsey_forward_day_logo|D10,set_acsa_tau_0.05,S6,grasp_protocol,D10,42,0.21428571428571427,0.19047619047619047,0.5476190476190477,20.0,5.0,20.0,20.0
cemhsey,cemhsey_forward_day_logo,cemhsey_forward_day_logo|D10,set_acsa_tau_0.05,S7,grasp_protocol,D10,42,0.07142857142857142,0.07142857142857142,0.47619047619047616,20.0,5.0,20.0,20.0
cemhsey,cemhsey_forward_day_logo,cemhsey_forward_day_logo|D10,set_acsa_tau_0.05,S8,grasp_protocol,D10,42,0.023809523809523808,0.023809523809523808,0.11904761904761904,10.0,10.0,20.0,20.0
cemhsey,cemhsey_forward_day_logo,cemhsey_forward_day_logo|D10,set_acsa_tau_0.05,S9,grasp_protocol,D10,42,0.07142857142857142,0.047619047619047616,0.19047619047619047,7.5,5.0,10.0,20.0
cemhsey,cemhsey_forward_day_logo,cemhsey_forward_day_logo|D10,set_acsa_tau_0.10,S1,grasp_protocol,D10,42,0.3333333333333333,0.3333333333333333,0.7142857142857143,20.0,5.0,20.0,20.0
cemhsey,cemhsey_forward_day_logo,cemhsey_forward_day_logo|D10,set_acsa_tau_0.10,S10,grasp_protocol,D10,42,0.2619047619047619,0.2619047619047619,0.5714285714285714,20.0,5.0,20.0,20.0
cemhsey,cemhsey_forward_day_logo,cemhsey_forward_day_logo|D10,set_acsa_tau_0.10,S11,grasp_protocol,D10,42,0.40476190476190477,0.35714285714285715,0.7619047619047619,20.0,5.0,20.0,20.0
cemhsey,cemhsey_forward_day_logo,cemhsey_forward_day_logo|D10,set_acsa_tau_0.10,S12,grasp_protocol,D10,42,0.19047619047619047,0.14285714285714285,0.5238095238095238,20.0,5.0,20.0,20.0
cemhsey,cemhsey_forward_day_logo,cemhsey_forward_day_logo|D10,set_acsa_tau_0.10,S13,grasp_protocol,D10,42,0.35714285714285715,0.3333333333333333,0.7142857142857143,20.0,5.0,20.0,20.0
cemhsey,cemhsey_forward_day_logo,cemhsey_forward_day_logo|D10,set_acsa_tau_0.10,S2,grasp_protocol,D10,42,0.4523809523809524,0.38095238095238093,0.7380952380952381,20.0,5.0,20.0,20.0
cemhsey,cemhsey_forward_day_logo,cemhsey_forward_day_logo|D10,set_acsa_tau_0.10,S3,grasp_protocol,D10,42,0.40476190476190477,0.30952380952380953,0.5238095238095238,20.0,5.0,20.0,20.0
cemhsey,cemhsey_forward_day_logo,cemhsey_forward_day_logo|D10,set_acsa_tau_0.10,S4,grasp_protocol,D10,42,0.42857142857142855,0.40476190476190477,0.5714285714285714,20.0,5.0,20.0,20.0
cemhsey,cemhsey_forward_day_logo,cemhsey_forward_day_logo|D10,set_acsa_tau_0.10,S5,grasp_protocol,D10,42,0.19047619047619047,0.19047619047619047,0.6428571428571429,20.0,5.0,20.0,20.0
cemhsey,cemhsey_forward_day_logo,cemhsey_forward_day_logo|D10,set_acsa_tau_0.10,S6,grasp_protocol,D10,42,0.40476190476190477,0.35714285714285715,0.6904761904761905,20.0,5.0,20.0,20.0
cemhsey,cemhsey_forward_day_logo,cemhsey_forward_day_logo|D10,set_acsa_tau_0.10,S7,grasp_protocol,D10,42,0.23809523809523808,0.23809523809523808,0.6428571428571429,20.0,5.0,20.0,20.0
cemhsey,cemhsey_forward_day_logo,cemhsey_forward_day_logo|D10,set_acsa_tau_0.10,S8,grasp_protocol,D10,42,0.16666666666666666,0.11904761904761904,0.16666666666666666,20.0,7.5,20.0,20.0
cemhsey,cemhsey_forward_day_logo,cemhsey_forward_day_logo|D10,set_acsa_tau_0.10,S9,grasp_protocol,D10,42,0.16666666666666666,0.14285714285714285,0.21428571428571427,20.0,5.0,20.0,20.0
cemhsey,cemhsey_forward_day_logo,cemhsey_forward_day_logo|D10,set_acsa_tau_0.15,S1,grasp_protocol,D10,42,0.42857142857142855,0.40476190476190477,0.7857142857142857,20.0,5.0,20.0,20.0
cemhsey,cemhsey_forward_day_logo,cemhsey_forward_day_logo|D10,set_acsa_tau_0.15,S10,grasp_protocol,D10,42,0.30952380952380953,0.30952380952380953,0.6190476190476191,20.0,5.0,20.0,20.0
cemhsey,cemhsey_forward_day_logo,cemhsey_forward_day_logo|D10,set_acsa_tau_0.15,S11,grasp_protocol,D10,42,0.5238095238095238,0.47619047619047616,0.8809523809523809,20.0,5.0,20.0,20.0
cemhsey,cemhsey_forward_day_logo,cemhsey_forward_day_logo|D10,set_acsa_tau_0.15,S12,grasp_protocol,D10,42,0.2619047619047619,0.21428571428571427,0.5952380952380952,20.0,5.0,20.0,20.0
cemhsey,cemhsey_forward_day_logo,cemhsey_forward_day_logo|D10,set_acsa_tau_0.15,S13,grasp_protocol,D10,42,0.38095238095238093,0.38095238095238093,0.7142857142857143,20.0,5.0,20.0,20.0
cemhsey,cemhsey_forward_day_logo,cemhsey_forward_day_logo|D10,set_acsa_tau_0.15,S2,grasp_protocol,D10,42,0.5238095238095238,0.5,0.8333333333333334,20.0,5.0,20.0,20.0
cemhsey,cemhsey_forward_day_logo,cemhsey_forward_day_logo|D10,set_acsa_tau_0.15,S3,grasp_protocol,D10,42,0.5952380952380952,0.5476190476190477,0.7380952380952381,20.0,5.0,20.0,20.0
cemhsey,cemhsey_forward_day_logo,cemhsey_forward_day_logo|D10,set_acsa_tau_0.15,S4,grasp_protocol,D10,42,0.47619047619047616,0.47619047619047616,0.6428571428571429,20.0,5.0,20.0,20.0
cemhsey,cemhsey_forward_day_logo,cemhsey_forward_day_logo|D10,set_acsa_tau_0.15,S5,grasp_protocol,D10,42,0.2619047619047619,0.2619047619047619,0.7142857142857143,20.0,5.0,20.0,20.0
cemhsey,cemhsey_forward_day_logo,cemhsey_forward_day_logo|D10,set_acsa_tau_0.15,S6,grasp_protocol,D10,42,0.4523809523809524,0.42857142857142855,0.7619047619047619,20.0,5.0,20.0,20.0
cemhsey,cemhsey_forward_day_logo,cemhsey_forward_day_logo|D10,set_acsa_tau_0.15,S7,grasp_protocol,D10,42,0.2619047619047619,0.2619047619047619,0.6666666666666666,20.0,5.0,20.0,20.0
cemhsey,cemhsey_forward_day_logo,cemhsey_forward_day_logo|D10,set_acsa_tau_0.15,S8,grasp_protocol,D10,42,0.19047619047619047,0.14285714285714285,0.19047619047619047,17.5,7.5,20.0,20.0
cemhsey,cemhsey_forward_day_logo,cemhsey_forward_day_logo|D10,set_acsa_tau_0.15,S9,grasp_protocol,D10,42,0.23809523809523808,0.19047619047619047,0.2619047619047619,20.0,5.0,17.5,20.0
cemhsey,cemhsey_forward_day_logo,cemhsey_forward_day_logo|D10,set_acsa_tau_0.20,S1,grasp_protocol,D10,42,0.47619047619047616,0.47619047619047616,0.8571428571428571,20.0,5.0,20.0,20.0
cemhsey,cemhsey_forward_day_logo,cemhsey_forward_day_logo|D10,set_acsa_tau_0.20,S10,grasp_protocol,D10,42,0.30952380952380953,0.30952380952380953,0.6190476190476191,20.0,5.0,20.0,20.0
cemhsey,cemhsey_forward_day_logo,cemhsey_forward_day_logo|D10,set_acsa_tau_0.20,S11,grasp_protocol,D10,42,0.5952380952380952,0.5476190476190477,0.9523809523809523,20.0,5.0,20.0,20.0
cemhsey,cemhsey_forward_day_logo,cemhsey_forward_day_logo|D10,set_acsa_tau_0.20,S12,grasp_protocol,D10,42,0.38095238095238093,0.35714285714285715,0.7142857142857143,20.0,5.0,20.0,20.0
cemhsey,cemhsey_forward_day_logo,cemhsey_forward_day_logo|D10,set_acsa_tau_0.20,S13,grasp_protocol,D10,42,0.5476190476190477,0.5476190476190477,0.8809523809523809,20.0,5.0,20.0,20.0
cemhsey,cemhsey_forward_day_logo,cemhsey_forward_day_logo|D10,set_acsa_tau_0.20,S2,grasp_protocol,D10,42,0.5952380952380952,0.5952380952380952,0.9285714285714286,20.0,5.0,20.0,20.0
cemhsey,cemhsey_forward_day_logo,cemhsey_forward_day_logo|D10,set_acsa_tau_0.20,S3,grasp_protocol,D10,42,0.6666666666666666,0.6190476190476191,0.8095238095238095,20.0,5.0,20.0,20.0
cemhsey,cemhsey_forward_day_logo,cemhsey_forward_day_logo|D10,set_acsa_tau_0.20,S4,grasp_protocol,D10,42,0.47619047619047616,0.47619047619047616,0.6428571428571429,20.0,5.0,20.0,20.0
cemhsey,cemhsey_forward_day_logo,cemhsey_forward_day_logo|D10,set_acsa_tau_0.20,S5,grasp_protocol,D10,42,0.2857142857142857,0.2857142857142857,0.7380952380952381,20.0,5.0,20.0,20.0
cemhsey,cemhsey_forward_day_logo,cemhsey_forward_day_logo|D10,set_acsa_tau_0.20,S6,grasp_protocol,D10,42,0.5238095238095238,0.5,0.8333333333333334,20.0,5.0,20.0,20.0
cemhsey,cemhsey_forward_day_logo,cemhsey_forward_day_logo|D10,set_acsa_tau_0.20,S7,grasp_protocol,D10,42,0.2857142857142857,0.2857142857142857,0.6904761904761905,20.0,5.0,20.0,20.0
cemhsey,cemhsey_forward_day_logo,cemhsey_forward_day_logo|D10,set_acsa_tau_0.20,S8,grasp_protocol,D10,42,0.19047619047619047,0.14285714285714285,0.19047619047619047,15.0,7.5,20.0,20.0
cemhsey,cemhsey_forward_day_logo,cemhsey_forward_day_logo|D10,set_acsa_tau_0.20,S9,grasp_protocol,D10,42,0.2619047619047619,0.23809523809523808,0.30952380952380953,20.0,5.0,20.0,20.0
cemhsey,cemhsey_forward_day_logo,cemhsey_forward_day_logo|D10,user_only,S1,grasp_protocol,D10,42,0.0,0.0,0.40476190476190477,,5.0,,
cemhsey,cemhsey_forward_day_logo,cemhsey_forward_day_logo|D10,user_only,S10,grasp_protocol,D10,42,0.0,0.0,0.3333333333333333,,5.0,,
cemhsey,cemhsey_forward_day_logo,cemhsey_forward_day_logo|D10,user_only,S11,grasp_protocol,D10,42,0.0,0.0,0.47619047619047616,,5.0,,
cemhsey,cemhsey_forward_day_logo,cemhsey_forward_day_logo|D10,user_only,S12,grasp_protocol,D10,42,0.0,0.0,0.38095238095238093,,5.0,,
cemhsey,cemhsey_forward_day_logo,cemhsey_forward_day_logo|D10,user_only,S13,grasp_protocol,D10,42,0.0,0.0,0.38095238095238093,,5.0,,
cemhsey,cemhsey_forward_day_logo,cemhsey_forward_day_logo|D10,user_only,S2,grasp_protocol,D10,42,0.0,0.0,0.35714285714285715,,5.0,,
cemhsey,cemhsey_forward_day_logo,cemhsey_forward_day_logo|D10,user_only,S3,grasp_protocol,D10,42,0.0,0.0,0.2857142857142857,,5.0,,
cemhsey,cemhsey_forward_day_logo,cemhsey_forward_day_logo|D10,user_only,S4,grasp_protocol,D10,42,0.0,0.0,0.2619047619047619,,5.0,,
cemhsey,cemhsey_forward_day_logo,cemhsey_forward_day_logo|D10,user_only,S5,grasp_protocol,D10,42,0.0,0.0,0.47619047619047616,,5.0,,
cemhsey,cemhsey_forward_day_logo,cemhsey_forward_day_logo|D10,user_only,S6,grasp_protocol,D10,42,0.0,0.0,0.42857142857142855,,5.0,,
cemhsey,cemhsey_forward_day_logo,cemhsey_forward_day_logo|D10,user_only,S7,grasp_protocol,D10,42,0.0,0.0,0.42857142857142855,,5.0,,
cemhsey,cemhsey_forward_day_logo,cemhsey_forward_day_logo|D10,user_only,S8,grasp_protocol,D10,42,0.0,0.0,0.11904761904761904,,10.0,,
cemhsey,cemhsey_forward_day_logo,cemhsey_forward_day_logo|D10,user_only,S9,grasp_protocol,D10,42,0.0,0.0,0.14285714285714285,,5.0,,
cemhsey,cemhsey_forward_day_logo,cemhsey_forward_day_logo|D11,agency_margin_tau_0.02,S1,grasp_protocol,D11,42,0.0,0.0,0.5714285714285714,,5.0,,
cemhsey,cemhsey_forward_day_logo,cemhsey_forward_day_logo|D11,agency_margin_tau_0.02,S10,grasp_protocol,D11,42,0.11904761904761904,0.023809523809523808,0.30952380952380953,12.5,5.0,10.0,20.0
cemhsey,cemhsey_forward_day_logo,cemhsey_forward_day_logo|D11,agency_margin_tau_0.02,S11,grasp_protocol,D11,42,0.047619047619047616,0.047619047619047616,0.5238095238095238,20.0,5.0,20.0,20.0
cemhsey,cemhsey_forward_day_logo,cemhsey_forward_day_logo|D11,agency_margin_tau_0.02,S12,grasp_protocol,D11,42,0.047619047619047616,0.047619047619047616,0.2857142857142857,12.5,5.0,12.5,12.5
cemhsey,cemhsey_forward_day_logo,cemhsey_forward_day_logo|D11,agency_margin_tau_0.02,S13,grasp_protocol,D11,42,0.09523809523809523,0.09523809523809523,0.35714285714285715,20.0,5.0,15.0,15.0
cemhsey,cemhsey_forward_day_logo,cemhsey_forward_day_logo|D11,agency_margin_tau_0.02,S2,grasp_protocol,D11,42,0.047619047619047616,0.023809523809523808,0.6190476190476191,12.5,5.0,12.5,20.0
cemhsey,cemhsey_forward_day_logo,cemhsey_forward_day_logo|D11,agency_margin_tau_0.02,S3,grasp_protocol,D11,42,0.07142857142857142,0.023809523809523808,0.40476190476190477,20.0,5.0,15.0,20.0
cemhsey,cemhsey_forward_day_logo,cemhsey_forward_day_logo|D11,agency_margin_tau_0.02,S4,grasp_protocol,D11,42,0.07142857142857142,0.047619047619047616,0.47619047619047616,15.0,5.0,15.0,17.5
cemhsey,cemhsey_forward_day_logo,cemhsey_forward_day_logo|D11,agency_margin_tau_0.02,S5,grasp_protocol,D11,42,0.023809523809523808,0.0,0.5476190476190477,5.0,5.0,5.0,
cemhsey,cemhsey_forward_day_logo,cemhsey_forward_day_logo|D11,agency_margin_tau_0.02,S6,grasp_protocol,D11,42,0.023809523809523808,0.023809523809523808,0.6190476190476191,10.0,5.0,10.0,10.0
cemhsey,cemhsey_forward_day_logo,cemhsey_forward_day_logo|D11,agency_margin_tau_0.02,S7,grasp_protocol,D11,42,0.11904761904761904,0.09523809523809523,0.2619047619047619,15.0,5.0,10.0,15.0
cemhsey,cemhsey_forward_day_logo,cemhsey_forward_day_logo|D11,agency_margin_tau_0.02,S8,grasp_protocol,D11,42,0.09523809523809523,0.047619047619047616,0.40476190476190477,10.0,5.0,7.5,20.0
cemhsey,cemhsey_forward_day_logo,cemhsey_forward_day_logo|D11,agency_margin_tau_0.02,S9,grasp_protocol,D11,42,0.09523809523809523,0.07142857142857142,0.2619047619047619,20.0,5.0,20.0,20.0
cemhsey,cemhsey_forward_day_logo,cemhsey_forward_day_logo|D11,agency_margin_tau_0.05,S1,grasp_protocol,D11,42,0.023809523809523808,0.023809523809523808,0.5952380952380952,20.0,5.0,20.0,20.0
cemhsey,cemhsey_forward_day_logo,cemhsey_forward_day_logo|D11,agency_margin_tau_0.05,S10,grasp_protocol,D11,42,0.16666666666666666,0.047619047619047616,0.3333333333333333,12.5,5.0,10.0,20.0
cemhsey,cemhsey_forward_day_logo,cemhsey_forward_day_logo|D11,agency_margin_tau_0.05,S11,grasp_protocol,D11,42,0.16666666666666666,0.16666666666666666,0.6190476190476191,20.0,5.0,20.0,20.0
cemhsey,cemhsey_forward_day_logo,cemhsey_forward_day_logo|D11,agency_margin_tau_0.05,S12,grasp_protocol,D11,42,0.09523809523809523,0.09523809523809523,0.30952380952380953,20.0,5.0,20.0,20.0
cemhsey,cemhsey_forward_day_logo,cemhsey_forward_day_logo|D11,agency_margin_tau_0.05,S13,grasp_protocol,D11,42,0.23809523809523808,0.16666666666666666,0.42857142857142855,20.0,5.0,17.5,20.0
cemhsey,cemhsey_forward_day_logo,cemhsey_forward_day_logo|D11,agency_margin_tau_0.05,S2,grasp_protocol,D11,42,0.09523809523809523,0.07142857142857142,0.6666666666666666,20.0,5.0,20.0,20.0
cemhsey,cemhsey_forward_day_logo,cemhsey_forward_day_logo|D11,agency_margin_tau_0.05,S3,grasp_protocol,D11,42,0.23809523809523808,0.11904761904761904,0.47619047619047616,20.0,5.0,15.0,20.0
cemhsey,cemhsey_forward_day_logo,cemhsey_forward_day_logo|D11,agency_margin_tau_0.05,S4,grasp_protocol,D11,42,0.21428571428571427,0.19047619047619047,0.5952380952380952,20.0,5.0,20.0,20.0
cemhsey,cemhsey_forward_day_logo,cemhsey_forward_day_logo|D11,agency_margin_tau_0.05,S5,grasp_protocol,D11,42,0.07142857142857142,0.047619047619047616,0.5714285714285714,5.0,5.0,5.0,12.5
cemhsey,cemhsey_forward_day_logo,cemhsey_forward_day_logo|D11,agency_margin_tau_0.05,S6,grasp_protocol,D11,42,0.14285714285714285,0.09523809523809523,0.6666666666666666,12.5,5.0,12.5,17.5
cemhsey,cemhsey_forward_day_logo,cemhsey_forward_day_logo|D11,agency_margin_tau_0.05,S7,grasp_protocol,D11,42,0.16666666666666666,0.14285714285714285,0.30952380952380953,20.0,5.0,20.0,20.0
cemhsey,cemhsey_forward_day_logo,cemhsey_forward_day_logo|D11,agency_margin_tau_0.05,S8,grasp_protocol,D11,42,0.11904761904761904,0.07142857142857142,0.38095238095238093,7.5,5.0,10.0,20.0
cemhsey,cemhsey_forward_day_logo,cemhsey_forward_day_logo|D11,agency_margin_tau_0.05,S9,grasp_protocol,D11,42,0.19047619047619047,0.16666666666666666,0.3333333333333333,20.0,5.0,20.0,20.0
cemhsey,cemhsey_forward_day_logo,cemhsey_forward_day_logo|D11,agency_margin_tau_0.10,S1,grasp_protocol,D11,42,0.07142857142857142,0.07142857142857142,0.6428571428571429,20.0,5.0,20.0,20.0
cemhsey,cemhsey_forward_day_logo,cemhsey_forward_day_logo|D11,agency_margin_tau_0.10,S10,grasp_protocol,D11,42,0.23809523809523808,0.09523809523809523,0.38095238095238093,10.0,5.0,10.0,20.0
cemhsey,cemhsey_forward_day_logo,cemhsey_forward_day_logo|D11,agency_margin_tau_0.10,S11,grasp_protocol,D11,42,0.2857142857142857,0.2857142857142857,0.7380952380952381,20.0,5.0,20.0,20.0
cemhsey,cemhsey_forward_day_logo,cemhsey_forward_day_logo|D11,agency_margin_tau_0.10,S12,grasp_protocol,D11,42,0.19047619047619047,0.19047619047619047,0.40476190476190477,20.0,5.0,20.0,20.0
cemhsey,cemhsey_forward_day_logo,cemhsey_forward_day_logo|D11,agency_margin_tau_0.10,S13,grasp_protocol,D11,42,0.40476190476190477,0.3333333333333333,0.5476190476190477,20.0,5.0,20.0,20.0
cemhsey,cemhsey_forward_day_logo,cemhsey_forward_day_logo|D11,agency_margin_tau_0.10,S2,grasp_protocol,D11,42,0.16666666666666666,0.14285714285714285,0.7380952380952381,20.0,5.0,20.0,20.0
cemhsey,cemhsey_forward_day_logo,cemhsey_forward_day_logo|D11,agency_margin_tau_0.10,S3,grasp_protocol,D11,42,0.42857142857142855,0.3333333333333333,0.6904761904761905,20.0,5.0,20.0,20.0
cemhsey,cemhsey_forward_day_logo,cemhsey_forward_day_logo|D11,agency_margin_tau_0.10,S4,grasp_protocol,D11,42,0.47619047619047616,0.4523809523809524,0.7619047619047619,20.0,5.0,20.0,20.0
cemhsey,cemhsey_forward_day_logo,cemhsey_forward_day_logo|D11,agency_margin_tau_0.10,S5,grasp_protocol,D11,42,0.11904761904761904,0.07142857142857142,0.5952380952380952,20.0,5.0,5.0,20.0
cemhsey,cemhsey_forward_day_logo,cemhsey_forward_day_logo|D11,agency_margin_tau_0.10,S6,grasp_protocol,D11,42,0.23809523809523808,0.19047619047619047,0.7619047619047619,20.0,5.0,20.0,20.0
cemhsey,cemhsey_forward_day_logo,cemhsey_forward_day_logo|D11,agency_margin_tau_0.10,S7,grasp_protocol,D11,42,0.21428571428571427,0.19047619047619047,0.35714285714285715,20.0,5.0,20.0,20.0
cemhsey,cemhsey_forward_day_logo,cemhsey_forward_day_logo|D11,agency_margin_tau_0.10,S8,grasp_protocol,D11,42,0.19047619047619047,0.11904761904761904,0.42857142857142855,10.0,5.0,12.5,20.0
cemhsey,cemhsey_forward_day_logo,cemhsey_forward_day_logo|D11,agency_margin_tau_0.10,S9,grasp_protocol,D11,42,0.30952380952380953,0.2857142857142857,0.42857142857142855,20.0,5.0,20.0,20.0
cemhsey,cemhsey_forward_day_logo,cemhsey_forward_day_logo|D11,agency_margin_tau_0.15,S1,grasp_protocol,D11,42,0.11904761904761904,0.11904761904761904,0.6904761904761905,20.0,5.0,20.0,20.0
cemhsey,cemhsey_forward_day_logo,cemhsey_forward_day_logo|D11,agency_margin_tau_0.15,S10,grasp_protocol,D11,42,0.3333333333333333,0.19047619047619047,0.4523809523809524,10.0,5.0,20.0,20.0
cemhsey,cemhsey_forward_day_logo,cemhsey_forward_day_logo|D11,agency_margin_tau_0.15,S11,grasp_protocol,D11,42,0.35714285714285715,0.35714285714285715,0.7857142857142857,20.0,5.0,20.0,20.0
cemhsey,cemhsey_forward_day_logo,cemhsey_forward_day_logo|D11,agency_margin_tau_0.15,S12,grasp_protocol,D11,42,0.30952380952380953,0.30952380952380953,0.5238095238095238,20.0,5.0,20.0,20.0
cemhsey,cemhsey_forward_day_logo,cemhsey_forward_day_logo|D11,agency_margin_tau_0.15,S13,grasp_protocol,D11,42,0.47619047619047616,0.42857142857142855,0.6428571428571429,20.0,5.0,20.0,20.0
cemhsey,cemhsey_forward_day_logo,cemhsey_forward_day_logo|D11,agency_margin_tau_0.15,S2,grasp_protocol,D11,42,0.2857142857142857,0.2619047619047619,0.8095238095238095,20.0,5.0,20.0,20.0
cemhsey,cemhsey_forward_day_logo,cemhsey_forward_day_logo|D11,agency_margin_tau_0.15,S3,grasp_protocol,D11,42,0.4523809523809524,0.35714285714285715,0.7142857142857143,20.0,5.0,20.0,20.0
cemhsey,cemhsey_forward_day_logo,cemhsey_forward_day_logo|D11,agency_margin_tau_0.15,S4,grasp_protocol,D11,42,0.5714285714285714,0.5238095238095238,0.7857142857142857,20.0,5.0,20.0,20.0
cemhsey,cemhsey_forward_day_logo,cemhsey_forward_day_logo|D11,agency_margin_tau_0.15,S5,grasp_protocol,D11,42,0.19047619047619047,0.11904761904761904,0.6428571428571429,20.0,5.0,12.5,20.0
cemhsey,cemhsey_forward_day_logo,cemhsey_forward_day_logo|D11,agency_margin_tau_0.15,S6,grasp_protocol,D11,42,0.30952380952380953,0.2619047619047619,0.8333333333333334,20.0,5.0,20.0,20.0
cemhsey,cemhsey_forward_day_logo,cemhsey_forward_day_logo|D11,agency_margin_tau_0.15,S7,grasp_protocol,D11,42,0.2857142857142857,0.2619047619047619,0.42857142857142855,20.0,5.0,20.0,20.0
cemhsey,cemhsey_forward_day_logo,cemhsey_forward_day_logo|D11,agency_margin_tau_0.15,S8,grasp_protocol,D11,42,0.23809523809523808,0.21428571428571427,0.5,15.0,5.0,17.5,20.0
cemhsey,cemhsey_forward_day_logo,cemhsey_forward_day_logo|D11,agency_margin_tau_0.15,S9,grasp_protocol,D11,42,0.3333333333333333,0.30952380952380953,0.4523809523809524,20.0,5.0,20.0,20.0
cemhsey,cemhsey_forward_day_logo,cemhsey_forward_day_logo|D11,agency_margin_tau_0.20,S1,grasp_protocol,D11,42,0.14285714285714285,0.14285714285714285,0.7142857142857143,20.0,5.0,20.0,20.0
cemhsey,cemhsey_forward_day_logo,cemhsey_forward_day_logo|D11,agency_margin_tau_0.20,S10,grasp_protocol,D11,42,0.3333333333333333,0.19047619047619047,0.4523809523809524,10.0,5.0,20.0,20.0
cemhsey,cemhsey_forward_day_logo,cemhsey_forward_day_logo|D11,agency_margin_tau_0.20,S11,grasp_protocol,D11,42,0.42857142857142855,0.42857142857142855,0.8571428571428571,20.0,5.0,20.0,20.0
cemhsey,cemhsey_forward_day_logo,cemhsey_forward_day_logo|D11,agency_margin_tau_0.20,S12,grasp_protocol,D11,42,0.5,0.5,0.6904761904761905,20.0,5.0,20.0,20.0
cemhsey,cemhsey_forward_day_logo,cemhsey_forward_day_logo|D11,agency_margin_tau_0.20,S13,grasp_protocol,D11,42,0.5714285714285714,0.5476190476190477,0.7619047619047619,20.0,5.0,20.0,20.0
cemhsey,cemhsey_forward_day_logo,cemhsey_forward_day_logo|D11,agency_margin_tau_0.20,S2,grasp_protocol,D11,42,0.3333333333333333,0.30952380952380953,0.8571428571428571,20.0,5.0,20.0,20.0
cemhsey,cemhsey_forward_day_logo,cemhsey_forward_day_logo|D11,agency_margin_tau_0.20,S3,grasp_protocol,D11,42,0.47619047619047616,0.38095238095238093,0.7380952380952381,20.0,5.0,20.0,20.0
cemhsey,cemhsey_forward_day_logo,cemhsey_forward_day_logo|D11,agency_margin_tau_0.20,S4,grasp_protocol,D11,42,0.5952380952380952,0.5476190476190477,0.8095238095238095,20.0,5.0,20.0,20.0
cemhsey,cemhsey_forward_day_logo,cemhsey_forward_day_logo|D11,agency_margin_tau_0.20,S5,grasp_protocol,D11,42,0.2619047619047619,0.19047619047619047,0.7142857142857143,20.0,5.0,20.0,20.0
cemhsey,cemhsey_forward_day_logo,cemhsey_forward_day_logo|D11,agency_margin_tau_0.20,S6,grasp_protocol,D11,42,0.35714285714285715,0.30952380952380953,0.8809523809523809,20.0,5.0,20.0,20.0
cemhsey,cemhsey_forward_day_logo,cemhsey_forward_day_logo|D11,agency_margin_tau_0.20,S7,grasp_protocol,D11,42,0.3333333333333333,0.30952380952380953,0.47619047619047616,20.0,5.0,20.0,20.0
cemhsey,cemhsey_forward_day_logo,cemhsey_forward_day_logo|D11,agency_margin_tau_0.20,S8,grasp_protocol,D11,42,0.23809523809523808,0.23809523809523808,0.47619047619047616,20.0,5.0,17.5,20.0
cemhsey,cemhsey_forward_day_logo,cemhsey_forward_day_logo|D11,agency_margin_tau_0.20,S9,grasp_protocol,D11,42,0.3333333333333333,0.30952380952380953,0.4523809523809524,20.0,5.0,20.0,20.0
cemhsey,cemhsey_forward_day_logo,cemhsey_forward_day_logo|D11,assist_only,S1,grasp_protocol,D11,42,0.38095238095238093,0.35714285714285715,0.9285714285714286,20.0,5.0,20.0,20.0
cemhsey,cemhsey_forward_day_logo,cemhsey_forward_day_logo|D11,assist_only,S10,grasp_protocol,D11,42,0.5,0.4523809523809524,0.5714285714285714,5.0,5.0,20.0,20.0
cemhsey,cemhsey_forward_day_logo,cemhsey_forward_day_logo|D11,assist_only,S11,grasp_protocol,D11,42,0.5714285714285714,0.5238095238095238,0.8809523809523809,15.0,5.0,20.0,20.0
cemhsey,cemhsey_forward_day_logo,cemhsey_forward_day_logo|D11,assist_only,S12,grasp_protocol,D11,42,0.7380952380952381,0.7142857142857143,0.9047619047619048,20.0,5.0,20.0,20.0
cemhsey,cemhsey_forward_day_logo,cemhsey_forward_day_logo|D11,assist_only,S13,grasp_protocol,D11,42,0.7380952380952381,0.6904761904761905,0.8809523809523809,20.0,5.0,20.0,20.0
cemhsey,cemhsey_forward_day_logo,cemhsey_forward_day_logo|D11,assist_only,S2,grasp_protocol,D11,42,0.42857142857142855,0.35714285714285715,0.8809523809523809,20.0,5.0,20.0,20.0
cemhsey,cemhsey_forward_day_logo,cemhsey_forward_day_logo|D11,assist_only,S3,grasp_protocol,D11,42,0.6428571428571429,0.5714285714285714,0.8333333333333334,15.0,5.0,20.0,20.0
cemhsey,cemhsey_forward_day_logo,cemhsey_forward_day_logo|D11,assist_only,S4,grasp_protocol,D11,42,0.6904761904761905,0.6190476190476191,0.8333333333333334,20.0,5.0,20.0,20.0
cemhsey,cemhsey_forward_day_logo,cemhsey_forward_day_logo|D11,assist_only,S5,grasp_protocol,D11,42,0.3333333333333333,0.21428571428571427,0.7380952380952381,10.0,5.0,15.0,20.0
cemhsey,cemhsey_forward_day_logo,cemhsey_forward_day_logo|D11,assist_only,S6,grasp_protocol,D11,42,0.40476190476190477,0.3333333333333333,0.8333333333333334,20.0,5.0,20.0,20.0
cemhsey,cemhsey_forward_day_logo,cemhsey_forward_day_logo|D11,assist_only,S7,grasp_protocol,D11,42,0.5238095238095238,0.4523809523809524,0.5714285714285714,10.0,5.0,20.0,20.0
cemhsey,cemhsey_forward_day_logo,cemhsey_forward_day_logo|D11,assist_only,S8,grasp_protocol,D11,42,0.30952380952380953,0.2857142857142857,0.38095238095238093,5.0,5.0,10.0,12.5
cemhsey,cemhsey_forward_day_logo,cemhsey_forward_day_logo|D11,assist_only,S9,grasp_protocol,D11,42,0.5238095238095238,0.38095238095238093,0.5,10.0,5.0,15.0,20.0
cemhsey,cemhsey_forward_day_logo,cemhsey_forward_day_logo|D11,confidence_blend_alpha_0.25,S1,grasp_protocol,D11,42,0.11904761904761904,0.11904761904761904,0.6904761904761905,20.0,5.0,20.0,20.0
cemhsey,cemhsey_forward_day_logo,cemhsey_forward_day_logo|D11,confidence_blend_alpha_0.25,S10,grasp_protocol,D11,42,0.2857142857142857,0.21428571428571427,0.47619047619047616,20.0,5.0,20.0,20.0
cemhsey,cemhsey_forward_day_logo,cemhsey_forward_day_logo|D11,confidence_blend_alpha_0.25,S11,grasp_protocol,D11,42,0.3333333333333333,0.3333333333333333,0.7857142857142857,20.0,5.0,20.0,20.0
cemhsey,cemhsey_forward_day_logo,cemhsey_forward_day_logo|D11,confidence_blend_alpha_0.25,S12,grasp_protocol,D11,42,0.2857142857142857,0.2857142857142857,0.5238095238095238,20.0,5.0,20.0,20.0
cemhsey,cemhsey_forward_day_logo,cemhsey_forward_day_logo|D11,confidence_blend_alpha_0.25,S13,grasp_protocol,D11,42,0.5238095238095238,0.47619047619047616,0.7142857142857143,20.0,5.0,20.0,20.0
cemhsey,cemhsey_forward_day_logo,cemhsey_forward_day_logo|D11,confidence_blend_alpha_0.25,S2,grasp_protocol,D11,42,0.30952380952380953,0.2857142857142857,0.8809523809523809,20.0,5.0,20.0,20.0
cemhsey,cemhsey_forward_day_logo,cemhsey_forward_day_logo|D11,confidence_blend_alpha_0.25,S3,grasp_protocol,D11,42,0.2857142857142857,0.19047619047619047,0.5476190476190477,20.0,5.0,20.0,20.0
cemhsey,cemhsey_forward_day_logo,cemhsey_forward_day_logo|D11,confidence_blend_alpha_0.25,S4,grasp_protocol,D11,42,0.4523809523809524,0.4523809523809524,0.8333333333333334,20.0,5.0,20.0,20.0
cemhsey,cemhsey_forward_day_logo,cemhsey_forward_day_logo|D11,confidence_blend_alpha_0.25,S5,grasp_protocol,D11,42,0.16666666666666666,0.09523809523809523,0.6190476190476191,20.0,5.0,5.0,20.0
cemhsey,cemhsey_forward_day_logo,cemhsey_forward_day_logo|D11,confidence_blend_alpha_0.25,S6,grasp_protocol,D11,42,0.30952380952380953,0.30952380952380953,0.8809523809523809,20.0,5.0,20.0,20.0
cemhsey,cemhsey_forward_day_logo,cemhsey_forward_day_logo|D11,confidence_blend_alpha_0.25,S7,grasp_protocol,D11,42,0.2619047619047619,0.19047619047619047,0.35714285714285715,20.0,5.0,20.0,20.0
cemhsey,cemhsey_forward_day_logo,cemhsey_forward_day_logo|D11,confidence_blend_alpha_0.25,S8,grasp_protocol,D11,42,0.2857142857142857,0.21428571428571427,0.47619047619047616,12.5,5.0,15.0,20.0
cemhsey,cemhsey_forward_day_logo,cemhsey_forward_day_logo|D11,confidence_blend_alpha_0.25,S9,grasp_protocol,D11,42,0.19047619047619047,0.16666666666666666,0.35714285714285715,20.0,5.0,20.0,20.0
cemhsey,cemhsey_forward_day_logo,cemhsey_forward_day_logo|D11,confidence_blend_alpha_0.50,S1,grasp_protocol,D11,42,0.3333333333333333,0.3333333333333333,0.9047619047619048,20.0,5.0,20.0,20.0
cemhsey,cemhsey_forward_day_logo,cemhsey_forward_day_logo|D11,confidence_blend_alpha_0.50,S10,grasp_protocol,D11,42,0.5,0.40476190476190477,0.6190476190476191,17.5,5.0,20.0,20.0
cemhsey,cemhsey_forward_day_logo,cemhsey_forward_day_logo|D11,confidence_blend_alpha_0.50,S11,grasp_protocol,D11,42,0.47619047619047616,0.47619047619047616,0.8809523809523809,20.0,5.0,20.0,20.0
cemhsey,cemhsey_forward_day_logo,cemhsey_forward_day_logo|D11,confidence_blend_alpha_0.50,S12,grasp_protocol,D11,42,0.6666666666666666,0.6666666666666666,0.8571428571428571,20.0,5.0,20.0,20.0
cemhsey,cemhsey_forward_day_logo,cemhsey_forward_day_logo|D11,confidence_blend_alpha_0.50,S13,grasp_protocol,D11,42,0.7380952380952381,0.7142857142857143,0.9285714285714286,20.0,5.0,20.0,20.0
cemhsey,cemhsey_forward_day_logo,cemhsey_forward_day_logo|D11,confidence_blend_alpha_0.50,S2,grasp_protocol,D11,42,0.38095238095238093,0.35714285714285715,0.9285714285714286,20.0,5.0,20.0,20.0
cemhsey,cemhsey_forward_day_logo,cemhsey_forward_day_logo|D11,confidence_blend_alpha_0.50,S3,grasp_protocol,D11,42,0.5238095238095238,0.47619047619047616,0.7619047619047619,20.0,5.0,20.0,20.0
cemhsey,cemhsey_forward_day_logo,cemhsey_forward_day_logo|D11,confidence_blend_alpha_0.50,S4,grasp_protocol,D11,42,0.6428571428571429,0.6428571428571429,0.9047619047619048,20.0,5.0,20.0,20.0
cemhsey,cemhsey_forward_day_logo,cemhsey_forward_day_logo|D11,confidence_blend_alpha_0.50,S5,grasp_protocol,D11,42,0.2619047619047619,0.19047619047619047,0.7142857142857143,20.0,5.0,10.0,20.0
cemhsey,cemhsey_forward_day_logo,cemhsey_forward_day_logo|D11,confidence_blend_alpha_0.50,S6,grasp_protocol,D11,42,0.40476190476190477,0.3333333333333333,0.9047619047619048,20.0,5.0,20.0,20.0
cemhsey,cemhsey_forward_day_logo,cemhsey_forward_day_logo|D11,confidence_blend_alpha_0.50,S7,grasp_protocol,D11,42,0.38095238095238093,0.30952380952380953,0.4523809523809524,20.0,5.0,20.0,20.0
cemhsey,cemhsey_forward_day_logo,cemhsey_forward_day_logo|D11,confidence_blend_alpha_0.50,S8,grasp_protocol,D11,42,0.2857142857142857,0.23809523809523808,0.47619047619047616,10.0,5.0,12.5,20.0
cemhsey,cemhsey_forward_day_logo,cemhsey_forward_day_logo|D11,confidence_blend_alpha_0.50,S9,grasp_protocol,D11,42,0.40476190476190477,0.38095238095238093,0.5,20.0,5.0,20.0,20.0
cemhsey,cemhsey_forward_day_logo,cemhsey_forward_day_logo|D11,confidence_blend_alpha_0.75,S1,grasp_protocol,D11,42,0.35714285714285715,0.35714285714285715,0.9285714285714286,20.0,5.0,20.0,20.0
cemhsey,cemhsey_forward_day_logo,cemhsey_forward_day_logo|D11,confidence_blend_alpha_0.75,S10,grasp_protocol,D11,42,0.5,0.42857142857142855,0.5952380952380952,10.0,5.0,20.0,20.0
cemhsey,cemhsey_forward_day_logo,cemhsey_forward_day_logo|D11,confidence_blend_alpha_0.75,S11,grasp_protocol,D11,42,0.5714285714285714,0.5238095238095238,0.8809523809523809,20.0,5.0,20.0,20.0
cemhsey,cemhsey_forward_day_logo,cemhsey_forward_day_logo|D11,confidence_blend_alpha_0.75,S12,grasp_protocol,D11,42,0.6904761904761905,0.6904761904761905,0.8809523809523809,20.0,5.0,20.0,20.0
cemhsey,cemhsey_forward_day_logo,cemhsey_forward_day_logo|D11,confidence_blend_alpha_0.75,S13,grasp_protocol,D11,42,0.7380952380952381,0.6904761904761905,0.9047619047619048,20.0,5.0,20.0,20.0
cemhsey,cemhsey_forward_day_logo,cemhsey_forward_day_logo|D11,confidence_blend_alpha_0.75,S2,grasp_protocol,D11,42,0.40476190476190477,0.35714285714285715,0.8809523809523809,20.0,5.0,20.0,20.0
cemhsey,cemhsey_forward_day_logo,cemhsey_forward_day_logo|D11,confidence_blend_alpha_0.75,S3,grasp_protocol,D11,42,0.6428571428571429,0.5714285714285714,0.8571428571428571,17.5,5.0,20.0,20.0
cemhsey,cemhsey_forward_day_logo,cemhsey_forward_day_logo|D11,confidence_blend_alpha_0.75,S4,grasp_protocol,D11,42,0.6666666666666666,0.6666666666666666,0.9047619047619048,20.0,5.0,20.0,20.0
cemhsey,cemhsey_forward_day_logo,cemhsey_forward_day_logo|D11,confidence_blend_alpha_0.75,S5,grasp_protocol,D11,42,0.3333333333333333,0.21428571428571427,0.7380952380952381,15.0,5.0,15.0,20.0
cemhsey,cemhsey_forward_day_logo,cemhsey_forward_day_logo|D11,confidence_blend_alpha_0.75,S6,grasp_protocol,D11,42,0.42857142857142855,0.35714285714285715,0.8571428571428571,20.0,5.0,20.0,20.0
cemhsey,cemhsey_forward_day_logo,cemhsey_forward_day_logo|D11,confidence_blend_alpha_0.75,S7,grasp_protocol,D11,42,0.5,0.47619047619047616,0.5952380952380952,20.0,5.0,20.0,20.0
cemhsey,cemhsey_forward_day_logo,cemhsey_forward_day_logo|D11,confidence_blend_alpha_0.75,S8,grasp_protocol,D11,42,0.30952380952380953,0.2857142857142857,0.42857142857142855,10.0,5.0,10.0,12.5
cemhsey,cemhsey_forward_day_logo,cemhsey_forward_day_logo|D11,confidence_blend_alpha_0.75,S9,grasp_protocol,D11,42,0.47619047619047616,0.42857142857142855,0.5714285714285714,15.0,5.0,20.0,20.0
cemhsey,cemhsey_forward_day_logo,cemhsey_forward_day_logo|D11,plain_conf_threshold_matched_tau_0.02,S1,grasp_protocol,D11,42,0.0,0.0,0.6666666666666666,20.0,5.0,,
cemhsey,cemhsey_forward_day_logo,cemhsey_forward_day_logo|D11,plain_conf_threshold_matched_tau_0.02,S10,grasp_protocol,D11,42,0.0,0.0,0.3333333333333333,20.0,5.0,,
cemhsey,cemhsey_forward_day_logo,cemhsey_forward_day_logo|D11,plain_conf_threshold_matched_tau_0.02,S11,grasp_protocol,D11,42,0.0,0.0,0.5238095238095238,20.0,5.0,,
cemhsey,cemhsey_forward_day_logo,cemhsey_forward_day_logo|D11,plain_conf_threshold_matched_tau_0.02,S12,grasp_protocol,D11,42,0.023809523809523808,0.023809523809523808,0.2857142857142857,20.0,5.0,20.0,20.0
cemhsey,cemhsey_forward_day_logo,cemhsey_forward_day_logo|D11,plain_conf_threshold_matched_tau_0.02,S13,grasp_protocol,D11,42,0.0,0.0,0.35714285714285715,20.0,5.0,,
cemhsey,cemhsey_forward_day_logo,cemhsey_forward_day_logo|D11,plain_conf_threshold_matched_tau_0.02,S2,grasp_protocol,D11,42,0.0,0.0,0.6190476190476191,20.0,5.0,,
cemhsey,cemhsey_forward_day_logo,cemhsey_forward_day_logo|D11,plain_conf_threshold_matched_tau_0.02,S3,grasp_protocol,D11,42,0.0,0.0,0.38095238095238093,,5.0,,
cemhsey,cemhsey_forward_day_logo,cemhsey_forward_day_logo|D11,plain_conf_threshold_matched_tau_0.02,S4,grasp_protocol,D11,42,0.0,0.0,0.42857142857142855,,5.0,,
cemhsey,cemhsey_forward_day_logo,cemhsey_forward_day_logo|D11,plain_conf_threshold_matched_tau_0.02,S5,grasp_protocol,D11,42,0.0,0.0,0.5476190476190477,,5.0,,
cemhsey,cemhsey_forward_day_logo,cemhsey_forward_day_logo|D11,plain_conf_threshold_matched_tau_0.02,S6,grasp_protocol,D11,42,0.0,0.0,0.5952380952380952,,5.0,,
cemhsey,cemhsey_forward_day_logo,cemhsey_forward_day_logo|D11,plain_conf_threshold_matched_tau_0.02,S7,grasp_protocol,D11,42,0.0,0.0,0.19047619047619047,,5.0,,
cemhsey,cemhsey_forward_day_logo,cemhsey_forward_day_logo|D11,plain_conf_threshold_matched_tau_0.02,S8,grasp_protocol,D11,42,0.0,0.0,0.35714285714285715,20.0,5.0,,
cemhsey,cemhsey_forward_day_logo,cemhsey_forward_day_logo|D11,plain_conf_threshold_matched_tau_0.02,S9,grasp_protocol,D11,42,0.0,0.0,0.21428571428571427,,5.0,,
cemhsey,cemhsey_forward_day_logo,cemhsey_forward_day_logo|D11,plain_conf_threshold_matched_tau_0.05,S1,grasp_protocol,D11,42,0.0,0.0,0.7380952380952381,20.0,5.0,,
cemhsey,cemhsey_forward_day_logo,cemhsey_forward_day_logo|D11,plain_conf_threshold_matched_tau_0.05,S10,grasp_protocol,D11,42,0.0,0.0,0.3333333333333333,20.0,5.0,,
cemhsey,cemhsey_forward_day_logo,cemhsey_forward_day_logo|D11,plain_conf_threshold_matched_tau_0.05,S11,grasp_protocol,D11,42,0.0,0.0,0.5238095238095238,20.0,5.0,,
cemhsey,cemhsey_forward_day_logo,cemhsey_forward_day_logo|D11,plain_conf_threshold_matched_tau_0.05,S12,grasp_protocol,D11,42,0.023809523809523808,0.023809523809523808,0.2857142857142857,20.0,5.0,20.0,20.0
cemhsey,cemhsey_forward_day_logo,cemhsey_forward_day_logo|D11,plain_conf_threshold_matched_tau_0.05,S13,grasp_protocol,D11,42,0.023809523809523808,0.0,0.40476190476190477,20.0,5.0,15.0,
cemhsey,cemhsey_forward_day_logo,cemhsey_forward_day_logo|D11,plain_conf_threshold_matched_tau_0.05,S2,grasp_protocol,D11,42,0.047619047619047616,0.047619047619047616,0.7619047619047619,20.0,5.0,20.0,20.0
cemhsey,cemhsey_forward_day_logo,cemhsey_forward_day_logo|D11,plain_conf_threshold_matched_tau_0.05,S3,grasp_protocol,D11,42,0.0,0.0,0.38095238095238093,,5.0,,
cemhsey,cemhsey_forward_day_logo,cemhsey_forward_day_logo|D11,plain_conf_threshold_matched_tau_0.05,S4,grasp_protocol,D11,42,0.0,0.0,0.4523809523809524,20.0,5.0,,
cemhsey,cemhsey_forward_day_logo,cemhsey_forward_day_logo|D11,plain_conf_threshold_matched_tau_0.05,S5,grasp_protocol,D11,42,0.0,0.0,0.5476190476190477,20.0,5.0,,
cemhsey,cemhsey_forward_day_logo,cemhsey_forward_day_logo|D11,plain_conf_threshold_matched_tau_0.05,S6,grasp_protocol,D11,42,0.0,0.0,0.6428571428571429,20.0,5.0,,
cemhsey,cemhsey_forward_day_logo,cemhsey_forward_day_logo|D11,plain_conf_threshold_matched_tau_0.05,S7,grasp_protocol,D11,42,0.0,0.0,0.19047619047619047,,5.0,,
cemhsey,cemhsey_forward_day_logo,cemhsey_forward_day_logo|D11,plain_conf_threshold_matched_tau_0.05,S8,grasp_protocol,D11,42,0.0,0.0,0.3333333333333333,20.0,5.0,,
cemhsey,cemhsey_forward_day_logo,cemhsey_forward_day_logo|D11,plain_conf_threshold_matched_tau_0.05,S9,grasp_protocol,D11,42,0.0,0.0,0.21428571428571427,,5.0,,
cemhsey,cemhsey_forward_day_logo,cemhsey_forward_day_logo|D11,plain_conf_threshold_matched_tau_0.10,S1,grasp_protocol,D11,42,0.047619047619047616,0.047619047619047616,0.8333333333333334,20.0,5.0,20.0,20.0
cemhsey,cemhsey_forward_day_logo,cemhsey_forward_day_logo|D11,plain_conf_threshold_matched_tau_0.10,S10,grasp_protocol,D11,42,0.0,0.0,0.35714285714285715,20.0,5.0,,
cemhsey,cemhsey_forward_day_logo,cemhsey_forward_day_logo|D11,plain_conf_threshold_matched_tau_0.10,S11,grasp_protocol,D11,42,0.023809523809523808,0.023809523809523808,0.5476190476190477,20.0,5.0,20.0,20.0
cemhsey,cemhsey_forward_day_logo,cemhsey_forward_day_logo|D11,plain_conf_threshold_matched_tau_0.10,S12,grasp_protocol,D11,42,0.047619047619047616,0.047619047619047616,0.35714285714285715,20.0,5.0,20.0,20.0
cemhsey,cemhsey_forward_day_logo,cemhsey_forward_day_logo|D11,plain_conf_threshold_matched_tau_0.10,S13,grasp_protocol,D11,42,0.14285714285714285,0.14285714285714285,0.5952380952380952,20.0,5.0,17.5,17.5
cemhsey,cemhsey_forward_day_logo,cemhsey_forward_day_logo|D11,plain_conf_threshold_matched_tau_0.10,S2,grasp_protocol,D11,42,0.07142857142857142,0.07142857142857142,0.7619047619047619,20.0,5.0,20.0,20.0
cemhsey,cemhsey_forward_day_logo,cemhsey_forward_day_logo|D11,plain_conf_threshold_matched_tau_0.10,S3,grasp_protocol,D11,42,0.0,0.0,0.38095238095238093,,5.0,,
cemhsey,cemhsey_forward_day_logo,cemhsey_forward_day_logo|D11,plain_conf_threshold_matched_tau_0.10,S4,grasp_protocol,D11,42,0.09523809523809523,0.07142857142857142,0.5,20.0,5.0,20.0,20.0
cemhsey,cemhsey_forward_day_logo,cemhsey_forward_day_logo|D11,plain_conf_threshold_matched_tau_0.10,S5,grasp_protocol,D11,42,0.0,0.0,0.5476190476190477,20.0,5.0,,
cemhsey,cemhsey_forward_day_logo,cemhsey_forward_day_logo|D11,plain_conf_threshold_matched_tau_0.10,S6,grasp_protocol,D11,42,0.09523809523809523,0.09523809523809523,0.7142857142857143,20.0,5.0,20.0,20.0
cemhsey,cemhsey_forward_day_logo,cemhsey_forward_day_logo|D11,plain_conf_threshold_matched_tau_0.10,S7,grasp_protocol,D11,42,0.0,0.0,0.19047619047619047,,5.0,,
cemhsey,cemhsey_forward_day_logo,cemhsey_forward_day_logo|D11,plain_conf_threshold_matched_tau_0.10,S8,grasp_protocol,D11,42,0.0,0.0,0.3333333333333333,20.0,5.0,,
cemhsey,cemhsey_forward_day_logo,cemhsey_forward_day_logo|D11,plain_conf_threshold_matched_tau_0.10,S9,grasp_protocol,D11,42,0.0,0.0,0.21428571428571427,,5.0,,
cemhsey,cemhsey_forward_day_logo,cemhsey_forward_day_logo|D11,plain_conf_threshold_matched_tau_0.15,S1,grasp_protocol,D11,42,0.07142857142857142,0.07142857142857142,0.8333333333333334,20.0,5.0,20.0,20.0
cemhsey,cemhsey_forward_day_logo,cemhsey_forward_day_logo|D11,plain_conf_threshold_matched_tau_0.15,S10,grasp_protocol,D11,42,0.09523809523809523,0.09523809523809523,0.38095238095238093,20.0,5.0,20.0,20.0
cemhsey,cemhsey_forward_day_logo,cemhsey_forward_day_logo|D11,plain_conf_threshold_matched_tau_0.15,S11,grasp_protocol,D11,42,0.047619047619047616,0.047619047619047616,0.5476190476190477,20.0,5.0,20.0,20.0
cemhsey,cemhsey_forward_day_logo,cemhsey_forward_day_logo|D11,plain_conf_threshold_matched_tau_0.15,S12,grasp_protocol,D11,42,0.047619047619047616,0.047619047619047616,0.35714285714285715,20.0,5.0,12.5,12.5
cemhsey,cemhsey_forward_day_logo,cemhsey_forward_day_logo|D11,plain_conf_threshold_matched_tau_0.15,S13,grasp_protocol,D11,42,0.19047619047619047,0.19047619047619047,0.6666666666666666,20.0,5.0,17.5,17.5
cemhsey,cemhsey_forward_day_logo,cemhsey_forward_day_logo|D11,plain_conf_threshold_matched_tau_0.15,S2,grasp_protocol,D11,42,0.11904761904761904,0.11904761904761904,0.7857142857142857,20.0,5.0,20.0,20.0
cemhsey,cemhsey_forward_day_logo,cemhsey_forward_day_logo|D11,plain_conf_threshold_matched_tau_0.15,S3,grasp_protocol,D11,42,0.0,0.0,0.38095238095238093,,5.0,,
cemhsey,cemhsey_forward_day_logo,cemhsey_forward_day_logo|D11,plain_conf_threshold_matched_tau_0.15,S4,grasp_protocol,D11,42,0.09523809523809523,0.07142857142857142,0.5,20.0,5.0,20.0,20.0
cemhsey,cemhsey_forward_day_logo,cemhsey_forward_day_logo|D11,plain_conf_threshold_matched_tau_0.15,S5,grasp_protocol,D11,42,0.023809523809523808,0.023809523809523808,0.5714285714285714,20.0,5.0,20.0,20.0
cemhsey,cemhsey_forward_day_logo,cemhsey_forward_day_logo|D11,plain_conf_threshold_matched_tau_0.15,S6,grasp_protocol,D11,42,0.14285714285714285,0.14285714285714285,0.7619047619047619,20.0,5.0,20.0,20.0
cemhsey,cemhsey_forward_day_logo,cemhsey_forward_day_logo|D11,plain_conf_threshold_matched_tau_0.15,S7,grasp_protocol,D11,42,0.0,0.0,0.19047619047619047,,5.0,,
cemhsey,cemhsey_forward_day_logo,cemhsey_forward_day_logo|D11,plain_conf_threshold_matched_tau_0.15,S8,grasp_protocol,D11,42,0.0,0.0,0.3333333333333333,20.0,5.0,,
cemhsey,cemhsey_forward_day_logo,cemhsey_forward_day_logo|D11,plain_conf_threshold_matched_tau_0.15,S9,grasp_protocol,D11,42,0.023809523809523808,0.023809523809523808,0.23809523809523808,20.0,5.0,20.0,20.0
cemhsey,cemhsey_forward_day_logo,cemhsey_forward_day_logo|D11,plain_conf_threshold_matched_tau_0.20,S1,grasp_protocol,D11,42,0.09523809523809523,0.09523809523809523,0.8333333333333334,20.0,5.0,20.0,20.0
cemhsey,cemhsey_forward_day_logo,cemhsey_forward_day_logo|D11,plain_conf_threshold_matched_tau_0.20,S10,grasp_protocol,D11,42,0.09523809523809523,0.09523809523809523,0.38095238095238093,20.0,5.0,20.0,20.0
cemhsey,cemhsey_forward_day_logo,cemhsey_forward_day_logo|D11,plain_conf_threshold_matched_tau_0.20,S11,grasp_protocol,D11,42,0.09523809523809523,0.09523809523809523,0.5714285714285714,20.0,5.0,20.0,20.0
cemhsey,cemhsey_forward_day_logo,cemhsey_forward_day_logo|D11,plain_conf_threshold_matched_tau_0.20,S12,grasp_protocol,D11,42,0.09523809523809523,0.09523809523809523,0.35714285714285715,20.0,5.0,20.0,20.0
cemhsey,cemhsey_forward_day_logo,cemhsey_forward_day_logo|D11,plain_conf_threshold_matched_tau_0.20,S13,grasp_protocol,D11,42,0.30952380952380953,0.30952380952380953,0.7380952380952381,20.0,5.0,20.0,20.0
cemhsey,cemhsey_forward_day_logo,cemhsey_forward_day_logo|D11,plain_conf_threshold_matched_tau_0.20,S2,grasp_protocol,D11,42,0.16666666666666666,0.16666666666666666,0.7857142857142857,20.0,5.0,20.0,20.0
cemhsey,cemhsey_forward_day_logo,cemhsey_forward_day_logo|D11,plain_conf_threshold_matched_tau_0.20,S3,grasp_protocol,D11,42,0.0,0.0,0.38095238095238093,,5.0,,
cemhsey,cemhsey_forward_day_logo,cemhsey_forward_day_logo|D11,plain_conf_threshold_matched_tau_0.20,S4,grasp_protocol,D11,42,0.11904761904761904,0.09523809523809523,0.5476190476190477,20.0,5.0,20.0,20.0
cemhsey,cemhsey_forward_day_logo,cemhsey_forward_day_logo|D11,plain_conf_threshold_matched_tau_0.20,S5,grasp_protocol,D11,42,0.023809523809523808,0.023809523809523808,0.5714285714285714,20.0,5.0,20.0,20.0
cemhsey,cemhsey_forward_day_logo,cemhsey_forward_day_logo|D11,plain_conf_threshold_matched_tau_0.20,S6,grasp_protocol,D11,42,0.16666666666666666,0.16666666666666666,0.7857142857142857,20.0,5.0,20.0,20.0
cemhsey,cemhsey_forward_day_logo,cemhsey_forward_day_logo|D11,plain_conf_threshold_matched_tau_0.20,S7,grasp_protocol,D11,42,0.0,0.0,0.19047619047619047,,5.0,,
cemhsey,cemhsey_forward_day_logo,cemhsey_forward_day_logo|D11,plain_conf_threshold_matched_tau_0.20,S8,grasp_protocol,D11,42,0.0,0.0,0.3333333333333333,20.0,5.0,,
cemhsey,cemhsey_forward_day_logo,cemhsey_forward_day_logo|D11,plain_conf_threshold_matched_tau_0.20,S9,grasp_protocol,D11,42,0.023809523809523808,0.023809523809523808,0.23809523809523808,20.0,5.0,20.0,20.0
cemhsey,cemhsey_forward_day_logo,cemhsey_forward_day_logo|D11,selective_prediction,S1,grasp_protocol,D11,42,0.2619047619047619,0.023809523809523808,0.5952380952380952,20.0,5.0,20.0,20.0
cemhsey,cemhsey_forward_day_logo,cemhsey_forward_day_logo|D11,selective_prediction,S10,grasp_protocol,D11,42,0.07142857142857142,0.0,0.2857142857142857,20.0,5.0,20.0,
cemhsey,cemhsey_forward_day_logo,cemhsey_forward_day_logo|D11,selective_prediction,S11,grasp_protocol,D11,42,0.07142857142857142,0.0,0.47619047619047616,20.0,5.0,20.0,
cemhsey,cemhsey_forward_day_logo,cemhsey_forward_day_logo|D11,selective_prediction,S12,grasp_protocol,D11,42,0.11904761904761904,0.0,0.23809523809523808,20.0,5.0,20.0,
cemhsey,cemhsey_forward_day_logo,cemhsey_forward_day_logo|D11,selective_prediction,S13,grasp_protocol,D11,42,0.2857142857142857,0.0,0.3333333333333333,20.0,5.0,20.0,
cemhsey,cemhsey_forward_day_logo,cemhsey_forward_day_logo|D11,selective_prediction,S2,grasp_protocol,D11,42,0.19047619047619047,0.023809523809523808,0.6190476190476191,20.0,5.0,20.0,20.0
cemhsey,cemhsey_forward_day_logo,cemhsey_forward_day_logo|D11,selective_prediction,S3,grasp_protocol,D11,42,0.0,0.0,0.38095238095238093,,5.0,,
cemhsey,cemhsey_forward_day_logo,cemhsey_forward_day_logo|D11,selective_prediction,S4,grasp_protocol,D11,42,0.09523809523809523,0.0,0.42857142857142855,20.0,5.0,20.0,
cemhsey,cemhsey_forward_day_logo,cemhsey_forward_day_logo|D11,selective_prediction,S5,grasp_protocol,D11,42,0.023809523809523808,0.0,0.5476190476190477,20.0,5.0,20.0,
cemhsey,cemhsey_forward_day_logo,cemhsey_forward_day_logo|D11,selective_prediction,S6,grasp_protocol,D11,42,0.11904761904761904,0.0,0.5952380952380952,20.0,5.0,20.0,
cemhsey,cemhsey_forward_day_logo,cemhsey_forward_day_logo|D11,selective_prediction,S7,grasp_protocol,D11,42,0.0,0.0,0.19047619047619047,,5.0,,
cemhsey,cemhsey_forward_day_logo,cemhsey_forward_day_logo|D11,selective_prediction,S8,grasp_protocol,D11,42,0.0,0.0,0.35714285714285715,20.0,5.0,,
cemhsey,cemhsey_forward_day_logo,cemhsey_forward_day_logo|D11,selective_prediction,S9,grasp_protocol,D11,42,0.0,0.0,0.21428571428571427,,5.0,,
cemhsey,cemhsey_forward_day_logo,cemhsey_forward_day_logo|D11,set_acsa_tau_0.02,S1,grasp_protocol,D11,42,0.0,0.0,0.5714285714285714,,5.0,,
cemhsey,cemhsey_forward_day_logo,cemhsey_forward_day_logo|D11,set_acsa_tau_0.02,S10,grasp_protocol,D11,42,0.09523809523809523,0.0,0.2857142857142857,10.0,5.0,7.5,
cemhsey,cemhsey_forward_day_logo,cemhsey_forward_day_logo|D11,set_acsa_tau_0.02,S11,grasp_protocol,D11,42,0.047619047619047616,0.047619047619047616,0.5238095238095238,20.0,5.0,20.0,20.0
cemhsey,cemhsey_forward_day_logo,cemhsey_forward_day_logo|D11,set_acsa_tau_0.02,S12,grasp_protocol,D11,42,0.047619047619047616,0.047619047619047616,0.2857142857142857,12.5,5.0,12.5,12.5
cemhsey,cemhsey_forward_day_logo,cemhsey_forward_day_logo|D11,set_acsa_tau_0.02,S13,grasp_protocol,D11,42,0.09523809523809523,0.09523809523809523,0.35714285714285715,20.0,5.0,15.0,15.0
cemhsey,cemhsey_forward_day_logo,cemhsey_forward_day_logo|D11,set_acsa_tau_0.02,S2,grasp_protocol,D11,42,0.047619047619047616,0.023809523809523808,0.6190476190476191,12.5,5.0,12.5,20.0
cemhsey,cemhsey_forward_day_logo,cemhsey_forward_day_logo|D11,set_acsa_tau_0.02,S3,grasp_protocol,D11,42,0.07142857142857142,0.023809523809523808,0.40476190476190477,17.5,5.0,15.0,20.0
cemhsey,cemhsey_forward_day_logo,cemhsey_forward_day_logo|D11,set_acsa_tau_0.02,S4,grasp_protocol,D11,42,0.07142857142857142,0.047619047619047616,0.47619047619047616,15.0,5.0,15.0,17.5
cemhsey,cemhsey_forward_day_logo,cemhsey_forward_day_logo|D11,set_acsa_tau_0.02,S5,grasp_protocol,D11,42,0.023809523809523808,0.0,0.5476190476190477,5.0,5.0,5.0,
cemhsey,cemhsey_forward_day_logo,cemhsey_forward_day_logo|D11,set_acsa_tau_0.02,S6,grasp_protocol,D11,42,0.023809523809523808,0.023809523809523808,0.6190476190476191,10.0,5.0,10.0,10.0
cemhsey,cemhsey_forward_day_logo,cemhsey_forward_day_logo|D11,set_acsa_tau_0.02,S7,grasp_protocol,D11,42,0.09523809523809523,0.07142857142857142,0.23809523809523808,10.0,5.0,10.0,10.0
cemhsey,cemhsey_forward_day_logo,cemhsey_forward_day_logo|D11,set_acsa_tau_0.02,S8,grasp_protocol,D11,42,0.07142857142857142,0.047619047619047616,0.40476190476190477,10.0,5.0,10.0,20.0
cemhsey,cemhsey_forward_day_logo,cemhsey_forward_day_logo|D11,set_acsa_tau_0.02,S9,grasp_protocol,D11,42,0.09523809523809523,0.07142857142857142,0.2619047619047619,20.0,5.0,20.0,20.0
cemhsey,cemhsey_forward_day_logo,cemhsey_forward_day_logo|D11,set_acsa_tau_0.05,S1,grasp_protocol,D11,42,0.023809523809523808,0.023809523809523808,0.5952380952380952,20.0,5.0,20.0,20.0
cemhsey,cemhsey_forward_day_logo,cemhsey_forward_day_logo|D11,set_acsa_tau_0.05,S10,grasp_protocol,D11,42,0.16666666666666666,0.047619047619047616,0.3333333333333333,10.0,5.0,10.0,20.0
cemhsey,cemhsey_forward_day_logo,cemhsey_forward_day_logo|D11,set_acsa_tau_0.05,S11,grasp_protocol,D11,42,0.16666666666666666,0.16666666666666666,0.6190476190476191,20.0,5.0,20.0,20.0
cemhsey,cemhsey_forward_day_logo,cemhsey_forward_day_logo|D11,set_acsa_tau_0.05,S12,grasp_protocol,D11,42,0.09523809523809523,0.09523809523809523,0.30952380952380953,20.0,5.0,20.0,20.0
cemhsey,cemhsey_forward_day_logo,cemhsey_forward_day_logo|D11,set_acsa_tau_0.05,S13,grasp_protocol,D11,42,0.21428571428571427,0.14285714285714285,0.40476190476190477,20.0,5.0,15.0,20.0
cemhsey,cemhsey_forward_day_logo,cemhsey_forward_day_logo|D11,set_acsa_tau_0.05,S2,grasp_protocol,D11,42,0.09523809523809523,0.07142857142857142,0.6666666666666666,20.0,5.0,20.0,20.0
cemhsey,cemhsey_forward_day_logo,cemhsey_forward_day_logo|D11,set_acsa_tau_0.05,S3,grasp_protocol,D11,42,0.23809523809523808,0.11904761904761904,0.47619047619047616,15.0,5.0,15.0,20.0
cemhsey,cemhsey_forward_day_logo,cemhsey_forward_day_logo|D11,set_acsa_tau_0.05,S4,grasp_protocol,D11,42,0.19047619047619047,0.16666666666666666,0.5714285714285714,20.0,5.0,20.0,20.0
cemhsey,cemhsey_forward_day_logo,cemhsey_forward_day_logo|D11,set_acsa_tau_0.05,S5,grasp_protocol,D11,42,0.047619047619047616,0.023809523809523808,0.5476190476190477,5.0,5.0,5.0,5.0
cemhsey,cemhsey_forward_day_logo,cemhsey_forward_day_logo|D11,set_acsa_tau_0.05,S6,grasp_protocol,D11,42,0.14285714285714285,0.09523809523809523,0.6666666666666666,12.5,5.0,12.5,17.5
cemhsey,cemhsey_forward_day_logo,cemhsey_forward_day_logo|D11,set_acsa_tau_0.05,S7,grasp_protocol,D11,42,0.16666666666666666,0.14285714285714285,0.30952380952380953,20.0,5.0,20.0,20.0
cemhsey,cemhsey_forward_day_logo,cemhsey_forward_day_logo|D11,set_acsa_tau_0.05,S8,grasp_protocol,D11,42,0.11904761904761904,0.07142857142857142,0.38095238095238093,10.0,5.0,10.0,20.0
cemhsey,cemhsey_forward_day_logo,cemhsey_forward_day_logo|D11,set_acsa_tau_0.05,S9,grasp_protocol,D11,42,0.19047619047619047,0.16666666666666666,0.3333333333333333,20.0,5.0,20.0,20.0
cemhsey,cemhsey_forward_day_logo,cemhsey_forward_day_logo|D11,set_acsa_tau_0.10,S1,grasp_protocol,D11,42,0.07142857142857142,0.07142857142857142,0.6428571428571429,20.0,5.0,20.0,20.0
cemhsey,cemhsey_forward_day_logo,cemhsey_forward_day_logo|D11,set_acsa_tau_0.10,S10,grasp_protocol,D11,42,0.23809523809523808,0.09523809523809523,0.38095238095238093,10.0,5.0,10.0,20.0
cemhsey,cemhsey_forward_day_logo,cemhsey_forward_day_logo|D11,set_acsa_tau_0.10,S11,grasp_protocol,D11,42,0.23809523809523808,0.23809523809523808,0.6904761904761905,20.0,5.0,20.0,20.0
cemhsey,cemhsey_forward_day_logo,cemhsey_forward_day_logo|D11,set_acsa_tau_0.10,S12,grasp_protocol,D11,42,0.19047619047619047,0.19047619047619047,0.40476190476190477,20.0,5.0,20.0,20.0
cemhsey,cemhsey_forward_day_logo,cemhsey_forward_day_logo|D11,set_acsa_tau_0.10,S13,grasp_protocol,D11,42,0.40476190476190477,0.3333333333333333,0.5476190476190477,20.0,5.0,20.0,20.0
cemhsey,cemhsey_forward_day_logo,cemhsey_forward_day_logo|D11,set_acsa_tau_0.10,S2,grasp_protocol,D11,42,0.16666666666666666,0.14285714285714285,0.7380952380952381,20.0,5.0,20.0,20.0
cemhsey,cemhsey_forward_day_logo,cemhsey_forward_day_logo|D11,set_acsa_tau_0.10,S3,grasp_protocol,D11,42,0.42857142857142855,0.3333333333333333,0.6904761904761905,20.0,5.0,20.0,20.0
cemhsey,cemhsey_forward_day_logo,cemhsey_forward_day_logo|D11,set_acsa_tau_0.10,S4,grasp_protocol,D11,42,0.47619047619047616,0.4523809523809524,0.7619047619047619,20.0,5.0,20.0,20.0
cemhsey,cemhsey_forward_day_logo,cemhsey_forward_day_logo|D11,set_acsa_tau_0.10,S5,grasp_protocol,D11,42,0.11904761904761904,0.07142857142857142,0.5952380952380952,20.0,5.0,5.0,20.0
cemhsey,cemhsey_forward_day_logo,cemhsey_forward_day_logo|D11,set_acsa_tau_0.10,S6,grasp_protocol,D11,42,0.23809523809523808,0.19047619047619047,0.7619047619047619,20.0,5.0,20.0,20.0
cemhsey,cemhsey_forward_day_logo,cemhsey_forward_day_logo|D11,set_acsa_tau_0.10,S7,grasp_protocol,D11,42,0.21428571428571427,0.19047619047619047,0.35714285714285715,20.0,5.0,20.0,20.0
cemhsey,cemhsey_forward_day_logo,cemhsey_forward_day_logo|D11,set_acsa_tau_0.10,S8,grasp_protocol,D11,42,0.19047619047619047,0.11904761904761904,0.42857142857142855,5.0,5.0,12.5,20.0
cemhsey,cemhsey_forward_day_logo,cemhsey_forward_day_logo|D11,set_acsa_tau_0.10,S9,grasp_protocol,D11,42,0.30952380952380953,0.2857142857142857,0.42857142857142855,20.0,5.0,20.0,20.0
cemhsey,cemhsey_forward_day_logo,cemhsey_forward_day_logo|D11,set_acsa_tau_0.15,S1,grasp_protocol,D11,42,0.11904761904761904,0.11904761904761904,0.6904761904761905,20.0,5.0,20.0,20.0
cemhsey,cemhsey_forward_day_logo,cemhsey_forward_day_logo|D11,set_acsa_tau_0.15,S10,grasp_protocol,D11,42,0.3333333333333333,0.19047619047619047,0.4523809523809524,10.0,5.0,20.0,20.0
cemhsey,cemhsey_forward_day_logo,cemhsey_forward_day_logo|D11,set_acsa_tau_0.15,S11,grasp_protocol,D11,42,0.3333333333333333,0.3333333333333333,0.7619047619047619,20.0,5.0,20.0,20.0
cemhsey,cemhsey_forward_day_logo,cemhsey_forward_day_logo|D11,set_acsa_tau_0.15,S12,grasp_protocol,D11,42,0.30952380952380953,0.30952380952380953,0.5238095238095238,20.0,5.0,20.0,20.0
cemhsey,cemhsey_forward_day_logo,cemhsey_forward_day_logo|D11,set_acsa_tau_0.15,S13,grasp_protocol,D11,42,0.47619047619047616,0.42857142857142855,0.6428571428571429,20.0,5.0,20.0,20.0
cemhsey,cemhsey_forward_day_logo,cemhsey_forward_day_logo|D11,set_acsa_tau_0.15,S2,grasp_protocol,D11,42,0.2857142857142857,0.2619047619047619,0.8095238095238095,20.0,5.0,20.0,20.0
cemhsey,cemhsey_forward_day_logo,cemhsey_forward_day_logo|D11,set_acsa_tau_0.15,S3,grasp_protocol,D11,42,0.4523809523809524,0.35714285714285715,0.7142857142857143,20.0,5.0,20.0,20.0
cemhsey,cemhsey_forward_day_logo,cemhsey_forward_day_logo|D11,set_acsa_tau_0.15,S4,grasp_protocol,D11,42,0.5714285714285714,0.5238095238095238,0.7857142857142857,20.0,5.0,20.0,20.0
cemhsey,cemhsey_forward_day_logo,cemhsey_forward_day_logo|D11,set_acsa_tau_0.15,S5,grasp_protocol,D11,42,0.19047619047619047,0.11904761904761904,0.6428571428571429,20.0,5.0,12.5,20.0
cemhsey,cemhsey_forward_day_logo,cemhsey_forward_day_logo|D11,set_acsa_tau_0.15,S6,grasp_protocol,D11,42,0.30952380952380953,0.2619047619047619,0.8333333333333334,20.0,5.0,20.0,20.0
cemhsey,cemhsey_forward_day_logo,cemhsey_forward_day_logo|D11,set_acsa_tau_0.15,S7,grasp_protocol,D11,42,0.2857142857142857,0.2619047619047619,0.42857142857142855,20.0,5.0,20.0,20.0
cemhsey,cemhsey_forward_day_logo,cemhsey_forward_day_logo|D11,set_acsa_tau_0.15,S8,grasp_protocol,D11,42,0.23809523809523808,0.21428571428571427,0.5,12.5,5.0,17.5,20.0
cemhsey,cemhsey_forward_day_logo,cemhsey_forward_day_logo|D11,set_acsa_tau_0.15,S9,grasp_protocol,D11,42,0.30952380952380953,0.2857142857142857,0.42857142857142855,20.0,5.0,20.0,20.0
cemhsey,cemhsey_forward_day_logo,cemhsey_forward_day_logo|D11,set_acsa_tau_0.20,S1,grasp_protocol,D11,42,0.14285714285714285,0.14285714285714285,0.7142857142857143,20.0,5.0,20.0,20.0
cemhsey,cemhsey_forward_day_logo,cemhsey_forward_day_logo|D11,set_acsa_tau_0.20,S10,grasp_protocol,D11,42,0.3333333333333333,0.19047619047619047,0.4523809523809524,10.0,5.0,20.0,20.0
cemhsey,cemhsey_forward_day_logo,cemhsey_forward_day_logo|D11,set_acsa_tau_0.20,S11,grasp_protocol,D11,42,0.42857142857142855,0.42857142857142855,0.8571428571428571,20.0,5.0,20.0,20.0
cemhsey,cemhsey_forward_day_logo,cemhsey_forward_day_logo|D11,set_acsa_tau_0.20,S12,grasp_protocol,D11,42,0.5,0.5,0.6904761904761905,20.0,5.0,20.0,20.0
cemhsey,cemhsey_forward_day_logo,cemhsey_forward_day_logo|D11,set_acsa_tau_0.20,S13,grasp_protocol,D11,42,0.5714285714285714,0.5476190476190477,0.7619047619047619,20.0,5.0,20.0,20.0
cemhsey,cemhsey_forward_day_logo,cemhsey_forward_day_logo|D11,set_acsa_tau_0.20,S2,grasp_protocol,D11,42,0.3333333333333333,0.30952380952380953,0.8571428571428571,20.0,5.0,20.0,20.0
cemhsey,cemhsey_forward_day_logo,cemhsey_forward_day_logo|D11,set_acsa_tau_0.20,S3,grasp_protocol,D11,42,0.47619047619047616,0.38095238095238093,0.7380952380952381,20.0,5.0,20.0,20.0
cemhsey,cemhsey_forward_day_logo,cemhsey_forward_day_logo|D11,set_acsa_tau_0.20,S4,grasp_protocol,D11,42,0.5952380952380952,0.5476190476190477,0.8095238095238095,20.0,5.0,20.0,20.0
cemhsey,cemhsey_forward_day_logo,cemhsey_forward_day_logo|D11,set_acsa_tau_0.20,S5,grasp_protocol,D11,42,0.2619047619047619,0.19047619047619047,0.7142857142857143,20.0,5.0,20.0,20.0
cemhsey,cemhsey_forward_day_logo,cemhsey_forward_day_logo|D11,set_acsa_tau_0.20,S6,grasp_protocol,D11,42,0.35714285714285715,0.30952380952380953,0.8809523809523809,20.0,5.0,20.0,20.0
cemhsey,cemhsey_forward_day_logo,cemhsey_forward_day_logo|D11,set_acsa_tau_0.20,S7,grasp_protocol,D11,42,0.3333333333333333,0.30952380952380953,0.47619047619047616,20.0,5.0,20.0,20.0
cemhsey,cemhsey_forward_day_logo,cemhsey_forward_day_logo|D11,set_acsa_tau_0.20,S8,grasp_protocol,D11,42,0.23809523809523808,0.23809523809523808,0.47619047619047616,20.0,5.0,17.5,20.0
cemhsey,cemhsey_forward_day_logo,cemhsey_forward_day_logo|D11,set_acsa_tau_0.20,S9,grasp_protocol,D11,42,0.3333333333333333,0.30952380952380953,0.4523809523809524,20.0,5.0,20.0,20.0
cemhsey,cemhsey_forward_day_logo,cemhsey_forward_day_logo|D11,user_only,S1,grasp_protocol,D11,42,0.0,0.0,0.5714285714285714,,5.0,,
cemhsey,cemhsey_forward_day_logo,cemhsey_forward_day_logo|D11,user_only,S10,grasp_protocol,D11,42,0.0,0.0,0.2857142857142857,,5.0,,
cemhsey,cemhsey_forward_day_logo,cemhsey_forward_day_logo|D11,user_only,S11,grasp_protocol,D11,42,0.0,0.0,0.47619047619047616,,5.0,,
cemhsey,cemhsey_forward_day_logo,cemhsey_forward_day_logo|D11,user_only,S12,grasp_protocol,D11,42,0.0,0.0,0.23809523809523808,,5.0,,
cemhsey,cemhsey_forward_day_logo,cemhsey_forward_day_logo|D11,user_only,S13,grasp_protocol,D11,42,0.0,0.0,0.3333333333333333,,5.0,,
cemhsey,cemhsey_forward_day_logo,cemhsey_forward_day_logo|D11,user_only,S2,grasp_protocol,D11,42,0.0,0.0,0.5952380952380952,,5.0,,
cemhsey,cemhsey_forward_day_logo,cemhsey_forward_day_logo|D11,user_only,S3,grasp_protocol,D11,42,0.0,0.0,0.38095238095238093,,5.0,,
cemhsey,cemhsey_forward_day_logo,cemhsey_forward_day_logo|D11,user_only,S4,grasp_protocol,D11,42,0.0,0.0,0.42857142857142855,,5.0,,
cemhsey,cemhsey_forward_day_logo,cemhsey_forward_day_logo|D11,user_only,S5,grasp_protocol,D11,42,0.0,0.0,0.5476190476190477,,5.0,,
cemhsey,cemhsey_forward_day_logo,cemhsey_forward_day_logo|D11,user_only,S6,grasp_protocol,D11,42,0.0,0.0,0.5952380952380952,,5.0,,
cemhsey,cemhsey_forward_day_logo,cemhsey_forward_day_logo|D11,user_only,S7,grasp_protocol,D11,42,0.0,0.0,0.19047619047619047,,5.0,,
cemhsey,cemhsey_forward_day_logo,cemhsey_forward_day_logo|D11,user_only,S8,grasp_protocol,D11,42,0.0,0.0,0.35714285714285715,,5.0,,
cemhsey,cemhsey_forward_day_logo,cemhsey_forward_day_logo|D11,user_only,S9,grasp_protocol,D11,42,0.0,0.0,0.21428571428571427,,5.0,,

