dataset_id,split_id,policy,subject_id,session,day,accuracy,balanced_accuracy,macro_f1,active_macro_f1,brier,nll,ece,risk_coverage_auc,active_risk_coverage_auc,intervention_rate,action_change_rate,mean_ali,median_decision_time_ms,n,n_active,split_family
cemhsey,cemhsey_forward_day_logo|D02,user_only,S1,grasp_protocol,D02,0.4880952380952381,0.48809523809523814,0.4600802682940238,0.4600802682940238,0.6511787451273124,1.2933724060108736,0.1114958284512615,0.39073529664208867,0.39073529664208867,0.0,0.0,0.0,12500.0,168,168,cemhsey_forward_day_logo
cemhsey,cemhsey_forward_day_logo|D02,assist_only,S1,grasp_protocol,D02,0.5714285714285714,0.5714285714285714,0.5617974949156167,0.5617974949156167,0.6207916442949595,1.1509755886984696,0.21160236096572646,0.5063311839475285,0.5063311839475285,0.40476190476190477,0.40476190476190477,0.06576967845220455,12500.0,168,168,cemhsey_forward_day_logo
cemhsey,cemhsey_forward_day_logo|D02,confidence_blend_alpha_0.25,S1,grasp_protocol,D02,0.5238095238095238,0.5238095238095238,0.4920731758365179,0.4920731758365179,0.6282120617497453,1.2234344296443227,0.13907414264724455,0.3793441731808738,0.3793441731808738,0.11904761904761904,0.11904761904761904,0.007394458579389894,12500.0,168,168,cemhsey_forward_day_logo
cemhsey,cemhsey_forward_day_logo|D02,confidence_blend_alpha_0.50,S1,grasp_protocol,D02,0.5535714285714286,0.5535714285714286,0.5183306241825463,0.5183306241825463,0.6154919838184899,1.1833540464931407,0.17121284407086573,0.39569583422177346,0.39569583422177346,0.24404761904761904,0.24404761904761904,0.029350825418841358,12500.0,168,168,cemhsey_forward_day_logo
cemhsey,cemhsey_forward_day_logo|D02,confidence_blend_alpha_0.75,S1,grasp_protocol,D02,0.5773809523809523,0.5773809523809523,0.5553662475091047,0.5553662475091047,0.6130185113335609,1.1602828715786082,0.1951252289140125,0.4478184345506101,0.4478184345506101,0.34523809523809523,0.34523809523809523,0.05598636960543201,12500.0,168,168,cemhsey_forward_day_logo
cemhsey,cemhsey_forward_day_logo|D02,selective_prediction,S1,grasp_protocol,D02,0.48412698412698413,0.48412698412698413,0.45472703789479085,0.45472703789479085,0.658512586880857,1.2957143490761123,0.10472975098872787,0.43073435528633663,0.43073435528633663,0.011904761904761904,0.011904761904761904,0.0017636293330215718,12500.0,504,504,cemhsey_forward_day_logo
cemhsey,cemhsey_forward_day_logo|D02,set_acsa_tau_0.02,S1,grasp_protocol,D02,0.4880952380952381,0.4880952380952381,0.46056732565949154,0.46056732565949154,0.6454085379159272,1.2649556926608359,0.09314664191068858,0.42282165365272445,0.42282165365272445,0.017857142857142856,0.017857142857142856,0.00012523838260138483,12500.0,168,168,cemhsey_forward_day_logo
cemhsey,cemhsey_forward_day_logo|D02,agency_margin_tau_0.02,S1,grasp_protocol,D02,0.4880952380952381,0.4880952380952381,0.46056732565949154,0.46056732565949154,0.7240005072362589,4.978873102307974,0.21100048560931728,0.4230703753717321,0.4230703753717321,0.017857142857142856,0.017857142857142856,0.00012523838260138483,12500.0,168,168,cemhsey_forward_day_logo
cemhsey,cemhsey_forward_day_logo|D02,set_acsa_tau_0.05,S1,grasp_protocol,D02,0.49404761904761907,0.494047619047619,0.46887667498819896,0.46887667498819896,0.6448097169708258,1.2614596954813209,0.09419158715698417,0.4292268092152736,0.4292268092152736,0.041666666666666664,0.041666666666666664,0.0010638993463437287,12500.0,168,168,cemhsey_forward_day_logo
cemhsey,cemhsey_forward_day_logo|D02,agency_margin_tau_0.05,S1,grasp_protocol,D02,0.49404761904761907,0.494047619047619,0.46977524160005474,0.46977524160005474,0.7172652576266142,5.124714310585275,0.19207020859307433,0.42962812314626336,0.42962812314626336,0.047619047619047616,0.047619047619047616,0.0012173592376520808,12500.0,168,168,cemhsey_forward_day_logo
cemhsey,cemhsey_forward_day_logo|D02,set_acsa_tau_0.10,S1,grasp_protocol,D02,0.49404761904761907,0.49404761904761907,0.4660931378274221,0.4660931378274221,0.6474478631871745,1.261943544364069,0.08878228771176,0.4428215773463985,0.4428215773463985,0.08928571428571429,0.08928571428571429,0.00448395841518124,12500.0,168,168,cemhsey_forward_day_logo
cemhsey,cemhsey_forward_day_logo|D02,agency_margin_tau_0.10,S1,grasp_protocol,D02,0.5,0.5000000000000001,0.4753649692753929,0.4753649692753929,0.6930423487673435,4.497086023611641,0.1598230435851426,0.4428445870091037,0.4428445870091037,0.10714285714285714,0.10714285714285714,0.005514389336075211,12500.0,168,168,cemhsey_forward_day_logo
cemhsey,cemhsey_forward_day_logo|D02,set_acsa_tau_0.15,S1,grasp_protocol,D02,0.5297619047619048,0.5297619047619048,0.4915785279629093,0.4915785279629093,0.6243735352360305,1.1987066195707359,0.10380360474533046,0.4360206515853918,0.4360206515853918,0.16666666666666666,0.16666666666666666,0.013969754279382933,12500.0,168,168,cemhsey_forward_day_logo
cemhsey,cemhsey_forward_day_logo|D02,agency_margin_tau_0.15,S1,grasp_protocol,D02,0.5297619047619048,0.5297619047619048,0.4961234400043809,0.4961234400043809,0.6494245033296053,3.5274811797518155,0.13409417943791002,0.4361019212787305,0.4361019212787305,0.17857142857142858,0.17857142857142858,0.01504900805029812,12500.0,168,168,cemhsey_forward_day_logo
cemhsey,cemhsey_forward_day_logo|D02,set_acsa_tau_0.20,S1,grasp_protocol,D02,0.5297619047619048,0.5297619047619048,0.4976623244762143,0.4976623244762143,0.6187485625684082,1.1806347867017226,0.11225340204287913,0.43486655505673677,0.43486655505673677,0.22023809523809523,0.22023809523809523,0.023219844693485946,12500.0,168,168,cemhsey_forward_day_logo
cemhsey,cemhsey_forward_day_logo|D02,agency_margin_tau_0.20,S1,grasp_protocol,D02,0.5297619047619048,0.5297619047619048,0.4976623244762143,0.4976623244762143,0.6335553505265085,2.9195996727100657,0.13019511397532912,0.4349467299838504,0.4349467299838504,0.22023809523809523,0.22023809523809523,0.023219844693485946,12500.0,168,168,cemhsey_forward_day_logo
cemhsey,cemhsey_forward_day_logo|D02,user_only,S10,grasp_protocol,D02,0.2976190476190476,0.2976190476190476,0.26415121763482424,0.26415121763482424,0.816298834932142,1.8163896435031137,0.15803628307400996,0.5430565540638623,0.5430565540638623,0.0,0.0,0.0,12500.0,168,168,cemhsey_forward_day_logo
cemhsey,cemhsey_forward_day_logo|D02,assist_only,S10,grasp_protocol,D02,0.44642857142857145,0.44642857142857145,0.3699072251278133,0.3699072251278133,0.7500159459383942,1.6320928682845603,0.14054594478074564,0.4723411160445089,0.4723411160445089,0.4880952380952381,0.4880952380952381,0.07165001435171321,12500.0,168,168,cemhsey_forward_day_logo
cemhsey,cemhsey_forward_day_logo|D02,confidence_blend_alpha_0.25,S10,grasp_protocol,D02,0.35119047619047616,0.35119047619047616,0.2965672123623606,0.2965672123623606,0.7864253078815553,1.7168248925806406,0.07943108726345534,0.5156115913681971,0.5156115913681971,0.1130952380952381,0.1130952380952381,0.003082569331159023,12500.0,168,168,cemhsey_forward_day_logo
cemhsey,cemhsey_forward_day_logo|D02,confidence_blend_alpha_0.50,S10,grasp_protocol,D02,0.38095238095238093,0.380952380952381,0.3036489036783087,0.3036489036783087,0.7654203173657359,1.6566288447114004,0.08552324612445145,0.5099501009133294,0.5099501009133294,0.23214285714285715,0.23214285714285715,0.01588395979841713,12500.0,168,168,cemhsey_forward_day_logo
cemhsey,cemhsey_forward_day_logo|D02,confidence_blend_alpha_0.75,S10,grasp_protocol,D02,0.42857142857142855,0.42857142857142855,0.3500369886359294,0.3500369886359294,0.7532838633846821,1.6234561908541925,0.14445872482363128,0.47903426157433915,0.47903426157433915,0.40476190476190477,0.40476190476190477,0.05057775203798355,12500.0,168,168,cemhsey_forward_day_logo
cemhsey,cemhsey_forward_day_logo|D02,selective_prediction,S10,grasp_protocol,D02,0.2996031746031746,0.2996031746031746,0.26543270559228005,0.26543270559228005,0.8151088096898805,1.8131543226407814,0.1590174510189122,0.5437973853213594,0.5437973853213594,0.001984126984126984,0.001984126984126984,0.00013683640762846775,12500.0,504,504,cemhsey_forward_day_logo
cemhsey,cemhsey_forward_day_logo|D02,set_acsa_tau_0.02,S10,grasp_protocol,D02,0.30357142857142855,0.30357142857142855,0.259220249136402,0.259220249136402,0.8122270240339104,1.8048980113923216,0.11891457445275787,0.5347326521820805,0.5347326521820805,0.041666666666666664,0.041666666666666664,0.0005192838780238823,12500.0,168,168,cemhsey_forward_day_logo
cemhsey,cemhsey_forward_day_logo|D02,agency_margin_tau_0.02,S10,grasp_protocol,D02,0.30952380952380953,0.3095238095238095,0.266216453415215,0.266216453415215,0.8765528351143036,5.039409076492146,0.24792365935840616,0.534869216823486,0.534869216823486,0.041666666666666664,0.041666666666666664,0.0005325980441486253,12500.0,168,168,cemhsey_forward_day_logo
cemhsey,cemhsey_forward_day_logo|D02,set_acsa_tau_0.05,S10,grasp_protocol,D02,0.3392857142857143,0.3392857142857143,0.2835556365403304,0.2835556365403304,0.8025147021667581,1.7728523570852612,0.08904107386862246,0.5239651170173293,0.5239651170173293,0.10119047619047619,0.10119047619047619,0.0023798921557999573,12500.0,168,168,cemhsey_forward_day_logo
cemhsey,cemhsey_forward_day_logo|D02,agency_margin_tau_0.05,S10,grasp_protocol,D02,0.3392857142857143,0.3392857142857143,0.28330123985077904,0.28330123985077904,0.8490369386777146,5.001658117811001,0.20181606544324454,0.5240781640825167,0.5240781640825167,0.09523809523809523,0.09523809523809523,0.002334325174417855,12500.0,168,168,cemhsey_forward_day_logo
cemhsey,cemhsey_forward_day_logo|D02,set_acsa_tau_0.10,S10,grasp_protocol,D02,0.34523809523809523,0.34523809523809523,0.2815964784931831,0.2815964784931831,0.7986482348740613,1.7612967220685867,0.11046884694457944,0.5144222437902654,0.5144222437902654,0.1488095238095238,0.1488095238095238,0.006142865400334742,12500.0,168,168,cemhsey_forward_day_logo
cemhsey,cemhsey_forward_day_logo|D02,agency_margin_tau_0.10,S10,grasp_protocol,D02,0.3392857142857143,0.3392857142857143,0.26876676645722514,0.26876676645722514,0.8431224924680827,4.420881721656558,0.19470193423552465,0.5149001590435022,0.5149001590435022,0.13690476190476192,0.13690476190476192,0.005690758365085932,12500.0,168,168,cemhsey_forward_day_logo
cemhsey,cemhsey_forward_day_logo|D02,set_acsa_tau_0.15,S10,grasp_protocol,D02,0.35119047619047616,0.3511904761904762,0.28552101493277965,0.28552101493277965,0.7968088635695157,1.7577345200174068,0.1047834005822987,0.5119473813019975,0.5119473813019975,0.16071428571428573,0.16071428571428573,0.007701400265445534,12500.0,168,168,cemhsey_forward_day_logo
cemhsey,cemhsey_forward_day_logo|D02,agency_margin_tau_0.15,S10,grasp_protocol,D02,0.34523809523809523,0.3452380952380953,0.2726913028968217,0.2726913028968217,0.8392883766808307,3.990117583178331,0.1433370557294261,0.5124252965552343,0.5124252965552343,0.1488095238095238,0.1488095238095238,0.007249293230196725,12500.0,168,168,cemhsey_forward_day_logo
cemhsey,cemhsey_forward_day_logo|D02,set_acsa_tau_0.20,S10,grasp_protocol,D02,0.375,0.37499999999999994,0.29843294223061384,0.29843294223061384,0.7879582177810652,1.7469869556893463,0.0916244299849263,0.494846124290956,0.494846124290956,0.20238095238095238,0.20238095238095238,0.014696776680255805,12500.0,168,168,cemhsey_forward_day_logo
cemhsey,cemhsey_forward_day_logo|D02,agency_margin_tau_0.20,S10,grasp_protocol,D02,0.36904761904761907,0.369047619047619,0.2854725432715161,0.2854725432715161,0.809075418814938,3.058934536464596,0.14019964743762836,0.4953240395441928,0.4953240395441928,0.19047619047619047,0.19047619047619047,0.014244669645006995,12500.0,168,168,cemhsey_forward_day_logo
cemhsey,cemhsey_forward_day_logo|D02,user_only,S2,grasp_protocol,D02,0.625,0.625,0.6062514460126833,0.6062514460126833,0.5918055604416103,1.20211346488295,0.24195452566090841,0.26022125582962913,0.26022125582962913,0.0,0.0,0.0,12500.0,168,168,cemhsey_forward_day_logo
cemhsey,cemhsey_forward_day_logo|D02,assist_only,S2,grasp_protocol,D02,0.7857142857142857,0.7857142857142857,0.7835878413778323,0.7835878413778323,0.5302677093426342,1.0436613422891337,0.4093888708117967,0.1713162353721592,0.1713162353721592,0.42857142857142855,0.42857142857142855,0.06407912509341888,12500.0,168,168,cemhsey_forward_day_logo
cemhsey,cemhsey_forward_day_logo|D02,confidence_blend_alpha_0.25,S2,grasp_protocol,D02,0.7083333333333334,0.7083333333333333,0.688598155083228,0.688598155083228,0.5629361451995668,1.126228836111725,0.33997059320027795,0.20282867081194772,0.20282867081194772,0.13690476190476192,0.13690476190476192,0.004928402469805027,12500.0,168,168,cemhsey_forward_day_logo
cemhsey,cemhsey_forward_day_logo|D02,confidence_blend_alpha_0.50,S2,grasp_protocol,D02,0.7857142857142857,0.7857142857142857,0.77237935127923,0.77237935127923,0.5430566982690452,1.082029482052247,0.4210902903539683,0.16806876007531998,0.16806876007531998,0.27380952380952384,0.27380952380952384,0.022357327973043916,12500.0,168,168,cemhsey_forward_day_logo
cemhsey,cemhsey_forward_day_logo|D02,confidence_blend_alpha_0.75,S2,grasp_protocol,D02,0.8095238095238095,0.8095238095238095,0.8057787168086527,0.8057787168086527,0.5321672196500676,1.0556432229836172,0.43558275618294334,0.15925041512245133,0.15925041512245133,0.35714285714285715,0.35714285714285715,0.0407762038022223,12500.0,168,168,cemhsey_forward_day_logo
cemhsey,cemhsey_forward_day_logo|D02,selective_prediction,S2,grasp_protocol,D02,0.625,0.625,0.6063759947829913,0.6063759947829913,0.5905977002734386,1.1984230659742336,0.2423200399149279,0.2633844264465652,0.2633844264465652,0.001984126984126984,0.001984126984126984,0.00017195375798365978,12500.0,504,504,cemhsey_forward_day_logo
cemhsey,cemhsey_forward_day_logo|D02,set_acsa_tau_0.02,S2,grasp_protocol,D02,0.6369047619047619,0.6369047619047619,0.6202080000658459,0.6202080000658459,0.5583447194625641,1.1415962434611608,0.25359166306776726,0.2236066476447339,0.2236066476447339,0.03571428571428571,0.03571428571428571,0.0003049981250824609,12500.0,168,168,cemhsey_forward_day_logo
cemhsey,cemhsey_forward_day_logo|D02,agency_margin_tau_0.02,S2,grasp_protocol,D02,0.6369047619047619,0.6369047619047619,0.6202080000658459,0.6202080000658459,0.48326485044942336,1.1242524639363,0.15641338023084794,0.22221650337943477,0.22221650337943477,0.03571428571428571,0.03571428571428571,0.0003049981250824609,12500.0,168,168,cemhsey_forward_day_logo
cemhsey,cemhsey_forward_day_logo|D02,set_acsa_tau_0.05,S2,grasp_protocol,D02,0.6666666666666666,0.6666666666666667,0.6471346635820321,0.6471346635820321,0.5518168984131093,1.127687028932889,0.26624789574615587,0.21666402823817338,0.21666402823817338,0.07738095238095238,0.07738095238095238,0.0017635927847678898,12500.0,168,168,cemhsey_forward_day_logo
cemhsey,cemhsey_forward_day_logo|D02,agency_margin_tau_0.05,S2,grasp_protocol,D02,0.6666666666666666,0.6666666666666667,0.6466197195888271,0.6466197195888271,0.4854658793526598,1.1156877626236703,0.17250794697462812,0.21548432805050893,0.21548432805050893,0.08333333333333333,0.08333333333333333,0.0019148344446399245,12500.0,168,168,cemhsey_forward_day_logo
cemhsey,cemhsey_forward_day_logo|D02,set_acsa_tau_0.10,S2,grasp_protocol,D02,0.7261904761904762,0.7261904761904762,0.7079916136495085,0.7079916136495085,0.5316988501163165,1.0815024104636015,0.30426250226653984,0.20912105540125336,0.20912105540125336,0.15476190476190477,0.15476190476190477,0.007116413212305684,12500.0,168,168,cemhsey_forward_day_logo
cemhsey,cemhsey_forward_day_logo|D02,agency_margin_tau_0.10,S2,grasp_protocol,D02,0.7261904761904762,0.7261904761904762,0.7076618496368798,0.7076618496368798,0.46705782915646765,1.0788424557246703,0.20286798874640816,0.20912105540125336,0.20912105540125336,0.16071428571428573,0.16071428571428573,0.007267654872177718,12500.0,168,168,cemhsey_forward_day_logo
cemhsey,cemhsey_forward_day_logo|D02,set_acsa_tau_0.15,S2,grasp_protocol,D02,0.7559523809523809,0.755952380952381,0.742079594995893,0.742079594995893,0.5195862360619086,1.050737061979942,0.33098919788049885,0.20345567503458334,0.20345567503458334,0.19047619047619047,0.19047619047619047,0.011631132190077968,12500.0,168,168,cemhsey_forward_day_logo
cemhsey,cemhsey_forward_day_logo|D02,agency_margin_tau_0.15,S2,grasp_protocol,D02,0.7559523809523809,0.755952380952381,0.742079594995893,0.742079594995893,0.4755691344152915,0.946211968020217,0.2629478259704849,0.20345567503458334,0.20345567503458334,0.19047619047619047,0.19047619047619047,0.011631132190077968,12500.0,168,168,cemhsey_forward_day_logo
cemhsey,cemhsey_forward_day_logo|D02,set_acsa_tau_0.20,S2,grasp_protocol,D02,0.7738095238095238,0.7738095238095238,0.7588556281516304,0.7588556281516304,0.5105257643033984,1.0262047692177,0.34731010863004597,0.1993120220805881,0.1993120220805881,0.20833333333333334,0.20833333333333334,0.015089303480111546,12500.0,168,168,cemhsey_forward_day_logo
cemhsey,cemhsey_forward_day_logo|D02,agency_margin_tau_0.20,S2,grasp_protocol,D02,0.7738095238095238,0.7738095238095238,0.7588556281516304,0.7588556281516304,0.48206677465070635,0.9551100676362119,0.3004198764940172,0.1993120220805881,0.1993120220805881,0.20833333333333334,0.20833333333333334,0.015089303480111546,12500.0,168,168,cemhsey_forward_day_logo
cemhsey,cemhsey_forward_day_logo|D02,user_only,S3,grasp_protocol,D02,0.44047619047619047,0.4404761904761904,0.4146870729344956,0.4146870729344956,0.6653077454093415,1.3476147665421148,0.07673670114486453,0.42272524173827125,0.42272524173827125,0.0,0.0,0.0,12500.0,168,168,cemhsey_forward_day_logo
cemhsey,cemhsey_forward_day_logo|D02,assist_only,S3,grasp_protocol,D02,0.42857142857142855,0.42857142857142855,0.38714409501065816,0.38714409501065816,0.6791817288533014,1.315353525745287,0.08694408840072926,0.5077018688258941,0.5077018688258941,0.44047619047619047,0.44047619047619047,0.0669357621017939,12500.0,168,168,cemhsey_forward_day_logo
cemhsey,cemhsey_forward_day_logo|D02,confidence_blend_alpha_0.25,S3,grasp_protocol,D02,0.4880952380952381,0.4880952380952381,0.44257917632530636,0.44257917632530636,0.6557144940965304,1.3027776036979317,0.12966720627663217,0.4131213994421692,0.4131213994421692,0.10119047619047619,0.10119047619047619,0.004648726578320667,12500.0,168,168,cemhsey_forward_day_logo
cemhsey,cemhsey_forward_day_logo|D02,confidence_blend_alpha_0.50,S3,grasp_protocol,D02,0.5535714285714286,0.5535714285714286,0.501790332025484,0.501790332025484,0.6548290742329351,1.2892262453447565,0.19261721035957824,0.4278999362728469,0.4278999362728469,0.23214285714285715,0.23214285714285715,0.02222466931308287,12500.0,168,168,cemhsey_forward_day_logo
cemhsey,cemhsey_forward_day_logo|D02,confidence_blend_alpha_0.75,S3,grasp_protocol,D02,0.5059523809523809,0.5059523809523809,0.45729247422976427,0.45729247422976427,0.6626514858185258,1.2941347121749234,0.16836701125273157,0.4577563549520054,0.4577563549520054,0.3392857142857143,0.3392857142857143,0.04142697308208279,12500.0,168,168,cemhsey_forward_day_logo
cemhsey,cemhsey_forward_day_logo|D02,selective_prediction,S3,grasp_protocol,D02,0.44246031746031744,0.4424603174603174,0.4148168749863665,0.4148168749863665,0.6632134047447547,1.335570339525647,0.08155398851048645,0.4241629131779349,0.4241629131779349,0.007936507936507936,0.007936507936507936,0.0006111087075224229,12500.0,504,504,cemhsey_forward_day_logo
cemhsey,cemhsey_forward_day_logo|D02,set_acsa_tau_0.02,S3,grasp_protocol,D02,0.4523809523809524,0.4523809523809524,0.4221412374473598,0.4221412374473598,0.6530108263578904,1.2955377709813876,0.10642423664823676,0.4201685648719449,0.4201685648719449,0.017857142857142856,0.017857142857142856,0.00014054348674504927,12500.0,168,168,cemhsey_forward_day_logo
cemhsey,cemhsey_forward_day_logo|D02,agency_margin_tau_0.02,S3,grasp_protocol,D02,0.4523809523809524,0.4523809523809524,0.4221412374473598,0.4221412374473598,0.742799061805275,4.447708380216556,0.20504371924796616,0.420914609351498,0.420914609351498,0.017857142857142856,0.017857142857142856,0.00014054348674504927,12500.0,168,168,cemhsey_forward_day_logo
cemhsey,cemhsey_forward_day_logo|D02,set_acsa_tau_0.05,S3,grasp_protocol,D02,0.47023809523809523,0.4702380952380953,0.4353388566467416,0.4353388566467416,0.6462436681777322,1.2753022331368844,0.12149828426908539,0.41538410346260934,0.41538410346260934,0.05952380952380952,0.05952380952380952,0.0016467897924614817,12500.0,168,168,cemhsey_forward_day_logo
cemhsey,cemhsey_forward_day_logo|D02,agency_margin_tau_0.05,S3,grasp_protocol,D02,0.47023809523809523,0.4702380952380953,0.43331251419486716,0.43331251419486716,0.7185030284957518,4.406663326153247,0.18079960131102185,0.4158618147214699,0.4158618147214699,0.06547619047619048,0.06547619047619048,0.001767340705120098,12500.0,168,168,cemhsey_forward_day_logo
cemhsey,cemhsey_forward_day_logo|D02,set_acsa_tau_0.10,S3,grasp_protocol,D02,0.4880952380952381,0.48809523809523814,0.45129622815376724,0.45129622815376724,0.6375536668843458,1.2491188925474315,0.10577331883608691,0.4165743634760131,0.4165743634760131,0.1130952380952381,0.1130952380952381,0.005619161266210779,12500.0,168,168,cemhsey_forward_day_logo
cemhsey,cemhsey_forward_day_logo|D02,agency_margin_tau_0.10,S3,grasp_protocol,D02,0.4880952380952381,0.48809523809523814,0.45129622815376724,0.45129622815376724,0.7074224069975182,3.9417209939503643,0.18844827895791244,0.4169814339800486,0.4169814339800486,0.1130952380952381,0.1130952380952381,0.005619161266210779,12500.0,168,168,cemhsey_forward_day_logo
cemhsey,cemhsey_forward_day_logo|D02,set_acsa_tau_0.15,S3,grasp_protocol,D02,0.49404761904761907,0.49404761904761907,0.4620537576732821,0.4620537576732821,0.6338342574720792,1.2348623081044898,0.11131497255231924,0.4140583050082831,0.4140583050082831,0.15476190476190477,0.15476190476190477,0.011151966827194918,12500.0,168,168,cemhsey_forward_day_logo
cemhsey,cemhsey_forward_day_logo|D02,agency_margin_tau_0.15,S3,grasp_protocol,D02,0.49404761904761907,0.49404761904761907,0.460644663952016,0.460644663952016,0.6751882703709712,3.3045626608869703,0.16711255607403713,0.4144189130879902,0.4144189130879902,0.16071428571428573,0.16071428571428573,0.011966436905324548,12500.0,168,168,cemhsey_forward_day_logo
cemhsey,cemhsey_forward_day_logo|D02,set_acsa_tau_0.20,S3,grasp_protocol,D02,0.5119047619047619,0.511904761904762,0.47360068107046516,0.47360068107046516,0.6251647346317963,1.2050450911835204,0.10457226921833834,0.41601257073365555,0.41601257073365555,0.18452380952380953,0.18452380952380953,0.016438801210843942,12500.0,168,168,cemhsey_forward_day_logo
cemhsey,cemhsey_forward_day_logo|D02,agency_margin_tau_0.20,S3,grasp_protocol,D02,0.5119047619047619,0.511904761904762,0.47360068107046516,0.47360068107046516,0.662079578254605,2.9961616665816386,0.17827886340910643,0.41636720052667137,0.41636720052667137,0.18452380952380953,0.18452380952380953,0.016438801210843942,12500.0,168,168,cemhsey_forward_day_logo
cemhsey,cemhsey_forward_day_logo|D02,user_only,S4,grasp_protocol,D02,0.27380952380952384,0.2738095238095238,0.2671370834344483,0.2671370834344483,0.7311192460049307,1.4507135272922285,0.16218265746572605,0.5876845061970981,0.5876845061970981,0.0,0.0,0.0,12500.0,168,168,cemhsey_forward_day_logo
cemhsey,cemhsey_forward_day_logo|D02,assist_only,S4,grasp_protocol,D02,0.43452380952380953,0.4345238095238095,0.4187959138348582,0.4187959138348582,0.693283261532055,1.3404916768824178,0.09485037715899752,0.5040545439173003,0.5040545439173003,0.5714285714285714,0.5714285714285714,0.09989292278841384,12500.0,168,168,cemhsey_forward_day_logo
cemhsey,cemhsey_forward_day_logo|D02,confidence_blend_alpha_0.25,S4,grasp_protocol,D02,0.31547619047619047,0.3154761904761905,0.31114442159738326,0.31114442159738326,0.7066353321620078,1.384944861997982,0.08857158390507776,0.5606812747419109,0.5606812747419109,0.08928571428571429,0.08928571428571429,0.004432833285487649,12500.0,168,168,cemhsey_forward_day_logo
cemhsey,cemhsey_forward_day_logo|D02,confidence_blend_alpha_0.50,S4,grasp_protocol,D02,0.40476190476190477,0.4047619047619047,0.39874759671170634,0.39874759671170634,0.6921680301355144,1.3513636661012067,0.07405924580022502,0.5219094531363627,0.5219094531363627,0.23809523809523808,0.23809523809523808,0.023920797617484474,12500.0,168,168,cemhsey_forward_day_logo
cemhsey,cemhsey_forward_day_logo|D02,confidence_blend_alpha_0.75,S4,grasp_protocol,D02,0.4226190476190476,0.42261904761904756,0.406745917957709,0.406745917957709,0.6877173399255294,1.3373060090435687,0.0840138777755896,0.5013060891135354,0.5013060891135354,0.4226190476190476,0.4226190476190476,0.05677515741963525,12500.0,168,168,cemhsey_forward_day_logo
cemhsey,cemhsey_forward_day_logo|D02,selective_prediction,S4,grasp_protocol,D02,0.27976190476190477,0.27976190476190477,0.2739915760457387,0.2739915760457387,0.730067094185167,1.4411357170202501,0.16158783516903572,0.5811059890292678,0.5811059890292678,0.011904761904761904,0.011904761904761904,0.002068156459139066,12500.0,504,504,cemhsey_forward_day_logo
cemhsey,cemhsey_forward_day_logo|D02,set_acsa_tau_0.02,S4,grasp_protocol,D02,0.2857142857142857,0.2857142857142857,0.2795607439480749,0.2795607439480749,0.731197582223704,1.441817763578342,0.15964560507833805,0.577663932913506,0.577663932913506,0.023809523809523808,0.023809523809523808,0.00031832982900225303,12500.0,168,168,cemhsey_forward_day_logo
cemhsey,cemhsey_forward_day_logo|D02,agency_margin_tau_0.02,S4,grasp_protocol,D02,0.2857142857142857,0.2857142857142857,0.27969506942802247,0.27969506942802247,0.8065778241337224,3.8673660106469065,0.2339083456513917,0.5773350339847994,0.5773350339847994,0.02976190476190476,0.02976190476190476,0.00031832982900225303,12500.0,168,168,cemhsey_forward_day_logo
cemhsey,cemhsey_forward_day_logo|D02,set_acsa_tau_0.05,S4,grasp_protocol,D02,0.30357142857142855,0.30357142857142855,0.2991717317618277,0.2991717317618277,0.7249102297905058,1.4245486929886897,0.1439894023621752,0.5683571920065733,0.5683571920065733,0.047619047619047616,0.047619047619047616,0.0011091849234365174,12500.0,168,168,cemhsey_forward_day_logo
cemhsey,cemhsey_forward_day_logo|D02,agency_margin_tau_0.05,S4,grasp_protocol,D02,0.30357142857142855,0.30357142857142855,0.2993187354217119,0.2993187354217119,0.7953348757913515,3.8420798122541675,0.2210064392148368,0.5681042991974037,0.5681042991974037,0.05357142857142857,0.05357142857142857,0.0011091849234365174,12500.0,168,168,cemhsey_forward_day_logo
cemhsey,cemhsey_forward_day_logo|D02,set_acsa_tau_0.10,S4,grasp_protocol,D02,0.3333333333333333,0.33333333333333337,0.3349484648138259,0.3349484648138259,0.7088857286802297,1.3830640675064851,0.12780601376813264,0.5332530445829622,0.5332530445829622,0.1130952380952381,0.1130952380952381,0.006397406021475259,12500.0,168,168,cemhsey_forward_day_logo
cemhsey,cemhsey_forward_day_logo|D02,agency_margin_tau_0.10,S4,grasp_protocol,D02,0.3392857142857143,0.3392857142857143,0.3391416607051351,0.3391416607051351,0.7509338907356503,3.3282437388551256,0.18196365467822956,0.5329630458607381,0.5329630458607381,0.125,0.125,0.006882733004652626,12500.0,168,168,cemhsey_forward_day_logo
cemhsey,cemhsey_forward_day_logo|D02,set_acsa_tau_0.15,S4,grasp_protocol,D02,0.3392857142857143,0.3392857142857143,0.3397300289042252,0.3397300289042252,0.7041296863540837,1.365674375455752,0.12371720787747782,0.5311476173324463,0.5311476173324463,0.15476190476190477,0.15476190476190477,0.012303446367498857,12500.0,168,168,cemhsey_forward_day_logo
cemhsey,cemhsey_forward_day_logo|D02,agency_margin_tau_0.15,S4,grasp_protocol,D02,0.3392857142857143,0.3392857142857143,0.3396583584880659,0.3396583584880659,0.7383041391926485,3.1547197261744495,0.17469996992320827,0.5311476173324463,0.5311476173324463,0.16071428571428573,0.16071428571428573,0.012303446367498857,12500.0,168,168,cemhsey_forward_day_logo
cemhsey,cemhsey_forward_day_logo|D02,set_acsa_tau_0.20,S4,grasp_protocol,D02,0.3333333333333333,0.33333333333333337,0.3345360328624941,0.3345360328624941,0.7050909666976515,1.3672499487928036,0.12447476452868271,0.534358741176969,0.534358741176969,0.16666666666666666,0.16666666666666666,0.014610605892104458,12500.0,168,168,cemhsey_forward_day_logo
cemhsey,cemhsey_forward_day_logo|D02,agency_margin_tau_0.20,S4,grasp_protocol,D02,0.3333333333333333,0.33333333333333337,0.3342362377347147,0.3342362377347147,0.7243732185229286,2.2397478964026587,0.167065381780781,0.5345538298523813,0.5345538298523813,0.17857142857142858,0.17857142857142858,0.015605066056566549,12500.0,168,168,cemhsey_forward_day_logo
cemhsey,cemhsey_forward_day_logo|D02,user_only,S5,grasp_protocol,D02,0.5654761904761905,0.5654761904761905,0.5402572202772841,0.5402572202772841,0.6318772744184998,1.3010636690907602,0.22954750074432514,0.29577639124554667,0.29577639124554667,0.0,0.0,0.0,12500.0,168,168,cemhsey_forward_day_logo
cemhsey,cemhsey_forward_day_logo|D02,assist_only,S5,grasp_protocol,D02,0.6071428571428571,0.6071428571428571,0.5961840379709992,0.5961840379709992,0.6086000742151884,1.2459509242367701,0.2029231023607627,0.3252592647038619,0.3252592647038619,0.4642857142857143,0.4642857142857143,0.06404631775353867,12500.0,168,168,cemhsey_forward_day_logo
cemhsey,cemhsey_forward_day_logo|D02,confidence_blend_alpha_0.25,S5,grasp_protocol,D02,0.5952380952380952,0.5952380952380952,0.5759942761783031,0.5759942761783031,0.613730227815086,1.2568198418804217,0.25472140024507517,0.26016196067698666,0.26016196067698666,0.1488095238095238,0.1488095238095238,0.006204318021225566,12500.0,168,168,cemhsey_forward_day_logo
cemhsey,cemhsey_forward_day_logo|D02,confidence_blend_alpha_0.50,S5,grasp_protocol,D02,0.6369047619047619,0.6369047619047619,0.6353264232046562,0.6353264232046562,0.6038016789134095,1.2345396214295659,0.26650533021053097,0.24504835055904112,0.24504835055904112,0.2916666666666667,0.2916666666666667,0.026168135898158744,12500.0,168,168,cemhsey_forward_day_logo
cemhsey,cemhsey_forward_day_logo|D02,confidence_blend_alpha_0.75,S5,grasp_protocol,D02,0.625,0.625,0.6222247823860727,0.6222247823860727,0.6020916277134438,1.2298477075772414,0.24911421951541324,0.28029038125130623,0.28029038125130623,0.35714285714285715,0.35714285714285715,0.036851043467853874,12500.0,168,168,cemhsey_forward_day_logo
cemhsey,cemhsey_forward_day_logo|D02,selective_prediction,S5,grasp_protocol,D02,0.5654761904761905,0.5654761904761905,0.5399648539328121,0.5399648539328121,0.6301301196113698,1.2974919998178107,0.22768086850141792,0.2998652099611088,0.2998652099611088,0.003968253968253968,0.003968253968253968,0.0006415396379800037,12500.0,504,504,cemhsey_forward_day_logo
cemhsey,cemhsey_forward_day_logo|D02,set_acsa_tau_0.02,S5,grasp_protocol,D02,0.5773809523809523,0.5773809523809524,0.5512151435318892,0.5512151435318892,0.6090495583497095,1.2574822225701259,0.22570576192769565,0.2874232102650667,0.2874232102650667,0.023809523809523808,0.023809523809523808,0.000265026349573465,12500.0,168,168,cemhsey_forward_day_logo
cemhsey,cemhsey_forward_day_logo|D02,agency_margin_tau_0.02,S5,grasp_protocol,D02,0.5773809523809523,0.5773809523809524,0.5513306285453153,0.5513306285453153,0.6435145563988339,4.285622121587496,0.21972572275254376,0.28883129050617484,0.28883129050617484,0.041666666666666664,0.041666666666666664,0.00047515969908291835,12500.0,168,168,cemhsey_forward_day_logo
cemhsey,cemhsey_forward_day_logo|D02,set_acsa_tau_0.05,S5,grasp_protocol,D02,0.5476190476190477,0.5476190476190477,0.521580547112462,0.521580547112462,0.61133886858682,1.2553849407987951,0.19074580151141593,0.3123779503678764,0.3123779503678764,0.08333333333333333,0.08333333333333333,0.002582211934255568,12500.0,168,168,cemhsey_forward_day_logo
cemhsey,cemhsey_forward_day_logo|D02,agency_margin_tau_0.05,S5,grasp_protocol,D02,0.5595238095238095,0.5595238095238095,0.5420317020560982,0.5420317020560982,0.6469197251795132,4.293217686760056,0.19843023198403983,0.3104708666985557,0.3104708666985557,0.08928571428571429,0.08928571428571429,0.0027639658748419543,12500.0,168,168,cemhsey_forward_day_logo
cemhsey,cemhsey_forward_day_logo|D02,set_acsa_tau_0.10,S5,grasp_protocol,D02,0.5595238095238095,0.5595238095238095,0.5425205456411819,0.5425205456411819,0.6081999269279773,1.2453293250002235,0.1729018051409379,0.317094950919923,0.317094950919923,0.1488095238095238,0.1488095238095238,0.0072893462351067626,12500.0,168,168,cemhsey_forward_day_logo
cemhsey,cemhsey_forward_day_logo|D02,agency_margin_tau_0.10,S5,grasp_protocol,D02,0.5773809523809523,0.5773809523809524,0.5690934121771837,0.5690934121771837,0.591775273182028,2.8829993843661152,0.1271149192995498,0.31506364738147735,0.31506364738147735,0.16666666666666666,0.16666666666666666,0.008274135363854154,12500.0,168,168,cemhsey_forward_day_logo
cemhsey,cemhsey_forward_day_logo|D02,set_acsa_tau_0.15,S5,grasp_protocol,D02,0.5892857142857143,0.5892857142857143,0.5846012921346607,0.5846012921346607,0.5957056668727818,1.2195218239663481,0.17763286901199168,0.3239061683985578,0.3239061683985578,0.24404761904761904,0.24404761904761904,0.018766716580664835,12500.0,168,168,cemhsey_forward_day_logo
cemhsey,cemhsey_forward_day_logo|D02,agency_margin_tau_0.15,S5,grasp_protocol,D02,0.6011904761904762,0.6011904761904763,0.600064344443822,0.600064344443822,0.5714642331207953,2.2503765357857866,0.15980805317424426,0.32217268790493997,0.32217268790493997,0.25,0.25,0.019285235272253592,12500.0,168,168,cemhsey_forward_day_logo
cemhsey,cemhsey_forward_day_logo|D02,set_acsa_tau_0.20,S5,grasp_protocol,D02,0.5892857142857143,0.5892857142857143,0.5835195735344264,0.5835195735344264,0.5902950561533644,1.2053433410297547,0.16524184705897543,0.32674327760724636,0.32674327760724636,0.27976190476190477,0.27976190476190477,0.02497356247481484,12500.0,168,168,cemhsey_forward_day_logo
cemhsey,cemhsey_forward_day_logo|D02,agency_margin_tau_0.20,S5,grasp_protocol,D02,0.5952380952380952,0.5952380952380952,0.5913051877801248,0.5913051877801248,0.5781262038592698,1.8521009655608662,0.1492273496014908,0.32586971116347274,0.32586971116347274,0.27380952380952384,0.27380952380952384,0.024677272349466668,12500.0,168,168,cemhsey_forward_day_logo
cemhsey,cemhsey_forward_day_logo|D02,user_only,S6,grasp_protocol,D02,0.4226190476190476,0.42261904761904756,0.4020433760113216,0.4020433760113216,0.6958392284727688,1.4161787088816777,0.11181060590618137,0.46432866376898874,0.46432866376898874,0.0,0.0,0.0,12500.0,168,168,cemhsey_forward_day_logo
cemhsey,cemhsey_forward_day_logo|D02,assist_only,S6,grasp_protocol,D02,0.4226190476190476,0.4226190476190476,0.4237864134011694,0.4237864134011694,0.7193942495794693,1.5604878446439268,0.09751281755994018,0.4969657645295975,0.4969657645295975,0.5238095238095238,0.5238095238095238,0.07535437099103397,12500.0,168,168,cemhsey_forward_day_logo
cemhsey,cemhsey_forward_day_logo|D02,confidence_blend_alpha_0.25,S6,grasp_protocol,D02,0.4880952380952381,0.4880952380952381,0.4713473638764336,0.4713473638764336,0.6859233835288724,1.4077885812582647,0.19203711601658707,0.42969512926436787,0.42969512926436787,0.20238095238095238,0.20238095238095238,0.006697361073795758,12500.0,168,168,cemhsey_forward_day_logo
cemhsey,cemhsey_forward_day_logo|D02,confidence_blend_alpha_0.50,S6,grasp_protocol,D02,0.49404761904761907,0.494047619047619,0.48512408442644755,0.48512408442644755,0.6865439387320371,1.4250459198134542,0.15780322277618047,0.41613330979836066,0.41613330979836066,0.31547619047619047,0.31547619047619047,0.021994164037635742,12500.0,168,168,cemhsey_forward_day_logo
cemhsey,cemhsey_forward_day_logo|D02,confidence_blend_alpha_0.75,S6,grasp_protocol,D02,0.44642857142857145,0.44642857142857145,0.4471220578505776,0.4471220578505776,0.6977008940822361,1.4691210135143788,0.10373557630957989,0.43871558757739093,0.43871558757739093,0.42857142857142855,0.42857142857142855,0.043291445800593825,12500.0,168,168,cemhsey_forward_day_logo
cemhsey,cemhsey_forward_day_logo|D02,selective_prediction,S6,grasp_protocol,D02,0.4226190476190476,0.42261904761904756,0.4020433760113216,0.4020433760113216,0.6934434486206079,1.4117908109682418,0.10822354133011765,0.4533899282348735,0.4533899282348735,0.0,0.0,0.0,12500.0,504,504,cemhsey_forward_day_logo
cemhsey,cemhsey_forward_day_logo|D02,set_acsa_tau_0.02,S6,grasp_protocol,D02,0.42857142857142855,0.4285714285714285,0.4052086016675675,0.4052086016675675,0.6951826328116888,1.4419305087364538,0.09700634738024663,0.4535379375940137,0.4535379375940137,0.06547619047619048,0.06547619047619048,0.0005078560361519214,12500.0,168,168,cemhsey_forward_day_logo
cemhsey,cemhsey_forward_day_logo|D02,agency_margin_tau_0.02,S6,grasp_protocol,D02,0.42857142857142855,0.4285714285714285,0.4052086016675675,0.4052086016675675,0.7454359811312294,4.034156582051563,0.16916808494495317,0.4538594852004699,0.4538594852004699,0.06547619047619048,0.06547619047619048,0.0005078560361519214,12500.0,168,168,cemhsey_forward_day_logo
cemhsey,cemhsey_forward_day_logo|D02,set_acsa_tau_0.05,S6,grasp_protocol,D02,0.4523809523809524,0.45238095238095244,0.42925068091908,0.42925068091908,0.6883418880900539,1.4232804696692314,0.1115731980808144,0.4420557267193771,0.4420557267193771,0.125,0.125,0.002488602687126126,12500.0,168,168,cemhsey_forward_day_logo
cemhsey,cemhsey_forward_day_logo|D02,agency_margin_tau_0.05,S6,grasp_protocol,D02,0.4523809523809524,0.45238095238095244,0.42925068091908,0.42925068091908,0.7111931909702603,3.678217856671469,0.15864032387786955,0.44225343617862134,0.44225343617862134,0.125,0.125,0.002488602687126126,12500.0,168,168,cemhsey_forward_day_logo
cemhsey,cemhsey_forward_day_logo|D02,set_acsa_tau_0.10,S6,grasp_protocol,D02,0.5059523809523809,0.5059523809523809,0.49139106079940137,0.49139106079940137,0.6759462307310051,1.3986555566088545,0.15688082118912008,0.43088622701520374,0.43088622701520374,0.22023809523809523,0.22023809523809523,0.009043945006921962,12500.0,168,168,cemhsey_forward_day_logo
cemhsey,cemhsey_forward_day_logo|D02,agency_margin_tau_0.10,S6,grasp_protocol,D02,0.5059523809523809,0.5059523809523809,0.49075529329007767,0.49075529329007767,0.7102110513505043,3.828725689082661,0.17950920726027947,0.4310344123721807,0.4310344123721807,0.2261904761904762,0.2261904761904762,0.009356930026648015,12500.0,168,168,cemhsey_forward_day_logo
cemhsey,cemhsey_forward_day_logo|D02,set_acsa_tau_0.15,S6,grasp_protocol,D02,0.5297619047619048,0.5297619047619048,0.5147633923860544,0.5147633923860544,0.6716419603151619,1.385093192880722,0.1765811557715613,0.4295413970375713,0.4295413970375713,0.2619047619047619,0.2619047619047619,0.01428581664685464,12500.0,168,168,cemhsey_forward_day_logo
cemhsey,cemhsey_forward_day_logo|D02,agency_margin_tau_0.15,S6,grasp_protocol,D02,0.5297619047619048,0.5297619047619048,0.5147633923860544,0.5147633923860544,0.6815375238609975,2.4752538996058537,0.17422372516314436,0.4295413970375713,0.4295413970375713,0.2619047619047619,0.2619047619047619,0.01428581664685464,12500.0,168,168,cemhsey_forward_day_logo
cemhsey,cemhsey_forward_day_logo|D02,set_acsa_tau_0.20,S6,grasp_protocol,D02,0.5119047619047619,0.511904761904762,0.5015482205453559,0.5015482205453559,0.6793005856166178,1.408292320214653,0.15561486883128262,0.44112244060154343,0.44112244060154343,0.2916666666666667,0.2916666666666667,0.01923372421890767,12500.0,168,168,cemhsey_forward_day_logo
cemhsey,cemhsey_forward_day_logo|D02,agency_margin_tau_0.20,S6,grasp_protocol,D02,0.5119047619047619,0.511904761904762,0.5015482205453559,0.5015482205453559,0.6893742841614612,2.239934421593905,0.1631341347018901,0.44112244060154343,0.44112244060154343,0.2916666666666667,0.2916666666666667,0.01923372421890767,12500.0,168,168,cemhsey_forward_day_logo
cemhsey,cemhsey_forward_day_logo|D02,user_only,S7,grasp_protocol,D02,0.4226190476190476,0.4226190476190476,0.38736358254303366,0.38736358254303366,0.7502199927208674,1.6320366355249771,0.16186816527455278,0.3451158923781072,0.3451158923781072,0.0,0.0,0.0,12500.0,168,168,cemhsey_forward_day_logo
cemhsey,cemhsey_forward_day_logo|D02,assist_only,S7,grasp_protocol,D02,0.42857142857142855,0.42857142857142855,0.34365724697436334,0.34365724697436334,0.7770730974844885,1.6921273103689594,0.23082027967083107,0.406174356286846,0.406174356286846,0.5952380952380952,0.5952380952380952,0.07653250605472021,12500.0,168,168,cemhsey_forward_day_logo
cemhsey,cemhsey_forward_day_logo|D02,confidence_blend_alpha_0.25,S7,grasp_protocol,D02,0.42857142857142855,0.42857142857142855,0.3895325877311629,0.3895325877311629,0.7505009163591836,1.631063777071841,0.1770151185443425,0.3310799791933193,0.3310799791933193,0.06547619047619048,0.06547619047619048,0.0004638452039634608,12500.0,168,168,cemhsey_forward_day_logo
cemhsey,cemhsey_forward_day_logo|D02,confidence_blend_alpha_0.50,S7,grasp_protocol,D02,0.47023809523809523,0.47023809523809523,0.4068397530220191,0.4068397530220191,0.7550700750325591,1.641581178031815,0.2606770861271881,0.31072478451360647,0.31072478451360647,0.17857142857142858,0.17857142857142858,0.009460023711174539,12500.0,168,168,cemhsey_forward_day_logo
cemhsey,cemhsey_forward_day_logo|D02,confidence_blend_alpha_0.75,S7,grasp_protocol,D02,0.48214285714285715,0.48214285714285715,0.4077488741975664,0.4077488741975664,0.7639274687409942,1.6617785655019657,0.3022752278871067,0.31378729721415005,0.31378729721415005,0.375,0.375,0.036079771661579156,12500.0,168,168,cemhsey_forward_day_logo
cemhsey,cemhsey_forward_day_logo|D02,selective_prediction,S7,grasp_protocol,D02,0.4226190476190476,0.4226190476190476,0.38736358254303366,0.38736358254303366,0.7502199927208674,1.6320366355249771,0.16186816527455275,0.3439853917196956,0.3439853917196956,0.0,0.0,0.0,12500.0,504,504,cemhsey_forward_day_logo
cemhsey,cemhsey_forward_day_logo|D02,set_acsa_tau_0.02,S7,grasp_protocol,D02,0.43452380952380953,0.4345238095238095,0.3937279060502143,0.3937279060502143,0.7525835545766315,1.644228807380572,0.1519684055436836,0.34109029570051747,0.34109029570051747,0.011904761904761904,0.011904761904761904,4.6303420915030695e-05,12500.0,168,168,cemhsey_forward_day_logo
cemhsey,cemhsey_forward_day_logo|D02,agency_margin_tau_0.02,S7,grasp_protocol,D02,0.42857142857142855,0.42857142857142855,0.38856247103392116,0.38856247103392116,0.7655767820879466,2.3636322927437172,0.18555076302807072,0.34209057655130715,0.34209057655130715,0.023809523809523808,0.023809523809523808,0.0001993493889387061,12500.0,168,168,cemhsey_forward_day_logo
cemhsey,cemhsey_forward_day_logo|D02,set_acsa_tau_0.05,S7,grasp_protocol,D02,0.43452380952380953,0.4345238095238096,0.39262629368809776,0.39262629368809776,0.7519375357394684,1.6421307654478758,0.15694007889058845,0.3375628554554152,0.3375628554554152,0.023809523809523808,0.023809523809523808,0.00045143526898333,12500.0,168,168,cemhsey_forward_day_logo
cemhsey,cemhsey_forward_day_logo|D02,agency_margin_tau_0.05,S7,grasp_protocol,D02,0.4226190476190476,0.4226190476190476,0.38330533836297087,0.38330533836297087,0.756133931095238,2.04600302486075,0.1860808831135271,0.3404153262211876,0.3404153262211876,0.041666666666666664,0.041666666666666664,0.0008828069325865882,12500.0,168,168,cemhsey_forward_day_logo
cemhsey,cemhsey_forward_day_logo|D02,set_acsa_tau_0.10,S7,grasp_protocol,D02,0.43452380952380953,0.4345238095238095,0.38839870880886085,0.38839870880886085,0.7501099005884347,1.637804531942173,0.17695557723578065,0.3274731897573705,0.3274731897573705,0.07142857142857142,0.07142857142857142,0.004477100160439727,12500.0,168,168,cemhsey_forward_day_logo
cemhsey,cemhsey_forward_day_logo|D02,agency_margin_tau_0.10,S7,grasp_protocol,D02,0.42857142857142855,0.42857142857142855,0.3826000228245617,0.3826000228245617,0.7463085239767999,2.03244924688427,0.18509076372852654,0.32922731062273,0.32922731062273,0.08333333333333333,0.08333333333333333,0.00481566122484416,12500.0,168,168,cemhsey_forward_day_logo
cemhsey,cemhsey_forward_day_logo|D02,set_acsa_tau_0.15,S7,grasp_protocol,D02,0.44642857142857145,0.4464285714285715,0.39513715777385755,0.39513715777385755,0.7468570772114544,1.628113017249592,0.17921723151245886,0.31860960708443387,0.31860960708443387,0.1130952380952381,0.1130952380952381,0.00930425546226414,12500.0,168,168,cemhsey_forward_day_logo
cemhsey,cemhsey_forward_day_logo|D02,agency_margin_tau_0.15,S7,grasp_protocol,D02,0.44642857142857145,0.4464285714285715,0.39513715777385755,0.39513715777385755,0.7428557294342285,2.193694984751442,0.17637831223840308,0.31860960708443387,0.31860960708443387,0.1130952380952381,0.1130952380952381,0.00930425546226414,12500.0,168,168,cemhsey_forward_day_logo
cemhsey,cemhsey_forward_day_logo|D02,set_acsa_tau_0.20,S7,grasp_protocol,D02,0.4523809523809524,0.45238095238095244,0.39928483904090045,0.39928483904090045,0.7446489646900422,1.620971997542662,0.1820225933494327,0.3161018921912686,0.3161018921912686,0.11904761904761904,0.11904761904761904,0.010289341129662143,12500.0,168,168,cemhsey_forward_day_logo
cemhsey,cemhsey_forward_day_logo|D02,agency_margin_tau_0.20,S7,grasp_protocol,D02,0.4523809523809524,0.45238095238095244,0.39928483904090045,0.39928483904090045,0.7415212534830292,1.611136505676186,0.187278378336056,0.3161018921912686,0.3161018921912686,0.11904761904761904,0.11904761904761904,0.010289341129662143,12500.0,168,168,cemhsey_forward_day_logo
cemhsey,cemhsey_forward_day_logo|D02,user_only,S8,grasp_protocol,D02,0.2261904761904762,0.2261904761904762,0.19550307410725606,0.19550307410725606,0.8197254439218007,1.740149793234128,0.1005886583982383,0.7546323560762475,0.7546323560762475,0.0,0.0,0.0,12500.0,168,168,cemhsey_forward_day_logo
cemhsey,cemhsey_forward_day_logo|D02,assist_only,S8,grasp_protocol,D02,0.19642857142857142,0.19642857142857145,0.16065815795620378,0.16065815795620378,0.8186287055483916,1.7095449759913615,0.14006371066649048,0.8597501246255331,0.8597501246255331,0.6488095238095238,0.6488095238095238,0.10299452541717298,12500.0,168,168,cemhsey_forward_day_logo
cemhsey,cemhsey_forward_day_logo|D02,confidence_blend_alpha_0.25,S8,grasp_protocol,D02,0.21428571428571427,0.21428571428571427,0.19093265696570108,0.19093265696570108,0.8060947899007321,1.6939628628442436,0.09235849341131536,0.7729725797939265,0.7729725797939265,0.14285714285714285,0.14285714285714285,0.002025346123368506,12500.0,168,168,cemhsey_forward_day_logo
cemhsey,cemhsey_forward_day_logo|D02,confidence_blend_alpha_0.50,S8,grasp_protocol,D02,0.21428571428571427,0.21428571428571427,0.20344042014590774,0.20344042014590774,0.8013684488314723,1.6766294347263615,0.08117307012144029,0.8045137499094294,0.8045137499094294,0.3333333333333333,0.3333333333333333,0.03059975388322299,12500.0,168,168,cemhsey_forward_day_logo
cemhsey,cemhsey_forward_day_logo|D02,confidence_blend_alpha_0.75,S8,grasp_protocol,D02,0.18452380952380953,0.1845238095238095,0.17025439279749624,0.17025439279749624,0.8055464207140253,1.6809361430820644,0.12061313519549957,0.8644149188768792,0.8644149188768792,0.5238095238095238,0.5238095238095238,0.07221612376302951,12500.0,168,168,cemhsey_forward_day_logo
cemhsey,cemhsey_forward_day_logo|D02,selective_prediction,S8,grasp_protocol,D02,0.2261904761904762,0.2261904761904762,0.19550307410725606,0.19550307410725606,0.8197254439218008,1.7401497932341277,0.10058865839823831,0.7550549499546599,0.7550549499546599,0.0,0.0,0.0,12500.0,504,504,cemhsey_forward_day_logo
cemhsey,cemhsey_forward_day_logo|D02,set_acsa_tau_0.02,S8,grasp_protocol,D02,0.23809523809523808,0.2380952380952381,0.21250333703894073,0.21250333703894073,0.827702084497252,1.7562913885778986,0.1183204428030135,0.7767042211541276,0.7767042211541276,0.047619047619047616,0.047619047619047616,0.0006194080902405682,12500.0,168,168,cemhsey_forward_day_logo
cemhsey,cemhsey_forward_day_logo|D02,agency_margin_tau_0.02,S8,grasp_protocol,D02,0.23214285714285715,0.23214285714285718,0.2080909332247423,0.2080909332247423,0.9668011009860289,5.675978249975848,0.2129490185920011,0.7791946855634173,0.7791946855634173,0.05357142857142857,0.05357142857142857,0.0007251657249395082,12500.0,168,168,cemhsey_forward_day_logo
cemhsey,cemhsey_forward_day_logo|D02,set_acsa_tau_0.05,S8,grasp_protocol,D02,0.21428571428571427,0.21428571428571425,0.19585814551481115,0.19585814551481115,0.8304620724498639,1.7544518575309294,0.13891041815301367,0.7915301160715273,0.7915301160715273,0.10119047619047619,0.10119047619047619,0.00234779806710994,12500.0,168,168,cemhsey_forward_day_logo
cemhsey,cemhsey_forward_day_logo|D02,agency_margin_tau_0.05,S8,grasp_protocol,D02,0.20833333333333334,0.20833333333333331,0.19047702303766995,0.19047702303766995,0.9472308938300987,5.806335206453836,0.21876707471314022,0.793608664721923,0.793608664721923,0.1130952380952381,0.1130952380952381,0.002573165706395838,12500.0,168,168,cemhsey_forward_day_logo
cemhsey,cemhsey_forward_day_logo|D02,set_acsa_tau_0.10,S8,grasp_protocol,D02,0.20238095238095238,0.20238095238095238,0.18768219871826347,0.18768219871826347,0.8299722768380284,1.7466493958617983,0.1451352522558441,0.8004013326009211,0.8004013326009211,0.18452380952380953,0.18452380952380953,0.008360469092894793,12500.0,168,168,cemhsey_forward_day_logo
cemhsey,cemhsey_forward_day_logo|D02,agency_margin_tau_0.10,S8,grasp_protocol,D02,0.20238095238095238,0.20238095238095238,0.187253288151104,0.187253288151104,0.9295676748460503,5.939914225536929,0.21639595890132166,0.8023043475281656,0.8023043475281656,0.19047619047619047,0.19047619047619047,0.008952321660397175,12500.0,168,168,cemhsey_forward_day_logo
cemhsey,cemhsey_forward_day_logo|D02,set_acsa_tau_0.15,S8,grasp_protocol,D02,0.20238095238095238,0.20238095238095238,0.18825372307512153,0.18825372307512153,0.8300678453823741,1.7392711594217358,0.14890936820954573,0.7962221145977314,0.7962221145977314,0.24404761904761904,0.24404761904761904,0.01590190196217866,12500.0,168,168,cemhsey_forward_day_logo
cemhsey,cemhsey_forward_day_logo|D02,agency_margin_tau_0.15,S8,grasp_protocol,D02,0.20238095238095238,0.20238095238095238,0.18793788593519462,0.18793788593519462,0.8825978011863139,4.5625184923335835,0.19331673626162993,0.7969839544463488,0.7969839544463488,0.25,0.25,0.01649375452968104,12500.0,168,168,cemhsey_forward_day_logo
cemhsey,cemhsey_forward_day_logo|D02,set_acsa_tau_0.20,S8,grasp_protocol,D02,0.20833333333333334,0.20833333333333331,0.19354186484621266,0.19354186484621266,0.8267926388431137,1.7217488716856473,0.14797834864935785,0.8073766966530368,0.8073766966530368,0.30952380952380953,0.30952380952380953,0.027495426592362288,12500.0,168,168,cemhsey_forward_day_logo
cemhsey,cemhsey_forward_day_logo|D02,agency_margin_tau_0.20,S8,grasp_protocol,D02,0.21428571428571427,0.21428571428571427,0.20523058429003416,0.20523058429003416,0.8521010912478976,3.310950643306259,0.17058106412329332,0.8060553033263699,0.8060553033263699,0.31547619047619047,0.31547619047619047,0.02857406260706859,12500.0,168,168,cemhsey_forward_day_logo
cemhsey,cemhsey_forward_day_logo|D02,user_only,S9,grasp_protocol,D02,0.27976190476190477,0.2797619047619048,0.25377022384092296,0.25377022384092296,0.7912146248134876,1.697305295188214,0.07627214002403103,0.6279453954475769,0.6279453954475769,0.0,0.0,0.0,12500.0,168,168,cemhsey_forward_day_logo
cemhsey,cemhsey_forward_day_logo|D02,assist_only,S9,grasp_protocol,D02,0.2619047619047619,0.2619047619047619,0.21368489209991037,0.21368489209991037,0.7893275759135078,1.6877926405674482,0.15371672846223686,0.6224513298143427,0.6224513298143427,0.6607142857142857,0.6607142857142857,0.08256003734843098,12500.0,168,168,cemhsey_forward_day_logo
cemhsey,cemhsey_forward_day_logo|D02,confidence_blend_alpha_0.25,S9,grasp_protocol,D02,0.2916666666666667,0.29166666666666663,0.25591519366367244,0.25591519366367244,0.7784679744143737,1.6576955473411397,0.1151383609616985,0.6143795121651434,0.6143795121651434,0.17857142857142858,0.17857142857142858,0.009155027326118361,12500.0,168,168,cemhsey_forward_day_logo
cemhsey,cemhsey_forward_day_logo|D02,confidence_blend_alpha_0.50,S9,grasp_protocol,D02,0.3392857142857143,0.33928571428571436,0.29408226553592115,0.29408226553592115,0.7739045827980046,1.6444800098531172,0.05984121585301593,0.5833841310113753,0.5833841310113753,0.34523809523809523,0.34523809523809523,0.022650454929458164,12500.0,168,168,cemhsey_forward_day_logo
cemhsey,cemhsey_forward_day_logo|D02,confidence_blend_alpha_0.75,S9,grasp_protocol,D02,0.3333333333333333,0.3333333333333333,0.288155640095672,0.288155640095672,0.7775244499643827,1.6515427607728859,0.05913990886331237,0.5839732457894766,0.5839732457894766,0.49404761904761907,0.49404761904761907,0.04723115442222477,12500.0,168,168,cemhsey_forward_day_logo
cemhsey,cemhsey_forward_day_logo|D02,selective_prediction,S9,grasp_protocol,D02,0.27976190476190477,0.2797619047619048,0.25377022384092296,0.25377022384092296,0.7912146248134876,1.6973052951882135,0.076272140024031,0.6282677532688402,0.6282677532688402,0.0,0.0,0.0,12500.0,504,504,cemhsey_forward_day_logo
cemhsey,cemhsey_forward_day_logo|D02,set_acsa_tau_0.02,S9,grasp_protocol,D02,0.27380952380952384,0.27380952380952384,0.24992937546306201,0.24992937546306201,0.7918217475373333,1.6890718850276747,0.08761504251716665,0.6109805839809591,0.6109805839809591,0.023809523809523808,0.023809523809523808,0.00028458506819816095,12500.0,168,168,cemhsey_forward_day_logo
cemhsey,cemhsey_forward_day_logo|D02,agency_margin_tau_0.02,S9,grasp_protocol,D02,0.27380952380952384,0.27380952380952384,0.24992937546306201,0.24992937546306201,0.9014583738324959,5.152440853581524,0.18206422671059272,0.6127653732029176,0.6127653732029176,0.023809523809523808,0.023809523809523808,0.00028458506819816095,12500.0,168,168,cemhsey_forward_day_logo
cemhsey,cemhsey_forward_day_logo|D02,set_acsa_tau_0.05,S9,grasp_protocol,D02,0.26785714285714285,0.26785714285714285,0.2392970985736788,0.2392970985736788,0.7924542019573118,1.6846555424035032,0.09853369083794555,0.6201870101510533,0.6201870101510533,0.10714285714285714,0.10714285714285714,0.0031423300558055373,12500.0,168,168,cemhsey_forward_day_logo
cemhsey,cemhsey_forward_day_logo|D02,agency_margin_tau_0.05,S9,grasp_protocol,D02,0.26785714285714285,0.26785714285714285,0.2392970985736788,0.2392970985736788,0.8902588876911866,5.2746555705732225,0.20052871228720548,0.6218458473839651,0.6218458473839651,0.10714285714285714,0.10714285714285714,0.0031423300558055373,12500.0,168,168,cemhsey_forward_day_logo
cemhsey,cemhsey_forward_day_logo|D02,set_acsa_tau_0.10,S9,grasp_protocol,D02,0.30952380952380953,0.3095238095238096,0.2663328339190562,0.2663328339190562,0.7795258148958847,1.6447652863215478,0.11225259495450388,0.5805565739537132,0.5805565739537132,0.23214285714285715,0.23214285714285715,0.012251557689829889,12500.0,168,168,cemhsey_forward_day_logo
cemhsey,cemhsey_forward_day_logo|D02,agency_margin_tau_0.10,S9,grasp_protocol,D02,0.30952380952380953,0.3095238095238096,0.26677779935462315,0.26677779935462315,0.8077959836969364,4.419677391439581,0.12424822793691497,0.5806688930246436,0.5806688930246436,0.23809523809523808,0.23809523809523808,0.012623141032578708,12500.0,168,168,cemhsey_forward_day_logo
cemhsey,cemhsey_forward_day_logo|D02,set_acsa_tau_0.15,S9,grasp_protocol,D02,0.30357142857142855,0.30357142857142855,0.2605380341632774,0.2605380341632774,0.7828780777851255,1.6547577121353525,0.1221004048178224,0.5992630933365746,0.5992630933365746,0.2916666666666667,0.2916666666666667,0.019451502361283065,12500.0,168,168,cemhsey_forward_day_logo
cemhsey,cemhsey_forward_day_logo|D02,agency_margin_tau_0.15,S9,grasp_protocol,D02,0.30357142857142855,0.30357142857142855,0.2605380341632774,0.2605380341632774,0.791501843156192,3.37348238637304,0.11825804670964656,0.5993684534630813,0.5993684534630813,0.2916666666666667,0.2916666666666667,0.019451502361283065,12500.0,168,168,cemhsey_forward_day_logo
cemhsey,cemhsey_forward_day_logo|D02,set_acsa_tau_0.20,S9,grasp_protocol,D02,0.30357142857142855,0.30357142857142855,0.2583751390335545,0.2583751390335545,0.7824960414325388,1.6527399372591423,0.13074889934114023,0.5967576621452931,0.5967576621452931,0.30952380952380953,0.30952380952380953,0.022446616575208952,12500.0,168,168,cemhsey_forward_day_logo
cemhsey,cemhsey_forward_day_logo|D02,agency_margin_tau_0.20,S9,grasp_protocol,D02,0.30357142857142855,0.30357142857142855,0.2583751390335545,0.2583751390335545,0.7780377159639238,2.3389704497862542,0.0991490054413424,0.5968620979172934,0.5968620979172934,0.30952380952380953,0.30952380952380953,0.022446616575208952,12500.0,168,168,cemhsey_forward_day_logo
cemhsey,cemhsey_forward_day_logo|D02,user_only,S11,grasp_protocol,D02,0.5059523809523809,0.5059523809523809,0.4705477009325832,0.4705477009325832,0.6655684444962986,1.4006930223289462,0.12605233976454636,0.3242278930066577,0.3242278930066577,0.0,0.0,0.0,12500.0,168,168,cemhsey_forward_day_logo
cemhsey,cemhsey_forward_day_logo|D02,assist_only,S11,grasp_protocol,D02,0.5059523809523809,0.505952380952381,0.4750624286253759,0.4750624286253759,0.6907975992441862,1.4184479343104475,0.16951000734174937,0.3614534373672931,0.3614534373672931,0.49404761904761907,0.49404761904761907,0.08767124070853914,12500.0,168,168,cemhsey_forward_day_logo
cemhsey,cemhsey_forward_day_logo|D02,confidence_blend_alpha_0.25,S11,grasp_protocol,D02,0.5178571428571429,0.5178571428571429,0.4824968009204183,0.4824968009204183,0.6574356176331286,1.361881508016905,0.16769112478456918,0.29811695515983994,0.29811695515983994,0.08928571428571429,0.08928571428571429,0.0029042481070679963,12500.0,168,168,cemhsey_forward_day_logo
cemhsey,cemhsey_forward_day_logo|D02,confidence_blend_alpha_0.50,S11,grasp_protocol,D02,0.5952380952380952,0.5952380952380952,0.5587241430490859,0.5587241430490859,0.6589295344700649,1.3584544870354203,0.258858303056916,0.2746719276436355,0.2746719276436355,0.24404761904761904,0.24404761904761904,0.022390330941133588,12500.0,168,168,cemhsey_forward_day_logo
cemhsey,cemhsey_forward_day_logo|D02,confidence_blend_alpha_0.75,S11,grasp_protocol,D02,0.5654761904761905,0.5654761904761905,0.5330537701091421,0.5330537701091421,0.6700501950070843,1.37720342793025,0.23414287968973896,0.3190741492551651,0.3190741492551651,0.4107142857142857,0.4107142857142857,0.05788060949183599,12500.0,168,168,cemhsey_forward_day_logo
cemhsey,cemhsey_forward_day_logo|D02,selective_prediction,S11,grasp_protocol,D02,0.5059523809523809,0.5059523809523809,0.4705477009325832,0.4705477009325832,0.6655684444962987,1.4006930223289464,0.12605233976454638,0.32330460156695184,0.32330460156695184,0.0,0.0,0.0,12500.0,504,504,cemhsey_forward_day_logo
cemhsey,cemhsey_forward_day_logo|D02,set_acsa_tau_0.02,S11,grasp_protocol,D02,0.5119047619047619,0.5119047619047619,0.4676749819644735,0.4676749819644735,0.6543409684757396,1.356843835909306,0.14643735914379996,0.32320138861408637,0.32320138861408637,0.017857142857142856,0.017857142857142856,0.0002428109977744562,12500.0,168,168,cemhsey_forward_day_logo
cemhsey,cemhsey_forward_day_logo|D02,agency_margin_tau_0.02,S11,grasp_protocol,D02,0.5059523809523809,0.5059523809523809,0.46038751776456693,0.46038751776456693,0.6391143094281018,2.4445080387650613,0.14035339834510424,0.3234358539987207,0.3234358539987207,0.023809523809523808,0.023809523809523808,0.0003204066876460997,12500.0,168,168,cemhsey_forward_day_logo
cemhsey,cemhsey_forward_day_logo|D02,set_acsa_tau_0.05,S11,grasp_protocol,D02,0.5178571428571429,0.5178571428571429,0.4685850784740261,0.4685850784740261,0.652572508161879,1.3526808014516103,0.1561113329749764,0.32147077879037295,0.32147077879037295,0.047619047619047616,0.047619047619047616,0.0014128134354463606,12500.0,168,168,cemhsey_forward_day_logo
cemhsey,cemhsey_forward_day_logo|D02,agency_margin_tau_0.05,S11,grasp_protocol,D02,0.5178571428571429,0.5178571428571429,0.4685850784740261,0.4685850784740261,0.6452659607487679,2.601056207248441,0.14921882231864436,0.3213079619013365,0.3213079619013365,0.047619047619047616,0.047619047619047616,0.0014128134354463606,12500.0,168,168,cemhsey_forward_day_logo
cemhsey,cemhsey_forward_day_logo|D02,set_acsa_tau_0.10,S11,grasp_protocol,D02,0.5119047619047619,0.511904761904762,0.4616429765886288,0.4616429765886288,0.6540025465223752,1.349062297956829,0.15508988072119767,0.33638363817428796,0.33638363817428796,0.08333333333333333,0.08333333333333333,0.003985714076221553,12500.0,168,168,cemhsey_forward_day_logo
cemhsey,cemhsey_forward_day_logo|D02,agency_margin_tau_0.10,S11,grasp_protocol,D02,0.5119047619047619,0.511904761904762,0.4612592160261194,0.4612592160261194,0.6575883384758351,2.9130123008657955,0.14665358325023617,0.3364952482236947,0.3364952482236947,0.08928571428571429,0.08928571428571429,0.004387049725950461,12500.0,168,168,cemhsey_forward_day_logo
cemhsey,cemhsey_forward_day_logo|D02,set_acsa_tau_0.15,S11,grasp_protocol,D02,0.5297619047619048,0.5297619047619049,0.4827425365101203,0.4827425365101203,0.647031952640799,1.3306874214688127,0.1567015880748975,0.3291529232587261,0.3291529232587261,0.11904761904761904,0.11904761904761904,0.008633311786112515,12500.0,168,168,cemhsey_forward_day_logo
cemhsey,cemhsey_forward_day_logo|D02,agency_margin_tau_0.15,S11,grasp_protocol,D02,0.5297619047619048,0.5297619047619049,0.4827425365101203,0.4827425365101203,0.6446021793908812,2.4567081508781037,0.1277647169340328,0.3291529232587261,0.3291529232587261,0.11904761904761904,0.11904761904761904,0.008633311786112515,12500.0,168,168,cemhsey_forward_day_logo
cemhsey,cemhsey_forward_day_logo|D02,set_acsa_tau_0.20,S11,grasp_protocol,D02,0.5297619047619048,0.5297619047619048,0.48764627049165504,0.48764627049165504,0.6456451252201285,1.329985089741012,0.16471895086201047,0.3273374920258541,0.3273374920258541,0.13690476190476192,0.13690476190476192,0.011749544910779529,12500.0,168,168,cemhsey_forward_day_logo
cemhsey,cemhsey_forward_day_logo|D02,agency_margin_tau_0.20,S11,grasp_protocol,D02,0.5297619047619048,0.5297619047619048,0.48764627049165504,0.48764627049165504,0.6384412267490878,2.1670545736023064,0.13689295850196836,0.3273374920258541,0.3273374920258541,0.13690476190476192,0.13690476190476192,0.011749544910779529,12500.0,168,168,cemhsey_forward_day_logo
cemhsey,cemhsey_forward_day_logo|D02,user_only,S12,grasp_protocol,D02,0.39285714285714285,0.39285714285714285,0.3985621800662451,0.3985621800662451,0.7311679596152367,1.4559881863595496,0.11211588956629365,0.611721732400933,0.611721732400933,0.0,0.0,0.0,12500.0,168,168,cemhsey_forward_day_logo
cemhsey,cemhsey_forward_day_logo|D02,assist_only,S12,grasp_protocol,D02,0.5297619047619048,0.5297619047619048,0.518853073376801,0.518853073376801,0.6584453117495422,1.2615096325583006,0.18590660587923225,0.4521863064562187,0.4521863064562187,0.4166666666666667,0.4166666666666667,0.07037397700109464,12500.0,168,168,cemhsey_forward_day_logo
cemhsey,cemhsey_forward_day_logo|D02,confidence_blend_alpha_0.25,S12,grasp_protocol,D02,0.4226190476190476,0.4226190476190476,0.4227492141599588,0.4227492141599588,0.7004790805644416,1.3710610098929312,0.16872494014397538,0.567975031934468,0.567975031934468,0.08928571428571429,0.08928571428571429,0.002128093111756735,12500.0,168,168,cemhsey_forward_day_logo
cemhsey,cemhsey_forward_day_logo|D02,confidence_blend_alpha_0.50,S12,grasp_protocol,D02,0.4523809523809524,0.4523809523809524,0.45172609332487335,0.45172609332487335,0.6781290129032329,1.317989164812174,0.13427300092494993,0.5285128048746299,0.5285128048746299,0.21428571428571427,0.21428571428571427,0.019834668564682117,12500.0,168,168,cemhsey_forward_day_logo
cemhsey,cemhsey_forward_day_logo|D02,confidence_blend_alpha_0.75,S12,grasp_protocol,D02,0.5,0.5,0.4937773406573693,0.4937773406573693,0.6641177566315999,1.2828489235821294,0.1585615231466997,0.48370683404305065,0.48370683404305065,0.3273809523809524,0.3273809523809524,0.047659134662973814,12500.0,168,168,cemhsey_forward_day_logo
cemhsey,cemhsey_forward_day_logo|D02,selective_prediction,S12,grasp_protocol,D02,0.39285714285714285,0.39285714285714285,0.3985621800662451,0.3985621800662451,0.7305921009822103,1.450330581328244,0.11227933393230799,0.6059085980808085,0.6059085980808085,0.0,0.0,0.0,12500.0,504,504,cemhsey_forward_day_logo
cemhsey,cemhsey_forward_day_logo|D02,set_acsa_tau_0.02,S12,grasp_protocol,D02,0.40476190476190477,0.40476190476190477,0.40744422750501774,0.40744422750501774,0.7188223131879732,1.3972219254128901,0.14154399558951974,0.5870879360482603,0.5870879360482603,0.023809523809523808,0.023809523809523808,0.0002751196462640683,12500.0,168,168,cemhsey_forward_day_logo
cemhsey,cemhsey_forward_day_logo|D02,agency_margin_tau_0.02,S12,grasp_protocol,D02,0.40476190476190477,0.40476190476190477,0.4071684009572208,0.4071684009572208,0.7863502621386783,4.509320396652421,0.21795354200053085,0.5872363498394405,0.5872363498394405,0.03571428571428571,0.03571428571428571,0.00038150144217818433,12500.0,168,168,cemhsey_forward_day_logo
cemhsey,cemhsey_forward_day_logo|D02,set_acsa_tau_0.05,S12,grasp_protocol,D02,0.42857142857142855,0.42857142857142866,0.43245996514512614,0.43245996514512614,0.7142846027315641,1.3860644230403896,0.13164312802507577,0.579401511351743,0.579401511351743,0.07142857142857142,0.07142857142857142,0.0018579894582056102,12500.0,168,168,cemhsey_forward_day_logo
cemhsey,cemhsey_forward_day_logo|D02,agency_margin_tau_0.05,S12,grasp_protocol,D02,0.42857142857142855,0.42857142857142866,0.4315407235194673,0.4315407235194673,0.7632471889043819,4.330794910804377,0.19938388654395278,0.5795142248869276,0.5795142248869276,0.08333333333333333,0.08333333333333333,0.002128974605179445,12500.0,168,168,cemhsey_forward_day_logo
cemhsey,cemhsey_forward_day_logo|D02,set_acsa_tau_0.10,S12,grasp_protocol,D02,0.4523809523809524,0.4523809523809524,0.4578146897439276,0.4578146897439276,0.7061580603714925,1.3634055631143767,0.15096636210344302,0.5763695660402661,0.5763695660402661,0.125,0.125,0.006046363312746618,12500.0,168,168,cemhsey_forward_day_logo
cemhsey,cemhsey_forward_day_logo|D02,agency_margin_tau_0.10,S12,grasp_protocol,D02,0.4583333333333333,0.4583333333333333,0.46517863971706,0.46517863971706,0.731350849060103,3.845116200344352,0.18464822953004864,0.5754380229963316,0.5754380229963316,0.13095238095238096,0.13095238095238096,0.006481485921375795,12500.0,168,168,cemhsey_forward_day_logo
cemhsey,cemhsey_forward_day_logo|D02,set_acsa_tau_0.15,S12,grasp_protocol,D02,0.44047619047619047,0.4404761904761905,0.44112765182588115,0.44112765182588115,0.7079328369214937,1.3631041037764442,0.13508291358385963,0.5800424581844997,0.5800424581844997,0.16071428571428573,0.16071428571428573,0.01020991750614799,12500.0,168,168,cemhsey_forward_day_logo
cemhsey,cemhsey_forward_day_logo|D02,agency_margin_tau_0.15,S12,grasp_protocol,D02,0.44642857142857145,0.44642857142857145,0.4499125943743292,0.4499125943743292,0.7345924094563636,3.410424267262747,0.17935528777332171,0.5796452870717074,0.5796452870717074,0.16666666666666666,0.16666666666666666,0.010645040114777168,12500.0,168,168,cemhsey_forward_day_logo
cemhsey,cemhsey_forward_day_logo|D02,set_acsa_tau_0.20,S12,grasp_protocol,D02,0.4583333333333333,0.45833333333333337,0.4561377259822917,0.4561377259822917,0.7013251510819878,1.3408349810819413,0.15592984281511083,0.5785839748019638,0.5785839748019638,0.19047619047619047,0.19047619047619047,0.01581736822728518,12500.0,168,168,cemhsey_forward_day_logo
cemhsey,cemhsey_forward_day_logo|D02,agency_margin_tau_0.20,S12,grasp_protocol,D02,0.47023809523809523,0.4702380952380953,0.47028838896140807,0.47028838896140807,0.7098936248072876,2.7711153543831415,0.20130070176488296,0.5772562339029244,0.5772562339029244,0.20833333333333334,0.20833333333333334,0.01831765496855474,12500.0,168,168,cemhsey_forward_day_logo
cemhsey,cemhsey_forward_day_logo|D02,user_only,S13,grasp_protocol,D02,0.49404761904761907,0.494047619047619,0.480210131102626,0.480210131102626,0.6519215921026545,1.378361820039366,0.1276497264137291,0.3352663481089393,0.3352663481089393,0.0,0.0,0.0,12500.0,168,168,cemhsey_forward_day_logo
cemhsey,cemhsey_forward_day_logo|D02,assist_only,S13,grasp_protocol,D02,0.5476190476190477,0.5476190476190476,0.5608164774624402,0.5608164774624402,0.6256554385703126,1.2719705135535284,0.1685743531103219,0.30239219372596093,0.30239219372596093,0.47023809523809523,0.47023809523809523,0.08194693101077741,12500.0,168,168,cemhsey_forward_day_logo
cemhsey,cemhsey_forward_day_logo|D02,confidence_blend_alpha_0.25,S13,grasp_protocol,D02,0.5119047619047619,0.511904761904762,0.5034100640950517,0.5034100640950517,0.6295317058092105,1.2953303798707148,0.15453259950037038,0.3001712988288419,0.3001712988288419,0.08928571428571429,0.08928571428571429,0.003952331379748101,12500.0,168,168,cemhsey_forward_day_logo
cemhsey,cemhsey_forward_day_logo|D02,confidence_blend_alpha_0.50,S13,grasp_protocol,D02,0.5476190476190477,0.5476190476190477,0.5522396709018966,0.5522396709018966,0.6176907181226801,1.263352262481339,0.17955029565332728,0.2840261751991868,0.2840261751991868,0.30357142857142855,0.30357142857142855,0.03945332113794004,12500.0,168,168,cemhsey_forward_day_logo
cemhsey,cemhsey_forward_day_logo|D02,confidence_blend_alpha_0.75,S13,grasp_protocol,D02,0.5476190476190477,0.5476190476190476,0.5601476853381224,0.5601476853381224,0.6163986290430479,1.2567754678758452,0.17860378043157768,0.27679652566256524,0.27679652566256524,0.44047619047619047,0.44047619047619047,0.07190881377364189,12500.0,168,168,cemhsey_forward_day_logo
cemhsey,cemhsey_forward_day_logo|D02,selective_prediction,S13,grasp_protocol,D02,0.498015873015873,0.49801587301587297,0.4842649899000725,0.4842649899000725,0.6490524047569518,1.3726006408577895,0.1276761016029619,0.32927740003335415,0.32927740003335415,0.003968253968253968,0.003968253968253968,0.0004529100563295501,12500.0,504,504,cemhsey_forward_day_logo
cemhsey,cemhsey_forward_day_logo|D02,set_acsa_tau_0.02,S13,grasp_protocol,D02,0.49404761904761907,0.494047619047619,0.480210131102626,0.480210131102626,0.6493994251747647,1.376438895407968,0.11995908144219923,0.3184616158145708,0.3184616158145708,0.0,0.0,0.0,12500.0,168,168,cemhsey_forward_day_logo
cemhsey,cemhsey_forward_day_logo|D02,agency_margin_tau_0.02,S13,grasp_protocol,D02,0.49404761904761907,0.494047619047619,0.480210131102626,0.480210131102626,0.6422646234211701,2.193936930524816,0.10038570074446909,0.31836801307073825,0.31836801307073825,0.0,0.0,0.0,12500.0,168,168,cemhsey_forward_day_logo
cemhsey,cemhsey_forward_day_logo|D02,set_acsa_tau_0.05,S13,grasp_protocol,D02,0.49404761904761907,0.49404761904761907,0.48326825807328305,0.48326825807328305,0.6494539724550369,1.3743656501206634,0.10218173270166044,0.3253245808258042,0.3253245808258042,0.02976190476190476,0.02976190476190476,0.0011383765033625452,12500.0,168,168,cemhsey_forward_day_logo
cemhsey,cemhsey_forward_day_logo|D02,agency_margin_tau_0.05,S13,grasp_protocol,D02,0.49404761904761907,0.49404761904761907,0.4833860194635535,0.4833860194635535,0.6534490367153712,2.506566156993659,0.10415847539829771,0.3253634483314893,0.3253634483314893,0.03571428571428571,0.03571428571428571,0.0012773742562762526,12500.0,168,168,cemhsey_forward_day_logo
cemhsey,cemhsey_forward_day_logo|D02,set_acsa_tau_0.10,S13,grasp_protocol,D02,0.5059523809523809,0.5059523809523808,0.5005568505568505,0.5005568505568505,0.6487571987498688,1.3762507848464833,0.09851109686297553,0.3201353689384872,0.3201353689384872,0.07142857142857142,0.07142857142857142,0.003955628242224137,12500.0,168,168,cemhsey_forward_day_logo
cemhsey,cemhsey_forward_day_logo|D02,agency_margin_tau_0.10,S13,grasp_protocol,D02,0.5119047619047619,0.5119047619047619,0.5080596601135754,0.5080596601135754,0.6218532253202309,2.0197376802357585,0.08709501043401667,0.31940754077772887,0.31940754077772887,0.07738095238095238,0.07738095238095238,0.0044226852967957486,12500.0,168,168,cemhsey_forward_day_logo
cemhsey,cemhsey_forward_day_logo|D02,set_acsa_tau_0.15,S13,grasp_protocol,D02,0.48214285714285715,0.48214285714285715,0.48138017136706746,0.48138017136706746,0.651356910232481,1.373663549924493,0.08622279106819648,0.3269789808541253,0.3269789808541253,0.125,0.125,0.010999158572705928,12500.0,168,168,cemhsey_forward_day_logo
cemhsey,cemhsey_forward_day_logo|D02,agency_margin_tau_0.15,S13,grasp_protocol,D02,0.48214285714285715,0.48214285714285715,0.4814005200495685,0.4814005200495685,0.6257355782799833,1.5757429651855337,0.06001130933151008,0.3269789808541253,0.3269789808541253,0.13095238095238096,0.13095238095238096,0.01181346718418298,12500.0,168,168,cemhsey_forward_day_logo
cemhsey,cemhsey_forward_day_logo|D02,set_acsa_tau_0.20,S13,grasp_protocol,D02,0.5297619047619048,0.5297619047619048,0.5310855329404213,0.5310855329404213,0.6244168726100248,1.3067962317328845,0.09578426567220977,0.29730108958795,0.29730108958795,0.18452380952380953,0.18452380952380953,0.02106460477541409,12500.0,168,168,cemhsey_forward_day_logo
cemhsey,cemhsey_forward_day_logo|D02,agency_margin_tau_0.20,S13,grasp_protocol,D02,0.5297619047619048,0.5297619047619048,0.5310855329404213,0.5310855329404213,0.6042357578683986,1.3879202283072372,0.06396049650644836,0.29730108958795,0.29730108958795,0.18452380952380953,0.18452380952380953,0.02106460477541409,12500.0,168,168,cemhsey_forward_day_logo
cemhsey,cemhsey_forward_day_logo|D03,user_only,S1,grasp_protocol,D03,0.6547619047619048,0.6547619047619048,0.6265515217944885,0.6265515217944885,0.5141278613020333,1.0444183070667243,0.21216811777165295,0.14338291803759995,0.14338291803759995,0.0,0.0,0.0,12500.0,168,168,cemhsey_forward_day_logo
cemhsey,cemhsey_forward_day_logo|D03,assist_only,S1,grasp_protocol,D03,0.7261904761904762,0.7261904761904762,0.714938732884441,0.714938732884441,0.5050781503589676,0.9904687215665907,0.3006277916126385,0.14879899020098314,0.14879899020098314,0.38095238095238093,0.38095238095238093,0.05810383260843353,12500.0,168,168,cemhsey_forward_day_logo
cemhsey,cemhsey_forward_day_logo|D03,confidence_blend_alpha_0.25,S1,grasp_protocol,D03,0.75,0.75,0.7351708698332196,0.7351708698332196,0.4986493204770198,1.0027431676163456,0.32305243968371705,0.1166095657001984,0.1166095657001984,0.1488095238095238,0.1488095238095238,0.0065472400782958335,12500.0,168,168,cemhsey_forward_day_logo
cemhsey,cemhsey_forward_day_logo|D03,confidence_blend_alpha_0.50,S1,grasp_protocol,D03,0.7678571428571429,0.7678571428571429,0.748152636288489,0.748152636288489,0.4919815217115067,0.9822550589681194,0.3448242740186444,0.10674594980354632,0.10674594980354632,0.20833333333333334,0.20833333333333334,0.01559530145887493,12500.0,168,168,cemhsey_forward_day_logo
cemhsey,cemhsey_forward_day_logo|D03,confidence_blend_alpha_0.75,S1,grasp_protocol,D03,0.75,0.75,0.7325247435411534,0.7325247435411534,0.49412446500548934,0.9778426380208506,0.3286860673979993,0.11798372472467887,0.11798372472467887,0.2857142857142857,0.2857142857142857,0.02880598761046906,12500.0,168,168,cemhsey_forward_day_logo
cemhsey,cemhsey_forward_day_logo|D03,selective_prediction,S1,grasp_protocol,D03,0.6587301587301587,0.6587301587301588,0.6302632414902939,0.6302632414902939,0.5089006557054377,1.0349243522714004,0.21027218224610883,0.14063823324450353,0.14063823324450353,0.005952380952380952,0.005952380952380952,0.0008387698038943226,12500.0,504,504,cemhsey_forward_day_logo
cemhsey,cemhsey_forward_day_logo|D03,set_acsa_tau_0.02,S1,grasp_protocol,D03,0.6607142857142857,0.6607142857142857,0.6275769969823678,0.6275769969823678,0.48141654764493985,0.9796197452581678,0.2172851065956538,0.12428989356083091,0.12428989356083091,0.02976190476190476,0.02976190476190476,0.0004447731729229379,12500.0,168,168,cemhsey_forward_day_logo
cemhsey,cemhsey_forward_day_logo|D03,agency_margin_tau_0.02,S1,grasp_protocol,D03,0.6607142857142857,0.6607142857142857,0.6275769969823678,0.6275769969823678,0.47518722251696793,2.2252804290934027,0.19163547138472145,0.12399392877592298,0.12399392877592298,0.02976190476190476,0.02976190476190476,0.0004447731729229379,12500.0,168,168,cemhsey_forward_day_logo
cemhsey,cemhsey_forward_day_logo|D03,set_acsa_tau_0.05,S1,grasp_protocol,D03,0.7023809523809523,0.7023809523809524,0.672649451997278,0.672649451997278,0.4694086137705567,0.9538480235843257,0.246672495686245,0.11228591565626729,0.11228591565626729,0.08333333333333333,0.08333333333333333,0.002248458323407703,12500.0,168,168,cemhsey_forward_day_logo
cemhsey,cemhsey_forward_day_logo|D03,agency_margin_tau_0.05,S1,grasp_protocol,D03,0.7083333333333334,0.7083333333333333,0.6832064988005254,0.6832064988005254,0.45375598519148935,2.1791869973470632,0.20459146419111865,0.11193655850310102,0.11193655850310102,0.10119047619047619,0.10119047619047619,0.0029696240933890544,12500.0,168,168,cemhsey_forward_day_logo
cemhsey,cemhsey_forward_day_logo|D03,set_acsa_tau_0.10,S1,grasp_protocol,D03,0.7440476190476191,0.744047619047619,0.7205354674264522,0.7205354674264522,0.4473786520364911,0.9030135896307686,0.2692419184643235,0.10077640370655831,0.10077640370655831,0.1488095238095238,0.1488095238095238,0.007263474542407141,12500.0,168,168,cemhsey_forward_day_logo
cemhsey,cemhsey_forward_day_logo|D03,agency_margin_tau_0.10,S1,grasp_protocol,D03,0.75,0.75,0.7319296989445964,0.7319296989445964,0.4218426511353033,1.8257052226785162,0.20202235863588722,0.10059710210937833,0.10059710210937833,0.16071428571428573,0.16071428571428573,0.007841601311131055,12500.0,168,168,cemhsey_forward_day_logo
cemhsey,cemhsey_forward_day_logo|D03,set_acsa_tau_0.15,S1,grasp_protocol,D03,0.7559523809523809,0.7559523809523808,0.7316425719223859,0.7316425719223859,0.4400907551238238,0.8853244674521137,0.27139233651227657,0.09730557030469986,0.09730557030469986,0.17857142857142858,0.17857142857142858,0.011242217629277271,12500.0,168,168,cemhsey_forward_day_logo
cemhsey,cemhsey_forward_day_logo|D03,agency_margin_tau_0.15,S1,grasp_protocol,D03,0.7619047619047619,0.7619047619047619,0.7395979417407988,0.7395979417407988,0.4033429278232187,1.207934289606441,0.19886436739279104,0.0968221600485524,0.0968221600485524,0.19047619047619047,0.19047619047619047,0.01212616922607266,12500.0,168,168,cemhsey_forward_day_logo
cemhsey,cemhsey_forward_day_logo|D03,set_acsa_tau_0.20,S1,grasp_protocol,D03,0.7678571428571429,0.7678571428571429,0.7417607737203031,0.7417607737203031,0.4354798043258673,0.8653246236043572,0.26607119900953513,0.1052661493836973,0.1052661493836973,0.20833333333333334,0.20833333333333334,0.016511922542664526,12500.0,168,168,cemhsey_forward_day_logo
cemhsey,cemhsey_forward_day_logo|D03,agency_margin_tau_0.20,S1,grasp_protocol,D03,0.7678571428571429,0.7678571428571429,0.7417607737203031,0.7417607737203031,0.4140566845349906,1.0835928975378888,0.2193217978248572,0.1052661493836973,0.1052661493836973,0.20833333333333334,0.20833333333333334,0.016511922542664526,12500.0,168,168,cemhsey_forward_day_logo
cemhsey,cemhsey_forward_day_logo|D03,user_only,S10,grasp_protocol,D03,0.3630952380952381,0.3630952380952381,0.31731887660721114,0.31731887660721114,0.7868845050925648,1.7133944422370946,0.06994661412429505,0.6246403785583567,0.6246403785583567,0.0,0.0,0.0,12500.0,168,168,cemhsey_forward_day_logo
cemhsey,cemhsey_forward_day_logo|D03,assist_only,S10,grasp_protocol,D03,0.35119047619047616,0.3511904761904762,0.36597161528232575,0.36597161528232575,0.7893100054435485,1.6962396055444886,0.0832347369464036,0.6228662180221076,0.6228662180221076,0.6964285714285714,0.6964285714285714,0.08531348032363599,12500.0,168,168,cemhsey_forward_day_logo
cemhsey,cemhsey_forward_day_logo|D03,confidence_blend_alpha_0.25,S10,grasp_protocol,D03,0.3630952380952381,0.3630952380952381,0.3350901129133526,0.3350901129133526,0.7798960799491989,1.6770083618567058,0.07846966908684937,0.5813562215098287,0.5813562215098287,0.09523809523809523,0.09523809523809523,0.001715971055035531,12500.0,168,168,cemhsey_forward_day_logo
cemhsey,cemhsey_forward_day_logo|D03,confidence_blend_alpha_0.50,S10,grasp_protocol,D03,0.35119047619047616,0.3511904761904762,0.3372320797336021,0.3372320797336021,0.7779708549599077,1.6672091083865919,0.08877271690100161,0.5710916645532591,0.5710916645532591,0.2916666666666667,0.2916666666666667,0.013093440609901464,12500.0,168,168,cemhsey_forward_day_logo
cemhsey,cemhsey_forward_day_logo|D03,confidence_blend_alpha_0.75,S10,grasp_protocol,D03,0.38095238095238093,0.38095238095238093,0.3869965268877443,0.3869965268877443,0.7811088301246908,1.6739831362476223,0.12187221137841825,0.5823779323180135,0.5823779323180135,0.5535714285714286,0.5535714285714286,0.055821291178489364,12500.0,168,168,cemhsey_forward_day_logo
cemhsey,cemhsey_forward_day_logo|D03,selective_prediction,S10,grasp_protocol,D03,0.3630952380952381,0.3630952380952381,0.31731887660721114,0.31731887660721114,0.7868845050925649,1.7133944422370946,0.06994661412429506,0.625234626398314,0.625234626398314,0.0,0.0,0.0,12500.0,504,504,cemhsey_forward_day_logo
cemhsey,cemhsey_forward_day_logo|D03,set_acsa_tau_0.02,S10,grasp_protocol,D03,0.36904761904761907,0.369047619047619,0.336330628584727,0.336330628584727,0.7895371520117451,1.7221662450178445,0.07068364289246351,0.6211854629024673,0.6211854629024673,0.041666666666666664,0.041666666666666664,0.000578121196773145,12500.0,168,168,cemhsey_forward_day_logo
cemhsey,cemhsey_forward_day_logo|D03,agency_margin_tau_0.02,S10,grasp_protocol,D03,0.36904761904761907,0.369047619047619,0.336330628584727,0.336330628584727,0.8412533409328614,3.651350179271202,0.13276066381526308,0.6218806234084246,0.6218806234084246,0.041666666666666664,0.041666666666666664,0.000578121196773145,12500.0,168,168,cemhsey_forward_day_logo
cemhsey,cemhsey_forward_day_logo|D03,set_acsa_tau_0.05,S10,grasp_protocol,D03,0.36904761904761907,0.36904761904761907,0.33562977579321407,0.33562977579321407,0.7885138105486104,1.7194132524235364,0.0685000336292564,0.6152580499499085,0.6152580499499085,0.08928571428571429,0.08928571428571429,0.0020231678639455303,12500.0,168,168,cemhsey_forward_day_logo
cemhsey,cemhsey_forward_day_logo|D03,agency_margin_tau_0.05,S10,grasp_protocol,D03,0.36904761904761907,0.36904761904761907,0.33562977579321407,0.33562977579321407,0.8320971622486253,3.782360019304705,0.12311660329969427,0.6159409982558544,0.6159409982558544,0.08928571428571429,0.08928571428571429,0.0020231678639455303,12500.0,168,168,cemhsey_forward_day_logo
cemhsey,cemhsey_forward_day_logo|D03,set_acsa_tau_0.10,S10,grasp_protocol,D03,0.375,0.375,0.33555972658108846,0.33555972658108846,0.7845914678000303,1.703080330797711,0.07113703754811343,0.6133763387470161,0.6133763387470161,0.17857142857142858,0.17857142857142858,0.00871778778282579,12500.0,168,168,cemhsey_forward_day_logo
cemhsey,cemhsey_forward_day_logo|D03,agency_margin_tau_0.10,S10,grasp_protocol,D03,0.375,0.375,0.33555972658108846,0.33555972658108846,0.8124499737448697,3.4433209504631583,0.15689515368459692,0.6133763387470161,0.6133763387470161,0.17857142857142858,0.17857142857142858,0.00871778778282579,12500.0,168,168,cemhsey_forward_day_logo
cemhsey,cemhsey_forward_day_logo|D03,set_acsa_tau_0.15,S10,grasp_protocol,D03,0.375,0.375,0.33519456733742453,0.33519456733742453,0.7851541524907779,1.7031978838105635,0.07499687942331937,0.6141052652641981,0.6141052652641981,0.19047619047619047,0.19047619047619047,0.010256156107006984,12500.0,168,168,cemhsey_forward_day_logo
cemhsey,cemhsey_forward_day_logo|D03,agency_margin_tau_0.15,S10,grasp_protocol,D03,0.375,0.375,0.33519456733742453,0.33519456733742453,0.8044805876292507,3.0275099197015813,0.11620273292827912,0.6141052652641981,0.6141052652641981,0.19047619047619047,0.19047619047619047,0.010256156107006984,12500.0,168,168,cemhsey_forward_day_logo
cemhsey,cemhsey_forward_day_logo|D03,set_acsa_tau_0.20,S10,grasp_protocol,D03,0.375,0.375,0.33519456733742453,0.33519456733742453,0.7851541524907779,1.7031978838105635,0.07499687942331937,0.6141052652641981,0.6141052652641981,0.19047619047619047,0.19047619047619047,0.010256156107006984,12500.0,168,168,cemhsey_forward_day_logo
cemhsey,cemhsey_forward_day_logo|D03,agency_margin_tau_0.20,S10,grasp_protocol,D03,0.375,0.375,0.33519456733742453,0.33519456733742453,0.7861494643466473,1.9686027838375584,0.11040161344558883,0.6141052652641981,0.6141052652641981,0.19047619047619047,0.19047619047619047,0.010256156107006984,12500.0,168,168,cemhsey_forward_day_logo
cemhsey,cemhsey_forward_day_logo|D03,user_only,S2,grasp_protocol,D03,0.7142857142857143,0.7142857142857143,0.7092129920924106,0.7092129920924106,0.4778788567702654,0.9804162139788977,0.2668823242722114,0.09636399287261296,0.09636399287261296,0.0,0.0,0.0,12500.0,168,168,cemhsey_forward_day_logo
cemhsey,cemhsey_forward_day_logo|D03,assist_only,S2,grasp_protocol,D03,0.7976190476190477,0.7976190476190476,0.7978157738480471,0.7978157738480471,0.4516124146217425,0.8879908503460424,0.3306720780356525,0.10518686999379336,0.10518686999379336,0.30952380952380953,0.30952380952380953,0.047058289062165366,12500.0,168,168,cemhsey_forward_day_logo
cemhsey,cemhsey_forward_day_logo|D03,confidence_blend_alpha_0.25,S2,grasp_protocol,D03,0.8214285714285714,0.8214285714285714,0.8233321187272783,0.8233321187272783,0.4570713092824188,0.9248273462737082,0.37796116037891536,0.08093214843332286,0.08093214843332286,0.125,0.125,0.006000374991226222,12500.0,168,168,cemhsey_forward_day_logo
cemhsey,cemhsey_forward_day_logo|D03,confidence_blend_alpha_0.50,S2,grasp_protocol,D03,0.8571428571428571,0.8571428571428571,0.8610200355657484,0.8610200355657484,0.4457577197617546,0.8958106443561343,0.4110460106072,0.08174476643409483,0.08174476643409483,0.19642857142857142,0.19642857142857142,0.020220617812926896,12500.0,168,168,cemhsey_forward_day_logo
cemhsey,cemhsey_forward_day_logo|D03,confidence_blend_alpha_0.75,S2,grasp_protocol,D03,0.8273809523809523,0.8273809523809524,0.830181267214617,0.830181267214617,0.4439380882081959,0.8839569177031085,0.37316244794351694,0.08961574099616954,0.08961574099616954,0.24404761904761904,0.24404761904761904,0.03286766913541225,12500.0,168,168,cemhsey_forward_day_logo
cemhsey,cemhsey_forward_day_logo|D03,selective_prediction,S2,grasp_protocol,D03,0.7202380952380952,0.7202380952380951,0.715307357725079,0.715307357725079,0.4721665724594995,0.9703959213163733,0.26998582799107823,0.0918858514168672,0.0918858514168672,0.005952380952380952,0.005952380952380952,0.0003315431867094924,12500.0,504,504,cemhsey_forward_day_logo
cemhsey,cemhsey_forward_day_logo|D03,set_acsa_tau_0.02,S2,grasp_protocol,D03,0.7261904761904762,0.7261904761904762,0.7212046725204618,0.7212046725204618,0.43818313972216055,0.9112355187061221,0.3168421667147985,0.07714019462464865,0.07714019462464865,0.011904761904761904,0.011904761904761904,0.0001681085023634339,12500.0,168,168,cemhsey_forward_day_logo
cemhsey,cemhsey_forward_day_logo|D03,agency_margin_tau_0.02,S2,grasp_protocol,D03,0.7261904761904762,0.7261904761904762,0.7212046725204618,0.7212046725204618,0.4041819080443498,1.8290800435364476,0.2576232782707196,0.07714019462464865,0.07714019462464865,0.011904761904761904,0.011904761904761904,0.0001681085023634339,12500.0,168,168,cemhsey_forward_day_logo
cemhsey,cemhsey_forward_day_logo|D03,set_acsa_tau_0.05,S2,grasp_protocol,D03,0.7916666666666666,0.7916666666666666,0.7907428923830885,0.7907428923830885,0.41427042445549106,0.8568861320569835,0.3273878753827857,0.06710940028857941,0.06710940028857941,0.08333333333333333,0.08333333333333333,0.002845558884858863,12500.0,168,168,cemhsey_forward_day_logo
cemhsey,cemhsey_forward_day_logo|D03,agency_margin_tau_0.05,S2,grasp_protocol,D03,0.7916666666666666,0.7916666666666666,0.7907428923830885,0.7907428923830885,0.3624622764100862,1.7403057219418225,0.25687681716662425,0.06710940028857941,0.06710940028857941,0.08333333333333333,0.08333333333333333,0.002845558884858863,12500.0,168,168,cemhsey_forward_day_logo
cemhsey,cemhsey_forward_day_logo|D03,set_acsa_tau_0.10,S2,grasp_protocol,D03,0.8095238095238095,0.8095238095238094,0.8096037700674955,0.8096037700674955,0.404097767990279,0.8380081708997386,0.32922807294934847,0.0622334363318251,0.0622334363318251,0.10119047619047619,0.10119047619047619,0.004186896554183995,12500.0,168,168,cemhsey_forward_day_logo
cemhsey,cemhsey_forward_day_logo|D03,agency_margin_tau_0.10,S2,grasp_protocol,D03,0.8154761904761905,0.8154761904761905,0.8159781158146637,0.8159781158146637,0.3504593342402843,1.5724261671705884,0.265082870868152,0.06146407112463764,0.06146407112463764,0.10714285714285714,0.10714285714285714,0.004586534347172277,12500.0,168,168,cemhsey_forward_day_logo
cemhsey,cemhsey_forward_day_logo|D03,set_acsa_tau_0.15,S2,grasp_protocol,D03,0.8333333333333334,0.8333333333333333,0.8338206340665737,0.8338206340665737,0.3901799935791154,0.8019916601462291,0.3277989463677982,0.060573223907251235,0.060573223907251235,0.13690476190476192,0.13690476190476192,0.008736481029101725,12500.0,168,168,cemhsey_forward_day_logo
cemhsey,cemhsey_forward_day_logo|D03,agency_margin_tau_0.15,S2,grasp_protocol,D03,0.8333333333333334,0.8333333333333333,0.8338206340665737,0.8338206340665737,0.3500694455467568,1.4216489741414253,0.28082212499791204,0.060573223907251235,0.060573223907251235,0.13690476190476192,0.13690476190476192,0.008736481029101725,12500.0,168,168,cemhsey_forward_day_logo
cemhsey,cemhsey_forward_day_logo|D03,set_acsa_tau_0.20,S2,grasp_protocol,D03,0.8392857142857143,0.8392857142857143,0.8426833937038019,0.8426833937038019,0.3862891288094249,0.788062322195715,0.3211609925326344,0.06044493386898689,0.06044493386898689,0.16666666666666666,0.16666666666666666,0.01380932417074929,12500.0,168,168,cemhsey_forward_day_logo
cemhsey,cemhsey_forward_day_logo|D03,agency_margin_tau_0.20,S2,grasp_protocol,D03,0.8392857142857143,0.8392857142857143,0.8426833937038019,0.8426833937038019,0.3634029608969745,1.3018379977613084,0.2807131786028673,0.06044493386898689,0.06044493386898689,0.16666666666666666,0.16666666666666666,0.01380932417074929,12500.0,168,168,cemhsey_forward_day_logo
cemhsey,cemhsey_forward_day_logo|D03,user_only,S3,grasp_protocol,D03,0.5535714285714286,0.5535714285714286,0.5507456197556628,0.5507456197556628,0.5866264637787691,1.1453025831739219,0.14839413109175464,0.28907016929020446,0.28907016929020446,0.0,0.0,0.0,12500.0,168,168,cemhsey_forward_day_logo
cemhsey,cemhsey_forward_day_logo|D03,assist_only,S3,grasp_protocol,D03,0.6369047619047619,0.6369047619047619,0.6200843395108127,0.6200843395108127,0.5562163372517852,1.0468233783654772,0.21152084586573897,0.24373866614193399,0.24373866614193399,0.34523809523809523,0.34523809523809523,0.03201903692219188,12500.0,168,168,cemhsey_forward_day_logo
cemhsey,cemhsey_forward_day_logo|D03,confidence_blend_alpha_0.25,S3,grasp_protocol,D03,0.6190476190476191,0.6190476190476192,0.6139362830152305,0.6139362830152305,0.5693274278647541,1.096698295030532,0.19995511970611743,0.26724446982616784,0.26724446982616784,0.13095238095238096,0.13095238095238096,0.005080516060131051,12500.0,168,168,cemhsey_forward_day_logo
cemhsey,cemhsey_forward_day_logo|D03,confidence_blend_alpha_0.50,S3,grasp_protocol,D03,0.625,0.625,0.6111992368150003,0.6111992368150003,0.5584927281389414,1.0682901416635842,0.2075328499296493,0.2545848972454318,0.2545848972454318,0.2261904761904762,0.2261904761904762,0.013375830511639875,12500.0,168,168,cemhsey_forward_day_logo
cemhsey,cemhsey_forward_day_logo|D03,confidence_blend_alpha_0.75,S3,grasp_protocol,D03,0.625,0.625,0.6053913567284003,0.6053913567284003,0.5541223646012848,1.0524983868620335,0.21134653614905408,0.24147237690709625,0.24147237690709625,0.30952380952380953,0.30952380952380953,0.022996098449377316,12500.0,168,168,cemhsey_forward_day_logo
cemhsey,cemhsey_forward_day_logo|D03,selective_prediction,S3,grasp_protocol,D03,0.5555555555555556,0.5555555555555556,0.5528230038201017,0.5528230038201017,0.5850283029964737,1.1416449418131023,0.1495018469216888,0.2861917030241996,0.2861917030241996,0.001984126984126984,0.001984126984126984,0.00030750468795997404,12500.0,504,504,cemhsey_forward_day_logo
cemhsey,cemhsey_forward_day_logo|D03,set_acsa_tau_0.02,S3,grasp_protocol,D03,0.5773809523809523,0.5773809523809523,0.5706762391738822,0.5706762391738822,0.5652012453382012,1.0883177953060474,0.13927988220832055,0.26276482255006567,0.26276482255006567,0.02976190476190476,0.02976190476190476,0.00034226178390583636,12500.0,168,168,cemhsey_forward_day_logo
cemhsey,cemhsey_forward_day_logo|D03,agency_margin_tau_0.02,S3,grasp_protocol,D03,0.5773809523809523,0.5773809523809524,0.5746072738038305,0.5746072738038305,0.6152489709321779,3.44586745808816,0.19843754162565058,0.2629752899355765,0.2629752899355765,0.047619047619047616,0.047619047619047616,0.0004530428617720653,12500.0,168,168,cemhsey_forward_day_logo
cemhsey,cemhsey_forward_day_logo|D03,set_acsa_tau_0.05,S3,grasp_protocol,D03,0.6011904761904762,0.6011904761904763,0.5893533225766705,0.5893533225766705,0.557708598468418,1.0669973654072795,0.14016098498407908,0.25662493667003605,0.25662493667003605,0.10714285714285714,0.10714285714285714,0.003111514324731538,12500.0,168,168,cemhsey_forward_day_logo
cemhsey,cemhsey_forward_day_logo|D03,agency_margin_tau_0.05,S3,grasp_protocol,D03,0.5952380952380952,0.5952380952380952,0.5856597094498738,0.5856597094498738,0.5934827620681985,3.411496262178715,0.14618845638940203,0.256606719347604,0.256606719347604,0.13095238095238096,0.13095238095238096,0.0033883247656548254,12500.0,168,168,cemhsey_forward_day_logo
cemhsey,cemhsey_forward_day_logo|D03,set_acsa_tau_0.10,S3,grasp_protocol,D03,0.5833333333333334,0.5833333333333333,0.5566206589221443,0.5566206589221443,0.5558116073788616,1.0526630074676089,0.12223022087965166,0.26174908608579606,0.26174908608579606,0.19642857142857142,0.19642857142857142,0.00990550999446759,12500.0,168,168,cemhsey_forward_day_logo
cemhsey,cemhsey_forward_day_logo|D03,agency_margin_tau_0.10,S3,grasp_protocol,D03,0.5892857142857143,0.5892857142857143,0.5670159108701455,0.5670159108701455,0.5795415307749345,3.1015139842065143,0.10174766035872716,0.2613292097572712,0.2613292097572712,0.21428571428571427,0.21428571428571427,0.010396367459054064,12500.0,168,168,cemhsey_forward_day_logo
cemhsey,cemhsey_forward_day_logo|D03,set_acsa_tau_0.15,S3,grasp_protocol,D03,0.5833333333333334,0.5833333333333333,0.5567172149415686,0.5567172149415686,0.5522264446734495,1.0361095629954986,0.11004100619826454,0.2641401402530333,0.2641401402530333,0.2261904761904762,0.2261904761904762,0.013617576359643906,12500.0,168,168,cemhsey_forward_day_logo
cemhsey,cemhsey_forward_day_logo|D03,agency_margin_tau_0.15,S3,grasp_protocol,D03,0.5833333333333334,0.5833333333333333,0.556331944554344,0.556331944554344,0.5635367766699704,2.186520955643575,0.09465669988869896,0.26425175030243997,0.26425175030243997,0.23214285714285715,0.23214285714285715,0.013617576359643906,12500.0,168,168,cemhsey_forward_day_logo
cemhsey,cemhsey_forward_day_logo|D03,set_acsa_tau_0.20,S3,grasp_protocol,D03,0.6011904761904762,0.6011904761904763,0.5782500134556746,0.5782500134556746,0.541099435685848,1.008717483474605,0.1209283965840468,0.25613227675987005,0.25613227675987005,0.24404761904761904,0.24404761904761904,0.016574853873364336,12500.0,168,168,cemhsey_forward_day_logo
cemhsey,cemhsey_forward_day_logo|D03,agency_margin_tau_0.20,S3,grasp_protocol,D03,0.6011904761904762,0.6011904761904763,0.5782500134556746,0.5782500134556746,0.5341307942128259,1.2596306402483952,0.10772661897277996,0.25613227675987005,0.25613227675987005,0.24404761904761904,0.24404761904761904,0.016574853873364336,12500.0,168,168,cemhsey_forward_day_logo
cemhsey,cemhsey_forward_day_logo|D03,user_only,S4,grasp_protocol,D03,0.48214285714285715,0.4821428571428571,0.48167181646555557,0.48167181646555557,0.6562696588601459,1.290821220261066,0.1282105170858067,0.41638666413724873,0.41638666413724873,0.0,0.0,0.0,12500.0,168,168,cemhsey_forward_day_logo
cemhsey,cemhsey_forward_day_logo|D03,assist_only,S4,grasp_protocol,D03,0.6428571428571429,0.6428571428571429,0.6443198848917726,0.6443198848917726,0.565066989245451,1.0626541375966962,0.24183175792293723,0.2808314315688451,0.2808314315688451,0.4166666666666667,0.4166666666666667,0.05442740448628983,12500.0,168,168,cemhsey_forward_day_logo
cemhsey,cemhsey_forward_day_logo|D03,confidence_blend_alpha_0.25,S4,grasp_protocol,D03,0.5535714285714286,0.5535714285714286,0.54566970903152,0.54566970903152,0.621262022569668,1.1939379195682174,0.1942195260125987,0.372971609899468,0.372971609899468,0.14285714285714285,0.14285714285714285,0.008585309412450453,12500.0,168,168,cemhsey_forward_day_logo
cemhsey,cemhsey_forward_day_logo|D03,confidence_blend_alpha_0.50,S4,grasp_protocol,D03,0.6369047619047619,0.636904761904762,0.6285943988690097,0.6285943988690097,0.5943923655370498,1.1332276357585442,0.2608222894411588,0.3412749276831574,0.3412749276831574,0.26785714285714285,0.26785714285714285,0.02608542823379893,12500.0,168,168,cemhsey_forward_day_logo
cemhsey,cemhsey_forward_day_logo|D03,confidence_blend_alpha_0.75,S4,grasp_protocol,D03,0.6547619047619048,0.6547619047619048,0.6494260956511535,0.6494260956511535,0.5756606877623107,1.0912023069482142,0.26626690957632615,0.30570465561131843,0.30570465561131843,0.3392857142857143,0.3392857142857143,0.03834418466646687,12500.0,168,168,cemhsey_forward_day_logo
cemhsey,cemhsey_forward_day_logo|D03,selective_prediction,S4,grasp_protocol,D03,0.48214285714285715,0.4821428571428571,0.47971591789433526,0.47971591789433526,0.6546456796986085,1.2822543095163268,0.13123616536060245,0.4208311954264418,0.4208311954264418,0.00992063492063492,0.00992063492063492,0.0011765293711816034,12500.0,504,504,cemhsey_forward_day_logo
cemhsey,cemhsey_forward_day_logo|D03,set_acsa_tau_0.02,S4,grasp_protocol,D03,0.5059523809523809,0.5059523809523809,0.5035508133052236,0.5035508133052236,0.6311521483478336,1.2410004400266557,0.15839119808342086,0.3787465202538318,0.3787465202538318,0.023809523809523808,0.023809523809523808,0.0003045470393474734,12500.0,168,168,cemhsey_forward_day_logo
cemhsey,cemhsey_forward_day_logo|D03,agency_margin_tau_0.02,S4,grasp_protocol,D03,0.5059523809523809,0.5059523809523809,0.5035508133052236,0.5035508133052236,0.6537612440192591,3.4036340674787775,0.18079187812568692,0.37754013053412905,0.37754013053412905,0.023809523809523808,0.023809523809523808,0.0003045470393474734,12500.0,168,168,cemhsey_forward_day_logo
cemhsey,cemhsey_forward_day_logo|D03,set_acsa_tau_0.05,S4,grasp_protocol,D03,0.5357142857142857,0.5357142857142858,0.535071031257749,0.535071031257749,0.6209936030620388,1.2229099869401066,0.15495211094001307,0.3592874039440326,0.3592874039440326,0.07738095238095238,0.07738095238095238,0.002077111009015932,12500.0,168,168,cemhsey_forward_day_logo
cemhsey,cemhsey_forward_day_logo|D03,agency_margin_tau_0.05,S4,grasp_protocol,D03,0.5357142857142857,0.5357142857142858,0.535071031257749,0.535071031257749,0.6150635188396079,2.9089826364407223,0.13802579896749403,0.3582107770509531,0.3582107770509531,0.07738095238095238,0.07738095238095238,0.002077111009015932,12500.0,168,168,cemhsey_forward_day_logo
cemhsey,cemhsey_forward_day_logo|D03,set_acsa_tau_0.10,S4,grasp_protocol,D03,0.5535714285714286,0.5535714285714285,0.5482560421543694,0.5482560421543694,0.609826514651985,1.1809420469385772,0.16856167866911195,0.3732376180001315,0.3732376180001315,0.1488095238095238,0.1488095238095238,0.007286931098264822,12500.0,168,168,cemhsey_forward_day_logo
cemhsey,cemhsey_forward_day_logo|D03,agency_margin_tau_0.10,S4,grasp_protocol,D03,0.5535714285714286,0.5535714285714285,0.5487996741956855,0.5487996741956855,0.6064436436869617,2.5870731497436616,0.16014556446035777,0.37335518212446683,0.37335518212446683,0.15476190476190477,0.15476190476190477,0.007644464903130048,12500.0,168,168,cemhsey_forward_day_logo
cemhsey,cemhsey_forward_day_logo|D03,set_acsa_tau_0.15,S4,grasp_protocol,D03,0.6011904761904762,0.6011904761904762,0.5937771430012367,0.5937771430012367,0.5860820949842834,1.124987439720653,0.17891633164392395,0.3460002407322512,0.3460002407322512,0.21428571428571427,0.21428571428571427,0.015372727022279568,12500.0,168,168,cemhsey_forward_day_logo
cemhsey,cemhsey_forward_day_logo|D03,agency_margin_tau_0.15,S4,grasp_protocol,D03,0.6011904761904762,0.6011904761904762,0.5937771430012367,0.5937771430012367,0.5742547121094566,1.941818090542033,0.14786354958365538,0.3460002407322512,0.3460002407322512,0.21428571428571427,0.21428571428571427,0.015372727022279568,12500.0,168,168,cemhsey_forward_day_logo
cemhsey,cemhsey_forward_day_logo|D03,set_acsa_tau_0.20,S4,grasp_protocol,D03,0.6071428571428571,0.6071428571428571,0.5973544973544973,0.5973544973544973,0.5795548177286138,1.09944308534292,0.18812219291206772,0.3544020345955789,0.3544020345955789,0.24404761904761904,0.24404761904761904,0.02051464928638937,12500.0,168,168,cemhsey_forward_day_logo
cemhsey,cemhsey_forward_day_logo|D03,agency_margin_tau_0.20,S4,grasp_protocol,D03,0.6071428571428571,0.6071428571428571,0.5973544973544973,0.5973544973544973,0.562835324925692,1.6313444281032001,0.1438303799547931,0.3544020345955789,0.3544020345955789,0.24404761904761904,0.24404761904761904,0.02051464928638937,12500.0,168,168,cemhsey_forward_day_logo
cemhsey,cemhsey_forward_day_logo|D03,user_only,S5,grasp_protocol,D03,0.5773809523809523,0.5773809523809524,0.5710061150769994,0.5710061150769994,0.5965730388473679,1.2020117943808826,0.1976447731459007,0.2930954428254038,0.2930954428254038,0.0,0.0,0.0,12500.0,168,168,cemhsey_forward_day_logo
cemhsey,cemhsey_forward_day_logo|D03,assist_only,S5,grasp_protocol,D03,0.6488095238095238,0.6488095238095238,0.6318800255949819,0.6318800255949819,0.5585354814712579,1.084576788292905,0.2569682500295301,0.23795443329850774,0.23795443329850774,0.5,0.5,0.0755913117908718,12500.0,168,168,cemhsey_forward_day_logo
cemhsey,cemhsey_forward_day_logo|D03,confidence_blend_alpha_0.25,S5,grasp_protocol,D03,0.6845238095238095,0.6845238095238094,0.6765209270447744,0.6765209270447744,0.5730836804068391,1.1394531847954097,0.30962818363329375,0.23187350511092472,0.23187350511092472,0.13095238095238096,0.13095238095238096,0.0056386676140349175,12500.0,168,168,cemhsey_forward_day_logo
cemhsey,cemhsey_forward_day_logo|D03,confidence_blend_alpha_0.50,S5,grasp_protocol,D03,0.7083333333333334,0.7083333333333334,0.6896492737530847,0.6896492737530847,0.5589143013639765,1.1051607249860458,0.3330640691594328,0.21065700855545103,0.21065700855545103,0.30357142857142855,0.30357142857142855,0.031153819953732696,12500.0,168,168,cemhsey_forward_day_logo
cemhsey,cemhsey_forward_day_logo|D03,confidence_blend_alpha_0.75,S5,grasp_protocol,D03,0.6845238095238095,0.6845238095238095,0.6664861341622983,0.6664861341622983,0.5540649017187826,1.0877229910248545,0.30154300882827767,0.20466170954111926,0.20466170954111926,0.4166666666666667,0.4166666666666667,0.05248127550110209,12500.0,168,168,cemhsey_forward_day_logo
cemhsey,cemhsey_forward_day_logo|D03,selective_prediction,S5,grasp_protocol,D03,0.5773809523809523,0.5773809523809524,0.5710061150769994,0.5710061150769994,0.5853378631626022,1.1805356449625557,0.18540241324117074,0.2660301623176357,0.2660301623176357,0.0,0.0,0.0,12500.0,504,504,cemhsey_forward_day_logo
cemhsey,cemhsey_forward_day_logo|D03,set_acsa_tau_0.02,S5,grasp_protocol,D03,0.6130952380952381,0.613095238095238,0.6087528860511597,0.6087528860511597,0.5603202805545313,1.1230264621220907,0.1942327210848913,0.2440477098944359,0.2440477098944359,0.03571428571428571,0.03571428571428571,0.0003854123906350091,12500.0,168,168,cemhsey_forward_day_logo
cemhsey,cemhsey_forward_day_logo|D03,agency_margin_tau_0.02,S5,grasp_protocol,D03,0.6190476190476191,0.619047619047619,0.6148434267161687,0.6148434267161687,0.5649544623536451,2.8294579702374714,0.18654023664535535,0.2422866996634243,0.2422866996634243,0.041666666666666664,0.041666666666666664,0.0004676047059543356,12500.0,168,168,cemhsey_forward_day_logo
cemhsey,cemhsey_forward_day_logo|D03,set_acsa_tau_0.05,S5,grasp_protocol,D03,0.6488095238095238,0.6488095238095237,0.6427045988639665,0.6427045988639665,0.5505707640292159,1.1006627325050569,0.2207808285351832,0.23660797592344096,0.23660797592344096,0.08333333333333333,0.08333333333333333,0.002099343067442245,12500.0,168,168,cemhsey_forward_day_logo
cemhsey,cemhsey_forward_day_logo|D03,agency_margin_tau_0.05,S5,grasp_protocol,D03,0.6547619047619048,0.6547619047619048,0.6489100713935329,0.6489100713935329,0.5399431174113213,2.3414881162425623,0.2021521103688544,0.234970629128657,0.234970629128657,0.08928571428571429,0.08928571428571429,0.0021815353827615716,12500.0,168,168,cemhsey_forward_day_logo
cemhsey,cemhsey_forward_day_logo|D03,set_acsa_tau_0.10,S5,grasp_protocol,D03,0.6547619047619048,0.6547619047619048,0.6449465265667357,0.6449465265667357,0.5422154178699887,1.077014091078038,0.21433166699710826,0.23598654841853403,0.23598654841853403,0.16071428571428573,0.16071428571428573,0.00828492438489749,12500.0,168,168,cemhsey_forward_day_logo
cemhsey,cemhsey_forward_day_logo|D03,agency_margin_tau_0.10,S5,grasp_protocol,D03,0.6666666666666666,0.6666666666666666,0.6564524100238386,0.6564524100238386,0.5285259527553668,2.027732532136276,0.17845115635268902,0.23465222800219027,0.23465222800219027,0.17261904761904762,0.17261904761904762,0.009187459383195432,12500.0,168,168,cemhsey_forward_day_logo
cemhsey,cemhsey_forward_day_logo|D03,set_acsa_tau_0.15,S5,grasp_protocol,D03,0.6428571428571429,0.6428571428571429,0.6329663244556861,0.6329663244556861,0.5395918326094699,1.065457415746006,0.19937483725420954,0.240418492024075,0.240418492024075,0.20833333333333334,0.20833333333333334,0.01389844341782448,12500.0,168,168,cemhsey_forward_day_logo
cemhsey,cemhsey_forward_day_logo|D03,agency_margin_tau_0.15,S5,grasp_protocol,D03,0.6488095238095238,0.6488095238095238,0.6403483264538031,0.6403483264538031,0.518643087096514,1.5732570688021388,0.16100062123473782,0.2399384218691697,0.2399384218691697,0.22023809523809523,0.22023809523809523,0.015415756630014469,12500.0,168,168,cemhsey_forward_day_logo
cemhsey,cemhsey_forward_day_logo|D03,set_acsa_tau_0.20,S5,grasp_protocol,D03,0.6488095238095238,0.6488095238095238,0.635743279708797,0.635743279708797,0.5275993170978514,1.026794507325782,0.19865754580717368,0.23729875093321323,0.23729875093321323,0.2619047619047619,0.2619047619047619,0.02310121915606079,12500.0,168,168,cemhsey_forward_day_logo
cemhsey,cemhsey_forward_day_logo|D03,agency_margin_tau_0.20,S5,grasp_protocol,D03,0.6488095238095238,0.6488095238095238,0.635743279708797,0.635743279708797,0.5084381106487516,1.259715461594976,0.16969181491755356,0.23729875093321323,0.23729875093321323,0.2619047619047619,0.2619047619047619,0.02310121915606079,12500.0,168,168,cemhsey_forward_day_logo
cemhsey,cemhsey_forward_day_logo|D03,user_only,S6,grasp_protocol,D03,0.42857142857142855,0.42857142857142866,0.4215775889504703,0.4215775889504703,0.6880218755225127,1.3639481797629815,0.10103223844230826,0.4821895750743427,0.4821895750743427,0.0,0.0,0.0,12500.0,168,168,cemhsey_forward_day_logo
cemhsey,cemhsey_forward_day_logo|D03,assist_only,S6,grasp_protocol,D03,0.4583333333333333,0.45833333333333337,0.460783612994834,0.460783612994834,0.7131957551394862,1.4437848071726438,0.21022630039648485,0.4986625875380216,0.4986625875380216,0.5833333333333334,0.5833333333333334,0.0883178443791653,12500.0,168,168,cemhsey_forward_day_logo
cemhsey,cemhsey_forward_day_logo|D03,confidence_blend_alpha_0.25,S6,grasp_protocol,D03,0.4642857142857143,0.46428571428571436,0.4681792679945312,0.4681792679945312,0.6797348787650854,1.3546140557858644,0.1349140672723657,0.4504310018391672,0.4504310018391672,0.16071428571428573,0.16071428571428573,0.008208956304112978,12500.0,168,168,cemhsey_forward_day_logo
cemhsey,cemhsey_forward_day_logo|D03,confidence_blend_alpha_0.50,S6,grasp_protocol,D03,0.49404761904761907,0.49404761904761907,0.4960825801452811,0.4960825801452811,0.6811681931154355,1.3637380193123847,0.1670691010448425,0.4360614570138446,0.4360614570138446,0.3392857142857143,0.3392857142857143,0.02833535087213908,12500.0,168,168,cemhsey_forward_day_logo
cemhsey,cemhsey_forward_day_logo|D03,confidence_blend_alpha_0.75,S6,grasp_protocol,D03,0.5059523809523809,0.5059523809523809,0.5131508552360103,0.5131508552360103,0.6923218185735691,1.3906424962251553,0.19524688686594735,0.4461166181438675,0.4461166181438675,0.44642857142857145,0.44642857142857145,0.04744805316849822,12500.0,168,168,cemhsey_forward_day_logo
cemhsey,cemhsey_forward_day_logo|D03,selective_prediction,S6,grasp_protocol,D03,0.41865079365079366,0.41865079365079366,0.4121056542444546,0.4121056542444546,0.698834529317438,1.3723490027330032,0.09638622144530001,0.5176009052081921,0.5176009052081921,0.01984126984126984,0.01984126984126984,0.0020428767589331207,12500.0,504,504,cemhsey_forward_day_logo
cemhsey,cemhsey_forward_day_logo|D03,set_acsa_tau_0.02,S6,grasp_protocol,D03,0.44047619047619047,0.4404761904761905,0.4355166720624858,0.4355166720624858,0.6827113626935027,1.3460790814409826,0.08238160069547343,0.4622362757160478,0.4622362757160478,0.023809523809523808,0.023809523809523808,0.000165637096349654,12500.0,168,168,cemhsey_forward_day_logo
cemhsey,cemhsey_forward_day_logo|D03,agency_margin_tau_0.02,S6,grasp_protocol,D03,0.44047619047619047,0.4404761904761905,0.4358032745577348,0.4358032745577348,0.6762927240821777,2.1817772925770393,0.08618447288526278,0.460067230884452,0.460067230884452,0.02976190476190476,0.02976190476190476,0.0002204858716927343,12500.0,168,168,cemhsey_forward_day_logo
cemhsey,cemhsey_forward_day_logo|D03,set_acsa_tau_0.05,S6,grasp_protocol,D03,0.4583333333333333,0.45833333333333337,0.45821847151687767,0.45821847151687767,0.681654975068617,1.3445470234012986,0.09960910820567068,0.46084671658510856,0.46084671658510856,0.09523809523809523,0.09523809523809523,0.0027663276678186123,12500.0,168,168,cemhsey_forward_day_logo
cemhsey,cemhsey_forward_day_logo|D03,agency_margin_tau_0.05,S6,grasp_protocol,D03,0.4583333333333333,0.45833333333333337,0.45862603152253395,0.45862603152253395,0.6692662721944095,2.6065273214309848,0.0841888675020885,0.45878418797053044,0.45878418797053044,0.10119047619047619,0.10119047619047619,0.0028211764431616926,12500.0,168,168,cemhsey_forward_day_logo
cemhsey,cemhsey_forward_day_logo|D03,set_acsa_tau_0.10,S6,grasp_protocol,D03,0.47023809523809523,0.4702380952380953,0.47001536555190854,0.47001536555190854,0.6815509275124135,1.324869328095429,0.10851205022740698,0.49186318850873995,0.49186318850873995,0.19047619047619047,0.19047619047619047,0.009865635823806966,12500.0,168,168,cemhsey_forward_day_logo
cemhsey,cemhsey_forward_day_logo|D03,agency_margin_tau_0.10,S6,grasp_protocol,D03,0.47023809523809523,0.4702380952380953,0.47098854584786987,0.47098854584786987,0.6813040743330383,2.8991796323935706,0.10243365097983415,0.49153706677073083,0.49153706677073083,0.19642857142857142,0.19642857142857142,0.010323026946779005,12500.0,168,168,cemhsey_forward_day_logo
cemhsey,cemhsey_forward_day_logo|D03,set_acsa_tau_0.15,S6,grasp_protocol,D03,0.47023809523809523,0.47023809523809523,0.46967827086389874,0.46967827086389874,0.679988414140795,1.3167713574106163,0.11269025384628154,0.49644099630801297,0.49644099630801297,0.23809523809523808,0.23809523809523808,0.015985594407902592,12500.0,168,168,cemhsey_forward_day_logo
cemhsey,cemhsey_forward_day_logo|D03,agency_margin_tau_0.15,S6,grasp_protocol,D03,0.47023809523809523,0.47023809523809523,0.4693069137194613,0.4693069137194613,0.6889851448710945,2.473045890940935,0.12340365416097303,0.496128412246121,0.496128412246121,0.24404761904761904,0.24404761904761904,0.01661098877108893,12500.0,168,168,cemhsey_forward_day_logo
cemhsey,cemhsey_forward_day_logo|D03,set_acsa_tau_0.20,S6,grasp_protocol,D03,0.47619047619047616,0.4761904761904762,0.47467866713552725,0.47467866713552725,0.6816512584289546,1.3072199443423882,0.13263361526263678,0.5177959745480281,0.5177959745480281,0.27976190476190477,0.27976190476190477,0.023036172536442055,12500.0,168,168,cemhsey_forward_day_logo
cemhsey,cemhsey_forward_day_logo|D03,agency_margin_tau_0.20,S6,grasp_protocol,D03,0.47619047619047616,0.4761904761904762,0.47467866713552725,0.47467866713552725,0.6876455756886226,2.1780754130988917,0.1347805358494886,0.517493970525859,0.517493970525859,0.27976190476190477,0.27976190476190477,0.023036172536442055,12500.0,168,168,cemhsey_forward_day_logo
cemhsey,cemhsey_forward_day_logo|D03,user_only,S7,grasp_protocol,D03,0.42857142857142855,0.42857142857142855,0.36112033544639444,0.36112033544639444,0.7506859033721657,1.6613550183810764,0.17735300410976845,0.35855857033600363,0.35855857033600363,0.0,0.0,0.0,12500.0,168,168,cemhsey_forward_day_logo
cemhsey,cemhsey_forward_day_logo|D03,assist_only,S7,grasp_protocol,D03,0.5476190476190477,0.5476190476190477,0.4698129135103924,0.4698129135103924,0.7332731162574058,1.5937957283740913,0.29917695251964643,0.22960966515649237,0.22960966515649237,0.48214285714285715,0.48214285714285715,0.04472537553365615,12500.0,168,168,cemhsey_forward_day_logo
cemhsey,cemhsey_forward_day_logo|D03,confidence_blend_alpha_0.25,S7,grasp_protocol,D03,0.4880952380952381,0.4880952380952381,0.4139278629148394,0.4139278629148394,0.7413624537335874,1.624573953656264,0.22421749064516094,0.30377816515388795,0.30377816515388795,0.08333333333333333,0.08333333333333333,0.0010130721962047398,12500.0,168,168,cemhsey_forward_day_logo
cemhsey,cemhsey_forward_day_logo|D03,confidence_blend_alpha_0.50,S7,grasp_protocol,D03,0.5357142857142857,0.5357142857142857,0.4533628174181169,0.4533628174181169,0.7353525060016013,1.6034979777654434,0.2829738028683641,0.25477662758041636,0.25477662758041636,0.20238095238095238,0.20238095238095238,0.007179148372001964,12500.0,168,168,cemhsey_forward_day_logo
cemhsey,cemhsey_forward_day_logo|D03,confidence_blend_alpha_0.75,S7,grasp_protocol,D03,0.5416666666666666,0.5416666666666666,0.4546297201997288,0.4546297201997288,0.7326560601762073,1.5936309844823016,0.2934571999781558,0.24776438837547216,0.24776438837547216,0.30952380952380953,0.30952380952380953,0.02110347073006569,12500.0,168,168,cemhsey_forward_day_logo
cemhsey,cemhsey_forward_day_logo|D03,selective_prediction,S7,grasp_protocol,D03,0.42857142857142855,0.42857142857142855,0.36112033544639444,0.36112033544639444,0.7506859033721657,1.6613550183810766,0.1773530041097685,0.3574463645739133,0.3574463645739133,0.0,0.0,0.0,12500.0,504,504,cemhsey_forward_day_logo
cemhsey,cemhsey_forward_day_logo|D03,set_acsa_tau_0.02,S7,grasp_protocol,D03,0.4523809523809524,0.4523809523809524,0.38313530592810363,0.38313530592810363,0.7399909076909322,1.6390475347564406,0.1898884184903448,0.31462581801014133,0.31462581801014133,0.041666666666666664,0.041666666666666664,0.00034679404810784473,12500.0,168,168,cemhsey_forward_day_logo
cemhsey,cemhsey_forward_day_logo|D03,agency_margin_tau_0.02,S7,grasp_protocol,D03,0.4523809523809524,0.4523809523809524,0.38313530592810363,0.38313530592810363,0.7173476891383952,2.42170042500348,0.17401605501573122,0.3162344643581405,0.3162344643581405,0.041666666666666664,0.041666666666666664,0.00034679404810784473,12500.0,168,168,cemhsey_forward_day_logo
cemhsey,cemhsey_forward_day_logo|D03,set_acsa_tau_0.05,S7,grasp_protocol,D03,0.47023809523809523,0.4702380952380953,0.4004444132332964,0.4004444132332964,0.737091480309235,1.633888834718614,0.18955279047904608,0.30317618964026405,0.30317618964026405,0.07738095238095238,0.07738095238095238,0.001564758134957563,12500.0,168,168,cemhsey_forward_day_logo
cemhsey,cemhsey_forward_day_logo|D03,agency_margin_tau_0.05,S7,grasp_protocol,D03,0.47023809523809523,0.4702380952380953,0.4004444132332964,0.4004444132332964,0.7016884492883599,2.411385870710649,0.17854917697461006,0.3048033022378479,0.3048033022378479,0.07738095238095238,0.07738095238095238,0.001564758134957563,12500.0,168,168,cemhsey_forward_day_logo
cemhsey,cemhsey_forward_day_logo|D03,set_acsa_tau_0.10,S7,grasp_protocol,D03,0.5059523809523809,0.5059523809523809,0.42686220787536183,0.42686220787536183,0.729994366956293,1.6164029778465259,0.2062071984441802,0.27996548154175194,0.27996548154175194,0.13095238095238096,0.13095238095238096,0.005794281630082392,12500.0,168,168,cemhsey_forward_day_logo
cemhsey,cemhsey_forward_day_logo|D03,agency_margin_tau_0.10,S7,grasp_protocol,D03,0.5059523809523809,0.5059523809523809,0.42686220787536183,0.42686220787536183,0.6993296772157737,1.9670984568522083,0.22120332313080598,0.27996548154175194,0.27996548154175194,0.13095238095238096,0.13095238095238096,0.005794281630082392,12500.0,168,168,cemhsey_forward_day_logo
cemhsey,cemhsey_forward_day_logo|D03,set_acsa_tau_0.15,S7,grasp_protocol,D03,0.5178571428571429,0.5178571428571429,0.43747840893658413,0.43747840893658413,0.7265827709680225,1.6063461773155094,0.21656762045629807,0.27652787329436745,0.27652787329436745,0.14285714285714285,0.14285714285714285,0.007132822085799599,12500.0,168,168,cemhsey_forward_day_logo
cemhsey,cemhsey_forward_day_logo|D03,agency_margin_tau_0.15,S7,grasp_protocol,D03,0.5178571428571429,0.5178571428571429,0.43747840893658413,0.43747840893658413,0.704355191853521,1.6912081053045758,0.23747638397361412,0.27652787329436745,0.27652787329436745,0.14285714285714285,0.14285714285714285,0.007132822085799599,12500.0,168,168,cemhsey_forward_day_logo
cemhsey,cemhsey_forward_day_logo|D03,set_acsa_tau_0.20,S7,grasp_protocol,D03,0.5238095238095238,0.5238095238095238,0.4423348969863495,0.4423348969863495,0.7238670352136962,1.5979811552873797,0.22231252817884414,0.2735434561266989,0.2735434561266989,0.1488095238095238,0.1488095238095238,0.008203057676054434,12500.0,168,168,cemhsey_forward_day_logo
cemhsey,cemhsey_forward_day_logo|D03,agency_margin_tau_0.20,S7,grasp_protocol,D03,0.5238095238095238,0.5238095238095238,0.4423348969863495,0.4423348969863495,0.7114475343135188,1.5651033720054532,0.20540054968291088,0.2735434561266989,0.2735434561266989,0.1488095238095238,0.1488095238095238,0.008203057676054434,12500.0,168,168,cemhsey_forward_day_logo
cemhsey,cemhsey_forward_day_logo|D03,user_only,S8,grasp_protocol,D03,0.27380952380952384,0.2738095238095238,0.2639297210725782,0.2639297210725782,0.7752674660590664,1.5912823481617053,0.07395683167191086,0.6595579662470793,0.6595579662470793,0.0,0.0,0.0,12500.0,168,168,cemhsey_forward_day_logo
cemhsey,cemhsey_forward_day_logo|D03,assist_only,S8,grasp_protocol,D03,0.3273809523809524,0.32738095238095244,0.31695689329194343,0.31695689329194343,0.7554761053277976,1.5331120871901422,0.08126394243130412,0.6280514380504978,0.6280514380504978,0.6309523809523809,0.6309523809523809,0.09324147548573214,12500.0,168,168,cemhsey_forward_day_logo
cemhsey,cemhsey_forward_day_logo|D03,confidence_blend_alpha_0.25,S8,grasp_protocol,D03,0.30952380952380953,0.3095238095238095,0.30401751268476007,0.30401751268476007,0.7583812741500721,1.5441080173671096,0.06085804126919154,0.6271742254578498,0.6271742254578498,0.125,0.125,0.00477498037422719,12500.0,168,168,cemhsey_forward_day_logo
cemhsey,cemhsey_forward_day_logo|D03,confidence_blend_alpha_0.50,S8,grasp_protocol,D03,0.3333333333333333,0.3333333333333333,0.32739135333447195,0.32739135333447195,0.7494539833918655,1.52162717606369,0.052964933079102806,0.629928215306275,0.629928215306275,0.34523809523809523,0.34523809523809523,0.02844684875095586,12500.0,168,168,cemhsey_forward_day_logo
cemhsey,cemhsey_forward_day_logo|D03,confidence_blend_alpha_0.75,S8,grasp_protocol,D03,0.32142857142857145,0.32142857142857145,0.3063810024803794,0.3063810024803794,0.7484855937844407,1.517452966567469,0.09136200908046767,0.6223949192945255,0.6223949192945255,0.5357142857142857,0.5357142857142857,0.06688836171210373,12500.0,168,168,cemhsey_forward_day_logo
cemhsey,cemhsey_forward_day_logo|D03,selective_prediction,S8,grasp_protocol,D03,0.27380952380952384,0.2738095238095238,0.2639297210725782,0.2639297210725782,0.7752674660590665,1.591282348161705,0.07395683167191083,0.6599955415776738,0.6599955415776738,0.0,0.0,0.0,12500.0,504,504,cemhsey_forward_day_logo
cemhsey,cemhsey_forward_day_logo|D03,set_acsa_tau_0.02,S8,grasp_protocol,D03,0.27976190476190477,0.27976190476190477,0.2721693980622552,0.2721693980622552,0.7801729852868791,1.5913642537037507,0.10076193637164173,0.6883771840408353,0.6883771840408353,0.017857142857142856,0.017857142857142856,0.00022205072812110286,12500.0,168,168,cemhsey_forward_day_logo
cemhsey,cemhsey_forward_day_logo|D03,agency_margin_tau_0.02,S8,grasp_protocol,D03,0.2857142857142857,0.2857142857142857,0.2773455828699169,0.2773455828699169,0.8790946501265463,4.7507868086612,0.19471912475876424,0.6883839996090437,0.6883839996090437,0.02976190476190476,0.02976190476190476,0.0003579092073078311,12500.0,168,168,cemhsey_forward_day_logo
cemhsey,cemhsey_forward_day_logo|D03,set_acsa_tau_0.05,S8,grasp_protocol,D03,0.2916666666666667,0.2916666666666667,0.2919498196871993,0.2919498196871993,0.7765948726730947,1.580383599057752,0.0890419954014519,0.6737219376997258,0.6737219376997258,0.08928571428571429,0.08928571428571429,0.0025961186811182487,12500.0,168,168,cemhsey_forward_day_logo
cemhsey,cemhsey_forward_day_logo|D03,agency_margin_tau_0.05,S8,grasp_protocol,D03,0.30357142857142855,0.30357142857142855,0.30487900923881533,0.30487900923881533,0.8794672962664695,5.185411279948797,0.18782774843672298,0.6737252989830527,0.6737252989830527,0.10714285714285714,0.10714285714285714,0.002924966056115268,12500.0,168,168,cemhsey_forward_day_logo
cemhsey,cemhsey_forward_day_logo|D03,set_acsa_tau_0.10,S8,grasp_protocol,D03,0.2976190476190476,0.2976190476190476,0.2969819146199692,0.2969819146199692,0.7728769083649949,1.564190035744981,0.09733724285627914,0.6800053379871829,0.6800053379871829,0.16666666666666666,0.16666666666666666,0.008118552591731196,12500.0,168,168,cemhsey_forward_day_logo
cemhsey,cemhsey_forward_day_logo|D03,agency_margin_tau_0.10,S8,grasp_protocol,D03,0.30357142857142855,0.30357142857142855,0.30401103333602597,0.30401103333602597,0.8546923701488373,4.714261787039611,0.17907072111934738,0.6800655292679963,0.6800655292679963,0.17261904761904762,0.17261904761904762,0.008311541487541488,12500.0,168,168,cemhsey_forward_day_logo
cemhsey,cemhsey_forward_day_logo|D03,set_acsa_tau_0.15,S8,grasp_protocol,D03,0.3333333333333333,0.3333333333333334,0.3302923125631562,0.3302923125631562,0.7614375941700436,1.5346799080016424,0.10175135640888981,0.6608007266754868,0.6608007266754868,0.24404761904761904,0.24404761904761904,0.01723607211352291,12500.0,168,168,cemhsey_forward_day_logo
cemhsey,cemhsey_forward_day_logo|D03,agency_margin_tau_0.15,S8,grasp_protocol,D03,0.3333333333333333,0.3333333333333334,0.3311851056211958,0.3311851056211958,0.8016759964742215,3.755812564082391,0.1200458543003537,0.6608007266754868,0.6608007266754868,0.25,0.25,0.018017075029951524,12500.0,168,168,cemhsey_forward_day_logo
cemhsey,cemhsey_forward_day_logo|D03,set_acsa_tau_0.20,S8,grasp_protocol,D03,0.3392857142857143,0.33928571428571436,0.3375199595869806,0.3375199595869806,0.7547696947938879,1.5139394170354281,0.10403887330641878,0.6573763212567262,0.6573763212567262,0.2619047619047619,0.2619047619047619,0.020353325114369967,12500.0,168,168,cemhsey_forward_day_logo
cemhsey,cemhsey_forward_day_logo|D03,agency_margin_tau_0.20,S8,grasp_protocol,D03,0.3392857142857143,0.33928571428571436,0.33736529358594025,0.33736529358594025,0.7741843627962928,2.5357205923249513,0.13056221708645516,0.6573763212567262,0.6573763212567262,0.27380952380952384,0.27380952380952384,0.0221962563883269,12500.0,168,168,cemhsey_forward_day_logo
cemhsey,cemhsey_forward_day_logo|D03,user_only,S9,grasp_protocol,D03,0.3392857142857143,0.3392857142857143,0.32681405895691606,0.32681405895691606,0.7718066519120326,1.6426558573618903,0.046922198747724936,0.6131288126656591,0.6131288126656591,0.0,0.0,0.0,12500.0,168,168,cemhsey_forward_day_logo
cemhsey,cemhsey_forward_day_logo|D03,assist_only,S9,grasp_protocol,D03,0.32142857142857145,0.3214285714285715,0.30718601331061596,0.30718601331061596,0.7723777426470834,1.6081753205250753,0.09896568165307365,0.7215002331593742,0.7215002331593742,0.7142857142857143,0.7142857142857143,0.08107875517690913,12500.0,168,168,cemhsey_forward_day_logo
cemhsey,cemhsey_forward_day_logo|D03,confidence_blend_alpha_0.25,S9,grasp_protocol,D03,0.38095238095238093,0.38095238095238093,0.3544184808976529,0.3544184808976529,0.7608363595005547,1.6073790361990006,0.10360140905611405,0.6083761743238807,0.6083761743238807,0.17857142857142858,0.17857142857142858,0.0045181273924432665,12500.0,168,168,cemhsey_forward_day_logo
cemhsey,cemhsey_forward_day_logo|D03,confidence_blend_alpha_0.50,S9,grasp_protocol,D03,0.39880952380952384,0.3988095238095238,0.3704355283802686,0.3704355283802686,0.7572747771525683,1.5920817119443706,0.14070741426304934,0.6465505754217169,0.6465505754217169,0.39880952380952384,0.39880952380952384,0.02821459324242542,12500.0,168,168,cemhsey_forward_day_logo
cemhsey,cemhsey_forward_day_logo|D03,confidence_blend_alpha_0.75,S9,grasp_protocol,D03,0.3273809523809524,0.3273809523809524,0.31042379286931343,0.31042379286931343,0.761121904868078,1.591812719999436,0.09338487019159461,0.7135337899781062,0.7135337899781062,0.5833333333333334,0.5833333333333334,0.05450966523723749,12500.0,168,168,cemhsey_forward_day_logo
cemhsey,cemhsey_forward_day_logo|D03,selective_prediction,S9,grasp_protocol,D03,0.3392857142857143,0.3392857142857143,0.32681405895691606,0.32681405895691606,0.7718066519120326,1.6426558573618903,0.04692219874772491,0.6135731919083038,0.6135731919083038,0.0,0.0,0.0,12500.0,504,504,cemhsey_forward_day_logo
cemhsey,cemhsey_forward_day_logo|D03,set_acsa_tau_0.02,S9,grasp_protocol,D03,0.34523809523809523,0.3452380952380952,0.32922454626884035,0.32922454626884035,0.7728646395089559,1.6469005848020226,0.04806706831783922,0.6352307082103389,0.6352307082103389,0.05357142857142857,0.05357142857142857,0.0005648119770615906,12500.0,168,168,cemhsey_forward_day_logo
cemhsey,cemhsey_forward_day_logo|D03,agency_margin_tau_0.02,S9,grasp_protocol,D03,0.35119047619047616,0.35119047619047616,0.3341642202744853,0.3341642202744853,0.8502551859798919,4.8830957859177815,0.16321392629273346,0.6346362717083348,0.6346362717083348,0.07142857142857142,0.07142857142857142,0.0007014419491819132,12500.0,168,168,cemhsey_forward_day_logo
cemhsey,cemhsey_forward_day_logo|D03,set_acsa_tau_0.05,S9,grasp_protocol,D03,0.3392857142857143,0.3392857142857143,0.31337132255499606,0.31337132255499606,0.7736116059379803,1.6488984131014928,0.05806330808355661,0.643748911913187,0.643748911913187,0.13095238095238096,0.13095238095238096,0.0031769172655767325,12500.0,168,168,cemhsey_forward_day_logo
cemhsey,cemhsey_forward_day_logo|D03,agency_margin_tau_0.05,S9,grasp_protocol,D03,0.34523809523809523,0.3452380952380953,0.3178300180685345,0.3178300180685345,0.8036432147761123,4.094262739024579,0.13897986702669848,0.6426637834003689,0.6426637834003689,0.14285714285714285,0.14285714285714285,0.0032724658322527424,12500.0,168,168,cemhsey_forward_day_logo
cemhsey,cemhsey_forward_day_logo|D03,set_acsa_tau_0.10,S9,grasp_protocol,D03,0.38095238095238093,0.380952380952381,0.341549906238035,0.341549906238035,0.7629836671351022,1.6225591311015082,0.07514034204082518,0.6261785925440121,0.6261785925440121,0.22023809523809523,0.22023809523809523,0.009253309435219324,12500.0,168,168,cemhsey_forward_day_logo
cemhsey,cemhsey_forward_day_logo|D03,agency_margin_tau_0.10,S9,grasp_protocol,D03,0.3869047619047619,0.3869047619047619,0.34702398020629366,0.34702398020629366,0.7682855314450392,3.316680521967181,0.10064092523193581,0.6256154263876353,0.6256154263876353,0.23809523809523808,0.23809523809523808,0.009975265154875236,12500.0,168,168,cemhsey_forward_day_logo
cemhsey,cemhsey_forward_day_logo|D03,set_acsa_tau_0.15,S9,grasp_protocol,D03,0.38095238095238093,0.38095238095238093,0.3354669140383426,0.3354669140383426,0.7620343862803781,1.6170895198049384,0.070138876723607,0.627674652257077,0.627674652257077,0.2976190476190476,0.2976190476190476,0.018635289865703526,12500.0,168,168,cemhsey_forward_day_logo
cemhsey,cemhsey_forward_day_logo|D03,agency_margin_tau_0.15,S9,grasp_protocol,D03,0.38095238095238093,0.38095238095238093,0.33589225478885393,0.33589225478885393,0.7689323898642216,2.7494139245684606,0.12645185994762945,0.6279807754696739,0.6279807754696739,0.30952380952380953,0.30952380952380953,0.019357245585359437,12500.0,168,168,cemhsey_forward_day_logo
cemhsey,cemhsey_forward_day_logo|D03,set_acsa_tau_0.20,S9,grasp_protocol,D03,0.36904761904761907,0.36904761904761907,0.3248724979649364,0.3248724979649364,0.7642017054858337,1.6107049726342648,0.07049626497405716,0.6569810870670562,0.6569810870670562,0.35714285714285715,0.35714285714285715,0.028603809973696187,12500.0,168,168,cemhsey_forward_day_logo
cemhsey,cemhsey_forward_day_logo|D03,agency_margin_tau_0.20,S9,grasp_protocol,D03,0.36904761904761907,0.36904761904761907,0.3248724979649364,0.3248724979649364,0.7625359287819422,2.167153553232358,0.12490421719030786,0.6569810870670562,0.6569810870670562,0.35714285714285715,0.35714285714285715,0.028603809973696187,12500.0,168,168,cemhsey_forward_day_logo
cemhsey,cemhsey_forward_day_logo|D03,user_only,S11,grasp_protocol,D03,0.6726190476190477,0.6726190476190476,0.6532154897802264,0.6532154897802264,0.5239640677324411,1.0740210813654922,0.23659549449150563,0.1586518278862862,0.1586518278862862,0.0,0.0,0.0,12500.0,168,168,cemhsey_forward_day_logo
cemhsey,cemhsey_forward_day_logo|D03,assist_only,S11,grasp_protocol,D03,0.8035714285714286,0.8035714285714286,0.7977523749646835,0.7977523749646835,0.5021124522757426,0.9821449577377538,0.382284338123698,0.14779147341855683,0.14779147341855683,0.30357142857142855,0.30357142857142855,0.041699613237054324,12500.0,168,168,cemhsey_forward_day_logo
cemhsey,cemhsey_forward_day_logo|D03,confidence_blend_alpha_0.25,S11,grasp_protocol,D03,0.7321428571428571,0.7321428571428571,0.7204083466350325,0.7204083466350325,0.5073620733780363,1.0239695890164275,0.3130642590142515,0.13141126982133208,0.13141126982133208,0.10714285714285714,0.10714285714285714,0.004365331947206422,12500.0,168,168,cemhsey_forward_day_logo
cemhsey,cemhsey_forward_day_logo|D03,confidence_blend_alpha_0.50,S11,grasp_protocol,D03,0.7976190476190477,0.7976190476190476,0.790058665606711,0.790058665606711,0.4981861393504705,0.9980704225835779,0.3850615189983141,0.11269171040958262,0.11269171040958262,0.22023809523809523,0.22023809523809523,0.0170643598347144,12500.0,168,168,cemhsey_forward_day_logo
cemhsey,cemhsey_forward_day_logo|D03,confidence_blend_alpha_0.75,S11,grasp_protocol,D03,0.8154761904761905,0.8154761904761906,0.809756985006852,0.809756985006852,0.496436265649706,0.9849450094382186,0.39945476948341385,0.12101105993121947,0.12101105993121947,0.2619047619047619,0.2619047619047619,0.02968642054469508,12500.0,168,168,cemhsey_forward_day_logo
cemhsey,cemhsey_forward_day_logo|D03,selective_prediction,S11,grasp_protocol,D03,0.6726190476190477,0.6726190476190476,0.6532154897802264,0.6532154897802264,0.523964067732441,1.074021081365492,0.23659549449150558,0.15800975861849534,0.15800975861849534,0.0,0.0,0.0,12500.0,504,504,cemhsey_forward_day_logo
cemhsey,cemhsey_forward_day_logo|D03,set_acsa_tau_0.02,S11,grasp_protocol,D03,0.6845238095238095,0.6845238095238094,0.6664972675740314,0.6664972675740314,0.4997265932776014,1.0289670592758924,0.24613305844861458,0.14400021464102078,0.14400021464102078,0.017857142857142856,0.017857142857142856,0.0001935309024961545,12500.0,168,168,cemhsey_forward_day_logo
cemhsey,cemhsey_forward_day_logo|D03,agency_margin_tau_0.02,S11,grasp_protocol,D03,0.6845238095238095,0.6845238095238094,0.6664008727407945,0.6664008727407945,0.4464535029714897,1.7606013686049355,0.19383660664385707,0.14332422531315087,0.14332422531315087,0.023809523809523808,0.023809523809523808,0.00026237164531692935,12500.0,168,168,cemhsey_forward_day_logo
cemhsey,cemhsey_forward_day_logo|D03,set_acsa_tau_0.05,S11,grasp_protocol,D03,0.7083333333333334,0.7083333333333333,0.694246879717263,0.694246879717263,0.4934589466794712,1.013757074876179,0.2589965809747632,0.14085186425459573,0.14085186425459573,0.05952380952380952,0.05952380952380952,0.0015491530111625084,12500.0,168,168,cemhsey_forward_day_logo
cemhsey,cemhsey_forward_day_logo|D03,agency_margin_tau_0.05,S11,grasp_protocol,D03,0.7083333333333334,0.7083333333333333,0.6943228200371057,0.6943228200371057,0.44435410788669977,1.8970627558831747,0.19938230186719635,0.14034479429912244,0.14034479429912244,0.06547619047619048,0.06547619047619048,0.001617993753983283,12500.0,168,168,cemhsey_forward_day_logo
cemhsey,cemhsey_forward_day_logo|D03,set_acsa_tau_0.10,S11,grasp_protocol,D03,0.7559523809523809,0.7559523809523808,0.7469922225053959,0.7469922225053959,0.4759741628751816,0.9723327800137143,0.2824028427471417,0.1352892137474917,0.1352892137474917,0.13690476190476192,0.13690476190476192,0.007244704671748444,12500.0,168,168,cemhsey_forward_day_logo
cemhsey,cemhsey_forward_day_logo|D03,agency_margin_tau_0.10,S11,grasp_protocol,D03,0.7559523809523809,0.7559523809523808,0.7472140119950913,0.7472140119950913,0.4183417289573152,1.7013841461772221,0.21077227616235755,0.13491652538009408,0.13491652538009408,0.14285714285714285,0.14285714285714285,0.0073135454145692195,12500.0,168,168,cemhsey_forward_day_logo
cemhsey,cemhsey_forward_day_logo|D03,set_acsa_tau_0.15,S11,grasp_protocol,D03,0.7857142857142857,0.7857142857142856,0.7781400289584433,0.7781400289584433,0.4616155575473164,0.9365523331599228,0.30919629343207816,0.13119905676507712,0.13119905676507712,0.17857142857142858,0.17857142857142858,0.012250135736635056,12500.0,168,168,cemhsey_forward_day_logo
cemhsey,cemhsey_forward_day_logo|D03,agency_margin_tau_0.15,S11,grasp_protocol,D03,0.7857142857142857,0.7857142857142856,0.7781400289584433,0.7781400289584433,0.40624633349824474,1.3861838472960442,0.22403121245983432,0.13119905676507712,0.13119905676507712,0.17857142857142858,0.17857142857142858,0.012250135736635056,12500.0,168,168,cemhsey_forward_day_logo
cemhsey,cemhsey_forward_day_logo|D03,set_acsa_tau_0.20,S11,grasp_protocol,D03,0.7976190476190477,0.7976190476190476,0.7913876656754678,0.7913876656754678,0.4571112868005985,0.9271138919693349,0.32096202937587553,0.1289366550381207,0.1289366550381207,0.19047619047619047,0.19047619047619047,0.014458034477853553,12500.0,168,168,cemhsey_forward_day_logo
cemhsey,cemhsey_forward_day_logo|D03,agency_margin_tau_0.20,S11,grasp_protocol,D03,0.7976190476190477,0.7976190476190476,0.7913876656754678,0.7913876656754678,0.41344481686277124,1.108813319734403,0.25028754633859623,0.1289366550381207,0.1289366550381207,0.19047619047619047,0.19047619047619047,0.014458034477853553,12500.0,168,168,cemhsey_forward_day_logo
cemhsey,cemhsey_forward_day_logo|D03,user_only,S12,grasp_protocol,D03,0.5,0.5,0.490006446291729,0.490006446291729,0.6753025029359331,1.3829508271118742,0.18240106859227073,0.3495791445967805,0.3495791445967805,0.0,0.0,0.0,12500.0,168,168,cemhsey_forward_day_logo
cemhsey,cemhsey_forward_day_logo|D03,assist_only,S12,grasp_protocol,D03,0.48214285714285715,0.48214285714285715,0.46271572218637097,0.46271572218637097,0.6703452997537902,1.3316602533541408,0.14006938575050923,0.432836724019134,0.432836724019134,0.5476190476190477,0.5476190476190477,0.059678103888384314,12500.0,168,168,cemhsey_forward_day_logo
cemhsey,cemhsey_forward_day_logo|D03,confidence_blend_alpha_0.25,S12,grasp_protocol,D03,0.5654761904761905,0.5654761904761906,0.5569991915998441,0.5569991915998441,0.663753838839268,1.3472775219044348,0.2695144664316687,0.3433595539166572,0.3433595539166572,0.1488095238095238,0.1488095238095238,0.0061361956098224335,12500.0,168,168,cemhsey_forward_day_logo
cemhsey,cemhsey_forward_day_logo|D03,confidence_blend_alpha_0.50,S12,grasp_protocol,D03,0.6071428571428571,0.6071428571428571,0.5992700012043402,0.5992700012043402,0.6590780836100231,1.3297550792211297,0.30200412074474575,0.3520226330530502,0.3520226330530502,0.3392857142857143,0.3392857142857143,0.023841346347539517,12500.0,168,168,cemhsey_forward_day_logo
cemhsey,cemhsey_forward_day_logo|D03,confidence_blend_alpha_0.75,S12,grasp_protocol,D03,0.5714285714285714,0.5714285714285714,0.5670366585545068,0.5670366585545068,0.6612752372481971,1.3248676682569243,0.2526170485292874,0.3907474467969218,0.3907474467969218,0.4642857142857143,0.4642857142857143,0.04286075786752725,12500.0,168,168,cemhsey_forward_day_logo
cemhsey,cemhsey_forward_day_logo|D03,selective_prediction,S12,grasp_protocol,D03,0.5,0.5,0.490006446291729,0.490006446291729,0.6753025029359331,1.3829508271118742,0.18240106859227073,0.34869118294634194,0.34869118294634194,0.0,0.0,0.0,12500.0,504,504,cemhsey_forward_day_logo
cemhsey,cemhsey_forward_day_logo|D03,set_acsa_tau_0.02,S12,grasp_protocol,D03,0.5238095238095238,0.5238095238095238,0.5151022703906281,0.5151022703906281,0.6590545393046863,1.3427789098520353,0.1764652139332545,0.3227139063655125,0.3227139063655125,0.02976190476190476,0.02976190476190476,0.00027502693839186534,12500.0,168,168,cemhsey_forward_day_logo
cemhsey,cemhsey_forward_day_logo|D03,agency_margin_tau_0.02,S12,grasp_protocol,D03,0.5297619047619048,0.5297619047619048,0.5208503700306979,0.5208503700306979,0.6864905535344018,3.519521018492224,0.199919182097847,0.3231306483783369,0.3231306483783369,0.047619047619047616,0.047619047619047616,0.0003981520467595124,12500.0,168,168,cemhsey_forward_day_logo
cemhsey,cemhsey_forward_day_logo|D03,set_acsa_tau_0.05,S12,grasp_protocol,D03,0.5357142857142857,0.5357142857142858,0.5244731210497496,0.5244731210497496,0.653121865282815,1.3234680256563292,0.18151465656984642,0.3226922056943926,0.3226922056943926,0.09523809523809523,0.09523809523809523,0.0022981287895627073,12500.0,168,168,cemhsey_forward_day_logo
cemhsey,cemhsey_forward_day_logo|D03,agency_margin_tau_0.05,S12,grasp_protocol,D03,0.5476190476190477,0.5476190476190477,0.5364288363952955,0.5364288363952955,0.6402802478650061,2.8500536305664745,0.16159329794058427,0.3203814419020303,0.3203814419020303,0.1130952380952381,0.1130952380952381,0.002681316479030876,12500.0,168,168,cemhsey_forward_day_logo
cemhsey,cemhsey_forward_day_logo|D03,set_acsa_tau_0.10,S12,grasp_protocol,D03,0.5654761904761905,0.5654761904761905,0.5476636492988781,0.5476636492988781,0.6402090586037532,1.2864796524484852,0.19314664292229572,0.32536638954531083,0.32536638954531083,0.20238095238095238,0.20238095238095238,0.01022688360014438,12500.0,168,168,cemhsey_forward_day_logo
cemhsey,cemhsey_forward_day_logo|D03,agency_margin_tau_0.10,S12,grasp_protocol,D03,0.5773809523809523,0.5773809523809523,0.5610235432159576,0.5610235432159576,0.6313436326772756,2.98040358856963,0.1725938675060388,0.32436514552120166,0.32436514552120166,0.21428571428571427,0.21428571428571427,0.010863532628953546,12500.0,168,168,cemhsey_forward_day_logo
cemhsey,cemhsey_forward_day_logo|D03,set_acsa_tau_0.15,S12,grasp_protocol,D03,0.5535714285714286,0.5535714285714286,0.5391537724841059,0.5391537724841059,0.6352751204750822,1.2626232107799593,0.17628023235639198,0.33341841684817686,0.33341841684817686,0.26785714285714285,0.26785714285714285,0.018539046226570523,12500.0,168,168,cemhsey_forward_day_logo
cemhsey,cemhsey_forward_day_logo|D03,agency_margin_tau_0.15,S12,grasp_protocol,D03,0.5535714285714286,0.5535714285714286,0.5391537724841059,0.5391537724841059,0.6286996544929986,2.391740480556307,0.1323291040025104,0.33341841684817686,0.33341841684817686,0.26785714285714285,0.26785714285714285,0.018539046226570523,12500.0,168,168,cemhsey_forward_day_logo
cemhsey,cemhsey_forward_day_logo|D03,set_acsa_tau_0.20,S12,grasp_protocol,D03,0.5654761904761905,0.5654761904761905,0.5503866344897494,0.5503866344897494,0.6291784589899885,1.242409986780564,0.18431129318337786,0.3334872274039279,0.3334872274039279,0.2916666666666667,0.2916666666666667,0.022531663794523316,12500.0,168,168,cemhsey_forward_day_logo
cemhsey,cemhsey_forward_day_logo|D03,agency_margin_tau_0.20,S12,grasp_protocol,D03,0.5654761904761905,0.5654761904761905,0.5503470155360419,0.5503470155360419,0.6186815223095954,1.7779869983779941,0.1551587492571654,0.33704150228825003,0.33704150228825003,0.2976190476190476,0.2976190476190476,0.023523252246605002,12500.0,168,168,cemhsey_forward_day_logo
cemhsey,cemhsey_forward_day_logo|D03,user_only,S13,grasp_protocol,D03,0.43452380952380953,0.4345238095238096,0.4059629121740923,0.4059629121740923,0.7002080603852415,1.4524431484154396,0.1148475037121015,0.3976443399580709,0.3976443399580709,0.0,0.0,0.0,12500.0,168,168,cemhsey_forward_day_logo
cemhsey,cemhsey_forward_day_logo|D03,assist_only,S13,grasp_protocol,D03,0.4107142857142857,0.4107142857142857,0.3869039772956541,0.3869039772956541,0.7149925072777776,1.4703856028900841,0.14637946912857455,0.5148706644536402,0.5148706644536402,0.5654761904761905,0.5654761904761905,0.06847161444706527,12500.0,168,168,cemhsey_forward_day_logo
cemhsey,cemhsey_forward_day_logo|D03,confidence_blend_alpha_0.25,S13,grasp_protocol,D03,0.44642857142857145,0.44642857142857145,0.4164042853698026,0.4164042853698026,0.6939473078556176,1.4347180385946128,0.14821887759632066,0.3860654675433597,0.3860654675433597,0.125,0.125,0.003162709879215287,12500.0,168,168,cemhsey_forward_day_logo
cemhsey,cemhsey_forward_day_logo|D03,confidence_blend_alpha_0.50,S13,grasp_protocol,D03,0.48214285714285715,0.48214285714285715,0.46237547055694117,0.46237547055694117,0.6943244648278379,1.432372952463863,0.17227795264714718,0.4022967354299782,0.4022967354299782,0.31547619047619047,0.31547619047619047,0.022475370089743256,12500.0,168,168,cemhsey_forward_day_logo
cemhsey,cemhsey_forward_day_logo|D03,confidence_blend_alpha_0.75,S13,grasp_protocol,D03,0.4523809523809524,0.4523809523809524,0.4396118827449569,0.4396118827449569,0.7013395313018913,1.4438214228919772,0.14538746817876522,0.4495135932907556,0.4495135932907556,0.4583333333333333,0.4583333333333333,0.04422320185065813,12500.0,168,168,cemhsey_forward_day_logo
cemhsey,cemhsey_forward_day_logo|D03,selective_prediction,S13,grasp_protocol,D03,0.43452380952380953,0.4345238095238096,0.4059629121740923,0.4059629121740923,0.7002080603852416,1.4524431484154394,0.11484750371210155,0.3965722106372463,0.3965722106372463,0.0,0.0,0.0,12500.0,504,504,cemhsey_forward_day_logo
cemhsey,cemhsey_forward_day_logo|D03,set_acsa_tau_0.02,S13,grasp_protocol,D03,0.44642857142857145,0.44642857142857145,0.4199200418365049,0.4199200418365049,0.6922352723648596,1.436904610756516,0.12870931538163666,0.3687162051916794,0.3687162051916794,0.041666666666666664,0.041666666666666664,0.00027664109572821084,12500.0,168,168,cemhsey_forward_day_logo
cemhsey,cemhsey_forward_day_logo|D03,agency_margin_tau_0.02,S13,grasp_protocol,D03,0.44642857142857145,0.44642857142857145,0.4199200418365049,0.4199200418365049,0.7388314429899955,3.6484183567537825,0.2133354981503972,0.36466858689786685,0.36466858689786685,0.041666666666666664,0.041666666666666664,0.00027664109572821084,12500.0,168,168,cemhsey_forward_day_logo
cemhsey,cemhsey_forward_day_logo|D03,set_acsa_tau_0.05,S13,grasp_protocol,D03,0.44047619047619047,0.4404761904761905,0.4146963696659437,0.4146963696659437,0.6943875297965627,1.4421653888743389,0.12617782708355696,0.37995871219690147,0.37995871219690147,0.13095238095238096,0.13095238095238096,0.003697239335122951,12500.0,168,168,cemhsey_forward_day_logo
cemhsey,cemhsey_forward_day_logo|D03,agency_margin_tau_0.05,S13,grasp_protocol,D03,0.44047619047619047,0.4404761904761905,0.4146963696659437,0.4146963696659437,0.7530069139464544,4.2660170624911515,0.1923032345067568,0.37747614929675116,0.37747614929675116,0.13095238095238096,0.13095238095238096,0.003697239335122951,12500.0,168,168,cemhsey_forward_day_logo
cemhsey,cemhsey_forward_day_logo|D03,set_acsa_tau_0.10,S13,grasp_protocol,D03,0.4583333333333333,0.45833333333333337,0.42333119083544996,0.42333119083544996,0.6877850927639036,1.4251433691265702,0.13065235760507068,0.3707281447219935,0.3707281447219935,0.20238095238095238,0.20238095238095238,0.009265788407382321,12500.0,168,168,cemhsey_forward_day_logo
cemhsey,cemhsey_forward_day_logo|D03,agency_margin_tau_0.10,S13,grasp_protocol,D03,0.4583333333333333,0.45833333333333337,0.42333119083544996,0.42333119083544996,0.697904613012001,2.4018081768803974,0.17418735356698412,0.37001134565044186,0.37001134565044186,0.20238095238095238,0.20238095238095238,0.009265788407382321,12500.0,168,168,cemhsey_forward_day_logo
cemhsey,cemhsey_forward_day_logo|D03,set_acsa_tau_0.15,S13,grasp_protocol,D03,0.44642857142857145,0.4464285714285715,0.41565276749800945,0.41565276749800945,0.6869930065158188,1.4174305335685755,0.1230352809341485,0.3854160241591864,0.3854160241591864,0.25,0.25,0.015229386647025556,12500.0,168,168,cemhsey_forward_day_logo
cemhsey,cemhsey_forward_day_logo|D03,agency_margin_tau_0.15,S13,grasp_protocol,D03,0.44642857142857145,0.4464285714285715,0.41640802582673603,0.41640802582673603,0.6833318250669219,1.952494624222163,0.14366590204450716,0.3854160241591864,0.3854160241591864,0.25595238095238093,0.25595238095238093,0.01598275761084703,12500.0,168,168,cemhsey_forward_day_logo
cemhsey,cemhsey_forward_day_logo|D03,set_acsa_tau_0.20,S13,grasp_protocol,D03,0.44642857142857145,0.4464285714285715,0.41628499460242735,0.41628499460242735,0.6856427934702086,1.4107544093444435,0.11999323263137239,0.3856250793698105,0.3856250793698105,0.25595238095238093,0.25595238095238093,0.016304547761455585,12500.0,168,168,cemhsey_forward_day_logo
cemhsey,cemhsey_forward_day_logo|D03,agency_margin_tau_0.20,S13,grasp_protocol,D03,0.44642857142857145,0.4464285714285715,0.41628499460242735,0.41628499460242735,0.6784245238487123,1.3692433127485284,0.11111194676065174,0.3856250793698105,0.3856250793698105,0.25595238095238093,0.25595238095238093,0.016304547761455585,12500.0,168,168,cemhsey_forward_day_logo
cemhsey,cemhsey_forward_day_logo|D04,user_only,S1,grasp_protocol,D04,0.7142857142857143,0.7142857142857142,0.7188776807443037,0.7188776807443037,0.42251790951831214,0.903421746618404,0.16981224356161792,0.09292085005094855,0.09292085005094855,0.0,0.0,0.0,12500.0,168,168,cemhsey_forward_day_logo
cemhsey,cemhsey_forward_day_logo|D04,assist_only,S1,grasp_protocol,D04,0.8214285714285714,0.8214285714285714,0.8199700583286044,0.8199700583286044,0.3678589953915846,0.7346826320946771,0.2899014060743182,0.04845359991732733,0.04845359991732733,0.2619047619047619,0.2619047619047619,0.051567473576984754,12500.0,168,168,cemhsey_forward_day_logo
cemhsey,cemhsey_forward_day_logo|D04,confidence_blend_alpha_0.25,S1,grasp_protocol,D04,0.7857142857142857,0.7857142857142857,0.7854577596631919,0.7854577596631919,0.391417293361678,0.7995646532906336,0.2576325277629432,0.07185416355995902,0.07185416355995902,0.07738095238095238,0.07738095238095238,0.007704207772562527,12500.0,168,168,cemhsey_forward_day_logo
cemhsey,cemhsey_forward_day_logo|D04,confidence_blend_alpha_0.50,S1,grasp_protocol,D04,0.8273809523809523,0.8273809523809524,0.824649595905288,0.824649595905288,0.3719406022883542,0.7570792176482717,0.30095120428234196,0.05435935065343277,0.05435935065343277,0.16666666666666666,0.16666666666666666,0.025645909838645474,12500.0,168,168,cemhsey_forward_day_logo
cemhsey,cemhsey_forward_day_logo|D04,confidence_blend_alpha_0.75,S1,grasp_protocol,D04,0.8392857142857143,0.8392857142857143,0.8377467143855031,0.8377467143855031,0.3640878362983202,0.7372169198852043,0.3113008745513889,0.04424933869703397,0.04424933869703397,0.20833333333333334,0.20833333333333334,0.03207594269240223,12500.0,168,168,cemhsey_forward_day_logo
cemhsey,cemhsey_forward_day_logo|D04,selective_prediction,S1,grasp_protocol,D04,0.7361111111111112,0.736111111111111,0.738563678378907,0.738563678378907,0.3932369596532758,0.828675727016246,0.1793627291503068,0.07736304711872527,0.07736304711872527,0.021825396825396824,0.021825396825396824,0.005172331069404091,12500.0,504,504,cemhsey_forward_day_logo
cemhsey,cemhsey_forward_day_logo|D04,set_acsa_tau_0.02,S1,grasp_protocol,D04,0.7202380952380952,0.7202380952380951,0.7232307332119395,0.7232307332119395,0.3917648427230873,0.8476902664160482,0.21960167600905825,0.07136398243262318,0.07136398243262318,0.005952380952380952,0.005952380952380952,0.0,12500.0,168,168,cemhsey_forward_day_logo
cemhsey,cemhsey_forward_day_logo|D04,agency_margin_tau_0.02,S1,grasp_protocol,D04,0.7202380952380952,0.7202380952380951,0.7232307332119395,0.7232307332119395,0.3942873708012009,1.820204434113761,0.20203207019101563,0.0716929838514169,0.0716929838514169,0.005952380952380952,0.005952380952380952,0.0,12500.0,168,168,cemhsey_forward_day_logo
cemhsey,cemhsey_forward_day_logo|D04,set_acsa_tau_0.05,S1,grasp_protocol,D04,0.7440476190476191,0.744047619047619,0.7463088473132083,0.7463088473132083,0.38245297456434946,0.8303291107942409,0.22287163078075792,0.06432620663869058,0.06432620663869058,0.02976190476190476,0.02976190476190476,0.0009664256006904579,12500.0,168,168,cemhsey_forward_day_logo
cemhsey,cemhsey_forward_day_logo|D04,agency_margin_tau_0.05,S1,grasp_protocol,D04,0.7440476190476191,0.744047619047619,0.7463088473132083,0.7463088473132083,0.36956863092406855,1.4858765107233263,0.18706565754124413,0.06441141526739036,0.06441141526739036,0.02976190476190476,0.02976190476190476,0.0009664256006904579,12500.0,168,168,cemhsey_forward_day_logo
cemhsey,cemhsey_forward_day_logo|D04,set_acsa_tau_0.10,S1,grasp_protocol,D04,0.7559523809523809,0.7559523809523808,0.7578285182901457,0.7578285182901457,0.3770712688714985,0.8171002081320321,0.2136653803128196,0.062132685180630295,0.062132685180630295,0.047619047619047616,0.047619047619047616,0.0023826345985309386,12500.0,168,168,cemhsey_forward_day_logo
cemhsey,cemhsey_forward_day_logo|D04,agency_margin_tau_0.10,S1,grasp_protocol,D04,0.7559523809523809,0.7559523809523808,0.7578285182901457,0.7578285182901457,0.3675055047971809,1.6287897423820037,0.1757187117702131,0.062217292452809894,0.062217292452809894,0.047619047619047616,0.047619047619047616,0.0023826345985309386,12500.0,168,168,cemhsey_forward_day_logo
cemhsey,cemhsey_forward_day_logo|D04,set_acsa_tau_0.15,S1,grasp_protocol,D04,0.7976190476190477,0.7976190476190476,0.8011022793631488,0.8011022793631488,0.3561045661526546,0.7709424948344163,0.2270955913269407,0.053652953931336136,0.053652953931336136,0.1130952380952381,0.1130952380952381,0.010755587969869395,12500.0,168,168,cemhsey_forward_day_logo
cemhsey,cemhsey_forward_day_logo|D04,agency_margin_tau_0.15,S1,grasp_protocol,D04,0.7976190476190477,0.7976190476190476,0.8011022793631488,0.8011022793631488,0.34054873114388184,1.4281008774599553,0.17945264955149653,0.05380518630767134,0.05380518630767134,0.1130952380952381,0.1130952380952381,0.010755587969869395,12500.0,168,168,cemhsey_forward_day_logo
cemhsey,cemhsey_forward_day_logo|D04,set_acsa_tau_0.20,S1,grasp_protocol,D04,0.8095238095238095,0.8095238095238095,0.8117802759574005,0.8117802759574005,0.3497978217046343,0.7576293668817998,0.2280849575583234,0.051217086399912404,0.051217086399912404,0.125,0.125,0.013101290256306635,12500.0,168,168,cemhsey_forward_day_logo
cemhsey,cemhsey_forward_day_logo|D04,agency_margin_tau_0.20,S1,grasp_protocol,D04,0.8095238095238095,0.8095238095238095,0.8117802759574005,0.8117802759574005,0.3216852282961522,0.9631127051791777,0.16451614703954226,0.051217086399912404,0.051217086399912404,0.125,0.125,0.013101290256306635,12500.0,168,168,cemhsey_forward_day_logo
cemhsey,cemhsey_forward_day_logo|D04,user_only,S10,grasp_protocol,D04,0.5,0.5,0.5064840703103418,0.5064840703103418,0.6617443633798041,1.388456874161259,0.17591000396444076,0.2614993833140497,0.2614993833140497,0.0,0.0,0.0,12500.0,168,168,cemhsey_forward_day_logo
cemhsey,cemhsey_forward_day_logo|D04,assist_only,S10,grasp_protocol,D04,0.5297619047619048,0.5297619047619048,0.5215759188309622,0.5215759188309622,0.6789633308672259,1.4523592207564315,0.23468980447963067,0.2515200980883036,0.2515200980883036,0.49404761904761907,0.49404761904761907,0.05693471671255768,12500.0,168,168,cemhsey_forward_day_logo
cemhsey,cemhsey_forward_day_logo|D04,confidence_blend_alpha_0.25,S10,grasp_protocol,D04,0.5357142857142857,0.5357142857142857,0.5456609408349223,0.5456609408349223,0.6576426135785705,1.383956746590948,0.2329220912244266,0.2412665210934659,0.2412665210934659,0.10714285714285714,0.10714285714285714,0.0036165750049964598,12500.0,168,168,cemhsey_forward_day_logo
cemhsey,cemhsey_forward_day_logo|D04,confidence_blend_alpha_0.50,S10,grasp_protocol,D04,0.5773809523809523,0.5773809523809524,0.5913193050028598,0.5913193050028598,0.6591451915593972,1.3945507072170593,0.2782821207435707,0.21426458793715797,0.21426458793715797,0.23809523809523808,0.23809523809523808,0.013133053725878748,12500.0,168,168,cemhsey_forward_day_logo
cemhsey,cemhsey_forward_day_logo|D04,confidence_blend_alpha_0.75,S10,grasp_protocol,D04,0.5714285714285714,0.5714285714285714,0.5757958952816674,0.5757958952816674,0.6662520973222824,1.4170916868294907,0.2778779955161439,0.21032449528520086,0.21032449528520086,0.375,0.375,0.03273042963278836,12500.0,168,168,cemhsey_forward_day_logo
cemhsey,cemhsey_forward_day_logo|D04,selective_prediction,S10,grasp_protocol,D04,0.5,0.5,0.5064840703103418,0.5064840703103418,0.6601243451957535,1.3860659293207749,0.17464289126207624,0.2601828435242516,0.2601828435242516,0.0,0.0,0.0,12500.0,504,504,cemhsey_forward_day_logo
cemhsey,cemhsey_forward_day_logo|D04,set_acsa_tau_0.02,S10,grasp_protocol,D04,0.5,0.5000000000000001,0.5048562503290873,0.5048562503290873,0.6485604817307491,1.3642687346714755,0.17895185125359697,0.2545894927129953,0.2545894927129953,0.017857142857142856,0.017857142857142856,0.00017603594870697523,12500.0,168,168,cemhsey_forward_day_logo
cemhsey,cemhsey_forward_day_logo|D04,agency_margin_tau_0.02,S10,grasp_protocol,D04,0.5059523809523809,0.505952380952381,0.51106849611833,0.51106849611833,0.645878072697178,2.336237014051064,0.1431454655645382,0.25238530061479447,0.25238530061479447,0.023809523809523808,0.023809523809523808,0.00027682007400817036,12500.0,168,168,cemhsey_forward_day_logo
cemhsey,cemhsey_forward_day_logo|D04,set_acsa_tau_0.05,S10,grasp_protocol,D04,0.49404761904761907,0.49404761904761907,0.5041745219515822,0.5041745219515822,0.6512676239221672,1.3716662893716072,0.1819895723260668,0.2607083503112224,0.2607083503112224,0.05952380952380952,0.05952380952380952,0.001725434214186893,12500.0,168,168,cemhsey_forward_day_logo
cemhsey,cemhsey_forward_day_logo|D04,agency_margin_tau_0.05,S10,grasp_protocol,D04,0.5,0.5,0.5103148951888448,0.5103148951888448,0.6439123552340149,2.17473134347743,0.1361018701568142,0.2584772356078336,0.2584772356078336,0.06547619047619048,0.06547619047619048,0.0018262183394880884,12500.0,168,168,cemhsey_forward_day_logo
cemhsey,cemhsey_forward_day_logo|D04,set_acsa_tau_0.10,S10,grasp_protocol,D04,0.5,0.5,0.5043695275343113,0.5043695275343113,0.6449218978827189,1.3589974004563854,0.20268251956621014,0.24547576138009705,0.24547576138009705,0.10119047619047619,0.10119047619047619,0.004899780173678021,12500.0,168,168,cemhsey_forward_day_logo
cemhsey,cemhsey_forward_day_logo|D04,agency_margin_tau_0.10,S10,grasp_protocol,D04,0.5059523809523809,0.505952380952381,0.5110018729433127,0.5110018729433127,0.627542028530881,2.0120689585384732,0.13942611406951338,0.24329664354335506,0.24329664354335506,0.10714285714285714,0.10714285714285714,0.005000564298979215,12500.0,168,168,cemhsey_forward_day_logo
cemhsey,cemhsey_forward_day_logo|D04,set_acsa_tau_0.15,S10,grasp_protocol,D04,0.5119047619047619,0.511904761904762,0.514843648902347,0.514843648902347,0.6374711829126208,1.3392412745220679,0.20371051889716496,0.2391854449147576,0.2391854449147576,0.11904761904761904,0.11904761904761904,0.007248279474648572,12500.0,168,168,cemhsey_forward_day_logo
cemhsey,cemhsey_forward_day_logo|D04,agency_margin_tau_0.15,S10,grasp_protocol,D04,0.5119047619047619,0.511904761904762,0.514843648902347,0.514843648902347,0.6093062020783295,1.2548321577492079,0.14379536505919838,0.2391854449147576,0.2391854449147576,0.11904761904761904,0.11904761904761904,0.007248279474648572,12500.0,168,168,cemhsey_forward_day_logo
cemhsey,cemhsey_forward_day_logo|D04,set_acsa_tau_0.20,S10,grasp_protocol,D04,0.5178571428571429,0.5178571428571429,0.5213375783980354,0.5213375783980354,0.6348592307278157,1.3327868397628495,0.2091116707255769,0.23443383603062207,0.23443383603062207,0.125,0.125,0.008244810216422942,12500.0,168,168,cemhsey_forward_day_logo
cemhsey,cemhsey_forward_day_logo|D04,agency_margin_tau_0.20,S10,grasp_protocol,D04,0.5178571428571429,0.5178571428571429,0.5213375783980354,0.5213375783980354,0.6168389585045899,1.2780756567518046,0.19012194918346143,0.23443383603062207,0.23443383603062207,0.125,0.125,0.008244810216422942,12500.0,168,168,cemhsey_forward_day_logo
cemhsey,cemhsey_forward_day_logo|D04,user_only,S2,grasp_protocol,D04,0.7083333333333334,0.7083333333333333,0.6993663876961344,0.6993663876961344,0.42832498520312495,0.8967729495962735,0.21102684427328935,0.08158427021911378,0.08158427021911378,0.0,0.0,0.0,12500.0,168,168,cemhsey_forward_day_logo
cemhsey,cemhsey_forward_day_logo|D04,assist_only,S2,grasp_protocol,D04,0.8630952380952381,0.8630952380952381,0.8634777232611978,0.8634777232611978,0.35100447957865616,0.7097866738285801,0.3322112645049993,0.039330440702545995,0.039330440702545995,0.27976190476190477,0.27976190476190477,0.04184472914447824,12500.0,168,168,cemhsey_forward_day_logo
cemhsey,cemhsey_forward_day_logo|D04,confidence_blend_alpha_0.25,S2,grasp_protocol,D04,0.8035714285714286,0.8035714285714286,0.8021503062180277,0.8021503062180277,0.3924881563244346,0.8125555911925143,0.2989181217181121,0.06166935624422357,0.06166935624422357,0.11904761904761904,0.11904761904761904,0.0093470963843401,12500.0,168,168,cemhsey_forward_day_logo
cemhsey,cemhsey_forward_day_logo|D04,confidence_blend_alpha_0.50,S2,grasp_protocol,D04,0.8809523809523809,0.8809523809523808,0.8810884353741496,0.8810884353741496,0.3676557957608012,0.7615844666343038,0.369106419269888,0.03773526000407082,0.03773526000407082,0.20238095238095238,0.20238095238095238,0.02339267613056594,12500.0,168,168,cemhsey_forward_day_logo
cemhsey,cemhsey_forward_day_logo|D04,confidence_blend_alpha_0.75,S2,grasp_protocol,D04,0.8809523809523809,0.880952380952381,0.8809907834101383,0.8809907834101383,0.3538279035122044,0.7289614869236256,0.3606830908566112,0.03477584590087891,0.03477584590087891,0.2261904761904762,0.2261904761904762,0.026960905713571157,12500.0,168,168,cemhsey_forward_day_logo
cemhsey,cemhsey_forward_day_logo|D04,selective_prediction,S2,grasp_protocol,D04,0.7281746031746031,0.7281746031746031,0.7180457275533655,0.7180457275533655,0.4042029312100504,0.8483539129039193,0.21829828048132796,0.07100499725392319,0.07100499725392319,0.023809523809523808,0.023809523809523808,0.0030453891349659637,12500.0,504,504,cemhsey_forward_day_logo
cemhsey,cemhsey_forward_day_logo|D04,set_acsa_tau_0.02,S2,grasp_protocol,D04,0.7142857142857143,0.7142857142857143,0.7045433081867889,0.7045433081867889,0.3873243522761672,0.8208993140355074,0.24976997040946536,0.06301258526270397,0.06301258526270397,0.005952380952380952,0.005952380952380952,0.00011744700676504241,12500.0,168,168,cemhsey_forward_day_logo
cemhsey,cemhsey_forward_day_logo|D04,agency_margin_tau_0.02,S2,grasp_protocol,D04,0.7142857142857143,0.7142857142857143,0.7045433081867889,0.7045433081867889,0.3436920598855312,1.0012993428610617,0.17993992599961423,0.06301258526270397,0.06301258526270397,0.005952380952380952,0.005952380952380952,0.00011744700676504241,12500.0,168,168,cemhsey_forward_day_logo
cemhsey,cemhsey_forward_day_logo|D04,set_acsa_tau_0.05,S2,grasp_protocol,D04,0.7440476190476191,0.7440476190476192,0.7364460457770002,0.7364460457770002,0.37590961068951695,0.7950443208863914,0.2358037835672586,0.059415637541379344,0.059415637541379344,0.05952380952380952,0.05952380952380952,0.002041701812866815,12500.0,168,168,cemhsey_forward_day_logo
cemhsey,cemhsey_forward_day_logo|D04,agency_margin_tau_0.05,S2,grasp_protocol,D04,0.7440476190476191,0.7440476190476192,0.7364460457770002,0.7364460457770002,0.3290708635672911,0.9640783786322847,0.18635815977169362,0.059415637541379344,0.059415637541379344,0.05952380952380952,0.05952380952380952,0.002041701812866815,12500.0,168,168,cemhsey_forward_day_logo
cemhsey,cemhsey_forward_day_logo|D04,set_acsa_tau_0.10,S2,grasp_protocol,D04,0.7916666666666666,0.7916666666666667,0.7880263298658965,0.7880263298658965,0.35528463857480486,0.7488182008497245,0.24114694618505564,0.04921602399832503,0.04921602399832503,0.10714285714285714,0.10714285714285714,0.005672278106660305,12500.0,168,168,cemhsey_forward_day_logo
cemhsey,cemhsey_forward_day_logo|D04,agency_margin_tau_0.10,S2,grasp_protocol,D04,0.7916666666666666,0.7916666666666667,0.7880263298658965,0.7880263298658965,0.2950216160246145,0.752841269318716,0.16111032344650095,0.04921602399832503,0.04921602399832503,0.10714285714285714,0.10714285714285714,0.005672278106660305,12500.0,168,168,cemhsey_forward_day_logo
cemhsey,cemhsey_forward_day_logo|D04,set_acsa_tau_0.15,S2,grasp_protocol,D04,0.8333333333333334,0.8333333333333333,0.8298234086956009,0.8298234086956009,0.3348931250423782,0.7069254627980199,0.2579817561357155,0.04124282568380166,0.04124282568380166,0.1488095238095238,0.1488095238095238,0.011087363072479612,12500.0,168,168,cemhsey_forward_day_logo
cemhsey,cemhsey_forward_day_logo|D04,agency_margin_tau_0.15,S2,grasp_protocol,D04,0.8392857142857143,0.8392857142857143,0.8370153194079902,0.8370153194079902,0.2705564736890074,0.5530322121135351,0.18533903909886162,0.041099819092428894,0.041099819092428894,0.15476190476190477,0.15476190476190477,0.011811930903854389,12500.0,168,168,cemhsey_forward_day_logo
cemhsey,cemhsey_forward_day_logo|D04,set_acsa_tau_0.20,S2,grasp_protocol,D04,0.8511904761904762,0.8511904761904762,0.8483329917332786,0.8483329917332786,0.3214074211448787,0.6743895637026875,0.25878764086658484,0.04006257643346737,0.04006257643346737,0.17261904761904762,0.17261904761904762,0.015466468310793558,12500.0,168,168,cemhsey_forward_day_logo
cemhsey,cemhsey_forward_day_logo|D04,agency_margin_tau_0.20,S2,grasp_protocol,D04,0.8511904761904762,0.8511904761904762,0.8483329917332786,0.8483329917332786,0.28130646000959125,0.5699412810854687,0.19931824574554474,0.04006257643346737,0.04006257643346737,0.17261904761904762,0.17261904761904762,0.015466468310793558,12500.0,168,168,cemhsey_forward_day_logo
cemhsey,cemhsey_forward_day_logo|D04,user_only,S3,grasp_protocol,D04,0.5714285714285714,0.5714285714285714,0.5514595179705536,0.5514595179705536,0.5885021252863959,1.182302950355645,0.16184661920113885,0.24024018778373776,0.24024018778373776,0.0,0.0,0.0,12500.0,168,168,cemhsey_forward_day_logo
cemhsey,cemhsey_forward_day_logo|D04,assist_only,S3,grasp_protocol,D04,0.5833333333333334,0.5833333333333333,0.565142057774567,0.565142057774567,0.5934658957817196,1.1323233879883048,0.17209951028947226,0.29985132457778146,0.29985132457778146,0.44047619047619047,0.44047619047619047,0.05906849668011144,12500.0,168,168,cemhsey_forward_day_logo
cemhsey,cemhsey_forward_day_logo|D04,confidence_blend_alpha_0.25,S3,grasp_protocol,D04,0.6607142857142857,0.6607142857142857,0.6491248880954764,0.6491248880954764,0.5777909571168167,1.1407399672978673,0.26574804674047636,0.212659892764959,0.212659892764959,0.125,0.125,0.005295659408149777,12500.0,168,168,cemhsey_forward_day_logo
cemhsey,cemhsey_forward_day_logo|D04,confidence_blend_alpha_0.50,S3,grasp_protocol,D04,0.6428571428571429,0.6428571428571429,0.6311862028600836,0.6311862028600836,0.5750478628095185,1.1237095149959475,0.25403907852464047,0.21996727635245308,0.21996727635245308,0.2619047619047619,0.2619047619047619,0.0224717220880765,12500.0,168,168,cemhsey_forward_day_logo
cemhsey,cemhsey_forward_day_logo|D04,confidence_blend_alpha_0.75,S3,grasp_protocol,D04,0.6309523809523809,0.630952380952381,0.6206352103836679,0.6206352103836679,0.5802728423644855,1.1216380999979567,0.23672906570948432,0.24715774104161645,0.24715774104161645,0.375,0.375,0.0424660324358453,12500.0,168,168,cemhsey_forward_day_logo
cemhsey,cemhsey_forward_day_logo|D04,selective_prediction,S3,grasp_protocol,D04,0.5734126984126984,0.5734126984126985,0.5529957069853807,0.5529957069853807,0.5857322319808463,1.1776337941889559,0.1608913764146081,0.2383293069383741,0.2383293069383741,0.001984126984126984,0.001984126984126984,0.000456971130299752,12500.0,504,504,cemhsey_forward_day_logo
cemhsey,cemhsey_forward_day_logo|D04,set_acsa_tau_0.02,S3,grasp_protocol,D04,0.6011904761904762,0.6011904761904763,0.5791848505177238,0.5791848505177238,0.5775599117460156,1.1569439034658449,0.17403423951341404,0.23925758347341064,0.23925758347341064,0.03571428571428571,0.03571428571428571,0.0003981957390538185,12500.0,168,168,cemhsey_forward_day_logo
cemhsey,cemhsey_forward_day_logo|D04,agency_margin_tau_0.02,S3,grasp_protocol,D04,0.6011904761904762,0.6011904761904763,0.5791848505177238,0.5791848505177238,0.616484954437877,3.782979791721767,0.26399468801369813,0.23623266249214517,0.23623266249214517,0.03571428571428571,0.03571428571428571,0.0003981957390538185,12500.0,168,168,cemhsey_forward_day_logo
cemhsey,cemhsey_forward_day_logo|D04,set_acsa_tau_0.05,S3,grasp_protocol,D04,0.6130952380952381,0.613095238095238,0.5966600116920772,0.5966600116920772,0.5673742901117356,1.1306781765948475,0.1882537072858104,0.22575368291784642,0.22575368291784642,0.08928571428571429,0.08928571428571429,0.0021809721547799083,12500.0,168,168,cemhsey_forward_day_logo
cemhsey,cemhsey_forward_day_logo|D04,agency_margin_tau_0.05,S3,grasp_protocol,D04,0.6130952380952381,0.613095238095238,0.5966600116920772,0.5966600116920772,0.5831420976735405,3.4376882220373077,0.21640409977584946,0.22302371386678038,0.22302371386678038,0.08928571428571429,0.08928571428571429,0.0021809721547799083,12500.0,168,168,cemhsey_forward_day_logo
cemhsey,cemhsey_forward_day_logo|D04,set_acsa_tau_0.10,S3,grasp_protocol,D04,0.6190476190476191,0.6190476190476192,0.6030766205773251,0.6030766205773251,0.5567390253859918,1.1027874904954165,0.18579762303289435,0.21863516843576652,0.21863516843576652,0.16071428571428573,0.16071428571428573,0.0075692318159016996,12500.0,168,168,cemhsey_forward_day_logo
cemhsey,cemhsey_forward_day_logo|D04,agency_margin_tau_0.10,S3,grasp_protocol,D04,0.6190476190476191,0.6190476190476192,0.6028987072465333,0.6028987072465333,0.59100196282517,3.4310550555640873,0.23274001236611536,0.21871410337359193,0.21871410337359193,0.16666666666666666,0.16666666666666666,0.008114131825733324,12500.0,168,168,cemhsey_forward_day_logo
cemhsey,cemhsey_forward_day_logo|D04,set_acsa_tau_0.15,S3,grasp_protocol,D04,0.625,0.625,0.6102527729834557,0.6102527729834557,0.5497073149934968,1.0766360444504142,0.1830857927488078,0.22095027064579634,0.22095027064579634,0.20238095238095238,0.20238095238095238,0.01255686382523841,12500.0,168,168,cemhsey_forward_day_logo
cemhsey,cemhsey_forward_day_logo|D04,agency_margin_tau_0.15,S3,grasp_protocol,D04,0.625,0.625,0.610253571565047,0.610253571565047,0.5746957283775396,2.8185952243886954,0.20259004182803875,0.22098930526507937,0.22098930526507937,0.20833333333333334,0.20833333333333334,0.013101763835070033,12500.0,168,168,cemhsey_forward_day_logo
cemhsey,cemhsey_forward_day_logo|D04,set_acsa_tau_0.20,S3,grasp_protocol,D04,0.6071428571428571,0.6071428571428571,0.5935707555641111,0.5935707555641111,0.5560176533048109,1.0793179825846422,0.16497273418491273,0.2342241418176162,0.2342241418176162,0.23214285714285715,0.23214285714285715,0.017487609487876515,12500.0,168,168,cemhsey_forward_day_logo
cemhsey,cemhsey_forward_day_logo|D04,agency_margin_tau_0.20,S3,grasp_protocol,D04,0.6071428571428571,0.6071428571428571,0.5935707555641111,0.5935707555641111,0.5758075811172606,2.5457631566539605,0.1510550288256409,0.2342241418176162,0.2342241418176162,0.23214285714285715,0.23214285714285715,0.017487609487876515,12500.0,168,168,cemhsey_forward_day_logo
cemhsey,cemhsey_forward_day_logo|D04,user_only,S4,grasp_protocol,D04,0.5714285714285714,0.5714285714285714,0.5495871378244982,0.5495871378244982,0.5823011102440281,1.1684074646242533,0.18159001558234503,0.22037468779989997,0.22037468779989997,0.0,0.0,0.0,12500.0,168,168,cemhsey_forward_day_logo
cemhsey,cemhsey_forward_day_logo|D04,assist_only,S4,grasp_protocol,D04,0.6964285714285714,0.6964285714285714,0.6892550767650031,0.6892550767650031,0.5103594061917113,0.9632913760373674,0.2606792492235614,0.17122079665363515,0.17122079665363515,0.44047619047619047,0.44047619047619047,0.053545576009109634,12500.0,168,168,cemhsey_forward_day_logo
cemhsey,cemhsey_forward_day_logo|D04,confidence_blend_alpha_0.25,S4,grasp_protocol,D04,0.6428571428571429,0.6428571428571429,0.6260072947898621,0.6260072947898621,0.5510108965433821,1.0743044120123872,0.23493614489196898,0.18642479488124467,0.18642479488124467,0.15476190476190477,0.15476190476190477,0.0064641916213199506,12500.0,168,168,cemhsey_forward_day_logo
cemhsey,cemhsey_forward_day_logo|D04,confidence_blend_alpha_0.50,S4,grasp_protocol,D04,0.6964285714285714,0.6964285714285714,0.6853690907207846,0.6853690907207846,0.5285905413011166,1.020806926421612,0.2861208149619022,0.16902767222020798,0.16902767222020798,0.32142857142857145,0.32142857142857145,0.029693375109170212,12500.0,168,168,cemhsey_forward_day_logo
cemhsey,cemhsey_forward_day_logo|D04,confidence_blend_alpha_0.75,S4,grasp_protocol,D04,0.7202380952380952,0.7202380952380952,0.7089475228235635,0.7089475228235635,0.5150400445172243,0.9856746559667116,0.2983225600636726,0.15870341005629518,0.15870341005629518,0.36904761904761907,0.36904761904761907,0.036485994246462414,12500.0,168,168,cemhsey_forward_day_logo
cemhsey,cemhsey_forward_day_logo|D04,selective_prediction,S4,grasp_protocol,D04,0.5873015873015873,0.5873015873015873,0.5642944317537559,0.5642944317537559,0.563083718721173,1.1251694867865667,0.18215893903512972,0.20055651485375475,0.20055651485375475,0.015873015873015872,0.015873015873015872,0.003376517738079261,12500.0,504,504,cemhsey_forward_day_logo
cemhsey,cemhsey_forward_day_logo|D04,set_acsa_tau_0.02,S4,grasp_protocol,D04,0.5833333333333334,0.5833333333333333,0.5595536618973259,0.5595536618973259,0.5543409712433325,1.1152665807351325,0.20022421946862456,0.19267414430577906,0.19267414430577906,0.02976190476190476,0.02976190476190476,0.0002957051968542415,12500.0,168,168,cemhsey_forward_day_logo
cemhsey,cemhsey_forward_day_logo|D04,agency_margin_tau_0.02,S4,grasp_protocol,D04,0.5833333333333334,0.5833333333333333,0.5602713505849394,0.5602713505849394,0.5817647333426257,3.1510526746552237,0.20493745688655504,0.19104334076188678,0.19104334076188678,0.03571428571428571,0.03571428571428571,0.0003246328877771167,12500.0,168,168,cemhsey_forward_day_logo
cemhsey,cemhsey_forward_day_logo|D04,set_acsa_tau_0.05,S4,grasp_protocol,D04,0.5833333333333334,0.5833333333333334,0.5631768231768232,0.5631768231768232,0.5515520285415262,1.1055040176049449,0.21355352948340434,0.18941955136939187,0.18941955136939187,0.10119047619047619,0.10119047619047619,0.002493310483973494,12500.0,168,168,cemhsey_forward_day_logo
cemhsey,cemhsey_forward_day_logo|D04,agency_margin_tau_0.05,S4,grasp_protocol,D04,0.5892857142857143,0.5892857142857143,0.5715705478488031,0.5715705478488031,0.5696998882113549,3.4133034502390878,0.18387227413350782,0.18754617711318872,0.18754617711318872,0.13095238095238096,0.13095238095238096,0.0032338034551463216,12500.0,168,168,cemhsey_forward_day_logo
cemhsey,cemhsey_forward_day_logo|D04,set_acsa_tau_0.10,S4,grasp_protocol,D04,0.6190476190476191,0.619047619047619,0.6004347414165617,0.6004347414165617,0.5391728331772305,1.0726049382450786,0.19892092952606671,0.17976002116131123,0.17976002116131123,0.16071428571428573,0.16071428571428573,0.006946913485349709,12500.0,168,168,cemhsey_forward_day_logo
cemhsey,cemhsey_forward_day_logo|D04,agency_margin_tau_0.10,S4,grasp_protocol,D04,0.6190476190476191,0.619047619047619,0.6015129085324646,0.6015129085324646,0.5421612572342728,2.6327921228547133,0.16725472446208772,0.17850276520543265,0.17850276520543265,0.16666666666666666,0.16666666666666666,0.006975841176272585,12500.0,168,168,cemhsey_forward_day_logo
cemhsey,cemhsey_forward_day_logo|D04,set_acsa_tau_0.15,S4,grasp_protocol,D04,0.6369047619047619,0.636904761904762,0.6200046284805769,0.6200046284805769,0.5283669808216127,1.0446242065086921,0.20380232226507072,0.1773079271996161,0.1773079271996161,0.20833333333333334,0.20833333333333334,0.012606058099142321,12500.0,168,168,cemhsey_forward_day_logo
cemhsey,cemhsey_forward_day_logo|D04,agency_margin_tau_0.15,S4,grasp_protocol,D04,0.6369047619047619,0.636904761904762,0.6200046284805769,0.6200046284805769,0.5150553324638895,1.698602528733326,0.16307771942745802,0.17763991478571184,0.17763991478571184,0.20833333333333334,0.20833333333333334,0.012606058099142321,12500.0,168,168,cemhsey_forward_day_logo
cemhsey,cemhsey_forward_day_logo|D04,set_acsa_tau_0.20,S4,grasp_protocol,D04,0.6666666666666666,0.6666666666666666,0.6483561132598521,0.6483561132598521,0.5056054388272362,0.9862649916038406,0.21371021209851052,0.16494363961395994,0.16494363961395994,0.25,0.25,0.019883514461977208,12500.0,168,168,cemhsey_forward_day_logo
cemhsey,cemhsey_forward_day_logo|D04,agency_margin_tau_0.20,S4,grasp_protocol,D04,0.6666666666666666,0.6666666666666666,0.6483561132598521,0.6483561132598521,0.4919257613540915,1.3617249632939052,0.1730467187381882,0.16494363961395994,0.16494363961395994,0.25,0.25,0.019883514461977208,12500.0,168,168,cemhsey_forward_day_logo
cemhsey,cemhsey_forward_day_logo|D04,user_only,S5,grasp_protocol,D04,0.6011904761904762,0.6011904761904762,0.601187146498834,0.601187146498834,0.5636541640623619,1.153006222591656,0.18592472666884527,0.18944191045416248,0.18944191045416248,0.0,0.0,0.0,12500.0,168,168,cemhsey_forward_day_logo
cemhsey,cemhsey_forward_day_logo|D04,assist_only,S5,grasp_protocol,D04,0.5773809523809523,0.5773809523809524,0.552045114697718,0.552045114697718,0.5023610423903756,0.9769446457347988,0.145027641332231,0.18260150498239291,0.18260150498239291,0.4166666666666667,0.4166666666666667,0.05457577794504996,12500.0,168,168,cemhsey_forward_day_logo
cemhsey,cemhsey_forward_day_logo|D04,confidence_blend_alpha_0.25,S5,grasp_protocol,D04,0.6964285714285714,0.6964285714285714,0.6855480416104666,0.6855480416104666,0.5341040933530284,1.0739487783340051,0.2744848130096204,0.15417657785033562,0.15417657785033562,0.15476190476190477,0.15476190476190477,0.008808000756321937,12500.0,168,168,cemhsey_forward_day_logo
cemhsey,cemhsey_forward_day_logo|D04,confidence_blend_alpha_0.50,S5,grasp_protocol,D04,0.6607142857142857,0.6607142857142857,0.645383541542616,0.645383541542616,0.5140385495045943,1.0244755541788062,0.2290809468677764,0.14921801738452017,0.14921801738452017,0.25,0.25,0.020448175820011454,12500.0,168,168,cemhsey_forward_day_logo
cemhsey,cemhsey_forward_day_logo|D04,confidence_blend_alpha_0.75,S5,grasp_protocol,D04,0.6190476190476191,0.619047619047619,0.5974806939980511,0.5974806939980511,0.5034575325170383,0.9931940724738263,0.18066130204788722,0.16911864091711132,0.16911864091711132,0.31547619047619047,0.31547619047619047,0.03337901086590579,12500.0,168,168,cemhsey_forward_day_logo
cemhsey,cemhsey_forward_day_logo|D04,selective_prediction,S5,grasp_protocol,D04,0.628968253968254,0.628968253968254,0.627551698298738,0.627551698298738,0.5349422969742706,1.1014579927249828,0.19647087148220163,0.15852486373522132,0.15852486373522132,0.027777777777777776,0.027777777777777776,0.001549110167045938,12500.0,504,504,cemhsey_forward_day_logo
cemhsey,cemhsey_forward_day_logo|D04,set_acsa_tau_0.02,S5,grasp_protocol,D04,0.6071428571428571,0.6071428571428571,0.6039222834459305,0.6039222834459305,0.5140416794935843,1.0460072824474569,0.1566960240425186,0.16431060448412427,0.16431060448412427,0.017857142857142856,0.017857142857142856,0.00011906474990927149,12500.0,168,168,cemhsey_forward_day_logo
cemhsey,cemhsey_forward_day_logo|D04,agency_margin_tau_0.02,S5,grasp_protocol,D04,0.6130952380952381,0.613095238095238,0.6099574756383089,0.6099574756383089,0.5393370736279683,2.7881045043971073,0.16281611624379327,0.1616352278274438,0.1616352278274438,0.023809523809523808,0.023809523809523808,0.00023638158099757045,12500.0,168,168,cemhsey_forward_day_logo
cemhsey,cemhsey_forward_day_logo|D04,set_acsa_tau_0.05,S5,grasp_protocol,D04,0.6369047619047619,0.6369047619047619,0.6294160733678646,0.6294160733678646,0.494014209824786,1.0070637742897417,0.15827518735334126,0.14464072409534098,0.14464072409534098,0.07738095238095238,0.07738095238095238,0.002344800813556163,12500.0,168,168,cemhsey_forward_day_logo
cemhsey,cemhsey_forward_day_logo|D04,agency_margin_tau_0.05,S5,grasp_protocol,D04,0.6428571428571429,0.6428571428571429,0.6349876880890042,0.6349876880890042,0.5305115055955937,3.059437004174405,0.15689183087278608,0.1432955870425672,0.1432955870425672,0.08928571428571429,0.08928571428571429,0.002751903249990615,12500.0,168,168,cemhsey_forward_day_logo
cemhsey,cemhsey_forward_day_logo|D04,set_acsa_tau_0.10,S5,grasp_protocol,D04,0.6666666666666666,0.6666666666666667,0.6597348778509614,0.6597348778509614,0.4786607439107865,0.9657094851397885,0.16723789994937197,0.13822504762928337,0.13822504762928337,0.16071428571428573,0.16071428571428573,0.009157128662080592,12500.0,168,168,cemhsey_forward_day_logo
cemhsey,cemhsey_forward_day_logo|D04,agency_margin_tau_0.10,S5,grasp_protocol,D04,0.6726190476190477,0.6726190476190477,0.666478040232193,0.666478040232193,0.504529400141555,2.560676053160776,0.15464393562349438,0.1374314216977621,0.1374314216977621,0.16666666666666666,0.16666666666666666,0.009576550327781295,12500.0,168,168,cemhsey_forward_day_logo
cemhsey,cemhsey_forward_day_logo|D04,set_acsa_tau_0.15,S5,grasp_protocol,D04,0.6785714285714286,0.6785714285714286,0.6665380271099538,0.6665380271099538,0.46432408128675734,0.9278475161786497,0.16776428570393817,0.13128241020069367,0.13128241020069367,0.20833333333333334,0.20833333333333334,0.015114453595443885,12500.0,168,168,cemhsey_forward_day_logo
cemhsey,cemhsey_forward_day_logo|D04,agency_margin_tau_0.15,S5,grasp_protocol,D04,0.6845238095238095,0.6845238095238094,0.6739322286530915,0.6739322286530915,0.45007378244585405,1.5809763963166366,0.12653725405490285,0.1310652465682796,0.1310652465682796,0.21428571428571427,0.21428571428571427,0.015844004777602744,12500.0,168,168,cemhsey_forward_day_logo
cemhsey,cemhsey_forward_day_logo|D04,set_acsa_tau_0.20,S5,grasp_protocol,D04,0.6666666666666666,0.6666666666666667,0.6529631255898138,0.6529631255898138,0.46380966662276046,0.9160234145987489,0.15161205519468537,0.1379662284819522,0.1379662284819522,0.23809523809523808,0.23809523809523808,0.02012063972881601,12500.0,168,168,cemhsey_forward_day_logo
cemhsey,cemhsey_forward_day_logo|D04,agency_margin_tau_0.20,S5,grasp_protocol,D04,0.6666666666666666,0.6666666666666667,0.6529631255898138,0.6529631255898138,0.4439456952947025,1.2892959456167998,0.1034910315102668,0.1379662284819522,0.1379662284819522,0.23809523809523808,0.23809523809523808,0.02012063972881601,12500.0,168,168,cemhsey_forward_day_logo
cemhsey,cemhsey_forward_day_logo|D04,user_only,S6,grasp_protocol,D04,0.5654761904761905,0.5654761904761905,0.5601444322036011,0.5601444322036011,0.6129888538284339,1.2430404373913453,0.19999285987359988,0.2432793252528819,0.2432793252528819,0.0,0.0,0.0,12500.0,168,168,cemhsey_forward_day_logo
cemhsey,cemhsey_forward_day_logo|D04,assist_only,S6,grasp_protocol,D04,0.6011904761904762,0.6011904761904762,0.5806188773454026,0.5806188773454026,0.5924828337660587,1.157975935227321,0.22430283203332585,0.28515423035717896,0.28515423035717896,0.3869047619047619,0.3869047619047619,0.05457093616859514,12500.0,168,168,cemhsey_forward_day_logo
cemhsey,cemhsey_forward_day_logo|D04,confidence_blend_alpha_0.25,S6,grasp_protocol,D04,0.6190476190476191,0.619047619047619,0.6092352969556617,0.6092352969556617,0.5993958680997556,1.2018092943246115,0.25651608735433284,0.21644515227043795,0.21644515227043795,0.10714285714285714,0.10714285714285714,0.004252995348540678,12500.0,168,168,cemhsey_forward_day_logo
cemhsey,cemhsey_forward_day_logo|D04,confidence_blend_alpha_0.50,S6,grasp_protocol,D04,0.6369047619047619,0.6369047619047619,0.6302962507195753,0.6302962507195753,0.5914472028464789,1.1762125802771408,0.2748160637019504,0.21649505235666078,0.21649505235666078,0.21428571428571427,0.21428571428571427,0.018072642496846064,12500.0,168,168,cemhsey_forward_day_logo
cemhsey,cemhsey_forward_day_logo|D04,confidence_blend_alpha_0.75,S6,grasp_protocol,D04,0.6309523809523809,0.6309523809523808,0.6219468215475702,0.6219468215475702,0.5891428580685789,1.1619253912731333,0.2589912723416859,0.22496684496891742,0.22496684496891742,0.27380952380952384,0.27380952380952384,0.02852733015137677,12500.0,168,168,cemhsey_forward_day_logo
cemhsey,cemhsey_forward_day_logo|D04,selective_prediction,S6,grasp_protocol,D04,0.5654761904761905,0.5654761904761905,0.5601444322036011,0.5601444322036011,0.6129888538284339,1.2430404373913453,0.19999285987359988,0.24246124389280063,0.24246124389280063,0.0,0.0,0.0,12500.0,504,504,cemhsey_forward_day_logo
cemhsey,cemhsey_forward_day_logo|D04,set_acsa_tau_0.02,S6,grasp_protocol,D04,0.5773809523809523,0.5773809523809523,0.5715844119221966,0.5715844119221966,0.5942394664422814,1.1947072792151516,0.1944240013079242,0.2397808867990237,0.2397808867990237,0.02976190476190476,0.02976190476190476,0.0003807625612860802,12500.0,168,168,cemhsey_forward_day_logo
cemhsey,cemhsey_forward_day_logo|D04,agency_margin_tau_0.02,S6,grasp_protocol,D04,0.5714285714285714,0.5714285714285714,0.5651936395739775,0.5651936395739775,0.66451370036369,4.7256850329251385,0.23927065928531915,0.24065144654062262,0.24065144654062262,0.03571428571428571,0.03571428571428571,0.0004259255032813828,12500.0,168,168,cemhsey_forward_day_logo
cemhsey,cemhsey_forward_day_logo|D04,set_acsa_tau_0.05,S6,grasp_protocol,D04,0.6071428571428571,0.6071428571428571,0.6013945611847451,0.6013945611847451,0.5889057035450312,1.1827276069683712,0.2087676629975015,0.23321484091839087,0.23321484091839087,0.06547619047619048,0.06547619047619048,0.0015533724328597718,12500.0,168,168,cemhsey_forward_day_logo
cemhsey,cemhsey_forward_day_logo|D04,agency_margin_tau_0.05,S6,grasp_protocol,D04,0.6071428571428571,0.6071428571428571,0.6005059283120507,0.6005059283120507,0.5975669781011232,3.448497441380849,0.17709801460209312,0.23341340510781444,0.23341340510781444,0.08333333333333333,0.08333333333333333,0.0020992070538724105,12500.0,168,168,cemhsey_forward_day_logo
cemhsey,cemhsey_forward_day_logo|D04,set_acsa_tau_0.10,S6,grasp_protocol,D04,0.6428571428571429,0.6428571428571429,0.6333813086807901,0.6333813086807901,0.5739574106766125,1.1470863495066916,0.23967856467244922,0.21854133744688087,0.21854133744688087,0.13095238095238096,0.13095238095238096,0.006725475115270933,12500.0,168,168,cemhsey_forward_day_logo
cemhsey,cemhsey_forward_day_logo|D04,agency_margin_tau_0.10,S6,grasp_protocol,D04,0.6369047619047619,0.6369047619047619,0.6267835672276886,0.6267835672276886,0.5319952792941498,2.178177576222234,0.1498765499978994,0.21886853855005742,0.21886853855005742,0.13690476190476192,0.13690476190476192,0.006770638057266236,12500.0,168,168,cemhsey_forward_day_logo
cemhsey,cemhsey_forward_day_logo|D04,set_acsa_tau_0.15,S6,grasp_protocol,D04,0.6369047619047619,0.6369047619047619,0.6262328394439252,0.6262328394439252,0.5734255609882527,1.1381256207121,0.22787243540902133,0.22471574184373855,0.22471574184373855,0.17261904761904762,0.17261904761904762,0.012004361588406873,12500.0,168,168,cemhsey_forward_day_logo
cemhsey,cemhsey_forward_day_logo|D04,agency_margin_tau_0.15,S6,grasp_protocol,D04,0.6369047619047619,0.6369047619047619,0.6262328394439252,0.6262328394439252,0.5261488632511989,1.5813914627892243,0.15341282802571826,0.22475203684954573,0.22475203684954573,0.17261904761904762,0.17261904761904762,0.012004361588406873,12500.0,168,168,cemhsey_forward_day_logo
cemhsey,cemhsey_forward_day_logo|D04,set_acsa_tau_0.20,S6,grasp_protocol,D04,0.6488095238095238,0.6488095238095237,0.6398598687426867,0.6398598687426867,0.5687063618593348,1.1226836969143403,0.23326061406191664,0.2244195791680725,0.2244195791680725,0.19642857142857142,0.19642857142857142,0.015898983732226098,12500.0,168,168,cemhsey_forward_day_logo
cemhsey,cemhsey_forward_day_logo|D04,agency_margin_tau_0.20,S6,grasp_protocol,D04,0.6488095238095238,0.6488095238095237,0.6398598687426867,0.6398598687426867,0.5248402451528155,1.006352591988445,0.1624989097482254,0.2244195791680725,0.2244195791680725,0.19642857142857142,0.19642857142857142,0.015898983732226098,12500.0,168,168,cemhsey_forward_day_logo
cemhsey,cemhsey_forward_day_logo|D04,user_only,S7,grasp_protocol,D04,0.44642857142857145,0.44642857142857145,0.41885486468235417,0.41885486468235417,0.7375734906362605,1.6036044824528548,0.15241535311739443,0.407631857609785,0.407631857609785,0.0,0.0,0.0,12500.0,168,168,cemhsey_forward_day_logo
cemhsey,cemhsey_forward_day_logo|D04,assist_only,S7,grasp_protocol,D04,0.34523809523809523,0.3452380952380953,0.2824968559187829,0.2824968559187829,0.777137463033347,1.7020585487593238,0.08528812104941443,0.5322265682507961,0.5322265682507961,0.47023809523809523,0.47023809523809523,0.034182627189490715,12500.0,168,168,cemhsey_forward_day_logo
cemhsey,cemhsey_forward_day_logo|D04,confidence_blend_alpha_0.25,S7,grasp_protocol,D04,0.4107142857142857,0.4107142857142857,0.3762552535951551,0.3762552535951551,0.7417829573902809,1.6112265708371944,0.12294158198812054,0.4254420952057365,0.4254420952057365,0.08928571428571429,0.08928571428571429,0.002193899461958791,12500.0,168,168,cemhsey_forward_day_logo
cemhsey,cemhsey_forward_day_logo|D04,confidence_blend_alpha_0.50,S7,grasp_protocol,D04,0.3869047619047619,0.38690476190476186,0.33042587020046665,0.33042587020046665,0.7497801083744688,1.6297423113500946,0.11746599656104362,0.4528117434274969,0.4528117434274969,0.19047619047619047,0.19047619047619047,0.006178681554238452,12500.0,168,168,cemhsey_forward_day_logo
cemhsey,cemhsey_forward_day_logo|D04,confidence_blend_alpha_0.75,S7,grasp_protocol,D04,0.38095238095238093,0.380952380952381,0.32870196241330263,0.32870196241330263,0.7615649435888242,1.659126825100994,0.1072708997389552,0.48011714584400456,0.48011714584400456,0.3333333333333333,0.3333333333333333,0.01996468256142034,12500.0,168,168,cemhsey_forward_day_logo
cemhsey,cemhsey_forward_day_logo|D04,selective_prediction,S7,grasp_protocol,D04,0.44642857142857145,0.44642857142857145,0.41885486468235417,0.41885486468235417,0.7357465863727852,1.6002549563825021,0.15071513496486894,0.4047294099984757,0.4047294099984757,0.0,0.0,0.0,12500.0,504,504,cemhsey_forward_day_logo
cemhsey,cemhsey_forward_day_logo|D04,set_acsa_tau_0.02,S7,grasp_protocol,D04,0.42857142857142855,0.42857142857142855,0.40064271126139933,0.40064271126139933,0.7415481538949974,1.6207541807131731,0.1073165046347079,0.45302391457246816,0.45302391457246816,0.02976190476190476,0.02976190476190476,0.00039740350659249896,12500.0,168,168,cemhsey_forward_day_logo
cemhsey,cemhsey_forward_day_logo|D04,agency_margin_tau_0.02,S7,grasp_protocol,D04,0.4166666666666667,0.41666666666666663,0.38229550091514247,0.38229550091514247,0.84871305487778,5.443216209743626,0.2403392385557311,0.4539965757846244,0.4539965757846244,0.041666666666666664,0.041666666666666664,0.0005135507276419515,12500.0,168,168,cemhsey_forward_day_logo
cemhsey,cemhsey_forward_day_logo|D04,set_acsa_tau_0.05,S7,grasp_protocol,D04,0.42857142857142855,0.42857142857142855,0.3942477218339287,0.3942477218339287,0.7453487959322503,1.6369332879764058,0.1060722635320032,0.4529474991619252,0.4529474991619252,0.07738095238095238,0.07738095238095238,0.0017849391759641264,12500.0,168,168,cemhsey_forward_day_logo
cemhsey,cemhsey_forward_day_logo|D04,agency_margin_tau_0.05,S7,grasp_protocol,D04,0.4166666666666667,0.41666666666666663,0.37439191626383744,0.37439191626383744,0.8298715734740278,5.124389409011705,0.21131207258987944,0.4538742462574601,0.4538742462574601,0.08928571428571429,0.08928571428571429,0.0020731477414321292,12500.0,168,168,cemhsey_forward_day_logo
cemhsey,cemhsey_forward_day_logo|D04,set_acsa_tau_0.10,S7,grasp_protocol,D04,0.39880952380952384,0.3988095238095238,0.36049648676692697,0.36049648676692697,0.7538641103140458,1.65670946166789,0.08388167746184357,0.47075352291522937,0.47075352291522937,0.1488095238095238,0.1488095238095238,0.007203109130982296,12500.0,168,168,cemhsey_forward_day_logo
cemhsey,cemhsey_forward_day_logo|D04,agency_margin_tau_0.10,S7,grasp_protocol,D04,0.39880952380952384,0.3988095238095238,0.36049648676692697,0.36049648676692697,0.8295104505969848,5.012554140121451,0.16681872083053612,0.47075352291522937,0.47075352291522937,0.1488095238095238,0.1488095238095238,0.007203109130982296,12500.0,168,168,cemhsey_forward_day_logo
cemhsey,cemhsey_forward_day_logo|D04,set_acsa_tau_0.15,S7,grasp_protocol,D04,0.375,0.375,0.3395875328648438,0.3395875328648438,0.7598638737538944,1.6653646693398358,0.06883836419477231,0.49624334989409324,0.49624334989409324,0.17261904761904762,0.17261904761904762,0.00966437534723582,12500.0,168,168,cemhsey_forward_day_logo
cemhsey,cemhsey_forward_day_logo|D04,agency_margin_tau_0.15,S7,grasp_protocol,D04,0.375,0.375,0.3395875328648438,0.3395875328648438,0.809936138988933,4.143529610019241,0.13067117673717984,0.49624334989409324,0.49624334989409324,0.17261904761904762,0.17261904761904762,0.00966437534723582,12500.0,168,168,cemhsey_forward_day_logo
cemhsey,cemhsey_forward_day_logo|D04,set_acsa_tau_0.20,S7,grasp_protocol,D04,0.38095238095238093,0.380952380952381,0.3455111483949999,0.3455111483949999,0.758226288298412,1.66126663502634,0.07135599837062112,0.4913049921648355,0.4913049921648355,0.17857142857142858,0.17857142857142858,0.010567699676797857,12500.0,168,168,cemhsey_forward_day_logo
cemhsey,cemhsey_forward_day_logo|D04,agency_margin_tau_0.20,S7,grasp_protocol,D04,0.38095238095238093,0.380952380952381,0.3455111483949999,0.3455111483949999,0.7734387838104084,2.521442191692254,0.0875031043216626,0.4913049921648355,0.4913049921648355,0.17857142857142858,0.17857142857142858,0.010567699676797857,12500.0,168,168,cemhsey_forward_day_logo
cemhsey,cemhsey_forward_day_logo|D04,user_only,S8,grasp_protocol,D04,0.2857142857142857,0.2857142857142857,0.24552430354643703,0.24552430354643703,0.7986247052821082,1.7098680523796468,0.05299899092014956,0.6483389062198592,0.6483389062198592,0.0,0.0,0.0,12500.0,168,168,cemhsey_forward_day_logo
cemhsey,cemhsey_forward_day_logo|D04,assist_only,S8,grasp_protocol,D04,0.21428571428571427,0.21428571428571427,0.17952630444890508,0.17952630444890508,0.8410054367015081,1.7610418823552585,0.1820335250130042,0.8284117952466173,0.8284117952466173,0.4880952380952381,0.4880952380952381,0.06869817965999764,12500.0,168,168,cemhsey_forward_day_logo
cemhsey,cemhsey_forward_day_logo|D04,confidence_blend_alpha_0.25,S8,grasp_protocol,D04,0.2857142857142857,0.2857142857142857,0.23996928390547287,0.23996928390547287,0.7945735796868574,1.6701422823223169,0.06596582317624322,0.6799804059699859,0.6799804059699859,0.15476190476190477,0.15476190476190477,0.006740038659999446,12500.0,168,168,cemhsey_forward_day_logo
cemhsey,cemhsey_forward_day_logo|D04,confidence_blend_alpha_0.50,S8,grasp_protocol,D04,0.23809523809523808,0.2380952380952381,0.19584891849008293,0.19584891849008293,0.8002866597250072,1.6610248956847253,0.09589083719761513,0.7457176389876394,0.7457176389876394,0.31547619047619047,0.31547619047619047,0.029704290377613768,12500.0,168,168,cemhsey_forward_day_logo
cemhsey,cemhsey_forward_day_logo|D04,confidence_blend_alpha_0.75,S8,grasp_protocol,D04,0.23214285714285715,0.23214285714285715,0.19146095831091903,0.19146095831091903,0.815763945396557,1.6790912893537184,0.1239445416709278,0.7829466080987896,0.7829466080987896,0.44047619047619047,0.44047619047619047,0.056117408478972314,12500.0,168,168,cemhsey_forward_day_logo
cemhsey,cemhsey_forward_day_logo|D04,selective_prediction,S8,grasp_protocol,D04,0.2857142857142857,0.2857142857142857,0.24493591355227226,0.24493591355227226,0.814865448851161,1.7599927687365229,0.06593021020586783,0.6801348334016122,0.6801348334016122,0.015873015873015872,0.015873015873015872,0.0016010920814650026,12500.0,504,504,cemhsey_forward_day_logo
cemhsey,cemhsey_forward_day_logo|D04,set_acsa_tau_0.02,S8,grasp_protocol,D04,0.30952380952380953,0.3095238095238096,0.266284102754691,0.266284102754691,0.8130238058281652,1.7247218822452244,0.06560094103379008,0.6933907349006917,0.6933907349006917,0.03571428571428571,0.03571428571428571,0.0003970620559201266,12500.0,168,168,cemhsey_forward_day_logo
cemhsey,cemhsey_forward_day_logo|D04,agency_margin_tau_0.02,S8,grasp_protocol,D04,0.30952380952380953,0.3095238095238096,0.26588631119639283,0.26588631119639283,0.9735979424778517,7.529833191759045,0.24098997013778328,0.6910968330123104,0.6910968330123104,0.041666666666666664,0.041666666666666664,0.00044089471770706,12500.0,168,168,cemhsey_forward_day_logo
cemhsey,cemhsey_forward_day_logo|D04,set_acsa_tau_0.05,S8,grasp_protocol,D04,0.2916666666666667,0.29166666666666663,0.24504846334993122,0.24504846334993122,0.8186211896029855,1.7430850244663803,0.08392696330136629,0.7078381736763016,0.7078381736763016,0.07142857142857142,0.07142857142857142,0.0016210954716342446,12500.0,168,168,cemhsey_forward_day_logo
cemhsey,cemhsey_forward_day_logo|D04,agency_margin_tau_0.05,S8,grasp_protocol,D04,0.2916666666666667,0.29166666666666663,0.24346240045140913,0.24346240045140913,0.9576989963888108,7.231327595813644,0.23130221620701563,0.7061638163397079,0.7061638163397079,0.08333333333333333,0.08333333333333333,0.0019118851728728754,12500.0,168,168,cemhsey_forward_day_logo
cemhsey,cemhsey_forward_day_logo|D04,set_acsa_tau_0.10,S8,grasp_protocol,D04,0.2857142857142857,0.2857142857142857,0.24420004831630365,0.24420004831630365,0.8295566756814461,1.7880520472642605,0.10150115931416495,0.7451260860201436,0.7451260860201436,0.1488095238095238,0.1488095238095238,0.007639735640765107,12500.0,168,168,cemhsey_forward_day_logo
cemhsey,cemhsey_forward_day_logo|D04,agency_margin_tau_0.10,S8,grasp_protocol,D04,0.27976190476190477,0.27976190476190477,0.23809860950804973,0.23809860950804973,0.9690790515772443,7.30004382859487,0.2502576826688198,0.7434783017265323,0.7434783017265323,0.17857142857142858,0.17857142857142858,0.00991543580039546,12500.0,168,168,cemhsey_forward_day_logo
cemhsey,cemhsey_forward_day_logo|D04,set_acsa_tau_0.15,S8,grasp_protocol,D04,0.2619047619047619,0.2619047619047619,0.22770035585023876,0.22770035585023876,0.8359867048167062,1.7945381887204925,0.13235506945913605,0.7677712861672857,0.7677712861672857,0.25595238095238093,0.25595238095238093,0.02076192554698273,12500.0,168,168,cemhsey_forward_day_logo
cemhsey,cemhsey_forward_day_logo|D04,agency_margin_tau_0.15,S8,grasp_protocol,D04,0.2619047619047619,0.2619047619047619,0.22701820350781818,0.22701820350781818,0.933656487714352,6.095686158968892,0.2526698387952052,0.7681648910398539,0.7681648910398539,0.27380952380952384,0.27380952380952384,0.02205359094266549,12500.0,168,168,cemhsey_forward_day_logo
cemhsey,cemhsey_forward_day_logo|D04,set_acsa_tau_0.20,S8,grasp_protocol,D04,0.2619047619047619,0.2619047619047619,0.22669649051525959,0.22669649051525959,0.83425241788819,1.7820199980964924,0.13585138984469194,0.769908692318081,0.769908692318081,0.3273809523809524,0.3273809523809524,0.03300556269715865,12500.0,168,168,cemhsey_forward_day_logo
cemhsey,cemhsey_forward_day_logo|D04,agency_margin_tau_0.20,S8,grasp_protocol,D04,0.2619047619047619,0.2619047619047619,0.22669649051525959,0.22669649051525959,0.8741141527059013,3.9656926570342184,0.19743498328823128,0.769908692318081,0.769908692318081,0.3273809523809524,0.3273809523809524,0.03300556269715865,12500.0,168,168,cemhsey_forward_day_logo
cemhsey,cemhsey_forward_day_logo|D04,user_only,S9,grasp_protocol,D04,0.4107142857142857,0.41071428571428575,0.39353593128891523,0.39353593128891523,0.7295905639852219,1.508126684463345,0.10428050013084829,0.5211861208706465,0.5211861208706465,0.0,0.0,0.0,12500.0,168,168,cemhsey_forward_day_logo
cemhsey,cemhsey_forward_day_logo|D04,assist_only,S9,grasp_protocol,D04,0.4166666666666667,0.41666666666666663,0.40848491288459055,0.40848491288459055,0.7044699996937988,1.4291916128233813,0.09352201881450416,0.5098929225405744,0.5098929225405744,0.625,0.625,0.08345875908447004,12500.0,168,168,cemhsey_forward_day_logo
cemhsey,cemhsey_forward_day_logo|D04,confidence_blend_alpha_0.25,S9,grasp_protocol,D04,0.42857142857142855,0.42857142857142866,0.41627746338992544,0.41627746338992544,0.7108750778879733,1.4572075545041154,0.1306506341932772,0.46660601098943894,0.46660601098943894,0.16071428571428573,0.16071428571428573,0.005111459668784411,12500.0,168,168,cemhsey_forward_day_logo
cemhsey,cemhsey_forward_day_logo|D04,confidence_blend_alpha_0.50,S9,grasp_protocol,D04,0.4523809523809524,0.4523809523809524,0.45001577487927963,0.45001577487927963,0.7004498218069873,1.4305117059876877,0.1511560505547751,0.43038878156197924,0.43038878156197924,0.3273809523809524,0.3273809523809524,0.02124441501282558,12500.0,168,168,cemhsey_forward_day_logo
cemhsey,cemhsey_forward_day_logo|D04,confidence_blend_alpha_0.75,S9,grasp_protocol,D04,0.40476190476190477,0.40476190476190477,0.39140719687832143,0.39140719687832143,0.6983147957422622,1.4213120744469399,0.08697580425377648,0.4738482567686548,0.4738482567686548,0.5059523809523809,0.5059523809523809,0.05563510427345064,12500.0,168,168,cemhsey_forward_day_logo
cemhsey,cemhsey_forward_day_logo|D04,selective_prediction,S9,grasp_protocol,D04,0.4107142857142857,0.41071428571428575,0.39353593128891523,0.39353593128891523,0.7295905639852219,1.508126684463345,0.1042805001308483,0.5203544425928208,0.5203544425928208,0.0,0.0,0.0,12500.0,504,504,cemhsey_forward_day_logo
cemhsey,cemhsey_forward_day_logo|D04,set_acsa_tau_0.02,S9,grasp_protocol,D04,0.3869047619047619,0.3869047619047619,0.375472654850929,0.375472654850929,0.7222170898232838,1.4825319071724574,0.09325907335720823,0.5336071137586722,0.5336071137586722,0.05357142857142857,0.05357142857142857,0.0003960388878007356,12500.0,168,168,cemhsey_forward_day_logo
cemhsey,cemhsey_forward_day_logo|D04,agency_margin_tau_0.02,S9,grasp_protocol,D04,0.39285714285714285,0.39285714285714285,0.38195768625642706,0.38195768625642706,0.7958422345379346,4.3186379859811215,0.187547645729139,0.532129390507234,0.532129390507234,0.05952380952380952,0.05952380952380952,0.0004544898847979727,12500.0,168,168,cemhsey_forward_day_logo
cemhsey,cemhsey_forward_day_logo|D04,set_acsa_tau_0.05,S9,grasp_protocol,D04,0.40476190476190477,0.40476190476190477,0.39383614097496367,0.39383614097496367,0.718983399075828,1.474191706111406,0.08276631112470291,0.5219466278245912,0.5219466278245912,0.13095238095238096,0.13095238095238096,0.00317942715490548,12500.0,168,168,cemhsey_forward_day_logo
cemhsey,cemhsey_forward_day_logo|D04,agency_margin_tau_0.05,S9,grasp_protocol,D04,0.4107142857142857,0.4107142857142857,0.4001638900236056,0.4001638900236056,0.7462379980449876,3.054843149346796,0.1608268074233899,0.5205063382614855,0.5205063382614855,0.13690476190476192,0.13690476190476192,0.0032378781519027174,12500.0,168,168,cemhsey_forward_day_logo
cemhsey,cemhsey_forward_day_logo|D04,set_acsa_tau_0.10,S9,grasp_protocol,D04,0.40476190476190477,0.4047619047619047,0.4004470263945178,0.4004470263945178,0.7138202915265097,1.456003262346955,0.04769079799674166,0.5246515373021164,0.5246515373021164,0.22023809523809523,0.22023809523809523,0.009638377255110018,12500.0,168,168,cemhsey_forward_day_logo
cemhsey,cemhsey_forward_day_logo|D04,agency_margin_tau_0.10,S9,grasp_protocol,D04,0.4107142857142857,0.4107142857142857,0.40999571525355144,0.40999571525355144,0.7295380797528792,2.440174984849926,0.10151728680704696,0.5244720130361892,0.5244720130361892,0.2261904761904762,0.2261904761904762,0.010123703452689814,12500.0,168,168,cemhsey_forward_day_logo
cemhsey,cemhsey_forward_day_logo|D04,set_acsa_tau_0.15,S9,grasp_protocol,D04,0.4226190476190476,0.4226190476190476,0.42090859332238634,0.42090859332238634,0.7060738776855976,1.4370149688818705,0.07059113666302988,0.5192914242476683,0.5192914242476683,0.27380952380952384,0.27380952380952384,0.016146569342862408,12500.0,168,168,cemhsey_forward_day_logo
cemhsey,cemhsey_forward_day_logo|D04,agency_margin_tau_0.15,S9,grasp_protocol,D04,0.4226190476190476,0.4226190476190476,0.42090859332238634,0.42090859332238634,0.6968399442895283,1.6675145971169325,0.07542763052457173,0.5192914242476683,0.5192914242476683,0.27380952380952384,0.27380952380952384,0.016146569342862408,12500.0,168,168,cemhsey_forward_day_logo
cemhsey,cemhsey_forward_day_logo|D04,set_acsa_tau_0.20,S9,grasp_protocol,D04,0.4226190476190476,0.4226190476190476,0.42089568057302384,0.42089568057302384,0.7081653538847756,1.4400513478022792,0.06588393222091903,0.524763577747136,0.524763577747136,0.2857142857142857,0.2857142857142857,0.018323426928240145,12500.0,168,168,cemhsey_forward_day_logo
cemhsey,cemhsey_forward_day_logo|D04,agency_margin_tau_0.20,S9,grasp_protocol,D04,0.4226190476190476,0.4226190476190476,0.4189196681807519,0.4189196681807519,0.6946830510211437,1.5353217019779182,0.05702677071572221,0.5248620247257086,0.5248620247257086,0.2916666666666667,0.2916666666666667,0.0194544136300589,12500.0,168,168,cemhsey_forward_day_logo
cemhsey,cemhsey_forward_day_logo|D04,user_only,S11,grasp_protocol,D04,0.5595238095238095,0.5595238095238095,0.5477277182889748,0.5477277182889748,0.585508867288331,1.214141306649275,0.13637104537668213,0.22402168627362387,0.22402168627362387,0.0,0.0,0.0,12500.0,168,168,cemhsey_forward_day_logo
cemhsey,cemhsey_forward_day_logo|D04,assist_only,S11,grasp_protocol,D04,0.625,0.625,0.5886836499966701,0.5886836499966701,0.5390793954120039,1.1006172207696459,0.23888386247467655,0.1612787712791221,0.1612787712791221,0.4226190476190476,0.4226190476190476,0.07972081488565956,12500.0,168,168,cemhsey_forward_day_logo
cemhsey,cemhsey_forward_day_logo|D04,confidence_blend_alpha_0.25,S11,grasp_protocol,D04,0.6130952380952381,0.613095238095238,0.5979927823684548,0.5979927823684548,0.558894640870764,1.139046440268562,0.20122895594421628,0.19727952561377857,0.19727952561377857,0.07738095238095238,0.07738095238095238,0.004671694575683662,12500.0,168,168,cemhsey_forward_day_logo
cemhsey,cemhsey_forward_day_logo|D04,confidence_blend_alpha_0.50,S11,grasp_protocol,D04,0.6904761904761905,0.6904761904761905,0.6627931077431632,0.6627931077431632,0.5422849867521905,1.1068268990763772,0.2921117861301631,0.1654060538424297,0.1654060538424297,0.22023809523809523,0.22023809523809523,0.03097587548337471,12500.0,168,168,cemhsey_forward_day_logo
cemhsey,cemhsey_forward_day_logo|D04,confidence_blend_alpha_0.75,S11,grasp_protocol,D04,0.6666666666666666,0.6666666666666667,0.6303343604410052,0.6303343604410052,0.5356799049326033,1.095238654021777,0.27789542558822206,0.15399732547640038,0.15399732547640038,0.32142857142857145,0.32142857142857145,0.05015805851080661,12500.0,168,168,cemhsey_forward_day_logo
cemhsey,cemhsey_forward_day_logo|D04,selective_prediction,S11,grasp_protocol,D04,0.5674603174603174,0.5674603174603176,0.5542975023595433,0.5542975023595433,0.5766857880428493,1.1935922081893264,0.13897897408986049,0.21403046587646057,0.21403046587646057,0.007936507936507936,0.007936507936507936,0.0020621379440827117,12500.0,504,504,cemhsey_forward_day_logo
cemhsey,cemhsey_forward_day_logo|D04,set_acsa_tau_0.02,S11,grasp_protocol,D04,0.5535714285714286,0.5535714285714286,0.540177372809733,0.540177372809733,0.5726018283354077,1.187955963479224,0.11269619343461086,0.2103841600566705,0.2103841600566705,0.005952380952380952,0.005952380952380952,4.370402368330555e-05,12500.0,168,168,cemhsey_forward_day_logo
cemhsey,cemhsey_forward_day_logo|D04,agency_margin_tau_0.02,S11,grasp_protocol,D04,0.5535714285714286,0.5535714285714286,0.540177372809733,0.540177372809733,0.5927253670199365,2.3544767091466885,0.12914025977837978,0.21054500965478357,0.21054500965478357,0.005952380952380952,0.005952380952380952,4.370402368330555e-05,12500.0,168,168,cemhsey_forward_day_logo
cemhsey,cemhsey_forward_day_logo|D04,set_acsa_tau_0.05,S11,grasp_protocol,D04,0.5654761904761905,0.5654761904761905,0.5514277179087979,0.5514277179087979,0.569399140843422,1.1826970595235564,0.11962831382993559,0.2051437517574072,0.2051437517574072,0.017857142857142856,0.017857142857142856,0.0005279169553243579,12500.0,168,168,cemhsey_forward_day_logo
cemhsey,cemhsey_forward_day_logo|D04,agency_margin_tau_0.05,S11,grasp_protocol,D04,0.5595238095238095,0.5595238095238095,0.5433274473085273,0.5433274473085273,0.5802967557300451,2.18650170680933,0.12749233603308602,0.20537479901803632,0.20537479901803632,0.023809523809523808,0.023809523809523808,0.0007179842321240628,12500.0,168,168,cemhsey_forward_day_logo
cemhsey,cemhsey_forward_day_logo|D04,set_acsa_tau_0.10,S11,grasp_protocol,D04,0.5714285714285714,0.5714285714285714,0.5564378283837942,0.5564378283837942,0.5633693790443258,1.1705834660096714,0.12218366720303801,0.19930103233966395,0.19930103233966395,0.05952380952380952,0.05952380952380952,0.003521122424012765,12500.0,168,168,cemhsey_forward_day_logo
cemhsey,cemhsey_forward_day_logo|D04,agency_margin_tau_0.10,S11,grasp_protocol,D04,0.5654761904761905,0.5654761904761905,0.5491458709412802,0.5491458709412802,0.5537959087949974,1.8450803916214173,0.1132224029996956,0.19952520811719732,0.19952520811719732,0.07142857142857142,0.07142857142857142,0.004184854212516673,12500.0,168,168,cemhsey_forward_day_logo
cemhsey,cemhsey_forward_day_logo|D04,set_acsa_tau_0.15,S11,grasp_protocol,D04,0.5952380952380952,0.5952380952380952,0.5693315684296544,0.5693315684296544,0.547705220071071,1.135139864578132,0.1498924336452903,0.18414561052880518,0.18414561052880518,0.11904761904761904,0.11904761904761904,0.011057933596094974,12500.0,168,168,cemhsey_forward_day_logo
cemhsey,cemhsey_forward_day_logo|D04,agency_margin_tau_0.15,S11,grasp_protocol,D04,0.5952380952380952,0.5952380952380952,0.5693315684296544,0.5693315684296544,0.5317618137310172,1.5139679883022816,0.11600228112414851,0.18414561052880518,0.18414561052880518,0.11904761904761904,0.11904761904761904,0.011057933596094974,12500.0,168,168,cemhsey_forward_day_logo
cemhsey,cemhsey_forward_day_logo|D04,set_acsa_tau_0.20,S11,grasp_protocol,D04,0.625,0.625,0.5968822699186929,0.5968822699186929,0.5314708226496239,1.1007402845428882,0.16611727208048513,0.16753761290408656,0.16753761290408656,0.1488095238095238,0.1488095238095238,0.016213159512874192,12500.0,168,168,cemhsey_forward_day_logo
cemhsey,cemhsey_forward_day_logo|D04,agency_margin_tau_0.20,S11,grasp_protocol,D04,0.625,0.625,0.5968822699186929,0.5968822699186929,0.5106124981929445,1.3254742628050236,0.1271224983063918,0.16753761290408656,0.16753761290408656,0.1488095238095238,0.1488095238095238,0.016213159512874192,12500.0,168,168,cemhsey_forward_day_logo
cemhsey,cemhsey_forward_day_logo|D04,user_only,S12,grasp_protocol,D04,0.6309523809523809,0.630952380952381,0.6347029165880398,0.6347029165880398,0.5611115743309892,1.160517455411698,0.22728929246304982,0.15243577869956773,0.15243577869956773,0.0,0.0,0.0,12500.0,168,168,cemhsey_forward_day_logo
cemhsey,cemhsey_forward_day_logo|D04,assist_only,S12,grasp_protocol,D04,0.6726190476190477,0.6726190476190476,0.6732535992861328,0.6732535992861328,0.5006665841775717,0.9925195826968428,0.2346638303215578,0.12260124157009208,0.12260124157009208,0.35119047619047616,0.35119047619047616,0.04267125007324659,12500.0,168,168,cemhsey_forward_day_logo
cemhsey,cemhsey_forward_day_logo|D04,confidence_blend_alpha_0.25,S12,grasp_protocol,D04,0.7023809523809523,0.7023809523809523,0.7037278850128841,0.7037278850128841,0.5325320191368228,1.0894707744200924,0.2855909628431855,0.12301746173032041,0.12301746173032041,0.14285714285714285,0.14285714285714285,0.00752334852740766,12500.0,168,168,cemhsey_forward_day_logo
cemhsey,cemhsey_forward_day_logo|D04,confidence_blend_alpha_0.50,S12,grasp_protocol,D04,0.7440476190476191,0.744047619047619,0.7452384621345824,0.7452384621345824,0.5129313357131975,1.0424230617298231,0.32165920250294755,0.10443036080859144,0.10443036080859144,0.25,0.25,0.021049993208464308,12500.0,168,168,cemhsey_forward_day_logo
cemhsey,cemhsey_forward_day_logo|D04,confidence_blend_alpha_0.75,S12,grasp_protocol,D04,0.7083333333333334,0.7083333333333333,0.7105834641548928,0.7105834641548928,0.5023095240601102,1.0109547234727159,0.27090900170780324,0.10636439052322914,0.10636439052322914,0.2976190476190476,0.2976190476190476,0.03121115868951924,12500.0,168,168,cemhsey_forward_day_logo
cemhsey,cemhsey_forward_day_logo|D04,selective_prediction,S12,grasp_protocol,D04,0.6369047619047619,0.6369047619047619,0.6400745484166558,0.6400745484166558,0.5491177270362672,1.1399236169996187,0.22189829408863854,0.1439156859398657,0.1439156859398657,0.005952380952380952,0.005952380952380952,0.0010046379235695239,12500.0,504,504,cemhsey_forward_day_logo
cemhsey,cemhsey_forward_day_logo|D04,set_acsa_tau_0.02,S12,grasp_protocol,D04,0.6488095238095238,0.6488095238095238,0.6512296216389777,0.6512296216389777,0.5065661212779081,1.0580404527365346,0.21738351941426837,0.11071372492363715,0.11071372492363715,0.023809523809523808,0.023809523809523808,0.0003040353721171213,12500.0,168,168,cemhsey_forward_day_logo
cemhsey,cemhsey_forward_day_logo|D04,agency_margin_tau_0.02,S12,grasp_protocol,D04,0.6428571428571429,0.6428571428571429,0.6463175937761302,0.6463175937761302,0.47766597979154046,2.5487089437358708,0.181261975268815,0.10864433138639898,0.10864433138639898,0.02976190476190476,0.02976190476190476,0.0003638046089112985,12500.0,168,168,cemhsey_forward_day_logo
cemhsey,cemhsey_forward_day_logo|D04,set_acsa_tau_0.05,S12,grasp_protocol,D04,0.6488095238095238,0.6488095238095238,0.6527246953763516,0.6527246953763516,0.5057819083587383,1.053371349167869,0.22371194877093215,0.1105692570562374,0.1105692570562374,0.06547619047619048,0.06547619047619048,0.0014812969012906567,12500.0,168,168,cemhsey_forward_day_logo
cemhsey,cemhsey_forward_day_logo|D04,agency_margin_tau_0.05,S12,grasp_protocol,D04,0.6488095238095238,0.6488095238095238,0.6534158386617529,0.6534158386617529,0.47301398442217135,2.695249458138478,0.159301181697089,0.1082190669414782,0.1082190669414782,0.07142857142857142,0.07142857142857142,0.0016965973364734372,12500.0,168,168,cemhsey_forward_day_logo
cemhsey,cemhsey_forward_day_logo|D04,set_acsa_tau_0.10,S12,grasp_protocol,D04,0.6964285714285714,0.6964285714285714,0.6988208940205586,0.6988208940205586,0.4824967297682128,0.9947155132327836,0.23854457397326612,0.09827103087658359,0.09827103087658359,0.16666666666666666,0.16666666666666666,0.008361680390788216,12500.0,168,168,cemhsey_forward_day_logo
cemhsey,cemhsey_forward_day_logo|D04,agency_margin_tau_0.10,S12,grasp_protocol,D04,0.6964285714285714,0.6964285714285714,0.6988208940205586,0.6988208940205586,0.4436333992798278,2.1756683543515414,0.16059400646396088,0.09730737105155243,0.09730737105155243,0.16666666666666666,0.16666666666666666,0.008361680390788216,12500.0,168,168,cemhsey_forward_day_logo
cemhsey,cemhsey_forward_day_logo|D04,set_acsa_tau_0.15,S12,grasp_protocol,D04,0.7142857142857143,0.7142857142857143,0.7171318099889529,0.7171318099889529,0.47216908099841653,0.9725836165274951,0.24093744369589648,0.09241052536673364,0.09241052536673364,0.19642857142857142,0.19642857142857142,0.01222020085489261,12500.0,168,168,cemhsey_forward_day_logo
cemhsey,cemhsey_forward_day_logo|D04,agency_margin_tau_0.15,S12,grasp_protocol,D04,0.7202380952380952,0.7202380952380951,0.7224732397624196,0.7224732397624196,0.43931555510041304,1.7317714500641495,0.20436409055392254,0.09093316054540926,0.09093316054540926,0.20238095238095238,0.20238095238095238,0.012862102659335791,12500.0,168,168,cemhsey_forward_day_logo
cemhsey,cemhsey_forward_day_logo|D04,set_acsa_tau_0.20,S12,grasp_protocol,D04,0.7202380952380952,0.7202380952380952,0.7243545609663636,0.7243545609663636,0.46438099876406386,0.9465254989726207,0.23798598747609967,0.09061393428143462,0.09061393428143462,0.23809523809523808,0.23809523809523808,0.01931652024120822,12500.0,168,168,cemhsey_forward_day_logo
cemhsey,cemhsey_forward_day_logo|D04,agency_margin_tau_0.20,S12,grasp_protocol,D04,0.7202380952380952,0.7202380952380952,0.7242891476934031,0.7242891476934031,0.4487344196554094,1.4488566499613533,0.20081590174351766,0.0906904930273482,0.0906904930273482,0.24404761904761904,0.24404761904761904,0.02029158506664171,12500.0,168,168,cemhsey_forward_day_logo
cemhsey,cemhsey_forward_day_logo|D04,user_only,S13,grasp_protocol,D04,0.7142857142857143,0.7142857142857143,0.7112975715045812,0.7112975715045812,0.5541408181032935,1.1429831024901493,0.3341284577020543,0.09923946243425458,0.09923946243425458,0.0,0.0,0.0,12500.0,168,168,cemhsey_forward_day_logo
cemhsey,cemhsey_forward_day_logo|D04,assist_only,S13,grasp_protocol,D04,0.8452380952380952,0.8452380952380951,0.843599229570317,0.843599229570317,0.5057361484716504,1.0271730914212367,0.45823677434103316,0.0315441246547655,0.0315441246547655,0.31547619047619047,0.31547619047619047,0.038428885664393606,12500.0,168,168,cemhsey_forward_day_logo
cemhsey,cemhsey_forward_day_logo|D04,confidence_blend_alpha_0.25,S13,grasp_protocol,D04,0.7619047619047619,0.7619047619047619,0.7591402472025602,0.7591402472025602,0.5325467287359339,1.0919229709617966,0.3888124122582308,0.058151593797771475,0.058151593797771475,0.09523809523809523,0.09523809523809523,0.002928944528251762,12500.0,168,168,cemhsey_forward_day_logo
cemhsey,cemhsey_forward_day_logo|D04,confidence_blend_alpha_0.50,S13,grasp_protocol,D04,0.8273809523809523,0.8273809523809524,0.8225859324692922,0.8225859324692922,0.5172812540082072,1.0592740213658065,0.4635005666779911,0.030835333131752414,0.030835333131752414,0.19642857142857142,0.19642857142857142,0.013828457954971356,12500.0,168,168,cemhsey_forward_day_logo
cemhsey,cemhsey_forward_day_logo|D04,confidence_blend_alpha_0.75,S13,grasp_protocol,D04,0.8630952380952381,0.8630952380952381,0.8622654264081107,0.8622654264081107,0.5083443939201127,1.0384632342592912,0.497214741881423,0.021580167982652287,0.021580167982652287,0.27380952380952384,0.27380952380952384,0.026127460538898344,12500.0,168,168,cemhsey_forward_day_logo
cemhsey,cemhsey_forward_day_logo|D04,selective_prediction,S13,grasp_protocol,D04,0.7142857142857143,0.7142857142857143,0.7112975715045812,0.7112975715045812,0.5485885977037935,1.1327538149975336,0.32907838192912325,0.09605736164250608,0.09605736164250608,0.0,0.0,0.0,12500.0,504,504,cemhsey_forward_day_logo
cemhsey,cemhsey_forward_day_logo|D04,set_acsa_tau_0.02,S13,grasp_protocol,D04,0.7321428571428571,0.732142857142857,0.7279987237051359,0.7279987237051359,0.5085741446767911,1.059322928629049,0.3380694738833564,0.06236782108789746,0.06236782108789746,0.03571428571428571,0.03571428571428571,0.0003289137234957836,12500.0,168,168,cemhsey_forward_day_logo
cemhsey,cemhsey_forward_day_logo|D04,agency_margin_tau_0.02,S13,grasp_protocol,D04,0.7321428571428571,0.732142857142857,0.727686042111974,0.727686042111974,0.439415925478039,1.7589388790178906,0.2378726882041861,0.0627408906302842,0.0627408906302842,0.047619047619047616,0.047619047619047616,0.00037259648696595036,12500.0,168,168,cemhsey_forward_day_logo
cemhsey,cemhsey_forward_day_logo|D04,set_acsa_tau_0.05,S13,grasp_protocol,D04,0.7440476190476191,0.744047619047619,0.7385874478267077,0.7385874478267077,0.5071010466383912,1.0561993927226847,0.34603199260146306,0.05942659741335057,0.05942659741335057,0.05357142857142857,0.05357142857142857,0.0009901627024626327,12500.0,168,168,cemhsey_forward_day_logo
cemhsey,cemhsey_forward_day_logo|D04,agency_margin_tau_0.05,S13,grasp_protocol,D04,0.7440476190476191,0.744047619047619,0.7386941226667706,0.7386941226667706,0.42831670848548514,1.4454041118910985,0.2396684401643729,0.05957684064719623,0.05957684064719623,0.05952380952380952,0.05952380952380952,0.0010338454659327995,12500.0,168,168,cemhsey_forward_day_logo
cemhsey,cemhsey_forward_day_logo|D04,set_acsa_tau_0.10,S13,grasp_protocol,D04,0.7857142857142857,0.7857142857142857,0.7792184202126647,0.7792184202126647,0.49303635422253433,1.0261301607360866,0.37302141308992826,0.047490427401817095,0.047490427401817095,0.09523809523809523,0.09523809523809523,0.003862161576711206,12500.0,168,168,cemhsey_forward_day_logo
cemhsey,cemhsey_forward_day_logo|D04,agency_margin_tau_0.10,S13,grasp_protocol,D04,0.7857142857142857,0.7857142857142857,0.7788726819690311,0.7788726819690311,0.4144024023498889,1.2756282382191286,0.2626920793534479,0.04767529821807693,0.04767529821807693,0.10714285714285714,0.10714285714285714,0.004362464463398917,12500.0,168,168,cemhsey_forward_day_logo
cemhsey,cemhsey_forward_day_logo|D04,set_acsa_tau_0.15,S13,grasp_protocol,D04,0.8095238095238095,0.8095238095238094,0.8028638123631706,0.8028638123631706,0.48068449017548226,0.9929572824782592,0.3883863117478989,0.04230440152497989,0.04230440152497989,0.125,0.125,0.007350729955127118,12500.0,168,168,cemhsey_forward_day_logo
cemhsey,cemhsey_forward_day_logo|D04,agency_margin_tau_0.15,S13,grasp_protocol,D04,0.8095238095238095,0.8095238095238094,0.8028638123631706,0.8028638123631706,0.41506217906134424,0.8385400392211889,0.29577122956068386,0.04230440152497989,0.04230440152497989,0.125,0.125,0.007350729955127118,12500.0,168,168,cemhsey_forward_day_logo
cemhsey,cemhsey_forward_day_logo|D04,set_acsa_tau_0.20,S13,grasp_protocol,D04,0.8095238095238095,0.8095238095238094,0.8026016916752357,0.8026016916752357,0.47833385127003175,0.9879499608534201,0.39269026854420336,0.040655892998156605,0.040655892998156605,0.13690476190476192,0.13690476190476192,0.009468130838280709,12500.0,168,168,cemhsey_forward_day_logo
cemhsey,cemhsey_forward_day_logo|D04,agency_margin_tau_0.20,S13,grasp_protocol,D04,0.8095238095238095,0.8095238095238094,0.8026016916752357,0.8026016916752357,0.4303101391471177,0.8751084363616053,0.3371835295056001,0.040655892998156605,0.040655892998156605,0.13690476190476192,0.13690476190476192,0.009468130838280709,12500.0,168,168,cemhsey_forward_day_logo
cemhsey,cemhsey_forward_day_logo|D05,user_only,S1,grasp_protocol,D05,0.7023809523809523,0.7023809523809524,0.7003538558280455,0.7003538558280455,0.4651002573758219,0.9238895622465959,0.19914534803930514,0.13582105640628808,0.13582105640628808,0.0,0.0,0.0,12500.0,168,168,cemhsey_forward_day_logo
cemhsey,cemhsey_forward_day_logo|D05,assist_only,S1,grasp_protocol,D05,0.7083333333333334,0.7083333333333334,0.712994248687661,0.712994248687661,0.4419988070418143,0.82033844335126,0.16757190211843428,0.19360723114442407,0.19360723114442407,0.2916666666666667,0.2916666666666667,0.05337172008347609,12500.0,168,168,cemhsey_forward_day_logo
cemhsey,cemhsey_forward_day_logo|D05,confidence_blend_alpha_0.25,S1,grasp_protocol,D05,0.7083333333333334,0.7083333333333334,0.7091280148423005,0.7091280148423005,0.4427831732441993,0.8579950817049865,0.21963594185969001,0.13259048405602444,0.13259048405602444,0.10119047619047619,0.10119047619047619,0.005182809066669399,12500.0,168,168,cemhsey_forward_day_logo
cemhsey,cemhsey_forward_day_logo|D05,confidence_blend_alpha_0.50,S1,grasp_protocol,D05,0.7440476190476191,0.744047619047619,0.7449430059444457,0.7449430059444457,0.4314939034780059,0.8290563489324934,0.2547787187445111,0.1369849389175342,0.1369849389175342,0.17857142857142858,0.17857142857142858,0.018353378154617593,12500.0,168,168,cemhsey_forward_day_logo
cemhsey,cemhsey_forward_day_logo|D05,confidence_blend_alpha_0.75,S1,grasp_protocol,D05,0.7440476190476191,0.7440476190476192,0.744422202088106,0.744422202088106,0.4312324480772107,0.8177064143532198,0.21752289008466313,0.16174647869102926,0.16174647869102926,0.25595238095238093,0.25595238095238093,0.04221970784761052,12500.0,168,168,cemhsey_forward_day_logo
cemhsey,cemhsey_forward_day_logo|D05,selective_prediction,S1,grasp_protocol,D05,0.7142857142857143,0.7142857142857144,0.7115748216495957,0.7115748216495957,0.4458545599110044,0.8716959572121322,0.17828553972454825,0.1409636165350448,0.1409636165350448,0.031746031746031744,0.031746031746031744,0.004373689066502951,12500.0,504,504,cemhsey_forward_day_logo
cemhsey,cemhsey_forward_day_logo|D05,set_acsa_tau_0.02,S1,grasp_protocol,D05,0.7023809523809523,0.7023809523809524,0.7003227150797482,0.7003227150797482,0.44668880009566386,0.8856633079473133,0.1620560950521726,0.14948872609442893,0.14948872609442893,0.03571428571428571,0.03571428571428571,0.0001356178975049248,12500.0,168,168,cemhsey_forward_day_logo
cemhsey,cemhsey_forward_day_logo|D05,agency_margin_tau_0.02,S1,grasp_protocol,D05,0.7083333333333334,0.7083333333333333,0.7063134757732598,0.7063134757732598,0.4602476743237289,3.035878738782522,0.1999204930042427,0.14927509591343374,0.14927509591343374,0.041666666666666664,0.041666666666666664,0.00016606682399763809,12500.0,168,168,cemhsey_forward_day_logo
cemhsey,cemhsey_forward_day_logo|D05,set_acsa_tau_0.05,S1,grasp_protocol,D05,0.6964285714285714,0.6964285714285714,0.6946809712027103,0.6946809712027103,0.4485030979129872,0.8867761297569723,0.15763559753814024,0.15216960454545136,0.15216960454545136,0.05952380952380952,0.05952380952380952,0.0010631983047115125,12500.0,168,168,cemhsey_forward_day_logo
cemhsey,cemhsey_forward_day_logo|D05,agency_margin_tau_0.05,S1,grasp_protocol,D05,0.6964285714285714,0.6964285714285714,0.6946809712027103,0.6946809712027103,0.46389455621000375,2.8883863544507835,0.18393419886987034,0.15216960454545136,0.15216960454545136,0.05952380952380952,0.05952380952380952,0.0010631983047115125,12500.0,168,168,cemhsey_forward_day_logo
cemhsey,cemhsey_forward_day_logo|D05,set_acsa_tau_0.10,S1,grasp_protocol,D05,0.6904761904761905,0.6904761904761905,0.6920877965647946,0.6920877965647946,0.448114305566347,0.8741960228456921,0.14844645369612405,0.16278362865953763,0.16278362865953763,0.10119047619047619,0.10119047619047619,0.004128661316206765,12500.0,168,168,cemhsey_forward_day_logo
cemhsey,cemhsey_forward_day_logo|D05,agency_margin_tau_0.10,S1,grasp_protocol,D05,0.6904761904761905,0.6904761904761905,0.6920877965647946,0.6920877965647946,0.4479659512518194,2.4091965113609173,0.15253097938396779,0.16278362865953763,0.16278362865953763,0.10119047619047619,0.10119047619047619,0.004128661316206765,12500.0,168,168,cemhsey_forward_day_logo
cemhsey,cemhsey_forward_day_logo|D05,set_acsa_tau_0.15,S1,grasp_protocol,D05,0.7142857142857143,0.7142857142857143,0.714815644125989,0.714815644125989,0.436214563539192,0.8514788300282407,0.15681566907994773,0.15570485435755485,0.15570485435755485,0.125,0.125,0.007016068171913594,12500.0,168,168,cemhsey_forward_day_logo
cemhsey,cemhsey_forward_day_logo|D05,agency_margin_tau_0.15,S1,grasp_protocol,D05,0.7142857142857143,0.7142857142857143,0.714815644125989,0.714815644125989,0.41155787863835575,1.46815876180446,0.12463074367615987,0.15570485435755485,0.15570485435755485,0.125,0.125,0.007016068171913594,12500.0,168,168,cemhsey_forward_day_logo
cemhsey,cemhsey_forward_day_logo|D05,set_acsa_tau_0.20,S1,grasp_protocol,D05,0.7261904761904762,0.7261904761904763,0.7248767262907571,0.7248767262907571,0.42759106494482846,0.8323785427988484,0.16074158445233855,0.15612771312103493,0.15612771312103493,0.1488095238095238,0.1488095238095238,0.011124414288635096,12500.0,168,168,cemhsey_forward_day_logo
cemhsey,cemhsey_forward_day_logo|D05,agency_margin_tau_0.20,S1,grasp_protocol,D05,0.7261904761904762,0.7261904761904763,0.7248767262907571,0.7248767262907571,0.40187824165229813,1.1672631357928165,0.12908863286298172,0.15612771312103493,0.15612771312103493,0.1488095238095238,0.1488095238095238,0.011124414288635096,12500.0,168,168,cemhsey_forward_day_logo
cemhsey,cemhsey_forward_day_logo|D05,user_only,S10,grasp_protocol,D05,0.47619047619047616,0.47619047619047616,0.4435671184876964,0.4435671184876964,0.6634890588043829,1.366238303276184,0.12630349817188108,0.3767491145760696,0.3767491145760696,0.0,0.0,0.0,12500.0,168,168,cemhsey_forward_day_logo
cemhsey,cemhsey_forward_day_logo|D05,assist_only,S10,grasp_protocol,D05,0.49404761904761907,0.49404761904761907,0.42399430390062715,0.42399430390062715,0.6482352425303487,1.3212963289624038,0.15842655525195362,0.3321670495989328,0.3321670495989328,0.39285714285714285,0.39285714285714285,0.0474735051075478,12500.0,168,168,cemhsey_forward_day_logo
cemhsey,cemhsey_forward_day_logo|D05,confidence_blend_alpha_0.25,S10,grasp_protocol,D05,0.5238095238095238,0.5238095238095238,0.49497911768618646,0.49497911768618646,0.6497112501240354,1.3288835125107878,0.1879581151230708,0.33994922058477695,0.33994922058477695,0.08333333333333333,0.08333333333333333,0.0029240378459475034,12500.0,168,168,cemhsey_forward_day_logo
cemhsey,cemhsey_forward_day_logo|D05,confidence_blend_alpha_0.50,S10,grasp_protocol,D05,0.5714285714285714,0.5714285714285714,0.5304184280670527,0.5304184280670527,0.6425763445182479,1.313595847157484,0.23621423586576326,0.31471529064189485,0.31471529064189485,0.23809523809523808,0.23809523809523808,0.021707603150696635,12500.0,168,168,cemhsey_forward_day_logo
cemhsey,cemhsey_forward_day_logo|D05,confidence_blend_alpha_0.75,S10,grasp_protocol,D05,0.5297619047619048,0.5297619047619048,0.47539169278299714,0.47539169278299714,0.642084341987019,1.3117899307473901,0.19167164150091698,0.3143170846783378,0.3143170846783378,0.3333333333333333,0.3333333333333333,0.03496714044181851,12500.0,168,168,cemhsey_forward_day_logo
cemhsey,cemhsey_forward_day_logo|D05,selective_prediction,S10,grasp_protocol,D05,0.4801587301587302,0.4801587301587302,0.44649509326317854,0.44649509326317854,0.660081953756659,1.3591723333787453,0.12939402477082199,0.3682658107271493,0.3682658107271493,0.003968253968253968,0.003968253968253968,0.0011812264894574566,12500.0,504,504,cemhsey_forward_day_logo
cemhsey,cemhsey_forward_day_logo|D05,set_acsa_tau_0.02,S10,grasp_protocol,D05,0.49404761904761907,0.494047619047619,0.46053431570632297,0.46053431570632297,0.6530417062840053,1.3360359921374398,0.1287202168669364,0.36594608353352553,0.36594608353352553,0.03571428571428571,0.03571428571428571,0.0003417173475871358,12500.0,168,168,cemhsey_forward_day_logo
cemhsey,cemhsey_forward_day_logo|D05,agency_margin_tau_0.02,S10,grasp_protocol,D05,0.49404761904761907,0.494047619047619,0.4598000412286126,0.4598000412286126,0.7267591591347436,3.7454134365599536,0.1809401493428548,0.36594608353352553,0.36594608353352553,0.041666666666666664,0.041666666666666664,0.000400728502274267,12500.0,168,168,cemhsey_forward_day_logo
cemhsey,cemhsey_forward_day_logo|D05,set_acsa_tau_0.05,S10,grasp_protocol,D05,0.5,0.5,0.4653422933762725,0.4653422933762725,0.6496987235115336,1.328232161243242,0.1241231326557774,0.3617228017191547,0.3617228017191547,0.05952380952380952,0.05952380952380952,0.0011165261024061682,12500.0,168,168,cemhsey_forward_day_logo
cemhsey,cemhsey_forward_day_logo|D05,agency_margin_tau_0.05,S10,grasp_protocol,D05,0.5,0.5,0.46565652329272256,0.46565652329272256,0.7021177109153154,3.2678847810631995,0.15347470051100737,0.3622235644802366,0.3622235644802366,0.07142857142857142,0.07142857142857142,0.0015574880815034334,12500.0,168,168,cemhsey_forward_day_logo
cemhsey,cemhsey_forward_day_logo|D05,set_acsa_tau_0.10,S10,grasp_protocol,D05,0.5297619047619048,0.5297619047619048,0.4885552084584885,0.4885552084584885,0.6397100638248441,1.3085237665854113,0.1480642636384876,0.33846971682858135,0.33846971682858135,0.1130952380952381,0.1130952380952381,0.00517240094614417,12500.0,168,168,cemhsey_forward_day_logo
cemhsey,cemhsey_forward_day_logo|D05,agency_margin_tau_0.10,S10,grasp_protocol,D05,0.5297619047619048,0.5297619047619048,0.4885552084584885,0.4885552084584885,0.6540614169595836,2.3099920561983187,0.13972834895428352,0.33846971682858135,0.33846971682858135,0.1130952380952381,0.1130952380952381,0.00517240094614417,12500.0,168,168,cemhsey_forward_day_logo
cemhsey,cemhsey_forward_day_logo|D05,set_acsa_tau_0.15,S10,grasp_protocol,D05,0.5297619047619048,0.5297619047619048,0.48642409221561284,0.48642409221561284,0.6368128720917765,1.2961273939415237,0.14980011365935456,0.3413392317880379,0.3413392317880379,0.15476190476190477,0.15476190476190477,0.010086410623217412,12500.0,168,168,cemhsey_forward_day_logo
cemhsey,cemhsey_forward_day_logo|D05,agency_margin_tau_0.15,S10,grasp_protocol,D05,0.5297619047619048,0.5297619047619048,0.48642409221561284,0.48642409221561284,0.641671537599344,1.8456265089395483,0.12531052300986023,0.3413392317880379,0.3413392317880379,0.15476190476190477,0.15476190476190477,0.010086410623217412,12500.0,168,168,cemhsey_forward_day_logo
cemhsey,cemhsey_forward_day_logo|D05,set_acsa_tau_0.20,S10,grasp_protocol,D05,0.5357142857142857,0.5357142857142857,0.4914980112615747,0.4914980112615747,0.6334376875880389,1.2878472236332796,0.14983128500257695,0.33708298940444525,0.33708298940444525,0.16666666666666666,0.16666666666666666,0.012097928360353439,12500.0,168,168,cemhsey_forward_day_logo
cemhsey,cemhsey_forward_day_logo|D05,agency_margin_tau_0.20,S10,grasp_protocol,D05,0.5357142857142857,0.5357142857142857,0.4914980112615747,0.4914980112615747,0.6252577765915801,1.3945217455534364,0.12060824382184067,0.33708298940444525,0.33708298940444525,0.16666666666666666,0.16666666666666666,0.012097928360353439,12500.0,168,168,cemhsey_forward_day_logo
cemhsey,cemhsey_forward_day_logo|D05,user_only,S2,grasp_protocol,D05,0.8214285714285714,0.8214285714285714,0.823131154559726,0.823131154559726,0.3921156143066172,0.8266922147965623,0.30315962679319775,0.048519434682067375,0.048519434682067375,0.0,0.0,0.0,12500.0,168,168,cemhsey_forward_day_logo
cemhsey,cemhsey_forward_day_logo|D05,assist_only,S2,grasp_protocol,D05,0.875,0.8750000000000001,0.8739781447950377,0.8739781447950377,0.3394161701312835,0.68988892004252,0.32938056912757985,0.035081512985571446,0.035081512985571446,0.20833333333333334,0.20833333333333334,0.04577873781845918,12500.0,168,168,cemhsey_forward_day_logo
cemhsey,cemhsey_forward_day_logo|D05,confidence_blend_alpha_0.25,S2,grasp_protocol,D05,0.9107142857142857,0.9107142857142857,0.9104979378833612,0.9104979378833612,0.3627556725927428,0.7598686696244364,0.3950142767981553,0.027694126562062098,0.027694126562062098,0.08928571428571429,0.08928571428571429,0.0064130838204638045,12500.0,168,168,cemhsey_forward_day_logo
cemhsey,cemhsey_forward_day_logo|D05,confidence_blend_alpha_0.50,S2,grasp_protocol,D05,0.9285714285714286,0.9285714285714286,0.9292559466667996,0.9292559466667996,0.3441857846589093,0.7204323171002953,0.40729734864287354,0.022230927644295358,0.022230927644295358,0.1130952380952381,0.1130952380952381,0.010834842478035314,12500.0,168,168,cemhsey_forward_day_logo
cemhsey,cemhsey_forward_day_logo|D05,confidence_blend_alpha_0.75,S2,grasp_protocol,D05,0.9166666666666666,0.9166666666666666,0.9170429316826925,0.9170429316826925,0.3364059505051038,0.6980438892966422,0.3858749543670583,0.02095341378558278,0.02095341378558278,0.16666666666666666,0.16666666666666666,0.02731956864268933,12500.0,168,168,cemhsey_forward_day_logo
cemhsey,cemhsey_forward_day_logo|D05,selective_prediction,S2,grasp_protocol,D05,0.8392857142857143,0.8392857142857142,0.8405548820175746,0.8405548820175746,0.3592120911810007,0.7638079987047367,0.29330988376288614,0.037997526977933245,0.037997526977933245,0.017857142857142856,0.017857142857142856,0.001608585542453974,12500.0,504,504,cemhsey_forward_day_logo
cemhsey,cemhsey_forward_day_logo|D05,set_acsa_tau_0.02,S2,grasp_protocol,D05,0.8333333333333334,0.8333333333333333,0.8350204635904962,0.8350204635904962,0.3232630455256911,0.6913141506127622,0.2726234854548651,0.029639358818512956,0.029639358818512956,0.011904761904761904,0.011904761904761904,0.0001929852574281532,12500.0,168,168,cemhsey_forward_day_logo
cemhsey,cemhsey_forward_day_logo|D05,agency_margin_tau_0.02,S2,grasp_protocol,D05,0.8392857142857143,0.8392857142857142,0.8409794186010718,0.8409794186010718,0.27970870021035615,1.4346041360433646,0.19980029433350824,0.028298491437311515,0.028298491437311515,0.017857142857142856,0.017857142857142856,0.00022330178646975967,12500.0,168,168,cemhsey_forward_day_logo
cemhsey,cemhsey_forward_day_logo|D05,set_acsa_tau_0.05,S2,grasp_protocol,D05,0.8392857142857143,0.8392857142857143,0.8411486992399357,0.8411486992399357,0.3215783340967889,0.6891191549812898,0.27790803577599427,0.028109395357398235,0.028109395357398235,0.017857142857142856,0.017857142857142856,0.0004893908900769271,12500.0,168,168,cemhsey_forward_day_logo
cemhsey,cemhsey_forward_day_logo|D05,agency_margin_tau_0.05,S2,grasp_protocol,D05,0.8452380952380952,0.8452380952380951,0.8471076542505113,0.8471076542505113,0.28019642576208287,1.4435837637100186,0.2042804211662003,0.026768527976196804,0.026768527976196804,0.023809523809523808,0.023809523809523808,0.0005197074191185336,12500.0,168,168,cemhsey_forward_day_logo
cemhsey,cemhsey_forward_day_logo|D05,set_acsa_tau_0.10,S2,grasp_protocol,D05,0.875,0.8750000000000001,0.87484150700568,0.87484150700568,0.30075611232897503,0.6440382159369266,0.2901970087701703,0.022225979085332435,0.022225979085332435,0.06547619047619048,0.06547619047619048,0.003979672809190456,12500.0,168,168,cemhsey_forward_day_logo
cemhsey,cemhsey_forward_day_logo|D05,agency_margin_tau_0.10,S2,grasp_protocol,D05,0.8809523809523809,0.880952380952381,0.8807504382746422,0.8807504382746422,0.2532367590470721,1.1039198574069218,0.19472738538229567,0.021855421190617955,0.021855421190617955,0.07142857142857142,0.07142857142857142,0.0040099893382320615,12500.0,168,168,cemhsey_forward_day_logo
cemhsey,cemhsey_forward_day_logo|D05,set_acsa_tau_0.15,S2,grasp_protocol,D05,0.8928571428571429,0.8928571428571429,0.8926807890458042,0.8926807890458042,0.2889034941445375,0.6224609292753597,0.29911503431082637,0.018945132711671024,0.018945132711671024,0.08333333333333333,0.08333333333333333,0.005833772624975179,12500.0,168,168,cemhsey_forward_day_logo
cemhsey,cemhsey_forward_day_logo|D05,agency_margin_tau_0.15,S2,grasp_protocol,D05,0.8988095238095238,0.8988095238095238,0.8985897203147664,0.8985897203147664,0.25171256915269247,1.1027389105773784,0.2197038472667165,0.01865074278163901,0.01865074278163901,0.08928571428571429,0.08928571428571429,0.005864089154016785,12500.0,168,168,cemhsey_forward_day_logo
cemhsey,cemhsey_forward_day_logo|D05,set_acsa_tau_0.20,S2,grasp_protocol,D05,0.9166666666666666,0.9166666666666667,0.9170218018182865,0.9170218018182865,0.27451331590931766,0.5890263459645437,0.3133648631109727,0.01715875434734431,0.01715875434734431,0.1130952380952381,0.1130952380952381,0.010679941832615497,12500.0,168,168,cemhsey_forward_day_logo
cemhsey,cemhsey_forward_day_logo|D05,agency_margin_tau_0.20,S2,grasp_protocol,D05,0.9166666666666666,0.9166666666666667,0.9170218018182865,0.9170218018182865,0.24523087323253948,0.7937659753366445,0.2519776805155463,0.01715875434734431,0.01715875434734431,0.1130952380952381,0.1130952380952381,0.010679941832615497,12500.0,168,168,cemhsey_forward_day_logo
cemhsey,cemhsey_forward_day_logo|D05,user_only,S3,grasp_protocol,D05,0.7023809523809523,0.7023809523809524,0.6891552056965591,0.6891552056965591,0.5265325703610391,1.0292459093244308,0.25480198494577394,0.19466602366343883,0.19466602366343883,0.0,0.0,0.0,12500.0,168,168,cemhsey_forward_day_logo
cemhsey,cemhsey_forward_day_logo|D05,assist_only,S3,grasp_protocol,D05,0.7142857142857143,0.7142857142857143,0.6710808831282826,0.6710808831282826,0.46506060715265296,0.8952655296022999,0.23842097433305345,0.11159067651906364,0.11159067651906364,0.3392857142857143,0.3392857142857143,0.05466144698335844,12500.0,168,168,cemhsey_forward_day_logo
cemhsey,cemhsey_forward_day_logo|D05,confidence_blend_alpha_0.25,S3,grasp_protocol,D05,0.7440476190476191,0.744047619047619,0.7160212035096606,0.7160212035096606,0.4983826460240805,0.9705066327056597,0.30223221700245034,0.15288800194112223,0.15288800194112223,0.10119047619047619,0.10119047619047619,0.0038699352154129892,12500.0,168,168,cemhsey_forward_day_logo
cemhsey,cemhsey_forward_day_logo|D05,confidence_blend_alpha_0.50,S3,grasp_protocol,D05,0.7857142857142857,0.7857142857142857,0.7631824073181444,0.7631824073181444,0.4787540107103603,0.9324969059400342,0.338141461078149,0.10916417054889918,0.10916417054889918,0.16071428571428573,0.16071428571428573,0.013641129963202632,12500.0,168,168,cemhsey_forward_day_logo
cemhsey,cemhsey_forward_day_logo|D05,confidence_blend_alpha_0.75,S3,grasp_protocol,D05,0.7559523809523809,0.755952380952381,0.7233755276796351,0.7233755276796351,0.4676466644198877,0.9080667119221999,0.2977377698600498,0.10263051165105541,0.10263051165105541,0.25,0.25,0.030960873220697648,12500.0,168,168,cemhsey_forward_day_logo
cemhsey,cemhsey_forward_day_logo|D05,selective_prediction,S3,grasp_protocol,D05,0.7083333333333334,0.7083333333333333,0.6941731125084958,0.6941731125084958,0.5148085825519013,1.0089902729760947,0.25116475516861625,0.179761699647474,0.179761699647474,0.005952380952380952,0.005952380952380952,0.00022070809425934126,12500.0,504,504,cemhsey_forward_day_logo
cemhsey,cemhsey_forward_day_logo|D05,set_acsa_tau_0.02,S3,grasp_protocol,D05,0.7083333333333334,0.7083333333333334,0.6904634352359958,0.6904634352359958,0.46657777568702774,0.9163588770726069,0.23299088020272288,0.1334009603438309,0.1334009603438309,0.017857142857142856,0.017857142857142856,0.00024114752096495514,12500.0,168,168,cemhsey_forward_day_logo
cemhsey,cemhsey_forward_day_logo|D05,agency_margin_tau_0.02,S3,grasp_protocol,D05,0.7083333333333334,0.7083333333333334,0.6904634352359958,0.6904634352359958,0.39990872253817356,1.6109358115708876,0.15407077959058643,0.13160261514461236,0.13160261514461236,0.017857142857142856,0.017857142857142856,0.00024114752096495514,12500.0,168,168,cemhsey_forward_day_logo
cemhsey,cemhsey_forward_day_logo|D05,set_acsa_tau_0.05,S3,grasp_protocol,D05,0.7261904761904762,0.7261904761904762,0.7034844165859203,0.7034844165859203,0.456494630986073,0.8944170602834212,0.2277821897889866,0.1299165398276254,0.1299165398276254,0.05952380952380952,0.05952380952380952,0.0013743833655526993,12500.0,168,168,cemhsey_forward_day_logo
cemhsey,cemhsey_forward_day_logo|D05,agency_margin_tau_0.05,S3,grasp_protocol,D05,0.7261904761904762,0.7261904761904762,0.7034844165859203,0.7034844165859203,0.3869250370800291,1.2937219305289394,0.14043201468121408,0.12879763390858598,0.12879763390858598,0.05952380952380952,0.05952380952380952,0.0013743833655526993,12500.0,168,168,cemhsey_forward_day_logo
cemhsey,cemhsey_forward_day_logo|D05,set_acsa_tau_0.10,S3,grasp_protocol,D05,0.7440476190476191,0.744047619047619,0.7230407627144965,0.7230407627144965,0.44699625307968394,0.8723590426024486,0.23021104061997302,0.1277349322615362,0.1277349322615362,0.08928571428571429,0.08928571428571429,0.0037402212281816435,12500.0,168,168,cemhsey_forward_day_logo
cemhsey,cemhsey_forward_day_logo|D05,agency_margin_tau_0.10,S3,grasp_protocol,D05,0.7440476190476191,0.744047619047619,0.7229028148437429,0.7229028148437429,0.3883966791756774,1.2995865529675676,0.14613582540138068,0.12727371178943395,0.12727371178943395,0.09523809523809523,0.09523809523809523,0.004220673598634171,12500.0,168,168,cemhsey_forward_day_logo
cemhsey,cemhsey_forward_day_logo|D05,set_acsa_tau_0.15,S3,grasp_protocol,D05,0.75,0.75,0.7292487140303494,0.7292487140303494,0.44634476195021416,0.8680030527151293,0.2351876733148771,0.12728643941168957,0.12728643941168957,0.10714285714285714,0.10714285714285714,0.0059466368707065415,12500.0,168,168,cemhsey_forward_day_logo
cemhsey,cemhsey_forward_day_logo|D05,agency_margin_tau_0.15,S3,grasp_protocol,D05,0.75,0.75,0.7292259735328676,0.7292259735328676,0.3953808110331546,1.0162153651004495,0.14704451527534534,0.12686234330810647,0.12686234330810647,0.1130952380952381,0.1130952380952381,0.00642708924115907,12500.0,168,168,cemhsey_forward_day_logo
cemhsey,cemhsey_forward_day_logo|D05,set_acsa_tau_0.20,S3,grasp_protocol,D05,0.7559523809523809,0.755952380952381,0.733942574992341,0.733942574992341,0.4382819135972616,0.8490519444876907,0.2371858595549198,0.12440151741525432,0.12440151741525432,0.13690476190476192,0.13690476190476192,0.011110714259172181,12500.0,168,168,cemhsey_forward_day_logo
cemhsey,cemhsey_forward_day_logo|D05,agency_margin_tau_0.20,S3,grasp_protocol,D05,0.7559523809523809,0.755952380952381,0.733942574992341,0.733942574992341,0.40023586214509904,1.0432161223251981,0.15542695698432263,0.12440151741525432,0.12440151741525432,0.13690476190476192,0.13690476190476192,0.011110714259172181,12500.0,168,168,cemhsey_forward_day_logo
cemhsey,cemhsey_forward_day_logo|D05,user_only,S4,grasp_protocol,D05,0.5357142857142857,0.5357142857142857,0.5395722979573911,0.5395722979573911,0.5764984508928789,1.123833774561523,0.1230944873849693,0.27512304090258805,0.27512304090258805,0.0,0.0,0.0,12500.0,168,168,cemhsey_forward_day_logo
cemhsey,cemhsey_forward_day_logo|D05,assist_only,S4,grasp_protocol,D05,0.7440476190476191,0.744047619047619,0.7313011999844716,0.7313011999844716,0.4746670547329485,0.8948193558728972,0.28954165295339185,0.14553823075769304,0.14553823075769304,0.4107142857142857,0.4107142857142857,0.05955739468964119,12500.0,168,168,cemhsey_forward_day_logo
cemhsey,cemhsey_forward_day_logo|D05,confidence_blend_alpha_0.25,S4,grasp_protocol,D05,0.6488095238095238,0.6488095238095238,0.652933187544766,0.652933187544766,0.5367247963427809,1.0290377282780594,0.23249450386856158,0.2220403766984243,0.2220403766984243,0.13095238095238096,0.13095238095238096,0.007408324664792955,12500.0,168,168,cemhsey_forward_day_logo
cemhsey,cemhsey_forward_day_logo|D05,confidence_blend_alpha_0.50,S4,grasp_protocol,D05,0.7678571428571429,0.7678571428571429,0.763092429147929,0.763092429147929,0.5064950121327562,0.9678667736545847,0.3416124251076403,0.16591877445703748,0.16591877445703748,0.26785714285714285,0.26785714285714285,0.03144939057848038,12500.0,168,168,cemhsey_forward_day_logo
cemhsey,cemhsey_forward_day_logo|D05,confidence_blend_alpha_0.75,S4,grasp_protocol,D05,0.7797619047619048,0.7797619047619048,0.772578197601918,0.772578197601918,0.485809098262815,0.9249117002332125,0.34140302239410875,0.14891983512875986,0.14891983512875986,0.35119047619047616,0.35119047619047616,0.046044393617429916,12500.0,168,168,cemhsey_forward_day_logo
cemhsey,cemhsey_forward_day_logo|D05,selective_prediction,S4,grasp_protocol,D05,0.5396825396825397,0.5396825396825397,0.5430913387516924,0.5430913387516924,0.5663945605606954,1.1053072991804873,0.12853443376852394,0.25802938194751407,0.25802938194751407,0.003968253968253968,0.003968253968253968,0.00038967174092376637,12500.0,504,504,cemhsey_forward_day_logo
cemhsey,cemhsey_forward_day_logo|D05,set_acsa_tau_0.02,S4,grasp_protocol,D05,0.5416666666666666,0.5416666666666666,0.5456770878448773,0.5456770878448773,0.5396393009496199,1.0497097962175514,0.12403162196359997,0.23479315981786517,0.23479315981786517,0.017857142857142856,0.017857142857142856,0.0001776387435371275,12500.0,168,168,cemhsey_forward_day_logo
cemhsey,cemhsey_forward_day_logo|D05,agency_margin_tau_0.02,S4,grasp_protocol,D05,0.5416666666666666,0.5416666666666666,0.5473919104899324,0.5473919104899324,0.5445148414545541,2.62940166900956,0.12337321236763957,0.23445614370405102,0.23445614370405102,0.023809523809523808,0.023809523809523808,0.0001776387435371275,12500.0,168,168,cemhsey_forward_day_logo
cemhsey,cemhsey_forward_day_logo|D05,set_acsa_tau_0.05,S4,grasp_protocol,D05,0.5654761904761905,0.5654761904761905,0.5709093423048724,0.5709093423048724,0.5304053896498168,1.0311453134668709,0.15099195961861636,0.22033541178179203,0.22033541178179203,0.05357142857142857,0.05357142857142857,0.0016451050199398215,12500.0,168,168,cemhsey_forward_day_logo
cemhsey,cemhsey_forward_day_logo|D05,agency_margin_tau_0.05,S4,grasp_protocol,D05,0.5654761904761905,0.5654761904761905,0.5709093423048724,0.5709093423048724,0.49492403297355786,1.6657136685683536,0.11575339276981604,0.22033541178179203,0.22033541178179203,0.05357142857142857,0.05357142857142857,0.0016451050199398215,12500.0,168,168,cemhsey_forward_day_logo
cemhsey,cemhsey_forward_day_logo|D05,set_acsa_tau_0.10,S4,grasp_protocol,D05,0.6130952380952381,0.613095238095238,0.6190041778224281,0.6190041778224281,0.5096910162777557,0.9853939533454107,0.17137455473493401,0.19178150936631033,0.19178150936631033,0.10119047619047619,0.10119047619047619,0.005695754667722412,12500.0,168,168,cemhsey_forward_day_logo
cemhsey,cemhsey_forward_day_logo|D05,agency_margin_tau_0.10,S4,grasp_protocol,D05,0.6130952380952381,0.613095238095238,0.6190041778224281,0.6190041778224281,0.4753493537339559,1.4776438726492,0.1304209734077011,0.19178150936631033,0.19178150936631033,0.10119047619047619,0.10119047619047619,0.005695754667722412,12500.0,168,168,cemhsey_forward_day_logo
cemhsey,cemhsey_forward_day_logo|D05,set_acsa_tau_0.15,S4,grasp_protocol,D05,0.6607142857142857,0.6607142857142857,0.6626567244997076,0.6626567244997076,0.48728839552860104,0.9371933453911209,0.18367507456368515,0.17348990618421314,0.17348990618421314,0.16666666666666666,0.16666666666666666,0.013650347309632261,12500.0,168,168,cemhsey_forward_day_logo
cemhsey,cemhsey_forward_day_logo|D05,agency_margin_tau_0.15,S4,grasp_protocol,D05,0.6666666666666666,0.6666666666666666,0.6682606443893417,0.6682606443893417,0.4657822442631809,1.5972461236686417,0.14980814598507874,0.17327187322621226,0.17327187322621226,0.17857142857142858,0.17857142857142858,0.015232986260961444,12500.0,168,168,cemhsey_forward_day_logo
cemhsey,cemhsey_forward_day_logo|D05,set_acsa_tau_0.20,S4,grasp_protocol,D05,0.6845238095238095,0.6845238095238094,0.6839026679516323,0.6839026679516323,0.47381821034361016,0.9030446326618308,0.18592111245260481,0.16645529913687482,0.16645529913687482,0.20238095238095238,0.20238095238095238,0.019639862998076185,12500.0,168,168,cemhsey_forward_day_logo
cemhsey,cemhsey_forward_day_logo|D05,agency_margin_tau_0.20,S4,grasp_protocol,D05,0.6845238095238095,0.6845238095238094,0.6839026679516323,0.6839026679516323,0.4621836129359907,1.2922134055816616,0.16718260947875152,0.16645529913687482,0.16645529913687482,0.20238095238095238,0.20238095238095238,0.019639862998076185,12500.0,168,168,cemhsey_forward_day_logo
cemhsey,cemhsey_forward_day_logo|D05,user_only,S5,grasp_protocol,D05,0.6904761904761905,0.6904761904761905,0.6784859315420543,0.6784859315420543,0.4884596989528195,1.0019445705641328,0.2385387670057938,0.12993009912024495,0.12993009912024495,0.0,0.0,0.0,12500.0,168,168,cemhsey_forward_day_logo
cemhsey,cemhsey_forward_day_logo|D05,assist_only,S5,grasp_protocol,D05,0.7321428571428571,0.7321428571428571,0.7186096342516514,0.7186096342516514,0.45799626823526396,0.8853738528301752,0.23617644636625051,0.12700644515818466,0.12700644515818466,0.24404761904761904,0.24404761904761904,0.028540744080843203,12500.0,168,168,cemhsey_forward_day_logo
cemhsey,cemhsey_forward_day_logo|D05,confidence_blend_alpha_0.25,S5,grasp_protocol,D05,0.7440476190476191,0.744047619047619,0.7359428797522752,0.7359428797522752,0.4670863586038898,0.943952003448925,0.2802735831110995,0.11582108243628093,0.11582108243628093,0.09523809523809523,0.09523809523809523,0.00531977939099822,12500.0,168,168,cemhsey_forward_day_logo
cemhsey,cemhsey_forward_day_logo|D05,confidence_blend_alpha_0.50,S5,grasp_protocol,D05,0.7619047619047619,0.7619047619047619,0.7523770213664359,0.7523770213664359,0.45488467336799326,0.9110570729134005,0.2901165972022076,0.10833813041412507,0.10833813041412507,0.1488095238095238,0.1488095238095238,0.013126572565821457,12500.0,168,168,cemhsey_forward_day_logo
cemhsey,cemhsey_forward_day_logo|D05,confidence_blend_alpha_0.75,S5,grasp_protocol,D05,0.75,0.75,0.7387050156365687,0.7387050156365687,0.45185464324511926,0.8926813679775739,0.2673967944275963,0.1119393347496539,0.1119393347496539,0.19642857142857142,0.19642857142857142,0.01733330203054218,12500.0,168,168,cemhsey_forward_day_logo
cemhsey,cemhsey_forward_day_logo|D05,selective_prediction,S5,grasp_protocol,D05,0.6984126984126984,0.6984126984126985,0.6863560995643737,0.6863560995643737,0.45954151204038246,0.9460468333580813,0.23177053154141306,0.11293835293454778,0.11293835293454778,0.011904761904761904,0.011904761904761904,0.0020262746367271634,12500.0,504,504,cemhsey_forward_day_logo
cemhsey,cemhsey_forward_day_logo|D05,set_acsa_tau_0.02,S5,grasp_protocol,D05,0.7142857142857143,0.7142857142857143,0.7045137393401671,0.7045137393401671,0.4242272306079523,0.8611842483460895,0.23132516589469215,0.09733927243724734,0.09733927243724734,0.03571428571428571,0.03571428571428571,0.00028265204615608155,12500.0,168,168,cemhsey_forward_day_logo
cemhsey,cemhsey_forward_day_logo|D05,agency_margin_tau_0.02,S5,grasp_protocol,D05,0.7083333333333334,0.7083333333333333,0.6982969010059673,0.6982969010059673,0.4811358714997938,3.513702895263608,0.2245326304356455,0.09805559836402156,0.09805559836402156,0.041666666666666664,0.041666666666666664,0.0003740349918624836,12500.0,168,168,cemhsey_forward_day_logo
cemhsey,cemhsey_forward_day_logo|D05,set_acsa_tau_0.05,S5,grasp_protocol,D05,0.7202380952380952,0.7202380952380952,0.7116335007502647,0.7116335007502647,0.422025538126463,0.8567811650047142,0.2441436119392218,0.09518309700727519,0.09518309700727519,0.05952380952380952,0.05952380952380952,0.001211304696864522,12500.0,168,168,cemhsey_forward_day_logo
cemhsey,cemhsey_forward_day_logo|D05,agency_margin_tau_0.05,S5,grasp_protocol,D05,0.7202380952380952,0.7202380952380952,0.7125346626525817,0.7125346626525817,0.4550917435488196,3.3499543483124903,0.1706545707113336,0.09538044206505199,0.09538044206505199,0.06547619047619048,0.06547619047619048,0.0014808007379871905,12500.0,168,168,cemhsey_forward_day_logo
cemhsey,cemhsey_forward_day_logo|D05,set_acsa_tau_0.10,S5,grasp_protocol,D05,0.7261904761904762,0.7261904761904762,0.7133631313376042,0.7133631313376042,0.4207557079651655,0.8456828040365805,0.22322771568099348,0.09774011411628195,0.09774011411628195,0.10119047619047619,0.10119047619047619,0.0042665048443856724,12500.0,168,168,cemhsey_forward_day_logo
cemhsey,cemhsey_forward_day_logo|D05,agency_margin_tau_0.10,S5,grasp_protocol,D05,0.7261904761904762,0.7261904761904762,0.7133631313376042,0.7133631313376042,0.40992170028473973,1.9564441866214428,0.15977773124200748,0.09774011411628195,0.09774011411628195,0.10119047619047619,0.10119047619047619,0.0042665048443856724,12500.0,168,168,cemhsey_forward_day_logo
cemhsey,cemhsey_forward_day_logo|D05,set_acsa_tau_0.15,S5,grasp_protocol,D05,0.7261904761904762,0.7261904761904762,0.7133640658279886,0.7133640658279886,0.41665465080297065,0.8281355930555133,0.21320824352448087,0.10312847853411371,0.10312847853411371,0.13095238095238096,0.13095238095238096,0.008093455542425533,12500.0,168,168,cemhsey_forward_day_logo
cemhsey,cemhsey_forward_day_logo|D05,agency_margin_tau_0.15,S5,grasp_protocol,D05,0.7261904761904762,0.7261904761904762,0.7133640658279886,0.7133640658279886,0.40139536566439304,1.800110983293385,0.12843719599659936,0.10312847853411371,0.10312847853411371,0.13095238095238096,0.13095238095238096,0.008093455542425533,12500.0,168,168,cemhsey_forward_day_logo
cemhsey,cemhsey_forward_day_logo|D05,set_acsa_tau_0.20,S5,grasp_protocol,D05,0.75,0.75,0.7372401271967218,0.7372401271967218,0.4019023108208828,0.7902734850281928,0.20475522538540347,0.09944580575026585,0.09944580575026585,0.16666666666666666,0.16666666666666666,0.013836693657072725,12500.0,168,168,cemhsey_forward_day_logo
cemhsey,cemhsey_forward_day_logo|D05,agency_margin_tau_0.20,S5,grasp_protocol,D05,0.75,0.75,0.7372401271967218,0.7372401271967218,0.3796243955844615,1.1614090924699678,0.14553305600774816,0.09944580575026585,0.09944580575026585,0.16666666666666666,0.16666666666666666,0.013836693657072725,12500.0,168,168,cemhsey_forward_day_logo
cemhsey,cemhsey_forward_day_logo|D05,user_only,S6,grasp_protocol,D05,0.6785714285714286,0.6785714285714286,0.6762357731441178,0.6762357731441178,0.5133776198543425,1.036517405163153,0.25565444679054267,0.12696895701642602,0.12696895701642602,0.0,0.0,0.0,12500.0,168,168,cemhsey_forward_day_logo
cemhsey,cemhsey_forward_day_logo|D05,assist_only,S6,grasp_protocol,D05,0.7023809523809523,0.7023809523809523,0.7051444097948657,0.7051444097948657,0.5315462564214422,1.0333427851212362,0.2748846340959213,0.24346219541622918,0.24346219541622918,0.27976190476190477,0.27976190476190477,0.04339176834998345,12500.0,168,168,cemhsey_forward_day_logo
cemhsey,cemhsey_forward_day_logo|D05,confidence_blend_alpha_0.25,S6,grasp_protocol,D05,0.7380952380952381,0.738095238095238,0.7367207893258313,0.7367207893258313,0.5044793288129747,1.0109208982596913,0.3221880310374622,0.10945176889309341,0.10945176889309341,0.08928571428571429,0.08928571428571429,0.0032673855230799112,12500.0,168,168,cemhsey_forward_day_logo
cemhsey,cemhsey_forward_day_logo|D05,confidence_blend_alpha_0.50,S6,grasp_protocol,D05,0.7619047619047619,0.761904761904762,0.7612972011745756,0.7612972011745756,0.504541337893707,1.0038401338460112,0.3456555718098611,0.129464669378095,0.129464669378095,0.19047619047619047,0.19047619047619047,0.01864667773107123,12500.0,168,168,cemhsey_forward_day_logo
cemhsey,cemhsey_forward_day_logo|D05,confidence_blend_alpha_0.75,S6,grasp_protocol,D05,0.7380952380952381,0.738095238095238,0.7364140746822586,0.7364140746822586,0.5135636470965323,1.0110204998206243,0.31059905399943805,0.18871697588219463,0.18871697588219463,0.23214285714285715,0.23214285714285715,0.02456002679628541,12500.0,168,168,cemhsey_forward_day_logo
cemhsey,cemhsey_forward_day_logo|D05,selective_prediction,S6,grasp_protocol,D05,0.6825396825396826,0.6825396825396826,0.6801241055444052,0.6801241055444052,0.5111328652378636,1.0210751683512742,0.24835476633291842,0.1601431741478731,0.1601431741478731,0.007936507936507936,0.007936507936507936,0.0009778069348634693,12500.0,504,504,cemhsey_forward_day_logo
cemhsey,cemhsey_forward_day_logo|D05,set_acsa_tau_0.02,S6,grasp_protocol,D05,0.6904761904761905,0.6904761904761906,0.688324821811129,0.688324821811129,0.49263371580234083,0.9708978641701451,0.2156127752722934,0.19141100654716445,0.19141100654716445,0.023809523809523808,0.023809523809523808,0.0002905088108132018,12500.0,168,168,cemhsey_forward_day_logo
cemhsey,cemhsey_forward_day_logo|D05,agency_margin_tau_0.02,S6,grasp_protocol,D05,0.6964285714285714,0.6964285714285714,0.6939922635720955,0.6939922635720955,0.4981276001857392,3.240369448689838,0.2279570933401298,0.1913870834241835,0.1913870834241835,0.02976190476190476,0.02976190476190476,0.0002905088108132018,12500.0,168,168,cemhsey_forward_day_logo
cemhsey,cemhsey_forward_day_logo|D05,set_acsa_tau_0.05,S6,grasp_protocol,D05,0.7142857142857143,0.7142857142857143,0.71415242087511,0.71415242087511,0.4845509767649745,0.9574746337196464,0.23476378018891145,0.18222324782457178,0.18222324782457178,0.047619047619047616,0.047619047619047616,0.0010832133625030549,12500.0,168,168,cemhsey_forward_day_logo
cemhsey,cemhsey_forward_day_logo|D05,agency_margin_tau_0.05,S6,grasp_protocol,D05,0.7261904761904762,0.7261904761904762,0.7255506662356196,0.7255506662356196,0.47277064960255627,2.7597126149324134,0.21856846945403177,0.18163002732260797,0.18163002732260797,0.05952380952380952,0.05952380952380952,0.0012433689637478488,12500.0,168,168,cemhsey_forward_day_logo
cemhsey,cemhsey_forward_day_logo|D05,set_acsa_tau_0.10,S6,grasp_protocol,D05,0.7321428571428571,0.7321428571428571,0.7319282023412815,0.7319282023412815,0.4783583817607176,0.942257262394793,0.24741696449951775,0.1789041687897272,0.1789041687897272,0.07142857142857142,0.07142857142857142,0.00280143087040794,12500.0,168,168,cemhsey_forward_day_logo
cemhsey,cemhsey_forward_day_logo|D05,agency_margin_tau_0.10,S6,grasp_protocol,D05,0.7380952380952381,0.7380952380952381,0.7375861103247711,0.7375861103247711,0.4391394469572454,1.5308959984700508,0.1984673252483433,0.17837690349775567,0.17837690349775567,0.07738095238095238,0.07738095238095238,0.002961586471652734,12500.0,168,168,cemhsey_forward_day_logo
cemhsey,cemhsey_forward_day_logo|D05,set_acsa_tau_0.15,S6,grasp_protocol,D05,0.7380952380952381,0.7380952380952381,0.7362683142772479,0.7362683142772479,0.4716066665271514,0.921946036357227,0.24643496463781564,0.1781851290790088,0.1781851290790088,0.1130952380952381,0.1130952380952381,0.007930329208029975,12500.0,168,168,cemhsey_forward_day_logo
cemhsey,cemhsey_forward_day_logo|D05,agency_margin_tau_0.15,S6,grasp_protocol,D05,0.7380952380952381,0.7380952380952381,0.7362683142772479,0.7362683142772479,0.417120211051218,0.9059588614873626,0.1760818456603988,0.1781851290790088,0.1781851290790088,0.1130952380952381,0.1130952380952381,0.007930329208029975,12500.0,168,168,cemhsey_forward_day_logo
cemhsey,cemhsey_forward_day_logo|D05,set_acsa_tau_0.20,S6,grasp_protocol,D05,0.75,0.75,0.7483564307077526,0.7483564307077526,0.46307975953851255,0.8982125736002496,0.2525235214971765,0.17777619936423522,0.17777619936423522,0.13690476190476192,0.13690476190476192,0.011774464387037657,12500.0,168,168,cemhsey_forward_day_logo
cemhsey,cemhsey_forward_day_logo|D05,agency_margin_tau_0.20,S6,grasp_protocol,D05,0.75,0.75,0.7483564307077526,0.7483564307077526,0.4166580693326406,0.7687748773243884,0.17053882552695449,0.17777619936423522,0.17777619936423522,0.13690476190476192,0.13690476190476192,0.011774464387037657,12500.0,168,168,cemhsey_forward_day_logo
cemhsey,cemhsey_forward_day_logo|D05,user_only,S7,grasp_protocol,D05,0.5416666666666666,0.5416666666666666,0.5503688921456028,0.5503688921456028,0.6776378510156741,1.4523585483522066,0.2341505868005371,0.21573783743542366,0.21573783743542366,0.0,0.0,0.0,12500.0,168,168,cemhsey_forward_day_logo
cemhsey,cemhsey_forward_day_logo|D05,assist_only,S7,grasp_protocol,D05,0.5833333333333334,0.5833333333333333,0.564365061536823,0.564365061536823,0.7313569195326347,1.5413030704105768,0.3149502869036319,0.34865464912394467,0.34865464912394467,0.40476190476190477,0.40476190476190477,0.04689771721020309,12500.0,168,168,cemhsey_forward_day_logo
cemhsey,cemhsey_forward_day_logo|D05,confidence_blend_alpha_0.25,S7,grasp_protocol,D05,0.5595238095238095,0.5595238095238095,0.5643272105273279,0.5643272105273279,0.6848293611168196,1.4563314019440938,0.2909044104833319,0.19436002703748978,0.19436002703748978,0.06547619047619048,0.06547619047619048,0.0009182703954712423,12500.0,168,168,cemhsey_forward_day_logo
cemhsey,cemhsey_forward_day_logo|D05,confidence_blend_alpha_0.50,S7,grasp_protocol,D05,0.5773809523809523,0.5773809523809523,0.5779888002736376,0.5779888002736376,0.6961797092366947,1.4734893435387975,0.31415127547057364,0.18737191107347234,0.18737191107347234,0.15476190476190477,0.15476190476190477,0.005638694218217986,12500.0,168,168,cemhsey_forward_day_logo
cemhsey,cemhsey_forward_day_logo|D05,confidence_blend_alpha_0.75,S7,grasp_protocol,D05,0.6369047619047619,0.6369047619047619,0.6322638950496831,0.6322638950496831,0.7116888953752997,1.501684727105753,0.3677196089666048,0.21739797402744865,0.21739797402744865,0.30357142857142855,0.30357142857142855,0.02492897689136539,12500.0,168,168,cemhsey_forward_day_logo
cemhsey,cemhsey_forward_day_logo|D05,selective_prediction,S7,grasp_protocol,D05,0.5416666666666666,0.5416666666666666,0.5503688921456028,0.5503688921456028,0.6776378510156742,1.4523585483522068,0.23415058680053707,0.2148348991018323,0.2148348991018323,0.0,0.0,0.0,12500.0,504,504,cemhsey_forward_day_logo
cemhsey,cemhsey_forward_day_logo|D05,set_acsa_tau_0.02,S7,grasp_protocol,D05,0.5416666666666666,0.5416666666666667,0.5448230165330799,0.5448230165330799,0.6731697467249611,1.4395628155979363,0.2764928709646395,0.19535407411069572,0.19535407411069572,0.02976190476190476,0.02976190476190476,0.00032593473453978924,12500.0,168,168,cemhsey_forward_day_logo
cemhsey,cemhsey_forward_day_logo|D05,agency_margin_tau_0.02,S7,grasp_protocol,D05,0.5416666666666666,0.5416666666666667,0.546387168118403,0.546387168118403,0.7251762108047731,3.930071364008278,0.2946815763945786,0.19938152591654398,0.19938152591654398,0.041666666666666664,0.041666666666666664,0.0004149900332945472,12500.0,168,168,cemhsey_forward_day_logo
cemhsey,cemhsey_forward_day_logo|D05,set_acsa_tau_0.05,S7,grasp_protocol,D05,0.5714285714285714,0.5714285714285714,0.5773717131537129,0.5773717131537129,0.6714408348271577,1.4345042883628043,0.2760721307156278,0.18768433038944776,0.18768433038944776,0.06547619047619048,0.06547619047619048,0.001528266427758148,12500.0,168,168,cemhsey_forward_day_logo
cemhsey,cemhsey_forward_day_logo|D05,agency_margin_tau_0.05,S7,grasp_protocol,D05,0.5654761904761905,0.5654761904761904,0.5704210767809981,0.5704210767809981,0.6785733948025073,2.84563502030246,0.24845124588403739,0.1917568328273369,0.1917568328273369,0.06547619047619048,0.06547619047619048,0.0014551035663725972,12500.0,168,168,cemhsey_forward_day_logo
cemhsey,cemhsey_forward_day_logo|D05,set_acsa_tau_0.10,S7,grasp_protocol,D05,0.5833333333333334,0.5833333333333333,0.5804796327871049,0.5804796327871049,0.6750612856464345,1.4389000692963814,0.26461919343783663,0.1977965035067028,0.1977965035067028,0.1488095238095238,0.1488095238095238,0.007407943442913163,12500.0,168,168,cemhsey_forward_day_logo
cemhsey,cemhsey_forward_day_logo|D05,agency_margin_tau_0.10,S7,grasp_protocol,D05,0.5773809523809523,0.5773809523809523,0.5734146379307669,0.5734146379307669,0.6697736261751983,2.272175835212199,0.24114960366624008,0.1979034350620005,0.1979034350620005,0.1488095238095238,0.1488095238095238,0.00733478058152761,12500.0,168,168,cemhsey_forward_day_logo
cemhsey,cemhsey_forward_day_logo|D05,set_acsa_tau_0.15,S7,grasp_protocol,D05,0.5952380952380952,0.5952380952380952,0.5915211054781514,0.5915211054781514,0.6712861081485733,1.4262419274455933,0.2756266211605512,0.19484025128538315,0.19484025128538315,0.16666666666666666,0.16666666666666666,0.009632700357615856,12500.0,168,168,cemhsey_forward_day_logo
cemhsey,cemhsey_forward_day_logo|D05,agency_margin_tau_0.15,S7,grasp_protocol,D05,0.5892857142857143,0.5892857142857143,0.5844561106218136,0.5844561106218136,0.6722859126130413,1.8567558225418215,0.2586692797056295,0.19494718284068085,0.19494718284068085,0.16666666666666666,0.16666666666666666,0.009559537496230305,12500.0,168,168,cemhsey_forward_day_logo
cemhsey,cemhsey_forward_day_logo|D05,set_acsa_tau_0.20,S7,grasp_protocol,D05,0.5952380952380952,0.5952380952380952,0.5921598746645615,0.5921598746645615,0.6697038929969792,1.4193747626059077,0.27528765452200904,0.20076074743487915,0.20076074743487915,0.17857142857142858,0.17857142857142858,0.011518567216295742,12500.0,168,168,cemhsey_forward_day_logo
cemhsey,cemhsey_forward_day_logo|D05,agency_margin_tau_0.20,S7,grasp_protocol,D05,0.5892857142857143,0.5892857142857143,0.5850948798082237,0.5850948798082237,0.6680758043495404,1.4091654543874117,0.2655850955895989,0.20086767899017688,0.20086767899017688,0.17857142857142858,0.17857142857142858,0.01144540435491019,12500.0,168,168,cemhsey_forward_day_logo
cemhsey,cemhsey_forward_day_logo|D05,user_only,S8,grasp_protocol,D05,0.30357142857142855,0.30357142857142855,0.25770061852492193,0.25770061852492193,0.7692890344547558,1.6022682800661028,0.051731389064478286,0.6062186144332933,0.6062186144332933,0.0,0.0,0.0,12500.0,168,168,cemhsey_forward_day_logo
cemhsey,cemhsey_forward_day_logo|D05,assist_only,S8,grasp_protocol,D05,0.30357142857142855,0.30357142857142855,0.28666731216493935,0.28666731216493935,0.7994337809793853,1.5703785674708581,0.17433320999088864,0.7499870140396224,0.7499870140396224,0.5119047619047619,0.5119047619047619,0.06761253192547477,12500.0,168,168,cemhsey_forward_day_logo
cemhsey,cemhsey_forward_day_logo|D05,confidence_blend_alpha_0.25,S8,grasp_protocol,D05,0.3333333333333333,0.3333333333333333,0.28856440097501596,0.28856440097501596,0.7643917987291742,1.5642179883860767,0.04826956509486089,0.6531642031040815,0.6531642031040815,0.13095238095238096,0.13095238095238096,0.006142763927880785,12500.0,168,168,cemhsey_forward_day_logo
cemhsey,cemhsey_forward_day_logo|D05,confidence_blend_alpha_0.50,S8,grasp_protocol,D05,0.3333333333333333,0.33333333333333337,0.28552723355061266,0.28552723355061266,0.7677835112414183,1.5498651345986778,0.09092526079348108,0.7003670818979193,0.7003670818979193,0.25595238095238093,0.25595238095238093,0.016164336200057423,12500.0,168,168,cemhsey_forward_day_logo
cemhsey,cemhsey_forward_day_logo|D05,confidence_blend_alpha_0.75,S8,grasp_protocol,D05,0.32142857142857145,0.32142857142857145,0.29195730710590206,0.29195730710590206,0.779464171991487,1.5516582118923066,0.11841582605952858,0.7374289213636199,0.7374289213636199,0.40476190476190477,0.40476190476190477,0.041779724845749,12500.0,168,168,cemhsey_forward_day_logo
cemhsey,cemhsey_forward_day_logo|D05,selective_prediction,S8,grasp_protocol,D05,0.30357142857142855,0.30357142857142855,0.2572381515435996,0.2572381515435996,0.7782648977200305,1.610176496338993,0.06607926736740384,0.6540512283724922,0.6540512283724922,0.00992063492063492,0.00992063492063492,0.000685875312596834,12500.0,504,504,cemhsey_forward_day_logo
cemhsey,cemhsey_forward_day_logo|D05,set_acsa_tau_0.02,S8,grasp_protocol,D05,0.32142857142857145,0.32142857142857145,0.2763867131997096,0.2763867131997096,0.7898939348550094,1.605080169537985,0.10438736360355357,0.6903564638766811,0.6903564638766811,0.047619047619047616,0.047619047619047616,0.0005091153687891789,12500.0,168,168,cemhsey_forward_day_logo
cemhsey,cemhsey_forward_day_logo|D05,agency_margin_tau_0.02,S8,grasp_protocol,D05,0.3273809523809524,0.32738095238095244,0.28189452017173655,0.28189452017173655,0.9489445598512207,6.87043640042065,0.24261215643113343,0.6898123012403088,0.6898123012403088,0.05357142857142857,0.05357142857142857,0.0005691413173889607,12500.0,168,168,cemhsey_forward_day_logo
cemhsey,cemhsey_forward_day_logo|D05,set_acsa_tau_0.05,S8,grasp_protocol,D05,0.32142857142857145,0.32142857142857145,0.2752138116267996,0.2752138116267996,0.789626597871447,1.5994589716057845,0.09697531805834876,0.6916566889268296,0.6916566889268296,0.08928571428571429,0.08928571428571429,0.0021826453345142197,12500.0,168,168,cemhsey_forward_day_logo
cemhsey,cemhsey_forward_day_logo|D05,agency_margin_tau_0.05,S8,grasp_protocol,D05,0.3273809523809524,0.3273809523809524,0.28111691764521274,0.28111691764521274,0.9337541923919753,7.013750814162834,0.22347002585817108,0.6916601693340552,0.6916601693340552,0.10119047619047619,0.10119047619047619,0.0025151025051485484,12500.0,168,168,cemhsey_forward_day_logo
cemhsey,cemhsey_forward_day_logo|D05,set_acsa_tau_0.10,S8,grasp_protocol,D05,0.35714285714285715,0.35714285714285715,0.3187961548255666,0.3187961548255666,0.7825104813812974,1.57254269592029,0.11059063525596866,0.6902662332979395,0.6902662332979395,0.16666666666666666,0.16666666666666666,0.008019447123273524,12500.0,168,168,cemhsey_forward_day_logo
cemhsey,cemhsey_forward_day_logo|D05,agency_margin_tau_0.10,S8,grasp_protocol,D05,0.3630952380952381,0.36309523809523814,0.32464698000412284,0.32464698000412284,0.8590773409119017,5.437681857166989,0.14439433392374756,0.6896976929881332,0.6896976929881332,0.17261904761904762,0.17261904761904762,0.008079473071873308,12500.0,168,168,cemhsey_forward_day_logo
cemhsey,cemhsey_forward_day_logo|D05,set_acsa_tau_0.15,S8,grasp_protocol,D05,0.35119047619047616,0.35119047619047616,0.3138882515423481,0.3138882515423481,0.7820163627172001,1.5546418794567096,0.10380982693620117,0.7075316631861213,0.7075316631861213,0.22023809523809523,0.22023809523809523,0.014425752255436762,12500.0,168,168,cemhsey_forward_day_logo
cemhsey,cemhsey_forward_day_logo|D05,agency_margin_tau_0.15,S8,grasp_protocol,D05,0.35714285714285715,0.35714285714285715,0.319933147952693,0.319933147952693,0.8477638882967617,4.403589968897715,0.14700395958784618,0.7066159934939814,0.7066159934939814,0.22023809523809523,0.22023809523809523,0.013858400549977128,12500.0,168,168,cemhsey_forward_day_logo
cemhsey,cemhsey_forward_day_logo|D05,set_acsa_tau_0.20,S8,grasp_protocol,D05,0.35119047619047616,0.3511904761904762,0.3089333175130517,0.3089333175130517,0.7796303221556821,1.5326597072396226,0.11336380441236374,0.714576331934739,0.714576331934739,0.26785714285714285,0.26785714285714285,0.022560245729811523,12500.0,168,168,cemhsey_forward_day_logo
cemhsey,cemhsey_forward_day_logo|D05,agency_margin_tau_0.20,S8,grasp_protocol,D05,0.35714285714285715,0.35714285714285715,0.31477633477633477,0.31477633477633477,0.8266753270765855,3.482332808477732,0.15466236320446208,0.7134092800325638,0.7134092800325638,0.26785714285714285,0.26785714285714285,0.021992894024351888,12500.0,168,168,cemhsey_forward_day_logo
cemhsey,cemhsey_forward_day_logo|D05,user_only,S9,grasp_protocol,D05,0.3869047619047619,0.38690476190476186,0.3654364728360275,0.3654364728360275,0.6961222660441295,1.3942579506068618,0.0711312759235804,0.45616660102120915,0.45616660102120915,0.0,0.0,0.0,12500.0,168,168,cemhsey_forward_day_logo
cemhsey,cemhsey_forward_day_logo|D05,assist_only,S9,grasp_protocol,D05,0.3869047619047619,0.3869047619047619,0.38461493737527375,0.38461493737527375,0.7124893123972266,1.418340191183829,0.13178703787276078,0.5219221843997206,0.5219221843997206,0.4880952380952381,0.4880952380952381,0.06000551966806632,12500.0,168,168,cemhsey_forward_day_logo
cemhsey,cemhsey_forward_day_logo|D05,confidence_blend_alpha_0.25,S9,grasp_protocol,D05,0.40476190476190477,0.4047619047619047,0.3827865055320617,0.3827865055320617,0.6909944977174256,1.3825687334905983,0.078608940520416,0.45036513102411896,0.45036513102411896,0.15476190476190477,0.15476190476190477,0.002988726246630198,12500.0,168,168,cemhsey_forward_day_logo
cemhsey,cemhsey_forward_day_logo|D05,confidence_blend_alpha_0.50,S9,grasp_protocol,D05,0.40476190476190477,0.40476190476190477,0.3865099286467834,0.3865099286467834,0.6920130826673756,1.3828223698675863,0.07996681490018359,0.46760834738862256,0.46760834738862256,0.23809523809523808,0.23809523809523808,0.011865211592135386,12500.0,168,168,cemhsey_forward_day_logo
cemhsey,cemhsey_forward_day_logo|D05,confidence_blend_alpha_0.75,S9,grasp_protocol,D05,0.4226190476190476,0.4226190476190476,0.410148859159774,0.410148859159774,0.6991780208939763,1.3940014730161312,0.0996787400485803,0.4903619532729454,0.4903619532729454,0.34523809523809523,0.34523809523809523,0.026384269325626136,12500.0,168,168,cemhsey_forward_day_logo
cemhsey,cemhsey_forward_day_logo|D05,selective_prediction,S9,grasp_protocol,D05,0.3869047619047619,0.38690476190476186,0.3654364728360275,0.3654364728360275,0.6961222660441295,1.3942579506068618,0.0711312759235804,0.4549760660583335,0.4549760660583335,0.0,0.0,0.0,12500.0,504,504,cemhsey_forward_day_logo
cemhsey,cemhsey_forward_day_logo|D05,set_acsa_tau_0.02,S9,grasp_protocol,D05,0.4107142857142857,0.41071428571428564,0.3888310735139617,0.3888310735139617,0.6848129010378561,1.3619797739401984,0.08401258105624045,0.4274274757639023,0.4274274757639023,0.07142857142857142,0.07142857142857142,0.000781555971765119,12500.0,168,168,cemhsey_forward_day_logo
cemhsey,cemhsey_forward_day_logo|D05,agency_margin_tau_0.02,S9,grasp_protocol,D05,0.4107142857142857,0.41071428571428564,0.3888310735139617,0.3888310735139617,0.8041493850021223,5.539011203403344,0.22057008629662012,0.427443349493515,0.427443349493515,0.07142857142857142,0.07142857142857142,0.000781555971765119,12500.0,168,168,cemhsey_forward_day_logo
cemhsey,cemhsey_forward_day_logo|D05,set_acsa_tau_0.05,S9,grasp_protocol,D05,0.38095238095238093,0.38095238095238093,0.3568376928236083,0.3568376928236083,0.689562481068705,1.370315239628672,0.07469230974401006,0.441658343644369,0.441658343644369,0.10714285714285714,0.10714285714285714,0.0019248371357348426,12500.0,168,168,cemhsey_forward_day_logo
cemhsey,cemhsey_forward_day_logo|D05,agency_margin_tau_0.05,S9,grasp_protocol,D05,0.38095238095238093,0.38095238095238093,0.3571487928733843,0.3571487928733843,0.7838229578435874,5.087592496699217,0.1856549268684306,0.44225971080153637,0.44225971080153637,0.1130952380952381,0.1130952380952381,0.0021459076191842554,12500.0,168,168,cemhsey_forward_day_logo
cemhsey,cemhsey_forward_day_logo|D05,set_acsa_tau_0.10,S9,grasp_protocol,D05,0.40476190476190477,0.40476190476190477,0.38759621510452075,0.38759621510452075,0.6851028659439218,1.3580942086715184,0.07471800387105172,0.4319447731621197,0.4319447731621197,0.17857142857142858,0.17857142857142858,0.007464935948353714,12500.0,168,168,cemhsey_forward_day_logo
cemhsey,cemhsey_forward_day_logo|D05,agency_margin_tau_0.10,S9,grasp_protocol,D05,0.40476190476190477,0.40476190476190477,0.38759621510452075,0.38759621510452075,0.7452383526140102,3.5642962706511616,0.1663421820750634,0.43289132556192234,0.43289132556192234,0.17857142857142858,0.17857142857142858,0.007464935948353714,12500.0,168,168,cemhsey_forward_day_logo
cemhsey,cemhsey_forward_day_logo|D05,set_acsa_tau_0.15,S9,grasp_protocol,D05,0.4107142857142857,0.4107142857142857,0.3960162497850596,0.3960162497850596,0.6836974636140101,1.3484959151483025,0.05687109153452085,0.43566222191597537,0.43566222191597537,0.2261904761904762,0.2261904761904762,0.01319788495467751,12500.0,168,168,cemhsey_forward_day_logo
cemhsey,cemhsey_forward_day_logo|D05,agency_margin_tau_0.15,S9,grasp_protocol,D05,0.4107142857142857,0.4107142857142857,0.3960162497850596,0.3960162497850596,0.6908918905418308,2.166423672637928,0.055889843005823656,0.43566222191597537,0.43566222191597537,0.2261904761904762,0.2261904761904762,0.01319788495467751,12500.0,168,168,cemhsey_forward_day_logo
cemhsey,cemhsey_forward_day_logo|D05,set_acsa_tau_0.20,S9,grasp_protocol,D05,0.4226190476190476,0.42261904761904756,0.40955680517821164,0.40955680517821164,0.6782298413760569,1.3363861916826978,0.05931138078000243,0.4234419368221663,0.4234419368221663,0.23809523809523808,0.23809523809523808,0.015301290845878411,12500.0,168,168,cemhsey_forward_day_logo
cemhsey,cemhsey_forward_day_logo|D05,agency_margin_tau_0.20,S9,grasp_protocol,D05,0.4226190476190476,0.42261904761904756,0.40955680517821164,0.40955680517821164,0.6800727322914439,1.7407119797848345,0.0732111730026853,0.4234419368221663,0.4234419368221663,0.23809523809523808,0.23809523809523808,0.015301290845878411,12500.0,168,168,cemhsey_forward_day_logo
cemhsey,cemhsey_forward_day_logo|D05,user_only,S11,grasp_protocol,D05,0.7142857142857143,0.7142857142857143,0.7120513859561938,0.7120513859561938,0.4904804868172808,1.0326985674019051,0.2528058618321583,0.10344221670217363,0.10344221670217363,0.0,0.0,0.0,12500.0,168,168,cemhsey_forward_day_logo
cemhsey,cemhsey_forward_day_logo|D05,assist_only,S11,grasp_protocol,D05,0.7678571428571429,0.7678571428571429,0.7635340863815253,0.7635340863815253,0.4571780015308913,0.925413351197714,0.31810194469634795,0.10073721626844621,0.10073721626844621,0.30357142857142855,0.30357142857142855,0.04527834783737037,12500.0,168,168,cemhsey_forward_day_logo
cemhsey,cemhsey_forward_day_logo|D05,confidence_blend_alpha_0.25,S11,grasp_protocol,D05,0.75,0.75,0.7493236410993297,0.7493236410993297,0.4692893076904218,0.9729667593351804,0.3068308753936053,0.07805741325218267,0.07805741325218267,0.08928571428571429,0.08928571428571429,0.003626420382171282,12500.0,168,168,cemhsey_forward_day_logo
cemhsey,cemhsey_forward_day_logo|D05,confidence_blend_alpha_0.50,S11,grasp_protocol,D05,0.7976190476190477,0.7976190476190476,0.7938793000049794,0.7938793000049794,0.4566751671004174,0.9437766398002913,0.35925220262122215,0.07663790582715466,0.07663790582715466,0.19047619047619047,0.19047619047619047,0.01956242306468814,12500.0,168,168,cemhsey_forward_day_logo
cemhsey,cemhsey_forward_day_logo|D05,confidence_blend_alpha_0.75,S11,grasp_protocol,D05,0.7916666666666666,0.7916666666666667,0.787860901084641,0.787860901084641,0.4526380650472423,0.929120918179698,0.34842370773009745,0.08399644955170733,0.08399644955170733,0.26785714285714285,0.26785714285714285,0.03384110255958601,12500.0,168,168,cemhsey_forward_day_logo
cemhsey,cemhsey_forward_day_logo|D05,selective_prediction,S11,grasp_protocol,D05,0.7281746031746031,0.7281746031746031,0.7252507963956992,0.7252507963956992,0.47694631475039767,1.0032317384860412,0.2584954735617692,0.09569992386510737,0.09569992386510737,0.013888888888888888,0.013888888888888888,0.0019937933527728676,12500.0,504,504,cemhsey_forward_day_logo
cemhsey,cemhsey_forward_day_logo|D05,set_acsa_tau_0.02,S11,grasp_protocol,D05,0.7321428571428571,0.732142857142857,0.7300966767258086,0.7300966767258086,0.45733658674194283,0.9750441230227318,0.26069842115720043,0.07895270602376196,0.07895270602376196,0.03571428571428571,0.03571428571428571,0.00042835283918121514,12500.0,168,168,cemhsey_forward_day_logo
cemhsey,cemhsey_forward_day_logo|D05,agency_margin_tau_0.02,S11,grasp_protocol,D05,0.7321428571428571,0.732142857142857,0.7300966767258086,0.7300966767258086,0.4191180359440812,1.7323874972172715,0.1936344015847361,0.07895270602376196,0.07895270602376196,0.03571428571428571,0.03571428571428571,0.00042835283918121514,12500.0,168,168,cemhsey_forward_day_logo
cemhsey,cemhsey_forward_day_logo|D05,set_acsa_tau_0.05,S11,grasp_protocol,D05,0.7261904761904762,0.7261904761904762,0.7223462118323797,0.7223462118323797,0.45650399058775903,0.9707889770482604,0.24722810342708737,0.0836144628469074,0.0836144628469074,0.05952380952380952,0.05952380952380952,0.001302936486580719,12500.0,168,168,cemhsey_forward_day_logo
cemhsey,cemhsey_forward_day_logo|D05,agency_margin_tau_0.05,S11,grasp_protocol,D05,0.7261904761904762,0.7261904761904762,0.7223462118323797,0.7223462118323797,0.4211910606280152,1.7333739533378119,0.17602137775397575,0.0836144628469074,0.0836144628469074,0.05952380952380952,0.05952380952380952,0.001302936486580719,12500.0,168,168,cemhsey_forward_day_logo
cemhsey,cemhsey_forward_day_logo|D05,set_acsa_tau_0.10,S11,grasp_protocol,D05,0.7440476190476191,0.744047619047619,0.7401714617186853,0.7401714617186853,0.4463247433618943,0.9458462986705721,0.25085532209545297,0.079489840152148,0.079489840152148,0.09523809523809523,0.09523809523809523,0.003520810426789227,12500.0,168,168,cemhsey_forward_day_logo
cemhsey,cemhsey_forward_day_logo|D05,agency_margin_tau_0.10,S11,grasp_protocol,D05,0.7440476190476191,0.744047619047619,0.7401714617186853,0.7401714617186853,0.3873666786709613,1.0900471759272246,0.1729337555000547,0.079489840152148,0.079489840152148,0.09523809523809523,0.09523809523809523,0.003520810426789227,12500.0,168,168,cemhsey_forward_day_logo
cemhsey,cemhsey_forward_day_logo|D05,set_acsa_tau_0.15,S11,grasp_protocol,D05,0.7440476190476191,0.744047619047619,0.7356197957821697,0.7356197957821697,0.4441817179544299,0.9354199271425653,0.24488383628054508,0.09006083368209475,0.09006083368209475,0.13095238095238096,0.13095238095238096,0.007807859683033632,12500.0,168,168,cemhsey_forward_day_logo
cemhsey,cemhsey_forward_day_logo|D05,agency_margin_tau_0.15,S11,grasp_protocol,D05,0.7440476190476191,0.744047619047619,0.7356197957821697,0.7356197957821697,0.3912052497822258,0.7973159938572287,0.168880933389786,0.09006083368209475,0.09006083368209475,0.13095238095238096,0.13095238095238096,0.007807859683033632,12500.0,168,168,cemhsey_forward_day_logo
cemhsey,cemhsey_forward_day_logo|D05,set_acsa_tau_0.20,S11,grasp_protocol,D05,0.7559523809523809,0.755952380952381,0.7496862835845886,0.7496862835845886,0.43889859972908035,0.9249706731808599,0.25628701661208303,0.08639880675470914,0.08639880675470914,0.14285714285714285,0.14285714285714285,0.009957110288244647,12500.0,168,168,cemhsey_forward_day_logo
cemhsey,cemhsey_forward_day_logo|D05,agency_margin_tau_0.20,S11,grasp_protocol,D05,0.7619047619047619,0.7619047619047619,0.7566319716512272,0.7566319716512272,0.39340015475051116,0.8112128123221134,0.19800875713437577,0.0846197342877846,0.0846197342877846,0.15476190476190477,0.15476190476190477,0.012054449714876427,12500.0,168,168,cemhsey_forward_day_logo
cemhsey,cemhsey_forward_day_logo|D05,user_only,S12,grasp_protocol,D05,0.6726190476190477,0.6726190476190476,0.6717520482359375,0.6717520482359375,0.508836269940685,1.0283060805243536,0.24709897407211162,0.13845006490158782,0.13845006490158782,0.0,0.0,0.0,12500.0,168,168,cemhsey_forward_day_logo
cemhsey,cemhsey_forward_day_logo|D05,assist_only,S12,grasp_protocol,D05,0.7083333333333334,0.7083333333333334,0.704582917587076,0.704582917587076,0.5173353971468378,1.0285175781427969,0.26373735853853164,0.15509616871184168,0.15509616871184168,0.36904761904761907,0.36904761904761907,0.05763359619206665,12500.0,168,168,cemhsey_forward_day_logo
cemhsey,cemhsey_forward_day_logo|D05,confidence_blend_alpha_0.25,S12,grasp_protocol,D05,0.7559523809523809,0.755952380952381,0.7513088864566541,0.7513088864566541,0.4979888110618946,1.0016508962469783,0.33106137710340594,0.11201663372432591,0.11201663372432591,0.13690476190476192,0.13690476190476192,0.006264394291290802,12500.0,168,168,cemhsey_forward_day_logo
cemhsey,cemhsey_forward_day_logo|D05,confidence_blend_alpha_0.50,S12,grasp_protocol,D05,0.7619047619047619,0.761904761904762,0.7535502363194874,0.7535502363194874,0.4957895126366611,0.9949886152488134,0.3389452205463891,0.10376920010285132,0.10376920010285132,0.22023809523809523,0.22023809523809523,0.01618610468834206,12500.0,168,168,cemhsey_forward_day_logo
cemhsey,cemhsey_forward_day_logo|D05,confidence_blend_alpha_0.75,S12,grasp_protocol,D05,0.7559523809523809,0.755952380952381,0.7522543135568883,0.7522543135568883,0.5022383746649755,1.0037320182416556,0.3258230354046885,0.11532824730424181,0.11532824730424181,0.31547619047619047,0.31547619047619047,0.04075062569872376,12500.0,168,168,cemhsey_forward_day_logo
cemhsey,cemhsey_forward_day_logo|D05,selective_prediction,S12,grasp_protocol,D05,0.6765873015873016,0.6765873015873015,0.6753371833264986,0.6753371833264986,0.4978904552161607,1.008466573748288,0.24068135767604895,0.13220278314008885,0.13220278314008885,0.003968253968253968,0.003968253968253968,0.00030676425694517613,12500.0,504,504,cemhsey_forward_day_logo
cemhsey,cemhsey_forward_day_logo|D05,set_acsa_tau_0.02,S12,grasp_protocol,D05,0.6785714285714286,0.6785714285714285,0.677727063598146,0.677727063598146,0.48041251944702845,0.976476140500789,0.2516793836156386,0.12481697458164975,0.12481697458164975,0.011904761904761904,0.011904761904761904,8.798184643647303e-05,12500.0,168,168,cemhsey_forward_day_logo
cemhsey,cemhsey_forward_day_logo|D05,agency_margin_tau_0.02,S12,grasp_protocol,D05,0.6785714285714286,0.6785714285714285,0.6775932297787784,0.6775932297787784,0.4422946353777623,1.8818835131862588,0.19162066074174786,0.12537580973951934,0.12537580973951934,0.02976190476190476,0.02976190476190476,0.00023850434055512198,12500.0,168,168,cemhsey_forward_day_logo
cemhsey,cemhsey_forward_day_logo|D05,set_acsa_tau_0.05,S12,grasp_protocol,D05,0.6904761904761905,0.6904761904761905,0.6880459612305839,0.6880459612305839,0.47702512243682416,0.9660743680459877,0.2435375158708784,0.1238274262030195,0.1238274262030195,0.05952380952380952,0.05952380952380952,0.001901181612537829,12500.0,168,168,cemhsey_forward_day_logo
cemhsey,cemhsey_forward_day_logo|D05,agency_margin_tau_0.05,S12,grasp_protocol,D05,0.7023809523809523,0.7023809523809524,0.7014700212068633,0.7014700212068633,0.4235584685627143,1.8381969828205829,0.16833433875708076,0.12320660318139032,0.12320660318139032,0.08333333333333333,0.08333333333333333,0.0026056905112686705,12500.0,168,168,cemhsey_forward_day_logo
cemhsey,cemhsey_forward_day_logo|D05,set_acsa_tau_0.10,S12,grasp_protocol,D05,0.7440476190476191,0.744047619047619,0.7354626933701766,0.7354626933701766,0.4580615492996768,0.9184530627443673,0.25408338141513975,0.11644165316704523,0.11644165316704523,0.15476190476190477,0.15476190476190477,0.009065565124407952,12500.0,168,168,cemhsey_forward_day_logo
cemhsey,cemhsey_forward_day_logo|D05,agency_margin_tau_0.10,S12,grasp_protocol,D05,0.7440476190476191,0.744047619047619,0.7345396279458904,0.7345396279458904,0.3953855803984682,1.0448123641210676,0.15372844918805728,0.11654988092550807,0.11654988092550807,0.16071428571428573,0.16071428571428573,0.009298586853400279,12500.0,168,168,cemhsey_forward_day_logo
cemhsey,cemhsey_forward_day_logo|D05,set_acsa_tau_0.15,S12,grasp_protocol,D05,0.7619047619047619,0.7619047619047619,0.753495716116447,0.753495716116447,0.4491934152468452,0.8925881144653788,0.2663929397292659,0.11378579895862982,0.11378579895862982,0.19047619047619047,0.19047619047619047,0.013841936491209876,12500.0,168,168,cemhsey_forward_day_logo
cemhsey,cemhsey_forward_day_logo|D05,agency_margin_tau_0.15,S12,grasp_protocol,D05,0.7619047619047619,0.7619047619047619,0.753495716116447,0.753495716116447,0.40756718364097255,0.9256366981366039,0.20172261817203962,0.11378579895862982,0.11378579895862982,0.19047619047619047,0.19047619047619047,0.013841936491209876,12500.0,168,168,cemhsey_forward_day_logo
cemhsey,cemhsey_forward_day_logo|D05,set_acsa_tau_0.20,S12,grasp_protocol,D05,0.7559523809523809,0.755952380952381,0.7478236201093039,0.7478236201093039,0.44993889296925393,0.8938483085067629,0.2603638745814413,0.11407533263292616,0.11407533263292616,0.19642857142857142,0.19642857142857142,0.014803257522306011,12500.0,168,168,cemhsey_forward_day_logo
cemhsey,cemhsey_forward_day_logo|D05,agency_margin_tau_0.20,S12,grasp_protocol,D05,0.7559523809523809,0.755952380952381,0.7478236201093039,0.7478236201093039,0.41939806219083353,0.8069210257481918,0.21005201767397058,0.11407533263292616,0.11407533263292616,0.19642857142857142,0.19642857142857142,0.014803257522306011,12500.0,168,168,cemhsey_forward_day_logo
cemhsey,cemhsey_forward_day_logo|D05,user_only,S13,grasp_protocol,D05,0.6666666666666666,0.6666666666666666,0.6615054485744141,0.6615054485744141,0.5131334790453838,1.1095281461056867,0.2435929887191244,0.10685253498925325,0.10685253498925325,0.0,0.0,0.0,12500.0,168,168,cemhsey_forward_day_logo
cemhsey,cemhsey_forward_day_logo|D05,assist_only,S13,grasp_protocol,D05,0.8511904761904762,0.8511904761904763,0.8291211902622718,0.8291211902622718,0.4391769916813296,0.8991646819700391,0.40808650171543853,0.043758901285970916,0.043758901285970916,0.3333333333333333,0.3333333333333333,0.05262181001922826,12500.0,168,168,cemhsey_forward_day_logo
cemhsey,cemhsey_forward_day_logo|D05,confidence_blend_alpha_0.25,S13,grasp_protocol,D05,0.7440476190476191,0.7440476190476192,0.734829807303141,0.734829807303141,0.4792866951577784,1.001097396826821,0.3152415768864784,0.06568932746883234,0.06568932746883234,0.11904761904761904,0.11904761904761904,0.005182936566237491,12500.0,168,168,cemhsey_forward_day_logo
cemhsey,cemhsey_forward_day_logo|D05,confidence_blend_alpha_0.50,S13,grasp_protocol,D05,0.8571428571428571,0.8571428571428571,0.8442360368586085,0.8442360368586085,0.45567835263457585,0.946175070006161,0.4297159044466563,0.03448641792425279,0.03448641792425279,0.25,0.25,0.0271001346201926,12500.0,168,168,cemhsey_forward_day_logo
cemhsey,cemhsey_forward_day_logo|D05,confidence_blend_alpha_0.75,S13,grasp_protocol,D05,0.8630952380952381,0.863095238095238,0.847905186783018,0.847905186783018,0.44230845147576386,0.914346347375407,0.4273062484268091,0.031228970219644443,0.031228970219644443,0.2916666666666667,0.2916666666666667,0.038639928792100244,12500.0,168,168,cemhsey_forward_day_logo
cemhsey,cemhsey_forward_day_logo|D05,selective_prediction,S13,grasp_protocol,D05,0.6706349206349206,0.6706349206349207,0.6652771780291621,0.6652771780291621,0.5073869098990524,1.0976021632687532,0.2418092909348801,0.10319767613658608,0.10319767613658608,0.003968253968253968,0.003968253968253968,0.0005062564076462128,12500.0,504,504,cemhsey_forward_day_logo
cemhsey,cemhsey_forward_day_logo|D05,set_acsa_tau_0.02,S13,grasp_protocol,D05,0.6904761904761905,0.6904761904761905,0.6839208410636982,0.6839208410636982,0.472623010395526,1.034344814551463,0.30009133241635316,0.08081415095237031,0.08081415095237031,0.023809523809523808,0.023809523809523808,0.00019593210314082792,12500.0,168,168,cemhsey_forward_day_logo
cemhsey,cemhsey_forward_day_logo|D05,agency_margin_tau_0.02,S13,grasp_protocol,D05,0.6904761904761905,0.6904761904761905,0.6839208410636982,0.6839208410636982,0.4274821665217184,1.9304616064413227,0.22340023463861722,0.08085066862692479,0.08085066862692479,0.023809523809523808,0.023809523809523808,0.00019593210314082792,12500.0,168,168,cemhsey_forward_day_logo
cemhsey,cemhsey_forward_day_logo|D05,set_acsa_tau_0.05,S13,grasp_protocol,D05,0.7202380952380952,0.7202380952380952,0.7080695263605682,0.7080695263605682,0.46344271391347885,1.017123479190878,0.307315358023017,0.0700343768686986,0.0700343768686986,0.07142857142857142,0.07142857142857142,0.0018644640396669725,12500.0,168,168,cemhsey_forward_day_logo
cemhsey,cemhsey_forward_day_logo|D05,agency_margin_tau_0.05,S13,grasp_protocol,D05,0.7202380952380952,0.7202380952380952,0.7075861522922884,0.7075861522922884,0.4272214870113982,2.2083164097865104,0.2304528813955404,0.0700343768686986,0.0700343768686986,0.07738095238095238,0.07738095238095238,0.002011565135015701,12500.0,168,168,cemhsey_forward_day_logo
cemhsey,cemhsey_forward_day_logo|D05,set_acsa_tau_0.10,S13,grasp_protocol,D05,0.7559523809523809,0.7559523809523808,0.7382221197181664,0.7382221197181664,0.44813023762129384,0.9852361792002658,0.318059316442371,0.05997926308391942,0.05997926308391942,0.11904761904761904,0.11904761904761904,0.0053185263385925816,12500.0,168,168,cemhsey_forward_day_logo
cemhsey,cemhsey_forward_day_logo|D05,agency_margin_tau_0.10,S13,grasp_protocol,D05,0.7559523809523809,0.7559523809523808,0.7377284729841105,0.7377284729841105,0.3816852206508411,1.5522842110933357,0.19160402097559162,0.060018167534588586,0.060018167534588586,0.125,0.125,0.00546562743394131,12500.0,168,168,cemhsey_forward_day_logo
cemhsey,cemhsey_forward_day_logo|D05,set_acsa_tau_0.15,S13,grasp_protocol,D05,0.7797619047619048,0.7797619047619048,0.764193903670278,0.764193903670278,0.43817345338211516,0.9620578444322748,0.3299651377666305,0.053621298781678046,0.053621298781678046,0.14285714285714285,0.14285714285714285,0.008338011595045507,12500.0,168,168,cemhsey_forward_day_logo
cemhsey,cemhsey_forward_day_logo|D05,agency_margin_tau_0.15,S13,grasp_protocol,D05,0.7797619047619048,0.7797619047619048,0.764193903670278,0.764193903670278,0.37289146898568404,0.9515416763367929,0.23580388496566873,0.053621298781678046,0.053621298781678046,0.14285714285714285,0.14285714285714285,0.008338011595045507,12500.0,168,168,cemhsey_forward_day_logo
cemhsey,cemhsey_forward_day_logo|D05,set_acsa_tau_0.20,S13,grasp_protocol,D05,0.8273809523809523,0.8273809523809523,0.8092254199901492,0.8092254199901492,0.4083242114013642,0.8922584336439588,0.3482228621047346,0.04250576706284814,0.04250576706284814,0.19047619047619047,0.19047619047619047,0.017212892889730276,12500.0,168,168,cemhsey_forward_day_logo
cemhsey,cemhsey_forward_day_logo|D05,agency_margin_tau_0.20,S13,grasp_protocol,D05,0.8273809523809523,0.8273809523809523,0.8092254199901492,0.8092254199901492,0.34631537310955646,0.7449742466427314,0.2572939244246054,0.04250576706284814,0.04250576706284814,0.19047619047619047,0.19047619047619047,0.017212892889730276,12500.0,168,168,cemhsey_forward_day_logo
cemhsey,cemhsey_forward_day_logo|D06,user_only,S1,grasp_protocol,D06,0.7440476190476191,0.744047619047619,0.7476493120832262,0.7476493120832262,0.46812859371099325,0.9797438709190736,0.27302303533941746,0.07565574545595906,0.07565574545595906,0.0,0.0,0.0,12500.0,168,168,cemhsey_forward_day_logo
cemhsey,cemhsey_forward_day_logo|D06,assist_only,S1,grasp_protocol,D06,0.8690476190476191,0.8690476190476192,0.868213892107525,0.868213892107525,0.3674511215597175,0.7362727864806742,0.35901678918142566,0.023824980692783142,0.023824980692783142,0.30952380952380953,0.30952380952380953,0.05391413123104748,12500.0,168,168,cemhsey_forward_day_logo
cemhsey,cemhsey_forward_day_logo|D06,confidence_blend_alpha_0.25,S1,grasp_protocol,D06,0.8214285714285714,0.8214285714285713,0.8215828822371439,0.8215828822371439,0.4269186886970277,0.8721854734039519,0.3471720244835148,0.037553799212070596,0.037553799212070596,0.10119047619047619,0.10119047619047619,0.005867675670620088,12500.0,168,168,cemhsey_forward_day_logo
cemhsey,cemhsey_forward_day_logo|D06,confidence_blend_alpha_0.50,S1,grasp_protocol,D06,0.8809523809523809,0.8809523809523812,0.879666483570654,0.879666483570654,0.3964024750004986,0.8084982788064323,0.4020957062270555,0.01655485511196235,0.01655485511196235,0.19642857142857142,0.19642857142857142,0.023477029893840696,12500.0,168,168,cemhsey_forward_day_logo
cemhsey,cemhsey_forward_day_logo|D06,confidence_blend_alpha_0.75,S1,grasp_protocol,D06,0.8928571428571429,0.8928571428571429,0.8909588813259098,0.8909588813259098,0.37657995262139216,0.7652443771729087,0.4008717645210298,0.014545142005752484,0.014545142005752484,0.25595238095238093,0.25595238095238093,0.03820216371463048,12500.0,168,168,cemhsey_forward_day_logo
cemhsey,cemhsey_forward_day_logo|D06,selective_prediction,S1,grasp_protocol,D06,0.7698412698412699,0.7698412698412699,0.7729036014081274,0.7729036014081274,0.44065016096540693,0.9317689667387515,0.2739662615903833,0.059799916876009364,0.059799916876009364,0.025793650793650792,0.025793650793650792,0.0031865088481810655,12500.0,504,504,cemhsey_forward_day_logo
cemhsey,cemhsey_forward_day_logo|D06,set_acsa_tau_0.02,S1,grasp_protocol,D06,0.7619047619047619,0.7619047619047619,0.7658483144905962,0.7658483144905962,0.4019458838695423,0.8668450055239127,0.28882587931419806,0.0439258680410889,0.0439258680410889,0.02976190476190476,0.02976190476190476,0.0003444423034389083,12500.0,168,168,cemhsey_forward_day_logo
cemhsey,cemhsey_forward_day_logo|D06,agency_margin_tau_0.02,S1,grasp_protocol,D06,0.7619047619047619,0.7619047619047619,0.7658483144905962,0.7658483144905962,0.33438008109782935,1.1452833761737768,0.16848689385248783,0.04389022504137405,0.04389022504137405,0.02976190476190476,0.02976190476190476,0.0003444423034389083,12500.0,168,168,cemhsey_forward_day_logo
cemhsey,cemhsey_forward_day_logo|D06,set_acsa_tau_0.05,S1,grasp_protocol,D06,0.7738095238095238,0.7738095238095238,0.7780210186569377,0.7780210186569377,0.3936673733219965,0.8491313303600957,0.286188742488312,0.04077555910779091,0.04077555910779091,0.047619047619047616,0.047619047619047616,0.0008763413385291923,12500.0,168,168,cemhsey_forward_day_logo
cemhsey,cemhsey_forward_day_logo|D06,agency_margin_tau_0.05,S1,grasp_protocol,D06,0.7738095238095238,0.7738095238095238,0.7780210186569377,0.7780210186569377,0.33779061923796255,1.1529671886987227,0.17787747518819325,0.04073991610807605,0.04073991610807605,0.047619047619047616,0.047619047619047616,0.0008763413385291923,12500.0,168,168,cemhsey_forward_day_logo
cemhsey,cemhsey_forward_day_logo|D06,set_acsa_tau_0.10,S1,grasp_protocol,D06,0.7916666666666666,0.7916666666666666,0.7941551950634395,0.7941551950634395,0.38238072691032604,0.8270531385700606,0.28322698176581124,0.03675817022744859,0.03675817022744859,0.08928571428571429,0.08928571428571429,0.003907038587760069,12500.0,168,168,cemhsey_forward_day_logo
cemhsey,cemhsey_forward_day_logo|D06,agency_margin_tau_0.10,S1,grasp_protocol,D06,0.7976190476190477,0.7976190476190476,0.7995618984870856,0.7995618984870856,0.3304873319734443,1.1346770611916053,0.19106369067108234,0.036244611974496924,0.036244611974496924,0.09523809523809523,0.09523809523809523,0.004262374573318954,12500.0,168,168,cemhsey_forward_day_logo
cemhsey,cemhsey_forward_day_logo|D06,set_acsa_tau_0.15,S1,grasp_protocol,D06,0.8095238095238095,0.8095238095238096,0.8101568522509073,0.8101568522509073,0.36858224864178335,0.7968212245992603,0.2949526526915381,0.031764205536549316,0.031764205536549316,0.11904761904761904,0.11904761904761904,0.00789778575631401,12500.0,168,168,cemhsey_forward_day_logo
cemhsey,cemhsey_forward_day_logo|D06,agency_margin_tau_0.15,S1,grasp_protocol,D06,0.8154761904761905,0.8154761904761906,0.8158860580220031,0.8158860580220031,0.3188260801041139,0.8160679810365851,0.21640240775380024,0.03140003312310952,0.03140003312310952,0.125,0.125,0.008253121741872895,12500.0,168,168,cemhsey_forward_day_logo
cemhsey,cemhsey_forward_day_logo|D06,set_acsa_tau_0.20,S1,grasp_protocol,D06,0.8333333333333334,0.8333333333333334,0.8319729351716505,0.8319729351716505,0.351791255007698,0.7561230365470673,0.29811873019775464,0.02795099393424962,0.02795099393424962,0.1488095238095238,0.1488095238095238,0.01305109554660642,12500.0,168,168,cemhsey_forward_day_logo
cemhsey,cemhsey_forward_day_logo|D06,agency_margin_tau_0.20,S1,grasp_protocol,D06,0.8392857142857143,0.8392857142857144,0.8379160117029623,0.8379160117029623,0.31270594158492654,0.8048652140595793,0.2345682728453031,0.027735174662515162,0.027735174662515162,0.15476190476190477,0.15476190476190477,0.013406431532165305,12500.0,168,168,cemhsey_forward_day_logo
cemhsey,cemhsey_forward_day_logo|D06,user_only,S10,grasp_protocol,D06,0.5416666666666666,0.5416666666666667,0.5218845704634856,0.5218845704634856,0.6390894979980495,1.3366036158027108,0.14458701500884633,0.31206707529071004,0.31206707529071004,0.0,0.0,0.0,12500.0,168,168,cemhsey_forward_day_logo
cemhsey,cemhsey_forward_day_logo|D06,assist_only,S10,grasp_protocol,D06,0.5952380952380952,0.5952380952380952,0.5757212717245511,0.5757212717245511,0.6355290030109121,1.5792985605723964,0.24426062083307482,0.33992458711717244,0.33992458711717244,0.4166666666666667,0.4166666666666667,0.0690988123820629,12500.0,168,168,cemhsey_forward_day_logo
cemhsey,cemhsey_forward_day_logo|D06,confidence_blend_alpha_0.25,S10,grasp_protocol,D06,0.5476190476190477,0.5476190476190477,0.5293042543282003,0.5293042543282003,0.6267834062769043,1.2960700578381261,0.17573950207642683,0.3002533692656322,0.3002533692656322,0.05357142857142857,0.05357142857142857,0.0020729073510266176,12500.0,168,168,cemhsey_forward_day_logo
cemhsey,cemhsey_forward_day_logo|D06,confidence_blend_alpha_0.50,S10,grasp_protocol,D06,0.5833333333333334,0.5833333333333334,0.561501424320015,0.561501424320015,0.6220879598719992,1.2857170688663608,0.22265236104667863,0.3189731674926443,0.3189731674926443,0.18452380952380953,0.18452380952380953,0.01878331300982081,12500.0,168,168,cemhsey_forward_day_logo
cemhsey,cemhsey_forward_day_logo|D06,confidence_blend_alpha_0.75,S10,grasp_protocol,D06,0.6011904761904762,0.6011904761904763,0.5804436781856138,0.5804436781856138,0.6250031587833342,1.2961721327227995,0.2485392599366271,0.3203199703290474,0.3203199703290474,0.30952380952380953,0.30952380952380953,0.046371511018556695,12500.0,168,168,cemhsey_forward_day_logo
cemhsey,cemhsey_forward_day_logo|D06,selective_prediction,S10,grasp_protocol,D06,0.5416666666666666,0.5416666666666667,0.5218845704634856,0.5218845704634856,0.6430702974178674,1.5731862316497878,0.15215157304378013,0.34540201619302074,0.34540201619302074,0.0,0.0,0.0,12500.0,504,504,cemhsey_forward_day_logo
cemhsey,cemhsey_forward_day_logo|D06,set_acsa_tau_0.02,S10,grasp_protocol,D06,0.5476190476190477,0.5476190476190477,0.5268413845212986,0.5268413845212986,0.6357154331296427,1.6173045123836918,0.14119153456588063,0.3349088154271654,0.3349088154271654,0.023809523809523808,0.023809523809523808,0.00029896511953233997,12500.0,168,168,cemhsey_forward_day_logo
cemhsey,cemhsey_forward_day_logo|D06,agency_margin_tau_0.02,S10,grasp_protocol,D06,0.5476190476190477,0.5476190476190477,0.5268413845212986,0.5268413845212986,0.6831721787013412,3.9285398072480238,0.21298815556390183,0.33561723167725405,0.33561723167725405,0.023809523809523808,0.023809523809523808,0.00029896511953233997,12500.0,168,168,cemhsey_forward_day_logo
cemhsey,cemhsey_forward_day_logo|D06,set_acsa_tau_0.05,S10,grasp_protocol,D06,0.5476190476190477,0.5476190476190477,0.5268413845212986,0.5268413845212986,0.6357154331296427,1.6173045123836918,0.14119153456588063,0.3349088154271654,0.3349088154271654,0.023809523809523808,0.023809523809523808,0.00029896511953233997,12500.0,168,168,cemhsey_forward_day_logo
cemhsey,cemhsey_forward_day_logo|D06,agency_margin_tau_0.05,S10,grasp_protocol,D06,0.5476190476190477,0.5476190476190477,0.5268413845212986,0.5268413845212986,0.660441955292582,3.3108541380906464,0.18268843915919125,0.33561723167725405,0.33561723167725405,0.023809523809523808,0.023809523809523808,0.00029896511953233997,12500.0,168,168,cemhsey_forward_day_logo
cemhsey,cemhsey_forward_day_logo|D06,set_acsa_tau_0.10,S10,grasp_protocol,D06,0.5595238095238095,0.5595238095238095,0.5412771333887149,0.5412771333887149,0.625491029293453,1.5842825262122089,0.14580357769670224,0.33309982118923454,0.33309982118923454,0.08333333333333333,0.08333333333333333,0.004393175110919748,12500.0,168,168,cemhsey_forward_day_logo
cemhsey,cemhsey_forward_day_logo|D06,agency_margin_tau_0.10,S10,grasp_protocol,D06,0.5595238095238095,0.5595238095238095,0.5412771333887149,0.5412771333887149,0.6504849845451195,3.132607697086428,0.17929390313475183,0.33386737349480294,0.33386737349480294,0.08333333333333333,0.08333333333333333,0.004393175110919748,12500.0,168,168,cemhsey_forward_day_logo
cemhsey,cemhsey_forward_day_logo|D06,set_acsa_tau_0.15,S10,grasp_protocol,D06,0.5654761904761905,0.5654761904761905,0.5502411085891846,0.5502411085891846,0.6230060185184092,1.5748564773898512,0.1509551492071333,0.3318716318586831,0.3318716318586831,0.08928571428571429,0.08928571428571429,0.005215316532286974,12500.0,168,168,cemhsey_forward_day_logo
cemhsey,cemhsey_forward_day_logo|D06,agency_margin_tau_0.15,S10,grasp_protocol,D06,0.5654761904761905,0.5654761904761905,0.5502411085891846,0.5502411085891846,0.645875043624596,2.8512873241081262,0.19714934825751648,0.3318716318586831,0.3318716318586831,0.08928571428571429,0.08928571428571429,0.005215316532286974,12500.0,168,168,cemhsey_forward_day_logo
cemhsey,cemhsey_forward_day_logo|D06,set_acsa_tau_0.20,S10,grasp_protocol,D06,0.5595238095238095,0.5595238095238095,0.5454926377722865,0.5454926377722865,0.6244175136610666,1.575259676914221,0.1476260680495725,0.33696678493783194,0.33696678493783194,0.1130952380952381,0.1130952380952381,0.009586597575654469,12500.0,168,168,cemhsey_forward_day_logo
cemhsey,cemhsey_forward_day_logo|D06,agency_margin_tau_0.20,S10,grasp_protocol,D06,0.5595238095238095,0.5595238095238095,0.5455618584430109,0.5455618584430109,0.6443270831330998,2.7003201987063985,0.18717771301412595,0.3372141169644684,0.3372141169644684,0.11904761904761904,0.11904761904761904,0.010539583965365824,12500.0,168,168,cemhsey_forward_day_logo
cemhsey,cemhsey_forward_day_logo|D06,user_only,S2,grasp_protocol,D06,0.8035714285714286,0.8035714285714286,0.8013774359116869,0.8013774359116869,0.33385177191816817,0.7037854140818508,0.2082202342679937,0.05172060997763136,0.05172060997763136,0.0,0.0,0.0,12500.0,168,168,cemhsey_forward_day_logo
cemhsey,cemhsey_forward_day_logo|D06,assist_only,S2,grasp_protocol,D06,0.9166666666666666,0.9166666666666667,0.9157449048127014,0.9157449048127014,0.28868253300371893,0.6106391918615839,0.3447260579122791,0.012868531299394984,0.012868531299394984,0.19642857142857142,0.19642857142857142,0.033372054391949825,12500.0,168,168,cemhsey_forward_day_logo
cemhsey,cemhsey_forward_day_logo|D06,confidence_blend_alpha_0.25,S2,grasp_protocol,D06,0.8928571428571429,0.8928571428571429,0.8878433965154435,0.8878433965154435,0.3054386358151102,0.647665944628509,0.31286688745467006,0.032438283586724084,0.032438283586724084,0.10119047619047619,0.10119047619047619,0.006669234178347043,12500.0,168,168,cemhsey_forward_day_logo
cemhsey,cemhsey_forward_day_logo|D06,confidence_blend_alpha_0.50,S2,grasp_protocol,D06,0.9345238095238095,0.9345238095238094,0.9346318838595714,0.9346318838595714,0.28843938396169866,0.6203605464721275,0.35931678163667496,0.021440050170173846,0.021440050170173846,0.14285714285714285,0.14285714285714285,0.015300837368625858,12500.0,168,168,cemhsey_forward_day_logo
cemhsey,cemhsey_forward_day_logo|D06,confidence_blend_alpha_0.75,S2,grasp_protocol,D06,0.9404761904761905,0.9404761904761905,0.9408872194230385,0.9408872194230385,0.28285401635789625,0.6092662631341837,0.3730731158549264,0.012394381849510644,0.012394381849510644,0.16071428571428573,0.16071428571428573,0.018434762548821745,12500.0,168,168,cemhsey_forward_day_logo
cemhsey,cemhsey_forward_day_logo|D06,selective_prediction,S2,grasp_protocol,D06,0.8313492063492064,0.8313492063492063,0.8269170149333671,0.8269170149333671,0.30302460106573514,0.6461979821003275,0.2138462017765993,0.03973961075795165,0.03973961075795165,0.027777777777777776,0.027777777777777776,0.003035085531654184,12500.0,504,504,cemhsey_forward_day_logo
cemhsey,cemhsey_forward_day_logo|D06,set_acsa_tau_0.02,S2,grasp_protocol,D06,0.8154761904761905,0.8154761904761905,0.8118541316656672,0.8118541316656672,0.2812030125360816,0.6081238127852574,0.20609830419370787,0.03135602584375504,0.03135602584375504,0.011904761904761904,0.011904761904761904,8.322127106490371e-05,12500.0,168,168,cemhsey_forward_day_logo
cemhsey,cemhsey_forward_day_logo|D06,agency_margin_tau_0.02,S2,grasp_protocol,D06,0.8095238095238095,0.8095238095238095,0.8069200999415976,0.8069200999415976,0.22342232300823545,0.4751359822427298,0.15109842096045598,0.031499032435127805,0.031499032435127805,0.017857142857142856,0.017857142857142856,0.00013259638156162113,12500.0,168,168,cemhsey_forward_day_logo
cemhsey,cemhsey_forward_day_logo|D06,set_acsa_tau_0.05,S2,grasp_protocol,D06,0.8452380952380952,0.8452380952380952,0.8419048234216281,0.8419048234216281,0.2694075118151946,0.5876013319276574,0.2178597350881171,0.026113137069776932,0.026113137069776932,0.041666666666666664,0.041666666666666664,0.0012344406509297908,12500.0,168,168,cemhsey_forward_day_logo
cemhsey,cemhsey_forward_day_logo|D06,agency_margin_tau_0.05,S2,grasp_protocol,D06,0.8392857142857143,0.8392857142857144,0.83683735835397,0.83683735835397,0.21139463689325416,0.4513999213049097,0.1524740112630076,0.026256143661149693,0.026256143661149693,0.047619047619047616,0.047619047619047616,0.0012838157614265082,12500.0,168,168,cemhsey_forward_day_logo
cemhsey,cemhsey_forward_day_logo|D06,set_acsa_tau_0.10,S2,grasp_protocol,D06,0.8690476190476191,0.869047619047619,0.8649130058212842,0.8649130058212842,0.25559523951085134,0.5607906196244778,0.23427993657246085,0.022591563273965255,0.022591563273965255,0.07738095238095238,0.07738095238095238,0.0038170609357776044,12500.0,168,168,cemhsey_forward_day_logo
cemhsey,cemhsey_forward_day_logo|D06,agency_margin_tau_0.10,S2,grasp_protocol,D06,0.8690476190476191,0.869047619047619,0.8649130058212842,0.8649130058212842,0.20408133196545836,0.43962266321136584,0.1591402873510944,0.022591563273965255,0.022591563273965255,0.07738095238095238,0.07738095238095238,0.0038170609357776044,12500.0,168,168,cemhsey_forward_day_logo
cemhsey,cemhsey_forward_day_logo|D06,set_acsa_tau_0.15,S2,grasp_protocol,D06,0.8869047619047619,0.8869047619047619,0.8813028122206801,0.8813028122206801,0.24226273739512388,0.5319762301129782,0.23665916590489647,0.02018338337362089,0.02018338337362089,0.09523809523809523,0.09523809523809523,0.006078297612586419,12500.0,168,168,cemhsey_forward_day_logo
cemhsey,cemhsey_forward_day_logo|D06,agency_margin_tau_0.15,S2,grasp_protocol,D06,0.8869047619047619,0.8869047619047619,0.8813028122206801,0.8813028122206801,0.19622245763702176,0.4232849707018338,0.17010372012907157,0.02018338337362089,0.02018338337362089,0.09523809523809523,0.09523809523809523,0.006078297612586419,12500.0,168,168,cemhsey_forward_day_logo
cemhsey,cemhsey_forward_day_logo|D06,set_acsa_tau_0.20,S2,grasp_protocol,D06,0.8988095238095238,0.8988095238095237,0.8951732673876538,0.8951732673876538,0.23570732470758696,0.5167731688066288,0.2386954104195699,0.019225238321481337,0.019225238321481337,0.10714285714285714,0.10714285714285714,0.00806290732655696,12500.0,168,168,cemhsey_forward_day_logo
cemhsey,cemhsey_forward_day_logo|D06,agency_margin_tau_0.20,S2,grasp_protocol,D06,0.8988095238095238,0.8988095238095237,0.8951732673876538,0.8951732673876538,0.20259117375446203,0.43625785218307167,0.19527283206225857,0.019225238321481337,0.019225238321481337,0.10714285714285714,0.10714285714285714,0.00806290732655696,12500.0,168,168,cemhsey_forward_day_logo
cemhsey,cemhsey_forward_day_logo|D06,user_only,S3,grasp_protocol,D06,0.7619047619047619,0.7619047619047619,0.7581486375483706,0.7581486375483706,0.4525559333027986,0.9266759516876919,0.2762315534220454,0.09098900327074694,0.09098900327074694,0.0,0.0,0.0,12500.0,168,168,cemhsey_forward_day_logo
cemhsey,cemhsey_forward_day_logo|D06,assist_only,S3,grasp_protocol,D06,0.9107142857142857,0.9107142857142857,0.9100688532611828,0.9100688532611828,0.36437325051853187,0.7497919454847091,0.4168512334133081,0.026999238477527783,0.026999238477527783,0.25,0.25,0.03537655338958804,12500.0,168,168,cemhsey_forward_day_logo
cemhsey,cemhsey_forward_day_logo|D06,confidence_blend_alpha_0.25,S3,grasp_protocol,D06,0.8452380952380952,0.8452380952380952,0.8431281816103627,0.8431281816103627,0.4166515215848185,0.8507576369512024,0.36902225824809864,0.05217750660116004,0.05217750660116004,0.08928571428571429,0.08928571428571429,0.003834932979278332,12500.0,168,168,cemhsey_forward_day_logo
cemhsey,cemhsey_forward_day_logo|D06,confidence_blend_alpha_0.50,S3,grasp_protocol,D06,0.9047619047619048,0.9047619047619048,0.904150573737199,0.904150573737199,0.38998627054812524,0.803426915934733,0.4222315060905446,0.029142723628046163,0.029142723628046163,0.16666666666666666,0.16666666666666666,0.019549208855893726,12500.0,168,168,cemhsey_forward_day_logo
cemhsey,cemhsey_forward_day_logo|D06,confidence_blend_alpha_0.75,S3,grasp_protocol,D06,0.9166666666666666,0.9166666666666666,0.9162556838782556,0.9162556838782556,0.3725601801926934,0.7710658756916632,0.42897850944768295,0.02454795649731011,0.02454795649731011,0.20833333333333334,0.20833333333333334,0.025797868853176215,12500.0,168,168,cemhsey_forward_day_logo
cemhsey,cemhsey_forward_day_logo|D06,selective_prediction,S3,grasp_protocol,D06,0.7738095238095238,0.7738095238095238,0.7707278058586968,0.7707278058586968,0.4344587009341715,0.8937500441740993,0.275941606161656,0.07933018654776681,0.07933018654776681,0.011904761904761904,0.011904761904761904,0.001964138841249832,12500.0,504,504,cemhsey_forward_day_logo
cemhsey,cemhsey_forward_day_logo|D06,set_acsa_tau_0.02,S3,grasp_protocol,D06,0.7857142857142857,0.7857142857142857,0.7836112325842749,0.7836112325842749,0.3862099320600821,0.8206510107434936,0.2697770873277612,0.052404702514269014,0.052404702514269014,0.023809523809523808,0.023809523809523808,0.00028396993587460136,12500.0,168,168,cemhsey_forward_day_logo
cemhsey,cemhsey_forward_day_logo|D06,agency_margin_tau_0.02,S3,grasp_protocol,D06,0.7857142857142857,0.7857142857142857,0.7836112325842749,0.7836112325842749,0.28654315917688705,0.7427684974136469,0.15337741337581212,0.05225817543134544,0.05225817543134544,0.023809523809523808,0.023809523809523808,0.00028396993587460136,12500.0,168,168,cemhsey_forward_day_logo
cemhsey,cemhsey_forward_day_logo|D06,set_acsa_tau_0.05,S3,grasp_protocol,D06,0.8154761904761905,0.8154761904761905,0.8118756216381353,0.8118756216381353,0.3702434117438531,0.7877084922744257,0.29025904289352766,0.04534166398115823,0.04534166398115823,0.06547619047619048,0.06547619047619048,0.001643303651061092,12500.0,168,168,cemhsey_forward_day_logo
cemhsey,cemhsey_forward_day_logo|D06,agency_margin_tau_0.05,S3,grasp_protocol,D06,0.8154761904761905,0.8154761904761905,0.8118756216381353,0.8118756216381353,0.2736960422296295,0.7139233509216195,0.1573532813147152,0.045305588945083186,0.045305588945083186,0.06547619047619048,0.06547619047619048,0.001643303651061092,12500.0,168,168,cemhsey_forward_day_logo
cemhsey,cemhsey_forward_day_logo|D06,set_acsa_tau_0.10,S3,grasp_protocol,D06,0.8214285714285714,0.8214285714285714,0.8187964841707268,0.8187964841707268,0.3664077376595693,0.7797906277401155,0.29650798387341276,0.044160125461110755,0.044160125461110755,0.08928571428571429,0.08928571428571429,0.0032086653967594568,12500.0,168,168,cemhsey_forward_day_logo
cemhsey,cemhsey_forward_day_logo|D06,agency_margin_tau_0.10,S3,grasp_protocol,D06,0.8214285714285714,0.8214285714285714,0.8187964841707268,0.8187964841707268,0.2798297658554542,0.579124990432806,0.17051491229087395,0.044160125461110755,0.044160125461110755,0.08928571428571429,0.08928571428571429,0.0032086653967594568,12500.0,168,168,cemhsey_forward_day_logo
cemhsey,cemhsey_forward_day_logo|D06,set_acsa_tau_0.15,S3,grasp_protocol,D06,0.8452380952380952,0.8452380952380951,0.8428990057561485,0.8428990057561485,0.3558239198185544,0.7596583364922687,0.3064686880028592,0.04100172622035597,0.04100172622035597,0.1130952380952381,0.1130952380952381,0.006156618193923334,12500.0,168,168,cemhsey_forward_day_logo
cemhsey,cemhsey_forward_day_logo|D06,agency_margin_tau_0.15,S3,grasp_protocol,D06,0.8452380952380952,0.8452380952380951,0.8428990057561485,0.8428990057561485,0.28742012208217754,0.5982745898401722,0.20518766032840924,0.04100172622035597,0.04100172622035597,0.1130952380952381,0.1130952380952381,0.006156618193923334,12500.0,168,168,cemhsey_forward_day_logo
cemhsey,cemhsey_forward_day_logo|D06,set_acsa_tau_0.20,S3,grasp_protocol,D06,0.8690476190476191,0.8690476190476192,0.8669437241404896,0.8669437241404896,0.3425652419025499,0.7263285824048202,0.31432275513168884,0.04303145737481234,0.04303145737481234,0.15476190476190477,0.15476190476190477,0.013314849550986042,12500.0,168,168,cemhsey_forward_day_logo
cemhsey,cemhsey_forward_day_logo|D06,agency_margin_tau_0.20,S3,grasp_protocol,D06,0.8690476190476191,0.8690476190476192,0.8669437241404896,0.8669437241404896,0.28945093615346174,0.5968396496778124,0.22804735923255193,0.04303145737481234,0.04303145737481234,0.15476190476190477,0.15476190476190477,0.013314849550986042,12500.0,168,168,cemhsey_forward_day_logo
cemhsey,cemhsey_forward_day_logo|D06,user_only,S4,grasp_protocol,D06,0.5595238095238095,0.5595238095238095,0.5483482503890668,0.5483482503890668,0.6038395263949444,1.2093132771923845,0.15358558886871274,0.26212453448669776,0.26212453448669776,0.0,0.0,0.0,12500.0,168,168,cemhsey_forward_day_logo
cemhsey,cemhsey_forward_day_logo|D06,assist_only,S4,grasp_protocol,D06,0.6547619047619048,0.6547619047619048,0.6564952970156356,0.6564952970156356,0.5544267253453211,1.0372298683332157,0.2328150430945505,0.24901965679740207,0.24901965679740207,0.44642857142857145,0.44642857142857145,0.05915667151702272,12500.0,168,168,cemhsey_forward_day_logo
cemhsey,cemhsey_forward_day_logo|D06,confidence_blend_alpha_0.25,S4,grasp_protocol,D06,0.6190476190476191,0.619047619047619,0.6162815610856758,0.6162815610856758,0.5782059151591099,1.1276444087378514,0.21697704585255262,0.2484858497264122,0.2484858497264122,0.19642857142857142,0.19642857142857142,0.008630289682105876,12500.0,168,168,cemhsey_forward_day_logo
cemhsey,cemhsey_forward_day_logo|D06,confidence_blend_alpha_0.50,S4,grasp_protocol,D06,0.6607142857142857,0.6607142857142857,0.6628181075602643,0.6628181075602643,0.561425911238889,1.0798665733786859,0.2595137575213088,0.23803821640361827,0.23803821640361827,0.2976190476190476,0.2976190476190476,0.022591529646731185,12500.0,168,168,cemhsey_forward_day_logo
cemhsey,cemhsey_forward_day_logo|D06,confidence_blend_alpha_0.75,S4,grasp_protocol,D06,0.7023809523809523,0.7023809523809523,0.7036404516928172,0.7036404516928172,0.5534995146342929,1.0512168159238446,0.29365246382278526,0.21588749984319816,0.21588749984319816,0.375,0.375,0.04045679170360278,12500.0,168,168,cemhsey_forward_day_logo
cemhsey,cemhsey_forward_day_logo|D06,selective_prediction,S4,grasp_protocol,D06,0.5595238095238095,0.5595238095238095,0.5482161841046859,0.5482161841046859,0.6043199158347994,1.210131630696345,0.1531804765852108,0.2630875332846627,0.2630875332846627,0.001984126984126984,0.001984126984126984,7.917993727451097e-05,12500.0,504,504,cemhsey_forward_day_logo
cemhsey,cemhsey_forward_day_logo|D06,set_acsa_tau_0.02,S4,grasp_protocol,D06,0.5833333333333334,0.5833333333333333,0.5712819764497278,0.5712819764497278,0.5779578101038232,1.1594124949006108,0.17281615799604344,0.227462054600749,0.227462054600749,0.023809523809523808,0.023809523809523808,0.00029360337093068377,12500.0,168,168,cemhsey_forward_day_logo
cemhsey,cemhsey_forward_day_logo|D06,agency_margin_tau_0.02,S4,grasp_protocol,D06,0.5833333333333334,0.5833333333333333,0.5719479569705177,0.5719479569705177,0.5561567831325644,1.9692600921914685,0.14746204598539175,0.22648201834379453,0.22648201834379453,0.02976190476190476,0.02976190476190476,0.00037219967205818604,12500.0,168,168,cemhsey_forward_day_logo
cemhsey,cemhsey_forward_day_logo|D06,set_acsa_tau_0.05,S4,grasp_protocol,D06,0.6190476190476191,0.619047619047619,0.6075815646779044,0.6075815646779044,0.567901599877793,1.1291155656705683,0.1930539391675828,0.2298651341805782,0.2298651341805782,0.1130952380952381,0.1130952380952381,0.0033806405204649566,12500.0,168,168,cemhsey_forward_day_logo
cemhsey,cemhsey_forward_day_logo|D06,agency_margin_tau_0.05,S4,grasp_protocol,D06,0.6190476190476191,0.619047619047619,0.6082627895488052,0.6082627895488052,0.5759676136090633,2.85074852871763,0.15906560425259592,0.22950249064205644,0.22950249064205644,0.13690476190476192,0.13690476190476192,0.004083145951262534,12500.0,168,168,cemhsey_forward_day_logo
cemhsey,cemhsey_forward_day_logo|D06,set_acsa_tau_0.10,S4,grasp_protocol,D06,0.625,0.625,0.6169635011742186,0.6169635011742186,0.5604002513463163,1.0968436497578815,0.18551104100202548,0.23393678306007248,0.23393678306007248,0.17261904761904762,0.17261904761904762,0.00780405967508674,12500.0,168,168,cemhsey_forward_day_logo
cemhsey,cemhsey_forward_day_logo|D06,agency_margin_tau_0.10,S4,grasp_protocol,D06,0.625,0.625,0.6190208186709751,0.6190208186709751,0.5607304793617347,2.3821238913302443,0.1304001723129882,0.23320084078925332,0.23320084078925332,0.19047619047619047,0.19047619047619047,0.008845910897022838,12500.0,168,168,cemhsey_forward_day_logo
cemhsey,cemhsey_forward_day_logo|D06,set_acsa_tau_0.15,S4,grasp_protocol,D06,0.6428571428571429,0.6428571428571429,0.6344185626298471,0.6344185626298471,0.5448716487869569,1.0470708029957603,0.17857082238049643,0.23457469215668078,0.23457469215668078,0.22023809523809523,0.22023809523809523,0.013602798507285397,12500.0,168,168,cemhsey_forward_day_logo
cemhsey,cemhsey_forward_day_logo|D06,agency_margin_tau_0.15,S4,grasp_protocol,D06,0.6428571428571429,0.6428571428571429,0.6358706599522926,0.6358706599522926,0.5380197224509705,1.5918580516019563,0.13194726397409906,0.2346461928729762,0.2346461928729762,0.23214285714285715,0.23214285714285715,0.014847607695665597,12500.0,168,168,cemhsey_forward_day_logo
cemhsey,cemhsey_forward_day_logo|D06,set_acsa_tau_0.20,S4,grasp_protocol,D06,0.6726190476190477,0.6726190476190476,0.6671199136025067,0.6671199136025067,0.5256610996248641,0.9973953889065286,0.19867225585224685,0.2248824303427658,0.2248824303427658,0.26785714285714285,0.26785714285714285,0.021928042371883453,12500.0,168,168,cemhsey_forward_day_logo
cemhsey,cemhsey_forward_day_logo|D06,agency_margin_tau_0.20,S4,grasp_protocol,D06,0.6726190476190477,0.6726190476190476,0.6671199136025067,0.6671199136025067,0.5111448003209069,0.9454134474020067,0.17173942233620149,0.2248824303427658,0.2248824303427658,0.26785714285714285,0.26785714285714285,0.021928042371883453,12500.0,168,168,cemhsey_forward_day_logo
cemhsey,cemhsey_forward_day_logo|D06,user_only,S5,grasp_protocol,D06,0.6428571428571429,0.6428571428571429,0.6378251958306694,0.6378251958306694,0.5008408742571246,1.0028441358150935,0.1806023067165349,0.15341121478640046,0.15341121478640046,0.0,0.0,0.0,12500.0,168,168,cemhsey_forward_day_logo
cemhsey,cemhsey_forward_day_logo|D06,assist_only,S5,grasp_protocol,D06,0.7083333333333334,0.7083333333333334,0.692451408004054,0.692451408004054,0.4270909630044118,0.8103880178077217,0.20209105020929746,0.1262070723809826,0.1262070723809826,0.30357142857142855,0.30357142857142855,0.04238651093268835,12500.0,168,168,cemhsey_forward_day_logo
cemhsey,cemhsey_forward_day_logo|D06,confidence_blend_alpha_0.25,S5,grasp_protocol,D06,0.7321428571428571,0.7321428571428571,0.7222813802127941,0.7222813802127941,0.4656838803481547,0.9208740456239695,0.25159463605087695,0.11658133497798305,0.11658133497798305,0.11904761904761904,0.11904761904761904,0.008668526104767744,12500.0,168,168,cemhsey_forward_day_logo
cemhsey,cemhsey_forward_day_logo|D06,confidence_blend_alpha_0.50,S5,grasp_protocol,D06,0.7321428571428571,0.7321428571428571,0.722219733916517,0.722219733916517,0.44167323050305896,0.869585377993665,0.24893329353913632,0.10408661123729496,0.10408661123729496,0.19047619047619047,0.19047619047619047,0.01840891975758678,12500.0,168,168,cemhsey_forward_day_logo
cemhsey,cemhsey_forward_day_logo|D06,confidence_blend_alpha_0.75,S5,grasp_protocol,D06,0.7321428571428571,0.7321428571428571,0.7145211262076614,0.7145211262076614,0.42880892472180276,0.83432678138718,0.22079612514915953,0.10473062599557596,0.10473062599557596,0.25595238095238093,0.25595238095238093,0.03068512796254435,12500.0,168,168,cemhsey_forward_day_logo
cemhsey,cemhsey_forward_day_logo|D06,selective_prediction,S5,grasp_protocol,D06,0.6785714285714286,0.6785714285714286,0.6717348654207822,0.6717348654207822,0.4593855923663858,0.9183644264038155,0.18353992208337044,0.12795786358813602,0.12795786358813602,0.04563492063492063,0.04563492063492063,0.004226413234461002,12500.0,504,504,cemhsey_forward_day_logo
cemhsey,cemhsey_forward_day_logo|D06,set_acsa_tau_0.02,S5,grasp_protocol,D06,0.6488095238095238,0.6488095238095238,0.6421884452396409,0.6421884452396409,0.45524689511940053,0.9020949670428925,0.16679062389228339,0.13982619499647903,0.13982619499647903,0.017857142857142856,0.017857142857142856,0.00013084517678050125,12500.0,168,168,cemhsey_forward_day_logo
cemhsey,cemhsey_forward_day_logo|D06,agency_margin_tau_0.02,S5,grasp_protocol,D06,0.6488095238095238,0.6488095238095238,0.6421884452396409,0.6421884452396409,0.48769151524667864,2.943445252675766,0.1583654704971939,0.1399412073842329,0.1399412073842329,0.017857142857142856,0.017857142857142856,0.00013084517678050125,12500.0,168,168,cemhsey_forward_day_logo
cemhsey,cemhsey_forward_day_logo|D06,set_acsa_tau_0.05,S5,grasp_protocol,D06,0.6666666666666666,0.6666666666666667,0.6607244014180643,0.6607244014180643,0.4473901325405525,0.8830017103458901,0.18235114680253567,0.13681299871759792,0.13681299871759792,0.05357142857142857,0.05357142857142857,0.0013284756228841908,12500.0,168,168,cemhsey_forward_day_logo
cemhsey,cemhsey_forward_day_logo|D06,agency_margin_tau_0.05,S5,grasp_protocol,D06,0.6666666666666666,0.6666666666666667,0.6607244014180643,0.6607244014180643,0.46873518521728774,2.769463467099201,0.13415728484648923,0.1368890869001551,0.1368890869001551,0.05357142857142857,0.05357142857142857,0.0013284756228841908,12500.0,168,168,cemhsey_forward_day_logo
cemhsey,cemhsey_forward_day_logo|D06,set_acsa_tau_0.10,S5,grasp_protocol,D06,0.6964285714285714,0.6964285714285714,0.6841094405563247,0.6841094405563247,0.42677286392248637,0.8336565630915234,0.18143868627857873,0.12332656972199221,0.12332656972199221,0.10714285714285714,0.10714285714285714,0.00560100060633828,12500.0,168,168,cemhsey_forward_day_logo
cemhsey,cemhsey_forward_day_logo|D06,agency_margin_tau_0.10,S5,grasp_protocol,D06,0.6964285714285714,0.6964285714285714,0.6842592765117873,0.6842592765117873,0.42375527999425666,2.0987036716515437,0.11305472732027229,0.12339961606833048,0.12339961606833048,0.1130952380952381,0.1130952380952381,0.006166053111421616,12500.0,168,168,cemhsey_forward_day_logo
cemhsey,cemhsey_forward_day_logo|D06,set_acsa_tau_0.15,S5,grasp_protocol,D06,0.7142857142857143,0.7142857142857143,0.6970450511440135,0.6970450511440135,0.41243779926987517,0.8006538597601404,0.18682193363626248,0.11596199003719654,0.11596199003719654,0.15476190476190477,0.15476190476190477,0.011380398429496513,12500.0,168,168,cemhsey_forward_day_logo
cemhsey,cemhsey_forward_day_logo|D06,agency_margin_tau_0.15,S5,grasp_protocol,D06,0.7142857142857143,0.7142857142857143,0.6972215051248153,0.6972215051248153,0.3948078651934611,1.4554408754457049,0.11266134582195914,0.11603392804271861,0.11603392804271861,0.16071428571428573,0.16071428571428573,0.01194545093457985,12500.0,168,168,cemhsey_forward_day_logo
cemhsey,cemhsey_forward_day_logo|D06,set_acsa_tau_0.20,S5,grasp_protocol,D06,0.7440476190476191,0.7440476190476192,0.7329702680976483,0.7329702680976483,0.39724441852632386,0.7644020663768839,0.18401375422125962,0.11221747241619544,0.11221747241619544,0.19047619047619047,0.19047619047619047,0.01755585281619399,12500.0,168,168,cemhsey_forward_day_logo
cemhsey,cemhsey_forward_day_logo|D06,agency_margin_tau_0.20,S5,grasp_protocol,D06,0.7440476190476191,0.7440476190476192,0.7329702680976483,0.7329702680976483,0.36941714764531514,0.9734561559983606,0.12282222238411325,0.1122912433872498,0.1122912433872498,0.19047619047619047,0.19047619047619047,0.01755585281619399,12500.0,168,168,cemhsey_forward_day_logo
cemhsey,cemhsey_forward_day_logo|D06,user_only,S6,grasp_protocol,D06,0.7261904761904762,0.7261904761904763,0.7246050046220891,0.7246050046220891,0.4656785664938057,0.9516561669165416,0.25021191951033883,0.11767462966079915,0.11767462966079915,0.0,0.0,0.0,12500.0,168,168,cemhsey_forward_day_logo
cemhsey,cemhsey_forward_day_logo|D06,assist_only,S6,grasp_protocol,D06,0.7738095238095238,0.773809523809524,0.7762094038255567,0.7762094038255567,0.4247400057757148,0.8559324388359745,0.27836870861770124,0.08057968442710382,0.08057968442710382,0.25,0.25,0.03941740705134806,12500.0,168,168,cemhsey_forward_day_logo
cemhsey,cemhsey_forward_day_logo|D06,confidence_blend_alpha_0.25,S6,grasp_protocol,D06,0.8095238095238095,0.8095238095238095,0.8106739665563195,0.8106739665563195,0.4431001608662338,0.9053914940707672,0.33859981982713505,0.08066573028722372,0.08066573028722372,0.10119047619047619,0.10119047619047619,0.005349863263628905,12500.0,168,168,cemhsey_forward_day_logo
cemhsey,cemhsey_forward_day_logo|D06,confidence_blend_alpha_0.50,S6,grasp_protocol,D06,0.8154761904761905,0.8154761904761906,0.8165778164683773,0.8165778164683773,0.4287509322040367,0.8767973780477163,0.3414846662835161,0.0662252993220479,0.0662252993220479,0.14285714285714285,0.14285714285714285,0.012876343908095587,12500.0,168,168,cemhsey_forward_day_logo
cemhsey,cemhsey_forward_day_logo|D06,confidence_blend_alpha_0.75,S6,grasp_protocol,D06,0.7976190476190477,0.7976190476190476,0.8002867725244689,0.8002867725244689,0.422630880507193,0.86041556440594,0.315399601534392,0.06286730789747606,0.06286730789747606,0.21428571428571427,0.21428571428571427,0.028742536264369813,12500.0,168,168,cemhsey_forward_day_logo
cemhsey,cemhsey_forward_day_logo|D06,selective_prediction,S6,grasp_protocol,D06,0.7361111111111112,0.7361111111111113,0.734272511509925,0.734272511509925,0.45068703359447454,0.9240760743774232,0.24708218709153856,0.10706804698231645,0.10706804698231645,0.00992063492063492,0.00992063492063492,0.0007787480268866646,12500.0,504,504,cemhsey_forward_day_logo
cemhsey,cemhsey_forward_day_logo|D06,set_acsa_tau_0.02,S6,grasp_protocol,D06,0.7321428571428571,0.7321428571428573,0.7313054431448931,0.7313054431448931,0.419143541067909,0.8567578977022174,0.23217369896060122,0.09337681280021373,0.09337681280021373,0.005952380952380952,0.005952380952380952,6.495371066084403e-05,12500.0,168,168,cemhsey_forward_day_logo
cemhsey,cemhsey_forward_day_logo|D06,agency_margin_tau_0.02,S6,grasp_protocol,D06,0.7321428571428571,0.7321428571428573,0.7313054431448931,0.7313054431448931,0.3958664683333507,2.2072952994295245,0.17320292448297422,0.09357862907508765,0.09357862907508765,0.005952380952380952,0.005952380952380952,6.495371066084403e-05,12500.0,168,168,cemhsey_forward_day_logo
cemhsey,cemhsey_forward_day_logo|D06,set_acsa_tau_0.05,S6,grasp_protocol,D06,0.7738095238095238,0.7738095238095238,0.7734517768950344,0.7734517768950344,0.406308659527768,0.8330260822990352,0.2574566715849912,0.08067712398094484,0.08067712398094484,0.05952380952380952,0.05952380952380952,0.0019844204539806783,12500.0,168,168,cemhsey_forward_day_logo
cemhsey,cemhsey_forward_day_logo|D06,agency_margin_tau_0.05,S6,grasp_protocol,D06,0.7797619047619048,0.7797619047619048,0.7793154982170322,0.7793154982170322,0.3499656991259726,1.5508020003523382,0.16120484286597125,0.08031200962329452,0.08031200962329452,0.06547619047619048,0.06547619047619048,0.0021154413362720636,12500.0,168,168,cemhsey_forward_day_logo
cemhsey,cemhsey_forward_day_logo|D06,set_acsa_tau_0.10,S6,grasp_protocol,D06,0.7916666666666666,0.7916666666666667,0.7923143493224355,0.7923143493224355,0.4000941943140118,0.8178030536338974,0.26531605069294906,0.07998823141469893,0.07998823141469893,0.08928571428571429,0.08928571428571429,0.003983475566434446,12500.0,168,168,cemhsey_forward_day_logo
cemhsey,cemhsey_forward_day_logo|D06,agency_margin_tau_0.10,S6,grasp_protocol,D06,0.8035714285714286,0.8035714285714285,0.8049053033176364,0.8049053033176364,0.3401799738208634,1.3820810202460125,0.1698644502299581,0.07962667449761043,0.07962667449761043,0.10119047619047619,0.10119047619047619,0.004472190195516017,12500.0,168,168,cemhsey_forward_day_logo
cemhsey,cemhsey_forward_day_logo|D06,set_acsa_tau_0.15,S6,grasp_protocol,D06,0.8095238095238095,0.8095238095238095,0.80940104400686,0.80940104400686,0.38897545780529214,0.7924275964177092,0.27249115516708033,0.0756736112370442,0.0756736112370442,0.11904761904761904,0.11904761904761904,0.007776446193631163,12500.0,168,168,cemhsey_forward_day_logo
cemhsey,cemhsey_forward_day_logo|D06,agency_margin_tau_0.15,S6,grasp_protocol,D06,0.8214285714285714,0.8214285714285714,0.8223006251253385,0.8223006251253385,0.32095665890001046,0.7605156757050457,0.16287064358724615,0.07545686608026657,0.07545686608026657,0.13095238095238096,0.13095238095238096,0.008265160822712734,12500.0,168,168,cemhsey_forward_day_logo
cemhsey,cemhsey_forward_day_logo|D06,set_acsa_tau_0.20,S6,grasp_protocol,D06,0.7976190476190477,0.7976190476190477,0.7983991662339098,0.7983991662339098,0.3881248725477353,0.7878272789301632,0.2505983188285319,0.07855148511829116,0.07855148511829116,0.16071428571428573,0.16071428571428573,0.01526177700699587,12500.0,168,168,cemhsey_forward_day_logo
cemhsey,cemhsey_forward_day_logo|D06,agency_margin_tau_0.20,S6,grasp_protocol,D06,0.7976190476190477,0.7976190476190477,0.7983991662339098,0.7983991662339098,0.3454173082912263,0.8085762228973782,0.16915687747836333,0.07855148511829116,0.07855148511829116,0.16071428571428573,0.16071428571428573,0.01526177700699587,12500.0,168,168,cemhsey_forward_day_logo
cemhsey,cemhsey_forward_day_logo|D06,user_only,S7,grasp_protocol,D06,0.49404761904761907,0.494047619047619,0.46527051368541106,0.46527051368541106,0.6836750291889182,1.462801823733837,0.1877857219776298,0.2700724274415851,0.2700724274415851,0.0,0.0,0.0,12500.0,168,168,cemhsey_forward_day_logo
cemhsey,cemhsey_forward_day_logo|D06,assist_only,S7,grasp_protocol,D06,0.4642857142857143,0.4642857142857143,0.3790847338291326,0.3790847338291326,0.6954101155096067,1.5082019872733925,0.18351996555884842,0.334641879555999,0.334641879555999,0.4226190476190476,0.4226190476190476,0.04165059429508221,12500.0,168,168,cemhsey_forward_day_logo
cemhsey,cemhsey_forward_day_logo|D06,confidence_blend_alpha_0.25,S7,grasp_protocol,D06,0.5119047619047619,0.511904761904762,0.47431393126675125,0.47431393126675125,0.6801544469482463,1.459434453358434,0.21262867459415435,0.2553743512890169,0.2553743512890169,0.07738095238095238,0.07738095238095238,0.001644188909933577,12500.0,168,168,cemhsey_forward_day_logo
cemhsey,cemhsey_forward_day_logo|D06,confidence_blend_alpha_0.50,S7,grasp_protocol,D06,0.5476190476190477,0.5476190476190477,0.5060529648613964,0.5060529648613964,0.680936767254804,1.466464820425604,0.2511947838824751,0.24987763226763746,0.24987763226763746,0.19047619047619047,0.19047619047619047,0.008716146362263666,12500.0,168,168,cemhsey_forward_day_logo
cemhsey,cemhsey_forward_day_logo|D06,confidence_blend_alpha_0.75,S7,grasp_protocol,D06,0.5059523809523809,0.5059523809523809,0.4358491648407615,0.4358491648407615,0.6860219901085907,1.4825458007457217,0.20591467410205275,0.2959795498851069,0.2959795498851069,0.3273809523809524,0.3273809523809524,0.025575771743664787,12500.0,168,168,cemhsey_forward_day_logo
cemhsey,cemhsey_forward_day_logo|D06,selective_prediction,S7,grasp_protocol,D06,0.49404761904761907,0.494047619047619,0.46527051368541106,0.46527051368541106,0.6836750291889182,1.4628018237338372,0.18778572197762974,0.2690760222269438,0.2690760222269438,0.0,0.0,0.0,12500.0,504,504,cemhsey_forward_day_logo
cemhsey,cemhsey_forward_day_logo|D06,set_acsa_tau_0.02,S7,grasp_protocol,D06,0.4880952380952381,0.4880952380952381,0.45458267311863093,0.45458267311863093,0.6728657761552241,1.4577182632966754,0.15628669084957753,0.26623037067108496,0.26623037067108496,0.023809523809523808,0.023809523809523808,0.00019446443842096258,12500.0,168,168,cemhsey_forward_day_logo
cemhsey,cemhsey_forward_day_logo|D06,agency_margin_tau_0.02,S7,grasp_protocol,D06,0.4880952380952381,0.4880952380952381,0.45475948230031715,0.45475948230031715,0.7244351694861665,4.340090121628702,0.22012919413228843,0.26542972580677426,0.26542972580677426,0.02976190476190476,0.02976190476190476,0.0002765061881909913,12500.0,168,168,cemhsey_forward_day_logo
cemhsey,cemhsey_forward_day_logo|D06,set_acsa_tau_0.05,S7,grasp_protocol,D06,0.49404761904761907,0.49404761904761907,0.4596685932499143,0.4596685932499143,0.6710343187909034,1.4545902075853538,0.163319730349056,0.25853059390224087,0.25853059390224087,0.041666666666666664,0.041666666666666664,0.0009011469468046275,12500.0,168,168,cemhsey_forward_day_logo
cemhsey,cemhsey_forward_day_logo|D06,agency_margin_tau_0.05,S7,grasp_protocol,D06,0.5,0.5,0.4693931636531765,0.4693931636531765,0.7120689343950891,4.179713797304056,0.21079918079761684,0.2562758934636492,0.2562758934636492,0.05357142857142857,0.05357142857142857,0.0012668505972427636,12500.0,168,168,cemhsey_forward_day_logo
cemhsey,cemhsey_forward_day_logo|D06,set_acsa_tau_0.10,S7,grasp_protocol,D06,0.5119047619047619,0.511904761904762,0.4771134041867118,0.4771134041867118,0.6654109035892566,1.4388897524163684,0.17711515974259762,0.24970697248720836,0.24970697248720836,0.06547619047619048,0.06547619047619048,0.0024682514305875225,12500.0,168,168,cemhsey_forward_day_logo
cemhsey,cemhsey_forward_day_logo|D06,agency_margin_tau_0.10,S7,grasp_protocol,D06,0.5119047619047619,0.511904761904762,0.4771134041867118,0.4771134041867118,0.6818413917714374,3.5728074398395235,0.1809107385816248,0.24885946419708624,0.24885946419708624,0.06547619047619048,0.06547619047619048,0.0024682514305875225,12500.0,168,168,cemhsey_forward_day_logo
cemhsey,cemhsey_forward_day_logo|D06,set_acsa_tau_0.15,S7,grasp_protocol,D06,0.5119047619047619,0.511904761904762,0.4698692369088788,0.4698692369088788,0.6610910596865291,1.424282602851209,0.1812534911018806,0.24994844786758819,0.24994844786758819,0.08928571428571429,0.08928571428571429,0.005004807050299299,12500.0,168,168,cemhsey_forward_day_logo
cemhsey,cemhsey_forward_day_logo|D06,agency_margin_tau_0.15,S7,grasp_protocol,D06,0.5119047619047619,0.511904761904762,0.4698692369088788,0.4698692369088788,0.6579668495906447,2.5356420858161473,0.15809139552778967,0.24994844786758819,0.24994844786758819,0.08928571428571429,0.08928571428571429,0.005004807050299299,12500.0,168,168,cemhsey_forward_day_logo
cemhsey,cemhsey_forward_day_logo|D06,set_acsa_tau_0.20,S7,grasp_protocol,D06,0.5,0.5000000000000001,0.45462550110226274,0.45462550110226274,0.663075211390126,1.4225165118866057,0.1678205026627888,0.2669080397266107,0.2669080397266107,0.11904761904761904,0.11904761904761904,0.010077303650395688,12500.0,168,168,cemhsey_forward_day_logo
cemhsey,cemhsey_forward_day_logo|D06,agency_margin_tau_0.20,S7,grasp_protocol,D06,0.5,0.5000000000000001,0.45462550110226274,0.45462550110226274,0.6485790078802455,1.5162313689228002,0.1371517562872706,0.2669080397266107,0.2669080397266107,0.11904761904761904,0.11904761904761904,0.010077303650395688,12500.0,168,168,cemhsey_forward_day_logo
cemhsey,cemhsey_forward_day_logo|D06,user_only,S8,grasp_protocol,D06,0.20238095238095238,0.20238095238095238,0.17607265891578366,0.17607265891578366,0.8407380194774037,1.7567312194267575,0.13810499066351514,0.80488297516539,0.80488297516539,0.0,0.0,0.0,12500.0,168,168,cemhsey_forward_day_logo
cemhsey,cemhsey_forward_day_logo|D06,assist_only,S8,grasp_protocol,D06,0.15476190476190477,0.15476190476190474,0.1625271136729425,0.1625271136729425,0.8542393692409705,2.1036023039764773,0.21176960355753183,0.8725965105410952,0.8725965105410952,0.5297619047619048,0.5297619047619048,0.07187135505621829,12500.0,168,168,cemhsey_forward_day_logo
cemhsey,cemhsey_forward_day_logo|D06,confidence_blend_alpha_0.25,S8,grasp_protocol,D06,0.17857142857142858,0.17857142857142858,0.14332595549689806,0.14332595549689806,0.8305940928167631,1.7278923119910146,0.1494986180115881,0.8022587192393305,0.8022587192393305,0.15476190476190477,0.15476190476190477,0.008232485476709616,12500.0,168,168,cemhsey_forward_day_logo
cemhsey,cemhsey_forward_day_logo|D06,confidence_blend_alpha_0.50,S8,grasp_protocol,D06,0.17261904761904762,0.17261904761904764,0.14861878174571674,0.14861878174571674,0.8294630088904494,1.7231100551849257,0.15737289427095352,0.8334131018164057,0.8334131018164057,0.2976190476190476,0.2976190476190476,0.02409615433344623,12500.0,168,168,cemhsey_forward_day_logo
cemhsey,cemhsey_forward_day_logo|D06,confidence_blend_alpha_0.75,S8,grasp_protocol,D06,0.17857142857142858,0.17857142857142858,0.16603359406975474,0.16603359406975474,0.837344767698519,1.743893008525296,0.16539390163992226,0.8506250022851254,0.8506250022851254,0.4107142857142857,0.4107142857142857,0.0501894928903712,12500.0,168,168,cemhsey_forward_day_logo
cemhsey,cemhsey_forward_day_logo|D06,selective_prediction,S8,grasp_protocol,D06,0.20238095238095238,0.20238095238095238,0.17384548512984357,0.17384548512984357,0.8518631337527587,1.9028156519146633,0.15010999458520152,0.8209213542885051,0.8209213542885051,0.011904761904761904,0.011904761904761904,0.0012242662144413949,12500.0,504,504,cemhsey_forward_day_logo
cemhsey,cemhsey_forward_day_logo|D06,set_acsa_tau_0.02,S8,grasp_protocol,D06,0.20833333333333334,0.20833333333333334,0.1797740516971816,0.1797740516971816,0.8495708834944729,2.053120288594497,0.1622755561665455,0.8215091599656487,0.8215091599656487,0.023809523809523808,0.023809523809523808,0.0001649997172046087,12500.0,168,168,cemhsey_forward_day_logo
cemhsey,cemhsey_forward_day_logo|D06,agency_margin_tau_0.02,S8,grasp_protocol,D06,0.20833333333333334,0.20833333333333334,0.18080760509331936,0.18080760509331936,1.0196193160085296,6.609751804656037,0.30219257280939515,0.8217458268687349,0.8217458268687349,0.02976190476190476,0.02976190476190476,0.0002763177190770948,12500.0,168,168,cemhsey_forward_day_logo
cemhsey,cemhsey_forward_day_logo|D06,set_acsa_tau_0.05,S8,grasp_protocol,D06,0.20238095238095238,0.20238095238095236,0.17507274792342292,0.17507274792342292,0.8560846549812849,2.0771647912048943,0.16986614676914227,0.8329285602814583,0.8329285602814583,0.07142857142857142,0.07142857142857142,0.0019773751124888238,12500.0,168,168,cemhsey_forward_day_logo
cemhsey,cemhsey_forward_day_logo|D06,agency_margin_tau_0.05,S8,grasp_protocol,D06,0.20238095238095238,0.20238095238095236,0.1752831781349507,0.1752831781349507,1.0072860411188844,7.048267507747193,0.2970385493955775,0.8331187656444157,0.8331187656444157,0.08333333333333333,0.08333333333333333,0.002220321560226441,12500.0,168,168,cemhsey_forward_day_logo
cemhsey,cemhsey_forward_day_logo|D06,set_acsa_tau_0.10,S8,grasp_protocol,D06,0.19642857142857142,0.19642857142857142,0.16779294955174287,0.16779294955174287,0.8659015765940158,2.1207573936372617,0.18884767615153492,0.8402394440053204,0.8402394440053204,0.17261904761904762,0.17261904761904762,0.009606844268183352,12500.0,168,168,cemhsey_forward_day_logo
cemhsey,cemhsey_forward_day_logo|D06,agency_margin_tau_0.10,S8,grasp_protocol,D06,0.19047619047619047,0.1904761904761905,0.16297862935886567,0.16297862935886567,0.9968154373870791,6.6488293875829285,0.2874646672238388,0.8406437246322599,0.8406437246322599,0.17857142857142858,0.17857142857142858,0.009953152058224356,12500.0,168,168,cemhsey_forward_day_logo
cemhsey,cemhsey_forward_day_logo|D06,set_acsa_tau_0.15,S8,grasp_protocol,D06,0.19642857142857142,0.19642857142857142,0.17129408362984905,0.17129408362984905,0.8711266158339067,2.134748554972701,0.19441522576724068,0.8470277663716953,0.8470277663716953,0.2261904761904762,0.2261904761904762,0.01603410331433443,12500.0,168,168,cemhsey_forward_day_logo
cemhsey,cemhsey_forward_day_logo|D06,agency_margin_tau_0.15,S8,grasp_protocol,D06,0.19642857142857142,0.19642857142857142,0.17129408362984905,0.17129408362984905,0.9437301458717832,4.80948119225699,0.2533879460461675,0.8470277663716953,0.8470277663716953,0.2261904761904762,0.2261904761904762,0.01603410331433443,12500.0,168,168,cemhsey_forward_day_logo
cemhsey,cemhsey_forward_day_logo|D06,set_acsa_tau_0.20,S8,grasp_protocol,D06,0.19642857142857142,0.19642857142857142,0.1785442466836755,0.1785442466836755,0.8720433926079649,2.1303025223154006,0.1964172109470639,0.84992895596066,0.84992895596066,0.26785714285714285,0.26785714285714285,0.023323821339848123,12500.0,168,168,cemhsey_forward_day_logo
cemhsey,cemhsey_forward_day_logo|D06,agency_margin_tau_0.20,S8,grasp_protocol,D06,0.19642857142857142,0.19642857142857142,0.1785442466836755,0.1785442466836755,0.9176743672900451,3.773516765468165,0.23430123793950627,0.84992895596066,0.84992895596066,0.26785714285714285,0.26785714285714285,0.023323821339848123,12500.0,168,168,cemhsey_forward_day_logo
cemhsey,cemhsey_forward_day_logo|D06,user_only,S9,grasp_protocol,D06,0.3333333333333333,0.33333333333333337,0.3091622311812228,0.3091622311812228,0.7698182222997112,1.6054144464881979,0.10397106445772648,0.618113908197571,0.618113908197571,0.0,0.0,0.0,12500.0,168,168,cemhsey_forward_day_logo
cemhsey,cemhsey_forward_day_logo|D06,assist_only,S9,grasp_protocol,D06,0.47023809523809523,0.47023809523809523,0.43574755439880997,0.43574755439880997,0.7219688413680481,1.5487552312801696,0.156144645343964,0.3790727785831942,0.3790727785831942,0.48214285714285715,0.48214285714285715,0.059064521194532954,12500.0,168,168,cemhsey_forward_day_logo
cemhsey,cemhsey_forward_day_logo|D06,confidence_blend_alpha_0.25,S9,grasp_protocol,D06,0.34523809523809523,0.3452380952380953,0.3201513417541292,0.3201513417541292,0.7474071566855691,1.5612280109227301,0.047509632063753506,0.5598750924767257,0.5598750924767257,0.125,0.125,0.0033353841501988397,12500.0,168,168,cemhsey_forward_day_logo
cemhsey,cemhsey_forward_day_logo|D06,confidence_blend_alpha_0.50,S9,grasp_protocol,D06,0.4166666666666667,0.41666666666666663,0.3830222147921809,0.3830222147921809,0.7319619046589112,1.5397227477023787,0.11817673010499108,0.45559757742041807,0.45559757742041807,0.2857142857142857,0.2857142857142857,0.018518599198023407,12500.0,168,168,cemhsey_forward_day_logo
cemhsey,cemhsey_forward_day_logo|D06,confidence_blend_alpha_0.75,S9,grasp_protocol,D06,0.48214285714285715,0.4821428571428571,0.44448820545078954,0.44448820545078954,0.7234824662197373,1.5353525372400545,0.16965305254215968,0.3855081955889696,0.3855081955889696,0.4226190476190476,0.4226190476190476,0.042516067743593844,12500.0,168,168,cemhsey_forward_day_logo
cemhsey,cemhsey_forward_day_logo|D06,selective_prediction,S9,grasp_protocol,D06,0.3353174603174603,0.33531746031746035,0.31109506058138464,0.31109506058138464,0.7659174138383137,1.5976618958927684,0.1027600024162241,0.5947021983794105,0.5947021983794105,0.001984126984126984,0.001984126984126984,2.691687460118194e-05,12500.0,504,504,cemhsey_forward_day_logo
cemhsey,cemhsey_forward_day_logo|D06,set_acsa_tau_0.02,S9,grasp_protocol,D06,0.34523809523809523,0.34523809523809523,0.3197340754483612,0.3197340754483612,0.7541040249487255,1.5751623164137347,0.09231082315261785,0.5358971709905447,0.5358971709905447,0.047619047619047616,0.047619047619047616,0.0004584867569476408,12500.0,168,168,cemhsey_forward_day_logo
cemhsey,cemhsey_forward_day_logo|D06,agency_margin_tau_0.02,S9,grasp_protocol,D06,0.34523809523809523,0.34523809523809523,0.3195666914215797,0.3195666914215797,0.823701293781169,4.396462144783995,0.184647065253294,0.5350521042772559,0.5350521042772559,0.05952380952380952,0.05952380952380952,0.0006082676450585515,12500.0,168,168,cemhsey_forward_day_logo
cemhsey,cemhsey_forward_day_logo|D06,set_acsa_tau_0.05,S9,grasp_protocol,D06,0.3392857142857143,0.3392857142857143,0.31074764867281873,0.31074764867281873,0.754746675060893,1.5749881243999713,0.10125553471627166,0.5380446723360954,0.5380446723360954,0.08333333333333333,0.08333333333333333,0.0017831729423951714,12500.0,168,168,cemhsey_forward_day_logo
cemhsey,cemhsey_forward_day_logo|D06,agency_margin_tau_0.05,S9,grasp_protocol,D06,0.3392857142857143,0.3392857142857143,0.3104318360145219,0.3104318360145219,0.8151092953225701,4.38833498321089,0.18317426548884586,0.5371929858925507,0.5371929858925507,0.09523809523809523,0.09523809523809523,0.002096650192252873,12500.0,168,168,cemhsey_forward_day_logo
cemhsey,cemhsey_forward_day_logo|D06,set_acsa_tau_0.10,S9,grasp_protocol,D06,0.36904761904761907,0.369047619047619,0.3430089873282376,0.3430089873282376,0.7453999794355423,1.5478644339106917,0.10106866932541353,0.5180867531100174,0.5180867531100174,0.1488095238095238,0.1488095238095238,0.00646062101638138,12500.0,168,168,cemhsey_forward_day_logo
cemhsey,cemhsey_forward_day_logo|D06,agency_margin_tau_0.10,S9,grasp_protocol,D06,0.36904761904761907,0.369047619047619,0.3430089873282376,0.3430089873282376,0.768400651305578,2.983524926527224,0.1459353317161905,0.5169428755698611,0.5169428755698611,0.1488095238095238,0.1488095238095238,0.00646062101638138,12500.0,168,168,cemhsey_forward_day_logo
cemhsey,cemhsey_forward_day_logo|D06,set_acsa_tau_0.15,S9,grasp_protocol,D06,0.38095238095238093,0.38095238095238093,0.35155888869459406,0.35155888869459406,0.7393654572352123,1.5412567574265685,0.09329496990661724,0.5014870837358343,0.5014870837358343,0.21428571428571427,0.21428571428571427,0.013988288216397218,12500.0,168,168,cemhsey_forward_day_logo
cemhsey,cemhsey_forward_day_logo|D06,agency_margin_tau_0.15,S9,grasp_protocol,D06,0.38095238095238093,0.38095238095238093,0.35155888869459406,0.35155888869459406,0.7446783332620048,2.373008203602685,0.12122746097277423,0.5014870837358343,0.5014870837358343,0.21428571428571427,0.21428571428571427,0.013988288216397218,12500.0,168,168,cemhsey_forward_day_logo
cemhsey,cemhsey_forward_day_logo|D06,set_acsa_tau_0.20,S9,grasp_protocol,D06,0.39880952380952384,0.3988095238095238,0.366874668544311,0.366874668544311,0.7280882046010597,1.5125682815871904,0.08805811411667576,0.4835986589379458,0.4835986589379458,0.23809523809523808,0.23809523809523808,0.018214599318768405,12500.0,168,168,cemhsey_forward_day_logo
cemhsey,cemhsey_forward_day_logo|D06,agency_margin_tau_0.20,S9,grasp_protocol,D06,0.39880952380952384,0.3988095238095238,0.366874668544311,0.366874668544311,0.7257331346149517,1.9222912229415392,0.12232375453499873,0.4835986589379458,0.4835986589379458,0.23809523809523808,0.23809523809523808,0.018214599318768405,12500.0,168,168,cemhsey_forward_day_logo
cemhsey,cemhsey_forward_day_logo|D06,user_only,S11,grasp_protocol,D06,0.7023809523809523,0.7023809523809524,0.6850707955143676,0.6850707955143676,0.4276828129417335,0.902275402084306,0.16357275003496485,0.10217558752771075,0.10217558752771075,0.0,0.0,0.0,12500.0,168,168,cemhsey_forward_day_logo
cemhsey,cemhsey_forward_day_logo|D06,assist_only,S11,grasp_protocol,D06,0.7619047619047619,0.7619047619047619,0.7367179082906319,0.7367179082906319,0.4134935748581208,0.8110712376832467,0.22797980543336568,0.12368968983327606,0.12368968983327606,0.25,0.25,0.04644528105943883,12500.0,168,168,cemhsey_forward_day_logo
cemhsey,cemhsey_forward_day_logo|D06,confidence_blend_alpha_0.25,S11,grasp_protocol,D06,0.7261904761904762,0.7261904761904762,0.696832224252524,0.696832224252524,0.40665785689801753,0.838429077016962,0.2137834910429811,0.09298947557558818,0.09298947557558818,0.06547619047619048,0.06547619047619048,0.004772779184185531,12500.0,168,168,cemhsey_forward_day_logo
cemhsey,cemhsey_forward_day_logo|D06,confidence_blend_alpha_0.50,S11,grasp_protocol,D06,0.7797619047619048,0.7797619047619048,0.7515291967689653,0.7515291967689653,0.3972846652028496,0.8134821552682393,0.2600635755508831,0.08287176053840709,0.08287176053840709,0.18452380952380953,0.18452380952380953,0.029154142504563697,12500.0,168,168,cemhsey_forward_day_logo
cemhsey,cemhsey_forward_day_logo|D06,confidence_blend_alpha_0.75,S11,grasp_protocol,D06,0.7857142857142857,0.7857142857142856,0.7641050997024755,0.7641050997024755,0.3995632378562162,0.8058637502521057,0.266522029957594,0.09280415480352852,0.09280415480352852,0.2261904761904762,0.2261904761904762,0.03882816527388777,12500.0,168,168,cemhsey_forward_day_logo
cemhsey,cemhsey_forward_day_logo|D06,selective_prediction,S11,grasp_protocol,D06,0.7261904761904762,0.7261904761904762,0.708849363758899,0.708849363758899,0.40445337924113245,0.8522997754928606,0.16912966852212136,0.09189046506233997,0.09189046506233997,0.023809523809523808,0.023809523809523808,0.00483105206188442,12500.0,504,504,cemhsey_forward_day_logo
cemhsey,cemhsey_forward_day_logo|D06,set_acsa_tau_0.02,S11,grasp_protocol,D06,0.7083333333333334,0.7083333333333333,0.6906665410589622,0.6906665410589622,0.4061164559138957,0.8565985494761585,0.18375540906310484,0.09501664226213904,0.09501664226213904,0.005952380952380952,0.005952380952380952,5.098250923248985e-05,12500.0,168,168,cemhsey_forward_day_logo
cemhsey,cemhsey_forward_day_logo|D06,agency_margin_tau_0.02,S11,grasp_protocol,D06,0.7083333333333334,0.7083333333333333,0.6906665410589622,0.6906665410589622,0.43774759034481264,2.6123870700105747,0.20251424045491928,0.09494681696143349,0.09494681696143349,0.005952380952380952,0.005952380952380952,5.098250923248985e-05,12500.0,168,168,cemhsey_forward_day_logo
cemhsey,cemhsey_forward_day_logo|D06,set_acsa_tau_0.05,S11,grasp_protocol,D06,0.7023809523809523,0.7023809523809524,0.6811578597760873,0.6811578597760873,0.4063948530890862,0.8547952182211306,0.1847987796282053,0.0959214161056859,0.0959214161056859,0.011904761904761904,0.011904761904761904,0.00018036200401816993,12500.0,168,168,cemhsey_forward_day_logo
cemhsey,cemhsey_forward_day_logo|D06,agency_margin_tau_0.05,S11,grasp_protocol,D06,0.7023809523809523,0.7023809523809524,0.6811578597760873,0.6811578597760873,0.4440529057538472,2.624652462504072,0.20369896518820463,0.09595957239384219,0.09595957239384219,0.011904761904761904,0.011904761904761904,0.00018036200401816993,12500.0,168,168,cemhsey_forward_day_logo
cemhsey,cemhsey_forward_day_logo|D06,set_acsa_tau_0.10,S11,grasp_protocol,D06,0.7261904761904762,0.7261904761904762,0.700661036007742,0.700661036007742,0.39682961382239024,0.8324203921494561,0.17694044265527553,0.09174716199043542,0.09174716199043542,0.047619047619047616,0.047619047619047616,0.002482797404111996,12500.0,168,168,cemhsey_forward_day_logo
cemhsey,cemhsey_forward_day_logo|D06,agency_margin_tau_0.10,S11,grasp_protocol,D06,0.7321428571428571,0.7321428571428571,0.7074399875777979,0.7074399875777979,0.3848359178799854,1.4909991391627953,0.15591284668817873,0.09171173115143315,0.09171173115143315,0.05357142857142857,0.05357142857142857,0.002805733395816586,12500.0,168,168,cemhsey_forward_day_logo
cemhsey,cemhsey_forward_day_logo|D06,set_acsa_tau_0.15,S11,grasp_protocol,D06,0.7321428571428571,0.7321428571428571,0.707924289366149,0.707924289366149,0.39332921543650035,0.8223157348993382,0.1680895843301351,0.09004349598395438,0.09004349598395438,0.06547619047619048,0.06547619047619048,0.004894599877970011,12500.0,168,168,cemhsey_forward_day_logo
cemhsey,cemhsey_forward_day_logo|D06,agency_margin_tau_0.15,S11,grasp_protocol,D06,0.7321428571428571,0.7321428571428571,0.7078523951453187,0.7078523951453187,0.3875173300505982,1.4987764111456212,0.15043831215051764,0.0901539591317599,0.0901539591317599,0.07142857142857142,0.07142857142857142,0.005498200675725126,12500.0,168,168,cemhsey_forward_day_logo
cemhsey,cemhsey_forward_day_logo|D06,set_acsa_tau_0.20,S11,grasp_protocol,D06,0.7261904761904762,0.7261904761904762,0.7070939640384453,0.7070939640384453,0.3914664818858078,0.8106189538808304,0.1649347402003869,0.09259521735325922,0.09259521735325922,0.09523809523809523,0.09523809523809523,0.010261574786153013,12500.0,168,168,cemhsey_forward_day_logo
cemhsey,cemhsey_forward_day_logo|D06,agency_margin_tau_0.20,S11,grasp_protocol,D06,0.7261904761904762,0.7261904761904762,0.7070939640384453,0.7070939640384453,0.39067483703619965,1.3512279167480554,0.16189318138622485,0.09259521735325922,0.09259521735325922,0.09523809523809523,0.09523809523809523,0.010261574786153013,12500.0,168,168,cemhsey_forward_day_logo
cemhsey,cemhsey_forward_day_logo|D06,user_only,S12,grasp_protocol,D06,0.7916666666666666,0.7916666666666666,0.7885844318142455,0.7885844318142455,0.41686822393643475,0.8694690039175971,0.30429991577661586,0.05535681885686197,0.05535681885686197,0.0,0.0,0.0,12500.0,168,168,cemhsey_forward_day_logo
cemhsey,cemhsey_forward_day_logo|D06,assist_only,S12,grasp_protocol,D06,0.8988095238095238,0.8988095238095238,0.8898296799411378,0.8898296799411378,0.3828127797514908,0.7785461808161328,0.39227136255760064,0.04568102990059361,0.04568102990059361,0.23809523809523808,0.23809523809523808,0.028945047203294917,12500.0,168,168,cemhsey_forward_day_logo
cemhsey,cemhsey_forward_day_logo|D06,confidence_blend_alpha_0.25,S12,grasp_protocol,D06,0.8690476190476191,0.8690476190476192,0.8661704015233909,0.8661704015233909,0.3923248675869554,0.8150138583844319,0.3894339416713481,0.03189551138484393,0.03189551138484393,0.10714285714285714,0.10714285714285714,0.0072789170903800925,12500.0,168,168,cemhsey_forward_day_logo
cemhsey,cemhsey_forward_day_logo|D06,confidence_blend_alpha_0.50,S12,grasp_protocol,D06,0.9107142857142857,0.9107142857142856,0.9061631014705716,0.9061631014705716,0.3784678414396404,0.7873165256079029,0.42663442411671915,0.023116220587536682,0.023116220587536682,0.18452380952380953,0.18452380952380953,0.019768674659372605,12500.0,168,168,cemhsey_forward_day_logo
cemhsey,cemhsey_forward_day_logo|D06,confidence_blend_alpha_0.75,S12,grasp_protocol,D06,0.9166666666666666,0.9166666666666667,0.9094969294708765,0.9094969294708765,0.37529714549448134,0.7761947003127612,0.4218801748673687,0.03199307218390641,0.03199307218390641,0.2261904761904762,0.2261904761904762,0.026555307936968413,12500.0,168,168,cemhsey_forward_day_logo
cemhsey,cemhsey_forward_day_logo|D06,selective_prediction,S12,grasp_protocol,D06,0.8234126984126984,0.8234126984126985,0.8204483939179751,0.8204483939179751,0.36810860537567536,0.7815384394676979,0.29720395018950135,0.03713932562492935,0.03713932562492935,0.031746031746031744,0.031746031746031744,0.003777212529856139,12500.0,504,504,cemhsey_forward_day_logo
cemhsey,cemhsey_forward_day_logo|D06,set_acsa_tau_0.02,S12,grasp_protocol,D06,0.7976190476190477,0.7976190476190476,0.7947849270790457,0.7947849270790457,0.3644703097353169,0.7734010788495722,0.27786544583397627,0.03975257355644956,0.03975257355644956,0.017857142857142856,0.017857142857142856,0.0001967250392687894,12500.0,168,168,cemhsey_forward_day_logo
cemhsey,cemhsey_forward_day_logo|D06,agency_margin_tau_0.02,S12,grasp_protocol,D06,0.7976190476190477,0.7976190476190476,0.7947849270790457,0.7947849270790457,0.3123437527665468,0.7822052153937975,0.20317055395173048,0.03975257355644956,0.03975257355644956,0.017857142857142856,0.017857142857142856,0.0001967250392687894,12500.0,168,168,cemhsey_forward_day_logo
cemhsey,cemhsey_forward_day_logo|D06,set_acsa_tau_0.05,S12,grasp_protocol,D06,0.8273809523809523,0.8273809523809524,0.824548789984933,0.824548789984933,0.35516876953184334,0.7536434483883957,0.29175248908467055,0.03387680808101348,0.03387680808101348,0.05357142857142857,0.05357142857142857,0.0013423630026148771,12500.0,168,168,cemhsey_forward_day_logo
cemhsey,cemhsey_forward_day_logo|D06,agency_margin_tau_0.05,S12,grasp_protocol,D06,0.8273809523809523,0.8273809523809524,0.824548789984933,0.824548789984933,0.29825438395430137,0.7512414453419354,0.20227786348949398,0.03387680808101348,0.03387680808101348,0.05357142857142857,0.05357142857142857,0.0013423630026148771,12500.0,168,168,cemhsey_forward_day_logo
cemhsey,cemhsey_forward_day_logo|D06,set_acsa_tau_0.10,S12,grasp_protocol,D06,0.8571428571428571,0.8571428571428571,0.8541184264213051,0.8541184264213051,0.3408000090397606,0.7240336365826019,0.30536611199201347,0.030721817697833803,0.030721817697833803,0.09523809523809523,0.09523809523809523,0.0045210526083463475,12500.0,168,168,cemhsey_forward_day_logo
cemhsey,cemhsey_forward_day_logo|D06,agency_margin_tau_0.10,S12,grasp_protocol,D06,0.8690476190476191,0.869047619047619,0.8679825536857193,0.8679825536857193,0.28086975194481095,0.5702732580137235,0.22706821961861806,0.029875402163888044,0.029875402163888044,0.10714285714285714,0.10714285714285714,0.005377870909197415,12500.0,168,168,cemhsey_forward_day_logo
cemhsey,cemhsey_forward_day_logo|D06,set_acsa_tau_0.15,S12,grasp_protocol,D06,0.875,0.875,0.8724022533431387,0.8724022533431387,0.3290517185862313,0.6964541675677757,0.31026566860276283,0.030264031251722483,0.030264031251722483,0.125,0.125,0.008003463405674255,12500.0,168,168,cemhsey_forward_day_logo
cemhsey,cemhsey_forward_day_logo|D06,agency_margin_tau_0.15,S12,grasp_protocol,D06,0.875,0.875,0.8724022533431387,0.8724022533431387,0.2883497909518942,0.5897245761203235,0.23585590272721482,0.030264031251722483,0.030264031251722483,0.125,0.125,0.008003463405674255,12500.0,168,168,cemhsey_forward_day_logo
cemhsey,cemhsey_forward_day_logo|D06,set_acsa_tau_0.20,S12,grasp_protocol,D06,0.8928571428571429,0.8928571428571427,0.8900639474868741,0.8900639474868741,0.3181620570174506,0.6719126344688486,0.3229335412639104,0.02755157528106546,0.02755157528106546,0.1488095238095238,0.1488095238095238,0.012284298739082631,12500.0,168,168,cemhsey_forward_day_logo
cemhsey,cemhsey_forward_day_logo|D06,agency_margin_tau_0.20,S12,grasp_protocol,D06,0.8928571428571429,0.8928571428571427,0.8900639474868741,0.8900639474868741,0.2885021548621247,0.5884784929889355,0.26436532067416463,0.02755157528106546,0.02755157528106546,0.1488095238095238,0.1488095238095238,0.012284298739082631,12500.0,168,168,cemhsey_forward_day_logo
cemhsey,cemhsey_forward_day_logo|D06,user_only,S13,grasp_protocol,D06,0.7797619047619048,0.7797619047619049,0.7814983498213313,0.7814983498213313,0.43927192214966365,0.9150906087321125,0.29533823598979303,0.06575771068455932,0.06575771068455932,0.0,0.0,0.0,12500.0,168,168,cemhsey_forward_day_logo
cemhsey,cemhsey_forward_day_logo|D06,assist_only,S13,grasp_protocol,D06,0.8095238095238095,0.8095238095238095,0.8110424017980877,0.8110424017980877,0.4021390826373522,0.8075120388141896,0.3211544571950144,0.07088551243138086,0.07088551243138086,0.3333333333333333,0.3333333333333333,0.06227362524432898,12500.0,168,168,cemhsey_forward_day_logo
cemhsey,cemhsey_forward_day_logo|D06,confidence_blend_alpha_0.25,S13,grasp_protocol,D06,0.8333333333333334,0.8333333333333333,0.8354177947656208,0.8354177947656208,0.4152632346075503,0.854554446744005,0.3621722145678801,0.0424416854250736,0.0424416854250736,0.10119047619047619,0.10119047619047619,0.004487851300645128,12500.0,168,168,cemhsey_forward_day_logo
cemhsey,cemhsey_forward_day_logo|D06,confidence_blend_alpha_0.50,S13,grasp_protocol,D06,0.8988095238095238,0.8988095238095238,0.9020074671470212,0.9020074671470212,0.4010715321748008,0.8229049289704256,0.4302492006751408,0.029821704197435066,0.029821704197435066,0.19047619047619047,0.19047619047619047,0.021308126624921903,12500.0,168,168,cemhsey_forward_day_logo
cemhsey,cemhsey_forward_day_logo|D06,confidence_blend_alpha_0.75,S13,grasp_protocol,D06,0.875,0.875,0.8759329757613594,0.8759329757613594,0.39669681485139935,0.8081079923915562,0.40034488938925056,0.04478770445634613,0.04478770445634613,0.25595238095238093,0.25595238095238093,0.04095620768968572,12500.0,168,168,cemhsey_forward_day_logo
cemhsey,cemhsey_forward_day_logo|D06,selective_prediction,S13,grasp_protocol,D06,0.7857142857142857,0.7857142857142858,0.7869253371942968,0.7869253371942968,0.4275733807407205,0.8934950235700571,0.29551865164973246,0.05819469788560517,0.05819469788560517,0.005952380952380952,0.005952380952380952,0.0022819223164040293,12500.0,504,504,cemhsey_forward_day_logo
cemhsey,cemhsey_forward_day_logo|D06,set_acsa_tau_0.02,S13,grasp_protocol,D06,0.7976190476190477,0.7976190476190476,0.7977627256668949,0.7977627256668949,0.38765568277632106,0.8208146643255839,0.3089561753816918,0.04607232526394646,0.04607232526394646,0.023809523809523808,0.023809523809523808,0.0002312896338009574,12500.0,168,168,cemhsey_forward_day_logo
cemhsey,cemhsey_forward_day_logo|D06,agency_margin_tau_0.02,S13,grasp_protocol,D06,0.7976190476190477,0.7976190476190476,0.7977627256668949,0.7977627256668949,0.30287238527532445,0.9203437630830769,0.1863702816313958,0.0459942604122748,0.0459942604122748,0.023809523809523808,0.023809523809523808,0.0002312896338009574,12500.0,168,168,cemhsey_forward_day_logo
cemhsey,cemhsey_forward_day_logo|D06,set_acsa_tau_0.05,S13,grasp_protocol,D06,0.7976190476190477,0.7976190476190476,0.7979643155563955,0.7979643155563955,0.38530611869390696,0.8150188638096031,0.30501222199607536,0.047374203496559644,0.047374203496559644,0.047619047619047616,0.047619047619047616,0.0008441386252588724,12500.0,168,168,cemhsey_forward_day_logo
cemhsey,cemhsey_forward_day_logo|D06,agency_margin_tau_0.05,S13,grasp_protocol,D06,0.7976190476190477,0.7976190476190476,0.7984465466110603,0.7984465466110603,0.30916561117812796,1.067794840656032,0.19386238209559975,0.04733580103880235,0.04733580103880235,0.05357142857142857,0.05357142857142857,0.0009908587420829646,12500.0,168,168,cemhsey_forward_day_logo
cemhsey,cemhsey_forward_day_logo|D06,set_acsa_tau_0.10,S13,grasp_protocol,D06,0.8392857142857143,0.8392857142857143,0.8415641962999889,0.8415641962999889,0.3699376165244881,0.7846434872489949,0.32191503018351414,0.04102742567487253,0.04102742567487253,0.08928571428571429,0.08928571428571429,0.003851518369648564,12500.0,168,168,cemhsey_forward_day_logo
cemhsey,cemhsey_forward_day_logo|D06,agency_margin_tau_0.10,S13,grasp_protocol,D06,0.8392857142857143,0.8392857142857143,0.8415641962999889,0.8415641962999889,0.2886244826593939,0.7383488177261112,0.20521973920007838,0.04095231601951448,0.04095231601951448,0.08928571428571429,0.08928571428571429,0.003851518369648564,12500.0,168,168,cemhsey_forward_day_logo
cemhsey,cemhsey_forward_day_logo|D06,set_acsa_tau_0.15,S13,grasp_protocol,D06,0.8571428571428571,0.8571428571428573,0.859118727453472,0.859118727453472,0.35907908903087016,0.761447999694685,0.3352850568024697,0.03655733035693123,0.03655733035693123,0.11904761904761904,0.11904761904761904,0.007605080812955358,12500.0,168,168,cemhsey_forward_day_logo
cemhsey,cemhsey_forward_day_logo|D06,agency_margin_tau_0.15,S13,grasp_protocol,D06,0.8571428571428571,0.8571428571428573,0.859118727453472,0.859118727453472,0.28804876864785645,0.7393280027789538,0.2279816262651382,0.03655733035693123,0.03655733035693123,0.11904761904761904,0.11904761904761904,0.007605080812955358,12500.0,168,168,cemhsey_forward_day_logo
cemhsey,cemhsey_forward_day_logo|D06,set_acsa_tau_0.20,S13,grasp_protocol,D06,0.875,0.875,0.8763616708796744,0.8763616708796744,0.3497658489727788,0.739315612588009,0.3333373308599463,0.03517289677430023,0.03517289677430023,0.13690476190476192,0.13690476190476192,0.010713950847327763,12500.0,168,168,cemhsey_forward_day_logo
cemhsey,cemhsey_forward_day_logo|D06,agency_margin_tau_0.20,S13,grasp_protocol,D06,0.875,0.875,0.8763616708796744,0.8763616708796744,0.29484390509446246,0.6052195985520551,0.25069762164775566,0.03517289677430023,0.03517289677430023,0.13690476190476192,0.13690476190476192,0.010713950847327763,12500.0,168,168,cemhsey_forward_day_logo
cemhsey,cemhsey_forward_day_logo|D07,user_only,S1,grasp_protocol,D07,0.8511904761904762,0.8511904761904763,0.848310643997409,0.848310643997409,0.3755523087427824,0.7796448841396726,0.31782745373202237,0.04238793028519458,0.04238793028519458,0.0,0.0,0.0,12500.0,168,168,cemhsey_forward_day_logo
cemhsey,cemhsey_forward_day_logo|D07,assist_only,S1,grasp_protocol,D07,0.9761904761904762,0.9761904761904762,0.9761178635587974,0.9761178635587974,0.3138505440661293,0.6371740334661885,0.43052924011222077,0.013075031896185004,0.013075031896185004,0.1488095238095238,0.1488095238095238,0.017087432509808608,12500.0,168,168,cemhsey_forward_day_logo
cemhsey,cemhsey_forward_day_logo|D07,confidence_blend_alpha_0.25,S1,grasp_protocol,D07,0.8869047619047619,0.8869047619047619,0.8853218486717103,0.8853218486717103,0.34797079478107157,0.7185385827531774,0.3589832602922546,0.023357090246674962,0.023357090246674962,0.07142857142857142,0.07142857142857142,0.00253560514598708,12500.0,168,168,cemhsey_forward_day_logo
cemhsey,cemhsey_forward_day_logo|D07,confidence_blend_alpha_0.50,S1,grasp_protocol,D07,0.9642857142857143,0.9642857142857144,0.9640985101854668,0.9640985101854668,0.32849332934776915,0.6796264173899338,0.4322662508056943,0.009710582749472386,0.009710582749472386,0.13690476190476192,0.13690476190476192,0.012971037575768935,12500.0,168,168,cemhsey_forward_day_logo
cemhsey,cemhsey_forward_day_logo|D07,confidence_blend_alpha_0.75,S1,grasp_protocol,D07,0.9821428571428571,0.9821428571428571,0.9820728291316527,0.9820728291316527,0.3171199124427884,0.6535956044788521,0.44370598108318504,0.008478079696718448,0.008478079696718448,0.1488095238095238,0.1488095238095238,0.01632472493992055,12500.0,168,168,cemhsey_forward_day_logo
cemhsey,cemhsey_forward_day_logo|D07,selective_prediction,S1,grasp_protocol,D07,0.8571428571428571,0.8571428571428573,0.8542464262111232,0.8542464262111232,0.3557412678114023,0.7456088319876213,0.30720468784470134,0.03660699928163603,0.03660699928163603,0.005952380952380952,0.005952380952380952,0.0006016007818530596,12500.0,504,504,cemhsey_forward_day_logo
cemhsey,cemhsey_forward_day_logo|D07,set_acsa_tau_0.02,S1,grasp_protocol,D07,0.8630952380952381,0.8630952380952381,0.8591835405831036,0.8591835405831036,0.3047131151080016,0.6475773702960174,0.2959025274128813,0.0206837918218799,0.0206837918218799,0.023809523809523808,0.023809523809523808,0.00030155884595490704,12500.0,168,168,cemhsey_forward_day_logo
cemhsey,cemhsey_forward_day_logo|D07,agency_margin_tau_0.02,S1,grasp_protocol,D07,0.8630952380952381,0.8630952380952381,0.8591835405831036,0.8591835405831036,0.20533036399239737,0.4360102439891549,0.17902684581586548,0.0206837918218799,0.0206837918218799,0.023809523809523808,0.023809523809523808,0.00030155884595490704,12500.0,168,168,cemhsey_forward_day_logo
cemhsey,cemhsey_forward_day_logo|D07,set_acsa_tau_0.05,S1,grasp_protocol,D07,0.8988095238095238,0.8988095238095237,0.8965931357413167,0.8965931357413167,0.2957107020290526,0.6321643420767845,0.3201817422265468,0.016644599950451804,0.016644599950451804,0.05952380952380952,0.05952380952380952,0.0017521164325241918,12500.0,168,168,cemhsey_forward_day_logo
cemhsey,cemhsey_forward_day_logo|D07,agency_margin_tau_0.05,S1,grasp_protocol,D07,0.8988095238095238,0.8988095238095237,0.8965931357413167,0.8965931357413167,0.20509305916584217,0.4326607599615855,0.202706092749925,0.016644599950451804,0.016644599950451804,0.05952380952380952,0.05952380952380952,0.0017521164325241918,12500.0,168,168,cemhsey_forward_day_logo
cemhsey,cemhsey_forward_day_logo|D07,set_acsa_tau_0.10,S1,grasp_protocol,D07,0.9047619047619048,0.9047619047619048,0.9041454957202572,0.9041454957202572,0.29142535762250854,0.6168591555684966,0.3173701719152098,0.01885940347522293,0.01885940347522293,0.07142857142857142,0.07142857142857142,0.002524480857877796,12500.0,168,168,cemhsey_forward_day_logo
cemhsey,cemhsey_forward_day_logo|D07,agency_margin_tau_0.10,S1,grasp_protocol,D07,0.9107142857142857,0.9107142857142856,0.9098684002666911,0.9098684002666911,0.2246748749265642,0.7508694917633724,0.22881087474147155,0.01860410725698813,0.01860410725698813,0.08333333333333333,0.08333333333333333,0.0034777676446691255,12500.0,168,168,cemhsey_forward_day_logo
cemhsey,cemhsey_forward_day_logo|D07,set_acsa_tau_0.15,S1,grasp_protocol,D07,0.9226190476190477,0.9226190476190476,0.9227271541027477,0.9227271541027477,0.28428502148364293,0.600677129335323,0.3301524904323021,0.017397109435803575,0.017397109435803575,0.08928571428571429,0.08928571428571429,0.004733207021721512,12500.0,168,168,cemhsey_forward_day_logo
cemhsey,cemhsey_forward_day_logo|D07,agency_margin_tau_0.15,S1,grasp_protocol,D07,0.9285714285714286,0.9285714285714286,0.9285746359526305,0.9285746359526305,0.2404447170368448,0.7769011546494278,0.2483678862707157,0.01717993740144761,0.01717993740144761,0.10119047619047619,0.10119047619047619,0.00602324927567294,12500.0,168,168,cemhsey_forward_day_logo
cemhsey,cemhsey_forward_day_logo|D07,set_acsa_tau_0.20,S1,grasp_protocol,D07,0.9345238095238095,0.9345238095238095,0.9346935660724572,0.9346935660724572,0.27842713509873995,0.5880500222340496,0.3371264765000057,0.016419494240075026,0.016419494240075026,0.10119047619047619,0.10119047619047619,0.006797379288460377,12500.0,168,168,cemhsey_forward_day_logo
cemhsey,cemhsey_forward_day_logo|D07,agency_margin_tau_0.20,S1,grasp_protocol,D07,0.9404761904761905,0.9404761904761905,0.9402478992163167,0.9402478992163167,0.23523927464843045,0.4849435699775768,0.27332782361719415,0.016238856380465145,0.016238856380465145,0.10714285714285714,0.10714285714285714,0.007349496797091538,12500.0,168,168,cemhsey_forward_day_logo
cemhsey,cemhsey_forward_day_logo|D07,user_only,S10,grasp_protocol,D07,0.5297619047619048,0.5297619047619048,0.5104745891023829,0.5104745891023829,0.5992192602403525,1.7802009584740266,0.14300328854020838,0.32993952789510245,0.32993952789510245,0.0,0.0,0.0,12500.0,168,168,cemhsey_forward_day_logo
cemhsey,cemhsey_forward_day_logo|D07,assist_only,S10,grasp_protocol,D07,0.5535714285714286,0.5535714285714286,0.5171970824550732,0.5171970824550732,0.633897828908358,1.7007597716641067,0.20727386042322116,0.3813274322827148,0.3813274322827148,0.36904761904761907,0.36904761904761907,0.05195242293874821,12500.0,168,168,cemhsey_forward_day_logo
cemhsey,cemhsey_forward_day_logo|D07,confidence_blend_alpha_0.25,S10,grasp_protocol,D07,0.5833333333333334,0.5833333333333333,0.5525518429374058,0.5525518429374058,0.5937519665820299,1.677092234900338,0.19824782121869006,0.3259609707230308,0.3259609707230308,0.16071428571428573,0.16071428571428573,0.006633580502783424,12500.0,168,168,cemhsey_forward_day_logo
cemhsey,cemhsey_forward_day_logo|D07,confidence_blend_alpha_0.50,S10,grasp_protocol,D07,0.6011904761904762,0.6011904761904762,0.5694035785760496,0.5694035785760496,0.5977092968070973,1.6622977426248706,0.2336167879570664,0.32217383261014093,0.32217383261014093,0.25595238095238093,0.25595238095238093,0.020802391019991723,12500.0,168,168,cemhsey_forward_day_logo
cemhsey,cemhsey_forward_day_logo|D07,confidence_blend_alpha_0.75,S10,grasp_protocol,D07,0.5773809523809523,0.5773809523809524,0.542258380342458,0.542258380342458,0.6110912509158734,1.6719648269171072,0.21895010206202148,0.34049825108769716,0.34049825108769716,0.30952380952380953,0.30952380952380953,0.034724051260086986,12500.0,168,168,cemhsey_forward_day_logo
cemhsey,cemhsey_forward_day_logo|D07,selective_prediction,S10,grasp_protocol,D07,0.5337301587301587,0.5337301587301587,0.5139742498362415,0.5139742498362415,0.5960292332135092,1.7728132572147208,0.14352901972992096,0.32782222348333784,0.32782222348333784,0.003968253968253968,0.003968253968253968,0.0005382351790067515,12500.0,504,504,cemhsey_forward_day_logo
cemhsey,cemhsey_forward_day_logo|D07,set_acsa_tau_0.02,S10,grasp_protocol,D07,0.5238095238095238,0.5238095238095238,0.49978011353632207,0.49978011353632207,0.5942756439871131,1.7713327624445698,0.13516075791495974,0.32033041959365277,0.32033041959365277,0.023809523809523808,0.023809523809523808,0.00021921281406881406,12500.0,168,168,cemhsey_forward_day_logo
cemhsey,cemhsey_forward_day_logo|D07,agency_margin_tau_0.02,S10,grasp_protocol,D07,0.5297619047619048,0.5297619047619048,0.5056618351067208,0.5056618351067208,0.6221582025923712,3.25319684823827,0.13753201025892625,0.31887963433923733,0.31887963433923733,0.03571428571428571,0.03571428571428571,0.00039595126579952694,12500.0,168,168,cemhsey_forward_day_logo
cemhsey,cemhsey_forward_day_logo|D07,set_acsa_tau_0.05,S10,grasp_protocol,D07,0.5357142857142857,0.5357142857142857,0.5128938506937007,0.5128938506937007,0.5885288644449146,1.7553922561004789,0.14001821788384436,0.31406934385167107,0.31406934385167107,0.05952380952380952,0.05952380952380952,0.001543179928265424,12500.0,168,168,cemhsey_forward_day_logo
cemhsey,cemhsey_forward_day_logo|D07,agency_margin_tau_0.05,S10,grasp_protocol,D07,0.5476190476190477,0.5476190476190476,0.52364577403473,0.52364577403473,0.5950826141356793,2.898936871629979,0.14205055852109438,0.31237829406041856,0.31237829406041856,0.07738095238095238,0.07738095238095238,0.002007986614395044,12500.0,168,168,cemhsey_forward_day_logo
cemhsey,cemhsey_forward_day_logo|D07,set_acsa_tau_0.10,S10,grasp_protocol,D07,0.5595238095238095,0.5595238095238095,0.5314551033492962,0.5314551033492962,0.5784318885964035,1.7246465138343776,0.1295008261112434,0.30709764498226744,0.30709764498226744,0.1130952380952381,0.1130952380952381,0.005543269596506732,12500.0,168,168,cemhsey_forward_day_logo
cemhsey,cemhsey_forward_day_logo|D07,agency_margin_tau_0.10,S10,grasp_protocol,D07,0.5714285714285714,0.5714285714285714,0.5434945763843106,0.5434945763843106,0.5843487241057334,2.7226025965496397,0.15265549357543368,0.3055976843421397,0.3055976843421397,0.125,0.125,0.005919428245974714,12500.0,168,168,cemhsey_forward_day_logo
cemhsey,cemhsey_forward_day_logo|D07,set_acsa_tau_0.15,S10,grasp_protocol,D07,0.5654761904761905,0.5654761904761905,0.5368271230806101,0.5368271230806101,0.5717360075557038,1.7048566231225817,0.12596617701079024,0.3035594556339713,0.3035594556339713,0.13095238095238096,0.13095238095238096,0.007841701524474928,12500.0,168,168,cemhsey_forward_day_logo
cemhsey,cemhsey_forward_day_logo|D07,agency_margin_tau_0.15,S10,grasp_protocol,D07,0.5773809523809523,0.5773809523809523,0.5491907189581818,0.5491907189581818,0.577746338409416,2.5663241231075453,0.13032987439591986,0.30181198699577994,0.30181198699577994,0.14285714285714285,0.14285714285714285,0.00873571359796885,12500.0,168,168,cemhsey_forward_day_logo
cemhsey,cemhsey_forward_day_logo|D07,set_acsa_tau_0.20,S10,grasp_protocol,D07,0.5892857142857143,0.5892857142857143,0.55995818617302,0.55995818617302,0.5554838033610624,1.66325244908023,0.1407132343884094,0.29635723167748695,0.29635723167748695,0.16666666666666666,0.16666666666666666,0.013864166898643001,12500.0,168,168,cemhsey_forward_day_logo
cemhsey,cemhsey_forward_day_logo|D07,agency_margin_tau_0.20,S10,grasp_protocol,D07,0.5952380952380952,0.5952380952380952,0.5654379373563156,0.5654379373563156,0.5563543300612567,2.0834104376052287,0.14589326629765226,0.2960304956222382,0.2960304956222382,0.17261904761904762,0.17261904761904762,0.014670088557067848,12500.0,168,168,cemhsey_forward_day_logo
cemhsey,cemhsey_forward_day_logo|D07,user_only,S2,grasp_protocol,D07,0.7857142857142857,0.7857142857142857,0.7913442113442113,0.7913442113442113,0.38235146784732893,0.8034626279389224,0.25235645023757936,0.0615055851383649,0.0615055851383649,0.0,0.0,0.0,12500.0,168,168,cemhsey_forward_day_logo
cemhsey,cemhsey_forward_day_logo|D07,assist_only,S2,grasp_protocol,D07,0.9226190476190477,0.9226190476190477,0.9224428050591189,0.9224428050591189,0.34927313224339746,0.709222322562075,0.4043953233811657,0.01135076022201876,0.01135076022201876,0.25,0.25,0.03561159284095504,12500.0,168,168,cemhsey_forward_day_logo
cemhsey,cemhsey_forward_day_logo|D07,confidence_blend_alpha_0.25,S2,grasp_protocol,D07,0.8869047619047619,0.8869047619047619,0.8895517619498082,0.8895517619498082,0.35792550863842104,0.743305710322406,0.35615123922952,0.03360657182924707,0.03360657182924707,0.11904761904761904,0.11904761904761904,0.006219715751339356,12500.0,168,168,cemhsey_forward_day_logo
cemhsey,cemhsey_forward_day_logo|D07,confidence_blend_alpha_0.50,S2,grasp_protocol,D07,0.9166666666666666,0.9166666666666666,0.9174869549198874,0.9174869549198874,0.34427046630152347,0.7161536705484617,0.39450803977359583,0.018217374180799797,0.018217374180799797,0.17857142857142858,0.17857142857142858,0.015421605697320777,12500.0,168,168,cemhsey_forward_day_logo
cemhsey,cemhsey_forward_day_logo|D07,confidence_blend_alpha_0.75,S2,grasp_protocol,D07,0.9345238095238095,0.9345238095238094,0.9337983031461292,0.9337983031461292,0.3413863408365156,0.7061004249739815,0.4219437087565626,0.008391621087301198,0.008391621087301198,0.2261904761904762,0.2261904761904762,0.02884712825425374,12500.0,168,168,cemhsey_forward_day_logo
cemhsey,cemhsey_forward_day_logo|D07,selective_prediction,S2,grasp_protocol,D07,0.7916666666666666,0.7916666666666666,0.796480441270989,0.796480441270989,0.3684196140536596,0.7783156466053134,0.2437355175801363,0.0558670143686835,0.0558670143686835,0.005952380952380952,0.005952380952380952,0.00010582177919071111,12500.0,504,504,cemhsey_forward_day_logo
cemhsey,cemhsey_forward_day_logo|D07,set_acsa_tau_0.02,S2,grasp_protocol,D07,0.8035714285714286,0.8035714285714285,0.8078617330613781,0.8078617330613781,0.34171851972344774,0.7282625434796295,0.2610438041180201,0.046767107325706235,0.046767107325706235,0.017857142857142856,0.017857142857142856,0.00010446739896145988,12500.0,168,168,cemhsey_forward_day_logo
cemhsey,cemhsey_forward_day_logo|D07,agency_margin_tau_0.02,S2,grasp_protocol,D07,0.8035714285714286,0.8035714285714285,0.8085399805508502,0.8085399805508502,0.2779770633290732,0.7384740681839931,0.16081471650531853,0.04656175262783636,0.04656175262783636,0.023809523809523808,0.023809523809523808,0.0001618325210547927,12500.0,168,168,cemhsey_forward_day_logo
cemhsey,cemhsey_forward_day_logo|D07,set_acsa_tau_0.05,S2,grasp_protocol,D07,0.8571428571428571,0.8571428571428573,0.8612818009016273,0.8612818009016273,0.32224976928707366,0.6899794973174539,0.27435264836113726,0.037377193473843294,0.037377193473843294,0.07142857142857142,0.07142857142857142,0.0019965523862216527,12500.0,168,168,cemhsey_forward_day_logo
cemhsey,cemhsey_forward_day_logo|D07,agency_margin_tau_0.05,S2,grasp_protocol,D07,0.8571428571428571,0.8571428571428573,0.8612818009016273,0.8612818009016273,0.2543452537625283,0.5446177223703882,0.18864898732387386,0.03721970706525496,0.03721970706525496,0.07142857142857142,0.07142857142857142,0.0019965523862216527,12500.0,168,168,cemhsey_forward_day_logo
cemhsey,cemhsey_forward_day_logo|D07,set_acsa_tau_0.10,S2,grasp_protocol,D07,0.8690476190476191,0.8690476190476192,0.8735246907173326,0.8735246907173326,0.31788911549911764,0.679586821512652,0.27645998125327265,0.03620144875187952,0.03620144875187952,0.08928571428571429,0.08928571428571429,0.003417592547237437,12500.0,168,168,cemhsey_forward_day_logo
cemhsey,cemhsey_forward_day_logo|D07,agency_margin_tau_0.10,S2,grasp_protocol,D07,0.8690476190476191,0.8690476190476192,0.8735246907173326,0.8735246907173326,0.2559407841192195,0.5415360129330923,0.1944513845003611,0.03600680909582116,0.03600680909582116,0.08928571428571429,0.08928571428571429,0.003417592547237437,12500.0,168,168,cemhsey_forward_day_logo
cemhsey,cemhsey_forward_day_logo|D07,set_acsa_tau_0.15,S2,grasp_protocol,D07,0.8928571428571429,0.892857142857143,0.8952536776191437,0.8952536776191437,0.30413286244143933,0.6504393440822956,0.2943228304544939,0.03351844030903432,0.03351844030903432,0.13095238095238096,0.13095238095238096,0.008701269868645549,12500.0,168,168,cemhsey_forward_day_logo
cemhsey,cemhsey_forward_day_logo|D07,agency_margin_tau_0.15,S2,grasp_protocol,D07,0.8928571428571429,0.892857142857143,0.8952536776191437,0.8952536776191437,0.25278478372146107,0.5289012846032496,0.22409821058080043,0.033365730849932454,0.033365730849932454,0.13095238095238096,0.13095238095238096,0.008701269868645549,12500.0,168,168,cemhsey_forward_day_logo
cemhsey,cemhsey_forward_day_logo|D07,set_acsa_tau_0.20,S2,grasp_protocol,D07,0.8988095238095238,0.8988095238095238,0.9001680228057919,0.9001680228057919,0.29698188726040964,0.6320657311489859,0.294216842993366,0.0331517217299467,0.0331517217299467,0.1488095238095238,0.1488095238095238,0.0117683210281053,12500.0,168,168,cemhsey_forward_day_logo
cemhsey,cemhsey_forward_day_logo|D07,agency_margin_tau_0.20,S2,grasp_protocol,D07,0.8988095238095238,0.8988095238095238,0.9001680228057919,0.9001680228057919,0.2599821978443655,0.5439213795138009,0.2423701840821756,0.0331517217299467,0.0331517217299467,0.1488095238095238,0.1488095238095238,0.0117683210281053,12500.0,168,168,cemhsey_forward_day_logo
cemhsey,cemhsey_forward_day_logo|D07,user_only,S3,grasp_protocol,D07,0.7023809523809523,0.7023809523809523,0.7021264918799659,0.7021264918799659,0.5537765542113344,1.1406870488016092,0.2879939496511177,0.15643563297632868,0.15643563297632868,0.0,0.0,0.0,12500.0,168,168,cemhsey_forward_day_logo
cemhsey,cemhsey_forward_day_logo|D07,assist_only,S3,grasp_protocol,D07,0.7857142857142857,0.7857142857142857,0.7818124259791344,0.7818124259791344,0.5512168862297095,1.082835694210405,0.4104639054202947,0.11917609847404273,0.11917609847404273,0.26785714285714285,0.26785714285714285,0.030999244724599584,12500.0,168,168,cemhsey_forward_day_logo
cemhsey,cemhsey_forward_day_logo|D07,confidence_blend_alpha_0.25,S3,grasp_protocol,D07,0.7440476190476191,0.744047619047619,0.7449382915221425,0.7449382915221425,0.5428803019629926,1.095142622329712,0.3530814996799545,0.13232208609059176,0.13232208609059176,0.07142857142857142,0.07142857142857142,0.0029929958193220985,12500.0,168,168,cemhsey_forward_day_logo
cemhsey,cemhsey_forward_day_logo|D07,confidence_blend_alpha_0.50,S3,grasp_protocol,D07,0.8273809523809523,0.8273809523809524,0.8239306043682187,0.8239306043682187,0.5388216065499707,1.0763898890463006,0.44322602122658583,0.10581993006734089,0.10581993006734089,0.18452380952380953,0.18452380952380953,0.017823261176173853,12500.0,168,168,cemhsey_forward_day_logo
cemhsey,cemhsey_forward_day_logo|D07,confidence_blend_alpha_0.75,S3,grasp_protocol,D07,0.8333333333333334,0.8333333333333334,0.8290681351905842,0.8290681351905842,0.5416004679722096,1.0732045700638408,0.4545406193654371,0.10535499960938138,0.10535499960938138,0.20833333333333334,0.20833333333333334,0.02123080361633553,12500.0,168,168,cemhsey_forward_day_logo
cemhsey,cemhsey_forward_day_logo|D07,selective_prediction,S3,grasp_protocol,D07,0.7023809523809523,0.7023809523809523,0.7021264918799659,0.7021264918799659,0.5537765542113344,1.1406870488016092,0.2879939496511177,0.15585306021762704,0.15585306021762704,0.0,0.0,0.0,12500.0,504,504,cemhsey_forward_day_logo
cemhsey,cemhsey_forward_day_logo|D07,set_acsa_tau_0.02,S3,grasp_protocol,D07,0.7083333333333334,0.7083333333333333,0.7089433925300187,0.7089433925300187,0.5274558711126035,1.0868597521712509,0.2850022339847298,0.1364770774223051,0.1364770774223051,0.017857142857142856,0.017857142857142856,0.0002641893612990808,12500.0,168,168,cemhsey_forward_day_logo
cemhsey,cemhsey_forward_day_logo|D07,agency_margin_tau_0.02,S3,grasp_protocol,D07,0.7083333333333334,0.7083333333333333,0.7081961286930231,0.7081961286930231,0.4815425177751778,1.6989429093518502,0.22254192227965616,0.13721350020892095,0.13721350020892095,0.023809523809523808,0.023809523809523808,0.00032125572189385535,12500.0,168,168,cemhsey_forward_day_logo
cemhsey,cemhsey_forward_day_logo|D07,set_acsa_tau_0.05,S3,grasp_protocol,D07,0.7380952380952381,0.738095238095238,0.7397735547192068,0.7397735547192068,0.5193081817092887,1.068743938044246,0.3048042714729832,0.1244706669048646,0.1244706669048646,0.07142857142857142,0.07142857142857142,0.0021884201254677668,12500.0,168,168,cemhsey_forward_day_logo
cemhsey,cemhsey_forward_day_logo|D07,agency_margin_tau_0.05,S3,grasp_protocol,D07,0.7380952380952381,0.738095238095238,0.7392793584282946,0.7392793584282946,0.46720910055640247,1.529484632591356,0.2346181254163191,0.12454312564571042,0.12454312564571042,0.07738095238095238,0.07738095238095238,0.0024435825971253784,12500.0,168,168,cemhsey_forward_day_logo
cemhsey,cemhsey_forward_day_logo|D07,set_acsa_tau_0.10,S3,grasp_protocol,D07,0.7619047619047619,0.761904761904762,0.7616006155176661,0.7616006155176661,0.5112506687368348,1.0488269121034517,0.31983727525486416,0.11718399638166835,0.11718399638166835,0.10714285714285714,0.10714285714285714,0.004828255734846446,12500.0,168,168,cemhsey_forward_day_logo
cemhsey,cemhsey_forward_day_logo|D07,agency_margin_tau_0.10,S3,grasp_protocol,D07,0.7678571428571429,0.7678571428571429,0.7680641352156204,0.7680641352156204,0.4611158246415076,1.0766492029288324,0.2738507317465103,0.11676405560673986,0.11676405560673986,0.1130952380952381,0.1130952380952381,0.005380804737412041,12500.0,168,168,cemhsey_forward_day_logo
cemhsey,cemhsey_forward_day_logo|D07,set_acsa_tau_0.15,S3,grasp_protocol,D07,0.7916666666666666,0.7916666666666667,0.788662298179367,0.788662298179367,0.4978072503783674,1.0137883136074066,0.34473046274091235,0.11341494459427331,0.11341494459427331,0.14285714285714285,0.14285714285714285,0.009209294631384202,12500.0,168,168,cemhsey_forward_day_logo
cemhsey,cemhsey_forward_day_logo|D07,agency_margin_tau_0.15,S3,grasp_protocol,D07,0.7916666666666666,0.7916666666666667,0.788662298179367,0.788662298179367,0.4703401704239867,0.9475118058672358,0.3107238565037505,0.11341494459427331,0.11341494459427331,0.14285714285714285,0.14285714285714285,0.009209294631384202,12500.0,168,168,cemhsey_forward_day_logo
cemhsey,cemhsey_forward_day_logo|D07,set_acsa_tau_0.20,S3,grasp_protocol,D07,0.8035714285714286,0.8035714285714285,0.801664560261664,0.801664560261664,0.4929665970323831,1.0037407320752993,0.35621039741478044,0.10634775227274487,0.10634775227274487,0.15476190476190477,0.15476190476190477,0.011313881560153298,12500.0,168,168,cemhsey_forward_day_logo
cemhsey,cemhsey_forward_day_logo|D07,agency_margin_tau_0.20,S3,grasp_protocol,D07,0.8035714285714286,0.8035714285714285,0.801664560261664,0.801664560261664,0.47533159421559,0.9620621926409451,0.3334337332632885,0.10634775227274487,0.10634775227274487,0.15476190476190477,0.15476190476190477,0.011313881560153298,12500.0,168,168,cemhsey_forward_day_logo
cemhsey,cemhsey_forward_day_logo|D07,user_only,S4,grasp_protocol,D07,0.6190476190476191,0.619047619047619,0.6178704528704528,0.6178704528704528,0.5573022457579756,1.0702924571947474,0.18969968250140298,0.2354432450832144,0.2354432450832144,0.0,0.0,0.0,12500.0,168,168,cemhsey_forward_day_logo
cemhsey,cemhsey_forward_day_logo|D07,assist_only,S4,grasp_protocol,D07,0.6488095238095238,0.6488095238095238,0.6460744684656891,0.6460744684656891,0.5478242597247664,1.0263289257926396,0.23208660899731015,0.2534335903637435,0.2534335903637435,0.36904761904761907,0.36904761904761907,0.05799702310902517,12500.0,168,168,cemhsey_forward_day_logo
cemhsey,cemhsey_forward_day_logo|D07,confidence_blend_alpha_0.25,S4,grasp_protocol,D07,0.6666666666666666,0.6666666666666666,0.6670268255946005,0.6670268255946005,0.5435131605949037,1.0355421280775974,0.2427168826431753,0.2278640145537442,0.2278640145537442,0.08928571428571429,0.08928571428571429,0.005385359605373401,12500.0,168,168,cemhsey_forward_day_logo
cemhsey,cemhsey_forward_day_logo|D07,confidence_blend_alpha_0.50,S4,grasp_protocol,D07,0.6904761904761905,0.6904761904761905,0.6915644938213965,0.6915644938213965,0.5373371345350179,1.0196306820635506,0.26928769618730664,0.21951955348048643,0.21951955348048643,0.16071428571428573,0.16071428571428573,0.014714510766666813,12500.0,168,168,cemhsey_forward_day_logo
cemhsey,cemhsey_forward_day_logo|D07,confidence_blend_alpha_0.75,S4,grasp_protocol,D07,0.6547619047619048,0.6547619047619048,0.6524781260464153,0.6524781260464153,0.5387741675783053,1.016987901448582,0.23674988918311848,0.2349814073883541,0.2349814073883541,0.26785714285714285,0.26785714285714285,0.03283727299096313,12500.0,168,168,cemhsey_forward_day_logo
cemhsey,cemhsey_forward_day_logo|D07,selective_prediction,S4,grasp_protocol,D07,0.621031746031746,0.621031746031746,0.6195446686560578,0.6195446686560578,0.5541620835861149,1.065353432841316,0.18780833401116692,0.23397836719181708,0.23397836719181708,0.005952380952380952,0.005952380952380952,0.0008993060788280574,12500.0,504,504,cemhsey_forward_day_logo
cemhsey,cemhsey_forward_day_logo|D07,set_acsa_tau_0.02,S4,grasp_protocol,D07,0.6190476190476191,0.619047619047619,0.6178704528704528,0.6178704528704528,0.5347527655422234,1.0236976428054436,0.1904489065346259,0.2289372005796483,0.2289372005796483,0.0,0.0,0.0,12500.0,168,168,cemhsey_forward_day_logo
cemhsey,cemhsey_forward_day_logo|D07,agency_margin_tau_0.02,S4,grasp_protocol,D07,0.6190476190476191,0.619047619047619,0.6178704528704528,0.6178704528704528,0.5763110180920992,3.2400988179919157,0.23234377339383955,0.22897487387681528,0.22897487387681528,0.0,0.0,0.0,12500.0,168,168,cemhsey_forward_day_logo
cemhsey,cemhsey_forward_day_logo|D07,set_acsa_tau_0.05,S4,grasp_protocol,D07,0.6547619047619048,0.6547619047619048,0.653536481098528,0.653536481098528,0.521719641545672,0.9980598973940767,0.1957342927519107,0.215091192999006,0.215091192999006,0.03571428571428571,0.03571428571428571,0.0013798905959387562,12500.0,168,168,cemhsey_forward_day_logo
cemhsey,cemhsey_forward_day_logo|D07,agency_margin_tau_0.05,S4,grasp_protocol,D07,0.6547619047619048,0.6547619047619048,0.6547468753387643,0.6547468753387643,0.5597506887845479,3.2055447368907912,0.21476107207057427,0.2159738165065344,0.2159738165065344,0.05357142857142857,0.05357142857142857,0.0022461129875955173,12500.0,168,168,cemhsey_forward_day_logo
cemhsey,cemhsey_forward_day_logo|D07,set_acsa_tau_0.10,S4,grasp_protocol,D07,0.6904761904761905,0.6904761904761905,0.6895536475459748,0.6895536475459748,0.506776111368669,0.9607994469212466,0.2131605137150812,0.2077925161383447,0.2077925161383447,0.07738095238095238,0.07738095238095238,0.004664288169715372,12500.0,168,168,cemhsey_forward_day_logo
cemhsey,cemhsey_forward_day_logo|D07,agency_margin_tau_0.10,S4,grasp_protocol,D07,0.6904761904761905,0.6904761904761905,0.6895536475459748,0.6895536475459748,0.513628607236037,2.105652845659975,0.19834454722912326,0.2077925161383447,0.2077925161383447,0.07738095238095238,0.07738095238095238,0.004664288169715372,12500.0,168,168,cemhsey_forward_day_logo
cemhsey,cemhsey_forward_day_logo|D07,set_acsa_tau_0.15,S4,grasp_protocol,D07,0.7023809523809523,0.7023809523809524,0.7033182330910756,0.7033182330910756,0.5020751191619375,0.946333539399425,0.21848804849656442,0.2140164234624361,0.2140164234624361,0.10119047619047619,0.10119047619047619,0.007371440078363358,12500.0,168,168,cemhsey_forward_day_logo
cemhsey,cemhsey_forward_day_logo|D07,agency_margin_tau_0.15,S4,grasp_protocol,D07,0.6964285714285714,0.6964285714285714,0.6973102014920214,0.6973102014920214,0.4875329530121126,1.465947042359251,0.18621905984812614,0.21419705307381356,0.21419705307381356,0.1130952380952381,0.1130952380952381,0.008832801286728252,12500.0,168,168,cemhsey_forward_day_logo
cemhsey,cemhsey_forward_day_logo|D07,set_acsa_tau_0.20,S4,grasp_protocol,D07,0.7261904761904762,0.7261904761904762,0.7265610276920064,0.7265610276920064,0.49076947615946437,0.9171019802912839,0.236270371797041,0.21131796536456765,0.21131796536456765,0.13095238095238096,0.13095238095238096,0.012596655782917751,12500.0,168,168,cemhsey_forward_day_logo
cemhsey,cemhsey_forward_day_logo|D07,agency_margin_tau_0.20,S4,grasp_protocol,D07,0.7202380952380952,0.7202380952380952,0.7202199198202862,0.7202199198202862,0.4793906842199697,1.3041038498407842,0.20560244099189573,0.2113533962035699,0.2113533962035699,0.13690476190476192,0.13690476190476192,0.013292364588282974,12500.0,168,168,cemhsey_forward_day_logo
cemhsey,cemhsey_forward_day_logo|D07,user_only,S5,grasp_protocol,D07,0.7738095238095238,0.7738095238095238,0.7551877662986592,0.7551877662986592,0.41143952986603294,0.8737683057730854,0.2726489020984119,0.07301388399405126,0.07301388399405126,0.0,0.0,0.0,12500.0,168,168,cemhsey_forward_day_logo
cemhsey,cemhsey_forward_day_logo|D07,assist_only,S5,grasp_protocol,D07,0.7916666666666666,0.7916666666666667,0.7942841977685183,0.7942841977685183,0.40343969185052314,0.7883197049357084,0.30837706288508815,0.08926297909194619,0.08926297909194619,0.2261904761904762,0.2261904761904762,0.036719254823604976,12500.0,168,168,cemhsey_forward_day_logo
cemhsey,cemhsey_forward_day_logo|D07,confidence_blend_alpha_0.25,S5,grasp_protocol,D07,0.8273809523809523,0.8273809523809524,0.8117385562283522,0.8117385562283522,0.3958706309625645,0.8162340547289908,0.3222635978887433,0.06523134096114988,0.06523134096114988,0.08928571428571429,0.08928571428571429,0.0060534928317506915,12500.0,168,168,cemhsey_forward_day_logo
cemhsey,cemhsey_forward_day_logo|D07,confidence_blend_alpha_0.50,S5,grasp_protocol,D07,0.8154761904761905,0.8154761904761905,0.808693678808033,0.808693678808033,0.38934769165884053,0.7916669359155102,0.31561470659425533,0.06555575002532574,0.06555575002532574,0.1488095238095238,0.1488095238095238,0.014837590623888947,12500.0,168,168,cemhsey_forward_day_logo
cemhsey,cemhsey_forward_day_logo|D07,confidence_blend_alpha_0.75,S5,grasp_protocol,D07,0.8154761904761905,0.8154761904761905,0.8122959445147896,0.8122959445147896,0.39187071195482676,0.7836627139803489,0.3319974000454157,0.071533517665862,0.071533517665862,0.17857142857142858,0.17857142857142858,0.022663846557525506,12500.0,168,168,cemhsey_forward_day_logo
cemhsey,cemhsey_forward_day_logo|D07,selective_prediction,S5,grasp_protocol,D07,0.7857142857142857,0.7857142857142857,0.7665910495165157,0.7665910495165157,0.39686085082429634,0.8406214496290674,0.26821199082860414,0.06889120731639106,0.06889120731639106,0.015873015873015872,0.015873015873015872,0.002139202012391652,12500.0,504,504,cemhsey_forward_day_logo
cemhsey,cemhsey_forward_day_logo|D07,set_acsa_tau_0.02,S5,grasp_protocol,D07,0.7797619047619048,0.7797619047619049,0.7614586638916508,0.7614586638916508,0.37323787069654685,0.8016737719019948,0.27283652170860345,0.05764331830869085,0.05764331830869085,0.005952380952380952,0.005952380952380952,8.76101775031597e-05,12500.0,168,168,cemhsey_forward_day_logo
cemhsey,cemhsey_forward_day_logo|D07,agency_margin_tau_0.02,S5,grasp_protocol,D07,0.7797619047619048,0.7797619047619049,0.7614586638916508,0.7614586638916508,0.3238171653860449,1.2649668919063102,0.18231675700904587,0.05752505562659931,0.05752505562659931,0.005952380952380952,0.005952380952380952,8.76101775031597e-05,12500.0,168,168,cemhsey_forward_day_logo
cemhsey,cemhsey_forward_day_logo|D07,set_acsa_tau_0.05,S5,grasp_protocol,D07,0.7738095238095238,0.7738095238095238,0.7567681520047371,0.7567681520047371,0.37330293051837793,0.7977185626124628,0.26202490328817474,0.06230380510569536,0.06230380510569536,0.017857142857142856,0.017857142857142856,0.0005627110136532587,12500.0,168,168,cemhsey_forward_day_logo
cemhsey,cemhsey_forward_day_logo|D07,agency_margin_tau_0.05,S5,grasp_protocol,D07,0.7916666666666666,0.7916666666666667,0.7743855479184951,0.7743855479184951,0.31487726990685955,1.2364026737266902,0.1858625477818589,0.06028349794453147,0.06028349794453147,0.03571428571428571,0.03571428571428571,0.0011335138091533626,12500.0,168,168,cemhsey_forward_day_logo
cemhsey,cemhsey_forward_day_logo|D07,set_acsa_tau_0.10,S5,grasp_protocol,D07,0.7678571428571429,0.7678571428571429,0.7514580064489687,0.7514580064489687,0.36624536740855146,0.7700842530635164,0.2431541327429151,0.07040167732052657,0.07040167732052657,0.07142857142857142,0.07142857142857142,0.004476790728854665,12500.0,168,168,cemhsey_forward_day_logo
cemhsey,cemhsey_forward_day_logo|D07,agency_margin_tau_0.10,S5,grasp_protocol,D07,0.7678571428571429,0.7678571428571429,0.7528088860406863,0.7528088860406863,0.33499806239888885,1.394516543081539,0.16032027484294062,0.07043983360868286,0.07043983360868286,0.08928571428571429,0.08928571428571429,0.005725202397451428,12500.0,168,168,cemhsey_forward_day_logo
cemhsey,cemhsey_forward_day_logo|D07,set_acsa_tau_0.15,S5,grasp_protocol,D07,0.7916666666666666,0.7916666666666667,0.7797201989176651,0.7797201989176651,0.35005718994241425,0.7273086186971233,0.24104402295436148,0.06563465946067851,0.06563465946067851,0.10119047619047619,0.10119047619047619,0.008151876740553949,12500.0,168,168,cemhsey_forward_day_logo
cemhsey,cemhsey_forward_day_logo|D07,agency_margin_tau_0.15,S5,grasp_protocol,D07,0.7916666666666666,0.7916666666666667,0.7797201989176651,0.7797201989176651,0.31106828921413554,0.9227750280966753,0.1643226622220568,0.06563465946067851,0.06563465946067851,0.10119047619047619,0.10119047619047619,0.008151876740553949,12500.0,168,168,cemhsey_forward_day_logo
cemhsey,cemhsey_forward_day_logo|D07,set_acsa_tau_0.20,S5,grasp_protocol,D07,0.8095238095238095,0.8095238095238095,0.8028805841677522,0.8028805841677522,0.3389094201355774,0.6983008747912595,0.24377537962930246,0.063399549777726,0.063399549777726,0.13095238095238096,0.13095238095238096,0.013380548503988551,12500.0,168,168,cemhsey_forward_day_logo
cemhsey,cemhsey_forward_day_logo|D07,agency_margin_tau_0.20,S5,grasp_protocol,D07,0.8095238095238095,0.8095238095238095,0.8028805841677522,0.8028805841677522,0.29580726278276426,0.5937060149315156,0.16578805843372305,0.063399549777726,0.063399549777726,0.13095238095238096,0.13095238095238096,0.013380548503988551,12500.0,168,168,cemhsey_forward_day_logo
cemhsey,cemhsey_forward_day_logo|D07,user_only,S6,grasp_protocol,D07,0.7440476190476191,0.744047619047619,0.7400340429000465,0.7400340429000465,0.4621025519255883,0.9292157233945686,0.2788001380510998,0.08269187821352092,0.08269187821352092,0.0,0.0,0.0,12500.0,168,168,cemhsey_forward_day_logo
cemhsey,cemhsey_forward_day_logo|D07,assist_only,S6,grasp_protocol,D07,0.7976190476190477,0.7976190476190477,0.7913626982888277,0.7913626982888277,0.4526376401942957,0.8959146032952525,0.33650537446703976,0.07618687700744405,0.07618687700744405,0.2916666666666667,0.2916666666666667,0.03570338614994311,12500.0,168,168,cemhsey_forward_day_logo
cemhsey,cemhsey_forward_day_logo|D07,confidence_blend_alpha_0.25,S6,grasp_protocol,D07,0.7797619047619048,0.7797619047619048,0.77227819340534,0.77227819340534,0.4493239319712262,0.9007893414593893,0.31932942299630146,0.0724296652854056,0.0724296652854056,0.06547619047619048,0.06547619047619048,0.002779693049007894,12500.0,168,168,cemhsey_forward_day_logo
cemhsey,cemhsey_forward_day_logo|D07,confidence_blend_alpha_0.50,S6,grasp_protocol,D07,0.8154761904761905,0.8154761904761905,0.809209339413421,0.809209339413421,0.4434869066979305,0.887893238948423,0.36122064422388783,0.06539565270790348,0.06539565270790348,0.15476190476190477,0.15476190476190477,0.01023949292992327,12500.0,168,168,cemhsey_forward_day_logo
cemhsey,cemhsey_forward_day_logo|D07,confidence_blend_alpha_0.75,S6,grasp_protocol,D07,0.8333333333333334,0.8333333333333334,0.8305685545035717,0.8305685545035717,0.4445914761056204,0.8863687970938644,0.3788934949165191,0.06346625521517099,0.06346625521517099,0.19047619047619047,0.19047619047619047,0.014327621512617437,12500.0,168,168,cemhsey_forward_day_logo
cemhsey,cemhsey_forward_day_logo|D07,selective_prediction,S6,grasp_protocol,D07,0.746031746031746,0.746031746031746,0.7418312178454054,0.7418312178454054,0.45491391017528165,0.916820019701888,0.2752148431605144,0.07903676580615006,0.07903676580615006,0.001984126984126984,0.001984126984126984,0.00014104298871378518,12500.0,504,504,cemhsey_forward_day_logo
cemhsey,cemhsey_forward_day_logo|D07,set_acsa_tau_0.02,S6,grasp_protocol,D07,0.7619047619047619,0.7619047619047619,0.7582813181430447,0.7582813181430447,0.4196067723756913,0.8454251197626945,0.27683696924502027,0.06319656668244283,0.06319656668244283,0.017857142857142856,0.017857142857142856,0.00011502329892248842,12500.0,168,168,cemhsey_forward_day_logo
cemhsey,cemhsey_forward_day_logo|D07,agency_margin_tau_0.02,S6,grasp_protocol,D07,0.7619047619047619,0.7619047619047619,0.7579454298561851,0.7579454298561851,0.4320691018719969,2.4124742779517936,0.2729609175508828,0.06509703586218042,0.06509703586218042,0.023809523809523808,0.023809523809523808,0.000129487815445181,12500.0,168,168,cemhsey_forward_day_logo
cemhsey,cemhsey_forward_day_logo|D07,set_acsa_tau_0.05,S6,grasp_protocol,D07,0.7678571428571429,0.7678571428571429,0.7634912341319922,0.7634912341319922,0.418778586120994,0.8412061604080198,0.27908666362411555,0.0635771720822094,0.0635771720822094,0.041666666666666664,0.041666666666666664,0.001009887226670079,12500.0,168,168,cemhsey_forward_day_logo
cemhsey,cemhsey_forward_day_logo|D07,agency_margin_tau_0.05,S6,grasp_protocol,D07,0.7678571428571429,0.7678571428571429,0.7632535614231571,0.7632535614231571,0.42169196591003616,2.2613128247576126,0.2545498333110671,0.06528827900219268,0.06528827900219268,0.047619047619047616,0.047619047619047616,0.0010243517431927716,12500.0,168,168,cemhsey_forward_day_logo
cemhsey,cemhsey_forward_day_logo|D07,set_acsa_tau_0.10,S6,grasp_protocol,D07,0.7976190476190477,0.7976190476190476,0.7921668900825333,0.7921668900825333,0.4079735531097254,0.817474773186971,0.2893028684644589,0.05747484320271214,0.05747484320271214,0.10119047619047619,0.10119047619047619,0.005323481121036274,12500.0,168,168,cemhsey_forward_day_logo
cemhsey,cemhsey_forward_day_logo|D07,agency_margin_tau_0.10,S6,grasp_protocol,D07,0.7976190476190477,0.7976190476190476,0.7921668900825333,0.7921668900825333,0.39456294517910984,1.6265488849026946,0.26005384587815683,0.057732565434679355,0.057732565434679355,0.10119047619047619,0.10119047619047619,0.005323481121036274,12500.0,168,168,cemhsey_forward_day_logo
cemhsey,cemhsey_forward_day_logo|D07,set_acsa_tau_0.15,S6,grasp_protocol,D07,0.7916666666666666,0.7916666666666667,0.78531203178946,0.78531203178946,0.4108750228473732,0.8219708485946048,0.2769226092604964,0.06593682342805743,0.06593682342805743,0.13095238095238096,0.13095238095238096,0.009075365203972202,12500.0,168,168,cemhsey_forward_day_logo
cemhsey,cemhsey_forward_day_logo|D07,agency_margin_tau_0.15,S6,grasp_protocol,D07,0.7916666666666666,0.7916666666666667,0.78531203178946,0.78531203178946,0.40475157712317716,1.7958298637475605,0.25245404188086173,0.0661893622449204,0.0661893622449204,0.13095238095238096,0.13095238095238096,0.009075365203972202,12500.0,168,168,cemhsey_forward_day_logo
cemhsey,cemhsey_forward_day_logo|D07,set_acsa_tau_0.20,S6,grasp_protocol,D07,0.8214285714285714,0.8214285714285714,0.8157632331096136,0.8157632331096136,0.39896007891027374,0.796924667700108,0.3017828826518512,0.05666939900333291,0.05666939900333291,0.16666666666666666,0.16666666666666666,0.0154077548934405,12500.0,168,168,cemhsey_forward_day_logo
cemhsey,cemhsey_forward_day_logo|D07,agency_margin_tau_0.20,S6,grasp_protocol,D07,0.8214285714285714,0.8214285714285714,0.8157632331096136,0.8157632331096136,0.36773920525181203,1.0059577348827222,0.2534672709943497,0.05666939900333291,0.05666939900333291,0.16666666666666666,0.16666666666666666,0.0154077548934405,12500.0,168,168,cemhsey_forward_day_logo
cemhsey,cemhsey_forward_day_logo|D07,user_only,S7,grasp_protocol,D07,0.4880952380952381,0.4880952380952381,0.4429903066778792,0.4429903066778792,0.6710405867924528,1.4637335521372536,0.1754997825490356,0.27150239404684245,0.27150239404684245,0.0,0.0,0.0,12500.0,168,168,cemhsey_forward_day_logo
cemhsey,cemhsey_forward_day_logo|D07,assist_only,S7,grasp_protocol,D07,0.625,0.625,0.5733718487394958,0.5733718487394958,0.6818704419878926,1.4845069419659742,0.33073532369582687,0.21257379333860382,0.21257379333860382,0.375,0.375,0.03699806576923316,12500.0,168,168,cemhsey_forward_day_logo
cemhsey,cemhsey_forward_day_logo|D07,confidence_blend_alpha_0.25,S7,grasp_protocol,D07,0.5059523809523809,0.5059523809523809,0.44578918842686976,0.44578918842686976,0.6670311932218521,1.4540684250441067,0.19534419820312238,0.2525248842353717,0.2525248842353717,0.07142857142857142,0.07142857142857142,0.0010993010708119663,12500.0,168,168,cemhsey_forward_day_logo
cemhsey,cemhsey_forward_day_logo|D07,confidence_blend_alpha_0.50,S7,grasp_protocol,D07,0.5476190476190477,0.5476190476190477,0.4897841214789123,0.4897841214789123,0.6674997045642252,1.45510093342881,0.25437385272850077,0.22360888658339664,0.22360888658339664,0.17857142857142858,0.17857142857142858,0.006797809516808796,12500.0,168,168,cemhsey_forward_day_logo
cemhsey,cemhsey_forward_day_logo|D07,confidence_blend_alpha_0.75,S7,grasp_protocol,D07,0.6130952380952381,0.613095238095238,0.5554915190663156,0.5554915190663156,0.672446120819572,1.465271691217502,0.31107590783259514,0.21037916298266127,0.21037916298266127,0.27976190476190477,0.27976190476190477,0.02062132542002853,12500.0,168,168,cemhsey_forward_day_logo
cemhsey,cemhsey_forward_day_logo|D07,selective_prediction,S7,grasp_protocol,D07,0.4880952380952381,0.4880952380952381,0.4429903066778792,0.4429903066778792,0.6676763576047403,1.4576697079995695,0.1721876435515755,0.26849469784527336,0.26849469784527336,0.0,0.0,0.0,12500.0,504,504,cemhsey_forward_day_logo
cemhsey,cemhsey_forward_day_logo|D07,set_acsa_tau_0.02,S7,grasp_protocol,D07,0.4880952380952381,0.4880952380952381,0.43352732876857364,0.43352732876857364,0.6554272195888563,1.4330289176825803,0.18575066975918123,0.2528549837059095,0.2528549837059095,0.02976190476190476,0.02976190476190476,0.00010089505448052673,12500.0,168,168,cemhsey_forward_day_logo
cemhsey,cemhsey_forward_day_logo|D07,agency_margin_tau_0.02,S7,grasp_protocol,D07,0.4880952380952381,0.4880952380952381,0.43352732876857364,0.43352732876857364,0.6562090284625738,2.4210316039200883,0.15964214332121088,0.2529846147405566,0.2529846147405566,0.02976190476190476,0.02976190476190476,0.00010089505448052673,12500.0,168,168,cemhsey_forward_day_logo
cemhsey,cemhsey_forward_day_logo|D07,set_acsa_tau_0.05,S7,grasp_protocol,D07,0.5119047619047619,0.511904761904762,0.4535969667449402,0.4535969667449402,0.6519938139309638,1.4262768141091526,0.1826428103666554,0.24526259417067048,0.24526259417067048,0.05952380952380952,0.05952380952380952,0.0010930672026149555,12500.0,168,168,cemhsey_forward_day_logo
cemhsey,cemhsey_forward_day_logo|D07,agency_margin_tau_0.05,S7,grasp_protocol,D07,0.5119047619047619,0.511904761904762,0.4535969667449402,0.4535969667449402,0.6328396060183513,2.2418696007175276,0.1375468845240829,0.24547488786470206,0.24547488786470206,0.05952380952380952,0.05952380952380952,0.0010930672026149555,12500.0,168,168,cemhsey_forward_day_logo
cemhsey,cemhsey_forward_day_logo|D07,set_acsa_tau_0.10,S7,grasp_protocol,D07,0.5357142857142857,0.5357142857142857,0.47387436143291445,0.47387436143291445,0.6472058951836365,1.4148958796798519,0.18472189379621765,0.23754967577642622,0.23754967577642622,0.08928571428571429,0.08928571428571429,0.003520102645842046,12500.0,168,168,cemhsey_forward_day_logo
cemhsey,cemhsey_forward_day_logo|D07,agency_margin_tau_0.10,S7,grasp_protocol,D07,0.5357142857142857,0.5357142857142857,0.47387436143291445,0.47387436143291445,0.6275255066373281,2.2352715309954836,0.15927391584791084,0.237759824358,0.237759824358,0.08928571428571429,0.08928571428571429,0.003520102645842046,12500.0,168,168,cemhsey_forward_day_logo
cemhsey,cemhsey_forward_day_logo|D07,set_acsa_tau_0.15,S7,grasp_protocol,D07,0.5357142857142857,0.5357142857142857,0.47436134282507997,0.47436134282507997,0.6482941443397521,1.4170374354675839,0.17540251849990585,0.23918919909074118,0.23918919909074118,0.1130952380952381,0.1130952380952381,0.006388357409055005,12500.0,168,168,cemhsey_forward_day_logo
cemhsey,cemhsey_forward_day_logo|D07,agency_margin_tau_0.15,S7,grasp_protocol,D07,0.5357142857142857,0.5357142857142857,0.47436134282507997,0.47436134282507997,0.6319523721060405,1.8110020086386984,0.16981979724201993,0.23918919909074118,0.23918919909074118,0.1130952380952381,0.1130952380952381,0.006388357409055005,12500.0,168,168,cemhsey_forward_day_logo
cemhsey,cemhsey_forward_day_logo|D07,set_acsa_tau_0.20,S7,grasp_protocol,D07,0.5357142857142857,0.5357142857142857,0.47436134282507997,0.47436134282507997,0.6482941443397521,1.4170374354675839,0.17540251849990585,0.23918919909074118,0.23918919909074118,0.1130952380952381,0.1130952380952381,0.006388357409055005,12500.0,168,168,cemhsey_forward_day_logo
cemhsey,cemhsey_forward_day_logo|D07,agency_margin_tau_0.20,S7,grasp_protocol,D07,0.5357142857142857,0.5357142857142857,0.47436134282507997,0.47436134282507997,0.6369004623336442,1.3891356072991008,0.15700965452426632,0.23918919909074118,0.23918919909074118,0.1130952380952381,0.1130952380952381,0.006388357409055005,12500.0,168,168,cemhsey_forward_day_logo
cemhsey,cemhsey_forward_day_logo|D07,user_only,S8,grasp_protocol,D07,0.23214285714285715,0.23214285714285715,0.19314683600397883,0.19314683600397883,0.8087789839223535,1.6391386785326372,0.14316264074497456,0.7399434005141781,0.7399434005141781,0.0,0.0,0.0,12500.0,168,168,cemhsey_forward_day_logo
cemhsey,cemhsey_forward_day_logo|D07,assist_only,S8,grasp_protocol,D07,0.3392857142857143,0.3392857142857143,0.30449111309929894,0.30449111309929894,0.748771893208016,1.545677373106336,0.033328524234021696,0.6121444518485969,0.6121444518485969,0.5535714285714286,0.5535714285714286,0.10704682722376745,12500.0,168,168,cemhsey_forward_day_logo
cemhsey,cemhsey_forward_day_logo|D07,confidence_blend_alpha_0.25,S8,grasp_protocol,D07,0.25595238095238093,0.25595238095238093,0.21122865637298124,0.21122865637298124,0.779287473011497,1.5675248672571795,0.1091394893170086,0.6886392836268408,0.6886392836268408,0.10714285714285714,0.10714285714285714,0.003945235312160854,12500.0,168,168,cemhsey_forward_day_logo
cemhsey,cemhsey_forward_day_logo|D07,confidence_blend_alpha_0.50,S8,grasp_protocol,D07,0.2916666666666667,0.2916666666666667,0.2426050323836805,0.2426050323836805,0.7594557875888176,1.5311341653284205,0.07546304638614065,0.6361446767221283,0.6361446767221283,0.27380952380952384,0.27380952380952384,0.023383109163286855,12500.0,168,168,cemhsey_forward_day_logo
cemhsey,cemhsey_forward_day_logo|D07,confidence_blend_alpha_0.75,S8,grasp_protocol,D07,0.3273809523809524,0.32738095238095244,0.27131912814753695,0.27131912814753695,0.7492839276543238,1.5200420532810424,0.042099433015034216,0.6062322733511538,0.6062322733511538,0.40476190476190477,0.40476190476190477,0.06153229037710638,12500.0,168,168,cemhsey_forward_day_logo
cemhsey,cemhsey_forward_day_logo|D07,selective_prediction,S8,grasp_protocol,D07,0.23412698412698413,0.23412698412698413,0.19455422618110974,0.19455422618110974,0.8077114653233192,1.6371533723923442,0.14191615751788933,0.7341278137750826,0.7341278137750826,0.001984126984126984,0.001984126984126984,5.399434430927994e-05,12500.0,504,504,cemhsey_forward_day_logo
cemhsey,cemhsey_forward_day_logo|D07,set_acsa_tau_0.02,S8,grasp_protocol,D07,0.24404761904761904,0.24404761904761904,0.20290630713351115,0.20290630713351115,0.8207343136295855,1.713174804820617,0.14846629305886902,0.7288322771833757,0.7288322771833757,0.011904761904761904,0.011904761904761904,0.00013110623179540072,12500.0,168,168,cemhsey_forward_day_logo
cemhsey,cemhsey_forward_day_logo|D07,agency_margin_tau_0.02,S8,grasp_protocol,D07,0.24404761904761904,0.24404761904761904,0.20290630713351115,0.20290630713351115,0.9039819179752103,4.6350024377229415,0.26420757691272023,0.7282187530049435,0.7282187530049435,0.011904761904761904,0.011904761904761904,0.00013110623179540072,12500.0,168,168,cemhsey_forward_day_logo
cemhsey,cemhsey_forward_day_logo|D07,set_acsa_tau_0.05,S8,grasp_protocol,D07,0.2619047619047619,0.2619047619047619,0.2233821733821734,0.2233821733821734,0.8134339473953293,1.698226752907011,0.1398713250642435,0.7045957723259749,0.7045957723259749,0.047619047619047616,0.047619047619047616,0.001274615300714323,12500.0,168,168,cemhsey_forward_day_logo
cemhsey,cemhsey_forward_day_logo|D07,agency_margin_tau_0.05,S8,grasp_protocol,D07,0.2619047619047619,0.2619047619047619,0.2240339026053312,0.2240339026053312,0.8999012269378471,4.936257105290305,0.24750219039941013,0.7040366052143175,0.7040366052143175,0.041666666666666664,0.041666666666666664,0.0010985142994211188,12500.0,168,168,cemhsey_forward_day_logo
cemhsey,cemhsey_forward_day_logo|D07,set_acsa_tau_0.10,S8,grasp_protocol,D07,0.25595238095238093,0.255952380952381,0.2266269569081816,0.2266269569081816,0.8172046101809155,1.705293983173688,0.14509750225748985,0.7126569348579184,0.7126569348579184,0.1130952380952381,0.1130952380952381,0.005995152579892057,12500.0,168,168,cemhsey_forward_day_logo
cemhsey,cemhsey_forward_day_logo|D07,agency_margin_tau_0.10,S8,grasp_protocol,D07,0.25595238095238093,0.255952380952381,0.22726442907793273,0.22726442907793273,0.8826481512380111,4.774472447928817,0.2481116562005281,0.7122041652059485,0.7122041652059485,0.10714285714285714,0.10714285714285714,0.005819051578598853,12500.0,168,168,cemhsey_forward_day_logo
cemhsey,cemhsey_forward_day_logo|D07,set_acsa_tau_0.15,S8,grasp_protocol,D07,0.2619047619047619,0.2619047619047619,0.2309904141330164,0.2309904141330164,0.8157919160522566,1.6971355636714474,0.14608849432636142,0.7133779063478001,0.7133779063478001,0.13095238095238096,0.13095238095238096,0.008275288809774982,12500.0,168,168,cemhsey_forward_day_logo
cemhsey,cemhsey_forward_day_logo|D07,agency_margin_tau_0.15,S8,grasp_protocol,D07,0.2619047619047619,0.2619047619047619,0.23168208374845659,0.23168208374845659,0.8494999213311842,3.5549066031228476,0.21120284612745482,0.7129313178285418,0.7129313178285418,0.125,0.125,0.008099187808481779,12500.0,168,168,cemhsey_forward_day_logo
cemhsey,cemhsey_forward_day_logo|D07,set_acsa_tau_0.20,S8,grasp_protocol,D07,0.2619047619047619,0.2619047619047619,0.2382079990208418,0.2382079990208418,0.8157489352548188,1.6955551539128284,0.14747371957861738,0.7143819194009353,0.7143819194009353,0.15476190476190477,0.15476190476190477,0.012430877193146193,12500.0,168,168,cemhsey_forward_day_logo
cemhsey,cemhsey_forward_day_logo|D07,agency_margin_tau_0.20,S8,grasp_protocol,D07,0.2619047619047619,0.2619047619047619,0.23888632996748113,0.23888632996748113,0.8264912348308032,2.2089819867303855,0.18921911722404433,0.7143819194009353,0.7143819194009353,0.1488095238095238,0.1488095238095238,0.01225477619185299,12500.0,168,168,cemhsey_forward_day_logo
cemhsey,cemhsey_forward_day_logo|D07,user_only,S9,grasp_protocol,D07,0.4226190476190476,0.4226190476190476,0.3946542586461045,0.3946542586461045,0.7316887251089432,1.5596233965875779,0.12488295967187409,0.4419353244885016,0.4419353244885016,0.0,0.0,0.0,12500.0,168,168,cemhsey_forward_day_logo
cemhsey,cemhsey_forward_day_logo|D07,assist_only,S9,grasp_protocol,D07,0.40476190476190477,0.40476190476190477,0.37255552418595894,0.37255552418595894,0.7568713840735074,1.6518841004546831,0.10694602180064805,0.43771082856542437,0.43771082856542437,0.5773809523809523,0.5773809523809523,0.08401012715550125,12500.0,168,168,cemhsey_forward_day_logo
cemhsey,cemhsey_forward_day_logo|D07,confidence_blend_alpha_0.25,S9,grasp_protocol,D07,0.44642857142857145,0.44642857142857145,0.41729404425942407,0.41729404425942407,0.725949163083429,1.5538844958700455,0.14612825315889677,0.4033729719518851,0.4033729719518851,0.1488095238095238,0.1488095238095238,0.0035653594996384423,12500.0,168,168,cemhsey_forward_day_logo
cemhsey,cemhsey_forward_day_logo|D07,confidence_blend_alpha_0.50,S9,grasp_protocol,D07,0.44642857142857145,0.44642857142857134,0.4119669728356459,0.4119669728356459,0.7282330855690218,1.566468657258434,0.15642789657180076,0.3846756094245268,0.3846756094245268,0.2976190476190476,0.2976190476190476,0.0177608737635083,12500.0,168,168,cemhsey_forward_day_logo
cemhsey,cemhsey_forward_day_logo|D07,confidence_blend_alpha_0.75,S9,grasp_protocol,D07,0.43452380952380953,0.4345238095238095,0.4065660837706101,0.4065660837706101,0.7385404925657146,1.5972312935207673,0.1456469402775033,0.37950316666679124,0.37950316666679124,0.40476190476190477,0.40476190476190477,0.040051112420990596,12500.0,168,168,cemhsey_forward_day_logo
cemhsey,cemhsey_forward_day_logo|D07,selective_prediction,S9,grasp_protocol,D07,0.4226190476190476,0.4226190476190476,0.3946542586461045,0.3946542586461045,0.7316887251089432,1.5596233965875783,0.12488295967187414,0.44082282522824306,0.44082282522824306,0.0,0.0,0.0,12500.0,504,504,cemhsey_forward_day_logo
cemhsey,cemhsey_forward_day_logo|D07,set_acsa_tau_0.02,S9,grasp_protocol,D07,0.42857142857142855,0.42857142857142855,0.4008227747376821,0.4008227747376821,0.7195793191247791,1.533937056834137,0.11234053580604178,0.3843845861671477,0.3843845861671477,0.05357142857142857,0.05357142857142857,0.0005842181261160522,12500.0,168,168,cemhsey_forward_day_logo
cemhsey,cemhsey_forward_day_logo|D07,agency_margin_tau_0.02,S9,grasp_protocol,D07,0.43452380952380953,0.4345238095238096,0.4075865700841158,0.4075865700841158,0.7226390317949638,3.513054315090098,0.13819050264733831,0.3823814495524315,0.3823814495524315,0.06547619047619048,0.06547619047619048,0.0007444561833424184,12500.0,168,168,cemhsey_forward_day_logo
cemhsey,cemhsey_forward_day_logo|D07,set_acsa_tau_0.05,S9,grasp_protocol,D07,0.4107142857142857,0.4107142857142857,0.3808326360847369,0.3808326360847369,0.7242765182885658,1.5516398927974553,0.09541209639120092,0.39144196926738223,0.39144196926738223,0.11904761904761904,0.11904761904761904,0.0030823884036604737,12500.0,168,168,cemhsey_forward_day_logo
cemhsey,cemhsey_forward_day_logo|D07,agency_margin_tau_0.05,S9,grasp_protocol,D07,0.4166666666666667,0.41666666666666663,0.3874816314882273,0.3874816314882273,0.7115299979801316,3.6372047846252333,0.11898030203994661,0.38846983470934066,0.38846983470934066,0.13095238095238096,0.13095238095238096,0.00324262646088684,12500.0,168,168,cemhsey_forward_day_logo
cemhsey,cemhsey_forward_day_logo|D07,set_acsa_tau_0.10,S9,grasp_protocol,D07,0.40476190476190477,0.4047619047619047,0.3718091558598549,0.3718091558598549,0.7248222027784097,1.5544311408395646,0.08745285731757498,0.4008128853483613,0.4008128853483613,0.19642857142857142,0.19642857142857142,0.00880552960686968,12500.0,168,168,cemhsey_forward_day_logo
cemhsey,cemhsey_forward_day_logo|D07,agency_margin_tau_0.10,S9,grasp_protocol,D07,0.40476190476190477,0.4047619047619047,0.3722698846159672,0.3722698846159672,0.7068631428125342,2.7698116453606807,0.07415750680236814,0.39883152102704067,0.39883152102704067,0.20238095238095238,0.20238095238095238,0.008907717961149317,12500.0,168,168,cemhsey_forward_day_logo
cemhsey,cemhsey_forward_day_logo|D07,set_acsa_tau_0.15,S9,grasp_protocol,D07,0.4166666666666667,0.41666666666666663,0.3824887530769884,0.3824887530769884,0.7217257632486408,1.553246186650863,0.10345235918664039,0.39653248920098316,0.39653248920098316,0.24404761904761904,0.24404761904761904,0.014748395013362316,12500.0,168,168,cemhsey_forward_day_logo
cemhsey,cemhsey_forward_day_logo|D07,agency_margin_tau_0.15,S9,grasp_protocol,D07,0.4166666666666667,0.41666666666666663,0.3824887530769884,0.3824887530769884,0.7056657196389632,1.7733228338969922,0.078725003017229,0.39653248920098316,0.39653248920098316,0.24404761904761904,0.24404761904761904,0.014748395013362316,12500.0,168,168,cemhsey_forward_day_logo
cemhsey,cemhsey_forward_day_logo|D07,set_acsa_tau_0.20,S9,grasp_protocol,D07,0.39880952380952384,0.3988095238095238,0.35759379509379513,0.35759379509379513,0.7263503664692154,1.5649937946705488,0.11289551018613625,0.4025243983431509,0.4025243983431509,0.26785714285714285,0.26785714285714285,0.019132415580807895,12500.0,168,168,cemhsey_forward_day_logo
cemhsey,cemhsey_forward_day_logo|D07,agency_margin_tau_0.20,S9,grasp_protocol,D07,0.39880952380952384,0.3988095238095238,0.35759379509379513,0.35759379509379513,0.7230483565537034,1.8256816751156586,0.10260599300296298,0.4025243983431509,0.4025243983431509,0.26785714285714285,0.26785714285714285,0.019132415580807895,12500.0,168,168,cemhsey_forward_day_logo
cemhsey,cemhsey_forward_day_logo|D07,user_only,S11,grasp_protocol,D07,0.7380952380952381,0.738095238095238,0.7263788682595195,0.7263788682595195,0.436798520616012,0.9019773102083748,0.23688086194412553,0.08540384515482895,0.08540384515482895,0.0,0.0,0.0,12500.0,168,168,cemhsey_forward_day_logo
cemhsey,cemhsey_forward_day_logo|D07,assist_only,S11,grasp_protocol,D07,0.875,0.875,0.8725072000279142,0.8725072000279142,0.4147484758442325,0.8223308207402188,0.41687168556030774,0.0226196774650301,0.0226196774650301,0.25595238095238093,0.25595238095238093,0.03850165096324892,12500.0,168,168,cemhsey_forward_day_logo
cemhsey,cemhsey_forward_day_logo|D07,confidence_blend_alpha_0.25,S11,grasp_protocol,D07,0.8154761904761905,0.8154761904761905,0.8052646253332829,0.8052646253332829,0.4170206566183122,0.849794768449037,0.3336799032278859,0.05626724099393235,0.05626724099393235,0.08928571428571429,0.08928571428571429,0.004470146017529285,12500.0,168,168,cemhsey_forward_day_logo
cemhsey,cemhsey_forward_day_logo|D07,confidence_blend_alpha_0.50,S11,grasp_protocol,D07,0.8452380952380952,0.8452380952380951,0.8374274494931538,0.8374274494931538,0.40675302782381806,0.8255435818547854,0.37651254806913625,0.036147159555004325,0.036147159555004325,0.16666666666666666,0.16666666666666666,0.014963310302385053,12500.0,168,168,cemhsey_forward_day_logo
cemhsey,cemhsey_forward_day_logo|D07,confidence_blend_alpha_0.75,S11,grasp_protocol,D07,0.8928571428571429,0.8928571428571429,0.8896893671829733,0.8896893671829733,0.4059956342324582,0.8174035395766976,0.4315521166024631,0.02011877981597966,0.02011877981597966,0.20238095238095238,0.20238095238095238,0.02521508898685435,12500.0,168,168,cemhsey_forward_day_logo
cemhsey,cemhsey_forward_day_logo|D07,selective_prediction,S11,grasp_protocol,D07,0.7440476190476191,0.7440476190476188,0.7318904952258869,0.7318904952258869,0.42881528220617077,0.8881011929902075,0.23651795267780812,0.07987341306836898,0.07987341306836898,0.005952380952380952,0.005952380952380952,0.0006534643687763289,12500.0,504,504,cemhsey_forward_day_logo
cemhsey,cemhsey_forward_day_logo|D07,set_acsa_tau_0.02,S11,grasp_protocol,D07,0.7559523809523809,0.7559523809523808,0.7451331817342685,0.7451331817342685,0.39818485520992813,0.8292658076115764,0.26852726266378063,0.060962172313441844,0.060962172313441844,0.017857142857142856,0.017857142857142856,0.00019172326158285174,12500.0,168,168,cemhsey_forward_day_logo
cemhsey,cemhsey_forward_day_logo|D07,agency_margin_tau_0.02,S11,grasp_protocol,D07,0.7559523809523809,0.7559523809523808,0.7457827837775987,0.7457827837775987,0.35658254672718603,1.45620093770505,0.15750174254552676,0.06165377047760856,0.06165377047760856,0.023809523809523808,0.023809523809523808,0.0002504213148404508,12500.0,168,168,cemhsey_forward_day_logo
cemhsey,cemhsey_forward_day_logo|D07,set_acsa_tau_0.05,S11,grasp_protocol,D07,0.7678571428571429,0.7678571428571429,0.7542501978139489,0.7542501978139489,0.3911126156482469,0.8152614816781216,0.26247204288385306,0.057717257778646995,0.057717257778646995,0.05357142857142857,0.05357142857142857,0.0014329067304521795,12500.0,168,168,cemhsey_forward_day_logo
cemhsey,cemhsey_forward_day_logo|D07,agency_margin_tau_0.05,S11,grasp_protocol,D07,0.7678571428571429,0.7678571428571429,0.7553082404964898,0.7553082404964898,0.3485596220554794,1.2884557036599527,0.17871861835234615,0.05775517103312076,0.05775517103312076,0.06547619047619048,0.06547619047619048,0.0016777360011458696,12500.0,168,168,cemhsey_forward_day_logo
cemhsey,cemhsey_forward_day_logo|D07,set_acsa_tau_0.10,S11,grasp_protocol,D07,0.8154761904761905,0.8154761904761906,0.8050418337718163,0.8050418337718163,0.37336464298926686,0.7797753400941,0.2901224808823896,0.04807536280999953,0.04807536280999953,0.10119047619047619,0.10119047619047619,0.004819003886406439,12500.0,168,168,cemhsey_forward_day_logo
cemhsey,cemhsey_forward_day_logo|D07,agency_margin_tau_0.10,S11,grasp_protocol,D07,0.8154761904761905,0.8154761904761906,0.806797716647238,0.806797716647238,0.32527001423617075,1.0998422953021059,0.18113706535780216,0.048112334120262765,0.048112334120262765,0.11904761904761904,0.11904761904761904,0.005745448766168994,12500.0,168,168,cemhsey_forward_day_logo
cemhsey,cemhsey_forward_day_logo|D07,set_acsa_tau_0.15,S11,grasp_protocol,D07,0.8452380952380952,0.8452380952380951,0.8369757921057511,0.8369757921057511,0.35956693990720306,0.7429428305071988,0.30035531207492827,0.04466756742969184,0.04466756742969184,0.13095238095238096,0.13095238095238096,0.008455482495738203,12500.0,168,168,cemhsey_forward_day_logo
cemhsey,cemhsey_forward_day_logo|D07,agency_margin_tau_0.15,S11,grasp_protocol,D07,0.8452380952380952,0.8452380952380951,0.8369757921057511,0.8369757921057511,0.3111440647417722,0.6292718355036089,0.2211732186330322,0.04466756742969184,0.04466756742969184,0.13095238095238096,0.13095238095238096,0.008455482495738203,12500.0,168,168,cemhsey_forward_day_logo
cemhsey,cemhsey_forward_day_logo|D07,set_acsa_tau_0.20,S11,grasp_protocol,D07,0.8452380952380952,0.8452380952380951,0.8369757921057511,0.8369757921057511,0.35956693990720306,0.7429428305071988,0.30035531207492827,0.04466756742969184,0.04466756742969184,0.13095238095238096,0.13095238095238096,0.008455482495738203,12500.0,168,168,cemhsey_forward_day_logo
cemhsey,cemhsey_forward_day_logo|D07,agency_margin_tau_0.20,S11,grasp_protocol,D07,0.8452380952380952,0.8452380952380951,0.8369757921057511,0.8369757921057511,0.3264961234279485,0.663197622732722,0.2449883225067537,0.04466756742969184,0.04466756742969184,0.13095238095238096,0.13095238095238096,0.008455482495738203,12500.0,168,168,cemhsey_forward_day_logo
cemhsey,cemhsey_forward_day_logo|D07,user_only,S12,grasp_protocol,D07,0.7261904761904762,0.7261904761904763,0.7222702569399854,0.7222702569399854,0.49791028966556283,1.0552345713505027,0.3110681234477868,0.07631966725233885,0.07631966725233885,0.0,0.0,0.0,12500.0,168,168,cemhsey_forward_day_logo
cemhsey,cemhsey_forward_day_logo|D07,assist_only,S12,grasp_protocol,D07,0.7559523809523809,0.7559523809523808,0.7522640855486448,0.7522640855486448,0.5087913523707449,1.0294250483042497,0.35756775575695776,0.0942870119504081,0.0942870119504081,0.31547619047619047,0.31547619047619047,0.038790931320994995,12500.0,168,168,cemhsey_forward_day_logo
cemhsey,cemhsey_forward_day_logo|D07,confidence_blend_alpha_0.25,S12,grasp_protocol,D07,0.8035714285714286,0.8035714285714286,0.7949298858812787,0.7949298858812787,0.49020477039562443,1.0242320036835324,0.3847359748822016,0.058154016147246974,0.058154016147246974,0.1130952380952381,0.1130952380952381,0.003946880759981445,12500.0,168,168,cemhsey_forward_day_logo
cemhsey,cemhsey_forward_day_logo|D07,confidence_blend_alpha_0.50,S12,grasp_protocol,D07,0.8095238095238095,0.8095238095238094,0.8003595576076019,0.8003595576076019,0.4894497744232129,1.0125135590337502,0.39959166912306515,0.05156055332233855,0.05156055332233855,0.21428571428571427,0.21428571428571427,0.013101857836064228,12500.0,168,168,cemhsey_forward_day_logo
cemhsey,cemhsey_forward_day_logo|D07,confidence_blend_alpha_0.75,S12,grasp_protocol,D07,0.8035714285714286,0.8035714285714286,0.7960014443264346,0.7960014443264346,0.49564530174825316,1.0146116863556829,0.406175501237376,0.06260478312589765,0.06260478312589765,0.2619047619047619,0.2619047619047619,0.023355152931386132,12500.0,168,168,cemhsey_forward_day_logo
cemhsey,cemhsey_forward_day_logo|D07,selective_prediction,S12,grasp_protocol,D07,0.7301587301587301,0.7301587301587302,0.7257399368286489,0.7257399368286489,0.4926494544251914,1.045794798842563,0.30992100787416016,0.07336850523510248,0.07336850523510248,0.003968253968253968,0.003968253968253968,0.0001598319781863301,12500.0,504,504,cemhsey_forward_day_logo
cemhsey,cemhsey_forward_day_logo|D07,set_acsa_tau_0.02,S12,grasp_protocol,D07,0.75,0.75,0.7443841819005067,0.7443841819005067,0.4588683270864385,0.9771018662277711,0.3155364598066986,0.06014632601906568,0.06014632601906568,0.041666666666666664,0.041666666666666664,0.0003945703945561637,12500.0,168,168,cemhsey_forward_day_logo
cemhsey,cemhsey_forward_day_logo|D07,agency_margin_tau_0.02,S12,grasp_protocol,D07,0.75,0.75,0.7443841819005067,0.7443841819005067,0.4271538055834768,1.7593725401761757,0.23569114754676174,0.059918645403561295,0.059918645403561295,0.041666666666666664,0.041666666666666664,0.0003945703945561637,12500.0,168,168,cemhsey_forward_day_logo
cemhsey,cemhsey_forward_day_logo|D07,set_acsa_tau_0.05,S12,grasp_protocol,D07,0.7559523809523809,0.755952380952381,0.7504312283192206,0.7504312283192206,0.45593202325812543,0.9678765532045797,0.3110552851913991,0.0599005915225013,0.0599005915225013,0.05952380952380952,0.05952380952380952,0.0011677020421504921,12500.0,168,168,cemhsey_forward_day_logo
cemhsey,cemhsey_forward_day_logo|D07,agency_margin_tau_0.05,S12,grasp_protocol,D07,0.7559523809523809,0.755952380952381,0.7504312283192206,0.7504312283192206,0.42779736875577246,1.7630906678318998,0.2374813961093215,0.05963472311774328,0.05963472311774328,0.05952380952380952,0.05952380952380952,0.0011677020421504921,12500.0,168,168,cemhsey_forward_day_logo
cemhsey,cemhsey_forward_day_logo|D07,set_acsa_tau_0.10,S12,grasp_protocol,D07,0.7738095238095238,0.7738095238095238,0.76170276305456,0.76170276305456,0.43867097643024555,0.9226963465138149,0.3083424581088335,0.05827904916894337,0.05827904916894337,0.14285714285714285,0.14285714285714285,0.006923745562844643,12500.0,168,168,cemhsey_forward_day_logo
cemhsey,cemhsey_forward_day_logo|D07,agency_margin_tau_0.10,S12,grasp_protocol,D07,0.7738095238095238,0.7738095238095238,0.76170276305456,0.76170276305456,0.40671941463472167,1.2740014015067713,0.23925376670554016,0.05827904916894337,0.05827904916894337,0.14285714285714285,0.14285714285714285,0.006923745562844643,12500.0,168,168,cemhsey_forward_day_logo
cemhsey,cemhsey_forward_day_logo|D07,set_acsa_tau_0.15,S12,grasp_protocol,D07,0.7916666666666666,0.7916666666666667,0.7817328568088447,0.7817328568088447,0.43199227994303124,0.9083889712216363,0.3243499638934928,0.05457956131016366,0.05457956131016366,0.16071428571428573,0.16071428571428573,0.00901511804746418,12500.0,168,168,cemhsey_forward_day_logo
cemhsey,cemhsey_forward_day_logo|D07,agency_margin_tau_0.15,S12,grasp_protocol,D07,0.7916666666666666,0.7916666666666667,0.7817328568088447,0.7817328568088447,0.40517413287576654,0.8322235595969022,0.27843352656169645,0.05457956131016366,0.05457956131016366,0.16071428571428573,0.16071428571428573,0.00901511804746418,12500.0,168,168,cemhsey_forward_day_logo
cemhsey,cemhsey_forward_day_logo|D07,set_acsa_tau_0.20,S12,grasp_protocol,D07,0.8035714285714286,0.8035714285714285,0.7933124018838305,0.7933124018838305,0.4262585514045081,0.88948126013127,0.33270619288222736,0.05333658123511339,0.05333658123511339,0.17261904761904762,0.17261904761904762,0.011185587914025404,12500.0,168,168,cemhsey_forward_day_logo
cemhsey,cemhsey_forward_day_logo|D07,agency_margin_tau_0.20,S12,grasp_protocol,D07,0.8035714285714286,0.8035714285714285,0.7933124018838305,0.7933124018838305,0.4071443756078021,0.8337488399646068,0.2990046636044229,0.05333658123511339,0.05333658123511339,0.17261904761904762,0.17261904761904762,0.011185587914025404,12500.0,168,168,cemhsey_forward_day_logo
cemhsey,cemhsey_forward_day_logo|D07,user_only,S13,grasp_protocol,D07,0.7619047619047619,0.761904761904762,0.7614922659942485,0.7614922659942485,0.4562218750302494,0.9524366812125434,0.2961813595495736,0.07858961518840861,0.07858961518840861,0.0,0.0,0.0,12500.0,168,168,cemhsey_forward_day_logo
cemhsey,cemhsey_forward_day_logo|D07,assist_only,S13,grasp_protocol,D07,0.8095238095238095,0.8095238095238094,0.7897196776300592,0.7897196776300592,0.4535540178668456,0.9396509299973217,0.40771944109448593,0.03307086456081555,0.03307086456081555,0.2916666666666667,0.2916666666666667,0.058255795723901826,12500.0,168,168,cemhsey_forward_day_logo
cemhsey,cemhsey_forward_day_logo|D07,confidence_blend_alpha_0.25,S13,grasp_protocol,D07,0.8095238095238095,0.8095238095238095,0.8090804186914026,0.8090804186914026,0.4428343996349951,0.9175052104608228,0.3582869885486236,0.04932083015410815,0.04932083015410815,0.05357142857142857,0.05357142857142857,0.0015135055828492073,12500.0,168,168,cemhsey_forward_day_logo
cemhsey,cemhsey_forward_day_logo|D07,confidence_blend_alpha_0.50,S13,grasp_protocol,D07,0.8333333333333334,0.8333333333333333,0.8311191143123916,0.8311191143123916,0.4379272649760256,0.9086753922441636,0.40094991307000755,0.030230015422857477,0.030230015422857477,0.10714285714285714,0.10714285714285714,0.008855886694017321,12500.0,168,168,cemhsey_forward_day_logo
cemhsey,cemhsey_forward_day_logo|D07,confidence_blend_alpha_0.75,S13,grasp_protocol,D07,0.8630952380952381,0.863095238095238,0.8575722150190235,0.8575722150190235,0.4415004710533092,0.9158510537643677,0.44104176763953595,0.01737824881810791,0.01737824881810791,0.16666666666666666,0.16666666666666666,0.022359913771308002,12500.0,168,168,cemhsey_forward_day_logo
cemhsey,cemhsey_forward_day_logo|D07,selective_prediction,S13,grasp_protocol,D07,0.7638888888888888,0.763888888888889,0.7633943441907965,0.7633943441907965,0.4528839428901196,0.946485984472148,0.29572409849086373,0.07632073199749617,0.07632073199749617,0.001984126984126984,0.001984126984126984,6.790196202417908e-05,12500.0,504,504,cemhsey_forward_day_logo
cemhsey,cemhsey_forward_day_logo|D07,set_acsa_tau_0.02,S13,grasp_protocol,D07,0.7797619047619048,0.7797619047619049,0.7791502538272075,0.7791502538272075,0.4016911599616128,0.8535080166582558,0.31694537793541006,0.04408462706256636,0.04408462706256636,0.017857142857142856,0.017857142857142856,0.00017509988754348035,12500.0,168,168,cemhsey_forward_day_logo
cemhsey,cemhsey_forward_day_logo|D07,agency_margin_tau_0.02,S13,grasp_protocol,D07,0.7797619047619048,0.7797619047619049,0.7791502538272075,0.7791502538272075,0.34496541335600606,1.1580800703419318,0.23054226587660612,0.04415880075378197,0.04415880075378197,0.017857142857142856,0.017857142857142856,0.00017509988754348035,12500.0,168,168,cemhsey_forward_day_logo
cemhsey,cemhsey_forward_day_logo|D07,set_acsa_tau_0.05,S13,grasp_protocol,D07,0.7976190476190477,0.7976190476190477,0.7974047302522954,0.7974047302522954,0.3973565548143444,0.8468383063661536,0.31244925873037793,0.040952829935685435,0.040952829935685435,0.041666666666666664,0.041666666666666664,0.0008470298093199429,12500.0,168,168,cemhsey_forward_day_logo
cemhsey,cemhsey_forward_day_logo|D07,agency_margin_tau_0.05,S13,grasp_protocol,D07,0.7976190476190477,0.7976190476190477,0.7974047302522954,0.7974047302522954,0.3366736588326846,0.9967273012067268,0.23432520664309775,0.040952829935685435,0.040952829935685435,0.041666666666666664,0.041666666666666664,0.0008470298093199429,12500.0,168,168,cemhsey_forward_day_logo
cemhsey,cemhsey_forward_day_logo|D07,set_acsa_tau_0.10,S13,grasp_protocol,D07,0.8095238095238095,0.8095238095238095,0.8089113948320288,0.8089113948320288,0.39317211875848423,0.838518339694835,0.3105924701733065,0.03847849828156021,0.03847849828156021,0.05357142857142857,0.05357142857142857,0.001658519105698997,12500.0,168,168,cemhsey_forward_day_logo
cemhsey,cemhsey_forward_day_logo|D07,agency_margin_tau_0.10,S13,grasp_protocol,D07,0.8095238095238095,0.8095238095238095,0.8089113948320288,0.8089113948320288,0.3322473126397645,0.702749824866624,0.2553070689798357,0.03847849828156021,0.03847849828156021,0.05357142857142857,0.05357142857142857,0.001658519105698997,12500.0,168,168,cemhsey_forward_day_logo
cemhsey,cemhsey_forward_day_logo|D07,set_acsa_tau_0.15,S13,grasp_protocol,D07,0.8214285714285714,0.8214285714285714,0.8210098135363985,0.8210098135363985,0.38582528745892747,0.8221501850575247,0.32335584122833183,0.03607350463184599,0.03607350463184599,0.07142857142857142,0.07142857142857142,0.0037529902598524897,12500.0,168,168,cemhsey_forward_day_logo
cemhsey,cemhsey_forward_day_logo|D07,agency_margin_tau_0.15,S13,grasp_protocol,D07,0.8214285714285714,0.8214285714285714,0.8210098135363985,0.8210098135363985,0.3407232021422386,0.7201836623419492,0.2896125130990849,0.03607350463184599,0.03607350463184599,0.07142857142857142,0.07142857142857142,0.0037529902598524897,12500.0,168,168,cemhsey_forward_day_logo
cemhsey,cemhsey_forward_day_logo|D07,set_acsa_tau_0.20,S13,grasp_protocol,D07,0.8333333333333334,0.8333333333333333,0.8324461267701653,0.8324461267701653,0.37947372716304556,0.8090267731842941,0.3295305684822589,0.03339479370671428,0.03339479370671428,0.08333333333333333,0.08333333333333333,0.0057531604632619585,12500.0,168,168,cemhsey_forward_day_logo
cemhsey,cemhsey_forward_day_logo|D07,agency_margin_tau_0.20,S13,grasp_protocol,D07,0.8333333333333334,0.8333333333333333,0.8324461267701653,0.8324461267701653,0.34771393807651757,0.7361261787730601,0.30603844422944565,0.03339479370671428,0.03339479370671428,0.08333333333333333,0.08333333333333333,0.0057531604632619585,12500.0,168,168,cemhsey_forward_day_logo
cemhsey,cemhsey_forward_day_logo|D08,user_only,S1,grasp_protocol,D08,0.75,0.75,0.7510337828070358,0.7510337828070358,0.3817135034436553,0.797148314629019,0.23154052432434227,0.06390006538675615,0.06390006538675615,0.0,0.0,0.0,12500.0,168,168,cemhsey_forward_day_logo
cemhsey,cemhsey_forward_day_logo|D08,assist_only,S1,grasp_protocol,D08,0.9523809523809523,0.9523809523809524,0.9521730443469574,0.9521730443469574,0.27573808043692144,0.5884632668774122,0.3695639837319993,0.00809792366054761,0.00809792366054761,0.25,0.25,0.02845544330786261,12500.0,168,168,cemhsey_forward_day_logo
cemhsey,cemhsey_forward_day_logo|D08,confidence_blend_alpha_0.25,S1,grasp_protocol,D08,0.8928571428571429,0.8928571428571429,0.8927554811184859,0.8927554811184859,0.3406926772478746,0.7068008696928141,0.3486236090498431,0.032593010022758925,0.032593010022758925,0.14285714285714285,0.14285714285714285,0.008415939710560861,12500.0,168,168,cemhsey_forward_day_logo
cemhsey,cemhsey_forward_day_logo|D08,confidence_blend_alpha_0.50,S1,grasp_protocol,D08,0.9404761904761905,0.9404761904761905,0.9398938331812864,0.9398938331812864,0.3093564980148422,0.6506391665346094,0.3871097243519322,0.015086163733703837,0.015086163733703837,0.22023809523809523,0.22023809523809523,0.019826026678570936,12500.0,168,168,cemhsey_forward_day_logo
cemhsey,cemhsey_forward_day_logo|D08,confidence_blend_alpha_0.75,S1,grasp_protocol,D08,0.9523809523809523,0.9523809523809524,0.9519844445018025,0.9519844445018025,0.2877049657445351,0.6129512188841685,0.38527314368338234,0.008703711882817957,0.008703711882817957,0.23809523809523808,0.23809523809523808,0.02478416415156665,12500.0,168,168,cemhsey_forward_day_logo
cemhsey,cemhsey_forward_day_logo|D08,selective_prediction,S1,grasp_protocol,D08,0.7837301587301587,0.7837301587301587,0.7840086519925485,0.7840086519925485,0.3455901837719509,0.7315318217493757,0.23945695144753099,0.047046355383376225,0.047046355383376225,0.03373015873015873,0.03373015873015873,0.0032302485111176927,12500.0,504,504,cemhsey_forward_day_logo
cemhsey,cemhsey_forward_day_logo|D08,set_acsa_tau_0.02,S1,grasp_protocol,D08,0.7619047619047619,0.761904761904762,0.7626246250786204,0.7626246250786204,0.33276842924630384,0.7130066865572798,0.22419648444523618,0.04501724623368821,0.04501724623368821,0.011904761904761904,0.011904761904761904,0.00019064316016611707,12500.0,168,168,cemhsey_forward_day_logo
cemhsey,cemhsey_forward_day_logo|D08,agency_margin_tau_0.02,S1,grasp_protocol,D08,0.7619047619047619,0.761904761904762,0.7626246250786204,0.7626246250786204,0.3050901904757383,1.625874614778586,0.14071763315197622,0.04455707172367377,0.04455707172367377,0.023809523809523808,0.023809523809523808,0.0003382767619422921,12500.0,168,168,cemhsey_forward_day_logo
cemhsey,cemhsey_forward_day_logo|D08,set_acsa_tau_0.05,S1,grasp_protocol,D08,0.8035714285714286,0.8035714285714286,0.8046123042779578,0.8046123042779578,0.3146063816599717,0.6761505153651747,0.23484549363023854,0.03542563449736516,0.03542563449736516,0.05357142857142857,0.05357142857142857,0.0015906123354306242,12500.0,168,168,cemhsey_forward_day_logo
cemhsey,cemhsey_forward_day_logo|D08,agency_margin_tau_0.05,S1,grasp_protocol,D08,0.8035714285714286,0.8035714285714286,0.8049699858121099,0.8049699858121099,0.27828264590016955,1.4354814169719614,0.14213319048203996,0.035019139864690414,0.035019139864690414,0.05952380952380952,0.05952380952380952,0.0016351227241601183,12500.0,168,168,cemhsey_forward_day_logo
cemhsey,cemhsey_forward_day_logo|D08,set_acsa_tau_0.10,S1,grasp_protocol,D08,0.875,0.8749999999999999,0.8744292865394135,0.8744292865394135,0.28036450794440637,0.6091976544281562,0.2686573025705248,0.02151597101312494,0.02151597101312494,0.13690476190476192,0.13690476190476192,0.0070411505164890325,12500.0,168,168,cemhsey_forward_day_logo
cemhsey,cemhsey_forward_day_logo|D08,agency_margin_tau_0.10,S1,grasp_protocol,D08,0.875,0.8749999999999999,0.874550763701707,0.874550763701707,0.23480331175085703,1.0653685561372848,0.15452382932619177,0.021210257252982655,0.021210257252982655,0.14285714285714285,0.14285714285714285,0.007546628382218807,12500.0,168,168,cemhsey_forward_day_logo
cemhsey,cemhsey_forward_day_logo|D08,set_acsa_tau_0.15,S1,grasp_protocol,D08,0.9107142857142857,0.9107142857142857,0.9097882133329005,0.9097882133329005,0.2600508959281479,0.5651982825574767,0.28327791014019216,0.017586098840668675,0.017586098840668675,0.17261904761904762,0.17261904761904762,0.011265579184399289,12500.0,168,168,cemhsey_forward_day_logo
cemhsey,cemhsey_forward_day_logo|D08,agency_margin_tau_0.15,S1,grasp_protocol,D08,0.9107142857142857,0.9107142857142857,0.9097882133329005,0.9097882133329005,0.21944720700008777,0.7389166849974558,0.18416892245432487,0.017360344171597205,0.017360344171597205,0.17261904761904762,0.17261904761904762,0.011265579184399289,12500.0,168,168,cemhsey_forward_day_logo
cemhsey,cemhsey_forward_day_logo|D08,set_acsa_tau_0.20,S1,grasp_protocol,D08,0.9226190476190477,0.9226190476190476,0.9214382896015547,0.9214382896015547,0.24779242829923223,0.5343892108914394,0.28576380123413425,0.017975110712201585,0.017975110712201585,0.20833333333333334,0.20833333333333334,0.017434723359842315,12500.0,168,168,cemhsey_forward_day_logo
cemhsey,cemhsey_forward_day_logo|D08,agency_margin_tau_0.20,S1,grasp_protocol,D08,0.9226190476190477,0.9226190476190476,0.9214382896015547,0.9214382896015547,0.2145346770828215,0.4394938443974581,0.2162303722127187,0.017975110712201585,0.017975110712201585,0.20833333333333334,0.20833333333333334,0.017434723359842315,12500.0,168,168,cemhsey_forward_day_logo
cemhsey,cemhsey_forward_day_logo|D08,user_only,S10,grasp_protocol,D08,0.5773809523809523,0.5773809523809524,0.5686702777128309,0.5686702777128309,0.5664461698625551,1.1333951617355087,0.16526100834678256,0.2296280830908542,0.2296280830908542,0.0,0.0,0.0,12500.0,168,168,cemhsey_forward_day_logo
cemhsey,cemhsey_forward_day_logo|D08,assist_only,S10,grasp_protocol,D08,0.6607142857142857,0.6607142857142857,0.6403676607140228,0.6403676607140228,0.5522704644201726,1.0661708807292354,0.2592368612328781,0.22417289708455823,0.22417289708455823,0.38095238095238093,0.38095238095238093,0.06454447332415053,12500.0,168,168,cemhsey_forward_day_logo
cemhsey,cemhsey_forward_day_logo|D08,confidence_blend_alpha_0.25,S10,grasp_protocol,D08,0.625,0.625,0.6134252813409578,0.6134252813409578,0.5499667249801314,1.0851127306995947,0.2097537638801784,0.2046017419572665,0.2046017419572665,0.09523809523809523,0.09523809523809523,0.00312761016399408,12500.0,168,168,cemhsey_forward_day_logo
cemhsey,cemhsey_forward_day_logo|D08,confidence_blend_alpha_0.50,S10,grasp_protocol,D08,0.6726190476190477,0.6726190476190476,0.6526454725875269,0.6526454725875269,0.5421109591122601,1.0637694505493682,0.2641178847750775,0.1960107962558705,0.1960107962558705,0.21428571428571427,0.21428571428571427,0.018480665734217847,12500.0,168,168,cemhsey_forward_day_logo
cemhsey,cemhsey_forward_day_logo|D08,confidence_blend_alpha_0.75,S10,grasp_protocol,D08,0.6785714285714286,0.6785714285714286,0.6586810620875697,0.6586810620875697,0.5428788722589404,1.058242384210283,0.2757184533254405,0.20304630627607945,0.20304630627607945,0.26785714285714285,0.26785714285714285,0.030132196289791083,12500.0,168,168,cemhsey_forward_day_logo
cemhsey,cemhsey_forward_day_logo|D08,selective_prediction,S10,grasp_protocol,D08,0.5793650793650794,0.5793650793650793,0.5705315702116535,0.5705315702116535,0.5648823761417471,1.1298698054396157,0.16661653527274722,0.2272601688687684,0.2272601688687684,0.001984126984126984,0.001984126984126984,0.00037193086370058563,12500.0,504,504,cemhsey_forward_day_logo
cemhsey,cemhsey_forward_day_logo|D08,set_acsa_tau_0.02,S10,grasp_protocol,D08,0.5773809523809523,0.5773809523809524,0.5645070212725005,0.5645070212725005,0.5425937476621605,1.0790548662369435,0.17921351073948336,0.20947685118419507,0.20947685118419507,0.02976190476190476,0.02976190476190476,0.0003691108275696719,12500.0,168,168,cemhsey_forward_day_logo
cemhsey,cemhsey_forward_day_logo|D08,agency_margin_tau_0.02,S10,grasp_protocol,D08,0.5773809523809523,0.5773809523809524,0.5645070212725005,0.5645070212725005,0.5715673945679143,2.8287167579561006,0.18037992037648787,0.20947685118419507,0.20947685118419507,0.02976190476190476,0.02976190476190476,0.0003691108275696719,12500.0,168,168,cemhsey_forward_day_logo
cemhsey,cemhsey_forward_day_logo|D08,set_acsa_tau_0.05,S10,grasp_protocol,D08,0.6011904761904762,0.6011904761904762,0.5890985002808116,0.5890985002808116,0.5338541706119131,1.0627965099268046,0.18058731067465392,0.19873262594958832,0.19873262594958832,0.06547619047619048,0.06547619047619048,0.0014414730438679468,12500.0,168,168,cemhsey_forward_day_logo
cemhsey,cemhsey_forward_day_logo|D08,agency_margin_tau_0.05,S10,grasp_protocol,D08,0.6071428571428571,0.6071428571428571,0.5969910700698791,0.5969910700698791,0.5341507374104117,2.4742685202397205,0.14530925336700704,0.19821581270238436,0.19821581270238436,0.07738095238095238,0.07738095238095238,0.0017517824750242698,12500.0,168,168,cemhsey_forward_day_logo
cemhsey,cemhsey_forward_day_logo|D08,set_acsa_tau_0.10,S10,grasp_protocol,D08,0.6130952380952381,0.6130952380952381,0.5974012639474682,0.5974012639474682,0.5308185592150274,1.0525655600589385,0.17040575338674083,0.20074722201936746,0.20074722201936746,0.09523809523809523,0.09523809523809523,0.003658301798923667,12500.0,168,168,cemhsey_forward_day_logo
cemhsey,cemhsey_forward_day_logo|D08,agency_margin_tau_0.10,S10,grasp_protocol,D08,0.6130952380952381,0.6130952380952381,0.5974012639474682,0.5974012639474682,0.5239615158162769,2.0177130404906922,0.14364451147053728,0.20074722201936746,0.20074722201936746,0.09523809523809523,0.09523809523809523,0.003658301798923667,12500.0,168,168,cemhsey_forward_day_logo
cemhsey,cemhsey_forward_day_logo|D08,set_acsa_tau_0.15,S10,grasp_protocol,D08,0.6190476190476191,0.619047619047619,0.6029985102115466,0.6029985102115466,0.5283992728862437,1.0449514348066082,0.1723802894328483,0.20129450004381436,0.20129450004381436,0.10714285714285714,0.10714285714285714,0.005103937864649981,12500.0,168,168,cemhsey_forward_day_logo
cemhsey,cemhsey_forward_day_logo|D08,agency_margin_tau_0.15,S10,grasp_protocol,D08,0.6190476190476191,0.619047619047619,0.6029985102115466,0.6029985102115466,0.5202938696979416,1.7350047827635424,0.1394866726875484,0.20129450004381436,0.20129450004381436,0.10714285714285714,0.10714285714285714,0.005103937864649981,12500.0,168,168,cemhsey_forward_day_logo
cemhsey,cemhsey_forward_day_logo|D08,set_acsa_tau_0.20,S10,grasp_protocol,D08,0.6428571428571429,0.6428571428571427,0.6250102545950097,0.6250102545950097,0.5126584164796942,1.0075212036889254,0.17021733918982065,0.19256650289363048,0.19256650289363048,0.13690476190476192,0.13690476190476192,0.010261029938024826,12500.0,168,168,cemhsey_forward_day_logo
cemhsey,cemhsey_forward_day_logo|D08,agency_margin_tau_0.20,S10,grasp_protocol,D08,0.6428571428571429,0.6428571428571427,0.6250102545950097,0.6250102545950097,0.514012443149233,1.8741550240773754,0.14592897582084802,0.19256650289363048,0.19256650289363048,0.13690476190476192,0.13690476190476192,0.010261029938024826,12500.0,168,168,cemhsey_forward_day_logo
cemhsey,cemhsey_forward_day_logo|D08,user_only,S2,grasp_protocol,D08,0.7202380952380952,0.7202380952380952,0.7279921921913626,0.7279921921913626,0.36242487636304505,0.761407871979093,0.1649841214442953,0.07136381265676708,0.07136381265676708,0.0,0.0,0.0,12500.0,168,168,cemhsey_forward_day_logo
cemhsey,cemhsey_forward_day_logo|D08,assist_only,S2,grasp_protocol,D08,0.875,0.875,0.8716941306898044,0.8716941306898044,0.2778034551706849,0.5872974596682522,0.28452058037329403,0.022088138688232086,0.022088138688232086,0.23809523809523808,0.23809523809523808,0.022581481099874033,12500.0,168,168,cemhsey_forward_day_logo
cemhsey,cemhsey_forward_day_logo|D08,confidence_blend_alpha_0.25,S2,grasp_protocol,D08,0.875,0.8750000000000001,0.8749719246966521,0.8749719246966521,0.32360934786099405,0.6808303644317155,0.31175646534394347,0.04122444909679961,0.04122444909679961,0.17261904761904762,0.17261904761904762,0.011036761879196277,12500.0,168,168,cemhsey_forward_day_logo
cemhsey,cemhsey_forward_day_logo|D08,confidence_blend_alpha_0.50,S2,grasp_protocol,D08,0.8988095238095238,0.8988095238095238,0.8971295328394265,0.8971295328394265,0.2965672681615967,0.634040445976803,0.32764146029604674,0.027470325745094188,0.027470325745094188,0.20833333333333334,0.20833333333333334,0.015178168607599542,12500.0,168,168,cemhsey_forward_day_logo
cemhsey,cemhsey_forward_day_logo|D08,confidence_blend_alpha_0.75,S2,grasp_protocol,D08,0.8988095238095238,0.8988095238095238,0.8971295328394265,0.8971295328394265,0.2812986372648427,0.6046686025366567,0.31839697357483937,0.01842704181899369,0.01842704181899369,0.21428571428571427,0.21428571428571427,0.017482402078503923,12500.0,168,168,cemhsey_forward_day_logo
cemhsey,cemhsey_forward_day_logo|D08,selective_prediction,S2,grasp_protocol,D08,0.7658730158730159,0.7658730158730158,0.7702413724912459,0.7702413724912459,0.31618374495073714,0.6734572258058246,0.18360671344206067,0.048581078272255745,0.048581078272255745,0.04563492063492063,0.04563492063492063,0.0035619715795037693,12500.0,504,504,cemhsey_forward_day_logo
cemhsey,cemhsey_forward_day_logo|D08,set_acsa_tau_0.02,S2,grasp_protocol,D08,0.7440476190476191,0.744047619047619,0.7498414226994171,0.7498414226994171,0.3078777122814355,0.6533288699000541,0.21589774375317147,0.047790896935995614,0.047790896935995614,0.041666666666666664,0.041666666666666664,0.0003777361604109855,12500.0,168,168,cemhsey_forward_day_logo
cemhsey,cemhsey_forward_day_logo|D08,agency_margin_tau_0.02,S2,grasp_protocol,D08,0.75,0.75,0.7566423512394761,0.7566423512394761,0.2995771544755916,1.468811698786873,0.19281559147777708,0.04550052027190286,0.04550052027190286,0.047619047619047616,0.047619047619047616,0.0004224946642971951,12500.0,168,168,cemhsey_forward_day_logo
cemhsey,cemhsey_forward_day_logo|D08,set_acsa_tau_0.05,S2,grasp_protocol,D08,0.7857142857142857,0.7857142857142857,0.7899092325086776,0.7899092325086776,0.28694852822689765,0.6152723858899608,0.19698878981388693,0.03596513642067686,0.03596513642067686,0.08928571428571429,0.08928571428571429,0.0021234221551772216,12500.0,168,168,cemhsey_forward_day_logo
cemhsey,cemhsey_forward_day_logo|D08,agency_margin_tau_0.05,S2,grasp_protocol,D08,0.7916666666666666,0.7916666666666666,0.7958443035352118,0.7958443035352118,0.26742245080727134,1.265005375298648,0.16711323007342094,0.03440483189681657,0.03440483189681657,0.09523809523809523,0.09523809523809523,0.0023828231533269384,12500.0,168,168,cemhsey_forward_day_logo
cemhsey,cemhsey_forward_day_logo|D08,set_acsa_tau_0.10,S2,grasp_protocol,D08,0.8154761904761905,0.8154761904761905,0.8185198901154225,0.8185198901154225,0.2699784869784737,0.5809642405142462,0.1977074816530011,0.029030006649790777,0.029030006649790777,0.13095238095238096,0.13095238095238096,0.005319113439159981,12500.0,168,168,cemhsey_forward_day_logo
cemhsey,cemhsey_forward_day_logo|D08,agency_margin_tau_0.10,S2,grasp_protocol,D08,0.8214285714285714,0.8214285714285713,0.8245051094063908,0.8245051094063908,0.23998204784045793,0.9190701786221547,0.16387993248123497,0.028025203511637085,0.028025203511637085,0.13690476190476192,0.13690476190476192,0.0055785144373096986,12500.0,168,168,cemhsey_forward_day_logo
cemhsey,cemhsey_forward_day_logo|D08,set_acsa_tau_0.15,S2,grasp_protocol,D08,0.8571428571428571,0.8571428571428571,0.8566868367926903,0.8566868367926903,0.24310676299014375,0.5228804521777677,0.20858876675981797,0.022003091329700422,0.022003091329700422,0.17261904761904762,0.17261904761904762,0.010660353143307905,12500.0,168,168,cemhsey_forward_day_logo
cemhsey,cemhsey_forward_day_logo|D08,agency_margin_tau_0.15,S2,grasp_protocol,D08,0.8630952380952381,0.8630952380952381,0.8627718834612131,0.8627718834612131,0.20019488572906022,0.5500426295295598,0.1457238793864152,0.02149222983261145,0.02149222983261145,0.17857142857142858,0.17857142857142858,0.010919754141457622,12500.0,168,168,cemhsey_forward_day_logo
cemhsey,cemhsey_forward_day_logo|D08,set_acsa_tau_0.20,S2,grasp_protocol,D08,0.8630952380952381,0.8630952380952381,0.8614066898361887,0.8614066898361887,0.2342311604009615,0.5038317348137407,0.2066644199384145,0.02028947787300623,0.02028947787300623,0.19047619047619047,0.19047619047619047,0.013700806562284541,12500.0,168,168,cemhsey_forward_day_logo
cemhsey,cemhsey_forward_day_logo|D08,agency_margin_tau_0.20,S2,grasp_protocol,D08,0.8690476190476191,0.869047619047619,0.8677659312277175,0.8677659312277175,0.1958823705186356,0.4008836325264125,0.14889226663834873,0.020146251311901297,0.020146251311901297,0.19642857142857142,0.19642857142857142,0.01396020756043426,12500.0,168,168,cemhsey_forward_day_logo
cemhsey,cemhsey_forward_day_logo|D08,user_only,S3,grasp_protocol,D08,0.6726190476190477,0.6726190476190476,0.6647824481362612,0.6647824481362612,0.5540451024149411,1.0969392354901866,0.2641829659737862,0.2479336190580177,0.2479336190580177,0.0,0.0,0.0,12500.0,168,168,cemhsey_forward_day_logo
cemhsey,cemhsey_forward_day_logo|D08,assist_only,S3,grasp_protocol,D08,0.6845238095238095,0.6845238095238095,0.6502390805018672,0.6502390805018672,0.5183893249342925,0.9866974461227516,0.27654029481381875,0.2785683071435955,0.2785683071435955,0.3273809523809524,0.3273809523809524,0.034706475836465,12500.0,168,168,cemhsey_forward_day_logo
cemhsey,cemhsey_forward_day_logo|D08,confidence_blend_alpha_0.25,S3,grasp_protocol,D08,0.7321428571428571,0.7321428571428571,0.7176844643625502,0.7176844643625502,0.5348588133513941,1.0488903070612827,0.336672260121295,0.22702307762114787,0.22702307762114787,0.125,0.125,0.007063362353763993,12500.0,168,168,cemhsey_forward_day_logo
cemhsey,cemhsey_forward_day_logo|D08,confidence_blend_alpha_0.50,S3,grasp_protocol,D08,0.7202380952380952,0.7202380952380952,0.6894500156296155,0.6894500156296155,0.5225207540834443,1.01720332607989,0.31855713141621145,0.22886821869549667,0.22886821869549667,0.2261904761904762,0.2261904761904762,0.015675747665103792,12500.0,168,168,cemhsey_forward_day_logo
cemhsey,cemhsey_forward_day_logo|D08,confidence_blend_alpha_0.75,S3,grasp_protocol,D08,0.6904761904761905,0.6904761904761905,0.663070463235032,0.663070463235032,0.5170309246110781,0.9970519809532193,0.2981660641009687,0.24537248485898935,0.24537248485898935,0.2857142857142857,0.2857142857142857,0.026265929865904845,12500.0,168,168,cemhsey_forward_day_logo
cemhsey,cemhsey_forward_day_logo|D08,selective_prediction,S3,grasp_protocol,D08,0.6726190476190477,0.6726190476190476,0.6641575518126525,0.6641575518126525,0.5547244939119911,1.096134017936937,0.26451039152999783,0.2580687992421593,0.2580687992421593,0.005952380952380952,0.005952380952380952,0.0004900912621541419,12500.0,504,504,cemhsey_forward_day_logo
cemhsey,cemhsey_forward_day_logo|D08,set_acsa_tau_0.02,S3,grasp_protocol,D08,0.6785714285714286,0.6785714285714285,0.67036054664293,0.67036054664293,0.5095732516938761,1.0048002352481444,0.25705304572644166,0.22847454307386042,0.22847454307386042,0.041666666666666664,0.041666666666666664,0.0005341823321040889,12500.0,168,168,cemhsey_forward_day_logo
cemhsey,cemhsey_forward_day_logo|D08,agency_margin_tau_0.02,S3,grasp_protocol,D08,0.6785714285714286,0.6785714285714285,0.6709493656800587,0.6709493656800587,0.491549608374672,2.964688232741948,0.16967002510799736,0.22810993626406426,0.22810993626406426,0.047619047619047616,0.047619047619047616,0.000578482513249943,12500.0,168,168,cemhsey_forward_day_logo
cemhsey,cemhsey_forward_day_logo|D08,set_acsa_tau_0.05,S3,grasp_protocol,D08,0.6726190476190477,0.6726190476190476,0.6622616442708956,0.6622616442708956,0.507380441473175,0.9983142811591987,0.26794247438195423,0.2284612192720414,0.2284612192720414,0.06547619047619048,0.06547619047619048,0.0012789334580915652,12500.0,168,168,cemhsey_forward_day_logo
cemhsey,cemhsey_forward_day_logo|D08,agency_margin_tau_0.05,S3,grasp_protocol,D08,0.6726190476190477,0.6726190476190476,0.663080576494948,0.663080576494948,0.48068123948808955,2.513619735454325,0.16207688210932636,0.22821383336786358,0.22821383336786358,0.07142857142857142,0.07142857142857142,0.0013232336392374196,12500.0,168,168,cemhsey_forward_day_logo
cemhsey,cemhsey_forward_day_logo|D08,set_acsa_tau_0.10,S3,grasp_protocol,D08,0.6964285714285714,0.6964285714285714,0.6717526445337192,0.6717526445337192,0.4963417197731393,0.9642624173705966,0.2552426333515925,0.2440407880890964,0.2440407880890964,0.16666666666666666,0.16666666666666666,0.008658912146695967,12500.0,168,168,cemhsey_forward_day_logo
cemhsey,cemhsey_forward_day_logo|D08,agency_margin_tau_0.10,S3,grasp_protocol,D08,0.6964285714285714,0.6964285714285714,0.6708602289610034,0.6708602289610034,0.4461421824099514,1.5573058556367299,0.15539583920671185,0.24389335363102763,0.24389335363102763,0.17857142857142858,0.17857142857142858,0.009530389478528767,12500.0,168,168,cemhsey_forward_day_logo
cemhsey,cemhsey_forward_day_logo|D08,set_acsa_tau_0.15,S3,grasp_protocol,D08,0.7023809523809523,0.7023809523809524,0.6730913415363643,0.6730913415363643,0.48967947275028767,0.9454503191144339,0.25899087511402497,0.24482001896918715,0.24482001896918715,0.20238095238095238,0.20238095238095238,0.01291719540697794,12500.0,168,168,cemhsey_forward_day_logo
cemhsey,cemhsey_forward_day_logo|D08,agency_margin_tau_0.15,S3,grasp_protocol,D08,0.7083333333333334,0.7083333333333333,0.6783090218288204,0.6783090218288204,0.44047008075829036,0.9591286235570909,0.16929507163298996,0.24460419969745267,0.24460419969745267,0.20833333333333334,0.20833333333333334,0.013402550821693933,12500.0,168,168,cemhsey_forward_day_logo
cemhsey,cemhsey_forward_day_logo|D08,set_acsa_tau_0.20,S3,grasp_protocol,D08,0.7023809523809523,0.7023809523809523,0.6688922431141403,0.6688922431141403,0.4898611620400362,0.943357407792948,0.2536413042835855,0.24975034579853206,0.24975034579853206,0.22023809523809523,0.22023809523809523,0.016347191658193476,12500.0,168,168,cemhsey_forward_day_logo
cemhsey,cemhsey_forward_day_logo|D08,agency_margin_tau_0.20,S3,grasp_protocol,D08,0.7023809523809523,0.7023809523809523,0.6688922431141403,0.6688922431141403,0.464983693283169,1.0091474586364613,0.19916637366371792,0.24975034579853206,0.24975034579853206,0.22023809523809523,0.22023809523809523,0.016347191658193476,12500.0,168,168,cemhsey_forward_day_logo
cemhsey,cemhsey_forward_day_logo|D08,user_only,S4,grasp_protocol,D08,0.625,0.625,0.6287217491191714,0.6287217491191714,0.5234866258766803,1.0466948850014945,0.1686585162559989,0.16373850572059867,0.16373850572059867,0.0,0.0,0.0,12500.0,168,168,cemhsey_forward_day_logo
cemhsey,cemhsey_forward_day_logo|D08,assist_only,S4,grasp_protocol,D08,0.7678571428571429,0.7678571428571429,0.7655802482718155,0.7655802482718155,0.4320602177787126,0.8281612464883088,0.28902061523363437,0.09747341512117105,0.09747341512117105,0.39880952380952384,0.39880952380952384,0.061276767684890356,12500.0,168,168,cemhsey_forward_day_logo
cemhsey,cemhsey_forward_day_logo|D08,confidence_blend_alpha_0.25,S4,grasp_protocol,D08,0.7023809523809523,0.7023809523809524,0.7017033690946735,0.7017033690946735,0.48613516234438947,0.9483664799262046,0.24943795263983662,0.13091529146280936,0.13091529146280936,0.10119047619047619,0.10119047619047619,0.006442920058113734,12500.0,168,168,cemhsey_forward_day_logo
cemhsey,cemhsey_forward_day_logo|D08,confidence_blend_alpha_0.50,S4,grasp_protocol,D08,0.7857142857142857,0.7857142857142857,0.7834906343107295,0.7834906343107295,0.4584469398172976,0.8897367118926847,0.33248185734310415,0.09915171481790784,0.09915171481790784,0.22023809523809523,0.22023809523809523,0.023859943261620314,12500.0,168,168,cemhsey_forward_day_logo
cemhsey,cemhsey_forward_day_logo|D08,confidence_blend_alpha_0.75,S4,grasp_protocol,D08,0.7916666666666666,0.7916666666666666,0.7878123769911856,0.7878123769911856,0.44042195829541014,0.8517911796734484,0.328592769620654,0.08567445578454799,0.08567445578454799,0.30952380952380953,0.30952380952380953,0.040794501774501904,12500.0,168,168,cemhsey_forward_day_logo
cemhsey,cemhsey_forward_day_logo|D08,selective_prediction,S4,grasp_protocol,D08,0.6468253968253969,0.646825396825397,0.6497473286762558,0.6497473286762558,0.5021780859961135,1.0046872069251556,0.17430230513525158,0.14467916872176612,0.14467916872176612,0.021825396825396824,0.021825396825396824,0.0016160848398834187,12500.0,504,504,cemhsey_forward_day_logo
cemhsey,cemhsey_forward_day_logo|D08,set_acsa_tau_0.02,S4,grasp_protocol,D08,0.625,0.625,0.6287217491191714,0.6287217491191714,0.4885157777790942,0.9845704907354506,0.18346698627386068,0.13653584585541112,0.13653584585541112,0.0,0.0,0.0,12500.0,168,168,cemhsey_forward_day_logo
cemhsey,cemhsey_forward_day_logo|D08,agency_margin_tau_0.02,S4,grasp_protocol,D08,0.625,0.625,0.6287217491191714,0.6287217491191714,0.4622141997894822,1.6434765084501133,0.14715329390844867,0.13557327247239837,0.13557327247239837,0.0,0.0,0.0,12500.0,168,168,cemhsey_forward_day_logo
cemhsey,cemhsey_forward_day_logo|D08,set_acsa_tau_0.05,S4,grasp_protocol,D08,0.6607142857142857,0.6607142857142857,0.6624122861810129,0.6624122861810129,0.47193366090899164,0.9527981664654861,0.1864726439352943,0.1223370343257008,0.1223370343257008,0.047619047619047616,0.047619047619047616,0.0015568227229436921,12500.0,168,168,cemhsey_forward_day_logo
cemhsey,cemhsey_forward_day_logo|D08,agency_margin_tau_0.05,S4,grasp_protocol,D08,0.6607142857142857,0.6607142857142857,0.6624122861810129,0.6624122861810129,0.4326103368037507,1.2970973549131413,0.1375553355800401,0.12156618397020096,0.12156618397020096,0.047619047619047616,0.047619047619047616,0.0015568227229436921,12500.0,168,168,cemhsey_forward_day_logo
cemhsey,cemhsey_forward_day_logo|D08,set_acsa_tau_0.10,S4,grasp_protocol,D08,0.6785714285714286,0.6785714285714286,0.6798133589649903,0.6798133589649903,0.45714898500949086,0.91439838075108,0.18153035482665947,0.11654792709064697,0.11654792709064697,0.10119047619047619,0.10119047619047619,0.005700023746036482,12500.0,168,168,cemhsey_forward_day_logo
cemhsey,cemhsey_forward_day_logo|D08,agency_margin_tau_0.10,S4,grasp_protocol,D08,0.6785714285714286,0.6785714285714286,0.6806468277328592,0.6806468277328592,0.4325053721510731,1.5738696389338764,0.11956832666762483,0.11631846245703328,0.11631846245703328,0.11904761904761904,0.11904761904761904,0.007204475765511255,12500.0,168,168,cemhsey_forward_day_logo
cemhsey,cemhsey_forward_day_logo|D08,set_acsa_tau_0.15,S4,grasp_protocol,D08,0.7202380952380952,0.7202380952380951,0.7183830067247661,0.7183830067247661,0.4357823541898156,0.8652098997216907,0.2079190721307136,0.10277384150590213,0.10277384150590213,0.15476190476190477,0.15476190476190477,0.012379409873622804,12500.0,168,168,cemhsey_forward_day_logo
cemhsey,cemhsey_forward_day_logo|D08,agency_margin_tau_0.15,S4,grasp_protocol,D08,0.7261904761904762,0.7261904761904762,0.7270057637609469,0.7270057637609469,0.4049011445087949,1.3699369391555833,0.14889470635202084,0.10229875230894808,0.10229875230894808,0.17261904761904762,0.17261904761904762,0.014410244395960628,12500.0,168,168,cemhsey_forward_day_logo
cemhsey,cemhsey_forward_day_logo|D08,set_acsa_tau_0.20,S4,grasp_protocol,D08,0.75,0.75,0.7499888982508117,0.7499888982508117,0.4167400990181262,0.8088392819991338,0.21779493567841426,0.10039940501092168,0.10039940501092168,0.20238095238095238,0.20238095238095238,0.02044886958938385,12500.0,168,168,cemhsey_forward_day_logo
cemhsey,cemhsey_forward_day_logo|D08,agency_margin_tau_0.20,S4,grasp_protocol,D08,0.7559523809523809,0.755952380952381,0.7564147164413358,0.7564147164413358,0.3957739682882937,0.8989955942045924,0.18244559234896646,0.1000278679386116,0.1000278679386116,0.20833333333333334,0.20833333333333334,0.021607590776003213,12500.0,168,168,cemhsey_forward_day_logo
cemhsey,cemhsey_forward_day_logo|D08,user_only,S5,grasp_protocol,D08,0.6488095238095238,0.6488095238095238,0.6419624395359437,0.6419624395359437,0.5042845374514326,0.9986453659904836,0.20927865593283074,0.21345520927194553,0.21345520927194553,0.0,0.0,0.0,12500.0,168,168,cemhsey_forward_day_logo
cemhsey,cemhsey_forward_day_logo|D08,assist_only,S5,grasp_protocol,D08,0.7678571428571429,0.7678571428571429,0.7581012758843447,0.7581012758843447,0.4442421453125777,0.8592354072424753,0.2989976085864188,0.11725188149693955,0.11725188149693955,0.32142857142857145,0.32142857142857145,0.04811763869651699,12500.0,168,168,cemhsey_forward_day_logo
cemhsey,cemhsey_forward_day_logo|D08,confidence_blend_alpha_0.25,S5,grasp_protocol,D08,0.7380952380952381,0.7380952380952381,0.726528373587197,0.726528373587197,0.4757397859963352,0.9336576229037739,0.2916470553999115,0.1732208949529738,0.1732208949529738,0.10119047619047619,0.10119047619047619,0.005263428543964446,12500.0,168,168,cemhsey_forward_day_logo
cemhsey,cemhsey_forward_day_logo|D08,confidence_blend_alpha_0.50,S5,grasp_protocol,D08,0.7559523809523809,0.755952380952381,0.7469577196230122,0.7469577196230122,0.4562178034881596,0.8951676448318583,0.3074605465300067,0.13510514780210933,0.13510514780210933,0.16666666666666666,0.16666666666666666,0.016418655351526725,12500.0,168,168,cemhsey_forward_day_logo
cemhsey,cemhsey_forward_day_logo|D08,confidence_blend_alpha_0.75,S5,grasp_protocol,D08,0.7797619047619048,0.7797619047619049,0.7728041099986697,0.7728041099986697,0.4457185899269048,0.8714743480979567,0.3123410841412352,0.11086692109975316,0.11086692109975316,0.26785714285714285,0.26785714285714285,0.034778621904895904,12500.0,168,168,cemhsey_forward_day_logo
cemhsey,cemhsey_forward_day_logo|D08,selective_prediction,S5,grasp_protocol,D08,0.6646825396825397,0.6646825396825398,0.6577385127790443,0.6577385127790443,0.48561968110177367,0.9577506250162401,0.20235400486719782,0.17914957247965235,0.17914957247965235,0.01984126984126984,0.01984126984126984,0.002429933145892812,12500.0,504,504,cemhsey_forward_day_logo
cemhsey,cemhsey_forward_day_logo|D08,set_acsa_tau_0.02,S5,grasp_protocol,D08,0.6666666666666666,0.6666666666666666,0.6601760278232174,0.6601760278232174,0.46550902890670215,0.9242451767000193,0.2212753636465456,0.15708458905175593,0.15708458905175593,0.017857142857142856,0.017857142857142856,0.00016690167095690484,12500.0,168,168,cemhsey_forward_day_logo
cemhsey,cemhsey_forward_day_logo|D08,agency_margin_tau_0.02,S5,grasp_protocol,D08,0.6666666666666666,0.6666666666666666,0.6592754102654234,0.6592754102654234,0.44419928593185515,1.8575040453832399,0.15905445095734452,0.15708458905175593,0.15708458905175593,0.02976190476190476,0.02976190476190476,0.00028696602724021187,12500.0,168,168,cemhsey_forward_day_logo
cemhsey,cemhsey_forward_day_logo|D08,set_acsa_tau_0.05,S5,grasp_protocol,D08,0.6845238095238095,0.6845238095238094,0.6774444428714856,0.6774444428714856,0.4566599518578472,0.9067871421424686,0.2230468238364591,0.1481030323548666,0.1481030323548666,0.03571428571428571,0.03571428571428571,0.0005739335599765073,12500.0,168,168,cemhsey_forward_day_logo
cemhsey,cemhsey_forward_day_logo|D08,agency_margin_tau_0.05,S5,grasp_protocol,D08,0.6845238095238095,0.6845238095238094,0.676501182033097,0.676501182033097,0.43555728088736034,1.8430276854743715,0.15988856594828824,0.1481030323548666,0.1481030323548666,0.047619047619047616,0.047619047619047616,0.0006939979162598143,12500.0,168,168,cemhsey_forward_day_logo
cemhsey,cemhsey_forward_day_logo|D08,set_acsa_tau_0.10,S5,grasp_protocol,D08,0.7202380952380952,0.7202380952380952,0.7086724029241994,0.7086724029241994,0.43860841845098186,0.8710202652208074,0.23363864739411228,0.13485177798757758,0.13485177798757758,0.07738095238095238,0.07738095238095238,0.0034158358734753544,12500.0,168,168,cemhsey_forward_day_logo
cemhsey,cemhsey_forward_day_logo|D08,agency_margin_tau_0.10,S5,grasp_protocol,D08,0.7202380952380952,0.7202380952380952,0.7093122563498463,0.7093122563498463,0.408202543939679,1.5068573799384959,0.15346059038326848,0.13485177798757758,0.13485177798757758,0.08333333333333333,0.08333333333333333,0.003783264600983976,12500.0,168,168,cemhsey_forward_day_logo
cemhsey,cemhsey_forward_day_logo|D08,set_acsa_tau_0.15,S5,grasp_protocol,D08,0.7559523809523809,0.7559523809523808,0.7461782661782662,0.7461782661782662,0.4216965040580867,0.828942344802483,0.23739071833796868,0.12695503725363566,0.12695503725363566,0.14285714285714285,0.14285714285714285,0.011265528304790287,12500.0,168,168,cemhsey_forward_day_logo
cemhsey,cemhsey_forward_day_logo|D08,agency_margin_tau_0.15,S5,grasp_protocol,D08,0.7619047619047619,0.7619047619047619,0.7540619813790546,0.7540619813790546,0.37726970506316215,1.1484223861857632,0.16071028141729676,0.12650724768357996,0.12650724768357996,0.1488095238095238,0.1488095238095238,0.012051822171881332,12500.0,168,168,cemhsey_forward_day_logo
cemhsey,cemhsey_forward_day_logo|D08,set_acsa_tau_0.20,S5,grasp_protocol,D08,0.7619047619047619,0.7619047619047619,0.7526801500386406,0.7526801500386406,0.4146230953315954,0.8086345073561839,0.2369736828676738,0.12624734311659622,0.12624734311659622,0.16071428571428573,0.16071428571428573,0.014178109849736456,12500.0,168,168,cemhsey_forward_day_logo
cemhsey,cemhsey_forward_day_logo|D08,agency_margin_tau_0.20,S5,grasp_protocol,D08,0.7619047619047619,0.7619047619047619,0.7526801500386406,0.7526801500386406,0.3872242585215622,1.0212487173169418,0.1837203924624475,0.12624734311659622,0.12624734311659622,0.16071428571428573,0.16071428571428573,0.014178109849736456,12500.0,168,168,cemhsey_forward_day_logo
cemhsey,cemhsey_forward_day_logo|D08,user_only,S6,grasp_protocol,D08,0.7321428571428571,0.7321428571428571,0.7315641993255315,0.7315641993255315,0.46983883921923836,0.9695496687071528,0.2895757131185882,0.08235932708597511,0.08235932708597511,0.0,0.0,0.0,12500.0,168,168,cemhsey_forward_day_logo
cemhsey,cemhsey_forward_day_logo|D08,assist_only,S6,grasp_protocol,D08,0.8095238095238095,0.8095238095238094,0.8131852801525321,0.8131852801525321,0.42464670899448315,0.835269952768971,0.340389873788407,0.0454398697363507,0.0454398697363507,0.3630952380952381,0.3630952380952381,0.04462168607838413,12500.0,168,168,cemhsey_forward_day_logo
cemhsey,cemhsey_forward_day_logo|D08,confidence_blend_alpha_0.25,S6,grasp_protocol,D08,0.8214285714285714,0.8214285714285714,0.8191170546893706,0.8191170546893706,0.44538050148174674,0.9007415881622233,0.38347872233879904,0.05039013066896799,0.05039013066896799,0.1130952380952381,0.1130952380952381,0.005366411118771069,12500.0,168,168,cemhsey_forward_day_logo
cemhsey,cemhsey_forward_day_logo|D08,confidence_blend_alpha_0.50,S6,grasp_protocol,D08,0.8928571428571429,0.8928571428571429,0.8924954079036217,0.8924954079036217,0.4296957005317982,0.8648004528395509,0.4489543323456298,0.02170565513561753,0.02170565513561753,0.21428571428571427,0.21428571428571427,0.015476247920910714,12500.0,168,168,cemhsey_forward_day_logo
cemhsey,cemhsey_forward_day_logo|D08,confidence_blend_alpha_0.75,S6,grasp_protocol,D08,0.8630952380952381,0.863095238095238,0.8656399456891665,0.8656399456891665,0.4227844363693832,0.8438215806343408,0.4109903593890819,0.026884247040602417,0.026884247040602417,0.2976190476190476,0.2976190476190476,0.030151804099024484,12500.0,168,168,cemhsey_forward_day_logo
cemhsey,cemhsey_forward_day_logo|D08,selective_prediction,S6,grasp_protocol,D08,0.7420634920634921,0.7420634920634921,0.7411694384520472,0.7411694384520472,0.4566865379599418,0.9466216872191864,0.28974229119979494,0.07546069896076735,0.07546069896076735,0.00992063492063492,0.00992063492063492,0.0007515246630682595,12500.0,504,504,cemhsey_forward_day_logo
cemhsey,cemhsey_forward_day_logo|D08,set_acsa_tau_0.02,S6,grasp_protocol,D08,0.7559523809523809,0.755952380952381,0.754342074994249,0.754342074994249,0.41045050540139255,0.8617621281637875,0.2796706017453321,0.05159978767320851,0.05159978767320851,0.023809523809523808,0.023809523809523808,0.0003252199479581935,12500.0,168,168,cemhsey_forward_day_logo
cemhsey,cemhsey_forward_day_logo|D08,agency_margin_tau_0.02,S6,grasp_protocol,D08,0.7678571428571429,0.7678571428571429,0.7661244607382914,0.7661244607382914,0.3393867932790843,1.267129252783377,0.1996706589159265,0.05052825989373059,0.05052825989373059,0.03571428571428571,0.03571428571428571,0.0003919124952078909,12500.0,168,168,cemhsey_forward_day_logo
cemhsey,cemhsey_forward_day_logo|D08,set_acsa_tau_0.05,S6,grasp_protocol,D08,0.7797619047619048,0.7797619047619048,0.7776224003837325,0.7776224003837325,0.40045718317244616,0.8375081884011498,0.2798515655166575,0.04708840833931091,0.04708840833931091,0.07142857142857142,0.07142857142857142,0.002169388882635894,12500.0,168,168,cemhsey_forward_day_logo
cemhsey,cemhsey_forward_day_logo|D08,agency_margin_tau_0.05,S6,grasp_protocol,D08,0.7797619047619048,0.7797619047619048,0.7778862995811837,0.7778862995811837,0.33655332104391095,1.254489031284778,0.20050743463606568,0.04700222623318791,0.04700222623318791,0.08333333333333333,0.08333333333333333,0.002500168330158431,12500.0,168,168,cemhsey_forward_day_logo
cemhsey,cemhsey_forward_day_logo|D08,set_acsa_tau_0.10,S6,grasp_protocol,D08,0.8273809523809523,0.8273809523809524,0.826321963171419,0.826321963171419,0.3824355103073469,0.7961134129068109,0.3157159477449268,0.0358642769623378,0.0358642769623378,0.13095238095238096,0.13095238095238096,0.006801805156766208,12500.0,168,168,cemhsey_forward_day_logo
cemhsey,cemhsey_forward_day_logo|D08,agency_margin_tau_0.10,S6,grasp_protocol,D08,0.8273809523809523,0.8273809523809524,0.8267446003113813,0.8267446003113813,0.3109867626784879,0.9178161603157706,0.22101892941025753,0.035858524386370993,0.035858524386370993,0.13690476190476192,0.13690476190476192,0.006924805212203322,12500.0,168,168,cemhsey_forward_day_logo
cemhsey,cemhsey_forward_day_logo|D08,set_acsa_tau_0.15,S6,grasp_protocol,D08,0.8511904761904762,0.8511904761904763,0.8509558597876542,0.8509558597876542,0.36067128084708355,0.7496369090069744,0.33539359024172016,0.02468403913020458,0.02468403913020458,0.20833333333333334,0.20833333333333334,0.015923709971992793,12500.0,168,168,cemhsey_forward_day_logo
cemhsey,cemhsey_forward_day_logo|D08,agency_margin_tau_0.15,S6,grasp_protocol,D08,0.8511904761904762,0.8511904761904763,0.8509558597876542,0.8509558597876542,0.29844664995560827,0.7522131128736392,0.2446697100416296,0.02468403913020458,0.02468403913020458,0.20833333333333334,0.20833333333333334,0.015923709971992793,12500.0,168,168,cemhsey_forward_day_logo
cemhsey,cemhsey_forward_day_logo|D08,set_acsa_tau_0.20,S6,grasp_protocol,D08,0.8571428571428571,0.8571428571428573,0.858065758343817,0.858065758343817,0.3575176111266684,0.7439139885803507,0.33756240205847465,0.022139480377549443,0.022139480377549443,0.23214285714285715,0.23214285714285715,0.020098764537742647,12500.0,168,168,cemhsey_forward_day_logo
cemhsey,cemhsey_forward_day_logo|D08,agency_margin_tau_0.20,S6,grasp_protocol,D08,0.8571428571428571,0.8571428571428573,0.858065758343817,0.858065758343817,0.31669917921404245,0.6385655111028153,0.2722789959740885,0.022139480377549443,0.022139480377549443,0.23214285714285715,0.23214285714285715,0.020098764537742647,12500.0,168,168,cemhsey_forward_day_logo
cemhsey,cemhsey_forward_day_logo|D08,user_only,S7,grasp_protocol,D08,0.6666666666666666,0.6666666666666667,0.6768654645527679,0.6768654645527679,0.5799693582136191,1.2264451121078512,0.3124748968916233,0.13107158624012374,0.13107158624012374,0.0,0.0,0.0,12500.0,168,168,cemhsey_forward_day_logo
cemhsey,cemhsey_forward_day_logo|D08,assist_only,S7,grasp_protocol,D08,0.7678571428571429,0.7678571428571429,0.7585411357525468,0.7585411357525468,0.609044767684084,1.264058976276918,0.45047020608200844,0.11037116643111634,0.11037116643111634,0.3392857142857143,0.3392857142857143,0.027577804692863247,12500.0,168,168,cemhsey_forward_day_logo
cemhsey,cemhsey_forward_day_logo|D08,confidence_blend_alpha_0.25,S7,grasp_protocol,D08,0.7261904761904762,0.7261904761904762,0.7314246077318499,0.7314246077318499,0.5799976484067731,1.217728511430542,0.3820531390080256,0.12035033726826844,0.12035033726826844,0.09523809523809523,0.09523809523809523,0.0030512810297787622,12500.0,168,168,cemhsey_forward_day_logo
cemhsey,cemhsey_forward_day_logo|D08,confidence_blend_alpha_0.50,S7,grasp_protocol,D08,0.7916666666666666,0.7916666666666666,0.7924743632280616,0.7924743632280616,0.5848529800495685,1.2225186515455508,0.4600316363623428,0.10639304721762562,0.10639304721762562,0.19047619047619047,0.19047619047619047,0.01065894505204371,12500.0,168,168,cemhsey_forward_day_logo
cemhsey,cemhsey_forward_day_logo|D08,confidence_blend_alpha_0.75,S7,grasp_protocol,D08,0.7976190476190477,0.7976190476190476,0.7956449515977086,0.7956449515977086,0.5945353531420056,1.2380509719485828,0.4742716051664461,0.10064481592037579,0.10064481592037579,0.27976190476190477,0.27976190476190477,0.018812676803414766,12500.0,168,168,cemhsey_forward_day_logo
cemhsey,cemhsey_forward_day_logo|D08,selective_prediction,S7,grasp_protocol,D08,0.6666666666666666,0.6666666666666667,0.6768654645527679,0.6768654645527679,0.5799693582136191,1.2264451121078512,0.3124748968916233,0.1304167258134877,0.1304167258134877,0.0,0.0,0.0,12500.0,504,504,cemhsey_forward_day_logo
cemhsey,cemhsey_forward_day_logo|D08,set_acsa_tau_0.02,S7,grasp_protocol,D08,0.6726190476190477,0.6726190476190477,0.68292103688741,0.68292103688741,0.5687879760379091,1.198121692904277,0.30810575414370894,0.12392769080995533,0.12392769080995533,0.023809523809523808,0.023809523809523808,0.0002767467606593956,12500.0,168,168,cemhsey_forward_day_logo
cemhsey,cemhsey_forward_day_logo|D08,agency_margin_tau_0.02,S7,grasp_protocol,D08,0.6666666666666666,0.6666666666666667,0.6750767535112118,0.6750767535112118,0.5608813984600197,2.307873833735676,0.283500536631939,0.12516945512035885,0.12516945512035885,0.02976190476190476,0.02976190476190476,0.0003670748442793204,12500.0,168,168,cemhsey_forward_day_logo
cemhsey,cemhsey_forward_day_logo|D08,set_acsa_tau_0.05,S7,grasp_protocol,D08,0.7083333333333334,0.7083333333333333,0.7140505930897609,0.7140505930897609,0.5585419294085877,1.1724378942073133,0.3277042328558438,0.11550266809611107,0.11550266809611107,0.08928571428571429,0.08928571428571429,0.0023892512558743406,12500.0,168,168,cemhsey_forward_day_logo
cemhsey,cemhsey_forward_day_logo|D08,agency_margin_tau_0.05,S7,grasp_protocol,D08,0.7083333333333334,0.7083333333333333,0.7140505930897609,0.7140505930897609,0.5340906531231543,1.9646531674935523,0.2755423151984081,0.11595966028255604,0.11595966028255604,0.08928571428571429,0.08928571428571429,0.0023892512558743406,12500.0,168,168,cemhsey_forward_day_logo
cemhsey,cemhsey_forward_day_logo|D08,set_acsa_tau_0.10,S7,grasp_protocol,D08,0.7202380952380952,0.7202380952380952,0.7253887458814672,0.7253887458814672,0.5547492847805626,1.1641320192205522,0.3376559525599111,0.11006019886489919,0.11006019886489919,0.11904761904761904,0.11904761904761904,0.00459372335458111,12500.0,168,168,cemhsey_forward_day_logo
cemhsey,cemhsey_forward_day_logo|D08,agency_margin_tau_0.10,S7,grasp_protocol,D08,0.7261904761904762,0.7261904761904763,0.7301992570077677,0.7301992570077677,0.5152727981359211,1.3575316710973657,0.2846258954025498,0.10957961190136409,0.10957961190136409,0.125,0.125,0.004945151865822538,12500.0,168,168,cemhsey_forward_day_logo
cemhsey,cemhsey_forward_day_logo|D08,set_acsa_tau_0.15,S7,grasp_protocol,D08,0.75,0.75,0.7483560090702949,0.7483560090702949,0.541123372070218,1.1305116383375746,0.36361284993765486,0.09833782389145963,0.09833782389145963,0.15476190476190477,0.15476190476190477,0.009094237717462964,12500.0,168,168,cemhsey_forward_day_logo
cemhsey,cemhsey_forward_day_logo|D08,agency_margin_tau_0.15,S7,grasp_protocol,D08,0.75,0.75,0.7482574189095929,0.7482574189095929,0.5114519245798855,1.2068241094991414,0.32031202075734655,0.09876965307610436,0.09876965307610436,0.16071428571428573,0.16071428571428573,0.009914088668224626,12500.0,168,168,cemhsey_forward_day_logo
cemhsey,cemhsey_forward_day_logo|D08,set_acsa_tau_0.20,S7,grasp_protocol,D08,0.7678571428571429,0.7678571428571429,0.7639227175063964,0.7639227175063964,0.533956891070816,1.1109315606256671,0.3805690952447184,0.09276466438467765,0.09276466438467765,0.17261904761904762,0.17261904761904762,0.012063852400432066,12500.0,168,168,cemhsey_forward_day_logo
cemhsey,cemhsey_forward_day_logo|D08,agency_margin_tau_0.20,S7,grasp_protocol,D08,0.7678571428571429,0.7678571428571429,0.7639227175063964,0.7639227175063964,0.5144415682040707,1.0650922172705553,0.35511564710219246,0.09276466438467765,0.09276466438467765,0.17261904761904762,0.17261904761904762,0.012063852400432066,12500.0,168,168,cemhsey_forward_day_logo
cemhsey,cemhsey_forward_day_logo|D08,user_only,S8,grasp_protocol,D08,0.24404761904761904,0.24404761904761907,0.20217645745853519,0.20217645745853519,0.8198581931856351,1.6451819863214485,0.13417609424313248,0.8033845415337563,0.8033845415337563,0.0,0.0,0.0,12500.0,168,168,cemhsey_forward_day_logo
cemhsey,cemhsey_forward_day_logo|D08,assist_only,S8,grasp_protocol,D08,0.30357142857142855,0.30357142857142855,0.249139220567792,0.249139220567792,0.7959196268065549,1.884569853304755,0.15849290786981232,0.7843809471648219,0.7843809471648219,0.5773809523809523,0.5773809523809523,0.11107307028928697,12500.0,168,168,cemhsey_forward_day_logo
cemhsey,cemhsey_forward_day_logo|D08,confidence_blend_alpha_0.25,S8,grasp_protocol,D08,0.25595238095238093,0.25595238095238093,0.2177054777244427,0.2177054777244427,0.7941254846439681,1.5839182785131276,0.11914001674387771,0.7882399758237233,0.7882399758237233,0.14285714285714285,0.14285714285714285,0.005050748905241047,12500.0,168,168,cemhsey_forward_day_logo
cemhsey,cemhsey_forward_day_logo|D08,confidence_blend_alpha_0.50,S8,grasp_protocol,D08,0.27380952380952384,0.2738095238095238,0.2332034632034632,0.2332034632034632,0.7815581540669013,1.5572232185390422,0.14921781869376854,0.777120171251475,0.777120171251475,0.2916666666666667,0.2916666666666667,0.025143372323582564,12500.0,168,168,cemhsey_forward_day_logo
cemhsey,cemhsey_forward_day_logo|D08,confidence_blend_alpha_0.75,S8,grasp_protocol,D08,0.3273809523809524,0.3273809523809524,0.26633912824389017,0.26633912824389017,0.7821562014544237,1.5607683716852794,0.1666830193535054,0.7620052371287471,0.7620052371287471,0.44642857142857145,0.44642857142857145,0.07297730476061494,12500.0,168,168,cemhsey_forward_day_logo
cemhsey,cemhsey_forward_day_logo|D08,selective_prediction,S8,grasp_protocol,D08,0.24404761904761904,0.24404761904761907,0.20234458898903987,0.20234458898903987,0.8312413569520222,1.866676638110673,0.14449487798681532,0.8153728121519748,0.8153728121519748,0.017857142857142856,0.017857142857142856,0.002032576352414683,12500.0,504,504,cemhsey_forward_day_logo
cemhsey,cemhsey_forward_day_logo|D08,set_acsa_tau_0.02,S8,grasp_protocol,D08,0.23214285714285715,0.23214285714285715,0.1943832652101652,0.1943832652101652,0.8166919857550733,1.6443123079818964,0.1699061485474576,0.7981403666032505,0.7981403666032505,0.023809523809523808,0.023809523809523808,0.00023306430998179281,12500.0,168,168,cemhsey_forward_day_logo
cemhsey,cemhsey_forward_day_logo|D08,agency_margin_tau_0.02,S8,grasp_protocol,D08,0.23809523809523808,0.23809523809523808,0.20162050655627395,0.20162050655627395,0.980287058572811,6.48032457532363,0.304814212141437,0.7977560285423247,0.7977560285423247,0.03571428571428571,0.03571428571428571,0.00030753400453432695,12500.0,168,168,cemhsey_forward_day_logo
cemhsey,cemhsey_forward_day_logo|D08,set_acsa_tau_0.05,S8,grasp_protocol,D08,0.25,0.25,0.2122854840402099,0.2122854840402099,0.8106746240963655,1.6277342223653162,0.15901610681873982,0.7993930918149866,0.7993930918149866,0.07738095238095238,0.07738095238095238,0.0018535633850268953,12500.0,168,168,cemhsey_forward_day_logo
cemhsey,cemhsey_forward_day_logo|D08,agency_margin_tau_0.05,S8,grasp_protocol,D08,0.25595238095238093,0.25595238095238093,0.21844667892388242,0.21844667892388242,0.9810682364375555,6.914309699585654,0.2997268432822392,0.7990641383992839,0.7990641383992839,0.08928571428571429,0.08928571428571429,0.0020604112487814757,12500.0,168,168,cemhsey_forward_day_logo
cemhsey,cemhsey_forward_day_logo|D08,set_acsa_tau_0.10,S8,grasp_protocol,D08,0.2619047619047619,0.2619047619047619,0.2266724833169342,0.2266724833169342,0.816745035636625,1.9270874663573778,0.16361912185853253,0.8087541347847745,0.8087541347847745,0.13095238095238096,0.13095238095238096,0.005614939030987097,12500.0,168,168,cemhsey_forward_day_logo
cemhsey,cemhsey_forward_day_logo|D08,agency_margin_tau_0.10,S8,grasp_protocol,D08,0.2619047619047619,0.2619047619047619,0.22592317525265196,0.22592317525265196,0.9627947182481926,6.732568943830499,0.28221089331131216,0.8087159784966185,0.8087159784966185,0.13690476190476192,0.13690476190476192,0.005776755172042459,12500.0,168,168,cemhsey_forward_day_logo
cemhsey,cemhsey_forward_day_logo|D08,set_acsa_tau_0.15,S8,grasp_protocol,D08,0.27380952380952384,0.27380952380952384,0.23545878282802052,0.23545878282802052,0.8099665907251372,1.9018134360095666,0.15771215635792854,0.8085838282519459,0.8085838282519459,0.16666666666666666,0.16666666666666666,0.00998398049370762,12500.0,168,168,cemhsey_forward_day_logo
cemhsey,cemhsey_forward_day_logo|D08,agency_margin_tau_0.15,S8,grasp_protocol,D08,0.27380952380952384,0.27380952380952384,0.23545878282802052,0.23545878282802052,0.9004900058759808,5.195355926588127,0.235551536595613,0.8085463918937547,0.8085463918937547,0.16666666666666666,0.16666666666666666,0.00998398049370762,12500.0,168,168,cemhsey_forward_day_logo
cemhsey,cemhsey_forward_day_logo|D08,set_acsa_tau_0.20,S8,grasp_protocol,D08,0.27380952380952384,0.27380952380952384,0.23437752999430472,0.23437752999430472,0.8122284680176235,1.905093025761681,0.16109667665720287,0.8111775273438854,0.8111775273438854,0.19047619047619047,0.19047619047619047,0.014196684145394314,12500.0,168,168,cemhsey_forward_day_logo
cemhsey,cemhsey_forward_day_logo|D08,agency_margin_tau_0.20,S8,grasp_protocol,D08,0.27380952380952384,0.27380952380952384,0.23437752999430472,0.23437752999430472,0.8507738787325257,3.4021279842474277,0.20803731676954276,0.8111403249629331,0.8111403249629331,0.19047619047619047,0.19047619047619047,0.014196684145394314,12500.0,168,168,cemhsey_forward_day_logo
cemhsey,cemhsey_forward_day_logo|D08,user_only,S9,grasp_protocol,D08,0.3630952380952381,0.36309523809523814,0.3238413838858613,0.3238413838858613,0.7490493174981185,1.6043993546947415,0.05774920440148912,0.5107400859131339,0.5107400859131339,0.0,0.0,0.0,12500.0,168,168,cemhsey_forward_day_logo
cemhsey,cemhsey_forward_day_logo|D08,assist_only,S9,grasp_protocol,D08,0.3333333333333333,0.3333333333333333,0.2913250174883913,0.2913250174883913,0.7457332847772226,1.6052762944633405,0.0709991511267421,0.5213773038548368,0.5213773038548368,0.5535714285714286,0.5535714285714286,0.05773547677917256,12500.0,168,168,cemhsey_forward_day_logo
cemhsey,cemhsey_forward_day_logo|D08,confidence_blend_alpha_0.25,S9,grasp_protocol,D08,0.39285714285714285,0.39285714285714285,0.36165676454846796,0.36165676454846796,0.7384379670309498,1.5754254177986269,0.0956741042170828,0.473640975074887,0.473640975074887,0.16071428571428573,0.16071428571428573,0.004548318946406752,12500.0,168,168,cemhsey_forward_day_logo
cemhsey,cemhsey_forward_day_logo|D08,confidence_blend_alpha_0.50,S9,grasp_protocol,D08,0.39285714285714285,0.39285714285714285,0.3632435358967435,0.3632435358967435,0.734348178088411,1.5652390835231873,0.09894216248758672,0.45864361001098264,0.45864361001098264,0.2857142857142857,0.2857142857142857,0.01720440748362938,12500.0,168,168,cemhsey_forward_day_logo
cemhsey,cemhsey_forward_day_logo|D08,confidence_blend_alpha_0.75,S9,grasp_protocol,D08,0.35119047619047616,0.35119047619047616,0.3093802370395581,0.3093802370395581,0.7367799506705017,1.5727395302742797,0.08771759334208631,0.4713144954842925,0.4713144954842925,0.47023809523809523,0.47023809523809523,0.04366609708697428,12500.0,168,168,cemhsey_forward_day_logo
cemhsey,cemhsey_forward_day_logo|D08,selective_prediction,S9,grasp_protocol,D08,0.3630952380952381,0.36309523809523814,0.3238413838858613,0.3238413838858613,0.7490493174981185,1.6043993546947415,0.057749204401489125,0.5095251388088452,0.5095251388088452,0.0,0.0,0.0,12500.0,504,504,cemhsey_forward_day_logo
cemhsey,cemhsey_forward_day_logo|D08,set_acsa_tau_0.02,S9,grasp_protocol,D08,0.375,0.37500000000000006,0.3405059939489646,0.3405059939489646,0.7409879063150215,1.600238236598803,0.0702533115983879,0.48038114877599236,0.48038114877599236,0.047619047619047616,0.047619047619047616,0.000474439791731193,12500.0,168,168,cemhsey_forward_day_logo
cemhsey,cemhsey_forward_day_logo|D08,agency_margin_tau_0.02,S9,grasp_protocol,D08,0.3869047619047619,0.3869047619047619,0.35061483417521544,0.35061483417521544,0.8097376156465699,4.641815094933401,0.15612606498519588,0.4781749866412502,0.4781749866412502,0.06547619047619048,0.06547619047619048,0.0006371091834123433,12500.0,168,168,cemhsey_forward_day_logo
cemhsey,cemhsey_forward_day_logo|D08,set_acsa_tau_0.05,S9,grasp_protocol,D08,0.36904761904761907,0.36904761904761907,0.3431730365405875,0.3431730365405875,0.7414310837387202,1.5978173662881066,0.0600023902960794,0.4957357396770926,0.4957357396770926,0.125,0.125,0.0032759728772574605,12500.0,168,168,cemhsey_forward_day_logo
cemhsey,cemhsey_forward_day_logo|D08,agency_margin_tau_0.05,S9,grasp_protocol,D08,0.38095238095238093,0.38095238095238093,0.3535609056828725,0.3535609056828725,0.8367718388032339,5.273862779041603,0.19280079070215123,0.4942462731452752,0.4942462731452752,0.13690476190476192,0.13690476190476192,0.0033658962499682763,12500.0,168,168,cemhsey_forward_day_logo
cemhsey,cemhsey_forward_day_logo|D08,set_acsa_tau_0.10,S9,grasp_protocol,D08,0.38095238095238093,0.380952380952381,0.3578425180523552,0.3578425180523552,0.7350147204761998,1.5718606686894188,0.06700756814966223,0.49277686499153195,0.49277686499153195,0.23214285714285715,0.23214285714285715,0.011341957091255097,12500.0,168,168,cemhsey_forward_day_logo
cemhsey,cemhsey_forward_day_logo|D08,agency_margin_tau_0.10,S9,grasp_protocol,D08,0.3869047619047619,0.3869047619047619,0.36300315771115704,0.36300315771115704,0.7718895137990216,4.017263689945436,0.12421055822501685,0.4911989640222213,0.4911989640222213,0.23809523809523808,0.23809523809523808,0.01135712604566388,12500.0,168,168,cemhsey_forward_day_logo
cemhsey,cemhsey_forward_day_logo|D08,set_acsa_tau_0.15,S9,grasp_protocol,D08,0.375,0.37500000000000006,0.35221639426507084,0.35221639426507084,0.7317634934432254,1.5520005472114415,0.06442706391146504,0.503881233782014,0.503881233782014,0.30357142857142855,0.30357142857142855,0.020049876992519217,12500.0,168,168,cemhsey_forward_day_logo
cemhsey,cemhsey_forward_day_logo|D08,agency_margin_tau_0.15,S9,grasp_protocol,D08,0.375,0.37500000000000006,0.35221639426507084,0.35221639426507084,0.7341043513386716,2.6691465438905073,0.08522136743922394,0.5033818047565775,0.5033818047565775,0.30357142857142855,0.30357142857142855,0.020049876992519217,12500.0,168,168,cemhsey_forward_day_logo
cemhsey,cemhsey_forward_day_logo|D08,set_acsa_tau_0.20,S9,grasp_protocol,D08,0.35714285714285715,0.35714285714285715,0.3365640543070726,0.3365640543070726,0.7359871711830515,1.5684101060929394,0.05816524493708326,0.5223222683893134,0.5223222683893134,0.35119047619047616,0.35119047619047616,0.028627103904065258,12500.0,168,168,cemhsey_forward_day_logo
cemhsey,cemhsey_forward_day_logo|D08,agency_margin_tau_0.20,S9,grasp_protocol,D08,0.35714285714285715,0.35714285714285715,0.3365640543070726,0.3365640543070726,0.7347125403777396,2.1156156744917105,0.07607832108595344,0.5223222683893134,0.5223222683893134,0.35119047619047616,0.35119047619047616,0.028627103904065258,12500.0,168,168,cemhsey_forward_day_logo
cemhsey,cemhsey_forward_day_logo|D08,user_only,S11,grasp_protocol,D08,0.7976190476190477,0.7976190476190476,0.7913809788146875,0.7913809788146875,0.3841903188371917,0.8294265326011144,0.2597590475685869,0.05289937857291436,0.05289937857291436,0.0,0.0,0.0,12500.0,168,168,cemhsey_forward_day_logo
cemhsey,cemhsey_forward_day_logo|D08,assist_only,S11,grasp_protocol,D08,0.8809523809523809,0.880952380952381,0.8800993607525028,0.8800993607525028,0.302588795961482,0.6343224571891642,0.3340121636581307,0.014662127532894314,0.014662127532894314,0.21428571428571427,0.21428571428571427,0.04413113932782116,12500.0,168,168,cemhsey_forward_day_logo
cemhsey,cemhsey_forward_day_logo|D08,confidence_blend_alpha_0.25,S11,grasp_protocol,D08,0.8630952380952381,0.863095238095238,0.8594071953493216,0.8594071953493216,0.3443591688106165,0.727311343627098,0.3326785068810876,0.03279236042417614,0.03279236042417614,0.07738095238095238,0.07738095238095238,0.006454880807065936,12500.0,168,168,cemhsey_forward_day_logo
cemhsey,cemhsey_forward_day_logo|D08,confidence_blend_alpha_0.50,S11,grasp_protocol,D08,0.9107142857142857,0.9107142857142857,0.9090166252836538,0.9090166252836538,0.31748186498917047,0.6757780149150803,0.371164921212522,0.02036079605954557,0.02036079605954557,0.1130952380952381,0.1130952380952381,0.015346979437391984,12500.0,168,168,cemhsey_forward_day_logo
cemhsey,cemhsey_forward_day_logo|D08,confidence_blend_alpha_0.75,S11,grasp_protocol,D08,0.9166666666666666,0.9166666666666667,0.9151977069897727,0.9151977069897727,0.3035584073727995,0.6468616895011211,0.3666447067209841,0.012880924216505087,0.012880924216505087,0.16071428571428573,0.16071428571428573,0.025584918047204114,12500.0,168,168,cemhsey_forward_day_logo
cemhsey,cemhsey_forward_day_logo|D08,selective_prediction,S11,grasp_protocol,D08,0.8154761904761905,0.8154761904761905,0.8101536877039666,0.8101536877039666,0.32385823272361347,0.7129894769457892,0.223718736134272,0.03642800778787719,0.03642800778787719,0.017857142857142856,0.017857142857142856,0.0031633053543248975,12500.0,504,504,cemhsey_forward_day_logo
cemhsey,cemhsey_forward_day_logo|D08,set_acsa_tau_0.02,S11,grasp_protocol,D08,0.8035714285714286,0.8035714285714286,0.7973617689183198,0.7973617689183198,0.3066899614619425,0.683458744474896,0.2337427710164441,0.030552952963773767,0.030552952963773767,0.005952380952380952,0.005952380952380952,4.521740126870048e-05,12500.0,168,168,cemhsey_forward_day_logo
cemhsey,cemhsey_forward_day_logo|D08,agency_margin_tau_0.02,S11,grasp_protocol,D08,0.8035714285714286,0.8035714285714286,0.7973617689183198,0.7973617689183198,0.2695489523673875,0.7280209612098139,0.1866539357849573,0.030552952963773767,0.030552952963773767,0.005952380952380952,0.005952380952380952,4.521740126870048e-05,12500.0,168,168,cemhsey_forward_day_logo
cemhsey,cemhsey_forward_day_logo|D08,set_acsa_tau_0.05,S11,grasp_protocol,D08,0.8214285714285714,0.8214285714285714,0.8149151673940592,0.8149151673940592,0.2981749419788209,0.6666997598556299,0.2375516846493209,0.026979058106291316,0.026979058106291316,0.023809523809523808,0.023809523809523808,0.000769038322281684,12500.0,168,168,cemhsey_forward_day_logo
cemhsey,cemhsey_forward_day_logo|D08,agency_margin_tau_0.05,S11,grasp_protocol,D08,0.8214285714285714,0.8214285714285714,0.815443562708839,0.815443562708839,0.26397737156585943,0.8649068677675983,0.18561901955460178,0.027136089133002594,0.027136089133002594,0.02976190476190476,0.02976190476190476,0.0009323205403541419,12500.0,168,168,cemhsey_forward_day_logo
cemhsey,cemhsey_forward_day_logo|D08,set_acsa_tau_0.10,S11,grasp_protocol,D08,0.8333333333333334,0.8333333333333334,0.8283799695474539,0.8283799695474539,0.2880080845902513,0.6444793027750682,0.24737124975449518,0.02417400020439429,0.02417400020439429,0.047619047619047616,0.047619047619047616,0.0024111200222952426,12500.0,168,168,cemhsey_forward_day_logo
cemhsey,cemhsey_forward_day_logo|D08,agency_margin_tau_0.10,S11,grasp_protocol,D08,0.8333333333333334,0.8333333333333334,0.8281213222202292,0.8281213222202292,0.256663092378242,0.8494907810636722,0.1782797607864943,0.02417400020439429,0.02417400020439429,0.05357142857142857,0.05357142857142857,0.002997419807519292,12500.0,168,168,cemhsey_forward_day_logo
cemhsey,cemhsey_forward_day_logo|D08,set_acsa_tau_0.15,S11,grasp_protocol,D08,0.8452380952380952,0.8452380952380952,0.8410411256541013,0.8410411256541013,0.28134994862948093,0.6283289578555596,0.24968920341144626,0.02213894803536747,0.02213894803536747,0.05952380952380952,0.05952380952380952,0.004114362586411988,12500.0,168,168,cemhsey_forward_day_logo
cemhsey,cemhsey_forward_day_logo|D08,agency_margin_tau_0.15,S11,grasp_protocol,D08,0.8452380952380952,0.8452380952380952,0.8410411256541013,0.8410411256541013,0.248514332645644,0.5419622657060875,0.19826195325211415,0.02213894803536747,0.02213894803536747,0.05952380952380952,0.05952380952380952,0.004114362586411988,12500.0,168,168,cemhsey_forward_day_logo
cemhsey,cemhsey_forward_day_logo|D08,set_acsa_tau_0.20,S11,grasp_protocol,D08,0.8690476190476191,0.8690476190476192,0.8648880222544063,0.8648880222544063,0.26679891159924096,0.5981711006537109,0.2596272934072263,0.018574854055177045,0.018574854055177045,0.08333333333333333,0.08333333333333333,0.00808415551972077,12500.0,168,168,cemhsey_forward_day_logo
cemhsey,cemhsey_forward_day_logo|D08,agency_margin_tau_0.20,S11,grasp_protocol,D08,0.8690476190476191,0.8690476190476192,0.8648880222544063,0.8648880222544063,0.2399290526649744,0.5254692544416212,0.20713262018167813,0.018574854055177045,0.018574854055177045,0.08333333333333333,0.08333333333333333,0.00808415551972077,12500.0,168,168,cemhsey_forward_day_logo
cemhsey,cemhsey_forward_day_logo|D08,user_only,S12,grasp_protocol,D08,0.6785714285714286,0.6785714285714286,0.6684756119559784,0.6684756119559784,0.4715737013108412,0.9709756330031628,0.20514539926785597,0.14739286115214761,0.14739286115214761,0.0,0.0,0.0,12500.0,168,168,cemhsey_forward_day_logo
cemhsey,cemhsey_forward_day_logo|D08,assist_only,S12,grasp_protocol,D08,0.7738095238095238,0.7738095238095238,0.7668755369605857,0.7668755369605857,0.4454351423513094,0.8898082779802321,0.30431648728418204,0.09498347633878332,0.09498347633878332,0.27380952380952384,0.27380952380952384,0.04657852993272242,12500.0,168,168,cemhsey_forward_day_logo
cemhsey,cemhsey_forward_day_logo|D08,confidence_blend_alpha_0.25,S12,grasp_protocol,D08,0.7380952380952381,0.7380952380952381,0.7243071327788616,0.7243071327788616,0.4528011968248524,0.9202706357158897,0.2749736306322522,0.12055480339349346,0.12055480339349346,0.08333333333333333,0.08333333333333333,0.00313188513120922,12500.0,168,168,cemhsey_forward_day_logo
cemhsey,cemhsey_forward_day_logo|D08,confidence_blend_alpha_0.50,S12,grasp_protocol,D08,0.7797619047619048,0.7797619047619048,0.7597063486060931,0.7597063486060931,0.4421872688362769,0.8953441274135938,0.3082017617071,0.10440707059439217,0.10440707059439217,0.16071428571428573,0.16071428571428573,0.014209550118288663,12500.0,168,168,cemhsey_forward_day_logo
cemhsey,cemhsey_forward_day_logo|D08,confidence_blend_alpha_0.75,S12,grasp_protocol,D08,0.7976190476190477,0.7976190476190474,0.7810844418769329,0.7810844418769329,0.4397319173451037,0.8861331565074845,0.32918738700704325,0.09069271190890835,0.09069271190890835,0.21428571428571427,0.21428571428571427,0.022945786023510384,12500.0,168,168,cemhsey_forward_day_logo
cemhsey,cemhsey_forward_day_logo|D08,selective_prediction,S12,grasp_protocol,D08,0.6865079365079365,0.6865079365079365,0.6759500369702515,0.6759500369702515,0.4602404104167129,0.9504584772868072,0.2031759210068249,0.13880894744541752,0.13880894744541752,0.007936507936507936,0.007936507936507936,0.0002737347576737454,12500.0,504,504,cemhsey_forward_day_logo
cemhsey,cemhsey_forward_day_logo|D08,set_acsa_tau_0.02,S12,grasp_protocol,D08,0.6964285714285714,0.6964285714285714,0.6830504247525525,0.6830504247525525,0.44208056775693955,0.9067857679170386,0.19909654462902399,0.1265277556843208,0.1265277556843208,0.017857142857142856,0.017857142857142856,0.00027530687599361457,12500.0,168,168,cemhsey_forward_day_logo
cemhsey,cemhsey_forward_day_logo|D08,agency_margin_tau_0.02,S12,grasp_protocol,D08,0.6964285714285714,0.6964285714285714,0.6830504247525525,0.6830504247525525,0.4511125924890603,2.4738071885720125,0.20296561524320203,0.12680250643162183,0.12680250643162183,0.017857142857142856,0.017857142857142856,0.00027530687599361457,12500.0,168,168,cemhsey_forward_day_logo
cemhsey,cemhsey_forward_day_logo|D08,set_acsa_tau_0.05,S12,grasp_protocol,D08,0.7321428571428571,0.7321428571428573,0.7186829759811256,0.7186829759811256,0.4264664002507213,0.8750211595236408,0.21014552140284073,0.11535002655159199,0.11535002655159199,0.05952380952380952,0.05952380952380952,0.001636018056516857,12500.0,168,168,cemhsey_forward_day_logo
cemhsey,cemhsey_forward_day_logo|D08,agency_margin_tau_0.05,S12,grasp_protocol,D08,0.7321428571428571,0.7321428571428573,0.7186829759811256,0.7186829759811256,0.4146115667964058,2.118184147270785,0.18482332489133219,0.11546051252912064,0.11546051252912064,0.05952380952380952,0.05952380952380952,0.001636018056516857,12500.0,168,168,cemhsey_forward_day_logo
cemhsey,cemhsey_forward_day_logo|D08,set_acsa_tau_0.10,S12,grasp_protocol,D08,0.7678571428571429,0.7678571428571429,0.758067949836028,0.758067949836028,0.41066426861898603,0.8398969257942058,0.2275277850119786,0.10842757986090651,0.10842757986090651,0.10119047619047619,0.10119047619047619,0.004975542757502209,12500.0,168,168,cemhsey_forward_day_logo
cemhsey,cemhsey_forward_day_logo|D08,agency_margin_tau_0.10,S12,grasp_protocol,D08,0.7678571428571429,0.7678571428571429,0.758067949836028,0.758067949836028,0.388225275509311,1.7839719103210474,0.18387791123568853,0.10842757986090651,0.10842757986090651,0.10119047619047619,0.10119047619047619,0.004975542757502209,12500.0,168,168,cemhsey_forward_day_logo
cemhsey,cemhsey_forward_day_logo|D08,set_acsa_tau_0.15,S12,grasp_protocol,D08,0.7738095238095238,0.7738095238095238,0.7645121651707079,0.7645121651707079,0.4040715790431477,0.8232876799344835,0.22915976980749295,0.10833680668483045,0.10833680668483045,0.13095238095238096,0.13095238095238096,0.008646803057634817,12500.0,168,168,cemhsey_forward_day_logo
cemhsey,cemhsey_forward_day_logo|D08,agency_margin_tau_0.15,S12,grasp_protocol,D08,0.7738095238095238,0.7738095238095238,0.7645121651707079,0.7645121651707079,0.3843020540298208,1.3290552513409097,0.20161382371480002,0.10833680668483045,0.10833680668483045,0.13095238095238096,0.13095238095238096,0.008646803057634817,12500.0,168,168,cemhsey_forward_day_logo
cemhsey,cemhsey_forward_day_logo|D08,set_acsa_tau_0.20,S12,grasp_protocol,D08,0.7797619047619048,0.7797619047619048,0.7704980865025055,0.7704980865025055,0.4009942883795271,0.8164957006190606,0.23428668129541755,0.10690169347681805,0.10690169347681805,0.13690476190476192,0.13690476190476192,0.00982799874711501,12500.0,168,168,cemhsey_forward_day_logo
cemhsey,cemhsey_forward_day_logo|D08,agency_margin_tau_0.20,S12,grasp_protocol,D08,0.7797619047619048,0.7797619047619048,0.7704980865025055,0.7704980865025055,0.38054887146802435,1.039549627117008,0.20439274815609657,0.10690169347681805,0.10690169347681805,0.13690476190476192,0.13690476190476192,0.00982799874711501,12500.0,168,168,cemhsey_forward_day_logo
cemhsey,cemhsey_forward_day_logo|D08,user_only,S13,grasp_protocol,D08,0.7440476190476191,0.7440476190476192,0.7423304926366151,0.7423304926366151,0.47827077122396067,0.9631600351793466,0.2835447687311659,0.11607812897977214,0.11607812897977214,0.0,0.0,0.0,12500.0,168,168,cemhsey_forward_day_logo
cemhsey,cemhsey_forward_day_logo|D08,assist_only,S13,grasp_protocol,D08,0.8035714285714286,0.8035714285714285,0.8036223568410789,0.8036223568410789,0.43282779330098703,0.8621788615433126,0.3341753413433281,0.07802070438753039,0.07802070438753039,0.34523809523809523,0.34523809523809523,0.05891025047328963,12500.0,168,168,cemhsey_forward_day_logo
cemhsey,cemhsey_forward_day_logo|D08,confidence_blend_alpha_0.25,S13,grasp_protocol,D08,0.8333333333333334,0.8333333333333334,0.8314062375415243,0.8314062375415243,0.451910337273189,0.906745358212432,0.3786987007766727,0.08331437155189406,0.08331437155189406,0.1130952380952381,0.1130952380952381,0.005835635306460176,12500.0,168,168,cemhsey_forward_day_logo
cemhsey,cemhsey_forward_day_logo|D08,confidence_blend_alpha_0.50,S13,grasp_protocol,D08,0.8690476190476191,0.8690476190476192,0.8683328071836963,0.8683328071836963,0.4355496963024382,0.8749852232939497,0.4134776026427616,0.060577379689588595,0.060577379689588595,0.22023809523809523,0.22023809523809523,0.02212750541323065,12500.0,168,168,cemhsey_forward_day_logo
cemhsey,cemhsey_forward_day_logo|D08,confidence_blend_alpha_0.75,S13,grasp_protocol,D08,0.8511904761904762,0.8511904761904762,0.8519581906055645,0.8519581906055645,0.429188848311706,0.8604682017609123,0.3869724673215304,0.06184122225460259,0.06184122225460259,0.26785714285714285,0.26785714285714285,0.033689544105844904,12500.0,168,168,cemhsey_forward_day_logo
cemhsey,cemhsey_forward_day_logo|D08,selective_prediction,S13,grasp_protocol,D08,0.751984126984127,0.7519841269841271,0.7497071879891981,0.7497071879891981,0.4610638181386181,0.9318940747163309,0.2763177865330497,0.10278162605589762,0.10278162605589762,0.007936507936507936,0.007936507936507936,0.0007807441133218554,12500.0,504,504,cemhsey_forward_day_logo
cemhsey,cemhsey_forward_day_logo|D08,set_acsa_tau_0.02,S13,grasp_protocol,D08,0.7738095238095238,0.7738095238095238,0.7715683420901678,0.7715683420901678,0.41225497900526975,0.842382142019835,0.2887891898847199,0.07320937158045752,0.07320937158045752,0.02976190476190476,0.02976190476190476,0.00035909954582731486,12500.0,168,168,cemhsey_forward_day_logo
cemhsey,cemhsey_forward_day_logo|D08,agency_margin_tau_0.02,S13,grasp_protocol,D08,0.7738095238095238,0.7738095238095238,0.7715683420901678,0.7715683420901678,0.34866733606010836,1.1243412953423169,0.17405528018705468,0.0734535218434477,0.0734535218434477,0.02976190476190476,0.02976190476190476,0.00035909954582731486,12500.0,168,168,cemhsey_forward_day_logo
cemhsey,cemhsey_forward_day_logo|D08,set_acsa_tau_0.05,S13,grasp_protocol,D08,0.7976190476190477,0.7976190476190476,0.7955553920628969,0.7955553920628969,0.4017296858806866,0.8247239228361538,0.3088051178042575,0.06532506031043334,0.06532506031043334,0.06547619047619048,0.06547619047619048,0.0016554589655458532,12500.0,168,168,cemhsey_forward_day_logo
cemhsey,cemhsey_forward_day_logo|D08,agency_margin_tau_0.05,S13,grasp_protocol,D08,0.7976190476190477,0.7976190476190476,0.7955553920628969,0.7955553920628969,0.3319616397616567,0.9529623526199978,0.1924740263639258,0.06552430734388719,0.06552430734388719,0.06547619047619048,0.06547619047619048,0.0016554589655458532,12500.0,168,168,cemhsey_forward_day_logo
cemhsey,cemhsey_forward_day_logo|D08,set_acsa_tau_0.10,S13,grasp_protocol,D08,0.8095238095238095,0.8095238095238094,0.807096437907308,0.807096437907308,0.39673804870465046,0.8116873144618928,0.30811880798014113,0.06419803893132038,0.06419803893132038,0.09523809523809523,0.09523809523809523,0.004167053232604271,12500.0,168,168,cemhsey_forward_day_logo
cemhsey,cemhsey_forward_day_logo|D08,agency_margin_tau_0.10,S13,grasp_protocol,D08,0.8095238095238095,0.8095238095238094,0.807096437907308,0.807096437907308,0.3391343561168278,1.1086745579568205,0.20343277959736858,0.06439336235223739,0.06439336235223739,0.09523809523809523,0.09523809523809523,0.004167053232604271,12500.0,168,168,cemhsey_forward_day_logo
cemhsey,cemhsey_forward_day_logo|D08,set_acsa_tau_0.15,S13,grasp_protocol,D08,0.8273809523809523,0.8273809523809523,0.8251993508577548,0.8251993508577548,0.38591032310688156,0.7887268331644839,0.31490616996947446,0.059660508214202386,0.059660508214202386,0.14285714285714285,0.14285714285714285,0.010136792634345856,12500.0,168,168,cemhsey_forward_day_logo
cemhsey,cemhsey_forward_day_logo|D08,agency_margin_tau_0.15,S13,grasp_protocol,D08,0.8273809523809523,0.8273809523809523,0.8251993508577548,0.8251993508577548,0.3404197719294905,1.11121006072154,0.2275898896145821,0.059660508214202386,0.059660508214202386,0.14285714285714285,0.14285714285714285,0.010136792634345856,12500.0,168,168,cemhsey_forward_day_logo
cemhsey,cemhsey_forward_day_logo|D08,set_acsa_tau_0.20,S13,grasp_protocol,D08,0.8571428571428571,0.8571428571428571,0.8553379123704221,0.8553379123704221,0.3683611811225197,0.75204985617336,0.32755759229112974,0.05583135087600335,0.05583135087600335,0.17857142857142858,0.17857142857142858,0.01659272681124111,12500.0,168,168,cemhsey_forward_day_logo
cemhsey,cemhsey_forward_day_logo|D08,agency_margin_tau_0.20,S13,grasp_protocol,D08,0.8571428571428571,0.8571428571428571,0.8553379123704221,0.8553379123704221,0.33552862836542807,0.8003486243984929,0.2675850507125902,0.05583135087600335,0.05583135087600335,0.17857142857142858,0.17857142857142858,0.01659272681124111,12500.0,168,168,cemhsey_forward_day_logo
cemhsey,cemhsey_forward_day_logo|D09,user_only,S1,grasp_protocol,D09,0.8214285714285714,0.8214285714285714,0.81824630932136,0.81824630932136,0.34013099576328965,0.7217730205076408,0.24861528534303207,0.038664092314172324,0.038664092314172324,0.0,0.0,0.0,12500.0,168,168,cemhsey_forward_day_logo
cemhsey,cemhsey_forward_day_logo|D09,assist_only,S1,grasp_protocol,D09,0.9285714285714286,0.9285714285714286,0.9252133218007152,0.9252133218007152,0.2676799394858483,0.5688636517841831,0.3391342805025581,0.016232056727571404,0.016232056727571404,0.17857142857142858,0.17857142857142858,0.028132494931860392,12500.0,168,168,cemhsey_forward_day_logo
cemhsey,cemhsey_forward_day_logo|D09,confidence_blend_alpha_0.25,S1,grasp_protocol,D09,0.8928571428571429,0.8928571428571429,0.889158555071442,0.889158555071442,0.3063291549092864,0.6451543159864589,0.3198008954045303,0.024043280325026943,0.024043280325026943,0.08333333333333333,0.08333333333333333,0.0060972052437685805,12500.0,168,168,cemhsey_forward_day_logo
cemhsey,cemhsey_forward_day_logo|D09,confidence_blend_alpha_0.50,S1,grasp_protocol,D09,0.9523809523809523,0.9523809523809524,0.9518766909228289,0.9518766909228289,0.2829866985784494,0.6037870118034553,0.3776497643871317,0.014997104251366002,0.014997104251366002,0.14285714285714285,0.14285714285714285,0.020076354886154404,12500.0,168,168,cemhsey_forward_day_logo
cemhsey,cemhsey_forward_day_logo|D09,confidence_blend_alpha_0.75,S1,grasp_protocol,D09,0.9404761904761905,0.9404761904761906,0.938689809630459,0.938689809630459,0.27010362677063665,0.580022396853371,0.3592889780475169,0.013507880797634255,0.013507880797634255,0.16666666666666666,0.16666666666666666,0.0257419771547643,12500.0,168,168,cemhsey_forward_day_logo
cemhsey,cemhsey_forward_day_logo|D09,selective_prediction,S1,grasp_protocol,D09,0.8412698412698413,0.8412698412698412,0.8384724437356015,0.8384724437356015,0.30959302867789495,0.6642117421062833,0.24134356194091452,0.029763011832589708,0.029763011832589708,0.01984126984126984,0.01984126984126984,0.002740703410248652,12500.0,504,504,cemhsey_forward_day_logo
cemhsey,cemhsey_forward_day_logo|D09,set_acsa_tau_0.02,S1,grasp_protocol,D09,0.8392857142857143,0.8392857142857142,0.8366419412330001,0.8366419412330001,0.2760031611246833,0.6114998982709597,0.25439423140616485,0.02179940970342384,0.02179940970342384,0.017857142857142856,0.017857142857142856,0.0001816398018840398,12500.0,168,168,cemhsey_forward_day_logo
cemhsey,cemhsey_forward_day_logo|D09,agency_margin_tau_0.02,S1,grasp_protocol,D09,0.8392857142857143,0.8392857142857142,0.8366419412330001,0.8366419412330001,0.23071237234574124,0.7874146331533464,0.18467408664302448,0.02179940970342384,0.02179940970342384,0.017857142857142856,0.017857142857142856,0.0001816398018840398,12500.0,168,168,cemhsey_forward_day_logo
cemhsey,cemhsey_forward_day_logo|D09,set_acsa_tau_0.05,S1,grasp_protocol,D09,0.8452380952380952,0.8452380952380951,0.842136631440745,0.842136631440745,0.272889389854441,0.6061189374266424,0.2548106256380687,0.020699032086837495,0.020699032086837495,0.023809523809523808,0.023809523809523808,0.00033897574018213725,12500.0,168,168,cemhsey_forward_day_logo
cemhsey,cemhsey_forward_day_logo|D09,agency_margin_tau_0.05,S1,grasp_protocol,D09,0.8452380952380952,0.8452380952380951,0.842136631440745,0.842136631440745,0.22061108781372013,0.624845462492267,0.17776583917802846,0.020699032086837495,0.020699032086837495,0.023809523809523808,0.023809523809523808,0.00033897574018213725,12500.0,168,168,cemhsey_forward_day_logo
cemhsey,cemhsey_forward_day_logo|D09,set_acsa_tau_0.10,S1,grasp_protocol,D09,0.8630952380952381,0.8630952380952381,0.8598803706275001,0.8598803706275001,0.26398202936863907,0.5887061326658349,0.2578127898772988,0.018287234790154126,0.018287234790154126,0.041666666666666664,0.041666666666666664,0.0018798546523429843,12500.0,168,168,cemhsey_forward_day_logo
cemhsey,cemhsey_forward_day_logo|D09,agency_margin_tau_0.10,S1,grasp_protocol,D09,0.8630952380952381,0.8630952380952381,0.8598803706275001,0.8598803706275001,0.2191446118927499,0.6220136954489435,0.18421932516882658,0.018287234790154126,0.018287234790154126,0.041666666666666664,0.041666666666666664,0.0018798546523429843,12500.0,168,168,cemhsey_forward_day_logo
cemhsey,cemhsey_forward_day_logo|D09,set_acsa_tau_0.15,S1,grasp_protocol,D09,0.9107142857142857,0.9107142857142858,0.9083893181775995,0.9083893181775995,0.23102272634390605,0.5192847351197107,0.26301430995924624,0.012335329586681936,0.012335329586681936,0.08928571428571429,0.08928571428571429,0.007815612074795829,12500.0,168,168,cemhsey_forward_day_logo
cemhsey,cemhsey_forward_day_logo|D09,agency_margin_tau_0.15,S1,grasp_protocol,D09,0.9107142857142857,0.9107142857142858,0.9083893181775995,0.9083893181775995,0.1858660972940823,0.41004358137864505,0.19060628314929073,0.012335329586681936,0.012335329586681936,0.08928571428571429,0.08928571428571429,0.007815612074795829,12500.0,168,168,cemhsey_forward_day_logo
cemhsey,cemhsey_forward_day_logo|D09,set_acsa_tau_0.20,S1,grasp_protocol,D09,0.9345238095238095,0.9345238095238095,0.9332626298210975,0.9332626298210975,0.2189363752220862,0.4911858714140248,0.27580646509349077,0.010887010403061132,0.010887010403061132,0.1130952380952381,0.1130952380952381,0.012071448571966847,12500.0,168,168,cemhsey_forward_day_logo
cemhsey,cemhsey_forward_day_logo|D09,agency_margin_tau_0.20,S1,grasp_protocol,D09,0.9345238095238095,0.9345238095238095,0.9332626298210975,0.9332626298210975,0.17979886018715052,0.39924483121435567,0.21811252895576844,0.010887010403061132,0.010887010403061132,0.1130952380952381,0.1130952380952381,0.012071448571966847,12500.0,168,168,cemhsey_forward_day_logo
cemhsey,cemhsey_forward_day_logo|D09,user_only,S10,grasp_protocol,D09,0.49404761904761907,0.494047619047619,0.45755348214774777,0.45755348214774777,0.659716786842465,1.3059956204463798,0.07395922955101263,0.3936934202403813,0.3936934202403813,0.0,0.0,0.0,12500.0,168,168,cemhsey_forward_day_logo
cemhsey,cemhsey_forward_day_logo|D09,assist_only,S10,grasp_protocol,D09,0.47619047619047616,0.47619047619047616,0.4365737186035594,0.4365737186035594,0.6645930218481686,1.3172054076723914,0.08313624598218247,0.37033036414800913,0.37033036414800913,0.36904761904761907,0.36904761904761907,0.0667705432643676,12500.0,168,168,cemhsey_forward_day_logo
cemhsey,cemhsey_forward_day_logo|D09,confidence_blend_alpha_0.25,S10,grasp_protocol,D09,0.5119047619047619,0.5119047619047619,0.46823054181428564,0.46823054181428564,0.6467240233125997,1.2745449387351349,0.11933454590337718,0.37928087473476035,0.37928087473476035,0.07142857142857142,0.07142857142857142,0.0024861368501395576,12500.0,168,168,cemhsey_forward_day_logo
cemhsey,cemhsey_forward_day_logo|D09,confidence_blend_alpha_0.50,S10,grasp_protocol,D09,0.5178571428571429,0.5178571428571429,0.4665082575108655,0.4665082575108655,0.6432058079702664,1.2694364748251719,0.10879119403422759,0.3657201868528499,0.3657201868528499,0.17261904761904762,0.17261904761904762,0.019423533063503078,12500.0,168,168,cemhsey_forward_day_logo
cemhsey,cemhsey_forward_day_logo|D09,confidence_blend_alpha_0.75,S10,grasp_protocol,D09,0.4880952380952381,0.48809523809523814,0.4411678406921177,0.4411678406921177,0.6491621408154561,1.2830155070427318,0.10391376056942449,0.3609074320668318,0.3609074320668318,0.26785714285714285,0.26785714285714285,0.03698012890873176,12500.0,168,168,cemhsey_forward_day_logo
cemhsey,cemhsey_forward_day_logo|D09,selective_prediction,S10,grasp_protocol,D09,0.49404761904761907,0.494047619047619,0.45755348214774777,0.45755348214774777,0.6585527367811523,1.3040797156977475,0.07339030044566242,0.3898210445786498,0.3898210445786498,0.0,0.0,0.0,12500.0,504,504,cemhsey_forward_day_logo
cemhsey,cemhsey_forward_day_logo|D09,set_acsa_tau_0.02,S10,grasp_protocol,D09,0.5059523809523809,0.5059523809523808,0.4672472499374561,0.4672472499374561,0.6463899153373331,1.285526260142543,0.05952908381702839,0.37127374999406004,0.37127374999406004,0.011904761904761904,0.011904761904761904,3.089840812532035e-05,12500.0,168,168,cemhsey_forward_day_logo
cemhsey,cemhsey_forward_day_logo|D09,agency_margin_tau_0.02,S10,grasp_protocol,D09,0.5059523809523809,0.5059523809523808,0.4672472499374561,0.4672472499374561,0.6405581125688996,2.115087096189017,0.07114492981791654,0.37127374999406004,0.37127374999406004,0.011904761904761904,0.011904761904761904,3.089840812532035e-05,12500.0,168,168,cemhsey_forward_day_logo
cemhsey,cemhsey_forward_day_logo|D09,set_acsa_tau_0.05,S10,grasp_protocol,D09,0.5059523809523809,0.5059523809523809,0.46119145635983755,0.46119145635983755,0.6436631185011708,1.2694173884444782,0.05084468396759399,0.37008601109610356,0.37008601109610356,0.041666666666666664,0.041666666666666664,0.001116936969216286,12500.0,168,168,cemhsey_forward_day_logo
cemhsey,cemhsey_forward_day_logo|D09,agency_margin_tau_0.05,S10,grasp_protocol,D09,0.5,0.5,0.4553228522653316,0.4553228522653316,0.6482947069505247,2.5580567672692487,0.07322659981121706,0.37019294265140135,0.37019294265140135,0.047619047619047616,0.047619047619047616,0.001343032378560737,12500.0,168,168,cemhsey_forward_day_logo
cemhsey,cemhsey_forward_day_logo|D09,set_acsa_tau_0.10,S10,grasp_protocol,D09,0.5119047619047619,0.5119047619047619,0.4683253393046765,0.4683253393046765,0.6426393183357298,1.2631914649319775,0.053409837808911016,0.3717653177162087,0.3717653177162087,0.07142857142857142,0.07142857142857142,0.003513377446497413,12500.0,168,168,cemhsey_forward_day_logo
cemhsey,cemhsey_forward_day_logo|D09,agency_margin_tau_0.10,S10,grasp_protocol,D09,0.5119047619047619,0.5119047619047619,0.4670545948760373,0.4670545948760373,0.6456966982330521,2.5467132996264006,0.06360012886434392,0.3713609895901305,0.3713609895901305,0.08333333333333333,0.08333333333333333,0.004520255754878187,12500.0,168,168,cemhsey_forward_day_logo
cemhsey,cemhsey_forward_day_logo|D09,set_acsa_tau_0.15,S10,grasp_protocol,D09,0.5178571428571429,0.5178571428571429,0.4723420708538044,0.4723420708538044,0.6411171421916327,1.259802459310725,0.05828332968932011,0.3707473092409356,0.3707473092409356,0.08928571428571429,0.08928571428571429,0.006025238761512508,12500.0,168,168,cemhsey_forward_day_logo
cemhsey,cemhsey_forward_day_logo|D09,agency_margin_tau_0.15,S10,grasp_protocol,D09,0.5178571428571429,0.5178571428571429,0.470924806278645,0.470924806278645,0.6318699423294625,2.24056350938665,0.05134968883200897,0.3703808943693311,0.3703808943693311,0.10119047619047619,0.10119047619047619,0.0070321170698932805,12500.0,168,168,cemhsey_forward_day_logo
cemhsey,cemhsey_forward_day_logo|D09,set_acsa_tau_0.20,S10,grasp_protocol,D09,0.5059523809523809,0.5059523809523809,0.46071863930077683,0.46071863930077683,0.64547461337736,1.2646233856237574,0.04304867183349459,0.3751264926868972,0.3751264926868972,0.10714285714285714,0.10714285714285714,0.009288572546789789,12500.0,168,168,cemhsey_forward_day_logo
cemhsey,cemhsey_forward_day_logo|D09,agency_margin_tau_0.20,S10,grasp_protocol,D09,0.5119047619047619,0.5119047619047619,0.46501076643163913,0.46501076643163913,0.6445418762908113,2.11164661253545,0.06487435100033791,0.37479975663164844,0.37479975663164844,0.1130952380952381,0.1130952380952381,0.009815226854333848,12500.0,168,168,cemhsey_forward_day_logo
cemhsey,cemhsey_forward_day_logo|D09,user_only,S2,grasp_protocol,D09,0.8095238095238095,0.8095238095238095,0.8117783012468471,0.8117783012468471,0.3242913468584985,0.6715327822924382,0.21761632172143533,0.048022080166144634,0.048022080166144634,0.0,0.0,0.0,12500.0,168,168,cemhsey_forward_day_logo
cemhsey,cemhsey_forward_day_logo|D09,assist_only,S2,grasp_protocol,D09,0.9047619047619048,0.9047619047619048,0.8985666397706623,0.8985666397706623,0.2952483680095205,0.6144643652140145,0.3313617685372773,0.0167931208844455,0.0167931208844455,0.25595238095238093,0.25595238095238093,0.034479653336020946,12500.0,168,168,cemhsey_forward_day_logo
cemhsey,cemhsey_forward_day_logo|D09,confidence_blend_alpha_0.25,S2,grasp_protocol,D09,0.8928571428571429,0.8928571428571429,0.8921348099180193,0.8921348099180193,0.2987970667267067,0.6265589878677881,0.31158634461382795,0.03328886956880289,0.03328886956880289,0.13095238095238096,0.13095238095238096,0.008272320264365486,12500.0,168,168,cemhsey_forward_day_logo
cemhsey,cemhsey_forward_day_logo|D09,confidence_blend_alpha_0.50,S2,grasp_protocol,D09,0.9345238095238095,0.9345238095238095,0.9333268689167147,0.9333268689167147,0.28545847687468284,0.6076206604902584,0.36030334173368594,0.014108158276393659,0.014108158276393659,0.19642857142857142,0.19642857142857142,0.01954212731660127,12500.0,168,168,cemhsey_forward_day_logo
cemhsey,cemhsey_forward_day_logo|D09,confidence_blend_alpha_0.75,S2,grasp_protocol,D09,0.9226190476190477,0.9226190476190477,0.9196219260325338,0.9196219260325338,0.2842755773022874,0.6046601800675203,0.3525968987310985,0.009587250197942057,0.009587250197942057,0.2261904761904762,0.2261904761904762,0.027667021917112993,12500.0,168,168,cemhsey_forward_day_logo
cemhsey,cemhsey_forward_day_logo|D09,selective_prediction,S2,grasp_protocol,D09,0.8313492063492064,0.8313492063492063,0.831968917819789,0.831968917819789,0.29029126347276746,0.6071756529303263,0.21355671363960055,0.03532160401248213,0.03532160401248213,0.021825396825396824,0.021825396825396824,0.002611936518765588,12500.0,504,504,cemhsey_forward_day_logo
cemhsey,cemhsey_forward_day_logo|D09,set_acsa_tau_0.02,S2,grasp_protocol,D09,0.8214285714285714,0.8214285714285714,0.8229543559637854,0.8229543559637854,0.274762220189072,0.5817733315911806,0.20147645591789526,0.030201083808938337,0.030201083808938337,0.011904761904761904,0.011904761904761904,5.4690098628753405e-05,12500.0,168,168,cemhsey_forward_day_logo
cemhsey,cemhsey_forward_day_logo|D09,agency_margin_tau_0.02,S2,grasp_protocol,D09,0.8273809523809523,0.8273809523809523,0.8287561362681449,0.8287561362681449,0.2367354711527351,0.7757547214495145,0.16937074449921405,0.029688954801975573,0.029688954801975573,0.017857142857142856,0.017857142857142856,8.577190646203708e-05,12500.0,168,168,cemhsey_forward_day_logo
cemhsey,cemhsey_forward_day_logo|D09,set_acsa_tau_0.05,S2,grasp_protocol,D09,0.8511904761904762,0.8511904761904763,0.8520362276355519,0.8520362276355519,0.258735109894921,0.5500877762563832,0.2029413834282494,0.025471795656035672,0.025471795656035672,0.05357142857142857,0.05357142857142857,0.0015145243337957822,12500.0,168,168,cemhsey_forward_day_logo
cemhsey,cemhsey_forward_day_logo|D09,agency_margin_tau_0.05,S2,grasp_protocol,D09,0.8571428571428571,0.8571428571428571,0.8579361722263206,0.8579361722263206,0.2163744135631485,0.7381681131485517,0.15407277674914951,0.025183590292287714,0.025183590292287714,0.05952380952380952,0.05952380952380952,0.0015456061416290658,12500.0,168,168,cemhsey_forward_day_logo
cemhsey,cemhsey_forward_day_logo|D09,set_acsa_tau_0.10,S2,grasp_protocol,D09,0.8869047619047619,0.886904761904762,0.8881806863901157,0.8881806863901157,0.2472479487756561,0.5277213860977716,0.22770445664744912,0.021454060501921873,0.021454060501921873,0.08928571428571429,0.08928571428571429,0.004095201379735706,12500.0,168,168,cemhsey_forward_day_logo
cemhsey,cemhsey_forward_day_logo|D09,agency_margin_tau_0.10,S2,grasp_protocol,D09,0.8928571428571429,0.892857142857143,0.894080717854057,0.894080717854057,0.19019765773108077,0.3993197818632775,0.16313540594615633,0.02134712894662414,0.02134712894662414,0.09523809523809523,0.09523809523809523,0.0041262831875689895,12500.0,168,168,cemhsey_forward_day_logo
cemhsey,cemhsey_forward_day_logo|D09,set_acsa_tau_0.15,S2,grasp_protocol,D09,0.8988095238095238,0.8988095238095238,0.8990200522143734,0.8990200522143734,0.2386113967775201,0.513018786895499,0.23626918209170036,0.018365605871275267,0.018365605871275267,0.1130952380952381,0.1130952380952381,0.007475615550850084,12500.0,168,168,cemhsey_forward_day_logo
cemhsey,cemhsey_forward_day_logo|D09,agency_margin_tau_0.15,S2,grasp_protocol,D09,0.9047619047619048,0.9047619047619049,0.9049175363727271,0.9049175363727271,0.19295841768742641,0.40740711632202936,0.18528322331225872,0.018258674315977535,0.018258674315977535,0.11904761904761904,0.11904761904761904,0.007506697358683367,12500.0,168,168,cemhsey_forward_day_logo
cemhsey,cemhsey_forward_day_logo|D09,set_acsa_tau_0.20,S2,grasp_protocol,D09,0.9226190476190477,0.9226190476190476,0.9221554727416647,0.9221554727416647,0.2227108390690772,0.47867889765067856,0.2534675405191783,0.0158020037689312,0.0158020037689312,0.13690476190476192,0.13690476190476192,0.01165469807074854,12500.0,168,168,cemhsey_forward_day_logo
cemhsey,cemhsey_forward_day_logo|D09,agency_margin_tau_0.20,S2,grasp_protocol,D09,0.9285714285714286,0.9285714285714286,0.9283298042356893,0.9283298042356893,0.18480289640563677,0.3897449149737876,0.20135311919807672,0.015730929930214077,0.015730929930214077,0.14285714285714285,0.14285714285714285,0.011685779878581824,12500.0,168,168,cemhsey_forward_day_logo
cemhsey,cemhsey_forward_day_logo|D09,user_only,S3,grasp_protocol,D09,0.6369047619047619,0.6369047619047619,0.6074639277297084,0.6074639277297084,0.5173009291752624,1.049320127230271,0.17070848318328669,0.19301182703353462,0.19301182703353462,0.0,0.0,0.0,12500.0,168,168,cemhsey_forward_day_logo
cemhsey,cemhsey_forward_day_logo|D09,assist_only,S3,grasp_protocol,D09,0.6666666666666666,0.6666666666666666,0.6438999771812394,0.6438999771812394,0.532826506201271,1.0634503334414984,0.23563066763458518,0.193477362357315,0.193477362357315,0.2976190476190476,0.2976190476190476,0.04337734907876578,12500.0,168,168,cemhsey_forward_day_logo
cemhsey,cemhsey_forward_day_logo|D09,confidence_blend_alpha_0.25,S3,grasp_protocol,D09,0.7023809523809523,0.7023809523809524,0.681589519650634,0.681589519650634,0.5094268595109993,1.0247849320565576,0.25398099469705854,0.18457768694457544,0.18457768694457544,0.125,0.125,0.003987059595180217,12500.0,168,168,cemhsey_forward_day_logo
cemhsey,cemhsey_forward_day_logo|D09,confidence_blend_alpha_0.50,S3,grasp_protocol,D09,0.7142857142857143,0.7142857142857143,0.6949889730828213,0.6949889730828213,0.5093897657939194,1.024015693641756,0.27575852263404105,0.1781016195696158,0.1781016195696158,0.19642857142857142,0.19642857142857142,0.015505367245312622,12500.0,168,168,cemhsey_forward_day_logo
cemhsey,cemhsey_forward_day_logo|D09,confidence_blend_alpha_0.75,S3,grasp_protocol,D09,0.7023809523809523,0.7023809523809524,0.6824717405665962,0.6824717405665962,0.5171896480240099,1.0371562393000648,0.2695519504181809,0.1767211036385929,0.1767211036385929,0.24404761904761904,0.24404761904761904,0.02374200625135811,12500.0,168,168,cemhsey_forward_day_logo
cemhsey,cemhsey_forward_day_logo|D09,selective_prediction,S3,grasp_protocol,D09,0.6388888888888888,0.6388888888888887,0.6091477559627204,0.6091477559627204,0.5124858493537091,1.0408018154366354,0.16899207292816187,0.1859362494437554,0.1859362494437554,0.001984126984126984,0.001984126984126984,0.00020067151314754312,12500.0,504,504,cemhsey_forward_day_logo
cemhsey,cemhsey_forward_day_logo|D09,set_acsa_tau_0.02,S3,grasp_protocol,D09,0.6607142857142857,0.6607142857142856,0.6253156816857526,0.6253156816857526,0.48703780048658035,0.990477832770994,0.1671089477800466,0.16791686331151054,0.16791686331151054,0.03571428571428571,0.03571428571428571,0.0003919054941408596,12500.0,168,168,cemhsey_forward_day_logo
cemhsey,cemhsey_forward_day_logo|D09,agency_margin_tau_0.02,S3,grasp_protocol,D09,0.6726190476190477,0.6726190476190476,0.636867142056969,0.636867142056969,0.5011024407709355,2.4189519519110108,0.18013257487968648,0.16714895509532365,0.16714895509532365,0.05357142857142857,0.05357142857142857,0.00048410431117742287,12500.0,168,168,cemhsey_forward_day_logo
cemhsey,cemhsey_forward_day_logo|D09,set_acsa_tau_0.05,S3,grasp_protocol,D09,0.6845238095238095,0.6845238095238094,0.660360909155268,0.660360909155268,0.47832167231241535,0.9727990207894379,0.17871806399339102,0.16180305899841546,0.16180305899841546,0.05952380952380952,0.05952380952380952,0.0012377518196541113,12500.0,168,168,cemhsey_forward_day_logo
cemhsey,cemhsey_forward_day_logo|D09,agency_margin_tau_0.05,S3,grasp_protocol,D09,0.7023809523809523,0.7023809523809523,0.6836463055602435,0.6836463055602435,0.4723865915810907,1.7776799155357235,0.17112733062944832,0.16118806851059914,0.16118806851059914,0.07738095238095238,0.07738095238095238,0.0014976954486295541,12500.0,168,168,cemhsey_forward_day_logo
cemhsey,cemhsey_forward_day_logo|D09,set_acsa_tau_0.10,S3,grasp_protocol,D09,0.7023809523809523,0.7023809523809523,0.6837334899526295,0.6837334899526295,0.47255058089005364,0.9590025996708905,0.19444488344671107,0.1592109055108795,0.1592109055108795,0.08928571428571429,0.08928571428571429,0.0033356512742725546,12500.0,168,168,cemhsey_forward_day_logo
cemhsey,cemhsey_forward_day_logo|D09,agency_margin_tau_0.10,S3,grasp_protocol,D09,0.7142857142857143,0.7142857142857143,0.6956718187467474,0.6956718187467474,0.47108146473867984,1.7840687233556471,0.1729667844160957,0.15888705459126348,0.15888705459126348,0.10119047619047619,0.10119047619047619,0.0034127014464422835,12500.0,168,168,cemhsey_forward_day_logo
cemhsey,cemhsey_forward_day_logo|D09,set_acsa_tau_0.15,S3,grasp_protocol,D09,0.7142857142857143,0.7142857142857143,0.6955806756038573,0.6955806756038573,0.46698135252432654,0.9479540139728807,0.2030828429523145,0.15557395168164978,0.15557395168164978,0.11904761904761904,0.11904761904761904,0.006963568998355318,12500.0,168,168,cemhsey_forward_day_logo
cemhsey,cemhsey_forward_day_logo|D09,agency_margin_tau_0.15,S3,grasp_protocol,D09,0.7142857142857143,0.7142857142857143,0.6955806756038573,0.6955806756038573,0.4663018400164156,1.6405411602985527,0.16533254387559443,0.15557395168164978,0.15557395168164978,0.11904761904761904,0.11904761904761904,0.006963568998355318,12500.0,168,168,cemhsey_forward_day_logo
cemhsey,cemhsey_forward_day_logo|D09,set_acsa_tau_0.20,S3,grasp_protocol,D09,0.7083333333333334,0.7083333333333333,0.6891929724203036,0.6891929724203036,0.4658574864578329,0.9420566326522207,0.19640500682898476,0.15609141374055369,0.15609141374055369,0.13095238095238096,0.13095238095238096,0.00902627732438108,12500.0,168,168,cemhsey_forward_day_logo
cemhsey,cemhsey_forward_day_logo|D09,agency_margin_tau_0.20,S3,grasp_protocol,D09,0.7083333333333334,0.7083333333333333,0.6891929724203036,0.6891929724203036,0.4463694154124423,0.8750575000616143,0.15578142857154725,0.15609141374055369,0.15609141374055369,0.13095238095238096,0.13095238095238096,0.00902627732438108,12500.0,168,168,cemhsey_forward_day_logo
cemhsey,cemhsey_forward_day_logo|D09,user_only,S4,grasp_protocol,D09,0.6607142857142857,0.6607142857142857,0.6550216323252637,0.6550216323252637,0.5190365338888147,1.0049625442362295,0.19826986952657888,0.17791310285982884,0.17791310285982884,0.0,0.0,0.0,12500.0,168,168,cemhsey_forward_day_logo
cemhsey,cemhsey_forward_day_logo|D09,assist_only,S4,grasp_protocol,D09,0.7619047619047619,0.7619047619047619,0.7605019288011227,0.7605019288011227,0.5253304720316146,0.9999330432732162,0.3355754863945143,0.19545027215943378,0.19545027215943378,0.3333333333333333,0.3333333333333333,0.044685244476928086,12500.0,168,168,cemhsey_forward_day_logo
cemhsey,cemhsey_forward_day_logo|D09,confidence_blend_alpha_0.25,S4,grasp_protocol,D09,0.7202380952380952,0.7202380952380952,0.719479375603517,0.719479375603517,0.5086978215126121,0.9776998037210317,0.2786544336546936,0.16481882657983798,0.16481882657983798,0.1130952380952381,0.1130952380952381,0.00706662006547447,12500.0,168,168,cemhsey_forward_day_logo
cemhsey,cemhsey_forward_day_logo|D09,confidence_blend_alpha_0.50,S4,grasp_protocol,D09,0.7738095238095238,0.7738095238095238,0.7691702813856774,0.7691702813856774,0.5063005737443486,0.9708550048764932,0.3426016942699823,0.15812042627236278,0.15812042627236278,0.19642857142857142,0.19642857142857142,0.015279675804711486,12500.0,168,168,cemhsey_forward_day_logo
cemhsey,cemhsey_forward_day_logo|D09,confidence_blend_alpha_0.75,S4,grasp_protocol,D09,0.7976190476190477,0.7976190476190476,0.7957799372383736,0.7957799372383736,0.5118447905840161,0.9786490591274022,0.3715006270310406,0.1705856924605413,0.1705856924605413,0.27380952380952384,0.27380952380952384,0.029087201879131212,12500.0,168,168,cemhsey_forward_day_logo
cemhsey,cemhsey_forward_day_logo|D09,selective_prediction,S4,grasp_protocol,D09,0.6626984126984127,0.6626984126984128,0.6565472951704947,0.6565472951704947,0.5164532885596717,1.0002781040889555,0.19866225963362968,0.17530320741420427,0.17530320741420427,0.001984126984126984,0.001984126984126984,0.0002837734010474246,12500.0,504,504,cemhsey_forward_day_logo
cemhsey,cemhsey_forward_day_logo|D09,set_acsa_tau_0.02,S4,grasp_protocol,D09,0.6607142857142857,0.6607142857142857,0.6522923221251489,0.6522923221251489,0.4991569876661809,0.9690845802037737,0.23463824396905153,0.16059081870689776,0.16059081870689776,0.011904761904761904,0.011904761904761904,8.569941646650175e-05,12500.0,168,168,cemhsey_forward_day_logo
cemhsey,cemhsey_forward_day_logo|D09,agency_margin_tau_0.02,S4,grasp_protocol,D09,0.6607142857142857,0.6607142857142857,0.6522923221251489,0.6522923221251489,0.5021846422793486,2.107798758102377,0.2222539781657435,0.16020331574243019,0.16020331574243019,0.011904761904761904,0.011904761904761904,8.569941646650175e-05,12500.0,168,168,cemhsey_forward_day_logo
cemhsey,cemhsey_forward_day_logo|D09,set_acsa_tau_0.05,S4,grasp_protocol,D09,0.6726190476190477,0.6726190476190476,0.6663517597089453,0.6663517597089453,0.4956958296842127,0.9574495377655664,0.23784683253180916,0.16267135677598393,0.16267135677598393,0.05357142857142857,0.05357142857142857,0.0015575229919148105,12500.0,168,168,cemhsey_forward_day_logo
cemhsey,cemhsey_forward_day_logo|D09,agency_margin_tau_0.05,S4,grasp_protocol,D09,0.6726190476190477,0.6726190476190476,0.6691902231692388,0.6691902231692388,0.5132253099422834,2.7148904559812954,0.20006985433297367,0.16270855915693633,0.16270855915693633,0.07142857142857142,0.07142857142857142,0.002279180891906058,12500.0,168,168,cemhsey_forward_day_logo
cemhsey,cemhsey_forward_day_logo|D09,set_acsa_tau_0.10,S4,grasp_protocol,D09,0.7202380952380952,0.7202380952380951,0.7195498070003381,0.7195498070003381,0.477842960400891,0.9071977797044927,0.240256696238686,0.1570713204741879,0.1570713204741879,0.125,0.125,0.007474701871222324,12500.0,168,168,cemhsey_forward_day_logo
cemhsey,cemhsey_forward_day_logo|D09,agency_margin_tau_0.10,S4,grasp_protocol,D09,0.7261904761904762,0.7261904761904762,0.7267640641546192,0.7267640641546192,0.4585415810161586,1.2745873788990505,0.2207239867217455,0.15689179620826066,0.15689179620826066,0.13095238095238096,0.13095238095238096,0.007997611337367927,12500.0,168,168,cemhsey_forward_day_logo
cemhsey,cemhsey_forward_day_logo|D09,set_acsa_tau_0.15,S4,grasp_protocol,D09,0.7440476190476191,0.744047619047619,0.7406218735957283,0.7406218735957283,0.46604738394867534,0.8825349029185283,0.24526288668191676,0.15043825683962314,0.15043825683962314,0.15476190476190477,0.15476190476190477,0.011172712743711833,12500.0,168,168,cemhsey_forward_day_logo
cemhsey,cemhsey_forward_day_logo|D09,agency_margin_tau_0.15,S4,grasp_protocol,D09,0.75,0.7500000000000001,0.7462911824187685,0.7462911824187685,0.43928916145085883,0.8017005125307205,0.22301546629434385,0.15033132528432538,0.15033132528432538,0.16071428571428573,0.16071428571428573,0.01197150536354289,12500.0,168,168,cemhsey_forward_day_logo
cemhsey,cemhsey_forward_day_logo|D09,set_acsa_tau_0.20,S4,grasp_protocol,D09,0.7678571428571429,0.7678571428571429,0.765159499913753,0.765159499913753,0.4531225668153389,0.8469475019711359,0.25851010316435047,0.149104522608263,0.149104522608263,0.18452380952380953,0.18452380952380953,0.016893530051819,12500.0,168,168,cemhsey_forward_day_logo
cemhsey,cemhsey_forward_day_logo|D09,agency_margin_tau_0.20,S4,grasp_protocol,D09,0.7678571428571429,0.7678571428571429,0.765159499913753,0.765159499913753,0.43546907984369426,0.7891122521443963,0.22814331888532155,0.149104522608263,0.149104522608263,0.18452380952380953,0.18452380952380953,0.016893530051819,12500.0,168,168,cemhsey_forward_day_logo
cemhsey,cemhsey_forward_day_logo|D09,user_only,S5,grasp_protocol,D09,0.6666666666666666,0.6666666666666666,0.6579894327016754,0.6579894327016754,0.44021543225251836,0.9088486348579178,0.19766070713498626,0.10000126047838193,0.10000126047838193,0.0,0.0,0.0,12500.0,168,168,cemhsey_forward_day_logo
cemhsey,cemhsey_forward_day_logo|D09,assist_only,S5,grasp_protocol,D09,0.7559523809523809,0.755952380952381,0.7474203523051449,0.7474203523051449,0.43932869785749196,0.8672764564704044,0.27175876903483165,0.11841848990935258,0.11841848990935258,0.31547619047619047,0.31547619047619047,0.04391710109394891,12500.0,168,168,cemhsey_forward_day_logo
cemhsey,cemhsey_forward_day_logo|D09,confidence_blend_alpha_0.25,S5,grasp_protocol,D09,0.75,0.75,0.7390882122789516,0.7390882122789516,0.4263500043355729,0.872796150403032,0.25497754698707337,0.07705367219285145,0.07705367219285145,0.1130952380952381,0.1130952380952381,0.005571363432715509,12500.0,168,168,cemhsey_forward_day_logo
cemhsey,cemhsey_forward_day_logo|D09,confidence_blend_alpha_0.50,S5,grasp_protocol,D09,0.7678571428571429,0.7678571428571429,0.7612442521567022,0.7612442521567022,0.4215804059641231,0.8579396500839067,0.2792623163004719,0.06673550362856069,0.06673550362856069,0.19047619047619047,0.19047619047619047,0.01436784939351,12500.0,168,168,cemhsey_forward_day_logo
cemhsey,cemhsey_forward_day_logo|D09,confidence_blend_alpha_0.75,S5,grasp_protocol,D09,0.7916666666666666,0.7916666666666667,0.7853928289844785,0.7853928289844785,0.42590663713809607,0.8567542341977169,0.2937235459682907,0.0811193563978092,0.0811193563978092,0.27380952380952384,0.27380952380952384,0.028506157564053634,12500.0,168,168,cemhsey_forward_day_logo
cemhsey,cemhsey_forward_day_logo|D09,selective_prediction,S5,grasp_protocol,D09,0.6845238095238095,0.6845238095238094,0.672661043603446,0.672661043603446,0.429184836288536,0.8798468451214358,0.18511148526473242,0.10579129171574855,0.10579129171574855,0.02976190476190476,0.02976190476190476,0.0024651399500024616,12500.0,504,504,cemhsey_forward_day_logo
cemhsey,cemhsey_forward_day_logo|D09,set_acsa_tau_0.02,S5,grasp_protocol,D09,0.6904761904761905,0.6904761904761905,0.6836633336850007,0.6836633336850007,0.41178838754359925,0.842772037806621,0.20972861386875533,0.08971840753002813,0.08971840753002813,0.023809523809523808,0.023809523809523808,0.00032088144539561743,12500.0,168,168,cemhsey_forward_day_logo
cemhsey,cemhsey_forward_day_logo|D09,agency_margin_tau_0.02,S5,grasp_protocol,D09,0.6964285714285714,0.6964285714285714,0.690784418249694,0.690784418249694,0.44791951629506255,2.6049193061375204,0.2430683084773698,0.08882692237701591,0.08882692237701591,0.02976190476190476,0.02976190476190476,0.00037951285275006336,12500.0,168,168,cemhsey_forward_day_logo
cemhsey,cemhsey_forward_day_logo|D09,set_acsa_tau_0.05,S5,grasp_protocol,D09,0.7142857142857143,0.7142857142857143,0.7088926067812238,0.7088926067812238,0.4047920655911574,0.8316806315937301,0.2068966953680653,0.08206606379144357,0.08206606379144357,0.05952380952380952,0.05952380952380952,0.001183131655360927,12500.0,168,168,cemhsey_forward_day_logo
cemhsey,cemhsey_forward_day_logo|D09,agency_margin_tau_0.05,S5,grasp_protocol,D09,0.7142857142857143,0.7142857142857143,0.7088926067812238,0.7088926067812238,0.42042220344037806,2.1276062626090475,0.22734738397613605,0.08122308337186282,0.08122308337186282,0.05952380952380952,0.05952380952380952,0.001183131655360927,12500.0,168,168,cemhsey_forward_day_logo
cemhsey,cemhsey_forward_day_logo|D09,set_acsa_tau_0.10,S5,grasp_protocol,D09,0.7261904761904762,0.7261904761904762,0.7195629576154275,0.7195629576154275,0.40081303025343695,0.8242311822777835,0.20384283043087634,0.08183567601763436,0.08183567601763436,0.08928571428571429,0.08928571428571429,0.003535657011632309,12500.0,168,168,cemhsey_forward_day_logo
cemhsey,cemhsey_forward_day_logo|D09,agency_margin_tau_0.10,S5,grasp_protocol,D09,0.7261904761904762,0.7261904761904762,0.7195629576154275,0.7195629576154275,0.4081157497051112,1.8074680866543749,0.21201352986932215,0.08104180672266582,0.08104180672266582,0.08928571428571429,0.08928571428571429,0.003535657011632309,12500.0,168,168,cemhsey_forward_day_logo
cemhsey,cemhsey_forward_day_logo|D09,set_acsa_tau_0.15,S5,grasp_protocol,D09,0.75,0.75,0.7386152278032952,0.7386152278032952,0.3864763494495405,0.7938622213007265,0.20302689820350253,0.07516331048963873,0.07516331048963873,0.13690476190476192,0.13690476190476192,0.009204507936605174,12500.0,168,168,cemhsey_forward_day_logo
cemhsey,cemhsey_forward_day_logo|D09,agency_margin_tau_0.15,S5,grasp_protocol,D09,0.75,0.75,0.7386152278032952,0.7386152278032952,0.3813790761833589,1.6328157882821377,0.1961388813607327,0.07454030952446489,0.07454030952446489,0.13690476190476192,0.13690476190476192,0.009204507936605174,12500.0,168,168,cemhsey_forward_day_logo
cemhsey,cemhsey_forward_day_logo|D09,set_acsa_tau_0.20,S5,grasp_protocol,D09,0.7619047619047619,0.7619047619047619,0.7534358874208499,0.7534358874208499,0.3765623140425221,0.7665032068002275,0.20987321313237228,0.07317821211473328,0.07317821211473328,0.16666666666666666,0.16666666666666666,0.0142017468594917,12500.0,168,168,cemhsey_forward_day_logo
cemhsey,cemhsey_forward_day_logo|D09,agency_margin_tau_0.20,S5,grasp_protocol,D09,0.7619047619047619,0.7619047619047619,0.7534358874208499,0.7534358874208499,0.3626540554980617,0.999845914179553,0.19243174439738542,0.07317821211473328,0.07317821211473328,0.16666666666666666,0.16666666666666666,0.0142017468594917,12500.0,168,168,cemhsey_forward_day_logo
cemhsey,cemhsey_forward_day_logo|D09,user_only,S6,grasp_protocol,D09,0.75,0.75,0.7508602647060866,0.7508602647060866,0.4125299687434111,0.8443325366165411,0.23779085970336555,0.08368416065180623,0.08368416065180623,0.0,0.0,0.0,12500.0,168,168,cemhsey_forward_day_logo
cemhsey,cemhsey_forward_day_logo|D09,assist_only,S6,grasp_protocol,D09,0.9345238095238095,0.9345238095238094,0.9341062801932366,0.9341062801932366,0.3457764194083411,0.6962031615913095,0.4158177152940797,0.010519388831129604,0.010519388831129604,0.25595238095238093,0.25595238095238093,0.03766354895865684,12500.0,168,168,cemhsey_forward_day_logo
cemhsey,cemhsey_forward_day_logo|D09,confidence_blend_alpha_0.25,S6,grasp_protocol,D09,0.8333333333333334,0.8333333333333333,0.833239546825965,0.833239546825965,0.3807938326967638,0.7736141993036654,0.31912155609560827,0.055493464829704055,0.055493464829704055,0.09523809523809523,0.09523809523809523,0.004250185399903238,12500.0,168,168,cemhsey_forward_day_logo
cemhsey,cemhsey_forward_day_logo|D09,confidence_blend_alpha_0.50,S6,grasp_protocol,D09,0.875,0.875,0.8726576097603976,0.8726576097603976,0.3590895291254249,0.7327581009579152,0.36401045856675823,0.034552902803975084,0.034552902803975084,0.1488095238095238,0.1488095238095238,0.012724506463868725,12500.0,168,168,cemhsey_forward_day_logo
cemhsey,cemhsey_forward_day_logo|D09,confidence_blend_alpha_0.75,S6,grasp_protocol,D09,0.9226190476190477,0.9226190476190477,0.9221665107609495,0.9221665107609495,0.34741705802928396,0.7084014017269199,0.4097422747202607,0.012605928336735081,0.012605928336735081,0.20833333333333334,0.20833333333333334,0.024672828747914592,12500.0,168,168,cemhsey_forward_day_logo
cemhsey,cemhsey_forward_day_logo|D09,selective_prediction,S6,grasp_protocol,D09,0.7718253968253969,0.7718253968253969,0.7723329847356869,0.7723329847356869,0.38705046425573114,0.7971359985091587,0.23500384698034416,0.06963818697263444,0.06963818697263444,0.021825396825396824,0.021825396825396824,0.0009699165400135377,12500.0,504,504,cemhsey_forward_day_logo
cemhsey,cemhsey_forward_day_logo|D09,set_acsa_tau_0.02,S6,grasp_protocol,D09,0.7857142857142857,0.7857142857142857,0.7839885425699372,0.7839885425699372,0.35864827518160414,0.7470677440513224,0.2461897251205732,0.05556073740867339,0.05556073740867339,0.03571428571428571,0.03571428571428571,0.0004810736261655042,12500.0,168,168,cemhsey_forward_day_logo
cemhsey,cemhsey_forward_day_logo|D09,agency_margin_tau_0.02,S6,grasp_protocol,D09,0.7857142857142857,0.7857142857142857,0.7839885425699372,0.7839885425699372,0.29189406865484585,0.7444869331940509,0.14129090616087706,0.0554826919303546,0.0554826919303546,0.03571428571428571,0.03571428571428571,0.0004810736261655042,12500.0,168,168,cemhsey_forward_day_logo
cemhsey,cemhsey_forward_day_logo|D09,set_acsa_tau_0.05,S6,grasp_protocol,D09,0.7976190476190477,0.7976190476190476,0.7967304688461032,0.7967304688461032,0.3499635814768499,0.7291251689178365,0.24747764614509737,0.05156040466860371,0.05156040466860371,0.05952380952380952,0.05952380952380952,0.001213848580422457,12500.0,168,168,cemhsey_forward_day_logo
cemhsey,cemhsey_forward_day_logo|D09,agency_margin_tau_0.05,S6,grasp_protocol,D09,0.7976190476190477,0.7976190476190476,0.7967304688461032,0.7967304688461032,0.2836653244413626,0.7268918165499882,0.1383226104595963,0.05148481811696298,0.05148481811696298,0.05952380952380952,0.05952380952380952,0.001213848580422457,12500.0,168,168,cemhsey_forward_day_logo
cemhsey,cemhsey_forward_day_logo|D09,set_acsa_tau_0.10,S6,grasp_protocol,D09,0.8333333333333334,0.8333333333333334,0.833674021024207,0.833674021024207,0.33242742184071433,0.6893193107419348,0.2561006617878475,0.04669920098438739,0.04669920098438739,0.10714285714285714,0.10714285714285714,0.0046229970057701615,12500.0,168,168,cemhsey_forward_day_logo
cemhsey,cemhsey_forward_day_logo|D09,agency_margin_tau_0.10,S6,grasp_protocol,D09,0.8333333333333334,0.8333333333333334,0.833674021024207,0.833674021024207,0.26875439310429705,0.5422711685389675,0.15463058675138788,0.046662683309832906,0.046662683309832906,0.10714285714285714,0.10714285714285714,0.0046229970057701615,12500.0,168,168,cemhsey_forward_day_logo
cemhsey,cemhsey_forward_day_logo|D09,set_acsa_tau_0.15,S6,grasp_protocol,D09,0.8511904761904762,0.8511904761904762,0.8514362383134684,0.8514362383134684,0.3216810725319209,0.6660602657052548,0.263745865836367,0.043800500231837326,0.043800500231837326,0.125,0.125,0.007002042071964777,12500.0,168,168,cemhsey_forward_day_logo
cemhsey,cemhsey_forward_day_logo|D09,agency_margin_tau_0.15,S6,grasp_protocol,D09,0.8511904761904762,0.8511904761904762,0.8509392006722587,0.8509392006722587,0.2695203053600822,0.6866114634070848,0.17081719944656235,0.04376442519576229,0.04376442519576229,0.13095238095238096,0.13095238095238096,0.007703822028596176,12500.0,168,168,cemhsey_forward_day_logo
cemhsey,cemhsey_forward_day_logo|D09,set_acsa_tau_0.20,S6,grasp_protocol,D09,0.8630952380952381,0.8630952380952381,0.8620918070486623,0.8620918070486623,0.3152615584085581,0.6498679347380923,0.27087884333834056,0.042747044952915196,0.042747044952915196,0.13690476190476192,0.13690476190476192,0.009223396748930565,12500.0,168,168,cemhsey_forward_day_logo
cemhsey,cemhsey_forward_day_logo|D09,agency_margin_tau_0.20,S6,grasp_protocol,D09,0.8630952380952381,0.8630952380952381,0.8620918070486623,0.8620918070486623,0.2716936848933975,0.5443612092614005,0.1964779598584158,0.04271118723633458,0.04271118723633458,0.13690476190476192,0.13690476190476192,0.009223396748930565,12500.0,168,168,cemhsey_forward_day_logo
cemhsey,cemhsey_forward_day_logo|D09,user_only,S7,grasp_protocol,D09,0.5535714285714286,0.5535714285714286,0.5060564225690276,0.5060564225690276,0.6369118871841076,1.3618736223693704,0.21354210193665257,0.2099853529421088,0.2099853529421088,0.0,0.0,0.0,12500.0,168,168,cemhsey_forward_day_logo
cemhsey,cemhsey_forward_day_logo|D09,assist_only,S7,grasp_protocol,D09,0.6190476190476191,0.6190476190476192,0.5347023651005717,0.5347023651005717,0.6600833741537554,1.407737560133926,0.30498007176450836,0.19075557651666375,0.19075557651666375,0.3630952380952381,0.3630952380952381,0.028804210224678436,12500.0,168,168,cemhsey_forward_day_logo
cemhsey,cemhsey_forward_day_logo|D09,confidence_blend_alpha_0.25,S7,grasp_protocol,D09,0.625,0.625,0.5692434274383965,0.5692434274383965,0.6355990791065983,1.3560368438853734,0.2950147249790527,0.1797099870022162,0.1797099870022162,0.125,0.125,0.003654515167906929,12500.0,168,168,cemhsey_forward_day_logo
cemhsey,cemhsey_forward_day_logo|D09,confidence_blend_alpha_0.50,S7,grasp_protocol,D09,0.6369047619047619,0.636904761904762,0.563785685646726,0.563785685646726,0.6390233909090364,1.3635097877932547,0.3162534998132796,0.1713632810386988,0.1713632810386988,0.23809523809523808,0.23809523809523808,0.012674776108821003,12500.0,168,168,cemhsey_forward_day_logo
cemhsey,cemhsey_forward_day_logo|D09,confidence_blend_alpha_0.75,S7,grasp_protocol,D09,0.6547619047619048,0.6547619047619049,0.5877504527750833,0.5877504527750833,0.6471848225914221,1.3809376069115518,0.3387619399853432,0.16849491755905688,0.16849491755905688,0.30357142857142855,0.30357142857142855,0.01985166124748162,12500.0,168,168,cemhsey_forward_day_logo
cemhsey,cemhsey_forward_day_logo|D09,selective_prediction,S7,grasp_protocol,D09,0.5535714285714286,0.5535714285714286,0.5060564225690276,0.5060564225690276,0.635755816298165,1.3595415505266457,0.21254031708535898,0.20790886368985034,0.20790886368985034,0.0,0.0,0.0,12500.0,504,504,cemhsey_forward_day_logo
cemhsey,cemhsey_forward_day_logo|D09,set_acsa_tau_0.02,S7,grasp_protocol,D09,0.5654761904761905,0.5654761904761906,0.5109554233717872,0.5109554233717872,0.6227804504492817,1.331386915101771,0.20489103240980988,0.18950127032197744,0.18950127032197744,0.023809523809523808,0.023809523809523808,0.0002360773461481702,12500.0,168,168,cemhsey_forward_day_logo
cemhsey,cemhsey_forward_day_logo|D09,agency_margin_tau_0.02,S7,grasp_protocol,D09,0.5654761904761905,0.5654761904761906,0.5109554233717872,0.5109554233717872,0.6441066605721226,2.756907950375103,0.2196512263869442,0.1895401747726466,0.1895401747726466,0.023809523809523808,0.023809523809523808,0.0002360773461481702,12500.0,168,168,cemhsey_forward_day_logo
cemhsey,cemhsey_forward_day_logo|D09,set_acsa_tau_0.05,S7,grasp_protocol,D09,0.5892857142857143,0.5892857142857143,0.5289491904808806,0.5289491904808806,0.6202175244085056,1.3267668217262405,0.2267623494319765,0.18248529301325206,0.18248529301325206,0.07738095238095238,0.07738095238095238,0.002091869706873449,12500.0,168,168,cemhsey_forward_day_logo
cemhsey,cemhsey_forward_day_logo|D09,agency_margin_tau_0.05,S7,grasp_protocol,D09,0.5892857142857143,0.5892857142857143,0.5289491904808806,0.5289491904808806,0.6355282275980549,3.052669031179656,0.21071698407823733,0.1824476197160851,0.1824476197160851,0.07738095238095238,0.07738095238095238,0.002091869706873449,12500.0,168,168,cemhsey_forward_day_logo
cemhsey,cemhsey_forward_day_logo|D09,set_acsa_tau_0.10,S7,grasp_protocol,D09,0.625,0.625,0.5576516282905736,0.5576516282905736,0.608427196233887,1.299078980579289,0.25384784313921416,0.16754346789612792,0.16754346789612792,0.15476190476190477,0.15476190476190477,0.0075744985793951515,12500.0,168,168,cemhsey_forward_day_logo
cemhsey,cemhsey_forward_day_logo|D09,agency_margin_tau_0.10,S7,grasp_protocol,D09,0.625,0.625,0.5576516282905736,0.5576516282905736,0.6109384804513495,2.862537156712026,0.21469276981912877,0.16754346789612792,0.16754346789612792,0.15476190476190477,0.15476190476190477,0.0075744985793951515,12500.0,168,168,cemhsey_forward_day_logo
cemhsey,cemhsey_forward_day_logo|D09,set_acsa_tau_0.15,S7,grasp_protocol,D09,0.6309523809523809,0.6309523809523808,0.5563791644884163,0.5563791644884163,0.6044454753283828,1.28575147208452,0.257969116362907,0.16354235190488448,0.16354235190488448,0.18452380952380953,0.18452380952380953,0.011355402118817585,12500.0,168,168,cemhsey_forward_day_logo
cemhsey,cemhsey_forward_day_logo|D09,agency_margin_tau_0.15,S7,grasp_protocol,D09,0.6309523809523809,0.6309523809523808,0.5563791644884163,0.5563791644884163,0.6021867035749928,2.277423543114865,0.24574874735663677,0.16354235190488448,0.16354235190488448,0.18452380952380953,0.18452380952380953,0.011355402118817585,12500.0,168,168,cemhsey_forward_day_logo
cemhsey,cemhsey_forward_day_logo|D09,set_acsa_tau_0.20,S7,grasp_protocol,D09,0.625,0.625,0.5447314554722862,0.5447314554722862,0.6051436241049464,1.2870959541429814,0.25201670970920415,0.1642544885730054,0.1642544885730054,0.19047619047619047,0.19047619047619047,0.01241346496390234,12500.0,168,168,cemhsey_forward_day_logo
cemhsey,cemhsey_forward_day_logo|D09,agency_margin_tau_0.20,S7,grasp_protocol,D09,0.625,0.625,0.5447314554722862,0.5447314554722862,0.5988561511092514,1.254474788732158,0.2334137614469864,0.1642544885730054,0.1642544885730054,0.19047619047619047,0.19047619047619047,0.01241346496390234,12500.0,168,168,cemhsey_forward_day_logo
cemhsey,cemhsey_forward_day_logo|D09,user_only,S8,grasp_protocol,D09,0.2261904761904762,0.2261904761904762,0.1532480174685329,0.1532480174685329,0.829959000648973,1.7302134998585816,0.12553449107262854,0.7856328719500625,0.7856328719500625,0.0,0.0,0.0,12500.0,168,168,cemhsey_forward_day_logo
cemhsey,cemhsey_forward_day_logo|D09,assist_only,S8,grasp_protocol,D09,0.2261904761904762,0.2261904761904762,0.16207580556605966,0.16207580556605966,0.8151486498303374,1.631750802168065,0.19320495942486768,0.7433257976117786,0.7433257976117786,0.4583333333333333,0.4583333333333333,0.07273414537978562,12500.0,168,168,cemhsey_forward_day_logo
cemhsey,cemhsey_forward_day_logo|D09,confidence_blend_alpha_0.25,S8,grasp_protocol,D09,0.25595238095238093,0.25595238095238093,0.16836244679489848,0.16836244679489848,0.8113787243671453,1.6821439205173296,0.08097997472932747,0.7677587425065308,0.7677587425065308,0.15476190476190477,0.15476190476190477,0.008088820715600098,12500.0,168,168,cemhsey_forward_day_logo
cemhsey,cemhsey_forward_day_logo|D09,confidence_blend_alpha_0.50,S8,grasp_protocol,D09,0.25595238095238093,0.25595238095238093,0.17886213526616165,0.17886213526616165,0.8027169071367546,1.652808374255763,0.0799381670994663,0.7562957973931398,0.7562957973931398,0.25595238095238093,0.25595238095238093,0.02079424195924789,12500.0,168,168,cemhsey_forward_day_logo
cemhsey,cemhsey_forward_day_logo|D09,confidence_blend_alpha_0.75,S8,grasp_protocol,D09,0.23809523809523808,0.23809523809523808,0.16936768149882903,0.16936768149882903,0.8039735489578186,1.6365679516321145,0.142602139304002,0.7494748017847421,0.7494748017847421,0.39880952380952384,0.39880952380952384,0.05501424871763099,12500.0,168,168,cemhsey_forward_day_logo
cemhsey,cemhsey_forward_day_logo|D09,selective_prediction,S8,grasp_protocol,D09,0.22817460317460317,0.22817460317460317,0.15471746362957045,0.15471746362957045,0.8288818441811912,1.7213295391481664,0.13028041320738729,0.7663716755739313,0.7663716755739313,0.007936507936507936,0.007936507936507936,0.0014145014828321333,12500.0,504,504,cemhsey_forward_day_logo
cemhsey,cemhsey_forward_day_logo|D09,set_acsa_tau_0.02,S8,grasp_protocol,D09,0.23809523809523808,0.2380952380952381,0.15919701213818863,0.15919701213818863,0.8303557337364402,1.68189148736681,0.15660817923889442,0.7427078470940072,0.7427078470940072,0.047619047619047616,0.047619047619047616,0.0005026825092043125,12500.0,168,168,cemhsey_forward_day_logo
cemhsey,cemhsey_forward_day_logo|D09,agency_margin_tau_0.02,S8,grasp_protocol,D09,0.23214285714285715,0.23214285714285715,0.15079365079365079,0.15079365079365079,1.0015538856118742,7.262113357972424,0.29085657900860695,0.7428556424814465,0.7428556424814465,0.05357142857142857,0.05357142857142857,0.000562390212767587,12500.0,168,168,cemhsey_forward_day_logo
cemhsey,cemhsey_forward_day_logo|D09,set_acsa_tau_0.05,S8,grasp_protocol,D09,0.24404761904761904,0.24404761904761907,0.15593524231397987,0.15593524231397987,0.8318760652492403,1.6811703849287778,0.14474714770903535,0.745581338612543,0.745581338612543,0.08333333333333333,0.08333333333333333,0.0016974714915927553,12500.0,168,168,cemhsey_forward_day_logo
cemhsey,cemhsey_forward_day_logo|D09,agency_margin_tau_0.05,S8,grasp_protocol,D09,0.24404761904761904,0.24404761904761907,0.15593524231397987,0.15593524231397987,0.9754997097631534,7.097887894086287,0.2636016767135281,0.7456187749707341,0.7456187749707341,0.08333333333333333,0.08333333333333333,0.0016974714915927553,12500.0,168,168,cemhsey_forward_day_logo
cemhsey,cemhsey_forward_day_logo|D09,set_acsa_tau_0.10,S8,grasp_protocol,D09,0.25,0.25,0.16674997591841942,0.16674997591841942,0.8308810849106975,1.6698546720607854,0.14511455771838,0.7505872065506296,0.7505872065506296,0.14285714285714285,0.14285714285714285,0.0064356865188775906,12500.0,168,168,cemhsey_forward_day_logo
cemhsey,cemhsey_forward_day_logo|D09,agency_margin_tau_0.10,S8,grasp_protocol,D09,0.24404761904761904,0.24404761904761904,0.16224603985514802,0.16224603985514802,0.9509801337684911,7.08154053735822,0.23392532232098343,0.7506593804819305,0.7506593804819305,0.1488095238095238,0.1488095238095238,0.0068386414750437755,12500.0,168,168,cemhsey_forward_day_logo
cemhsey,cemhsey_forward_day_logo|D09,set_acsa_tau_0.15,S8,grasp_protocol,D09,0.24404761904761904,0.24404761904761904,0.16448069126640555,0.16448069126640555,0.8301428967388949,1.6654305281266513,0.15484823465376957,0.7463343672034929,0.7463343672034929,0.17261904761904762,0.17261904761904762,0.010232932101626084,12500.0,168,168,cemhsey_forward_day_logo
cemhsey,cemhsey_forward_day_logo|D09,agency_margin_tau_0.15,S8,grasp_protocol,D09,0.24404761904761904,0.24404761904761904,0.16448069126640555,0.16448069126640555,0.8807198433477755,4.907274200252386,0.20302847175954047,0.7463711102957916,0.7463711102957916,0.17261904761904762,0.17261904761904762,0.010232932101626084,12500.0,168,168,cemhsey_forward_day_logo
cemhsey,cemhsey_forward_day_logo|D09,set_acsa_tau_0.20,S8,grasp_protocol,D09,0.2619047619047619,0.2619047619047619,0.18314132104454686,0.18314132104454686,0.8185840605839885,1.6231566447032442,0.14365160972565824,0.7343973759676269,0.7343973759676269,0.21428571428571427,0.21428571428571427,0.017820920983892256,12500.0,168,168,cemhsey_forward_day_logo
cemhsey,cemhsey_forward_day_logo|D09,agency_margin_tau_0.20,S8,grasp_protocol,D09,0.2619047619047619,0.2619047619047619,0.18314132104454686,0.18314132104454686,0.8493635953180846,3.68138190048891,0.16665799860088235,0.7343973759676269,0.7343973759676269,0.21428571428571427,0.21428571428571427,0.017820920983892256,12500.0,168,168,cemhsey_forward_day_logo
cemhsey,cemhsey_forward_day_logo|D09,user_only,S9,grasp_protocol,D09,0.39285714285714285,0.3928571428571428,0.3602950601890157,0.3602950601890157,0.7166495689995277,1.4822059481035974,0.08456143561570384,0.44367550413198226,0.44367550413198226,0.0,0.0,0.0,12500.0,168,168,cemhsey_forward_day_logo
cemhsey,cemhsey_forward_day_logo|D09,assist_only,S9,grasp_protocol,D09,0.4523809523809524,0.45238095238095244,0.4138902128219889,0.4138902128219889,0.6833309403785913,1.444915721822343,0.18054330456654874,0.3198000807119213,0.3198000807119213,0.47023809523809523,0.47023809523809523,0.07543120704286592,12500.0,168,168,cemhsey_forward_day_logo
cemhsey,cemhsey_forward_day_logo|D09,confidence_blend_alpha_0.25,S9,grasp_protocol,D09,0.4107142857142857,0.4107142857142857,0.3783193593612498,0.3783193593612498,0.6957974778015672,1.4431596426143765,0.1258014838968819,0.39267628055044285,0.39267628055044285,0.07142857142857142,0.07142857142857142,0.0017547712215986086,12500.0,168,168,cemhsey_forward_day_logo
cemhsey,cemhsey_forward_day_logo|D09,confidence_blend_alpha_0.50,S9,grasp_protocol,D09,0.4642857142857143,0.4642857142857143,0.4322855877411441,0.4322855877411441,0.6832936759654231,1.42650763925222,0.1399345981404917,0.34385379329753496,0.34385379329753496,0.19047619047619047,0.19047619047619047,0.014129044651686786,12500.0,168,168,cemhsey_forward_day_logo
cemhsey,cemhsey_forward_day_logo|D09,confidence_blend_alpha_0.75,S9,grasp_protocol,D09,0.4583333333333333,0.45833333333333337,0.41834273836858155,0.41834273836858155,0.6791381634910979,1.4267338615477176,0.1617565297357102,0.3065722028695693,0.3065722028695693,0.3333333333333333,0.3333333333333333,0.0411076075654233,12500.0,168,168,cemhsey_forward_day_logo
cemhsey,cemhsey_forward_day_logo|D09,selective_prediction,S9,grasp_protocol,D09,0.39285714285714285,0.3928571428571428,0.3602950601890157,0.3602950601890157,0.7154739952123348,1.4800102575092164,0.0831186831911998,0.4388821730286276,0.4388821730286276,0.0,0.0,0.0,12500.0,504,504,cemhsey_forward_day_logo
cemhsey,cemhsey_forward_day_logo|D09,set_acsa_tau_0.02,S9,grasp_protocol,D09,0.39285714285714285,0.3928571428571428,0.3617731373485849,0.3617731373485849,0.6990987952765767,1.445431740845718,0.11111967218033,0.40185366814041434,0.40185366814041434,0.011904761904761904,0.011904761904761904,0.00013586082912816862,12500.0,168,168,cemhsey_forward_day_logo
cemhsey,cemhsey_forward_day_logo|D09,agency_margin_tau_0.02,S9,grasp_protocol,D09,0.39285714285714285,0.3928571428571428,0.3617731373485849,0.3617731373485849,0.692899510387643,2.286625025723803,0.10542108751104691,0.40185366814041434,0.40185366814041434,0.011904761904761904,0.011904761904761904,0.00013586082912816862,12500.0,168,168,cemhsey_forward_day_logo
cemhsey,cemhsey_forward_day_logo|D09,set_acsa_tau_0.05,S9,grasp_protocol,D09,0.40476190476190477,0.40476190476190477,0.37430524378721947,0.37430524378721947,0.6956106900734017,1.4391278203535156,0.10344070648781231,0.39458681259044553,0.39458681259044553,0.03571428571428571,0.03571428571428571,0.0008972341348687342,12500.0,168,168,cemhsey_forward_day_logo
cemhsey,cemhsey_forward_day_logo|D09,agency_margin_tau_0.05,S9,grasp_protocol,D09,0.40476190476190477,0.40476190476190477,0.37430524378721947,0.37430524378721947,0.6860841805308754,2.4238978948536363,0.11019732884919238,0.39458681259044553,0.39458681259044553,0.03571428571428571,0.03571428571428571,0.0008972341348687342,12500.0,168,168,cemhsey_forward_day_logo
cemhsey,cemhsey_forward_day_logo|D09,set_acsa_tau_0.10,S9,grasp_protocol,D09,0.4226190476190476,0.4226190476190476,0.3931481048502325,0.3931481048502325,0.6827022237996395,1.4029640412819864,0.09674612091486687,0.3803135882964917,0.3803135882964917,0.07142857142857142,0.07142857142857142,0.0038517917222959447,12500.0,168,168,cemhsey_forward_day_logo
cemhsey,cemhsey_forward_day_logo|D09,agency_margin_tau_0.10,S9,grasp_protocol,D09,0.4226190476190476,0.4226190476190476,0.3931481048502325,0.3931481048502325,0.665006413574869,1.945787763025952,0.08746470358526694,0.3803135882964917,0.3803135882964917,0.07142857142857142,0.07142857142857142,0.0038517917222959447,12500.0,168,168,cemhsey_forward_day_logo
cemhsey,cemhsey_forward_day_logo|D09,set_acsa_tau_0.15,S9,grasp_protocol,D09,0.42857142857142855,0.42857142857142855,0.395301245977563,0.395301245977563,0.6772362887263086,1.3841316199039593,0.08411461875719492,0.37928480331312364,0.37928480331312364,0.09523809523809523,0.09523809523809523,0.006765568082823577,12500.0,168,168,cemhsey_forward_day_logo
cemhsey,cemhsey_forward_day_logo|D09,agency_margin_tau_0.15,S9,grasp_protocol,D09,0.42857142857142855,0.42857142857142855,0.395301245977563,0.395301245977563,0.669220979438415,1.955330052944794,0.08352777785575947,0.37928480331312364,0.37928480331312364,0.09523809523809523,0.09523809523809523,0.006765568082823577,12500.0,168,168,cemhsey_forward_day_logo
cemhsey,cemhsey_forward_day_logo|D09,set_acsa_tau_0.20,S9,grasp_protocol,D09,0.42857142857142855,0.42857142857142855,0.3931369250997102,0.3931369250997102,0.6763597882774708,1.381337987278709,0.09019741414041352,0.3751685357026651,0.3751685357026651,0.1130952380952381,0.1130952380952381,0.009587607955820927,12500.0,168,168,cemhsey_forward_day_logo
cemhsey,cemhsey_forward_day_logo|D09,agency_margin_tau_0.20,S9,grasp_protocol,D09,0.42857142857142855,0.42857142857142855,0.3931369250997102,0.3931369250997102,0.6605847630657936,1.3435279938189013,0.09433845305927356,0.3751685357026651,0.3751685357026651,0.1130952380952381,0.1130952380952381,0.009587607955820927,12500.0,168,168,cemhsey_forward_day_logo
cemhsey,cemhsey_forward_day_logo|D09,user_only,S11,grasp_protocol,D09,0.7738095238095238,0.7738095238095238,0.7744691024345162,0.7744691024345162,0.4077587547924106,0.8676445220393594,0.2666863710504913,0.05164045772777456,0.05164045772777456,0.0,0.0,0.0,12500.0,168,168,cemhsey_forward_day_logo
cemhsey,cemhsey_forward_day_logo|D09,assist_only,S11,grasp_protocol,D09,0.8273809523809523,0.8273809523809524,0.8118566349477317,0.8118566349477317,0.39917409401553966,0.8147431742729933,0.32319303401426114,0.03575215141210232,0.03575215141210232,0.2976190476190476,0.2976190476190476,0.04897117231500704,12500.0,168,168,cemhsey_forward_day_logo
cemhsey,cemhsey_forward_day_logo|D09,confidence_blend_alpha_0.25,S11,grasp_protocol,D09,0.875,0.875,0.8742840029093398,0.8742840029093398,0.3878362144234975,0.8132733114405238,0.3812459859207206,0.029610962707752646,0.029610962707752646,0.1130952380952381,0.1130952380952381,0.007131892541294278,12500.0,168,168,cemhsey_forward_day_logo
cemhsey,cemhsey_forward_day_logo|D09,confidence_blend_alpha_0.50,S11,grasp_protocol,D09,0.9226190476190477,0.9226190476190477,0.9226514180551447,0.9226514180551447,0.37976459083774056,0.7949036575032382,0.4303285478702219,0.017478380657422757,0.017478380657422757,0.19642857142857142,0.19642857142857142,0.017952426699546716,12500.0,168,168,cemhsey_forward_day_logo
cemhsey,cemhsey_forward_day_logo|D09,confidence_blend_alpha_0.75,S11,grasp_protocol,D09,0.8809523809523809,0.880952380952381,0.8753322472333306,0.8753322472333306,0.38354388403508793,0.7959922691045432,0.3849344010051145,0.021084022213121233,0.021084022213121233,0.23214285714285715,0.23214285714285715,0.029543054853639426,12500.0,168,168,cemhsey_forward_day_logo
cemhsey,cemhsey_forward_day_logo|D09,selective_prediction,S11,grasp_protocol,D09,0.7956349206349206,0.7956349206349207,0.7946172684957631,0.7946172684957631,0.37052479213498973,0.7880619681453005,0.25706569657919415,0.04214426797216216,0.04214426797216216,0.021825396825396824,0.021825396825396824,0.003241727145294466,12500.0,504,504,cemhsey_forward_day_logo
cemhsey,cemhsey_forward_day_logo|D09,set_acsa_tau_0.02,S11,grasp_protocol,D09,0.7738095238095238,0.7738095238095238,0.7744691024345162,0.7744691024345162,0.3626267875650236,0.7812736750621555,0.2633234370897066,0.039142419346625226,0.039142419346625226,0.0,0.0,0.0,12500.0,168,168,cemhsey_forward_day_logo
cemhsey,cemhsey_forward_day_logo|D09,agency_margin_tau_0.02,S11,grasp_protocol,D09,0.7738095238095238,0.7738095238095238,0.7744691024345162,0.7744691024345162,0.3246915321616363,1.10893082613708,0.1972214135441004,0.038834073015876436,0.038834073015876436,0.0,0.0,0.0,12500.0,168,168,cemhsey_forward_day_logo
cemhsey,cemhsey_forward_day_logo|D09,set_acsa_tau_0.05,S11,grasp_protocol,D09,0.8035714285714286,0.8035714285714287,0.8045672510883816,0.8045672510883816,0.3533594029341805,0.7620894546965269,0.25706378595306734,0.033196856807451595,0.033196856807451595,0.02976190476190476,0.02976190476190476,0.0009044131060512342,12500.0,168,168,cemhsey_forward_day_logo
cemhsey,cemhsey_forward_day_logo|D09,agency_margin_tau_0.05,S11,grasp_protocol,D09,0.8035714285714286,0.8035714285714287,0.8045672510883816,0.8045672510883816,0.3056314691036861,1.076703106364799,0.192084532662532,0.03300821111584863,0.03300821111584863,0.02976190476190476,0.02976190476190476,0.0009044131060512342,12500.0,168,168,cemhsey_forward_day_logo
cemhsey,cemhsey_forward_day_logo|D09,set_acsa_tau_0.10,S11,grasp_protocol,D09,0.8273809523809523,0.8273809523809524,0.8275502797136455,0.8275502797136455,0.3435257676700564,0.7396002364406858,0.2633244156278797,0.030693178488165277,0.030693178488165277,0.07142857142857142,0.07142857142857142,0.003990336888404419,12500.0,168,168,cemhsey_forward_day_logo
cemhsey,cemhsey_forward_day_logo|D09,agency_margin_tau_0.10,S11,grasp_protocol,D09,0.8214285714285714,0.8214285714285715,0.8212365658222919,0.8212365658222919,0.2961506852434435,1.0641343228105746,0.18815742182901135,0.030725000388104964,0.030725000388104964,0.07738095238095238,0.07738095238095238,0.004419182048704557,12500.0,168,168,cemhsey_forward_day_logo
cemhsey,cemhsey_forward_day_logo|D09,set_acsa_tau_0.15,S11,grasp_protocol,D09,0.8630952380952381,0.8630952380952381,0.8616301445729124,0.8616301445729124,0.3217480457723414,0.6925818657649271,0.2875606536245064,0.023047453378842276,0.023047453378842276,0.10714285714285714,0.10714285714285714,0.008076826673337135,12500.0,168,168,cemhsey_forward_day_logo
cemhsey,cemhsey_forward_day_logo|D09,agency_margin_tau_0.15,S11,grasp_protocol,D09,0.8571428571428571,0.8571428571428571,0.8552690546824108,0.8552690546824108,0.27789943762029995,0.731024767688307,0.21363498664848954,0.02308288421784454,0.02308288421784454,0.1130952380952381,0.1130952380952381,0.008505671833637273,12500.0,168,168,cemhsey_forward_day_logo
cemhsey,cemhsey_forward_day_logo|D09,set_acsa_tau_0.20,S11,grasp_protocol,D09,0.8928571428571429,0.892857142857143,0.8916794316794316,0.8916794316794316,0.30256414594873293,0.6409801694593968,0.3102692034722938,0.01885711523317357,0.01885711523317357,0.15476190476190477,0.15476190476190477,0.01638983031648142,12500.0,168,168,cemhsey_forward_day_logo
cemhsey,cemhsey_forward_day_logo|D09,agency_margin_tau_0.20,S11,grasp_protocol,D09,0.8869047619047619,0.886904761904762,0.8853989197385425,0.8853989197385425,0.2649485076486601,0.5433797515094324,0.23762512179425557,0.018856688355595234,0.018856688355595234,0.16071428571428573,0.16071428571428573,0.016818675476781557,12500.0,168,168,cemhsey_forward_day_logo
cemhsey,cemhsey_forward_day_logo|D09,user_only,S12,grasp_protocol,D09,0.6726190476190477,0.6726190476190477,0.6559341685392105,0.6559341685392105,0.44813184313418375,0.8918150298227678,0.14899862755919407,0.14769728445993202,0.14769728445993202,0.0,0.0,0.0,12500.0,168,168,cemhsey_forward_day_logo
cemhsey,cemhsey_forward_day_logo|D09,assist_only,S12,grasp_protocol,D09,0.8392857142857143,0.8392857142857142,0.824356288872418,0.824356288872418,0.4397697057758013,0.8817847645740307,0.39076992883432066,0.09848988181968721,0.09848988181968721,0.2619047619047619,0.2619047619047619,0.04559868777115757,12500.0,168,168,cemhsey_forward_day_logo
cemhsey,cemhsey_forward_day_logo|D09,confidence_blend_alpha_0.25,S12,grasp_protocol,D09,0.7321428571428571,0.7321428571428571,0.7129617855614061,0.7129617855614061,0.4310629236680186,0.8632226885604675,0.2394128920542495,0.11899651016015422,0.11899651016015422,0.08928571428571429,0.08928571428571429,0.004915083697104694,12500.0,168,168,cemhsey_forward_day_logo
cemhsey,cemhsey_forward_day_logo|D09,confidence_blend_alpha_0.50,S12,grasp_protocol,D09,0.7857142857142857,0.7857142857142857,0.772637074015502,0.772637074015502,0.4239795942862458,0.8557273950452,0.3150523262887717,0.0888705531183231,0.0888705531183231,0.1488095238095238,0.1488095238095238,0.015338349339001028,12500.0,168,168,cemhsey_forward_day_logo
cemhsey,cemhsey_forward_day_logo|D09,confidence_blend_alpha_0.75,S12,grasp_protocol,D09,0.8392857142857143,0.8392857142857143,0.8291232576946863,0.8291232576946863,0.42688185498884,0.8624561996919433,0.38284282522821006,0.07554957394772131,0.07554957394772131,0.24404761904761904,0.24404761904761904,0.04024547590600289,12500.0,168,168,cemhsey_forward_day_logo
cemhsey,cemhsey_forward_day_logo|D09,selective_prediction,S12,grasp_protocol,D09,0.6785714285714286,0.6785714285714286,0.6613574312269382,0.6613574312269382,0.44147515491311556,0.8789281929898054,0.15034765603624947,0.1413452658950409,0.1413452658950409,0.005952380952380952,0.005952380952380952,0.0004740317244170816,12500.0,504,504,cemhsey_forward_day_logo
cemhsey,cemhsey_forward_day_logo|D09,set_acsa_tau_0.02,S12,grasp_protocol,D09,0.6726190476190477,0.6726190476190476,0.6535623605784896,0.6535623605784896,0.4235173485529212,0.8409935159915667,0.1513944058799951,0.1339870107786984,0.1339870107786984,0.017857142857142856,0.017857142857142856,0.00018553087753526689,12500.0,168,168,cemhsey_forward_day_logo
cemhsey,cemhsey_forward_day_logo|D09,agency_margin_tau_0.02,S12,grasp_protocol,D09,0.6785714285714286,0.6785714285714286,0.662737246413717,0.662737246413717,0.4239107860844454,1.832145891901952,0.142303879259052,0.13350836636487123,0.13350836636487123,0.023809523809523808,0.023809523809523808,0.00027858776239443074,12500.0,168,168,cemhsey_forward_day_logo
cemhsey,cemhsey_forward_day_logo|D09,set_acsa_tau_0.05,S12,grasp_protocol,D09,0.6845238095238095,0.6845238095238094,0.6630280730985528,0.6630280730985528,0.42063292682647296,0.8361548105186172,0.15496206424228526,0.13152308305505453,0.13152308305505453,0.03571428571428571,0.03571428571428571,0.0008376961807247756,12500.0,168,168,cemhsey_forward_day_logo
cemhsey,cemhsey_forward_day_logo|D09,agency_margin_tau_0.05,S12,grasp_protocol,D09,0.6904761904761905,0.6904761904761905,0.6724734435597092,0.6724734435597092,0.4255318840260814,1.8391612317715225,0.15013447516195727,0.13100601718154753,0.13100601718154753,0.041666666666666664,0.041666666666666664,0.0011068597380068273,12500.0,168,168,cemhsey_forward_day_logo
cemhsey,cemhsey_forward_day_logo|D09,set_acsa_tau_0.10,S12,grasp_protocol,D09,0.7202380952380952,0.7202380952380952,0.6991053303364033,0.6991053303364033,0.40519749467503596,0.8054401346001218,0.1742917491100775,0.12255018269051078,0.12255018269051078,0.07738095238095238,0.07738095238095238,0.003920815066338399,12500.0,168,168,cemhsey_forward_day_logo
cemhsey,cemhsey_forward_day_logo|D09,agency_margin_tau_0.10,S12,grasp_protocol,D09,0.7261904761904762,0.7261904761904762,0.7082713344003667,0.7082713344003667,0.38203653298085094,1.1746494055966956,0.12738931125738084,0.12222274464835832,0.12222274464835832,0.08333333333333333,0.08333333333333333,0.004189978623620451,12500.0,168,168,cemhsey_forward_day_logo
cemhsey,cemhsey_forward_day_logo|D09,set_acsa_tau_0.15,S12,grasp_protocol,D09,0.7440476190476191,0.744047619047619,0.7238722672814343,0.7238722672814343,0.3924636617865917,0.7793281819367127,0.18942071353792414,0.11595877927570461,0.11595877927570461,0.10714285714285714,0.10714285714285714,0.007603635024900483,12500.0,168,168,cemhsey_forward_day_logo
cemhsey,cemhsey_forward_day_logo|D09,agency_margin_tau_0.15,S12,grasp_protocol,D09,0.75,0.75,0.7327777775374847,0.7327777775374847,0.35451172567537287,0.6818856692081271,0.1484652513313479,0.11574228369951414,0.11574228369951414,0.1130952380952381,0.1130952380952381,0.007872798582182533,12500.0,168,168,cemhsey_forward_day_logo
cemhsey,cemhsey_forward_day_logo|D09,set_acsa_tau_0.20,S12,grasp_protocol,D09,0.7440476190476191,0.744047619047619,0.7255573103778695,0.7255573103778695,0.39207258945091766,0.7754961486685483,0.184662499561271,0.11766426147710034,0.11766426147710034,0.11904761904761904,0.11904761904761904,0.00973188371771562,12500.0,168,168,cemhsey_forward_day_logo
cemhsey,cemhsey_forward_day_logo|D09,agency_margin_tau_0.20,S12,grasp_protocol,D09,0.7440476190476191,0.744047619047619,0.7255573103778695,0.7255573103778695,0.36860098797720814,0.7104255815856325,0.14587747569989834,0.11766426147710034,0.11766426147710034,0.11904761904761904,0.11904761904761904,0.00973188371771562,12500.0,168,168,cemhsey_forward_day_logo
cemhsey,cemhsey_forward_day_logo|D09,user_only,S13,grasp_protocol,D09,0.6666666666666666,0.6666666666666667,0.626434413668971,0.626434413668971,0.49043108468392455,1.0378409944542168,0.20020952286643637,0.11520309877267816,0.11520309877267816,0.0,0.0,0.0,12500.0,168,168,cemhsey_forward_day_logo
cemhsey,cemhsey_forward_day_logo|D09,assist_only,S13,grasp_protocol,D09,0.7321428571428571,0.7321428571428571,0.694739683926371,0.694739683926371,0.4707758538745572,0.9587957378522043,0.35378972970996486,0.062258390222083515,0.062258390222083515,0.3392857142857143,0.3392857142857143,0.06659492509304013,12500.0,168,168,cemhsey_forward_day_logo
cemhsey,cemhsey_forward_day_logo|D09,confidence_blend_alpha_0.25,S13,grasp_protocol,D09,0.75,0.75,0.7025483773227446,0.7025483773227446,0.4705345086974183,0.9845366207009674,0.29995687420885786,0.07687101661115002,0.07687101661115002,0.10119047619047619,0.10119047619047619,0.005285516339502093,12500.0,168,168,cemhsey_forward_day_logo
cemhsey,cemhsey_forward_day_logo|D09,confidence_blend_alpha_0.50,S13,grasp_protocol,D09,0.7916666666666666,0.7916666666666667,0.7485163439555101,0.7485163439555101,0.4606264449003735,0.9595759169061676,0.3779025303511801,0.0425957418739219,0.0425957418739219,0.16071428571428573,0.16071428571428573,0.015413735077441345,12500.0,168,168,cemhsey_forward_day_logo
cemhsey,cemhsey_forward_day_logo|D09,confidence_blend_alpha_0.75,S13,grasp_protocol,D09,0.8095238095238095,0.8095238095238095,0.767114421258231,0.767114421258231,0.46070689329275316,0.9519296282621174,0.41057317528906334,0.028819550682697655,0.028819550682697655,0.21428571428571427,0.21428571428571427,0.02373555103655307,12500.0,168,168,cemhsey_forward_day_logo
cemhsey,cemhsey_forward_day_logo|D09,selective_prediction,S13,grasp_protocol,D09,0.6666666666666666,0.6666666666666667,0.626434413668971,0.626434413668971,0.4878705422503752,1.0342819720632892,0.19833115783590682,0.11353618069234779,0.11353618069234779,0.0,0.0,0.0,12500.0,504,504,cemhsey_forward_day_logo
cemhsey,cemhsey_forward_day_logo|D09,set_acsa_tau_0.02,S13,grasp_protocol,D09,0.6964285714285714,0.6964285714285714,0.6550737891279608,0.6550737891279608,0.44126953986491546,0.9546646191136628,0.2600389486305045,0.0728429680605543,0.0728429680605543,0.02976190476190476,0.02976190476190476,0.00028761006529315347,12500.0,168,168,cemhsey_forward_day_logo
cemhsey,cemhsey_forward_day_logo|D09,agency_margin_tau_0.02,S13,grasp_protocol,D09,0.6964285714285714,0.6964285714285714,0.6538740053052262,0.6538740053052262,0.38542012435434614,1.2543274279313092,0.17963480208102617,0.07260765789149415,0.07260765789149415,0.03571428571428571,0.03571428571428571,0.00031744415339742595,12500.0,168,168,cemhsey_forward_day_logo
cemhsey,cemhsey_forward_day_logo|D09,set_acsa_tau_0.05,S13,grasp_protocol,D09,0.7083333333333334,0.7083333333333333,0.6657622246222904,0.6657622246222904,0.43685379482422676,0.9470394001678425,0.26713263903999784,0.06817018341252724,0.06817018341252724,0.041666666666666664,0.041666666666666664,0.0006609817350855909,12500.0,168,168,cemhsey_forward_day_logo
cemhsey,cemhsey_forward_day_logo|D09,agency_margin_tau_0.05,S13,grasp_protocol,D09,0.7083333333333334,0.7083333333333333,0.6645624407995557,0.6645624407995557,0.3831339771953887,1.2516270349381688,0.18741323565578774,0.06793641226747679,0.06793641226747679,0.047619047619047616,0.047619047619047616,0.0006908158231898634,12500.0,168,168,cemhsey_forward_day_logo
cemhsey,cemhsey_forward_day_logo|D09,set_acsa_tau_0.10,S13,grasp_protocol,D09,0.7559523809523809,0.7559523809523808,0.7158675402184288,0.7158675402184288,0.41446718130917887,0.8889523770352968,0.28744746295003065,0.05638462644934023,0.05638462644934023,0.09523809523809523,0.09523809523809523,0.005136278281235922,12500.0,168,168,cemhsey_forward_day_logo
cemhsey,cemhsey_forward_day_logo|D09,agency_margin_tau_0.10,S13,grasp_protocol,D09,0.7559523809523809,0.7559523809523808,0.7155715722707736,0.7155715722707736,0.3579727944336142,1.0449929751025218,0.20531968369096817,0.056045476185714475,0.056045476185714475,0.10119047619047619,0.10119047619047619,0.005508540883299113,12500.0,168,168,cemhsey_forward_day_logo
cemhsey,cemhsey_forward_day_logo|D09,set_acsa_tau_0.15,S13,grasp_protocol,D09,0.7678571428571429,0.7678571428571429,0.7263014829641481,0.7263014829641481,0.4075786156975498,0.8713385340963994,0.28709248546382327,0.05435745048278718,0.05435745048278718,0.11904761904761904,0.11904761904761904,0.008213002455356824,12500.0,168,168,cemhsey_forward_day_logo
cemhsey,cemhsey_forward_day_logo|D09,agency_margin_tau_0.15,S13,grasp_protocol,D09,0.7678571428571429,0.7678571428571429,0.7263014829641481,0.7263014829641481,0.3680106788009918,1.0720996274212866,0.21836681479200173,0.05402254182092313,0.05402254182092313,0.11904761904761904,0.11904761904761904,0.008213002455356824,12500.0,168,168,cemhsey_forward_day_logo
cemhsey,cemhsey_forward_day_logo|D09,set_acsa_tau_0.20,S13,grasp_protocol,D09,0.7619047619047619,0.7619047619047619,0.7221997983527138,0.7221997983527138,0.4075333613728758,0.8706391108918764,0.28545491305608317,0.05478045252075957,0.05478045252075957,0.13690476190476192,0.13690476190476192,0.011270739350071664,12500.0,168,168,cemhsey_forward_day_logo
cemhsey,cemhsey_forward_day_logo|D09,agency_margin_tau_0.20,S13,grasp_protocol,D09,0.7619047619047619,0.7619047619047619,0.7221997983527138,0.7221997983527138,0.37833727756886554,0.942971256477608,0.23671409117885842,0.05478045252075957,0.05478045252075957,0.13690476190476192,0.13690476190476192,0.011270739350071664,12500.0,168,168,cemhsey_forward_day_logo
cemhsey,cemhsey_forward_day_logo|D10,user_only,S1,grasp_protocol,D10,0.8214285714285714,0.8214285714285714,0.8207085431575226,0.8207085431575226,0.3323378975247969,0.7177879196089684,0.25106329934202515,0.032911464829939556,0.032911464829939556,0.0,0.0,0.0,12500.0,168,168,cemhsey_forward_day_logo
cemhsey,cemhsey_forward_day_logo|D10,assist_only,S1,grasp_protocol,D10,0.9642857142857143,0.9642857142857143,0.9641664163132324,0.9641664163132324,0.2527366930094438,0.559139680560685,0.3768632008625275,0.003649816729442939,0.003649816729442939,0.19047619047619047,0.19047619047619047,0.025395597922392897,12500.0,168,168,cemhsey_forward_day_logo
cemhsey,cemhsey_forward_day_logo|D10,confidence_blend_alpha_0.25,S1,grasp_protocol,D10,0.9226190476190477,0.9226190476190476,0.9240314640459065,0.9240314640459065,0.2966637414504946,0.6401792036231067,0.35506752587541146,0.013534522733169527,0.013534522733169527,0.11904761904761904,0.11904761904761904,0.008267283794759364,12500.0,168,168,cemhsey_forward_day_logo
cemhsey,cemhsey_forward_day_logo|D10,confidence_blend_alpha_0.50,S1,grasp_protocol,D10,0.9702380952380952,0.9702380952380952,0.9704584082873271,0.9704584082873271,0.2715054886732338,0.5969858100453154,0.39711006538271026,0.00562419413417765,0.00562419413417765,0.16666666666666666,0.16666666666666666,0.0159478654856496,12500.0,168,168,cemhsey_forward_day_logo
cemhsey,cemhsey_forward_day_logo|D10,confidence_blend_alpha_0.75,S1,grasp_protocol,D10,0.9821428571428571,0.9821428571428571,0.9821351032814343,0.9821351032814343,0.2568631391928835,0.5715463420004753,0.40065211262333444,0.004104226387002436,0.004104226387002436,0.17261904761904762,0.17261904761904762,0.018554480490104885,12500.0,168,168,cemhsey_forward_day_logo
cemhsey,cemhsey_forward_day_logo|D10,selective_prediction,S1,grasp_protocol,D10,0.8591269841269841,0.8591269841269841,0.8588013940699885,0.8588013940699885,0.2900980780235757,0.6426419816188729,0.25840856318775784,0.02140337116380154,0.02140337116380154,0.037698412698412696,0.037698412698412696,0.003901910476470171,12500.0,504,504,cemhsey_forward_day_logo
cemhsey,cemhsey_forward_day_logo|D10,set_acsa_tau_0.02,S1,grasp_protocol,D10,0.8333333333333334,0.8333333333333334,0.8326630765236641,0.8326630765236641,0.2728880558460515,0.6206102938437171,0.2659313906695133,0.020376915460081996,0.020376915460081996,0.011904761904761904,0.011904761904761904,0.0001527701569955589,12500.0,168,168,cemhsey_forward_day_logo
cemhsey,cemhsey_forward_day_logo|D10,agency_margin_tau_0.02,S1,grasp_protocol,D10,0.8333333333333334,0.8333333333333334,0.8326630765236641,0.8326630765236641,0.2217519423397828,0.6370224743880224,0.15400221086605576,0.020376915460081996,0.020376915460081996,0.011904761904761904,0.011904761904761904,0.0001527701569955589,12500.0,168,168,cemhsey_forward_day_logo
cemhsey,cemhsey_forward_day_logo|D10,set_acsa_tau_0.05,S1,grasp_protocol,D10,0.8511904761904762,0.8511904761904763,0.8509596892086483,0.8509596892086483,0.2609508741239214,0.5951569755520997,0.2619838572464137,0.017771719127596935,0.017771719127596935,0.041666666666666664,0.041666666666666664,0.0011631839229679663,12500.0,168,168,cemhsey_forward_day_logo
cemhsey,cemhsey_forward_day_logo|D10,agency_margin_tau_0.05,S1,grasp_protocol,D10,0.8511904761904762,0.8511904761904763,0.8509596892086483,0.8509596892086483,0.2099651106406252,0.6136450108205428,0.14925598232083606,0.017771719127596935,0.017771719127596935,0.041666666666666664,0.041666666666666664,0.0011631839229679663,12500.0,168,168,cemhsey_forward_day_logo
cemhsey,cemhsey_forward_day_logo|D10,set_acsa_tau_0.10,S1,grasp_protocol,D10,0.9107142857142857,0.9107142857142857,0.9110632094783202,0.9110632094783202,0.2280635410581854,0.5327310155587616,0.2774536028208042,0.009329470925542668,0.009329470925542668,0.10119047619047619,0.10119047619047619,0.005536251498254301,12500.0,168,168,cemhsey_forward_day_logo
cemhsey,cemhsey_forward_day_logo|D10,agency_margin_tau_0.10,S1,grasp_protocol,D10,0.9107142857142857,0.9107142857142857,0.9110632094783202,0.9110632094783202,0.1805353413673456,0.557172282104512,0.16929350262873838,0.009329470925542668,0.009329470925542668,0.10119047619047619,0.10119047619047619,0.005536251498254301,12500.0,168,168,cemhsey_forward_day_logo
cemhsey,cemhsey_forward_day_logo|D10,set_acsa_tau_0.15,S1,grasp_protocol,D10,0.9345238095238095,0.9345238095238095,0.9346220251018341,0.9346220251018341,0.21385335100449834,0.5045293065877109,0.28642057628270584,0.006967498493654861,0.006967498493654861,0.125,0.125,0.0081810520868357,12500.0,168,168,cemhsey_forward_day_logo
cemhsey,cemhsey_forward_day_logo|D10,agency_margin_tau_0.15,S1,grasp_protocol,D10,0.9345238095238095,0.9345238095238095,0.9346220251018341,0.9346220251018341,0.16892100787635922,0.38851162557355917,0.19337445240718873,0.006967498493654861,0.006967498493654861,0.125,0.125,0.0081810520868357,12500.0,168,168,cemhsey_forward_day_logo
cemhsey,cemhsey_forward_day_logo|D10,set_acsa_tau_0.20,S1,grasp_protocol,D10,0.9523809523809523,0.9523809523809524,0.9528962900080079,0.9528962900080079,0.20463445561767463,0.4874816756312112,0.29690385959118276,0.0055607942982125015,0.0055607942982125015,0.14285714285714285,0.14285714285714285,0.01129151617213411,12500.0,168,168,cemhsey_forward_day_logo
cemhsey,cemhsey_forward_day_logo|D10,agency_margin_tau_0.20,S1,grasp_protocol,D10,0.9523809523809523,0.9523809523809524,0.9528962900080079,0.9528962900080079,0.16297021807594594,0.3800849903649586,0.2111992814685532,0.0055607942982125015,0.0055607942982125015,0.14285714285714285,0.14285714285714285,0.01129151617213411,12500.0,168,168,cemhsey_forward_day_logo
cemhsey,cemhsey_forward_day_logo|D10,user_only,S10,grasp_protocol,D10,0.6666666666666666,0.6666666666666666,0.6673363566177237,0.6673363566177237,0.5083235199060105,1.0460612940252854,0.2158950004665488,0.1231906567230302,0.1231906567230302,0.0,0.0,0.0,12500.0,168,168,cemhsey_forward_day_logo
cemhsey,cemhsey_forward_day_logo|D10,assist_only,S10,grasp_protocol,D10,0.7380952380952381,0.7380952380952381,0.7364597423898311,0.7364597423898311,0.5657416716531689,1.1720148967303043,0.3698155101728115,0.0821022924334281,0.0821022924334281,0.38095238095238093,0.38095238095238093,0.0738580019556627,12500.0,168,168,cemhsey_forward_day_logo
cemhsey,cemhsey_forward_day_logo|D10,confidence_blend_alpha_0.25,S10,grasp_protocol,D10,0.6964285714285714,0.6964285714285714,0.6962235013665827,0.6962235013665827,0.5091916405238671,1.048305218188939,0.2777294100077092,0.0999692468682255,0.0999692468682255,0.05357142857142857,0.05357142857142857,0.0020533379555560116,12500.0,168,168,cemhsey_forward_day_logo
cemhsey,cemhsey_forward_day_logo|D10,confidence_blend_alpha_0.50,S10,grasp_protocol,D10,0.7976190476190477,0.7976190476190477,0.7985339400371284,0.7985339400371284,0.5190507060210245,1.0713281408773407,0.40908453655347377,0.06684754395898768,0.06684754395898768,0.16071428571428573,0.16071428571428573,0.014563836432558203,12500.0,168,168,cemhsey_forward_day_logo
cemhsey,cemhsey_forward_day_logo|D10,confidence_blend_alpha_0.75,S10,grasp_protocol,D10,0.8154761904761905,0.8154761904761906,0.8149601114326758,0.8149601114326758,0.5379007163974585,1.1115499019409096,0.4425921764053154,0.05365896072373651,0.05365896072373651,0.26785714285714285,0.26785714285714285,0.037152176256005684,12500.0,168,168,cemhsey_forward_day_logo
cemhsey,cemhsey_forward_day_logo|D10,selective_prediction,S10,grasp_protocol,D10,0.6746031746031746,0.6746031746031745,0.6742554666377052,0.6742554666377052,0.5029518844766265,1.0358441790001123,0.220546532228874,0.11809329821400373,0.11809329821400373,0.007936507936507936,0.007936507936507936,0.0007200957113171085,12500.0,504,504,cemhsey_forward_day_logo
cemhsey,cemhsey_forward_day_logo|D10,set_acsa_tau_0.02,S10,grasp_protocol,D10,0.6666666666666666,0.6666666666666666,0.6677116643700807,0.6677116643700807,0.49104163381684895,1.0105646767215835,0.2682678406781644,0.10265070733959879,0.10265070733959879,0.005952380952380952,0.005952380952380952,1.5107233308685847e-05,12500.0,168,168,cemhsey_forward_day_logo
cemhsey,cemhsey_forward_day_logo|D10,agency_margin_tau_0.02,S10,grasp_protocol,D10,0.6666666666666666,0.6666666666666666,0.6677116643700807,0.6677116643700807,0.46247398761464237,1.5222155167065932,0.22672060572905747,0.10265070733959879,0.10265070733959879,0.005952380952380952,0.005952380952380952,1.5107233308685847e-05,12500.0,168,168,cemhsey_forward_day_logo
cemhsey,cemhsey_forward_day_logo|D10,set_acsa_tau_0.05,S10,grasp_protocol,D10,0.6845238095238095,0.6845238095238094,0.6853262669271238,0.6853262669271238,0.4849613776243248,0.9975091592978131,0.2730368264609862,0.09704121692511743,0.09704121692511743,0.023809523809523808,0.023809523809523808,0.0007119666527734247,12500.0,168,168,cemhsey_forward_day_logo
cemhsey,cemhsey_forward_day_logo|D10,agency_margin_tau_0.05,S10,grasp_protocol,D10,0.6845238095238095,0.6845238095238094,0.6857248378723126,0.6857248378723126,0.4554155799193478,1.513875096440662,0.2185848152769051,0.09704121692511743,0.09704121692511743,0.02976190476190476,0.02976190476190476,0.0009557243289569784,12500.0,168,168,cemhsey_forward_day_logo
cemhsey,cemhsey_forward_day_logo|D10,set_acsa_tau_0.10,S10,grasp_protocol,D10,0.7321428571428571,0.732142857142857,0.7310934892661088,0.7310934892661088,0.47010208877143633,0.9679278315568289,0.27860506273004665,0.08695660771024287,0.08695660771024287,0.07738095238095238,0.07738095238095238,0.004492973042926485,12500.0,168,168,cemhsey_forward_day_logo
cemhsey,cemhsey_forward_day_logo|D10,agency_margin_tau_0.10,S10,grasp_protocol,D10,0.7321428571428571,0.732142857142857,0.7316712323250548,0.7316712323250548,0.44045159095626474,1.186165576655125,0.2405639930773811,0.08695660771024287,0.08695660771024287,0.08333333333333333,0.08333333333333333,0.004736730719110039,12500.0,168,168,cemhsey_forward_day_logo
cemhsey,cemhsey_forward_day_logo|D10,set_acsa_tau_0.15,S10,grasp_protocol,D10,0.7440476190476191,0.744047619047619,0.743074661709412,0.743074661709412,0.4663405408538961,0.9593994012382699,0.28236231706171383,0.08449276138586395,0.08449276138586395,0.08928571428571429,0.08928571428571429,0.005955767323743313,12500.0,168,168,cemhsey_forward_day_logo
cemhsey,cemhsey_forward_day_logo|D10,agency_margin_tau_0.15,S10,grasp_protocol,D10,0.7440476190476191,0.744047619047619,0.743074661709412,0.743074661709412,0.4450771384837854,0.8988720984510553,0.26215107463266235,0.08449276138586395,0.08449276138586395,0.08928571428571429,0.08928571428571429,0.005955767323743313,12500.0,168,168,cemhsey_forward_day_logo
cemhsey,cemhsey_forward_day_logo|D10,set_acsa_tau_0.20,S10,grasp_protocol,D10,0.7440476190476191,0.744047619047619,0.743074661709412,0.743074661709412,0.4663405408538961,0.9593994012382699,0.28236231706171383,0.08449276138586395,0.08449276138586395,0.08928571428571429,0.08928571428571429,0.005955767323743313,12500.0,168,168,cemhsey_forward_day_logo
cemhsey,cemhsey_forward_day_logo|D10,agency_margin_tau_0.20,S10,grasp_protocol,D10,0.7440476190476191,0.744047619047619,0.743074661709412,0.743074661709412,0.45637343777605954,0.9254802952972119,0.268134153743658,0.08449276138586395,0.08449276138586395,0.08928571428571429,0.08928571428571429,0.005955767323743313,12500.0,168,168,cemhsey_forward_day_logo
cemhsey,cemhsey_forward_day_logo|D10,user_only,S2,grasp_protocol,D10,0.7857142857142857,0.7857142857142857,0.7914953652741736,0.7914953652741736,0.340036463840985,0.7357388737537616,0.21143620950059622,0.04782737303998101,0.04782737303998101,0.0,0.0,0.0,12500.0,168,168,cemhsey_forward_day_logo
cemhsey,cemhsey_forward_day_logo|D10,assist_only,S2,grasp_protocol,D10,0.9345238095238095,0.9345238095238094,0.9340165666782846,0.9340165666782846,0.2756413247325821,0.5925360919349141,0.3593038525950325,0.01099109335013404,0.01099109335013404,0.21428571428571427,0.21428571428571427,0.02577697136738105,12500.0,168,168,cemhsey_forward_day_logo
cemhsey,cemhsey_forward_day_logo|D10,confidence_blend_alpha_0.25,S2,grasp_protocol,D10,0.9285714285714286,0.9285714285714286,0.9288445442932031,0.9288445442932031,0.3072734166655577,0.6608726817083234,0.3635874795378058,0.02047512419827437,0.02047512419827437,0.15476190476190477,0.15476190476190477,0.01082436916013782,12500.0,168,168,cemhsey_forward_day_logo
cemhsey,cemhsey_forward_day_logo|D10,confidence_blend_alpha_0.50,S2,grasp_protocol,D10,0.9583333333333334,0.9583333333333334,0.9581183023002409,0.9581183023002409,0.2856198777557164,0.6208317006994208,0.39124162252947514,0.013801970300830918,0.013801970300830918,0.18452380952380953,0.18452380952380953,0.01569777848714042,12500.0,168,168,cemhsey_forward_day_logo
cemhsey,cemhsey_forward_day_logo|D10,confidence_blend_alpha_0.75,S2,grasp_protocol,D10,0.9404761904761905,0.9404761904761905,0.9397738827691698,0.9397738827691698,0.27507584711139127,0.5998052481208176,0.3701576220999223,0.008974950746058292,0.008974950746058292,0.19642857142857142,0.19642857142857142,0.018082095965555444,12500.0,168,168,cemhsey_forward_day_logo
cemhsey,cemhsey_forward_day_logo|D10,selective_prediction,S2,grasp_protocol,D10,0.8174603174603174,0.8174603174603174,0.8210921008176723,0.8210921008176723,0.3108256237507405,0.6804110937848582,0.21936123408381675,0.03604081167254404,0.03604081167254404,0.031746031746031744,0.031746031746031744,0.0018987286196040225,12500.0,504,504,cemhsey_forward_day_logo
cemhsey,cemhsey_forward_day_logo|D10,set_acsa_tau_0.02,S2,grasp_protocol,D10,0.8035714285714286,0.8035714285714286,0.8091879709495903,0.8091879709495903,0.2903636368699512,0.6472832115720613,0.25169591135724273,0.029299507777921636,0.029299507777921636,0.017857142857142856,0.017857142857142856,0.0002244622993984789,12500.0,168,168,cemhsey_forward_day_logo
cemhsey,cemhsey_forward_day_logo|D10,agency_margin_tau_0.02,S2,grasp_protocol,D10,0.8035714285714286,0.8035714285714286,0.8091879709495903,0.8091879709495903,0.25488191057133713,0.8446333682444698,0.18945170564807864,0.029258456874801768,0.029258456874801768,0.017857142857142856,0.017857142857142856,0.0002244622993984789,12500.0,168,168,cemhsey_forward_day_logo
cemhsey,cemhsey_forward_day_logo|D10,set_acsa_tau_0.05,S2,grasp_protocol,D10,0.8273809523809523,0.8273809523809524,0.8316347364219705,0.8316347364219705,0.2744848948963696,0.6165041119334125,0.2514726407064712,0.024287532459213085,0.024287532459213085,0.05357142857142857,0.05357142857142857,0.0012756992162900381,12500.0,168,168,cemhsey_forward_day_logo
cemhsey,cemhsey_forward_day_logo|D10,agency_margin_tau_0.05,S2,grasp_protocol,D10,0.8273809523809523,0.8273809523809524,0.8316347364219705,0.8316347364219705,0.24132928495210784,0.815828294916995,0.19402117078801082,0.024247583593760863,0.024247583593760863,0.05357142857142857,0.05357142857142857,0.0012756992162900381,12500.0,168,168,cemhsey_forward_day_logo
cemhsey,cemhsey_forward_day_logo|D10,set_acsa_tau_0.10,S2,grasp_protocol,D10,0.8928571428571429,0.8928571428571429,0.8948619914966528,0.8948619914966528,0.2425759777326087,0.5545905208242768,0.26732790578131477,0.014768101919811134,0.014768101919811134,0.11904761904761904,0.11904761904761904,0.005920282850086512,12500.0,168,168,cemhsey_forward_day_logo
cemhsey,cemhsey_forward_day_logo|D10,agency_margin_tau_0.10,S2,grasp_protocol,D10,0.8988095238095238,0.8988095238095237,0.9014960604803981,0.9014960604803981,0.1887052668173628,0.4263775062182359,0.19442756396511554,0.014366256209204373,0.014366256209204373,0.125,0.125,0.006292425040126504,12500.0,168,168,cemhsey_forward_day_logo
cemhsey,cemhsey_forward_day_logo|D10,set_acsa_tau_0.15,S2,grasp_protocol,D10,0.9166666666666666,0.9166666666666667,0.917455217544048,0.917455217544048,0.2257504629812733,0.5104604726024813,0.2723207936152651,0.012867490835675939,0.012867490835675939,0.16071428571428573,0.16071428571428573,0.011368817420267121,12500.0,168,168,cemhsey_forward_day_logo
cemhsey,cemhsey_forward_day_logo|D10,agency_margin_tau_0.15,S2,grasp_protocol,D10,0.9166666666666666,0.9166666666666667,0.917455217544048,0.917455217544048,0.1792672691239903,0.3985231727393747,0.19386036515024244,0.012867490835675939,0.012867490835675939,0.16071428571428573,0.16071428571428573,0.011368817420267121,12500.0,168,168,cemhsey_forward_day_logo
cemhsey,cemhsey_forward_day_logo|D10,set_acsa_tau_0.20,S2,grasp_protocol,D10,0.9404761904761905,0.9404761904761905,0.9397744707167199,0.9397744707167199,0.21026049913828718,0.4755029499342256,0.2803597029019863,0.011462077156879559,0.011462077156879559,0.18452380952380953,0.18452380952380953,0.015343015862334875,12500.0,168,168,cemhsey_forward_day_logo
cemhsey,cemhsey_forward_day_logo|D10,agency_margin_tau_0.20,S2,grasp_protocol,D10,0.9404761904761905,0.9404761904761905,0.9397744707167199,0.9397744707167199,0.17644703536706385,0.39195561373845406,0.22213157812575152,0.011462077156879559,0.011462077156879559,0.18452380952380953,0.18452380952380953,0.015343015862334875,12500.0,168,168,cemhsey_forward_day_logo
cemhsey,cemhsey_forward_day_logo|D10,user_only,S3,grasp_protocol,D10,0.6190476190476191,0.619047619047619,0.6192354683972862,0.6192354683972862,0.527298019601247,1.0618939103125673,0.21207383724508078,0.15230362688487956,0.15230362688487956,0.0,0.0,0.0,12500.0,168,168,cemhsey_forward_day_logo
cemhsey,cemhsey_forward_day_logo|D10,assist_only,S3,grasp_protocol,D10,0.8214285714285714,0.8214285714285714,0.8180663551156216,0.8180663551156216,0.5007501122594947,0.9938546066288648,0.4216853687558174,0.05180683611086943,0.05180683611086943,0.4107142857142857,0.4107142857142857,0.05425113546523546,12500.0,168,168,cemhsey_forward_day_logo
cemhsey,cemhsey_forward_day_logo|D10,confidence_blend_alpha_0.25,S3,grasp_protocol,D10,0.75,0.7499999999999999,0.7462094028460856,0.7462094028460856,0.5085516918843156,1.0117012701199517,0.34016585814598344,0.09986134595067805,0.09986134595067805,0.1488095238095238,0.1488095238095238,0.008149087246960443,12500.0,168,168,cemhsey_forward_day_logo
cemhsey,cemhsey_forward_day_logo|D10,confidence_blend_alpha_0.50,S3,grasp_protocol,D10,0.8273809523809523,0.8273809523809524,0.824850665130306,0.824850665130306,0.49787826475506736,0.9887141075028753,0.4252265763389831,0.06618833010992445,0.06618833010992445,0.26785714285714285,0.26785714285714285,0.020664543464734654,12500.0,168,168,cemhsey_forward_day_logo
cemhsey,cemhsey_forward_day_logo|D10,confidence_blend_alpha_0.75,S3,grasp_protocol,D10,0.8273809523809523,0.8273809523809524,0.821766321148199,0.821766321148199,0.4952777382134605,0.9830487429542404,0.44256820817797843,0.047737813380739756,0.047737813380739756,0.32142857142857145,0.32142857142857145,0.03206991702114286,12500.0,168,168,cemhsey_forward_day_logo
cemhsey,cemhsey_forward_day_logo|D10,selective_prediction,S3,grasp_protocol,D10,0.621031746031746,0.621031746031746,0.6209024070368099,0.6209024070368099,0.5259390694385259,1.0588496637888967,0.2123496494414326,0.15031131615459367,0.15031131615459367,0.001984126984126984,0.001984126984126984,0.00022934299538213528,12500.0,504,504,cemhsey_forward_day_logo
cemhsey,cemhsey_forward_day_logo|D10,set_acsa_tau_0.02,S3,grasp_protocol,D10,0.625,0.625,0.6240078923181468,0.6240078923181468,0.5139162934158625,1.0451590450258745,0.2610372801216218,0.13116596508759767,0.13116596508759767,0.017857142857142856,0.017857142857142856,0.0002092507451293606,12500.0,168,168,cemhsey_forward_day_logo
cemhsey,cemhsey_forward_day_logo|D10,agency_margin_tau_0.02,S3,grasp_protocol,D10,0.625,0.625,0.6232863025252732,0.6232863025252732,0.48411099458810236,1.9607580293983804,0.20899412989828287,0.12844388857639566,0.12844388857639566,0.023809523809523808,0.023809523809523808,0.0003149343331318013,12500.0,168,168,cemhsey_forward_day_logo
cemhsey,cemhsey_forward_day_logo|D10,set_acsa_tau_0.05,S3,grasp_protocol,D10,0.6666666666666666,0.6666666666666667,0.6646014062156684,0.6646014062156684,0.5048004749666285,1.0284908870030551,0.2826745986094325,0.1151754734908207,0.1151754734908207,0.05952380952380952,0.05952380952380952,0.001820378369921234,12500.0,168,168,cemhsey_forward_day_logo
cemhsey,cemhsey_forward_day_logo|D10,agency_margin_tau_0.05,S3,grasp_protocol,D10,0.6666666666666666,0.6666666666666667,0.6649328894102414,0.6649328894102414,0.4670125233443634,1.6376975038758768,0.20595405277423798,0.11306568465284007,0.11306568465284007,0.06547619047619048,0.06547619047619048,0.002058206833215153,12500.0,168,168,cemhsey_forward_day_logo
cemhsey,cemhsey_forward_day_logo|D10,set_acsa_tau_0.10,S3,grasp_protocol,D10,0.7023809523809523,0.7023809523809524,0.6958839285486975,0.6958839285486975,0.48620869273404804,0.9840788110271874,0.29189609577488157,0.10370005827187094,0.10370005827187094,0.13690476190476192,0.13690476190476192,0.0071269816360523194,12500.0,168,168,cemhsey_forward_day_logo
cemhsey,cemhsey_forward_day_logo|D10,agency_margin_tau_0.10,S3,grasp_protocol,D10,0.7023809523809523,0.7023809523809524,0.6962966650718782,0.6962966650718782,0.44788491910182415,1.1657012317233857,0.22335355531645695,0.10389654498618814,0.10389654498618814,0.14285714285714285,0.14285714285714285,0.00736481009934624,12500.0,168,168,cemhsey_forward_day_logo
cemhsey,cemhsey_forward_day_logo|D10,set_acsa_tau_0.15,S3,grasp_protocol,D10,0.7678571428571429,0.7678571428571429,0.7608046085792453,0.7608046085792453,0.4561875668673189,0.9136396067535809,0.32838448305063594,0.08522793416337605,0.08522793416337605,0.22023809523809523,0.22023809523809523,0.017265384172789253,12500.0,168,168,cemhsey_forward_day_logo
cemhsey,cemhsey_forward_day_logo|D10,agency_margin_tau_0.15,S3,grasp_protocol,D10,0.7738095238095238,0.7738095238095238,0.7674987450076011,0.7674987450076011,0.40310349954966296,0.7855516788090456,0.26895990661841973,0.08482584849546251,0.08482584849546251,0.2261904761904762,0.2261904761904762,0.01802512658860449,12500.0,168,168,cemhsey_forward_day_logo
cemhsey,cemhsey_forward_day_logo|D10,set_acsa_tau_0.20,S3,grasp_protocol,D10,0.7857142857142857,0.7857142857142857,0.7773065552698712,0.7773065552698712,0.4437330521577546,0.8794649129790812,0.3298985376735793,0.08128848249357971,0.08128848249357971,0.24404761904761904,0.24404761904761904,0.021212528504239218,12500.0,168,168,cemhsey_forward_day_logo
cemhsey,cemhsey_forward_day_logo|D10,agency_margin_tau_0.20,S3,grasp_protocol,D10,0.7857142857142857,0.7857142857142857,0.7773065552698712,0.7773065552698712,0.41223356349198154,0.7999220760046034,0.29810033028800814,0.08128848249357971,0.08128848249357971,0.24404761904761904,0.24404761904761904,0.021212528504239218,12500.0,168,168,cemhsey_forward_day_logo
cemhsey,cemhsey_forward_day_logo|D10,user_only,S4,grasp_protocol,D10,0.5892857142857143,0.5892857142857143,0.5882237743582281,0.5882237743582281,0.5832087148829755,1.1694452966759552,0.2268694400027991,0.2202429768886058,0.2202429768886058,0.0,0.0,0.0,12500.0,168,168,cemhsey_forward_day_logo
cemhsey,cemhsey_forward_day_logo|D10,assist_only,S4,grasp_protocol,D10,0.6607142857142857,0.6607142857142857,0.6627113684389225,0.6627113684389225,0.5851396176437277,1.1484767841382058,0.30780129236158826,0.24152114045332249,0.24152114045332249,0.44642857142857145,0.44642857142857145,0.047807624517052706,12500.0,168,168,cemhsey_forward_day_logo
cemhsey,cemhsey_forward_day_logo|D10,confidence_blend_alpha_0.25,S4,grasp_protocol,D10,0.6904761904761905,0.6904761904761906,0.6931620329045992,0.6931620329045992,0.5744293500582217,1.1426986342822265,0.3447526838212414,0.17945461197255871,0.17945461197255871,0.17857142857142858,0.17857142857142858,0.005992882946047707,12500.0,168,168,cemhsey_forward_day_logo
cemhsey,cemhsey_forward_day_logo|D10,confidence_blend_alpha_0.50,S4,grasp_protocol,D10,0.7202380952380952,0.7202380952380952,0.7228663117289956,0.7228663117289956,0.571824712243429,1.1320678041553713,0.3667602807843595,0.18754057499418336,0.18754057499418336,0.24404761904761904,0.24404761904761904,0.012020493021611848,12500.0,168,168,cemhsey_forward_day_logo
cemhsey,cemhsey_forward_day_logo|D10,confidence_blend_alpha_0.75,S4,grasp_protocol,D10,0.7261904761904762,0.7261904761904762,0.7253520772684536,0.7253520772684536,0.5753948014385978,1.1340578246340762,0.3759760741441567,0.19784535868492933,0.19784535868492933,0.35714285714285715,0.35714285714285715,0.027162395668371118,12500.0,168,168,cemhsey_forward_day_logo
cemhsey,cemhsey_forward_day_logo|D10,selective_prediction,S4,grasp_protocol,D10,0.5892857142857143,0.5892857142857143,0.5882237743582281,0.5882237743582281,0.5832087148829755,1.169445296675955,0.22686944000279916,0.2194478938094471,0.2194478938094471,0.0,0.0,0.0,12500.0,504,504,cemhsey_forward_day_logo
cemhsey,cemhsey_forward_day_logo|D10,set_acsa_tau_0.02,S4,grasp_protocol,D10,0.625,0.625,0.6257866783076865,0.6257866783076865,0.5574639622283137,1.1170793380466442,0.2560875954966629,0.1882416885380631,0.1882416885380631,0.05952380952380952,0.05952380952380952,0.0007114704084315917,12500.0,168,168,cemhsey_forward_day_logo
cemhsey,cemhsey_forward_day_logo|D10,agency_margin_tau_0.02,S4,grasp_protocol,D10,0.6309523809523809,0.630952380952381,0.6327130024302702,0.6327130024302702,0.5648886395619895,2.8431551708318676,0.2523626036193958,0.18721410512416484,0.18721410512416484,0.07738095238095238,0.07738095238095238,0.0009416801132353305,12500.0,168,168,cemhsey_forward_day_logo
cemhsey,cemhsey_forward_day_logo|D10,set_acsa_tau_0.05,S4,grasp_protocol,D10,0.6488095238095238,0.6488095238095238,0.6494807241615751,0.6494807241615751,0.551027308763453,1.1012812319905774,0.25727756695840204,0.1787764571010062,0.1787764571010062,0.1130952380952381,0.1130952380952381,0.0025930238525604366,12500.0,168,168,cemhsey_forward_day_logo
cemhsey,cemhsey_forward_day_logo|D10,agency_margin_tau_0.05,S4,grasp_protocol,D10,0.6607142857142857,0.6607142857142857,0.6612846377612855,0.6612846377612855,0.5242275805038719,2.1760458769787854,0.22499238142834282,0.17710439889215934,0.17710439889215934,0.13095238095238096,0.13095238095238096,0.0029646758047386108,12500.0,168,168,cemhsey_forward_day_logo
cemhsey,cemhsey_forward_day_logo|D10,set_acsa_tau_0.10,S4,grasp_protocol,D10,0.6845238095238095,0.6845238095238094,0.6854679914254381,0.6854679914254381,0.5260879184305702,1.028813046772412,0.27754569718370886,0.17273683018035588,0.17273683018035588,0.23809523809523808,0.23809523809523808,0.011477905621198584,12500.0,168,168,cemhsey_forward_day_logo
cemhsey,cemhsey_forward_day_logo|D10,agency_margin_tau_0.10,S4,grasp_protocol,D10,0.6845238095238095,0.6845238095238094,0.6854679914254381,0.6854679914254381,0.4997886226965498,1.5273805931479774,0.2122861189859332,0.17294856963788247,0.17294856963788247,0.23809523809523808,0.23809523809523808,0.011477905621198584,12500.0,168,168,cemhsey_forward_day_logo
cemhsey,cemhsey_forward_day_logo|D10,set_acsa_tau_0.15,S4,grasp_protocol,D10,0.7023809523809523,0.7023809523809523,0.7029566564641465,0.7029566564641465,0.5204129060202676,1.0144263506459066,0.2911980210585146,0.1689135407313125,0.1689135407313125,0.2619047619047619,0.2619047619047619,0.014254072928671865,12500.0,168,168,cemhsey_forward_day_logo
cemhsey,cemhsey_forward_day_logo|D10,agency_margin_tau_0.15,S4,grasp_protocol,D10,0.7023809523809523,0.7023809523809523,0.7029566564641465,0.7029566564641465,0.49739657085505296,1.089024954179143,0.24842436512539542,0.1689135407313125,0.1689135407313125,0.2619047619047619,0.2619047619047619,0.014254072928671865,12500.0,168,168,cemhsey_forward_day_logo
cemhsey,cemhsey_forward_day_logo|D10,set_acsa_tau_0.20,S4,grasp_protocol,D10,0.7023809523809523,0.7023809523809523,0.7029566564641465,0.7029566564641465,0.5204129060202676,1.0144263506459066,0.2911980210585146,0.1689135407313125,0.1689135407313125,0.2619047619047619,0.2619047619047619,0.014254072928671865,12500.0,168,168,cemhsey_forward_day_logo
cemhsey,cemhsey_forward_day_logo|D10,agency_margin_tau_0.20,S4,grasp_protocol,D10,0.7023809523809523,0.7023809523809523,0.7029566564641465,0.7029566564641465,0.5092150943983527,0.9760741132185368,0.26855145299414185,0.1689135407313125,0.1689135407313125,0.2619047619047619,0.2619047619047619,0.014254072928671865,12500.0,168,168,cemhsey_forward_day_logo
cemhsey,cemhsey_forward_day_logo|D10,user_only,S5,grasp_protocol,D10,0.7023809523809523,0.7023809523809524,0.6877358251093832,0.6877358251093832,0.47230700182429186,0.9455862444233988,0.22026243789640837,0.13315176813909088,0.13315176813909088,0.0,0.0,0.0,12500.0,168,168,cemhsey_forward_day_logo
cemhsey,cemhsey_forward_day_logo|D10,assist_only,S5,grasp_protocol,D10,0.7380952380952381,0.738095238095238,0.7320148105862392,0.7320148105862392,0.4739607798515711,0.929565788697516,0.26313700295304815,0.15361813989174122,0.15361813989174122,0.26785714285714285,0.26785714285714285,0.029588687365221245,12500.0,168,168,cemhsey_forward_day_logo
cemhsey,cemhsey_forward_day_logo|D10,confidence_blend_alpha_0.25,S5,grasp_protocol,D10,0.7321428571428571,0.7321428571428571,0.7212309636875897,0.7212309636875897,0.46129951067207964,0.9215322691794819,0.25901518632687676,0.12023088190364725,0.12023088190364725,0.10714285714285714,0.10714285714285714,0.0057432526731206884,12500.0,168,168,cemhsey_forward_day_logo
cemhsey,cemhsey_forward_day_logo|D10,confidence_blend_alpha_0.50,S5,grasp_protocol,D10,0.7619047619047619,0.761904761904762,0.7563606835917456,0.7563606835917456,0.45790597662590704,0.9133673280037516,0.2898946515363288,0.11338160356347972,0.11338160356347972,0.15476190476190477,0.15476190476190477,0.011136320561438895,12500.0,168,168,cemhsey_forward_day_logo
cemhsey,cemhsey_forward_day_logo|D10,confidence_blend_alpha_0.75,S5,grasp_protocol,D10,0.7559523809523809,0.7559523809523808,0.7500765620327853,0.7500765620327853,0.46212639968573754,0.9163941072975331,0.284076422401716,0.12318682137251019,0.12318682137251019,0.21428571428571427,0.21428571428571427,0.0193131992463546,12500.0,168,168,cemhsey_forward_day_logo
cemhsey,cemhsey_forward_day_logo|D10,selective_prediction,S5,grasp_protocol,D10,0.7083333333333334,0.7083333333333333,0.693379111185793,0.693379111185793,0.4604955979327005,0.9215732419413614,0.21505456827726277,0.12774669393560106,0.12774669393560106,0.007936507936507936,0.007936507936507936,0.0010519834143130013,12500.0,504,504,cemhsey_forward_day_logo
cemhsey,cemhsey_forward_day_logo|D10,set_acsa_tau_0.02,S5,grasp_protocol,D10,0.6964285714285714,0.6964285714285714,0.6822403168285518,0.6822403168285518,0.44417781379990456,0.8877130311744802,0.17495100908041705,0.1216135662368114,0.1216135662368114,0.017857142857142856,0.017857142857142856,0.00011878814500564585,12500.0,168,168,cemhsey_forward_day_logo
cemhsey,cemhsey_forward_day_logo|D10,agency_margin_tau_0.02,S5,grasp_protocol,D10,0.7023809523809523,0.7023809523809524,0.6885110683157294,0.6885110683157294,0.43249082592306287,2.1239892265683755,0.16707545725058023,0.12120811297149071,0.12120811297149071,0.023809523809523808,0.023809523809523808,0.00014153026293715486,12500.0,168,168,cemhsey_forward_day_logo
cemhsey,cemhsey_forward_day_logo|D10,set_acsa_tau_0.05,S5,grasp_protocol,D10,0.6964285714285714,0.6964285714285714,0.6804434912055906,0.6804434912055906,0.44446632327416424,0.8875300764752428,0.18622212449415437,0.12051608178796186,0.12051608178796186,0.047619047619047616,0.047619047619047616,0.001125965306192103,12500.0,168,168,cemhsey_forward_day_logo
cemhsey,cemhsey_forward_day_logo|D10,agency_margin_tau_0.05,S5,grasp_protocol,D10,0.7023809523809523,0.7023809523809524,0.6866151261230634,0.6866151261230634,0.4278441796894635,2.116499895305957,0.142199602158785,0.12021934390267687,0.12021934390267687,0.05357142857142857,0.05357142857142857,0.001148707424123612,12500.0,168,168,cemhsey_forward_day_logo
cemhsey,cemhsey_forward_day_logo|D10,set_acsa_tau_0.10,S5,grasp_protocol,D10,0.7202380952380952,0.7202380952380952,0.7115513125209855,0.7115513125209855,0.4353525645899978,0.8600674904329646,0.19221225260785096,0.12326221165852584,0.12326221165852584,0.09523809523809523,0.09523809523809523,0.004062179293756689,12500.0,168,168,cemhsey_forward_day_logo
cemhsey,cemhsey_forward_day_logo|D10,agency_margin_tau_0.10,S5,grasp_protocol,D10,0.7261904761904762,0.7261904761904763,0.7178581989119055,0.7178581989119055,0.4102284410361476,1.7980923585681028,0.14959202646023514,0.12319248248418047,0.12319248248418047,0.10119047619047619,0.10119047619047619,0.004084921411688198,12500.0,168,168,cemhsey_forward_day_logo
cemhsey,cemhsey_forward_day_logo|D10,set_acsa_tau_0.15,S5,grasp_protocol,D10,0.7321428571428571,0.7321428571428571,0.7248724651756691,0.7248724651756691,0.4291340418528841,0.8444608704507517,0.19357608253225994,0.12244486933513428,0.12244486933513428,0.13690476190476192,0.13690476190476192,0.009123700094925016,12500.0,168,168,cemhsey_forward_day_logo
cemhsey,cemhsey_forward_day_logo|D10,agency_margin_tau_0.15,S5,grasp_protocol,D10,0.7380952380952381,0.738095238095238,0.7307510117162366,0.7307510117162366,0.399181622049173,1.4891073310389682,0.1443234231964228,0.12142674993626985,0.12142674993626985,0.14285714285714285,0.14285714285714285,0.009950058259299639,12500.0,168,168,cemhsey_forward_day_logo
cemhsey,cemhsey_forward_day_logo|D10,set_acsa_tau_0.20,S5,grasp_protocol,D10,0.7380952380952381,0.7380952380952381,0.7303290545910963,0.7303290545910963,0.423789815462622,0.8325351641837789,0.19306742256433032,0.119603890174221,0.119603890174221,0.14285714285714285,0.14285714285714285,0.010048585147704212,12500.0,168,168,cemhsey_forward_day_logo
cemhsey,cemhsey_forward_day_logo|D10,agency_margin_tau_0.20,S5,grasp_protocol,D10,0.7440476190476191,0.744047619047619,0.7362221783911389,0.7362221783911389,0.399151491190124,1.196651790730202,0.16251508722535785,0.11862768394178834,0.11862768394178834,0.1488095238095238,0.1488095238095238,0.010874943312078833,12500.0,168,168,cemhsey_forward_day_logo
cemhsey,cemhsey_forward_day_logo|D10,user_only,S6,grasp_protocol,D10,0.7321428571428571,0.7321428571428571,0.7324421300154363,0.7324421300154363,0.4184199798085549,0.8583448827091587,0.20935566606627956,0.09163524506514228,0.09163524506514228,0.0,0.0,0.0,12500.0,168,168,cemhsey_forward_day_logo
cemhsey,cemhsey_forward_day_logo|D10,assist_only,S6,grasp_protocol,D10,0.9107142857142857,0.9107142857142858,0.910050245022021,0.910050245022021,0.3376853269203937,0.6884169022084812,0.3826465424362909,0.02476175368216044,0.02476175368216044,0.27976190476190477,0.27976190476190477,0.03526226723253647,12500.0,168,168,cemhsey_forward_day_logo
cemhsey,cemhsey_forward_day_logo|D10,confidence_blend_alpha_0.25,S6,grasp_protocol,D10,0.8452380952380952,0.8452380952380952,0.8440807018861676,0.8440807018861676,0.38210013494167394,0.7811995974581611,0.3330710970196495,0.0541306508307837,0.0541306508307837,0.13095238095238096,0.13095238095238096,0.007012047922981821,12500.0,168,168,cemhsey_forward_day_logo
cemhsey,cemhsey_forward_day_logo|D10,confidence_blend_alpha_0.50,S6,grasp_protocol,D10,0.8988095238095238,0.8988095238095237,0.8965980215986823,0.8965980215986823,0.3565377445047233,0.7342959666621659,0.38455765478507276,0.03527781786181024,0.03527781786181024,0.20833333333333334,0.20833333333333334,0.02032758262884059,12500.0,168,168,cemhsey_forward_day_logo
cemhsey,cemhsey_forward_day_logo|D10,confidence_blend_alpha_0.75,S6,grasp_protocol,D10,0.9166666666666666,0.9166666666666667,0.9147786214224151,0.9147786214224151,0.3417328084976299,0.7047464426679135,0.39949595341910954,0.023736740463207277,0.023736740463207277,0.25595238095238093,0.25595238095238093,0.026914719278161976,12500.0,168,168,cemhsey_forward_day_logo
cemhsey,cemhsey_forward_day_logo|D10,selective_prediction,S6,grasp_protocol,D10,0.753968253968254,0.753968253968254,0.7532420481785115,0.7532420481785115,0.39351887805251906,0.8143901846279206,0.21475438581714,0.07742319271423899,0.07742319271423899,0.021825396825396824,0.021825396825396824,0.0015436299003431376,12500.0,504,504,cemhsey_forward_day_logo
cemhsey,cemhsey_forward_day_logo|D10,set_acsa_tau_0.02,S6,grasp_protocol,D10,0.7678571428571429,0.7678571428571429,0.7681658233477039,0.7681658233477039,0.35760791577060785,0.7496654334129951,0.23232837748436785,0.05904919964813423,0.05904919964813423,0.03571428571428571,0.03571428571428571,0.00032414515003604383,12500.0,168,168,cemhsey_forward_day_logo
cemhsey,cemhsey_forward_day_logo|D10,agency_margin_tau_0.02,S6,grasp_protocol,D10,0.7678571428571429,0.7678571428571429,0.7679534570976019,0.7679534570976019,0.30337990035392554,1.0543048554841656,0.15471975389705492,0.05904919964813423,0.05904919964813423,0.041666666666666664,0.041666666666666664,0.00039794831339599646,12500.0,168,168,cemhsey_forward_day_logo
cemhsey,cemhsey_forward_day_logo|D10,set_acsa_tau_0.05,S6,grasp_protocol,D10,0.7797619047619048,0.7797619047619048,0.7784545012218235,0.7784545012218235,0.3517091082268622,0.7355269468835024,0.22716274456436109,0.05775240849851469,0.05775240849851469,0.06547619047619048,0.06547619047619048,0.001592942835548923,12500.0,168,168,cemhsey_forward_day_logo
cemhsey,cemhsey_forward_day_logo|D10,agency_margin_tau_0.05,S6,grasp_protocol,D10,0.7797619047619048,0.7797619047619048,0.7796826623037332,0.7796826623037332,0.30867400230710645,1.5016065324214758,0.12789564552149066,0.05778984485670576,0.05778984485670576,0.08333333333333333,0.08333333333333333,0.002104362211844567,12500.0,168,168,cemhsey_forward_day_logo
cemhsey,cemhsey_forward_day_logo|D10,set_acsa_tau_0.10,S6,grasp_protocol,D10,0.8273809523809523,0.8273809523809524,0.8254366207361009,0.8254366207361009,0.32649673029433623,0.6846205761644367,0.24312136945227636,0.047084631854251234,0.047084631854251234,0.125,0.125,0.006018678381004516,12500.0,168,168,cemhsey_forward_day_logo
cemhsey,cemhsey_forward_day_logo|D10,agency_margin_tau_0.10,S6,grasp_protocol,D10,0.8273809523809523,0.8273809523809524,0.8265939470846225,0.8265939470846225,0.27273382585256317,0.9895149317987291,0.1478845199296509,0.047120926860058435,0.047120926860058435,0.13690476190476192,0.13690476190476192,0.0064562945939402065,12500.0,168,168,cemhsey_forward_day_logo
cemhsey,cemhsey_forward_day_logo|D10,set_acsa_tau_0.15,S6,grasp_protocol,D10,0.8511904761904762,0.8511904761904763,0.850219010999845,0.850219010999845,0.3133748164986098,0.6550037027732052,0.2547898212544174,0.04242743387526568,0.04242743387526568,0.1488095238095238,0.1488095238095238,0.008926309993235718,12500.0,168,168,cemhsey_forward_day_logo
cemhsey,cemhsey_forward_day_logo|D10,agency_margin_tau_0.15,S6,grasp_protocol,D10,0.8511904761904762,0.8511904761904763,0.8505688652272502,0.8505688652272502,0.2564209400157651,0.6668905199333555,0.16576583869447453,0.04246329159184629,0.04246329159184629,0.15476190476190477,0.15476190476190477,0.009132876177658048,12500.0,168,168,cemhsey_forward_day_logo
cemhsey,cemhsey_forward_day_logo|D10,set_acsa_tau_0.20,S6,grasp_protocol,D10,0.875,0.875,0.8732244179173776,0.8732244179173776,0.30176115910144685,0.6261454431470623,0.2729149540165738,0.040595263356474065,0.040595263356474065,0.17261904761904762,0.17261904761904762,0.013137524960406438,12500.0,168,168,cemhsey_forward_day_logo
cemhsey,cemhsey_forward_day_logo|D10,agency_margin_tau_0.20,S6,grasp_protocol,D10,0.875,0.875,0.8732244179173776,0.8732244179173776,0.2507413210641126,0.5098405197559278,0.191807749226953,0.040595263356474065,0.040595263356474065,0.17261904761904762,0.17261904761904762,0.013137524960406438,12500.0,168,168,cemhsey_forward_day_logo
cemhsey,cemhsey_forward_day_logo|D10,user_only,S7,grasp_protocol,D10,0.6547619047619048,0.6547619047619048,0.6314256043370436,0.6314256043370436,0.5673861109181282,1.224738020882444,0.30361370849391206,0.11827347953850621,0.11827347953850621,0.0,0.0,0.0,12500.0,168,168,cemhsey_forward_day_logo
cemhsey,cemhsey_forward_day_logo|D10,assist_only,S7,grasp_protocol,D10,0.6964285714285714,0.6964285714285714,0.6322897511385974,0.6322897511385974,0.6184312464691363,1.2907829956693266,0.3933817164527402,0.14368008270312596,0.14368008270312596,0.30952380952380953,0.30952380952380953,0.03124799184290047,12500.0,168,168,cemhsey_forward_day_logo
cemhsey,cemhsey_forward_day_logo|D10,confidence_blend_alpha_0.25,S7,grasp_protocol,D10,0.6845238095238095,0.6845238095238095,0.6603504236663481,0.6603504236663481,0.5720171447799833,1.2219639740517099,0.33740137375913903,0.10208090818752456,0.10208090818752456,0.07142857142857142,0.07142857142857142,0.0022073482837885023,12500.0,168,168,cemhsey_forward_day_logo
cemhsey,cemhsey_forward_day_logo|D10,confidence_blend_alpha_0.50,S7,grasp_protocol,D10,0.7261904761904762,0.7261904761904763,0.7007716302903336,0.7007716302903336,0.5820683453257699,1.2332759830128432,0.3919750780051006,0.09027857024527057,0.09027857024527057,0.16666666666666666,0.16666666666666666,0.009508929843522806,12500.0,168,168,cemhsey_forward_day_logo
cemhsey,cemhsey_forward_day_logo|D10,confidence_blend_alpha_0.75,S7,grasp_protocol,D10,0.7380952380952381,0.7380952380952381,0.6978825490855565,0.6978825490855565,0.5975397125554875,1.2562260516514592,0.4206394478041101,0.09995346588110697,0.09995346588110697,0.24404761904761904,0.24404761904761904,0.021077709756140317,12500.0,168,168,cemhsey_forward_day_logo
cemhsey,cemhsey_forward_day_logo|D10,selective_prediction,S7,grasp_protocol,D10,0.6547619047619048,0.6547619047619048,0.6314256043370436,0.6314256043370436,0.5673861109181281,1.2247380208824439,0.303613708493912,0.11759145251788418,0.11759145251788418,0.0,0.0,0.0,12500.0,504,504,cemhsey_forward_day_logo
cemhsey,cemhsey_forward_day_logo|D10,set_acsa_tau_0.02,S7,grasp_protocol,D10,0.6547619047619048,0.6547619047619049,0.629476279176429,0.629476279176429,0.5550617757774245,1.1936174622795857,0.27949199007963366,0.11209005743112568,0.11209005743112568,0.017857142857142856,0.017857142857142856,6.715757310821042e-05,12500.0,168,168,cemhsey_forward_day_logo
cemhsey,cemhsey_forward_day_logo|D10,agency_margin_tau_0.02,S7,grasp_protocol,D10,0.6547619047619048,0.6547619047619049,0.6291946679195304,0.6291946679195304,0.5410613235319278,2.4320169602182773,0.23674931202863597,0.11275921413795259,0.11275921413795259,0.023809523809523808,0.023809523809523808,0.0001546996545184613,12500.0,168,168,cemhsey_forward_day_logo
cemhsey,cemhsey_forward_day_logo|D10,set_acsa_tau_0.05,S7,grasp_protocol,D10,0.6607142857142857,0.6607142857142857,0.6320104027957978,0.6320104027957978,0.5510917407963776,1.18277725355745,0.2763173271025938,0.10974078063496667,0.10974078063496667,0.047619047619047616,0.047619047619047616,0.0012688159037783648,12500.0,168,168,cemhsey_forward_day_logo
cemhsey,cemhsey_forward_day_logo|D10,agency_margin_tau_0.05,S7,grasp_protocol,D10,0.6607142857142857,0.6607142857142857,0.6320104027957978,0.6320104027957978,0.5261862742666492,1.9681151160208925,0.24335726798746435,0.11040292716636776,0.11040292716636776,0.047619047619047616,0.047619047619047616,0.0012688159037783648,12500.0,168,168,cemhsey_forward_day_logo
cemhsey,cemhsey_forward_day_logo|D10,set_acsa_tau_0.10,S7,grasp_protocol,D10,0.7023809523809523,0.7023809523809523,0.6739901611952918,0.6739901611952918,0.5385727221450003,1.1470064909185729,0.30405185266921064,0.10121806186647239,0.10121806186647239,0.10714285714285714,0.10714285714285714,0.0057870828153939345,12500.0,168,168,cemhsey_forward_day_logo
cemhsey,cemhsey_forward_day_logo|D10,agency_margin_tau_0.10,S7,grasp_protocol,D10,0.7023809523809523,0.7023809523809523,0.6739901611952918,0.6739901611952918,0.5034938351382473,1.1953161103571501,0.2739656304977797,0.10121806186647239,0.10121806186647239,0.10714285714285714,0.10714285714285714,0.0057870828153939345,12500.0,168,168,cemhsey_forward_day_logo
cemhsey,cemhsey_forward_day_logo|D10,set_acsa_tau_0.15,S7,grasp_protocol,D10,0.7142857142857143,0.7142857142857143,0.6884931657345451,0.6884931657345451,0.5344751705158357,1.1348643929688673,0.31564179998647934,0.09956351202666476,0.09956351202666476,0.125,0.125,0.007932713052035483,12500.0,168,168,cemhsey_forward_day_logo
cemhsey,cemhsey_forward_day_logo|D10,agency_margin_tau_0.15,S7,grasp_protocol,D10,0.7142857142857143,0.7142857142857143,0.6884931657345451,0.6884931657345451,0.5205249786788174,1.2382624641671214,0.2901187866318425,0.09956351202666476,0.09956351202666476,0.125,0.125,0.007932713052035483,12500.0,168,168,cemhsey_forward_day_logo
cemhsey,cemhsey_forward_day_logo|D10,set_acsa_tau_0.20,S7,grasp_protocol,D10,0.7142857142857143,0.7142857142857143,0.6864679637093429,0.6864679637093429,0.5323067451688759,1.1290809940967836,0.3150694385247961,0.09824789468332085,0.09824789468332085,0.13690476190476192,0.13690476190476192,0.009943974724643782,12500.0,168,168,cemhsey_forward_day_logo
cemhsey,cemhsey_forward_day_logo|D10,agency_margin_tau_0.20,S7,grasp_protocol,D10,0.7142857142857143,0.7142857142857143,0.6864679637093429,0.6864679637093429,0.5238114494554531,1.102542224504679,0.30172221621967865,0.09824789468332085,0.09824789468332085,0.13690476190476192,0.13690476190476192,0.009943974724643782,12500.0,168,168,cemhsey_forward_day_logo
cemhsey,cemhsey_forward_day_logo|D10,user_only,S8,grasp_protocol,D10,0.21428571428571427,0.21428571428571427,0.1913098779259878,0.1913098779259878,0.8224426939871969,1.760613908582604,0.11318806256389614,0.7365801751328863,0.7365801751328863,0.0,0.0,0.0,12500.0,168,168,cemhsey_forward_day_logo
cemhsey,cemhsey_forward_day_logo|D10,assist_only,S8,grasp_protocol,D10,0.19642857142857142,0.19642857142857142,0.16463009607025833,0.16463009607025833,0.8280445595063372,2.243523578881649,0.15626960809153834,0.8068962113380111,0.8068962113380111,0.5595238095238095,0.5595238095238095,0.081279033473835,12500.0,168,168,cemhsey_forward_day_logo
cemhsey,cemhsey_forward_day_logo|D10,confidence_blend_alpha_0.25,S8,grasp_protocol,D10,0.23214285714285715,0.23214285714285715,0.20034657000329847,0.20034657000329847,0.8107304024219223,1.7321188990468792,0.09138474571855665,0.7395845589246738,0.7395845589246738,0.15476190476190477,0.15476190476190477,0.004450346136490169,12500.0,168,168,cemhsey_forward_day_logo
cemhsey,cemhsey_forward_day_logo|D10,confidence_blend_alpha_0.50,S8,grasp_protocol,D10,0.25,0.25,0.21640791514741095,0.21640791514741095,0.8077599494866832,1.7252610653254206,0.06902609336235221,0.7393918611898174,0.7393918611898174,0.26785714285714285,0.26785714285714285,0.015066567480409753,12500.0,168,168,cemhsey_forward_day_logo
cemhsey,cemhsey_forward_day_logo|D10,confidence_blend_alpha_0.75,S8,grasp_protocol,D10,0.20833333333333334,0.20833333333333331,0.17792010540737196,0.17792010540737196,0.8135313351814882,1.7426150520219135,0.1188896593835813,0.7790967157666618,0.7790967157666618,0.4583333333333333,0.4583333333333333,0.05407606000197374,12500.0,168,168,cemhsey_forward_day_logo
cemhsey,cemhsey_forward_day_logo|D10,selective_prediction,S8,grasp_protocol,D10,0.21428571428571427,0.21428571428571427,0.19100683820581538,0.19100683820581538,0.8244215181549468,1.8082879229885556,0.11554919355917297,0.7355162782071571,0.7355162782071571,0.003968253968253968,0.003968253968253968,0.0003058518767340084,12500.0,504,504,cemhsey_forward_day_logo
cemhsey,cemhsey_forward_day_logo|D10,set_acsa_tau_0.02,S8,grasp_protocol,D10,0.20833333333333334,0.20833333333333334,0.18374968374968376,0.18374968374968376,0.8304302174322803,1.993002893614965,0.1491308546708062,0.763205559011356,0.763205559011356,0.047619047619047616,0.047619047619047616,0.0003711075783760889,12500.0,168,168,cemhsey_forward_day_logo
cemhsey,cemhsey_forward_day_logo|D10,agency_margin_tau_0.02,S8,grasp_protocol,D10,0.20833333333333334,0.20833333333333331,0.18726875799620255,0.18726875799620255,0.9841937681560792,7.266156359223923,0.2951801830372918,0.762747364288128,0.762747364288128,0.06547619047619048,0.06547619047619048,0.0005927874587918737,12500.0,168,168,cemhsey_forward_day_logo
cemhsey,cemhsey_forward_day_logo|D10,set_acsa_tau_0.05,S8,grasp_protocol,D10,0.20833333333333334,0.20833333333333334,0.17990718348902715,0.17990718348902715,0.8301550586916895,1.9953003839253347,0.15512413193855676,0.770893600010192,0.770893600010192,0.10714285714285714,0.10714285714285714,0.0024123901853343975,12500.0,168,168,cemhsey_forward_day_logo
cemhsey,cemhsey_forward_day_logo|D10,agency_margin_tau_0.05,S8,grasp_protocol,D10,0.19642857142857142,0.19642857142857142,0.1707913934804691,0.1707913934804691,0.9770894124609922,7.825734792910197,0.3013361193217676,0.771998759025487,0.771998759025487,0.13095238095238096,0.13095238095238096,0.002987027429945118,12500.0,168,168,cemhsey_forward_day_logo
cemhsey,cemhsey_forward_day_logo|D10,set_acsa_tau_0.10,S8,grasp_protocol,D10,0.24404761904761904,0.24404761904761904,0.2106650435166857,0.2106650435166857,0.8182670012530806,2.0725906081787797,0.12848808996858027,0.7478972581431153,0.7478972581431153,0.19642857142857142,0.19642857142857142,0.008602781650726733,12500.0,168,168,cemhsey_forward_day_logo
cemhsey,cemhsey_forward_day_logo|D10,agency_margin_tau_0.10,S8,grasp_protocol,D10,0.24404761904761904,0.24404761904761904,0.21107165444961243,0.21107165444961243,0.8938890997267483,6.511359340277698,0.2193391669052142,0.7484809185236981,0.7484809185236981,0.20238095238095238,0.20238095238095238,0.008706764979650625,12500.0,168,168,cemhsey_forward_day_logo
cemhsey,cemhsey_forward_day_logo|D10,set_acsa_tau_0.15,S8,grasp_protocol,D10,0.25,0.25,0.21588834747747185,0.21588834747747185,0.8210079537846081,2.197180375296535,0.12524455141808621,0.751959467542145,0.751959467542145,0.22023809523809523,0.22023809523809523,0.011697611405260253,12500.0,168,168,cemhsey_forward_day_logo
cemhsey,cemhsey_forward_day_logo|D10,agency_margin_tau_0.15,S8,grasp_protocol,D10,0.25,0.25,0.21588834747747185,0.21588834747747185,0.8571132987457725,4.993977098552158,0.18337850227103897,0.751959467542145,0.751959467542145,0.22023809523809523,0.22023809523809523,0.011697611405260253,12500.0,168,168,cemhsey_forward_day_logo
cemhsey,cemhsey_forward_day_logo|D10,set_acsa_tau_0.20,S8,grasp_protocol,D10,0.24404761904761904,0.24404761904761904,0.2117041029556625,0.2117041029556625,0.8233526821203664,2.203993954293869,0.1315718186738013,0.7540091634553174,0.7540091634553174,0.23809523809523808,0.23809523809523808,0.015111767792610893,12500.0,168,168,cemhsey_forward_day_logo
cemhsey,cemhsey_forward_day_logo|D10,agency_margin_tau_0.20,S8,grasp_protocol,D10,0.24404761904761904,0.24404761904761904,0.2117041029556625,0.2117041029556625,0.8393713556291805,3.361534623620583,0.17364370965323597,0.7540091634553174,0.7540091634553174,0.23809523809523808,0.23809523809523808,0.015111767792610893,12500.0,168,168,cemhsey_forward_day_logo
cemhsey,cemhsey_forward_day_logo|D10,user_only,S9,grasp_protocol,D10,0.30952380952380953,0.3095238095238095,0.31171069349654734,0.31171069349654734,0.7839212584428998,1.5993626850728364,0.1194139999050255,0.6753712442882998,0.6753712442882998,0.0,0.0,0.0,12500.0,168,168,cemhsey_forward_day_logo
cemhsey,cemhsey_forward_day_logo|D10,assist_only,S9,grasp_protocol,D10,0.3630952380952381,0.3630952380952381,0.34144237405106964,0.34144237405106964,0.7128696312015977,1.4283155051208172,0.03806672302153627,0.5672916421570836,0.5672916421570836,0.42857142857142855,0.42857142857142855,0.05779142844066715,12500.0,168,168,cemhsey_forward_day_logo
cemhsey,cemhsey_forward_day_logo|D10,confidence_blend_alpha_0.25,S9,grasp_protocol,D10,0.34523809523809523,0.34523809523809523,0.3366245004900468,0.3366245004900468,0.7542120812940022,1.514307583521316,0.09996715831167112,0.653578754692232,0.653578754692232,0.05952380952380952,0.05952380952380952,0.001917179605781697,12500.0,168,168,cemhsey_forward_day_logo
cemhsey,cemhsey_forward_day_logo|D10,confidence_blend_alpha_0.50,S9,grasp_protocol,D10,0.39285714285714285,0.39285714285714285,0.38156488381283243,0.38156488381283243,0.7324670843708264,1.4670524904905045,0.12864852407768934,0.61055749905616,0.61055749905616,0.21428571428571427,0.21428571428571427,0.019775788612947213,12500.0,168,168,cemhsey_forward_day_logo
cemhsey,cemhsey_forward_day_logo|D10,confidence_blend_alpha_0.75,S9,grasp_protocol,D10,0.38095238095238093,0.380952380952381,0.3679353553918014,0.3679353553918014,0.7186862676733583,1.4400110131963313,0.08301943832250418,0.5853409810863803,0.5853409810863803,0.35119047619047616,0.35119047619047616,0.0413753129481867,12500.0,168,168,cemhsey_forward_day_logo
cemhsey,cemhsey_forward_day_logo|D10,selective_prediction,S9,grasp_protocol,D10,0.30952380952380953,0.3095238095238095,0.31171069349654734,0.31171069349654734,0.7839212584428998,1.599362685072836,0.11941399990502552,0.6759213346404478,0.6759213346404478,0.0,0.0,0.0,12500.0,504,504,cemhsey_forward_day_logo
cemhsey,cemhsey_forward_day_logo|D10,set_acsa_tau_0.02,S9,grasp_protocol,D10,0.30952380952380953,0.3095238095238095,0.3076568556160392,0.3076568556160392,0.7791919871856181,1.5817437617213448,0.10474565956306855,0.6667309165334897,0.6667309165334897,0.023809523809523808,0.023809523809523808,0.0003055254017357417,12500.0,168,168,cemhsey_forward_day_logo
cemhsey,cemhsey_forward_day_logo|D10,agency_margin_tau_0.02,S9,grasp_protocol,D10,0.30952380952380953,0.3095238095238095,0.3076568556160392,0.3076568556160392,0.868040448011904,4.567395760199906,0.21185787234281356,0.6663620112590255,0.6663620112590255,0.023809523809523808,0.023809523809523808,0.0003055254017357417,12500.0,168,168,cemhsey_forward_day_logo
cemhsey,cemhsey_forward_day_logo|D10,set_acsa_tau_0.05,S9,grasp_protocol,D10,0.31547619047619047,0.3154761904761904,0.3113762443101957,0.3113762443101957,0.7768307754514909,1.576166289830557,0.10742882467016558,0.6618337993792404,0.6618337993792404,0.041666666666666664,0.041666666666666664,0.0011025510351681436,12500.0,168,168,cemhsey_forward_day_logo
cemhsey,cemhsey_forward_day_logo|D10,agency_margin_tau_0.05,S9,grasp_protocol,D10,0.31547619047619047,0.3154761904761904,0.3111973626346528,0.3111973626346528,0.8586501974894721,4.408719361964931,0.19806226421021686,0.6613809977815586,0.6613809977815586,0.047619047619047616,0.047619047619047616,0.001383829727009843,12500.0,168,168,cemhsey_forward_day_logo
cemhsey,cemhsey_forward_day_logo|D10,set_acsa_tau_0.10,S9,grasp_protocol,D10,0.3273809523809524,0.3273809523809524,0.31990630518088853,0.31990630518088853,0.769092612961917,1.5466165232352431,0.09531388214959391,0.6599881354970001,0.6599881354970001,0.1130952380952381,0.1130952380952381,0.006296938708705761,12500.0,168,168,cemhsey_forward_day_logo
cemhsey,cemhsey_forward_day_logo|D10,agency_margin_tau_0.10,S9,grasp_protocol,D10,0.3273809523809524,0.3273809523809524,0.31981980113068237,0.31981980113068237,0.8327616600811885,4.079411307989789,0.15330364273701477,0.6601436162622527,0.6601436162622527,0.125,0.125,0.007165379566224565,12500.0,168,168,cemhsey_forward_day_logo
cemhsey,cemhsey_forward_day_logo|D10,set_acsa_tau_0.15,S9,grasp_protocol,D10,0.35714285714285715,0.35714285714285715,0.34857835254176717,0.34857835254176717,0.7604475014434782,1.525331678645264,0.09184061573644364,0.6466774554145548,0.6466774554145548,0.1488095238095238,0.1488095238095238,0.010653158865587445,12500.0,168,168,cemhsey_forward_day_logo
cemhsey,cemhsey_forward_day_logo|D10,agency_margin_tau_0.15,S9,grasp_protocol,D10,0.35714285714285715,0.35714285714285715,0.34842966267182296,0.34842966267182296,0.8091761392926129,3.159753864172037,0.1332352651708867,0.6467130984142697,0.6467130984142697,0.15476190476190477,0.15476190476190477,0.010934437557429144,12500.0,168,168,cemhsey_forward_day_logo
cemhsey,cemhsey_forward_day_logo|D10,set_acsa_tau_0.20,S9,grasp_protocol,D10,0.36904761904761907,0.36904761904761907,0.3632245592833936,0.3632245592833936,0.7506652372990281,1.4921184158926013,0.08126524353121073,0.6409902511699199,0.6409902511699199,0.19047619047619047,0.19047619047619047,0.018123068346150024,12500.0,168,168,cemhsey_forward_day_logo
cemhsey,cemhsey_forward_day_logo|D10,agency_margin_tau_0.20,S9,grasp_protocol,D10,0.36904761904761907,0.36904761904761907,0.3632245592833936,0.3632245592833936,0.7812627654993756,2.8342389175162666,0.13457307909361665,0.6409902511699199,0.6409902511699199,0.19047619047619047,0.19047619047619047,0.018123068346150024,12500.0,168,168,cemhsey_forward_day_logo
cemhsey,cemhsey_forward_day_logo|D10,user_only,S11,grasp_protocol,D10,0.7916666666666666,0.7916666666666666,0.7907797262775426,0.7907797262775426,0.4330591089924087,0.9033635246839176,0.3270903204035947,0.057191849129725775,0.057191849129725775,0.0,0.0,0.0,12500.0,168,168,cemhsey_forward_day_logo
cemhsey,cemhsey_forward_day_logo|D10,assist_only,S11,grasp_protocol,D10,0.9047619047619048,0.9047619047619049,0.9044657573174196,0.9044657573174196,0.4233494101520891,0.8503681356028697,0.45056403508618265,0.029291179359844148,0.029291179359844148,0.26785714285714285,0.26785714285714285,0.03234962823049897,12500.0,168,168,cemhsey_forward_day_logo
cemhsey,cemhsey_forward_day_logo|D10,confidence_blend_alpha_0.25,S11,grasp_protocol,D10,0.8809523809523809,0.8809523809523808,0.8800814327757446,0.8800814327757446,0.4159810373612827,0.859552963347103,0.42383329700899247,0.03748393250273594,0.03748393250273594,0.10119047619047619,0.10119047619047619,0.005848267896475313,12500.0,168,168,cemhsey_forward_day_logo
cemhsey,cemhsey_forward_day_logo|D10,confidence_blend_alpha_0.50,S11,grasp_protocol,D10,0.9464285714285714,0.9464285714285713,0.9465070405061721,0.9465070405061721,0.40867006367755043,0.8415060974756585,0.4939467530457101,0.021884023407507416,0.021884023407507416,0.17261904761904762,0.17261904761904762,0.015210485178828911,12500.0,168,168,cemhsey_forward_day_logo
cemhsey,cemhsey_forward_day_logo|D10,confidence_blend_alpha_0.75,S11,grasp_protocol,D10,0.9464285714285714,0.9464285714285714,0.9464752135821952,0.9464752135821952,0.41112618794115263,0.8392678745210398,0.49414666889070435,0.022761455952564093,0.022761455952564093,0.21428571428571427,0.21428571428571427,0.02156390907655693,12500.0,168,168,cemhsey_forward_day_logo
cemhsey,cemhsey_forward_day_logo|D10,selective_prediction,S11,grasp_protocol,D10,0.8075396825396826,0.8075396825396824,0.8069370574139741,0.8069370574139741,0.4106278440006739,0.8577775569977047,0.32604186969636034,0.04922882446171328,0.04922882446171328,0.015873015873015872,0.015873015873015872,0.0025239889295577923,12500.0,504,504,cemhsey_forward_day_logo
cemhsey,cemhsey_forward_day_logo|D10,set_acsa_tau_0.02,S11,grasp_protocol,D10,0.8154761904761905,0.8154761904761905,0.8139835100960422,0.8139835100960422,0.3871594235143362,0.8163349844322283,0.3435369778137293,0.0361181308956651,0.0361181308956651,0.023809523809523808,0.023809523809523808,0.0001452972432705977,12500.0,168,168,cemhsey_forward_day_logo
cemhsey,cemhsey_forward_day_logo|D10,agency_margin_tau_0.02,S11,grasp_protocol,D10,0.8154761904761905,0.8154761904761905,0.8139835100960422,0.8139835100960422,0.30525910209436563,0.7872284569488753,0.23332943590439081,0.0361181308956651,0.0361181308956651,0.023809523809523808,0.023809523809523808,0.0001452972432705977,12500.0,168,168,cemhsey_forward_day_logo
cemhsey,cemhsey_forward_day_logo|D10,set_acsa_tau_0.05,S11,grasp_protocol,D10,0.8571428571428571,0.857142857142857,0.8553649711810928,0.8553649711810928,0.3784905327073445,0.7992446905690013,0.37093466790574015,0.028462597928925068,0.028462597928925068,0.06547619047619048,0.06547619047619048,0.0017585251970692216,12500.0,168,168,cemhsey_forward_day_logo
cemhsey,cemhsey_forward_day_logo|D10,agency_margin_tau_0.05,S11,grasp_protocol,D10,0.8571428571428571,0.857142857142857,0.8553649711810928,0.8553649711810928,0.29281205991001125,0.7597893169908274,0.2529627786601441,0.028462597928925068,0.028462597928925068,0.06547619047619048,0.06547619047619048,0.0017585251970692216,12500.0,168,168,cemhsey_forward_day_logo
cemhsey,cemhsey_forward_day_logo|D10,set_acsa_tau_0.10,S11,grasp_protocol,D10,0.8928571428571429,0.8928571428571429,0.8910690679513954,0.8910690679513954,0.3615300309268215,0.7614605253737576,0.3835488822569191,0.02614435918498664,0.02614435918498664,0.1130952380952381,0.1130952380952381,0.005314308763265855,12500.0,168,168,cemhsey_forward_day_logo
cemhsey,cemhsey_forward_day_logo|D10,agency_margin_tau_0.10,S11,grasp_protocol,D10,0.8928571428571429,0.8928571428571429,0.8910690679513954,0.8910690679513954,0.27804755081799015,0.7245944878792281,0.2632373635141715,0.02614435918498664,0.02614435918498664,0.1130952380952381,0.1130952380952381,0.005314308763265855,12500.0,168,168,cemhsey_forward_day_logo
cemhsey,cemhsey_forward_day_logo|D10,set_acsa_tau_0.15,S11,grasp_protocol,D10,0.9226190476190477,0.9226190476190476,0.9221810049071388,0.9221810049071388,0.34610590965663424,0.7247764355083087,0.3965891706485176,0.02432805901927765,0.02432805901927765,0.15476190476190477,0.15476190476190477,0.010677103997332767,12500.0,168,168,cemhsey_forward_day_logo
cemhsey,cemhsey_forward_day_logo|D10,agency_margin_tau_0.15,S11,grasp_protocol,D10,0.9226190476190477,0.9226190476190476,0.9221810049071388,0.9221810049071388,0.2748076848925518,0.5693627547471423,0.2983827996963024,0.02432805901927765,0.02432805901927765,0.15476190476190477,0.15476190476190477,0.010677103997332767,12500.0,168,168,cemhsey_forward_day_logo
cemhsey,cemhsey_forward_day_logo|D10,set_acsa_tau_0.20,S11,grasp_protocol,D10,0.9404761904761905,0.9404761904761905,0.9401835607596637,0.9401835607596637,0.33631729729864646,0.7009106334745622,0.4087992786440593,0.023095435261020248,0.023095435261020248,0.17261904761904762,0.17261904761904762,0.013957788917619845,12500.0,168,168,cemhsey_forward_day_logo
cemhsey,cemhsey_forward_day_logo|D10,agency_margin_tau_0.20,S11,grasp_protocol,D10,0.9404761904761905,0.9404761904761905,0.9401835607596637,0.9401835607596637,0.27661656701756,0.5746575703303302,0.32787524268924095,0.023095435261020248,0.023095435261020248,0.17261904761904762,0.17261904761904762,0.013957788917619845,12500.0,168,168,cemhsey_forward_day_logo
cemhsey,cemhsey_forward_day_logo|D10,user_only,S12,grasp_protocol,D10,0.6607142857142857,0.6607142857142857,0.6509354036339557,0.6509354036339557,0.4890294554790368,0.9673592624219783,0.1612214070608354,0.16934611543829967,0.16934611543829967,0.0,0.0,0.0,12500.0,168,168,cemhsey_forward_day_logo
cemhsey,cemhsey_forward_day_logo|D10,assist_only,S12,grasp_protocol,D10,0.8154761904761905,0.8154761904761906,0.8103599090597993,0.8103599090597993,0.43342033916211725,0.8636291530572399,0.33649741433025926,0.07654226210126881,0.07654226210126881,0.2619047619047619,0.2619047619047619,0.04994517479026352,12500.0,168,168,cemhsey_forward_day_logo
cemhsey,cemhsey_forward_day_logo|D10,confidence_blend_alpha_0.25,S12,grasp_protocol,D10,0.7142857142857143,0.7142857142857142,0.7069576984664817,0.7069576984664817,0.4626723127884938,0.916749274104147,0.23300316191481177,0.1367294757187484,0.1367294757187484,0.07738095238095238,0.07738095238095238,0.0032225736802670413,12500.0,168,168,cemhsey_forward_day_logo
cemhsey,cemhsey_forward_day_logo|D10,confidence_blend_alpha_0.50,S12,grasp_protocol,D10,0.7916666666666666,0.7916666666666667,0.7831408318670137,0.7831408318670137,0.4446184125055229,0.887110568205191,0.3159852762529233,0.10642299872011643,0.10642299872011643,0.16071428571428573,0.16071428571428573,0.01868889389477463,12500.0,168,168,cemhsey_forward_day_logo
cemhsey,cemhsey_forward_day_logo|D10,confidence_blend_alpha_0.75,S12,grasp_protocol,D10,0.8154761904761905,0.8154761904761905,0.8062152408470545,0.8062152408470545,0.43486775463006416,0.8703224659989324,0.34500288843707105,0.08022785249948058,0.08022785249948058,0.23214285714285715,0.23214285714285715,0.0383897997110476,12500.0,168,168,cemhsey_forward_day_logo
cemhsey,cemhsey_forward_day_logo|D10,selective_prediction,S12,grasp_protocol,D10,0.6686507936507936,0.6686507936507936,0.6575270064997065,0.6575270064997065,0.47634780302645074,0.9449696717028645,0.1592491635173606,0.15659387106403178,0.15659387106403178,0.007936507936507936,0.007936507936507936,0.0010491720009696633,12500.0,504,504,cemhsey_forward_day_logo
cemhsey,cemhsey_forward_day_logo|D10,set_acsa_tau_0.02,S12,grasp_protocol,D10,0.6785714285714286,0.6785714285714286,0.6694342694342694,0.6694342694342694,0.4559905753592874,0.9010806300584743,0.18055054321490252,0.14178061614244036,0.14178061614244036,0.017857142857142856,0.017857142857142856,5.83807165283825e-05,12500.0,168,168,cemhsey_forward_day_logo
cemhsey,cemhsey_forward_day_logo|D10,agency_margin_tau_0.02,S12,grasp_protocol,D10,0.6785714285714286,0.6785714285714286,0.6694342694342694,0.6694342694342694,0.4401846235954966,1.859830165930818,0.15375179302931358,0.14178061614244036,0.14178061614244036,0.017857142857142856,0.017857142857142856,5.83807165283825e-05,12500.0,168,168,cemhsey_forward_day_logo
cemhsey,cemhsey_forward_day_logo|D10,set_acsa_tau_0.05,S12,grasp_protocol,D10,0.6845238095238095,0.6845238095238095,0.6781362218862219,0.6781362218862219,0.4551216527315555,0.9002679783816713,0.18590374148023134,0.1405409640618289,0.1405409640618289,0.02976190476190476,0.02976190476190476,0.0004591044512121229,12500.0,168,168,cemhsey_forward_day_logo
cemhsey,cemhsey_forward_day_logo|D10,agency_margin_tau_0.05,S12,grasp_protocol,D10,0.6845238095238095,0.6845238095238095,0.6781362218862219,0.6781362218862219,0.42900519702469203,1.5482299274805722,0.141855417280342,0.1405409640618289,0.1405409640618289,0.02976190476190476,0.02976190476190476,0.0004591044512121229,12500.0,168,168,cemhsey_forward_day_logo
cemhsey,cemhsey_forward_day_logo|D10,set_acsa_tau_0.10,S12,grasp_protocol,D10,0.7142857142857143,0.7142857142857143,0.7061737411713808,0.7061737411713808,0.4446697957151072,0.8807426981615856,0.19420285218829422,0.13227370804713395,0.13227370804713395,0.05952380952380952,0.05952380952380952,0.0026297952591549946,12500.0,168,168,cemhsey_forward_day_logo
cemhsey,cemhsey_forward_day_logo|D10,agency_margin_tau_0.10,S12,grasp_protocol,D10,0.7142857142857143,0.7142857142857143,0.7061737411713808,0.7061737411713808,0.41567079681520913,1.234394160451637,0.15179896015834232,0.13227370804713395,0.13227370804713395,0.05952380952380952,0.05952380952380952,0.0026297952591549946,12500.0,168,168,cemhsey_forward_day_logo
cemhsey,cemhsey_forward_day_logo|D10,set_acsa_tau_0.15,S12,grasp_protocol,D10,0.7321428571428571,0.732142857142857,0.7230098982787878,0.7230098982787878,0.43638778232011405,0.8602529319339224,0.18879277930520413,0.1308923378650147,0.1308923378650147,0.08333333333333333,0.08333333333333333,0.0053467730332619826,12500.0,168,168,cemhsey_forward_day_logo
cemhsey,cemhsey_forward_day_logo|D10,agency_margin_tau_0.15,S12,grasp_protocol,D10,0.7321428571428571,0.732142857142857,0.7239730362221373,0.7239730362221373,0.4179061419723161,1.2314587222287872,0.1618967965568412,0.13097092485536638,0.13097092485536638,0.08928571428571429,0.08928571428571429,0.0060546641313142776,12500.0,168,168,cemhsey_forward_day_logo
cemhsey,cemhsey_forward_day_logo|D10,set_acsa_tau_0.20,S12,grasp_protocol,D10,0.7678571428571429,0.767857142857143,0.7563501435135729,0.7563501435135729,0.4164251185479762,0.8216908918309755,0.21809152447354546,0.12041057399335145,0.12041057399335145,0.13095238095238096,0.13095238095238096,0.01331205361709869,12500.0,168,168,cemhsey_forward_day_logo
cemhsey,cemhsey_forward_day_logo|D10,agency_margin_tau_0.20,S12,grasp_protocol,D10,0.7678571428571429,0.767857142857143,0.7563501435135729,0.7563501435135729,0.40287519269234473,1.0610455357669197,0.19197070197347818,0.12041057399335145,0.12041057399335145,0.13095238095238096,0.13095238095238096,0.01331205361709869,12500.0,168,168,cemhsey_forward_day_logo
cemhsey,cemhsey_forward_day_logo|D10,user_only,S13,grasp_protocol,D10,0.7619047619047619,0.761904761904762,0.7643360672146654,0.7643360672146654,0.3920043913479092,0.8485831655735283,0.2397871564438042,0.058553625023115285,0.058553625023115285,0.0,0.0,0.0,12500.0,168,168,cemhsey_forward_day_logo
cemhsey,cemhsey_forward_day_logo|D10,assist_only,S13,grasp_protocol,D10,0.9583333333333334,0.9583333333333333,0.9587392107629361,0.9587392107629361,0.35351475136171606,0.7366563223669658,0.46707897897377626,0.008096416099748729,0.008096416099748729,0.23809523809523808,0.23809523809523808,0.034570801108227314,12500.0,168,168,cemhsey_forward_day_logo
cemhsey,cemhsey_forward_day_logo|D10,confidence_blend_alpha_0.25,S13,grasp_protocol,D10,0.8571428571428571,0.8571428571428571,0.8604028595446787,0.8604028595446787,0.36449121618722025,0.7777139437880501,0.35046182115397856,0.03516806965688266,0.03516806965688266,0.09523809523809523,0.09523809523809523,0.004791960871131111,12500.0,168,168,cemhsey_forward_day_logo
cemhsey,cemhsey_forward_day_logo|D10,confidence_blend_alpha_0.50,S13,grasp_protocol,D10,0.9523809523809523,0.9523809523809523,0.952269516502253,0.952269516502253,0.3489052178026426,0.7446067082527722,0.45563600574103974,0.011407120298485106,0.011407120298485106,0.19642857142857142,0.19642857142857142,0.023751718213095126,12500.0,168,168,cemhsey_forward_day_logo
cemhsey,cemhsey_forward_day_logo|D10,confidence_blend_alpha_0.75,S13,grasp_protocol,D10,0.9702380952380952,0.9702380952380951,0.9701680672268908,0.9701680672268908,0.3452463961941412,0.732461055303064,0.47534851283840784,0.006445842256390825,0.006445842256390825,0.21428571428571427,0.21428571428571427,0.02982479423957775,12500.0,168,168,cemhsey_forward_day_logo
cemhsey,cemhsey_forward_day_logo|D10,selective_prediction,S13,grasp_protocol,D10,0.7777777777777778,0.7777777777777778,0.7798196114124147,0.7798196114124147,0.3797118993776607,0.8247731963461671,0.24764354834958408,0.05162513349458751,0.05162513349458751,0.015873015873015872,0.015873015873015872,0.0015739174340166078,12500.0,504,504,cemhsey_forward_day_logo
cemhsey,cemhsey_forward_day_logo|D10,set_acsa_tau_0.02,S13,grasp_protocol,D10,0.7916666666666666,0.7916666666666667,0.795406320978637,0.795406320978637,0.34675781980326803,0.7624640865825866,0.2811797538430826,0.035445755306390714,0.035445755306390714,0.02976190476190476,0.02976190476190476,0.00015763901524882396,12500.0,168,168,cemhsey_forward_day_logo
cemhsey,cemhsey_forward_day_logo|D10,agency_margin_tau_0.02,S13,grasp_protocol,D10,0.7916666666666666,0.7916666666666667,0.7952871165116063,0.7952871165116063,0.30186758632210275,1.0877692065188365,0.20315744370139555,0.035445755306390714,0.035445755306390714,0.03571428571428571,0.03571428571428571,0.00027610240908334404,12500.0,168,168,cemhsey_forward_day_logo
cemhsey,cemhsey_forward_day_logo|D10,set_acsa_tau_0.05,S13,grasp_protocol,D10,0.7976190476190477,0.7976190476190477,0.8013218906697167,0.8013218906697167,0.34479943280578196,0.7582403788828512,0.283204648295718,0.034437156980574715,0.034437156980574715,0.03571428571428571,0.03571428571428571,0.00033731933908132626,12500.0,168,168,cemhsey_forward_day_logo
cemhsey,cemhsey_forward_day_logo|D10,agency_margin_tau_0.05,S13,grasp_protocol,D10,0.7976190476190477,0.7976190476190477,0.8019179602808707,0.8019179602808707,0.3047936389206181,1.0916977311230966,0.2073075780594549,0.034437156980574715,0.034437156980574715,0.047619047619047616,0.047619047619047616,0.0007197485016343008,12500.0,168,168,cemhsey_forward_day_logo
cemhsey,cemhsey_forward_day_logo|D10,set_acsa_tau_0.10,S13,grasp_protocol,D10,0.8571428571428571,0.8571428571428571,0.8599546864453697,0.8599546864453697,0.31346163539783456,0.6902035626504451,0.29726610125319614,0.024148161720329298,0.024148161720329298,0.09523809523809523,0.09523809523809523,0.004549374912455285,12500.0,168,168,cemhsey_forward_day_logo
cemhsey,cemhsey_forward_day_logo|D10,agency_margin_tau_0.10,S13,grasp_protocol,D10,0.8571428571428571,0.8571428571428571,0.8599546864453697,0.8599546864453697,0.251521146445475,0.5533524210762183,0.2142179778455527,0.024148161720329298,0.024148161720329298,0.09523809523809523,0.09523809523809523,0.004549374912455285,12500.0,168,168,cemhsey_forward_day_logo
cemhsey,cemhsey_forward_day_logo|D10,set_acsa_tau_0.15,S13,grasp_protocol,D10,0.8690476190476191,0.869047619047619,0.8716177605994402,0.8716177605994402,0.30883408268544377,0.6809247533679686,0.30406626757410454,0.022797193641500235,0.022797193641500235,0.10714285714285714,0.10714285714285714,0.006023733857769586,12500.0,168,168,cemhsey_forward_day_logo
cemhsey,cemhsey_forward_day_logo|D10,agency_margin_tau_0.15,S13,grasp_protocol,D10,0.8690476190476191,0.869047619047619,0.8716177605994402,0.8716177605994402,0.2608407196379703,0.5736896605219043,0.23042269810824512,0.022797193641500235,0.022797193641500235,0.10714285714285714,0.10714285714285714,0.006023733857769586,12500.0,168,168,cemhsey_forward_day_logo
cemhsey,cemhsey_forward_day_logo|D10,set_acsa_tau_0.20,S13,grasp_protocol,D10,0.9107142857142857,0.9107142857142857,0.9115747254467962,0.9115747254467962,0.2844785824504833,0.6262438643571304,0.3204716352495727,0.018450151742338286,0.018450151742338286,0.1488095238095238,0.1488095238095238,0.013410374212013566,12500.0,168,168,cemhsey_forward_day_logo
cemhsey,cemhsey_forward_day_logo|D10,agency_margin_tau_0.20,S13,grasp_protocol,D10,0.9107142857142857,0.9107142857142857,0.9115747254467962,0.9115747254467962,0.24068052974186813,0.530176241170545,0.2558280138901146,0.018450151742338286,0.018450151742338286,0.1488095238095238,0.1488095238095238,0.013410374212013566,12500.0,168,168,cemhsey_forward_day_logo
cemhsey,cemhsey_forward_day_logo|D11,user_only,S1,grasp_protocol,D11,0.8630952380952381,0.8630952380952382,0.8649253998428044,0.8649253998428044,0.3113491807985881,0.6889785159901424,0.24620458769564663,0.043090443870402846,0.043090443870402846,0.0,0.0,0.0,12500.0,168,168,cemhsey_forward_day_logo
cemhsey,cemhsey_forward_day_logo|D11,assist_only,S1,grasp_protocol,D11,0.9345238095238095,0.9345238095238095,0.9321380374011953,0.9321380374011953,0.2280928539938117,0.5043415921502229,0.2910225625308475,0.025843760219596494,0.025843760219596494,0.13690476190476192,0.13690476190476192,0.030200410310827923,12500.0,168,168,cemhsey_forward_day_logo
cemhsey,cemhsey_forward_day_logo|D11,confidence_blend_alpha_0.25,S1,grasp_protocol,D11,0.8869047619047619,0.886904761904762,0.8861089561808493,0.8861089561808493,0.27379448733334105,0.597890485915586,0.2798872826057986,0.03164480832109901,0.03164480832109901,0.047619047619047616,0.047619047619047616,0.0046061634725953855,12500.0,168,168,cemhsey_forward_day_logo
cemhsey,cemhsey_forward_day_logo|D11,confidence_blend_alpha_0.50,S1,grasp_protocol,D11,0.9285714285714286,0.9285714285714286,0.9238095238095239,0.9238095238095239,0.2474002017108532,0.5496587684553248,0.31066263222885987,0.02556258000284819,0.02556258000284819,0.10714285714285714,0.10714285714285714,0.02247018154537565,12500.0,168,168,cemhsey_forward_day_logo
cemhsey,cemhsey_forward_day_logo|D11,confidence_blend_alpha_0.75,S1,grasp_protocol,D11,0.9285714285714286,0.9285714285714286,0.9238095238095239,0.9238095238095239,0.23216632393101003,0.5205463486734422,0.2985027834000617,0.02423484932543321,0.02423484932543321,0.11904761904761904,0.11904761904761904,0.023616912259934408,12500.0,168,168,cemhsey_forward_day_logo
cemhsey,cemhsey_forward_day_logo|D11,selective_prediction,S1,grasp_protocol,D11,0.8988095238095238,0.8988095238095238,0.8980008226928125,0.8980008226928125,0.24469440890725144,0.559183862959995,0.24299279198919504,0.0292323055552011,0.0292323055552011,0.03571428571428571,0.03571428571428571,0.007510264042442836,12500.0,504,504,cemhsey_forward_day_logo
cemhsey,cemhsey_forward_day_logo|D11,set_acsa_tau_0.02,S1,grasp_protocol,D11,0.8630952380952381,0.8630952380952382,0.8649253998428044,0.8649253998428044,0.2425237265675176,0.5590124459232619,0.22755302101973418,0.03171268768249237,0.03171268768249237,0.0,0.0,0.0,12500.0,168,168,cemhsey_forward_day_logo
cemhsey,cemhsey_forward_day_logo|D11,agency_margin_tau_0.02,S1,grasp_protocol,D11,0.8630952380952381,0.8630952380952382,0.8649253998428044,0.8649253998428044,0.22049173950916612,0.9186061923986324,0.15993283207442816,0.03175109014024967,0.03175109014024967,0.0,0.0,0.0,12500.0,168,168,cemhsey_forward_day_logo
cemhsey,cemhsey_forward_day_logo|D11,set_acsa_tau_0.05,S1,grasp_protocol,D11,0.8690476190476191,0.8690476190476192,0.8712596953476067,0.8712596953476067,0.24121993627186503,0.5555265376426322,0.22940689051009083,0.03115721615422029,0.03115721615422029,0.005952380952380952,0.005952380952380952,0.0002609529968596023,12500.0,168,168,cemhsey_forward_day_logo
cemhsey,cemhsey_forward_day_logo|D11,agency_margin_tau_0.05,S1,grasp_protocol,D11,0.8690476190476191,0.8690476190476192,0.8712596953476067,0.8712596953476067,0.2133735664498461,0.7630473825784014,0.16122926491975972,0.03115721615422029,0.03115721615422029,0.005952380952380952,0.005952380952380952,0.0002609529968596023,12500.0,168,168,cemhsey_forward_day_logo
cemhsey,cemhsey_forward_day_logo|D11,set_acsa_tau_0.10,S1,grasp_protocol,D11,0.875,0.8750000000000001,0.8768469796925119,0.8768469796925119,0.23604444750514422,0.540117610720344,0.2254973119878168,0.031555601191973766,0.031555601191973766,0.02976190476190476,0.02976190476190476,0.00215336367344204,12500.0,168,168,cemhsey_forward_day_logo
cemhsey,cemhsey_forward_day_logo|D11,agency_margin_tau_0.10,S1,grasp_protocol,D11,0.875,0.8750000000000001,0.8768469796925119,0.8768469796925119,0.2119134685295491,0.7513863232163223,0.1600662745810445,0.031555601191973766,0.031555601191973766,0.02976190476190476,0.02976190476190476,0.00215336367344204,12500.0,168,168,cemhsey_forward_day_logo
cemhsey,cemhsey_forward_day_logo|D11,set_acsa_tau_0.15,S1,grasp_protocol,D11,0.8869047619047619,0.886904761904762,0.8879043817332738,0.8879043817332738,0.22764532905538806,0.5234878342176723,0.22606856024277666,0.030236193272206877,0.030236193272206877,0.041666666666666664,0.041666666666666664,0.0036599496965220844,12500.0,168,168,cemhsey_forward_day_logo
cemhsey,cemhsey_forward_day_logo|D11,agency_margin_tau_0.15,S1,grasp_protocol,D11,0.8869047619047619,0.886904761904762,0.8879043817332738,0.8879043817332738,0.2052770571054266,0.7407550785194958,0.16678783989264023,0.030236193272206877,0.030236193272206877,0.041666666666666664,0.041666666666666664,0.0036599496965220844,12500.0,168,168,cemhsey_forward_day_logo
cemhsey,cemhsey_forward_day_logo|D11,set_acsa_tau_0.20,S1,grasp_protocol,D11,0.8928571428571429,0.892857142857143,0.8927544104355457,0.8927544104355457,0.2227783715581314,0.5138070098390946,0.22552224787059838,0.029555612097410925,0.029555612097410925,0.047619047619047616,0.047619047619047616,0.004765113332372009,12500.0,168,168,cemhsey_forward_day_logo
cemhsey,cemhsey_forward_day_logo|D11,agency_margin_tau_0.20,S1,grasp_protocol,D11,0.8928571428571429,0.892857142857143,0.8927544104355457,0.8927544104355457,0.201852545104323,0.5908585770125541,0.1741645365142849,0.029555612097410925,0.029555612097410925,0.047619047619047616,0.047619047619047616,0.004765113332372009,12500.0,168,168,cemhsey_forward_day_logo
cemhsey,cemhsey_forward_day_logo|D11,user_only,S10,grasp_protocol,D11,0.5773809523809523,0.5773809523809523,0.5802020830477315,0.5802020830477315,0.5350210809790965,1.0598961461046055,0.1329412190524388,0.22810031367328504,0.22810031367328504,0.0,0.0,0.0,12500.0,168,168,cemhsey_forward_day_logo
cemhsey,cemhsey_forward_day_logo|D11,assist_only,S10,grasp_protocol,D11,0.5238095238095238,0.5238095238095238,0.5401430124305977,0.5401430124305977,0.582683941809003,1.1729013623149527,0.15661183071128584,0.2720712023277898,0.2720712023277898,0.5297619047619048,0.5297619047619048,0.09301161510127906,12500.0,168,168,cemhsey_forward_day_logo
cemhsey,cemhsey_forward_day_logo|D11,confidence_blend_alpha_0.25,S10,grasp_protocol,D11,0.6369047619047619,0.636904761904762,0.6365913874015983,0.6365913874015983,0.5318117442523486,1.0590314773078966,0.20391043522481334,0.20354980590599664,0.20354980590599664,0.13690476190476192,0.13690476190476192,0.006309716906575951,12500.0,168,168,cemhsey_forward_day_logo
cemhsey,cemhsey_forward_day_logo|D11,confidence_blend_alpha_0.50,S10,grasp_protocol,D11,0.6547619047619048,0.6547619047619048,0.6669994084590358,0.6669994084590358,0.5386857754817669,1.079141104007029,0.24206472531852907,0.20944869655665221,0.20944869655665221,0.2619047619047619,0.2619047619047619,0.022317490366780907,12500.0,168,168,cemhsey_forward_day_logo
cemhsey,cemhsey_forward_day_logo|D11,confidence_blend_alpha_0.75,S10,grasp_protocol,D11,0.625,0.625,0.6374795589725929,0.6374795589725929,0.5556431746673183,1.1162309352852013,0.22893253591085216,0.22111933197924646,0.22111933197924646,0.3869047619047619,0.3869047619047619,0.04806252015718311,12500.0,168,168,cemhsey_forward_day_logo
cemhsey,cemhsey_forward_day_logo|D11,selective_prediction,S10,grasp_protocol,D11,0.5873015873015873,0.5873015873015872,0.5882758713380006,0.5882758713380006,0.5266625312578755,1.0446721348298422,0.1374194600323718,0.21730658603883007,0.21730658603883007,0.00992063492063492,0.00992063492063492,0.0011455825711176302,12500.0,504,504,cemhsey_forward_day_logo
cemhsey,cemhsey_forward_day_logo|D11,set_acsa_tau_0.02,S10,grasp_protocol,D11,0.6011904761904762,0.6011904761904763,0.6105585673662731,0.6105585673662731,0.5206666850196318,1.0341616559234093,0.15021493896228014,0.20803516054352217,0.20803516054352217,0.02976190476190476,0.02976190476190476,0.00042215125650576525,12500.0,168,168,cemhsey_forward_day_logo
cemhsey,cemhsey_forward_day_logo|D11,agency_margin_tau_0.02,S10,grasp_protocol,D11,0.6071428571428571,0.6071428571428571,0.615809456827689,0.615809456827689,0.5164596900780092,1.7316307402978555,0.13075264662319588,0.20669980902537777,0.20669980902537777,0.03571428571428571,0.03571428571428571,0.00047835618967828766,12500.0,168,168,cemhsey_forward_day_logo
cemhsey,cemhsey_forward_day_logo|D11,set_acsa_tau_0.05,S10,grasp_protocol,D11,0.6011904761904762,0.6011904761904763,0.6148029719394436,0.6148029719394436,0.5158044581932635,1.0205349485443063,0.1287114724458587,0.21112154720623727,0.21112154720623727,0.08928571428571429,0.08928571428571429,0.002474870192547043,12500.0,168,168,cemhsey_forward_day_logo
cemhsey,cemhsey_forward_day_logo|D11,agency_margin_tau_0.05,S10,grasp_protocol,D11,0.6011904761904762,0.6011904761904763,0.6167768176148186,0.6167768176148186,0.510288708753792,1.699303062154785,0.09722256076889306,0.21161222294273194,0.21161222294273194,0.09523809523809523,0.09523809523809523,0.002636636620581594,12500.0,168,168,cemhsey_forward_day_logo
cemhsey,cemhsey_forward_day_logo|D11,set_acsa_tau_0.10,S10,grasp_protocol,D11,0.6190476190476191,0.619047619047619,0.6366049365279247,0.6366049365279247,0.5102511410505829,1.0101336708804045,0.13628686467130402,0.20933339448612498,0.20933339448612498,0.14285714285714285,0.14285714285714285,0.0063475649457261545,12500.0,168,168,cemhsey_forward_day_logo
cemhsey,cemhsey_forward_day_logo|D11,agency_margin_tau_0.10,S10,grasp_protocol,D11,0.6190476190476191,0.619047619047619,0.6366049365279247,0.6366049365279247,0.49400103245124477,1.6748312481451328,0.07830667926061552,0.20925922079490938,0.20925922079490938,0.14285714285714285,0.14285714285714285,0.0063475649457261545,12500.0,168,168,cemhsey_forward_day_logo
cemhsey,cemhsey_forward_day_logo|D11,set_acsa_tau_0.15,S10,grasp_protocol,D11,0.6309523809523809,0.6309523809523808,0.6451098204203795,0.6451098204203795,0.49788080401113755,0.9865918943744199,0.1373509742779493,0.19856653955530093,0.19856653955530093,0.19047619047619047,0.19047619047619047,0.011973938125232361,12500.0,168,168,cemhsey_forward_day_logo
cemhsey,cemhsey_forward_day_logo|D11,agency_margin_tau_0.15,S10,grasp_protocol,D11,0.6309523809523809,0.6309523809523808,0.6451098204203795,0.6451098204203795,0.4724258517380812,1.0481406758338079,0.0816968892800562,0.19856653955530093,0.19856653955530093,0.19047619047619047,0.19047619047619047,0.011973938125232361,12500.0,168,168,cemhsey_forward_day_logo
cemhsey,cemhsey_forward_day_logo|D11,set_acsa_tau_0.20,S10,grasp_protocol,D11,0.6190476190476191,0.619047619047619,0.6366570058294575,0.6366570058294575,0.5009182384226718,0.9909505907596413,0.1250334649752974,0.2020154010089426,0.2020154010089426,0.20238095238095238,0.20238095238095238,0.013962930547489906,12500.0,168,168,cemhsey_forward_day_logo
cemhsey,cemhsey_forward_day_logo|D11,agency_margin_tau_0.20,S10,grasp_protocol,D11,0.6190476190476191,0.619047619047619,0.6366570058294575,0.6366570058294575,0.4846405577371355,0.9264795886330328,0.09072082597351461,0.2020154010089426,0.2020154010089426,0.20238095238095238,0.20238095238095238,0.013962930547489906,12500.0,168,168,cemhsey_forward_day_logo
cemhsey,cemhsey_forward_day_logo|D11,user_only,S2,grasp_protocol,D11,0.8214285714285714,0.8214285714285714,0.8188142603431451,0.8188142603431451,0.3321293863120194,0.716120199777618,0.2426163517478469,0.04223272690513831,0.04223272690513831,0.0,0.0,0.0,12500.0,168,168,cemhsey_forward_day_logo
cemhsey,cemhsey_forward_day_logo|D11,assist_only,S2,grasp_protocol,D11,0.8928571428571429,0.8928571428571429,0.8936639702309905,0.8936639702309905,0.29219975775123025,0.6114871288619234,0.31309037692974717,0.02294791382478229,0.02294791382478229,0.19642857142857142,0.19642857142857142,0.024862676521786205,12500.0,168,168,cemhsey_forward_day_logo
cemhsey,cemhsey_forward_day_logo|D11,confidence_blend_alpha_0.25,S2,grasp_protocol,D11,0.8928571428571429,0.8928571428571429,0.8918276784445489,0.8918276784445489,0.3065036193600544,0.6555036182708067,0.3240746350745943,0.025785577718177397,0.025785577718177397,0.10119047619047619,0.10119047619047619,0.0085936977051342,12500.0,168,168,cemhsey_forward_day_logo
cemhsey,cemhsey_forward_day_logo|D11,confidence_blend_alpha_0.50,S2,grasp_protocol,D11,0.8928571428571429,0.8928571428571429,0.8913871635610766,0.8913871635610766,0.29130675894933944,0.6257527778907861,0.32303374421265896,0.019393789196910798,0.019393789196910798,0.15476190476190477,0.15476190476190477,0.015452381427055639,12500.0,168,168,cemhsey_forward_day_logo
cemhsey,cemhsey_forward_day_logo|D11,confidence_blend_alpha_0.75,S2,grasp_protocol,D11,0.8928571428571429,0.8928571428571429,0.8936639702309905,0.8936639702309905,0.2865388050797314,0.6123078098910101,0.31883145571295324,0.017094900975101752,0.017094900975101752,0.18452380952380953,0.18452380952380953,0.021161957882932753,12500.0,168,168,cemhsey_forward_day_logo
cemhsey,cemhsey_forward_day_logo|D11,selective_prediction,S2,grasp_protocol,D11,0.8452380952380952,0.8452380952380952,0.8419301782843615,0.8419301782843615,0.29756878167827905,0.6519193892518061,0.24086493112698176,0.03106818226281141,0.03106818226281141,0.023809523809523808,0.023809523809523808,0.0032356979157473374,12500.0,504,504,cemhsey_forward_day_logo
cemhsey,cemhsey_forward_day_logo|D11,set_acsa_tau_0.02,S2,grasp_protocol,D11,0.8273809523809523,0.8273809523809523,0.8246653856316106,0.8246653856316106,0.279256302219019,0.6199876728729772,0.24203836419949237,0.023869432485709902,0.023869432485709902,0.017857142857142856,0.017857142857142856,0.0001445577005126279,12500.0,168,168,cemhsey_forward_day_logo
cemhsey,cemhsey_forward_day_logo|D11,agency_margin_tau_0.02,S2,grasp_protocol,D11,0.8273809523809523,0.8273809523809523,0.8246653856316106,0.8246653856316106,0.24637762837092772,0.8138473803362098,0.17528138042555325,0.023424188613432918,0.023424188613432918,0.017857142857142856,0.017857142857142856,0.0001445577005126279,12500.0,168,168,cemhsey_forward_day_logo
cemhsey,cemhsey_forward_day_logo|D11,set_acsa_tau_0.05,S2,grasp_protocol,D11,0.8392857142857143,0.8392857142857143,0.8362537327582921,0.8362537327582921,0.2745650631529983,0.6114200083674332,0.2368651522438121,0.022020401018436782,0.022020401018436782,0.02976190476190476,0.02976190476190476,0.0005507646198104927,12500.0,168,168,cemhsey_forward_day_logo
cemhsey,cemhsey_forward_day_logo|D11,agency_margin_tau_0.05,S2,grasp_protocol,D11,0.8392857142857143,0.8392857142857143,0.8362537327582921,0.8362537327582921,0.23964371269953655,0.801092480394689,0.17522487624101046,0.02165171589207338,0.02165171589207338,0.02976190476190476,0.02976190476190476,0.0005507646198104927,12500.0,168,168,cemhsey_forward_day_logo
cemhsey,cemhsey_forward_day_logo|D11,set_acsa_tau_0.10,S2,grasp_protocol,D11,0.8511904761904762,0.8511904761904763,0.8491090945577532,0.8491090945577532,0.2612572388752983,0.5760502636875016,0.23636627483361972,0.020981467122081442,0.020981467122081442,0.06547619047619048,0.06547619047619048,0.003293325151666656,12500.0,168,168,cemhsey_forward_day_logo
cemhsey,cemhsey_forward_day_logo|D11,agency_margin_tau_0.10,S2,grasp_protocol,D11,0.8511904761904762,0.8511904761904763,0.8491090945577532,0.8491090945577532,0.24020394521988056,0.9295873317605997,0.17983839083435915,0.020764335597050605,0.020764335597050605,0.06547619047619048,0.06547619047619048,0.003293325151666656,12500.0,168,168,cemhsey_forward_day_logo
cemhsey,cemhsey_forward_day_logo|D11,set_acsa_tau_0.15,S2,grasp_protocol,D11,0.8809523809523809,0.880952380952381,0.8820207270470063,0.8820207270470063,0.2435365626505432,0.5349338754959209,0.25153722215848606,0.015172174615488627,0.015172174615488627,0.11904761904761904,0.11904761904761904,0.010263519267543108,12500.0,168,168,cemhsey_forward_day_logo
cemhsey,cemhsey_forward_day_logo|D11,agency_margin_tau_0.15,S2,grasp_protocol,D11,0.8809523809523809,0.880952380952381,0.8820207270470063,0.8820207270470063,0.2172132028473878,0.7393619899236172,0.1762638084481007,0.015172174615488627,0.015172174615488627,0.11904761904761904,0.11904761904761904,0.010263519267543108,12500.0,168,168,cemhsey_forward_day_logo
cemhsey,cemhsey_forward_day_logo|D11,set_acsa_tau_0.20,S2,grasp_protocol,D11,0.8928571428571429,0.8928571428571429,0.8936666897799255,0.8936666897799255,0.23425805017139717,0.5176709584374489,0.25006672544063835,0.013533723836962983,0.013533723836962983,0.13095238095238096,0.13095238095238096,0.012256141608779334,12500.0,168,168,cemhsey_forward_day_logo
cemhsey,cemhsey_forward_day_logo|D11,agency_margin_tau_0.20,S2,grasp_protocol,D11,0.8928571428571429,0.8928571428571429,0.8936666897799255,0.8936666897799255,0.20878358631221272,0.5807282411412258,0.1874378056088313,0.013533723836962983,0.013533723836962983,0.13095238095238096,0.13095238095238096,0.012256141608779334,12500.0,168,168,cemhsey_forward_day_logo
cemhsey,cemhsey_forward_day_logo|D11,user_only,S3,grasp_protocol,D11,0.6130952380952381,0.613095238095238,0.6140835181786862,0.6140835181786862,0.5616732281719964,1.1139604434811627,0.19834242978632383,0.242160135297096,0.242160135297096,0.0,0.0,0.0,12500.0,168,168,cemhsey_forward_day_logo
cemhsey,cemhsey_forward_day_logo|D11,assist_only,S3,grasp_protocol,D11,0.7857142857142857,0.7857142857142857,0.7782463832478713,0.7782463832478713,0.5222344263914273,1.0109412628558259,0.3815812161249752,0.1908200872911811,0.1908200872911811,0.32142857142857145,0.32142857142857145,0.03635032187471255,12500.0,168,168,cemhsey_forward_day_logo
cemhsey,cemhsey_forward_day_logo|D11,confidence_blend_alpha_0.25,S3,grasp_protocol,D11,0.6726190476190477,0.6726190476190476,0.6689742061299306,0.6689742061299306,0.5426160537760711,1.0629296288278087,0.2591355972627261,0.21729934248656665,0.21729934248656665,0.1130952380952381,0.1130952380952381,0.0032938298745024998,12500.0,168,168,cemhsey_forward_day_logo
cemhsey,cemhsey_forward_day_logo|D11,confidence_blend_alpha_0.50,S3,grasp_protocol,D11,0.7559523809523809,0.755952380952381,0.752729456822358,0.752729456822358,0.5296905286806651,1.0337355650317441,0.35571161515164545,0.19353771804168235,0.19353771804168235,0.23809523809523808,0.23809523809523808,0.015925237130513276,12500.0,168,168,cemhsey_forward_day_logo
cemhsey,cemhsey_forward_day_logo|D11,confidence_blend_alpha_0.75,S3,grasp_protocol,D11,0.7857142857142857,0.7857142857142857,0.7802294250073141,0.7802294250073141,0.5228966528857838,1.0173364629165893,0.3837684230498171,0.18700026097117323,0.18700026097117323,0.2857142857142857,0.2857142857142857,0.02727221534511734,12500.0,168,168,cemhsey_forward_day_logo
cemhsey,cemhsey_forward_day_logo|D11,selective_prediction,S3,grasp_protocol,D11,0.6130952380952381,0.613095238095238,0.6140835181786862,0.6140835181786862,0.56156375836506,1.113828565178453,0.19826500236648778,0.24292325934449996,0.24292325934449996,0.0,0.0,0.0,12500.0,504,504,cemhsey_forward_day_logo
cemhsey,cemhsey_forward_day_logo|D11,set_acsa_tau_0.02,S3,grasp_protocol,D11,0.6309523809523809,0.630952380952381,0.6314933896575406,0.6314933896575406,0.5391227962337235,1.0734012898990188,0.23316836358023063,0.2225613947189506,0.2225613947189506,0.023809523809523808,0.023809523809523808,0.00016959392231675254,12500.0,168,168,cemhsey_forward_day_logo
cemhsey,cemhsey_forward_day_logo|D11,agency_margin_tau_0.02,S3,grasp_protocol,D11,0.6309523809523809,0.630952380952381,0.6329373065777338,0.6329373065777338,0.48409861168281065,1.6685896309547958,0.1612343264473312,0.22316344805187857,0.22316344805187857,0.03571428571428571,0.03571428571428571,0.00029610053609801737,12500.0,168,168,cemhsey_forward_day_logo
cemhsey,cemhsey_forward_day_logo|D11,set_acsa_tau_0.05,S3,grasp_protocol,D11,0.6607142857142857,0.6607142857142857,0.6549855638914007,0.6549855638914007,0.5336308872960519,1.064350108155353,0.2501097359877018,0.21363504538606368,0.21363504538606368,0.07738095238095238,0.07738095238095238,0.0020103929733524565,12500.0,168,168,cemhsey_forward_day_logo
cemhsey,cemhsey_forward_day_logo|D11,agency_margin_tau_0.05,S3,grasp_protocol,D11,0.6607142857142857,0.6607142857142857,0.6574418991485317,0.6574418991485317,0.4794710289150474,1.8049854016726934,0.16001895161459131,0.21434759767490366,0.21434759767490366,0.10119047619047619,0.10119047619047619,0.0024481293769808756,12500.0,168,168,cemhsey_forward_day_logo
cemhsey,cemhsey_forward_day_logo|D11,set_acsa_tau_0.10,S3,grasp_protocol,D11,0.7142857142857143,0.7142857142857144,0.705631168607144,0.705631168607144,0.5126013227662488,1.009763706076368,0.26387271422260844,0.20036669013557276,0.20036669013557276,0.13095238095238096,0.13095238095238096,0.0058439646907768135,12500.0,168,168,cemhsey_forward_day_logo
cemhsey,cemhsey_forward_day_logo|D11,agency_margin_tau_0.10,S3,grasp_protocol,D11,0.7142857142857143,0.7142857142857144,0.7066921990799392,0.7066921990799392,0.45113131856603755,1.0137257154159844,0.19907736507162668,0.20036669013557276,0.20036669013557276,0.13690476190476192,0.13690476190476192,0.006027071124053421,12500.0,168,168,cemhsey_forward_day_logo
cemhsey,cemhsey_forward_day_logo|D11,set_acsa_tau_0.15,S3,grasp_protocol,D11,0.7202380952380952,0.7202380952380952,0.7098120506864195,0.7098120506864195,0.5106568777889514,1.0031988771010631,0.2662060802839696,0.2019859242325334,0.2019859242325334,0.15476190476190477,0.15476190476190477,0.008706648597507643,12500.0,168,168,cemhsey_forward_day_logo
cemhsey,cemhsey_forward_day_logo|D11,agency_margin_tau_0.15,S3,grasp_protocol,D11,0.7202380952380952,0.7202380952380952,0.7098120506864195,0.7098120506864195,0.46529009305612284,0.8880835223446927,0.2018834732060634,0.2019859242325334,0.2019859242325334,0.15476190476190477,0.15476190476190477,0.008706648597507643,12500.0,168,168,cemhsey_forward_day_logo
cemhsey,cemhsey_forward_day_logo|D11,set_acsa_tau_0.20,S3,grasp_protocol,D11,0.7261904761904762,0.7261904761904762,0.7161800088714783,0.7161800088714783,0.5069471040301301,0.9891359933836477,0.27002944915084115,0.20714523138171373,0.20714523138171373,0.17261904761904762,0.17261904761904762,0.011787016089504054,12500.0,168,168,cemhsey_forward_day_logo
cemhsey,cemhsey_forward_day_logo|D11,agency_margin_tau_0.20,S3,grasp_protocol,D11,0.7261904761904762,0.7261904761904762,0.7161800088714783,0.7161800088714783,0.48433789328275456,1.0677372214104623,0.2337872378073902,0.20714523138171373,0.20714523138171373,0.17261904761904762,0.17261904761904762,0.011787016089504054,12500.0,168,168,cemhsey_forward_day_logo
cemhsey,cemhsey_forward_day_logo|D11,user_only,S4,grasp_protocol,D11,0.6964285714285714,0.6964285714285714,0.6966929244074617,0.6966929244074617,0.4713336627950154,0.9360128132143517,0.24553428488904472,0.12291732605017176,0.12291732605017176,0.0,0.0,0.0,12500.0,168,168,cemhsey_forward_day_logo
cemhsey,cemhsey_forward_day_logo|D11,assist_only,S4,grasp_protocol,D11,0.8452380952380952,0.8452380952380951,0.8391300169884561,0.8391300169884561,0.42541810503833793,0.8117355259229293,0.37209351831383675,0.07960506222225075,0.07960506222225075,0.30357142857142855,0.30357142857142855,0.02635021010244044,12500.0,168,168,cemhsey_forward_day_logo
cemhsey,cemhsey_forward_day_logo|D11,confidence_blend_alpha_0.25,S4,grasp_protocol,D11,0.8214285714285714,0.8214285714285714,0.816942735049108,0.816942735049108,0.44767181785012733,0.879323625613362,0.35911845692868477,0.09117208497084563,0.09117208497084563,0.16666666666666666,0.16666666666666666,0.008893038653031652,12500.0,168,168,cemhsey_forward_day_logo
cemhsey,cemhsey_forward_day_logo|D11,confidence_blend_alpha_0.50,S4,grasp_protocol,D11,0.8690476190476191,0.869047619047619,0.8619492831457525,0.8619492831457525,0.4321319432424192,0.8444169098248967,0.40872324840941804,0.07444225709230372,0.07444225709230372,0.23809523809523808,0.23809523809523808,0.01679596084194307,12500.0,168,168,cemhsey_forward_day_logo
cemhsey,cemhsey_forward_day_logo|D11,confidence_blend_alpha_0.75,S4,grasp_protocol,D11,0.8690476190476191,0.869047619047619,0.8628328349058746,0.8628328349058746,0.4247140389718228,0.8229740893098519,0.4015652463798333,0.06927071488690809,0.06927071488690809,0.26785714285714285,0.26785714285714285,0.02139895906331878,12500.0,168,168,cemhsey_forward_day_logo
cemhsey,cemhsey_forward_day_logo|D11,selective_prediction,S4,grasp_protocol,D11,0.7043650793650794,0.7043650793650793,0.7043172308246916,0.7043172308246916,0.46359174770038103,0.9211221116637426,0.24514547118192367,0.11790763806642625,0.11790763806642625,0.007936507936507936,0.007936507936507936,0.00040635553289253225,12500.0,504,504,cemhsey_forward_day_logo
cemhsey,cemhsey_forward_day_logo|D11,set_acsa_tau_0.02,S4,grasp_protocol,D11,0.7142857142857143,0.7142857142857143,0.7155186642717062,0.7155186642717062,0.43856210313076244,0.8668300136371052,0.24768980119724726,0.10109088269069645,0.10109088269069645,0.03571428571428571,0.03571428571428571,0.0005278525564566828,12500.0,168,168,cemhsey_forward_day_logo
cemhsey,cemhsey_forward_day_logo|D11,agency_margin_tau_0.02,S4,grasp_protocol,D11,0.7142857142857143,0.7142857142857143,0.7155186642717062,0.7155186642717062,0.39242937540215855,1.1986434946072955,0.23884640613627678,0.09975490590289562,0.09975490590289562,0.03571428571428571,0.03571428571428571,0.0005278525564566828,12500.0,168,168,cemhsey_forward_day_logo
cemhsey,cemhsey_forward_day_logo|D11,set_acsa_tau_0.05,S4,grasp_protocol,D11,0.7440476190476191,0.744047619047619,0.7443260316466571,0.7443260316466571,0.42696732801178294,0.8414043919810764,0.2483595203721561,0.0937889812414694,0.0937889812414694,0.07738095238095238,0.07738095238095238,0.0018992439627183286,12500.0,168,168,cemhsey_forward_day_logo
cemhsey,cemhsey_forward_day_logo|D11,agency_margin_tau_0.05,S4,grasp_protocol,D11,0.75,0.75,0.7500189826002437,0.7500189826002437,0.3834044336114839,1.3154046562493944,0.24558875979449032,0.09227069691760655,0.09227069691760655,0.09523809523809523,0.09523809523809523,0.0025788457229328566,12500.0,168,168,cemhsey_forward_day_logo
cemhsey,cemhsey_forward_day_logo|D11,set_acsa_tau_0.10,S4,grasp_protocol,D11,0.8095238095238095,0.8095238095238095,0.8069767040439111,0.8069767040439111,0.38980576792966415,0.7570205366904142,0.281136899468995,0.07959955321115397,0.07959955321115397,0.19642857142857142,0.19642857142857142,0.010599152468178748,12500.0,168,168,cemhsey_forward_day_logo
cemhsey,cemhsey_forward_day_logo|D11,agency_margin_tau_0.10,S4,grasp_protocol,D11,0.8095238095238095,0.8095238095238095,0.8063374373482218,0.8063374373482218,0.3674193520795786,1.1194576342684228,0.2793080651858128,0.07952718316927174,0.07952718316927174,0.20238095238095238,0.20238095238095238,0.010844713936073882,12500.0,168,168,cemhsey_forward_day_logo
cemhsey,cemhsey_forward_day_logo|D11,set_acsa_tau_0.15,S4,grasp_protocol,D11,0.8214285714285714,0.8214285714285715,0.816688377478651,0.816688377478651,0.3811728339275436,0.7378811195764643,0.2916298401039888,0.07760676304595433,0.07760676304595433,0.23214285714285715,0.23214285714285715,0.014604773305989147,12500.0,168,168,cemhsey_forward_day_logo
cemhsey,cemhsey_forward_day_logo|D11,agency_margin_tau_0.15,S4,grasp_protocol,D11,0.8214285714285714,0.8214285714285715,0.8161976097429854,0.8161976097429854,0.36145925098321985,1.120212245258765,0.2541945270520045,0.07760676304595433,0.07760676304595433,0.23809523809523808,0.23809523809523808,0.014850334773884285,12500.0,168,168,cemhsey_forward_day_logo
cemhsey,cemhsey_forward_day_logo|D11,set_acsa_tau_0.20,S4,grasp_protocol,D11,0.8273809523809523,0.8273809523809524,0.822710637170038,0.822710637170038,0.37690512306463464,0.7248718033482738,0.29388306989389157,0.07723567038275489,0.07723567038275489,0.24404761904761904,0.24404761904761904,0.016475912774230845,12500.0,168,168,cemhsey_forward_day_logo
cemhsey,cemhsey_forward_day_logo|D11,agency_margin_tau_0.20,S4,grasp_protocol,D11,0.8273809523809523,0.8273809523809524,0.822710637170038,0.822710637170038,0.35950492910786896,0.8199186918882327,0.26449702091783545,0.07723567038275489,0.07723567038275489,0.24404761904761904,0.24404761904761904,0.016475912774230845,12500.0,168,168,cemhsey_forward_day_logo
cemhsey,cemhsey_forward_day_logo|D11,user_only,S5,grasp_protocol,D11,0.7619047619047619,0.7619047619047619,0.7534904797768504,0.7534904797768504,0.4341170625788953,0.8827853971540319,0.25657914596779396,0.11216475920153514,0.11216475920153514,0.0,0.0,0.0,12500.0,168,168,cemhsey_forward_day_logo
cemhsey,cemhsey_forward_day_logo|D11,assist_only,S5,grasp_protocol,D11,0.8035714285714286,0.8035714285714286,0.7971161610310759,0.7971161610310759,0.38871225770791157,0.7650772782566099,0.29885168330819706,0.10228835329914546,0.10228835329914546,0.22023809523809523,0.22023809523809523,0.028458966191833544,12500.0,168,168,cemhsey_forward_day_logo
cemhsey,cemhsey_forward_day_logo|D11,confidence_blend_alpha_0.25,S5,grasp_protocol,D11,0.8035714285714286,0.8035714285714286,0.8008906818541369,0.8008906818541369,0.41120623237045145,0.8278726766792569,0.30352372191304444,0.09585412666652969,0.09585412666652969,0.08928571428571429,0.08928571428571429,0.004664805111899348,12500.0,168,168,cemhsey_forward_day_logo
cemhsey,cemhsey_forward_day_logo|D11,confidence_blend_alpha_0.50,S5,grasp_protocol,D11,0.8333333333333334,0.8333333333333333,0.828229582431263,0.828229582431263,0.39600182148913116,0.7944606320650103,0.33890691030545594,0.08863760600245495,0.08863760600245495,0.13690476190476192,0.13690476190476192,0.012345848985220948,12500.0,168,168,cemhsey_forward_day_logo
cemhsey,cemhsey_forward_day_logo|D11,confidence_blend_alpha_0.75,S5,grasp_protocol,D11,0.8392857142857143,0.8392857142857143,0.8359870747999654,0.8359870747999654,0.3885038299349512,0.7745023688290933,0.343404804102187,0.08493517597442342,0.08493517597442342,0.17857142857142858,0.17857142857142858,0.0209129603185266,12500.0,168,168,cemhsey_forward_day_logo
cemhsey,cemhsey_forward_day_logo|D11,selective_prediction,S5,grasp_protocol,D11,0.7638888888888888,0.763888888888889,0.7561732436663577,0.7561732436663577,0.41985760843381653,0.8541942008381895,0.24359911385250807,0.10894280214754161,0.10894280214754161,0.005952380952380952,0.005952380952380952,0.0004196807493481106,12500.0,504,504,cemhsey_forward_day_logo
cemhsey,cemhsey_forward_day_logo|D11,set_acsa_tau_0.02,S5,grasp_protocol,D11,0.7619047619047619,0.7619047619047619,0.7534904797768504,0.7534904797768504,0.380414212246891,0.7758233769815942,0.23504551699000545,0.0925579058317121,0.0925579058317121,0.011904761904761904,0.011904761904761904,9.783991744992195e-05,12500.0,168,168,cemhsey_forward_day_logo
cemhsey,cemhsey_forward_day_logo|D11,agency_margin_tau_0.02,S5,grasp_protocol,D11,0.7619047619047619,0.7619047619047619,0.7534904797768504,0.7534904797768504,0.35337267332102795,1.421020761030692,0.16302181053821305,0.0925579058317121,0.0925579058317121,0.011904761904761904,0.011904761904761904,9.783991744992195e-05,12500.0,168,168,cemhsey_forward_day_logo
cemhsey,cemhsey_forward_day_logo|D11,set_acsa_tau_0.05,S5,grasp_protocol,D11,0.7678571428571429,0.7678571428571427,0.7587523589646157,0.7587523589646157,0.3787647604301784,0.7720947414387839,0.23703430868948655,0.09145358758474886,0.09145358758474886,0.017857142857142856,0.017857142857142856,0.0003843500249605281,12500.0,168,168,cemhsey_forward_day_logo
cemhsey,cemhsey_forward_day_logo|D11,agency_margin_tau_0.05,S5,grasp_protocol,D11,0.7738095238095238,0.7738095238095237,0.7669741544488736,0.7669741544488736,0.34020094468772494,1.2505084605456582,0.15708503431042112,0.09085769220222406,0.09085769220222406,0.02976190476190476,0.02976190476190476,0.0008092460474240315,12500.0,168,168,cemhsey_forward_day_logo
cemhsey,cemhsey_forward_day_logo|D11,set_acsa_tau_0.10,S5,grasp_protocol,D11,0.7857142857142857,0.7857142857142857,0.7803720274269663,0.7803720274269663,0.36557904253210327,0.7302664893227511,0.22558190589450394,0.09915965694327439,0.09915965694327439,0.06547619047619048,0.06547619047619048,0.004074090326990513,12500.0,168,168,cemhsey_forward_day_logo
cemhsey,cemhsey_forward_day_logo|D11,agency_margin_tau_0.10,S5,grasp_protocol,D11,0.7857142857142857,0.7857142857142857,0.7812291228783872,0.7812291228783872,0.34877852580436625,1.6958882920597251,0.1528466823634547,0.09915965694327439,0.09915965694327439,0.07142857142857142,0.07142857142857142,0.004345012347857032,12500.0,168,168,cemhsey_forward_day_logo
cemhsey,cemhsey_forward_day_logo|D11,set_acsa_tau_0.15,S5,grasp_protocol,D11,0.8035714285714286,0.8035714285714286,0.7996810412476678,0.7996810412476678,0.3531963171555398,0.697080864476438,0.23149301169041908,0.09751537050149589,0.09751537050149589,0.09523809523809523,0.09523809523809523,0.007959030801276825,12500.0,168,168,cemhsey_forward_day_logo
cemhsey,cemhsey_forward_day_logo|D11,agency_margin_tau_0.15,S5,grasp_protocol,D11,0.8035714285714286,0.8035714285714286,0.7996810412476678,0.7996810412476678,0.32658621190847414,1.0645179485408371,0.1572495725990407,0.09751537050149589,0.09751537050149589,0.09523809523809523,0.09523809523809523,0.007959030801276825,12500.0,168,168,cemhsey_forward_day_logo
cemhsey,cemhsey_forward_day_logo|D11,set_acsa_tau_0.20,S5,grasp_protocol,D11,0.8214285714285714,0.8214285714285714,0.8173305911511892,0.8173305911511892,0.3452326403660151,0.6782968751598746,0.24784121466513426,0.09579883786205823,0.09579883786205823,0.1130952380952381,0.1130952380952381,0.01102622245368425,12500.0,168,168,cemhsey_forward_day_logo
cemhsey,cemhsey_forward_day_logo|D11,agency_margin_tau_0.20,S5,grasp_protocol,D11,0.8214285714285714,0.8214285714285714,0.8173305911511892,0.8173305911511892,0.319882751757051,0.7577588312207704,0.19389301911128143,0.09579883786205823,0.09579883786205823,0.1130952380952381,0.1130952380952381,0.01102622245368425,12500.0,168,168,cemhsey_forward_day_logo
cemhsey,cemhsey_forward_day_logo|D11,user_only,S6,grasp_protocol,D11,0.8452380952380952,0.8452380952380952,0.8430491456449501,0.8430491456449501,0.39029367828749273,0.8070229962483696,0.34185188349252676,0.034553966025086987,0.034553966025086987,0.0,0.0,0.0,12500.0,168,168,cemhsey_forward_day_logo
cemhsey,cemhsey_forward_day_logo|D11,assist_only,S6,grasp_protocol,D11,0.8928571428571429,0.8928571428571429,0.8932324393258664,0.8932324393258664,0.34156059549643547,0.6849613993400582,0.35820637142758155,0.022516234174517646,0.022516234174517646,0.21428571428571427,0.21428571428571427,0.03887629888755198,12500.0,168,168,cemhsey_forward_day_logo
cemhsey,cemhsey_forward_day_logo|D11,confidence_blend_alpha_0.25,S6,grasp_protocol,D11,0.9226190476190477,0.9226190476190477,0.9212170955338657,0.9212170955338657,0.3644945393168945,0.7517976140769235,0.4171945796660966,0.01880797995012042,0.01880797995012042,0.09523809523809523,0.09523809523809523,0.0059285658240570745,12500.0,168,168,cemhsey_forward_day_logo
cemhsey,cemhsey_forward_day_logo|D11,confidence_blend_alpha_0.50,S6,grasp_protocol,D11,0.9464285714285714,0.9464285714285714,0.9460320635494215,0.9460320635494215,0.34777264586158846,0.7168228427226018,0.4341725387194188,0.010513759902463747,0.010513759902463747,0.13095238095238096,0.13095238095238096,0.008760888242746376,12500.0,168,168,cemhsey_forward_day_logo
cemhsey,cemhsey_forward_day_logo|D11,confidence_blend_alpha_0.75,S6,grasp_protocol,D11,0.9345238095238095,0.9345238095238094,0.9350309820898056,0.9350309820898056,0.34012799792143544,0.695178014170583,0.4133014946564119,0.01058521379232302,0.01058521379232302,0.16666666666666666,0.16666666666666666,0.015289947076019635,12500.0,168,168,cemhsey_forward_day_logo
cemhsey,cemhsey_forward_day_logo|D11,selective_prediction,S6,grasp_protocol,D11,0.8551587301587301,0.8551587301587302,0.8533236510354757,0.8533236510354757,0.3701696252771922,0.770578234811132,0.33593060869729074,0.02945562347378676,0.02945562347378676,0.00992063492063492,0.00992063492063492,0.0006677777300460117,12500.0,504,504,cemhsey_forward_day_logo
cemhsey,cemhsey_forward_day_logo|D11,set_acsa_tau_0.02,S6,grasp_protocol,D11,0.8452380952380952,0.8452380952380951,0.8415339433972974,0.8415339433972974,0.3210227282624231,0.6778162719436447,0.3139359408247099,0.02148982692006209,0.02148982692006209,0.023809523809523808,0.023809523809523808,0.0003405594636056009,12500.0,168,168,cemhsey_forward_day_logo
cemhsey,cemhsey_forward_day_logo|D11,agency_margin_tau_0.02,S6,grasp_protocol,D11,0.8452380952380952,0.8452380952380951,0.8415339433972974,0.8415339433972974,0.2538264901710956,1.3686449615271887,0.1907772784533911,0.02148982692006209,0.02148982692006209,0.023809523809523808,0.023809523809523808,0.0003405594636056009,12500.0,168,168,cemhsey_forward_day_logo
cemhsey,cemhsey_forward_day_logo|D11,set_acsa_tau_0.05,S6,grasp_protocol,D11,0.8809523809523809,0.8809523809523808,0.8797504390527645,0.8797504390527645,0.3110514741624032,0.6560096907117046,0.32789890961494084,0.01629669326538351,0.01629669326538351,0.06547619047619048,0.06547619047619048,0.001672575633336232,12500.0,168,168,cemhsey_forward_day_logo
cemhsey,cemhsey_forward_day_logo|D11,agency_margin_tau_0.05,S6,grasp_protocol,D11,0.8809523809523809,0.8809523809523808,0.8797504390527645,0.8797504390527645,0.2370509546406411,1.1968142786678009,0.19140093745827483,0.01629669326538351,0.01629669326538351,0.06547619047619048,0.06547619047619048,0.001672575633336232,12500.0,168,168,cemhsey_forward_day_logo
cemhsey,cemhsey_forward_day_logo|D11,set_acsa_tau_0.10,S6,grasp_protocol,D11,0.9047619047619048,0.9047619047619048,0.9038867602479093,0.9038867602479093,0.29631912413037675,0.6252353522666528,0.3316261316612398,0.01343662948549099,0.01343662948549099,0.08928571428571429,0.08928571428571429,0.0034898480623099097,12500.0,168,168,cemhsey_forward_day_logo
cemhsey,cemhsey_forward_day_logo|D11,agency_margin_tau_0.10,S6,grasp_protocol,D11,0.9047619047619048,0.9047619047619048,0.9038867602479093,0.9038867602479093,0.21958867940358873,0.8713750670154509,0.1915179081899294,0.01343662948549099,0.01343662948549099,0.08928571428571429,0.08928571428571429,0.0034898480623099097,12500.0,168,168,cemhsey_forward_day_logo
cemhsey,cemhsey_forward_day_logo|D11,set_acsa_tau_0.15,S6,grasp_protocol,D11,0.9285714285714286,0.9285714285714286,0.9286533272195444,0.9286533272195444,0.28488976151904793,0.6024520787772218,0.34730283367037396,0.010953966577201588,0.010953966577201588,0.1130952380952381,0.1130952380952381,0.006381527580418603,12500.0,168,168,cemhsey_forward_day_logo
cemhsey,cemhsey_forward_day_logo|D11,agency_margin_tau_0.15,S6,grasp_protocol,D11,0.9285714285714286,0.9285714285714286,0.9286533272195444,0.9286533272195444,0.20365578373340604,0.5575928701707691,0.2131349948744725,0.010953966577201588,0.010953966577201588,0.1130952380952381,0.1130952380952381,0.006381527580418603,12500.0,168,168,cemhsey_forward_day_logo
cemhsey,cemhsey_forward_day_logo|D11,set_acsa_tau_0.20,S6,grasp_protocol,D11,0.9404761904761905,0.9404761904761905,0.9402886202476474,0.9402886202476474,0.27854511729830206,0.5856004409746046,0.3539941177390066,0.010383367307954448,0.010383367307954448,0.125,0.125,0.008311111544684604,12500.0,168,168,cemhsey_forward_day_logo
cemhsey,cemhsey_forward_day_logo|D11,agency_margin_tau_0.20,S6,grasp_protocol,D11,0.9404761904761905,0.9404761904761905,0.9402886202476474,0.9402886202476474,0.2173448246121476,0.439437093499799,0.2575759176273959,0.010383367307954448,0.010383367307954448,0.125,0.125,0.008311111544684604,12500.0,168,168,cemhsey_forward_day_logo
cemhsey,cemhsey_forward_day_logo|D11,user_only,S7,grasp_protocol,D11,0.5059523809523809,0.5059523809523809,0.4982558782096961,0.4982558782096961,0.692326641545572,1.4705406051154102,0.22680561189714035,0.24361129597270356,0.24361129597270356,0.0,0.0,0.0,12500.0,168,168,cemhsey_forward_day_logo
cemhsey,cemhsey_forward_day_logo|D11,assist_only,S7,grasp_protocol,D11,0.5773809523809523,0.5773809523809523,0.51784493368903,0.51784493368903,0.7048707078800848,1.5040443873401916,0.3054065653484737,0.2063720007954102,0.2063720007954102,0.43452380952380953,0.43452380952380953,0.04718337858986443,12500.0,168,168,cemhsey_forward_day_logo
cemhsey,cemhsey_forward_day_logo|D11,confidence_blend_alpha_0.25,S7,grasp_protocol,D11,0.5773809523809523,0.5773809523809524,0.5579052672995933,0.5579052672995933,0.68858959821087,1.4616489244218276,0.30347091698984135,0.2038952221730214,0.2038952221730214,0.13095238095238096,0.13095238095238096,0.0030526598419996095,12500.0,168,168,cemhsey_forward_day_logo
cemhsey,cemhsey_forward_day_logo|D11,confidence_blend_alpha_0.50,S7,grasp_protocol,D11,0.5952380952380952,0.5952380952380952,0.5731714271398552,0.5731714271398552,0.6894345948217213,1.4658291856892531,0.33019383350461684,0.18491784763326707,0.18491784763326707,0.20833333333333334,0.20833333333333334,0.010415954912147495,12500.0,168,168,cemhsey_forward_day_logo
cemhsey,cemhsey_forward_day_logo|D11,confidence_blend_alpha_0.75,S7,grasp_protocol,D11,0.625,0.625,0.585929498402726,0.585929498402726,0.6948616313781263,1.4801334456488786,0.3541167404718657,0.1737895404400369,0.1737895404400369,0.30952380952380953,0.30952380952380953,0.023248824923094012,12500.0,168,168,cemhsey_forward_day_logo
cemhsey,cemhsey_forward_day_logo|D11,selective_prediction,S7,grasp_protocol,D11,0.5059523809523809,0.5059523809523809,0.4982558782096961,0.4982558782096961,0.6911235087273943,1.468113301080225,0.2256695328464028,0.24167401592369997,0.24167401592369997,0.0,0.0,0.0,12500.0,504,504,cemhsey_forward_day_logo
cemhsey,cemhsey_forward_day_logo|D11,set_acsa_tau_0.02,S7,grasp_protocol,D11,0.5297619047619048,0.5297619047619048,0.5170183905998201,0.5170183905998201,0.680323140891268,1.4403346591219641,0.2377508813978201,0.21304525578322414,0.21304525578322414,0.03571428571428571,0.03571428571428571,0.0002291892699371844,12500.0,168,168,cemhsey_forward_day_logo
cemhsey,cemhsey_forward_day_logo|D11,agency_margin_tau_0.02,S7,grasp_protocol,D11,0.5357142857142857,0.5357142857142857,0.5233294136777223,0.5233294136777223,0.6952429222828767,3.004219349304838,0.2523041535781249,0.21348469404778206,0.21348469404778206,0.05357142857142857,0.05357142857142857,0.00046509730653682845,12500.0,168,168,cemhsey_forward_day_logo
cemhsey,cemhsey_forward_day_logo|D11,set_acsa_tau_0.05,S7,grasp_protocol,D11,0.5416666666666666,0.5416666666666667,0.5232911879380316,0.5232911879380316,0.6767472716220008,1.4310685164976849,0.25277487088800366,0.204220408487282,0.204220408487282,0.07738095238095238,0.07738095238095238,0.001937227199041375,12500.0,168,168,cemhsey_forward_day_logo
cemhsey,cemhsey_forward_day_logo|D11,agency_margin_tau_0.05,S7,grasp_protocol,D11,0.5416666666666666,0.5416666666666667,0.5224209407948129,0.5224209407948129,0.6687990921532497,2.6640907338561823,0.22273783690188276,0.20458954178105876,0.20458954178105876,0.09523809523809523,0.09523809523809523,0.002271638280678324,12500.0,168,168,cemhsey_forward_day_logo
cemhsey,cemhsey_forward_day_logo|D11,set_acsa_tau_0.10,S7,grasp_protocol,D11,0.5535714285714286,0.5535714285714286,0.5305935610144585,0.5305935610144585,0.672934886622697,1.4157698793077071,0.24524126842372757,0.2007128009767716,0.2007128009767716,0.125,0.125,0.005382786056309793,12500.0,168,168,cemhsey_forward_day_logo
cemhsey,cemhsey_forward_day_logo|D11,agency_margin_tau_0.10,S7,grasp_protocol,D11,0.5535714285714286,0.5535714285714286,0.5294485329761739,0.5294485329761739,0.6541815484359104,2.0823456228789587,0.2029156597515434,0.20078926751677834,0.20078926751677834,0.13690476190476192,0.13690476190476192,0.005648526069989717,12500.0,168,168,cemhsey_forward_day_logo
cemhsey,cemhsey_forward_day_logo|D11,set_acsa_tau_0.15,S7,grasp_protocol,D11,0.5714285714285714,0.5714285714285714,0.5466593704067203,0.5466593704067203,0.6672459320444953,1.398387755017457,0.25523645379214205,0.19334387401218528,0.19334387401218528,0.1488095238095238,0.1488095238095238,0.007914275631805568,12500.0,168,168,cemhsey_forward_day_logo
cemhsey,cemhsey_forward_day_logo|D11,agency_margin_tau_0.15,S7,grasp_protocol,D11,0.5714285714285714,0.5714285714285714,0.5466593704067203,0.5466593704067203,0.6507733973884117,1.3466290941719175,0.22846386739416638,0.19334387401218528,0.19334387401218528,0.1488095238095238,0.1488095238095238,0.007914275631805568,12500.0,168,168,cemhsey_forward_day_logo
cemhsey,cemhsey_forward_day_logo|D11,set_acsa_tau_0.20,S7,grasp_protocol,D11,0.5833333333333334,0.5833333333333334,0.5584387609429478,0.5584387609429478,0.662825187193813,1.3856765720174575,0.2667590363868411,0.18765117424294803,0.18765117424294803,0.16071428571428573,0.16071428571428573,0.009831622427105073,12500.0,168,168,cemhsey_forward_day_logo
cemhsey,cemhsey_forward_day_logo|D11,agency_margin_tau_0.20,S7,grasp_protocol,D11,0.5833333333333334,0.5833333333333334,0.5584387609429478,0.5584387609429478,0.653363488759651,1.3608661867938112,0.25018265082002095,0.18765117424294803,0.18765117424294803,0.16071428571428573,0.16071428571428573,0.009831622427105073,12500.0,168,168,cemhsey_forward_day_logo
cemhsey,cemhsey_forward_day_logo|D11,user_only,S8,grasp_protocol,D11,0.35119047619047616,0.35119047619047616,0.3081398101684295,0.3081398101684295,0.7482894483604292,1.521686958352086,0.07658794670601884,0.614095414847326,0.614095414847326,0.0,0.0,0.0,12500.0,168,168,cemhsey_forward_day_logo
cemhsey,cemhsey_forward_day_logo|D11,assist_only,S8,grasp_protocol,D11,0.34523809523809523,0.34523809523809523,0.2838965011080898,0.2838965011080898,0.7860926799733109,1.5556497546962509,0.10943950183914335,0.7190627511214943,0.7190627511214943,0.5297619047619048,0.5297619047619048,0.06345257922316544,12500.0,168,168,cemhsey_forward_day_logo
cemhsey,cemhsey_forward_day_logo|D11,confidence_blend_alpha_0.25,S8,grasp_protocol,D11,0.39880952380952384,0.3988095238095238,0.34774241111913656,0.34774241111913656,0.744472145854322,1.5085531687806706,0.1112837552391185,0.6204949159711324,0.6204949159711324,0.17857142857142858,0.17857142857142858,0.009272987062058554,12500.0,168,168,cemhsey_forward_day_logo
cemhsey,cemhsey_forward_day_logo|D11,confidence_blend_alpha_0.50,S8,grasp_protocol,D11,0.36904761904761907,0.369047619047619,0.30897387302917256,0.30897387302917256,0.7495002502877597,1.5103091539415754,0.10962440341072259,0.6633971168886175,0.6633971168886175,0.3273809523809524,0.3273809523809524,0.025380594507115797,12500.0,168,168,cemhsey_forward_day_logo
cemhsey,cemhsey_forward_day_logo|D11,confidence_blend_alpha_0.75,S8,grasp_protocol,D11,0.3630952380952381,0.36309523809523814,0.30359953820743585,0.30359953820743585,0.763373761660756,1.5251601687657692,0.12018115211428794,0.693064936167264,0.693064936167264,0.44047619047619047,0.44047619047619047,0.04354109120587572,12500.0,168,168,cemhsey_forward_day_logo
cemhsey,cemhsey_forward_day_logo|D11,selective_prediction,S8,grasp_protocol,D11,0.3492063492063492,0.3492063492063492,0.3055557616294719,0.3055557616294719,0.7617446301352114,1.5327997358561642,0.0907721057351456,0.6508602320174381,0.6508602320174381,0.007936507936507936,0.007936507936507936,0.0012225851464121977,12500.0,504,504,cemhsey_forward_day_logo
cemhsey,cemhsey_forward_day_logo|D11,set_acsa_tau_0.02,S8,grasp_protocol,D11,0.36904761904761907,0.369047619047619,0.32366989012049935,0.32366989012049935,0.7564725988397184,1.5064603693479863,0.10446066087795063,0.6502445648850885,0.6502445648850885,0.02976190476190476,0.02976190476190476,0.0003457642784186904,12500.0,168,168,cemhsey_forward_day_logo
cemhsey,cemhsey_forward_day_logo|D11,agency_margin_tau_0.02,S8,grasp_protocol,D11,0.375,0.375,0.3313451722318717,0.3313451722318717,0.8081461028184924,4.014131089303593,0.16743261631016484,0.6496220385047433,0.6496220385047433,0.03571428571428571,0.03571428571428571,0.0003457642784186904,12500.0,168,168,cemhsey_forward_day_logo
cemhsey,cemhsey_forward_day_logo|D11,set_acsa_tau_0.05,S8,grasp_protocol,D11,0.3630952380952381,0.3630952380952381,0.31924848440714376,0.31924848440714376,0.757990372125755,1.509402089195471,0.09558492340935061,0.6536852987282847,0.6536852987282847,0.06547619047619048,0.06547619047619048,0.0015094240564959883,12500.0,168,168,cemhsey_forward_day_logo
cemhsey,cemhsey_forward_day_logo|D11,agency_margin_tau_0.05,S8,grasp_protocol,D11,0.35714285714285715,0.35714285714285715,0.31383968395565187,0.31383968395565187,0.7981886193165908,3.841883320783031,0.15247623049294645,0.6546664272330425,0.6546664272330425,0.07142857142857142,0.07142857142857142,0.0017359943745459128,12500.0,168,168,cemhsey_forward_day_logo
cemhsey,cemhsey_forward_day_logo|D11,set_acsa_tau_0.10,S8,grasp_protocol,D11,0.3630952380952381,0.36309523809523814,0.31984104855893775,0.31984104855893775,0.7617818421073302,1.522550288038814,0.08456542875502211,0.6535861961878676,0.6535861961878676,0.1488095238095238,0.1488095238095238,0.007261508506560604,12500.0,168,168,cemhsey_forward_day_logo
cemhsey,cemhsey_forward_day_logo|D11,agency_margin_tau_0.10,S8,grasp_protocol,D11,0.3630952380952381,0.36309523809523814,0.32105927393221567,0.32105927393221567,0.7698954572120682,3.3826383776614826,0.11758463614748887,0.6541422053132263,0.6541422053132263,0.16071428571428573,0.16071428571428573,0.008418334083937556,12500.0,168,168,cemhsey_forward_day_logo
cemhsey,cemhsey_forward_day_logo|D11,set_acsa_tau_0.15,S8,grasp_protocol,D11,0.38095238095238093,0.380952380952381,0.3314798228591332,0.3314798228591332,0.7554795516273746,1.4858184705340418,0.10377249130932777,0.6696140289489788,0.6696140289489788,0.21428571428571427,0.21428571428571427,0.015878634606656426,12500.0,168,168,cemhsey_forward_day_logo
cemhsey,cemhsey_forward_day_logo|D11,agency_margin_tau_0.15,S8,grasp_protocol,D11,0.38095238095238093,0.380952380952381,0.3319753568394438,0.3319753568394438,0.7761273533047999,3.249041180159613,0.10558859752921143,0.6696907324403638,0.6696907324403638,0.22023809523809523,0.22023809523809523,0.016465859896543467,12500.0,168,168,cemhsey_forward_day_logo
cemhsey,cemhsey_forward_day_logo|D11,set_acsa_tau_0.20,S8,grasp_protocol,D11,0.375,0.375,0.3202296192808527,0.3202296192808527,0.75764696195523,1.4862461859492426,0.09961306765018108,0.6759047675595549,0.6759047675595549,0.25,0.25,0.02223325496263471,12500.0,168,168,cemhsey_forward_day_logo
cemhsey,cemhsey_forward_day_logo|D11,agency_margin_tau_0.20,S8,grasp_protocol,D11,0.375,0.375,0.3202296192808527,0.3202296192808527,0.7679193201858768,2.216091148666664,0.07421270448532544,0.6759047675595549,0.6759047675595549,0.25,0.25,0.02223325496263471,12500.0,168,168,cemhsey_forward_day_logo
cemhsey,cemhsey_forward_day_logo|D11,user_only,S9,grasp_protocol,D11,0.36904761904761907,0.36904761904761907,0.34915396551277317,0.34915396551277317,0.7381308759976039,1.5202830766211004,0.10827316084241591,0.5707924314883522,0.5707924314883522,0.0,0.0,0.0,12500.0,168,168,cemhsey_forward_day_logo
cemhsey,cemhsey_forward_day_logo|D11,assist_only,S9,grasp_protocol,D11,0.42857142857142855,0.42857142857142855,0.4194561891227654,0.4194561891227654,0.698922378117275,1.4030761746757447,0.1186988923913026,0.4487685697768337,0.4487685697768337,0.4583333333333333,0.4583333333333333,0.05158447917426353,12500.0,168,168,cemhsey_forward_day_logo
cemhsey,cemhsey_forward_day_logo|D11,confidence_blend_alpha_0.25,S9,grasp_protocol,D11,0.39880952380952384,0.3988095238095238,0.3773340915313494,0.3773340915313494,0.7179651024198939,1.46276327269892,0.10911362394196424,0.5407288597429408,0.5407288597429408,0.1130952380952381,0.1130952380952381,0.002749160451382385,12500.0,168,168,cemhsey_forward_day_logo
cemhsey,cemhsey_forward_day_logo|D11,confidence_blend_alpha_0.50,S9,grasp_protocol,D11,0.43452380952380953,0.4345238095238095,0.4174552833824102,0.4174552833824102,0.704708428247277,1.4279054083733784,0.12971202205568497,0.521311479725889,0.521311479725889,0.2619047619047619,0.2619047619047619,0.016506269560754697,12500.0,168,168,cemhsey_forward_day_logo
cemhsey,cemhsey_forward_day_logo|D11,confidence_blend_alpha_0.75,S9,grasp_protocol,D11,0.4583333333333333,0.45833333333333337,0.4414118941139895,0.4414118941139895,0.6983608534797373,1.4085775608205837,0.1479152323227924,0.4741823839585497,0.4741823839585497,0.35119047619047616,0.35119047619047616,0.03292495791596031,12500.0,168,168,cemhsey_forward_day_logo
cemhsey,cemhsey_forward_day_logo|D11,selective_prediction,S9,grasp_protocol,D11,0.36904761904761907,0.36904761904761907,0.34915396551277317,0.34915396551277317,0.7381308759976039,1.5202830766211002,0.10827316084241585,0.5714189592054508,0.5714189592054508,0.0,0.0,0.0,12500.0,504,504,cemhsey_forward_day_logo
cemhsey,cemhsey_forward_day_logo|D11,set_acsa_tau_0.02,S9,grasp_protocol,D11,0.3869047619047619,0.3869047619047619,0.3653037275462904,0.3653037275462904,0.7254691737542117,1.481708068274518,0.0663462951287491,0.5463468125606805,0.5463468125606805,0.02976190476190476,0.02976190476190476,0.0002601670952786859,12500.0,168,168,cemhsey_forward_day_logo
cemhsey,cemhsey_forward_day_logo|D11,agency_margin_tau_0.02,S9,grasp_protocol,D11,0.38095238095238093,0.380952380952381,0.36075562259002225,0.36075562259002225,0.7392630876986799,3.197056201147269,0.1450821621218193,0.5461068396648494,0.5461068396648494,0.041666666666666664,0.041666666666666664,0.00040048994504756144,12500.0,168,168,cemhsey_forward_day_logo
cemhsey,cemhsey_forward_day_logo|D11,set_acsa_tau_0.05,S9,grasp_protocol,D11,0.40476190476190477,0.40476190476190477,0.38310736007204416,0.38310736007204416,0.7172773169650055,1.4540617376073208,0.07688652255035298,0.5357077211345507,0.5357077211345507,0.08928571428571429,0.08928571428571429,0.002302113737445128,12500.0,168,168,cemhsey_forward_day_logo
cemhsey,cemhsey_forward_day_logo|D11,agency_margin_tau_0.05,S9,grasp_protocol,D11,0.40476190476190477,0.40476190476190477,0.38359451145433626,0.38359451145433626,0.7168633300457612,3.1645781350469613,0.10288035740606058,0.5345577993211712,0.5345577993211712,0.10119047619047619,0.10119047619047619,0.0024720022562162553,12500.0,168,168,cemhsey_forward_day_logo
cemhsey,cemhsey_forward_day_logo|D11,set_acsa_tau_0.10,S9,grasp_protocol,D11,0.4226190476190476,0.42261904761904756,0.4016061953558055,0.4016061953558055,0.7035453651640748,1.4114576239070291,0.06747327217636537,0.5202989534095208,0.5202989534095208,0.16071428571428573,0.16071428571428573,0.007658999444514892,12500.0,168,168,cemhsey_forward_day_logo
cemhsey,cemhsey_forward_day_logo|D11,agency_margin_tau_0.10,S9,grasp_protocol,D11,0.4226190476190476,0.42261904761904756,0.4016061953558055,0.4016061953558055,0.7035767139093594,2.5504874146825034,0.059535834846489985,0.519993365951259,0.519993365951259,0.16071428571428573,0.16071428571428573,0.007658999444514892,12500.0,168,168,cemhsey_forward_day_logo
cemhsey,cemhsey_forward_day_logo|D11,set_acsa_tau_0.15,S9,grasp_protocol,D11,0.4226190476190476,0.42261904761904756,0.4024587102748166,0.4024587102748166,0.7023026874471471,1.4065601891191244,0.06722080941131717,0.5206242700363785,0.5206242700363785,0.16666666666666666,0.16666666666666666,0.008374120856925698,12500.0,168,168,cemhsey_forward_day_logo
cemhsey,cemhsey_forward_day_logo|D11,agency_margin_tau_0.15,S9,grasp_protocol,D11,0.42857142857142855,0.42857142857142855,0.4095858826193802,0.4095858826193802,0.6938907416484512,1.9657580254844618,0.07787018621380883,0.5192803574970449,0.5192803574970449,0.17261904761904762,0.17261904761904762,0.009175728505552145,12500.0,168,168,cemhsey_forward_day_logo
cemhsey,cemhsey_forward_day_logo|D11,set_acsa_tau_0.20,S9,grasp_protocol,D11,0.42857142857142855,0.42857142857142855,0.406881283015397,0.406881283015397,0.6953537359110694,1.3843857547504017,0.068361095932099,0.5105706882273894,0.5105706882273894,0.19642857142857142,0.19642857142857142,0.013383166354151644,12500.0,168,168,cemhsey_forward_day_logo
cemhsey,cemhsey_forward_day_logo|D11,agency_margin_tau_0.20,S9,grasp_protocol,D11,0.42857142857142855,0.42857142857142855,0.406881283015397,0.406881283015397,0.6900633959204917,1.3639788920781992,0.06426441302423733,0.5105706882273894,0.5105706882273894,0.19642857142857142,0.19642857142857142,0.013383166354151644,12500.0,168,168,cemhsey_forward_day_logo
cemhsey,cemhsey_forward_day_logo|D11,user_only,S11,grasp_protocol,D11,0.7321428571428571,0.7321428571428571,0.7275796402492941,0.7275796402492941,0.4304500604795827,0.8848096072706889,0.22629314022743982,0.09000253614586201,0.09000253614586201,0.0,0.0,0.0,12500.0,168,168,cemhsey_forward_day_logo
cemhsey,cemhsey_forward_day_logo|D11,assist_only,S11,grasp_protocol,D11,0.8214285714285714,0.8214285714285714,0.7998153500793765,0.7998153500793765,0.3997125560808008,0.8148633993676342,0.3299485851178706,0.03731925599797533,0.03731925599797533,0.27380952380952384,0.27380952380952384,0.04551738634894103,12500.0,168,168,cemhsey_forward_day_logo
cemhsey,cemhsey_forward_day_logo|D11,confidence_blend_alpha_0.25,S11,grasp_protocol,D11,0.8214285714285714,0.8214285714285714,0.8184682392332926,0.8184682392332926,0.408344416987197,0.8394899544572887,0.32849974805553245,0.05910865421378789,0.05910865421378789,0.09523809523809523,0.09523809523809523,0.006603110826171584,12500.0,168,168,cemhsey_forward_day_logo
cemhsey,cemhsey_forward_day_logo|D11,confidence_blend_alpha_0.50,S11,grasp_protocol,D11,0.8452380952380952,0.8452380952380951,0.8424197070383965,0.8424197070383965,0.39585295175663776,0.8175700106746484,0.3576784200553231,0.039782614131021146,0.039782614131021146,0.1488095238095238,0.1488095238095238,0.013851135955343782,12500.0,168,168,cemhsey_forward_day_logo
cemhsey,cemhsey_forward_day_logo|D11,confidence_blend_alpha_0.75,S11,grasp_protocol,D11,0.8571428571428571,0.8571428571428573,0.8472453836101792,0.8472453836101792,0.39297566478783913,0.8101431529078886,0.3691342053959118,0.025514778513719416,0.025514778513719416,0.23214285714285715,0.23214285714285715,0.03259613505056621,12500.0,168,168,cemhsey_forward_day_logo
cemhsey,cemhsey_forward_day_logo|D11,selective_prediction,S11,grasp_protocol,D11,0.7420634920634921,0.7420634920634921,0.7371349785575297,0.7371349785575297,0.4117588236407018,0.847264959401735,0.2185749626035781,0.08034251301297268,0.08034251301297268,0.00992063492063492,0.00992063492063492,0.0013488617006872487,12500.0,504,504,cemhsey_forward_day_logo
cemhsey,cemhsey_forward_day_logo|D11,set_acsa_tau_0.02,S11,grasp_protocol,D11,0.7440476190476191,0.744047619047619,0.7398692721396358,0.7398692721396358,0.3982226719877679,0.8199776890094943,0.21712706635824988,0.07184268023065121,0.07184268023065121,0.011904761904761904,0.011904761904761904,8.669304336459874e-05,12500.0,168,168,cemhsey_forward_day_logo
cemhsey,cemhsey_forward_day_logo|D11,agency_margin_tau_0.02,S11,grasp_protocol,D11,0.7440476190476191,0.744047619047619,0.7398692721396358,0.7398692721396358,0.33780994695323113,0.6846877907812879,0.1399497287713467,0.07154680618807019,0.07154680618807019,0.011904761904761904,0.011904761904761904,8.669304336459874e-05,12500.0,168,168,cemhsey_forward_day_logo
cemhsey,cemhsey_forward_day_logo|D11,set_acsa_tau_0.05,S11,grasp_protocol,D11,0.7738095238095238,0.7738095238095238,0.7681874373711108,0.7681874373711108,0.3874877208536584,0.7989798611090583,0.23389224441013137,0.06485381785513226,0.06485381785513226,0.041666666666666664,0.041666666666666664,0.0011674615106649988,12500.0,168,168,cemhsey_forward_day_logo
cemhsey,cemhsey_forward_day_logo|D11,agency_margin_tau_0.05,S11,grasp_protocol,D11,0.7738095238095238,0.7738095238095238,0.7681874373711108,0.7681874373711108,0.32382936743158935,0.6579476156345884,0.14636719257374234,0.06463443368297149,0.06463443368297149,0.041666666666666664,0.041666666666666664,0.0011674615106649988,12500.0,168,168,cemhsey_forward_day_logo
cemhsey,cemhsey_forward_day_logo|D11,set_acsa_tau_0.10,S11,grasp_protocol,D11,0.7976190476190477,0.7976190476190477,0.7921434700006128,0.7921434700006128,0.3767828483403572,0.7776094749122697,0.25243492517442584,0.05748898225635692,0.05748898225635692,0.06547619047619048,0.06547619047619048,0.0028022220012827747,12500.0,168,168,cemhsey_forward_day_logo
cemhsey,cemhsey_forward_day_logo|D11,agency_margin_tau_0.10,S11,grasp_protocol,D11,0.8095238095238095,0.8095238095238095,0.8047578397578398,0.8047578397578398,0.3100636476479874,0.629962627305753,0.1605047259418692,0.05641086787809374,0.05641086787809374,0.07738095238095238,0.07738095238095238,0.003948272344674892,12500.0,168,168,cemhsey_forward_day_logo
cemhsey,cemhsey_forward_day_logo|D11,set_acsa_tau_0.15,S11,grasp_protocol,D11,0.8154761904761905,0.8154761904761905,0.8087853110061322,0.8087853110061322,0.36227957774003317,0.7415187703723747,0.25650323437171557,0.05410589162141984,0.05410589162141984,0.10714285714285714,0.10714285714285714,0.008194011866535757,12500.0,168,168,cemhsey_forward_day_logo
cemhsey,cemhsey_forward_day_logo|D11,agency_margin_tau_0.15,S11,grasp_protocol,D11,0.8214285714285714,0.8214285714285714,0.8154294570366375,0.8154294570366375,0.31162696125864137,0.7743013520793388,0.17510306398246242,0.05351101352254426,0.05351101352254426,0.1130952380952381,0.1130952380952381,0.008746441709319493,12500.0,168,168,cemhsey_forward_day_logo
cemhsey,cemhsey_forward_day_logo|D11,set_acsa_tau_0.20,S11,grasp_protocol,D11,0.8333333333333334,0.8333333333333333,0.8270495890663957,0.8270495890663957,0.3497539156873281,0.712001644731837,0.26793269647574236,0.05136186707408077,0.05136186707408077,0.14285714285714285,0.14285714285714285,0.014236917390287162,12500.0,168,168,cemhsey_forward_day_logo
cemhsey,cemhsey_forward_day_logo|D11,agency_margin_tau_0.20,S11,grasp_protocol,D11,0.8333333333333334,0.8333333333333333,0.8270495890663957,0.8270495890663957,0.3142269051240349,0.773385871829966,0.2010045385477871,0.05136186707408077,0.05136186707408077,0.14285714285714285,0.14285714285714285,0.014236917390287162,12500.0,168,168,cemhsey_forward_day_logo
cemhsey,cemhsey_forward_day_logo|D11,user_only,S12,grasp_protocol,D11,0.7202380952380952,0.7202380952380951,0.7318233233099188,0.7318233233099188,0.44419624761166954,0.9434394469252809,0.23041034539037472,0.07749091757492413,0.07749091757492413,0.0,0.0,0.0,12500.0,168,168,cemhsey_forward_day_logo
cemhsey,cemhsey_forward_day_logo|D11,assist_only,S12,grasp_protocol,D11,0.8869047619047619,0.886904761904762,0.8883297158763445,0.8883297158763445,0.38643161933672976,0.7725624225861745,0.40215190040704574,0.0294359313623098,0.0294359313623098,0.27976190476190477,0.27976190476190477,0.04688498704669868,12500.0,168,168,cemhsey_forward_day_logo
cemhsey,cemhsey_forward_day_logo|D11,confidence_blend_alpha_0.25,S12,grasp_protocol,D11,0.7976190476190477,0.7976190476190476,0.8023970662742498,0.8023970662742498,0.4164077851258113,0.8557959332183483,0.31718265792924,0.0563930577306644,0.0563930577306644,0.08333333333333333,0.08333333333333333,0.006090967760541955,12500.0,168,168,cemhsey_forward_day_logo
cemhsey,cemhsey_forward_day_logo|D11,confidence_blend_alpha_0.50,S12,grasp_protocol,D11,0.8869047619047619,0.8869047619047619,0.887788758331801,0.887788758331801,0.3975175262513915,0.8103456280405409,0.40882883090127475,0.0363314725756305,0.0363314725756305,0.20238095238095238,0.20238095238095238,0.02860035551695126,12500.0,168,168,cemhsey_forward_day_logo
cemhsey,cemhsey_forward_day_logo|D11,confidence_blend_alpha_0.75,S12,grasp_protocol,D11,0.8988095238095238,0.8988095238095238,0.8997341922902157,0.8997341922902157,0.3875254709883644,0.7847931281547951,0.41883814581892864,0.02643980215431154,0.02643980215431154,0.23214285714285715,0.23214285714285715,0.035926762338772886,12500.0,168,168,cemhsey_forward_day_logo
cemhsey,cemhsey_forward_day_logo|D11,selective_prediction,S12,grasp_protocol,D11,0.7341269841269841,0.7341269841269842,0.745309068503084,0.745309068503084,0.4341549491672562,0.9229037429393097,0.2312259323827424,0.07155648393053685,0.07155648393053685,0.013888888888888888,0.013888888888888888,0.0014504721864200493,12500.0,504,504,cemhsey_forward_day_logo
cemhsey,cemhsey_forward_day_logo|D11,set_acsa_tau_0.02,S12,grasp_protocol,D11,0.7380952380952381,0.7380952380952381,0.750668842949892,0.750668842949892,0.41423864155168966,0.8837445690457599,0.26618323099838676,0.0613479398919032,0.0613479398919032,0.017857142857142856,0.017857142857142856,0.0002276368320993378,12500.0,168,168,cemhsey_forward_day_logo
cemhsey,cemhsey_forward_day_logo|D11,agency_margin_tau_0.02,S12,grasp_protocol,D11,0.7380952380952381,0.7380952380952381,0.750668842949892,0.750668842949892,0.3948386478513747,1.4044965641778628,0.2255816562895038,0.0613479398919032,0.0613479398919032,0.017857142857142856,0.017857142857142856,0.0002276368320993378,12500.0,168,168,cemhsey_forward_day_logo
cemhsey,cemhsey_forward_day_logo|D11,set_acsa_tau_0.05,S12,grasp_protocol,D11,0.7440476190476191,0.744047619047619,0.7566725909749167,0.7566725909749167,0.41104025107296005,0.8762211634551329,0.2663942723076792,0.059238703113069426,0.059238703113069426,0.03571428571428571,0.03571428571428571,0.0009914369365075545,12500.0,168,168,cemhsey_forward_day_logo
cemhsey,cemhsey_forward_day_logo|D11,agency_margin_tau_0.05,S12,grasp_protocol,D11,0.7440476190476191,0.744047619047619,0.7564606446185395,0.7564606446185395,0.3990042686919828,1.5534491864871836,0.2283560972912691,0.059238703113069426,0.059238703113069426,0.041666666666666664,0.041666666666666664,0.0012736976855294044,12500.0,168,168,cemhsey_forward_day_logo
cemhsey,cemhsey_forward_day_logo|D11,set_acsa_tau_0.10,S12,grasp_protocol,D11,0.7678571428571429,0.7678571428571427,0.777263489286484,0.777263489286484,0.39906852155552447,0.8485856457511092,0.2641760792202418,0.054202981530363924,0.054202981530363924,0.07142857142857142,0.07142857142857142,0.0035421649007689312,12500.0,168,168,cemhsey_forward_day_logo
cemhsey,cemhsey_forward_day_logo|D11,agency_margin_tau_0.10,S12,grasp_protocol,D11,0.7678571428571429,0.7678571428571427,0.7762361329368905,0.7762361329368905,0.3920091370535226,1.6920176507552465,0.20652937642469235,0.054202981530363924,0.054202981530363924,0.08333333333333333,0.08333333333333333,0.004237396723951285,12500.0,168,168,cemhsey_forward_day_logo
cemhsey,cemhsey_forward_day_logo|D11,set_acsa_tau_0.15,S12,grasp_protocol,D11,0.7976190476190477,0.7976190476190476,0.8036837495394277,0.8036837495394277,0.3854704070620058,0.8169992429199288,0.28025269243419393,0.04842814784771047,0.04842814784771047,0.10119047619047619,0.10119047619047619,0.007261068559919396,12500.0,168,168,cemhsey_forward_day_logo
cemhsey,cemhsey_forward_day_logo|D11,agency_margin_tau_0.15,S12,grasp_protocol,D11,0.7976190476190477,0.7976190476190476,0.8036837495394277,0.8036837495394277,0.3737328831922693,1.3689927938130473,0.2273923844380466,0.04842814784771047,0.04842814784771047,0.10119047619047619,0.10119047619047619,0.007261068559919396,12500.0,168,168,cemhsey_forward_day_logo
cemhsey,cemhsey_forward_day_logo|D11,set_acsa_tau_0.20,S12,grasp_protocol,D11,0.8452380952380952,0.8452380952380951,0.8468143947444446,0.8468143947444446,0.35665835718274086,0.7530225795031695,0.2983525375529256,0.03861371528223904,0.03861371528223904,0.1488095238095238,0.1488095238095238,0.015508607729222643,12500.0,168,168,cemhsey_forward_day_logo
cemhsey,cemhsey_forward_day_logo|D11,agency_margin_tau_0.20,S12,grasp_protocol,D11,0.8452380952380952,0.8452380952380951,0.8468143947444446,0.8468143947444446,0.3336199368907445,0.9913858509880841,0.24373297391811805,0.03861371528223904,0.03861371528223904,0.1488095238095238,0.1488095238095238,0.015508607729222643,12500.0,168,168,cemhsey_forward_day_logo
cemhsey,cemhsey_forward_day_logo|D11,user_only,S13,grasp_protocol,D11,0.7142857142857143,0.7142857142857143,0.714183881713356,0.714183881713356,0.4169213494908986,0.8761448400493799,0.2018257058265458,0.08542949389762919,0.08542949389762919,0.0,0.0,0.0,12500.0,168,168,cemhsey_forward_day_logo
cemhsey,cemhsey_forward_day_logo|D11,assist_only,S13,grasp_protocol,D11,0.8928571428571429,0.8928571428571429,0.893093398319351,0.893093398319351,0.32442644512530733,0.6766966927152366,0.3606298116652295,0.021342264839898033,0.021342264839898033,0.30952380952380953,0.30952380952380953,0.047443365364861,12500.0,168,168,cemhsey_forward_day_logo
cemhsey,cemhsey_forward_day_logo|D11,confidence_blend_alpha_0.25,S13,grasp_protocol,D11,0.8452380952380952,0.8452380952380952,0.8435238352483677,0.8435238352483677,0.3751005836605408,0.7781194419859878,0.3398362176683179,0.04880900467675258,0.04880900467675258,0.16071428571428573,0.16071428571428573,0.010542079675613244,12500.0,168,168,cemhsey_forward_day_logo
cemhsey,cemhsey_forward_day_logo|D11,confidence_blend_alpha_0.50,S13,grasp_protocol,D11,0.9404761904761905,0.9404761904761906,0.9398535855908813,0.9398535855908813,0.3457445109894993,0.724248131374077,0.42945569408311635,0.0204709624410999,0.0204709624410999,0.25595238095238093,0.25595238095238093,0.02843725133978393,12500.0,168,168,cemhsey_forward_day_logo
cemhsey,cemhsey_forward_day_logo|D11,confidence_blend_alpha_0.75,S13,grasp_protocol,D11,0.9404761904761905,0.9404761904761905,0.9404212167770686,0.9404212167770686,0.3288531314777548,0.6924966982829261,0.4190403627870348,0.014446973520963947,0.014446973520963947,0.2619047619047619,0.2619047619047619,0.029422635783596326,12500.0,168,168,cemhsey_forward_day_logo
cemhsey,cemhsey_forward_day_logo|D11,selective_prediction,S13,grasp_protocol,D11,0.748015873015873,0.7480158730158731,0.7473255602621975,0.7473255602621975,0.38128557485443804,0.8097943534936297,0.21254351148168668,0.06483330208532691,0.06483330208532691,0.03373015873015873,0.03373015873015873,0.005180515078767308,12500.0,504,504,cemhsey_forward_day_logo
cemhsey,cemhsey_forward_day_logo|D11,set_acsa_tau_0.02,S13,grasp_protocol,D11,0.7321428571428571,0.7321428571428571,0.7292726839265075,0.7292726839265075,0.36075878216028134,0.7719518615263657,0.24062414149876196,0.05411669374609125,0.05411669374609125,0.041666666666666664,0.041666666666666664,0.0004012947335688156,12500.0,168,168,cemhsey_forward_day_logo
cemhsey,cemhsey_forward_day_logo|D11,agency_margin_tau_0.02,S13,grasp_protocol,D11,0.7321428571428571,0.7321428571428571,0.7292726839265075,0.7292726839265075,0.32632914181694256,0.9611913412687297,0.19254333404064733,0.05411669374609125,0.05411669374609125,0.041666666666666664,0.041666666666666664,0.0004012947335688156,12500.0,168,168,cemhsey_forward_day_logo
cemhsey,cemhsey_forward_day_logo|D11,set_acsa_tau_0.05,S13,grasp_protocol,D11,0.7619047619047619,0.7619047619047619,0.7608784040175482,0.7608784040175482,0.3496939564561849,0.7538718993812826,0.2439385259195739,0.04521383866198088,0.04521383866198088,0.07142857142857142,0.07142857142857142,0.0014584575468016574,12500.0,168,168,cemhsey_forward_day_logo
cemhsey,cemhsey_forward_day_logo|D11,agency_margin_tau_0.05,S13,grasp_protocol,D11,0.7678571428571429,0.7678571428571429,0.7673861531750253,0.7673861531750253,0.30989255702287966,0.9377537266920009,0.1799566794862029,0.0445006575790769,0.0445006575790769,0.08333333333333333,0.08333333333333333,0.0017689008354057774,12500.0,168,168,cemhsey_forward_day_logo
cemhsey,cemhsey_forward_day_logo|D11,set_acsa_tau_0.10,S13,grasp_protocol,D11,0.8214285714285714,0.8214285714285714,0.8199401609969854,0.8199401609969854,0.32009368947008654,0.694952852117186,0.2640718463347418,0.030918339518759642,0.030918339518759642,0.13690476190476192,0.13690476190476192,0.006485706421163119,12500.0,168,168,cemhsey_forward_day_logo
cemhsey,cemhsey_forward_day_logo|D11,agency_margin_tau_0.10,S13,grasp_protocol,D11,0.8214285714285714,0.8214285714285714,0.8199401609969854,0.8199401609969854,0.2804188351733102,0.592935338712377,0.20497204220213303,0.030918339518759642,0.030918339518759642,0.13690476190476192,0.13690476190476192,0.006485706421163119,12500.0,168,168,cemhsey_forward_day_logo
cemhsey,cemhsey_forward_day_logo|D11,set_acsa_tau_0.15,S13,grasp_protocol,D11,0.8452380952380952,0.8452380952380952,0.843894230091473,0.843894230091473,0.30466639094784365,0.6597296235074339,0.2684702073440741,0.026534832020899103,0.026534832020899103,0.16071428571428573,0.16071428571428573,0.009314299671268931,12500.0,168,168,cemhsey_forward_day_logo
cemhsey,cemhsey_forward_day_logo|D11,agency_margin_tau_0.15,S13,grasp_protocol,D11,0.8452380952380952,0.8452380952380952,0.843894230091473,0.843894230091473,0.26592080147256153,0.5630539595652279,0.21219816663049265,0.026534832020899103,0.026534832020899103,0.16071428571428573,0.16071428571428573,0.009314299671268931,12500.0,168,168,cemhsey_forward_day_logo
cemhsey,cemhsey_forward_day_logo|D11,set_acsa_tau_0.20,S13,grasp_protocol,D11,0.8809523809523809,0.8809523809523808,0.8810063522500837,0.8810063522500837,0.28168950865762915,0.6133040148206825,0.27712883871002325,0.021359725885743367,0.021359725885743367,0.20238095238095238,0.20238095238095238,0.01667885375146309,12500.0,168,168,cemhsey_forward_day_logo
cemhsey,cemhsey_forward_day_logo|D11,agency_margin_tau_0.20,S13,grasp_protocol,D11,0.8809523809523809,0.8809523809523808,0.8810063522500837,0.8810063522500837,0.2523782799024688,0.5355929106344306,0.2290510189186361,0.021359725885743367,0.021359725885743367,0.20238095238095238,0.20238095238095238,0.01667885375146309,12500.0,168,168,cemhsey_forward_day_logo
cemhsey,cemhsey_forward_day_logo|D02,plain_conf_threshold_matched_tau_0.02,S1,grasp_protocol,D02,0.4880952380952381,0.48809523809523814,0.4600802682940238,0.4600802682940238,0.651296793580679,1.293413350945561,0.11154654992900849,0.39371148711827914,0.39371148711827914,0.0,0.0,0.0,12500.0,168,168,cemhsey_forward_day_logo
cemhsey,cemhsey_forward_day_logo|D02,plain_conf_threshold_matched_tau_0.02,S10,grasp_protocol,D02,0.2976190476190476,0.2976190476190476,0.26415121763482424,0.26415121763482424,0.816298834932142,1.8163896435031137,0.15803628307400996,0.5430565540638623,0.5430565540638623,0.0,0.0,0.0,12500.0,168,168,cemhsey_forward_day_logo
cemhsey,cemhsey_forward_day_logo|D02,plain_conf_threshold_matched_tau_0.02,S2,grasp_protocol,D02,0.625,0.625,0.6062514460126833,0.6062514460126833,0.5889383185296736,1.1956928918483218,0.23278304485727935,0.25456649392486724,0.25456649392486724,0.0,0.0,0.0,12500.0,168,168,cemhsey_forward_day_logo
cemhsey,cemhsey_forward_day_logo|D02,plain_conf_threshold_matched_tau_0.02,S3,grasp_protocol,D02,0.44047619047619047,0.4404761904761904,0.4146870729344956,0.4146870729344956,0.6653077454093415,1.3476147665421148,0.07673670114486453,0.42272524173827125,0.42272524173827125,0.0,0.0,0.0,12500.0,168,168,cemhsey_forward_day_logo
cemhsey,cemhsey_forward_day_logo|D02,plain_conf_threshold_matched_tau_0.02,S4,grasp_protocol,D02,0.27976190476190477,0.27976190476190477,0.2739742984231396,0.2739742984231396,0.7326185514300667,1.4468123206761878,0.15958488995888143,0.5940338163570261,0.5940338163570261,0.011904761904761904,0.011904761904761904,0.0020297405046062022,12500.0,168,168,cemhsey_forward_day_logo
cemhsey,cemhsey_forward_day_logo|D02,plain_conf_threshold_matched_tau_0.02,S5,grasp_protocol,D02,0.5654761904761905,0.5654761904761905,0.5402572202772841,0.5402572202772841,0.6318772744184998,1.3010636690907602,0.22954750074432514,0.29577639124554667,0.29577639124554667,0.0,0.0,0.0,12500.0,168,168,cemhsey_forward_day_logo
cemhsey,cemhsey_forward_day_logo|D02,plain_conf_threshold_matched_tau_0.02,S6,grasp_protocol,D02,0.4226190476190476,0.42261904761904756,0.4020433760113216,0.4020433760113216,0.6958392284727688,1.4161787088816777,0.11181060590618137,0.46432866376898874,0.46432866376898874,0.0,0.0,0.0,12500.0,168,168,cemhsey_forward_day_logo
cemhsey,cemhsey_forward_day_logo|D02,plain_conf_threshold_matched_tau_0.02,S7,grasp_protocol,D02,0.4226190476190476,0.4226190476190476,0.38736358254303366,0.38736358254303366,0.7502199927208674,1.6320366355249771,0.16186816527455278,0.3451158923781072,0.3451158923781072,0.0,0.0,0.0,12500.0,168,168,cemhsey_forward_day_logo
cemhsey,cemhsey_forward_day_logo|D02,plain_conf_threshold_matched_tau_0.02,S8,grasp_protocol,D02,0.2261904761904762,0.2261904761904762,0.19550307410725606,0.19550307410725606,0.8197254439218007,1.740149793234128,0.1005886583982383,0.7546323560762475,0.7546323560762475,0.0,0.0,0.0,12500.0,168,168,cemhsey_forward_day_logo
cemhsey,cemhsey_forward_day_logo|D02,plain_conf_threshold_matched_tau_0.02,S9,grasp_protocol,D02,0.27976190476190477,0.2797619047619048,0.25377022384092296,0.25377022384092296,0.7912146248134876,1.697305295188214,0.07627214002403103,0.6279453954475769,0.6279453954475769,0.0,0.0,0.0,12500.0,168,168,cemhsey_forward_day_logo
cemhsey,cemhsey_forward_day_logo|D02,plain_conf_threshold_matched_tau_0.02,S11,grasp_protocol,D02,0.5059523809523809,0.5059523809523809,0.4705477009325832,0.4705477009325832,0.6655684444962986,1.4006930223289462,0.12605233976454636,0.3242278930066577,0.3242278930066577,0.0,0.0,0.0,12500.0,168,168,cemhsey_forward_day_logo
cemhsey,cemhsey_forward_day_logo|D02,plain_conf_threshold_matched_tau_0.02,S12,grasp_protocol,D02,0.39285714285714285,0.39285714285714285,0.3985621800662451,0.3985621800662451,0.7311679596152367,1.4559881863595496,0.11211588956629365,0.611721732400933,0.611721732400933,0.0,0.0,0.0,12500.0,168,168,cemhsey_forward_day_logo
cemhsey,cemhsey_forward_day_logo|D02,plain_conf_threshold_matched_tau_0.02,S13,grasp_protocol,D02,0.49404761904761907,0.494047619047619,0.480210131102626,0.480210131102626,0.6519582559535456,1.378535070871969,0.12778376898132957,0.3352663481089393,0.3352663481089393,0.0,0.0,0.0,12500.0,168,168,cemhsey_forward_day_logo
cemhsey,cemhsey_forward_day_logo|D03,plain_conf_threshold_matched_tau_0.02,S1,grasp_protocol,D03,0.6547619047619048,0.6547619047619048,0.6265515217944885,0.6265515217944885,0.5137218242807566,1.0436949863969904,0.21164523566317792,0.14338291803759995,0.14338291803759995,0.0,0.0,0.0,12500.0,168,168,cemhsey_forward_day_logo
cemhsey,cemhsey_forward_day_logo|D03,plain_conf_threshold_matched_tau_0.02,S10,grasp_protocol,D03,0.3630952380952381,0.3630952380952381,0.31731887660721114,0.31731887660721114,0.7868845050925648,1.7133944422370946,0.06994661412429505,0.6246403785583567,0.6246403785583567,0.0,0.0,0.0,12500.0,168,168,cemhsey_forward_day_logo
cemhsey,cemhsey_forward_day_logo|D03,plain_conf_threshold_matched_tau_0.02,S2,grasp_protocol,D03,0.7142857142857143,0.7142857142857143,0.7092129920924106,0.7092129920924106,0.4778788567702654,0.9804162139788977,0.2668823242722114,0.09636399287261296,0.09636399287261296,0.0,0.0,0.0,12500.0,168,168,cemhsey_forward_day_logo
cemhsey,cemhsey_forward_day_logo|D03,plain_conf_threshold_matched_tau_0.02,S3,grasp_protocol,D03,0.5535714285714286,0.5535714285714286,0.5507456197556628,0.5507456197556628,0.5865484118238816,1.1451698611205405,0.14829555022166285,0.28907016929020446,0.28907016929020446,0.0,0.0,0.0,12500.0,168,168,cemhsey_forward_day_logo
cemhsey,cemhsey_forward_day_logo|D03,plain_conf_threshold_matched_tau_0.02,S4,grasp_protocol,D03,0.48214285714285715,0.4821428571428571,0.48167181646555557,0.48167181646555557,0.6562696588601459,1.290821220261066,0.1282105170858067,0.41638666413724873,0.41638666413724873,0.0,0.0,0.0,12500.0,168,168,cemhsey_forward_day_logo
cemhsey,cemhsey_forward_day_logo|D03,plain_conf_threshold_matched_tau_0.02,S5,grasp_protocol,D03,0.5773809523809523,0.5773809523809524,0.5710061150769994,0.5710061150769994,0.584736278538202,1.1798105442010491,0.18562919884227358,0.26458249465188494,0.26458249465188494,0.0,0.0,0.0,12500.0,168,168,cemhsey_forward_day_logo
cemhsey,cemhsey_forward_day_logo|D03,plain_conf_threshold_matched_tau_0.02,S6,grasp_protocol,D03,0.4166666666666667,0.4166666666666667,0.41104946652838203,0.41104946652838203,0.6958833090999303,1.371633374525911,0.09234433245005486,0.5108425190167629,0.5108425190167629,0.011904761904761904,0.011904761904761904,0.0012982010547811778,12500.0,168,168,cemhsey_forward_day_logo
cemhsey,cemhsey_forward_day_logo|D03,plain_conf_threshold_matched_tau_0.02,S7,grasp_protocol,D03,0.42857142857142855,0.42857142857142855,0.36112033544639444,0.36112033544639444,0.7506859033721657,1.6613550183810764,0.17735300410976845,0.35855857033600363,0.35855857033600363,0.0,0.0,0.0,12500.0,168,168,cemhsey_forward_day_logo
cemhsey,cemhsey_forward_day_logo|D03,plain_conf_threshold_matched_tau_0.02,S8,grasp_protocol,D03,0.27380952380952384,0.2738095238095238,0.2639297210725782,0.2639297210725782,0.7752674660590664,1.5912823481617053,0.07395683167191086,0.6595579662470793,0.6595579662470793,0.0,0.0,0.0,12500.0,168,168,cemhsey_forward_day_logo
cemhsey,cemhsey_forward_day_logo|D03,plain_conf_threshold_matched_tau_0.02,S9,grasp_protocol,D03,0.3392857142857143,0.3392857142857143,0.32681405895691606,0.32681405895691606,0.7718066519120326,1.6426558573618903,0.046922198747724936,0.6131288126656591,0.6131288126656591,0.0,0.0,0.0,12500.0,168,168,cemhsey_forward_day_logo
cemhsey,cemhsey_forward_day_logo|D03,plain_conf_threshold_matched_tau_0.02,S11,grasp_protocol,D03,0.6726190476190477,0.6726190476190476,0.6532154897802264,0.6532154897802264,0.5239640677324411,1.0740210813654922,0.23659549449150563,0.1586518278862862,0.1586518278862862,0.0,0.0,0.0,12500.0,168,168,cemhsey_forward_day_logo
cemhsey,cemhsey_forward_day_logo|D03,plain_conf_threshold_matched_tau_0.02,S12,grasp_protocol,D03,0.5,0.5,0.490006446291729,0.490006446291729,0.6753025029359331,1.3829508271118742,0.18240106859227073,0.3495791445967805,0.3495791445967805,0.0,0.0,0.0,12500.0,168,168,cemhsey_forward_day_logo
cemhsey,cemhsey_forward_day_logo|D03,plain_conf_threshold_matched_tau_0.02,S13,grasp_protocol,D03,0.43452380952380953,0.4345238095238096,0.4059629121740923,0.4059629121740923,0.7002080603852415,1.4524431484154396,0.1148475037121015,0.3976443399580709,0.3976443399580709,0.0,0.0,0.0,12500.0,168,168,cemhsey_forward_day_logo
cemhsey,cemhsey_forward_day_logo|D04,plain_conf_threshold_matched_tau_0.02,S1,grasp_protocol,D04,0.7321428571428571,0.7321428571428573,0.734804687115428,0.734804687115428,0.39795763413957663,0.8334479345295879,0.1807475776512925,0.08249081443379007,0.08249081443379007,0.017857142857142856,0.017857142857142856,0.004688580807014276,12500.0,168,168,cemhsey_forward_day_logo
cemhsey,cemhsey_forward_day_logo|D04,plain_conf_threshold_matched_tau_0.02,S10,grasp_protocol,D04,0.5,0.5,0.5064840703103418,0.5064840703103418,0.6617443633798041,1.388456874161259,0.17591000396444076,0.2614993833140497,0.2614993833140497,0.0,0.0,0.0,12500.0,168,168,cemhsey_forward_day_logo
cemhsey,cemhsey_forward_day_logo|D04,plain_conf_threshold_matched_tau_0.02,S2,grasp_protocol,D04,0.7083333333333334,0.7083333333333333,0.6993663876961344,0.6993663876961344,0.4217376236440683,0.8852288788704156,0.2195547634195617,0.07911032322622875,0.07911032322622875,0.0,0.0,0.0,12500.0,168,168,cemhsey_forward_day_logo
cemhsey,cemhsey_forward_day_logo|D04,plain_conf_threshold_matched_tau_0.02,S3,grasp_protocol,D04,0.5714285714285714,0.5714285714285714,0.5514595179705536,0.5514595179705536,0.5885021252863959,1.182302950355645,0.16184661920113885,0.24024018778373776,0.24024018778373776,0.0,0.0,0.0,12500.0,168,168,cemhsey_forward_day_logo
cemhsey,cemhsey_forward_day_logo|D04,plain_conf_threshold_matched_tau_0.02,S4,grasp_protocol,D04,0.5773809523809523,0.5773809523809524,0.5551091060102689,0.5551091060102689,0.5750638790612853,1.1526101387668009,0.17953874347973428,0.2115547636654386,0.2115547636654386,0.005952380952380952,0.005952380952380952,0.0010097822065876217,12500.0,168,168,cemhsey_forward_day_logo
cemhsey,cemhsey_forward_day_logo|D04,plain_conf_threshold_matched_tau_0.02,S5,grasp_protocol,D04,0.6130952380952381,0.6130952380952381,0.6137442762285091,0.6137442762285091,0.5535716505117285,1.1346637454820776,0.1855302338190533,0.17929505129657872,0.17929505129657872,0.011904761904761904,0.011904761904761904,0.00045767004399799207,12500.0,168,168,cemhsey_forward_day_logo
cemhsey,cemhsey_forward_day_logo|D04,plain_conf_threshold_matched_tau_0.02,S6,grasp_protocol,D04,0.5654761904761905,0.5654761904761905,0.5601444322036011,0.5601444322036011,0.6129888538284339,1.2430404373913453,0.19999285987359988,0.2432793252528819,0.2432793252528819,0.0,0.0,0.0,12500.0,168,168,cemhsey_forward_day_logo
cemhsey,cemhsey_forward_day_logo|D04,plain_conf_threshold_matched_tau_0.02,S7,grasp_protocol,D04,0.44642857142857145,0.44642857142857145,0.41885486468235417,0.41885486468235417,0.7375734906362605,1.6036044824528548,0.15241535311739443,0.407631857609785,0.407631857609785,0.0,0.0,0.0,12500.0,168,168,cemhsey_forward_day_logo
cemhsey,cemhsey_forward_day_logo|D04,plain_conf_threshold_matched_tau_0.02,S8,grasp_protocol,D04,0.2857142857142857,0.2857142857142857,0.2453711751950268,0.2453711751950268,0.8065032106429681,1.7174622267781903,0.05897122572120246,0.6561878833358599,0.6561878833358599,0.005952380952380952,0.005952380952380952,0.0012908796384096767,12500.0,168,168,cemhsey_forward_day_logo
cemhsey,cemhsey_forward_day_logo|D04,plain_conf_threshold_matched_tau_0.02,S9,grasp_protocol,D04,0.4107142857142857,0.41071428571428575,0.39353593128891523,0.39353593128891523,0.7295905639852219,1.508126684463345,0.10428050013084829,0.5211861208706465,0.5211861208706465,0.0,0.0,0.0,12500.0,168,168,cemhsey_forward_day_logo
cemhsey,cemhsey_forward_day_logo|D04,plain_conf_threshold_matched_tau_0.02,S11,grasp_protocol,D04,0.5595238095238095,0.5595238095238095,0.5477277182889748,0.5477277182889748,0.585508867288331,1.214141306649275,0.13637104537668213,0.22402168627362387,0.22402168627362387,0.0,0.0,0.0,12500.0,168,168,cemhsey_forward_day_logo
cemhsey,cemhsey_forward_day_logo|D04,plain_conf_threshold_matched_tau_0.02,S12,grasp_protocol,D04,0.6369047619047619,0.6369047619047619,0.6400745484166558,0.6400745484166558,0.5536673364893452,1.1470714860213203,0.22377032395398935,0.14705691299341753,0.14705691299341753,0.005952380952380952,0.005952380952380952,0.0006417111171668435,12500.0,168,168,cemhsey_forward_day_logo
cemhsey,cemhsey_forward_day_logo|D04,plain_conf_threshold_matched_tau_0.02,S13,grasp_protocol,D04,0.7142857142857143,0.7142857142857143,0.7112975715045812,0.7112975715045812,0.5541408181032935,1.1429831024901493,0.3341284577020543,0.09923946243425458,0.09923946243425458,0.0,0.0,0.0,12500.0,168,168,cemhsey_forward_day_logo
cemhsey,cemhsey_forward_day_logo|D05,plain_conf_threshold_matched_tau_0.02,S1,grasp_protocol,D05,0.7083333333333334,0.7083333333333334,0.7053968253968254,0.7053968253968254,0.44964883157092683,0.8755198201617298,0.17400313816060795,0.14415504251900596,0.14415504251900596,0.02976190476190476,0.02976190476190476,0.003926714410926092,12500.0,168,168,cemhsey_forward_day_logo
cemhsey,cemhsey_forward_day_logo|D05,plain_conf_threshold_matched_tau_0.02,S10,grasp_protocol,D05,0.47619047619047616,0.47619047619047616,0.4435671184876964,0.4435671184876964,0.6634890588043829,1.366238303276184,0.12630349817188108,0.3767491145760696,0.3767491145760696,0.0,0.0,0.0,12500.0,168,168,cemhsey_forward_day_logo
cemhsey,cemhsey_forward_day_logo|D05,plain_conf_threshold_matched_tau_0.02,S2,grasp_protocol,D05,0.8273809523809523,0.8273809523809523,0.8284523159913315,0.8284523159913315,0.373136572070769,0.7924078965551443,0.29076985147859025,0.04310462926821379,0.04310462926821379,0.005952380952380952,0.005952380952380952,0.0005137530822787602,12500.0,168,168,cemhsey_forward_day_logo
cemhsey,cemhsey_forward_day_logo|D05,plain_conf_threshold_matched_tau_0.02,S3,grasp_protocol,D05,0.7023809523809523,0.7023809523809524,0.6891552056965591,0.6891552056965591,0.5239529861508291,1.0246991389086757,0.25194722250416446,0.19128943089075814,0.19128943089075814,0.0,0.0,0.0,12500.0,168,168,cemhsey_forward_day_logo
cemhsey,cemhsey_forward_day_logo|D05,plain_conf_threshold_matched_tau_0.02,S4,grasp_protocol,D05,0.5357142857142857,0.5357142857142857,0.5395722979573911,0.5395722979573911,0.5762045399449985,1.1232895616469982,0.12269630024507877,0.27512304090258805,0.27512304090258805,0.0,0.0,0.0,12500.0,168,168,cemhsey_forward_day_logo
cemhsey,cemhsey_forward_day_logo|D05,plain_conf_threshold_matched_tau_0.02,S5,grasp_protocol,D05,0.6964285714285714,0.6964285714285714,0.6838711089115928,0.6838711089115928,0.4642229767845517,0.9556311853528063,0.238978399994543,0.11332465386046019,0.11332465386046019,0.005952380952380952,0.005952380952380952,0.001456509047702611,12500.0,168,168,cemhsey_forward_day_logo
cemhsey,cemhsey_forward_day_logo|D05,plain_conf_threshold_matched_tau_0.02,S6,grasp_protocol,D05,0.6785714285714286,0.6785714285714286,0.6762357731441178,0.6762357731441178,0.512995675649979,1.036029479699356,0.25532063378613273,0.12696895701642602,0.12696895701642602,0.0,0.0,0.0,12500.0,168,168,cemhsey_forward_day_logo
cemhsey,cemhsey_forward_day_logo|D05,plain_conf_threshold_matched_tau_0.02,S7,grasp_protocol,D05,0.5416666666666666,0.5416666666666666,0.5503688921456028,0.5503688921456028,0.6776378510156741,1.4523585483522066,0.2341505868005371,0.21573783743542366,0.21573783743542366,0.0,0.0,0.0,12500.0,168,168,cemhsey_forward_day_logo
cemhsey,cemhsey_forward_day_logo|D05,plain_conf_threshold_matched_tau_0.02,S8,grasp_protocol,D05,0.30357142857142855,0.30357142857142855,0.25737585683730113,0.25737585683730113,0.7748598703219652,1.612625637759343,0.059606494355940905,0.6323661996707363,0.6323661996707363,0.005952380952380952,0.005952380952380952,0.0003060359807456523,12500.0,168,168,cemhsey_forward_day_logo
cemhsey,cemhsey_forward_day_logo|D05,plain_conf_threshold_matched_tau_0.02,S9,grasp_protocol,D05,0.3869047619047619,0.38690476190476186,0.3654364728360275,0.3654364728360275,0.6961222660441295,1.3942579506068618,0.0711312759235804,0.45616660102120915,0.45616660102120915,0.0,0.0,0.0,12500.0,168,168,cemhsey_forward_day_logo
cemhsey,cemhsey_forward_day_logo|D05,plain_conf_threshold_matched_tau_0.02,S11,grasp_protocol,D05,0.7202380952380952,0.7202380952380952,0.7179648942166408,0.7179648942166408,0.48552091350618776,1.0216549716767904,0.258395973716858,0.10058822643175412,0.10058822643175412,0.005952380952380952,0.005952380952380952,0.0012344777592304987,12500.0,168,168,cemhsey_forward_day_logo
cemhsey,cemhsey_forward_day_logo|D05,plain_conf_threshold_matched_tau_0.02,S12,grasp_protocol,D05,0.6785714285714286,0.6785714285714286,0.6771290620543928,0.6771290620543928,0.49598177609476596,1.0039653846530123,0.2423753073980075,0.13010091682605054,0.13010091682605054,0.005952380952380952,0.005952380952380952,0.00046014638541776425,12500.0,168,168,cemhsey_forward_day_logo
cemhsey,cemhsey_forward_day_logo|D05,plain_conf_threshold_matched_tau_0.02,S13,grasp_protocol,D05,0.6666666666666666,0.6666666666666666,0.6615054485744141,0.6615054485744141,0.5131334790453838,1.1095281461056867,0.2435929887191244,0.10685253498925325,0.10685253498925325,0.0,0.0,0.0,12500.0,168,168,cemhsey_forward_day_logo
cemhsey,cemhsey_forward_day_logo|D06,plain_conf_threshold_matched_tau_0.02,S1,grasp_protocol,D06,0.75,0.75,0.7526688591240498,0.7526688591240498,0.46218003590827716,0.969705246984077,0.27103150841393725,0.07340098756102417,0.07340098756102417,0.005952380952380952,0.005952380952380952,0.000388856555619087,12500.0,168,168,cemhsey_forward_day_logo
cemhsey,cemhsey_forward_day_logo|D06,plain_conf_threshold_matched_tau_0.02,S10,grasp_protocol,D06,0.5416666666666666,0.5416666666666667,0.5218845704634856,0.5218845704634856,0.6419783691559674,1.4772595101577375,0.15290035418404382,0.3339973021876276,0.3339973021876276,0.0,0.0,0.0,12500.0,168,168,cemhsey_forward_day_logo
cemhsey,cemhsey_forward_day_logo|D06,plain_conf_threshold_matched_tau_0.02,S2,grasp_protocol,D06,0.8095238095238095,0.8095238095238095,0.8066484751449903,0.8066484751449903,0.3253788351622354,0.6911175376255445,0.20940554602791087,0.04883945886407948,0.04883945886407948,0.005952380952380952,0.005952380952380952,0.000262833513237897,12500.0,168,168,cemhsey_forward_day_logo
cemhsey,cemhsey_forward_day_logo|D06,plain_conf_threshold_matched_tau_0.02,S3,grasp_protocol,D06,0.7678571428571429,0.7678571428571427,0.7649335814911045,0.7649335814911045,0.44499582815828953,0.913933514505087,0.27870560797895344,0.08487573849269364,0.08487573849269364,0.005952380952380952,0.005952380952380952,0.0019307747561362351,12500.0,168,168,cemhsey_forward_day_logo
cemhsey,cemhsey_forward_day_logo|D06,plain_conf_threshold_matched_tau_0.02,S4,grasp_protocol,D06,0.5595238095238095,0.5595238095238095,0.5483482503890668,0.5483482503890668,0.6038395263949444,1.2093132771923845,0.15358558886871274,0.26212453448669776,0.26212453448669776,0.0,0.0,0.0,12500.0,168,168,cemhsey_forward_day_logo
cemhsey,cemhsey_forward_day_logo|D06,plain_conf_threshold_matched_tau_0.02,S5,grasp_protocol,D06,0.6607142857142857,0.6607142857142857,0.6537463094351883,0.6537463094351883,0.47831206488596917,0.9547188815816432,0.17148668101183132,0.14031279933956894,0.14031279933956894,0.017857142857142856,0.017857142857142856,0.0012721235288896762,12500.0,168,168,cemhsey_forward_day_logo
cemhsey,cemhsey_forward_day_logo|D06,plain_conf_threshold_matched_tau_0.02,S6,grasp_protocol,D06,0.7261904761904762,0.7261904761904763,0.7246050046220891,0.7246050046220891,0.46180429129144007,0.9445257261439207,0.2463869794820244,0.11470512342545006,0.11470512342545006,0.0,0.0,0.0,12500.0,168,168,cemhsey_forward_day_logo
cemhsey,cemhsey_forward_day_logo|D06,plain_conf_threshold_matched_tau_0.02,S7,grasp_protocol,D06,0.49404761904761907,0.494047619047619,0.46527051368541106,0.46527051368541106,0.6836750291889182,1.462801823733837,0.1877857219776298,0.2700724274415851,0.2700724274415851,0.0,0.0,0.0,12500.0,168,168,cemhsey_forward_day_logo
cemhsey,cemhsey_forward_day_logo|D06,plain_conf_threshold_matched_tau_0.02,S8,grasp_protocol,D06,0.20238095238095238,0.20238095238095238,0.17607265891578366,0.17607265891578366,0.8407380194774037,1.7567312194267575,0.13810499066351514,0.80488297516539,0.80488297516539,0.0,0.0,0.0,12500.0,168,168,cemhsey_forward_day_logo
cemhsey,cemhsey_forward_day_logo|D06,plain_conf_threshold_matched_tau_0.02,S9,grasp_protocol,D06,0.3333333333333333,0.33333333333333337,0.3091622311812228,0.3091622311812228,0.7698182222997112,1.6054144464881979,0.10397106445772648,0.618113908197571,0.618113908197571,0.0,0.0,0.0,12500.0,168,168,cemhsey_forward_day_logo
cemhsey,cemhsey_forward_day_logo|D06,plain_conf_threshold_matched_tau_0.02,S11,grasp_protocol,D06,0.7202380952380952,0.7202380952380952,0.7027998833317982,0.7027998833317982,0.4071387543947286,0.8599553471160907,0.16663326891953495,0.09117640774617286,0.09117640774617286,0.017857142857142856,0.017857142857142856,0.002577903638250027,12500.0,168,168,cemhsey_forward_day_logo
cemhsey,cemhsey_forward_day_logo|D06,plain_conf_threshold_matched_tau_0.02,S12,grasp_protocol,D06,0.8095238095238095,0.8095238095238094,0.8072440892785437,0.8072440892785437,0.38747306695037953,0.8189780455025335,0.2976525923373817,0.04421134525700087,0.04421134525700087,0.017857142857142856,0.017857142857142856,0.0015791886438033707,12500.0,168,168,cemhsey_forward_day_logo
cemhsey,cemhsey_forward_day_logo|D06,plain_conf_threshold_matched_tau_0.02,S13,grasp_protocol,D06,0.7797619047619048,0.7797619047619049,0.7814983498213313,0.7814983498213313,0.4391524211079165,0.9148873575775137,0.29517989247820453,0.06575771068455932,0.06575771068455932,0.0,0.0,0.0,12500.0,168,168,cemhsey_forward_day_logo
cemhsey,cemhsey_forward_day_logo|D07,plain_conf_threshold_matched_tau_0.02,S1,grasp_protocol,D07,0.8511904761904762,0.8511904761904763,0.848310643997409,0.848310643997409,0.3601371073628734,0.7566278886110782,0.3063218550809435,0.039199457499097194,0.039199457499097194,0.0,0.0,0.0,12500.0,168,168,cemhsey_forward_day_logo
cemhsey,cemhsey_forward_day_logo|D07,plain_conf_threshold_matched_tau_0.02,S10,grasp_protocol,D07,0.5297619047619048,0.5297619047619048,0.5104745891023829,0.5104745891023829,0.5992192602049491,1.6688964156797654,0.14300328852503552,0.32993952789510245,0.32993952789510245,0.0,0.0,0.0,12500.0,168,168,cemhsey_forward_day_logo
cemhsey,cemhsey_forward_day_logo|D07,plain_conf_threshold_matched_tau_0.02,S2,grasp_protocol,D07,0.7916666666666666,0.7916666666666667,0.7963571575816475,0.7963571575816475,0.37276020088136963,0.787695649218267,0.25070431300602897,0.057347146425086905,0.057347146425086905,0.005952380952380952,0.005952380952380952,0.00015147295352167437,12500.0,168,168,cemhsey_forward_day_logo
cemhsey,cemhsey_forward_day_logo|D07,plain_conf_threshold_matched_tau_0.02,S3,grasp_protocol,D07,0.7023809523809523,0.7023809523809523,0.7021264918799659,0.7021264918799659,0.5537765542113344,1.1406870488016092,0.2879939496511177,0.15643563297632868,0.15643563297632868,0.0,0.0,0.0,12500.0,168,168,cemhsey_forward_day_logo
cemhsey,cemhsey_forward_day_logo|D07,plain_conf_threshold_matched_tau_0.02,S4,grasp_protocol,D07,0.6190476190476191,0.619047619047619,0.6178704528704528,0.6178704528704528,0.5573022457579756,1.0702924571947474,0.18969968250140298,0.2354432450832144,0.2354432450832144,0.0,0.0,0.0,12500.0,168,168,cemhsey_forward_day_logo
cemhsey,cemhsey_forward_day_logo|D07,plain_conf_threshold_matched_tau_0.02,S5,grasp_protocol,D07,0.7857142857142857,0.7857142857142857,0.766083739436211,0.766083739436211,0.4013736753814297,0.8504358246561197,0.27380313859741373,0.06899179515949491,0.06899179515949491,0.011904761904761904,0.011904761904761904,0.0015390744547276577,12500.0,168,168,cemhsey_forward_day_logo
cemhsey,cemhsey_forward_day_logo|D07,plain_conf_threshold_matched_tau_0.02,S6,grasp_protocol,D07,0.7440476190476191,0.744047619047619,0.7400340429000465,0.7400340429000465,0.4621025519255883,0.9292157233945686,0.2788001380510998,0.08269187821352092,0.08269187821352092,0.0,0.0,0.0,12500.0,168,168,cemhsey_forward_day_logo
cemhsey,cemhsey_forward_day_logo|D07,plain_conf_threshold_matched_tau_0.02,S7,grasp_protocol,D07,0.4880952380952381,0.4880952380952381,0.4429903066778792,0.4429903066778792,0.6710405867924528,1.4637335521372536,0.1754997825490356,0.27150239404684245,0.27150239404684245,0.0,0.0,0.0,12500.0,168,168,cemhsey_forward_day_logo
cemhsey,cemhsey_forward_day_logo|D07,plain_conf_threshold_matched_tau_0.02,S8,grasp_protocol,D07,0.23214285714285715,0.23214285714285715,0.19314683600397883,0.19314683600397883,0.8087789839223535,1.6391386785326372,0.14316264074497456,0.7399434005141781,0.7399434005141781,0.0,0.0,0.0,12500.0,168,168,cemhsey_forward_day_logo
cemhsey,cemhsey_forward_day_logo|D07,plain_conf_threshold_matched_tau_0.02,S9,grasp_protocol,D07,0.4226190476190476,0.4226190476190476,0.3946542586461045,0.3946542586461045,0.7316887251089432,1.5596233965875779,0.12488295967187409,0.4419353244885016,0.4419353244885016,0.0,0.0,0.0,12500.0,168,168,cemhsey_forward_day_logo
cemhsey,cemhsey_forward_day_logo|D07,plain_conf_threshold_matched_tau_0.02,S11,grasp_protocol,D07,0.7380952380952381,0.738095238095238,0.7263788682595195,0.7263788682595195,0.43559121003932605,0.899607804934948,0.2353405987864574,0.08504972008226053,0.08504972008226053,0.0,0.0,0.0,12500.0,168,168,cemhsey_forward_day_logo
cemhsey,cemhsey_forward_day_logo|D07,plain_conf_threshold_matched_tau_0.02,S12,grasp_protocol,D07,0.7261904761904762,0.7261904761904763,0.7222702569399854,0.7222702569399854,0.49791028966556283,1.0552345713505027,0.3110681234477868,0.07631966725233885,0.07631966725233885,0.0,0.0,0.0,12500.0,168,168,cemhsey_forward_day_logo
cemhsey,cemhsey_forward_day_logo|D07,plain_conf_threshold_matched_tau_0.02,S13,grasp_protocol,D07,0.7619047619047619,0.761904761904762,0.7614922659942485,0.7614922659942485,0.4562218750302494,0.9524366812125434,0.2961813595495736,0.07858961518840861,0.07858961518840861,0.0,0.0,0.0,12500.0,168,168,cemhsey_forward_day_logo
cemhsey,cemhsey_forward_day_logo|D08,plain_conf_threshold_matched_tau_0.02,S1,grasp_protocol,D08,0.75,0.75,0.7510337828070358,0.7510337828070358,0.3759890076490703,0.7884773142228356,0.2269873400520569,0.06234482536029439,0.06234482536029439,0.0,0.0,0.0,12500.0,168,168,cemhsey_forward_day_logo
cemhsey,cemhsey_forward_day_logo|D08,plain_conf_threshold_matched_tau_0.02,S10,grasp_protocol,D08,0.5773809523809523,0.5773809523809524,0.5686702777128309,0.5686702777128309,0.5664461698625551,1.1333951617355087,0.16526100834678256,0.2296280830908542,0.2296280830908542,0.0,0.0,0.0,12500.0,168,168,cemhsey_forward_day_logo
cemhsey,cemhsey_forward_day_logo|D08,plain_conf_threshold_matched_tau_0.02,S2,grasp_protocol,D08,0.7380952380952381,0.7380952380952381,0.7458925612084225,0.7458925612084225,0.34015410737461016,0.7174703609071506,0.16967294441155642,0.06141174614020843,0.06141174614020843,0.017857142857142856,0.017857142857142856,0.0011276237248077042,12500.0,168,168,cemhsey_forward_day_logo
cemhsey,cemhsey_forward_day_logo|D08,plain_conf_threshold_matched_tau_0.02,S3,grasp_protocol,D08,0.6726190476190477,0.6726190476190476,0.6647824481362612,0.6647824481362612,0.5542923628927935,1.098081880793689,0.27237395839723283,0.255805988091101,0.255805988091101,0.0,0.0,0.0,12500.0,168,168,cemhsey_forward_day_logo
cemhsey,cemhsey_forward_day_logo|D08,plain_conf_threshold_matched_tau_0.02,S4,grasp_protocol,D08,0.6309523809523809,0.630952380952381,0.6349329292433951,0.6349329292433951,0.5133977317771006,1.0280177012935239,0.17338320236822152,0.1553121143778476,0.1553121143778476,0.005952380952380952,0.005952380952380952,0.00017746637631198847,12500.0,168,168,cemhsey_forward_day_logo
cemhsey,cemhsey_forward_day_logo|D08,plain_conf_threshold_matched_tau_0.02,S5,grasp_protocol,D08,0.6547619047619048,0.6547619047619049,0.6487925473219592,0.6487925473219592,0.49321885289921014,0.970732168609789,0.19711743324829345,0.184095279958296,0.184095279958296,0.011904761904761904,0.011904761904761904,0.0026444768134851293,12500.0,168,168,cemhsey_forward_day_logo
cemhsey,cemhsey_forward_day_logo|D08,plain_conf_threshold_matched_tau_0.02,S6,grasp_protocol,D08,0.7321428571428571,0.7321428571428571,0.7315641993255315,0.7315641993255315,0.46983883921923836,0.9695496687071528,0.2895757131185882,0.08235932708597511,0.08235932708597511,0.0,0.0,0.0,12500.0,168,168,cemhsey_forward_day_logo
cemhsey,cemhsey_forward_day_logo|D08,plain_conf_threshold_matched_tau_0.02,S7,grasp_protocol,D08,0.6666666666666666,0.6666666666666667,0.6768654645527679,0.6768654645527679,0.5799693582136191,1.2264451121078512,0.3124748968916233,0.13107158624012374,0.13107158624012374,0.0,0.0,0.0,12500.0,168,168,cemhsey_forward_day_logo
cemhsey,cemhsey_forward_day_logo|D08,plain_conf_threshold_matched_tau_0.02,S8,grasp_protocol,D08,0.24404761904761904,0.24404761904761907,0.20217645745853519,0.20217645745853519,0.8198581931856351,1.6451819863214485,0.13417609424313248,0.8033845415337563,0.8033845415337563,0.0,0.0,0.0,12500.0,168,168,cemhsey_forward_day_logo
cemhsey,cemhsey_forward_day_logo|D08,plain_conf_threshold_matched_tau_0.02,S9,grasp_protocol,D08,0.3630952380952381,0.36309523809523814,0.3238413838858613,0.3238413838858613,0.7490493174981185,1.6043993546947415,0.05774920440148912,0.5107400859131339,0.5107400859131339,0.0,0.0,0.0,12500.0,168,168,cemhsey_forward_day_logo
cemhsey,cemhsey_forward_day_logo|D08,plain_conf_threshold_matched_tau_0.02,S11,grasp_protocol,D08,0.8095238095238095,0.8095238095238094,0.8044036063054002,0.8044036063054002,0.338881328150757,0.7410934602756624,0.23104026763958815,0.04119395993838135,0.04119395993838135,0.011904761904761904,0.011904761904761904,0.002282842173031722,12500.0,168,168,cemhsey_forward_day_logo
cemhsey,cemhsey_forward_day_logo|D08,plain_conf_threshold_matched_tau_0.02,S12,grasp_protocol,D08,0.6785714285714286,0.6785714285714286,0.6684756119559784,0.6684756119559784,0.4692393112455697,0.966583117638878,0.20238234981340628,0.14452280125053754,0.14452280125053754,0.0,0.0,0.0,12500.0,168,168,cemhsey_forward_day_logo
cemhsey,cemhsey_forward_day_logo|D08,plain_conf_threshold_matched_tau_0.02,S13,grasp_protocol,D08,0.7440476190476191,0.7440476190476192,0.7423304926366151,0.7423304926366151,0.4716246472334579,0.9504790655455617,0.27550753522165,0.11221324049817151,0.11221324049817151,0.0,0.0,0.0,12500.0,168,168,cemhsey_forward_day_logo
cemhsey,cemhsey_forward_day_logo|D09,plain_conf_threshold_matched_tau_0.02,S1,grasp_protocol,D09,0.8214285714285714,0.8214285714285714,0.81824630932136,0.81824630932136,0.3323203533396658,0.7103787370400153,0.2433913607106409,0.03636412424321782,0.03636412424321782,0.0,0.0,0.0,12500.0,168,168,cemhsey_forward_day_logo
cemhsey,cemhsey_forward_day_logo|D09,plain_conf_threshold_matched_tau_0.02,S10,grasp_protocol,D09,0.49404761904761907,0.494047619047619,0.45755348214774777,0.45755348214774777,0.659716786842465,1.3059956204463798,0.07395922955101263,0.3936934202403813,0.3936934202403813,0.0,0.0,0.0,12500.0,168,168,cemhsey_forward_day_logo
cemhsey,cemhsey_forward_day_logo|D09,plain_conf_threshold_matched_tau_0.02,S2,grasp_protocol,D09,0.8095238095238095,0.8095238095238095,0.8117783012468471,0.8117783012468471,0.3238256192156112,0.6739700506367838,0.22156080708571313,0.04700118122283327,0.04700118122283327,0.0,0.0,0.0,12500.0,168,168,cemhsey_forward_day_logo
cemhsey,cemhsey_forward_day_logo|D09,plain_conf_threshold_matched_tau_0.02,S3,grasp_protocol,D09,0.6369047619047619,0.6369047619047619,0.6074639277297084,0.6074639277297084,0.5173009291752624,1.049320127230271,0.17070848318328669,0.19301182703353462,0.19301182703353462,0.0,0.0,0.0,12500.0,168,168,cemhsey_forward_day_logo
cemhsey,cemhsey_forward_day_logo|D09,plain_conf_threshold_matched_tau_0.02,S4,grasp_protocol,D09,0.6607142857142857,0.6607142857142857,0.6550216323252637,0.6550216323252637,0.5190365338888147,1.0049625442362295,0.19826986952657888,0.17791310285982884,0.17791310285982884,0.0,0.0,0.0,12500.0,168,168,cemhsey_forward_day_logo
cemhsey,cemhsey_forward_day_logo|D09,plain_conf_threshold_matched_tau_0.02,S5,grasp_protocol,D09,0.6726190476190477,0.6726190476190476,0.6619205422589193,0.6619205422589193,0.4364371824282058,0.8924755601390266,0.19167591891376132,0.11257564800553739,0.11257564800553739,0.017857142857142856,0.017857142857142856,0.0019617264534313814,12500.0,168,168,cemhsey_forward_day_logo
cemhsey,cemhsey_forward_day_logo|D09,plain_conf_threshold_matched_tau_0.02,S6,grasp_protocol,D09,0.75,0.75,0.7508602647060866,0.7508602647060866,0.4101815999640859,0.8400358050722142,0.23544834519317862,0.08229755988183346,0.08229755988183346,0.0,0.0,0.0,12500.0,168,168,cemhsey_forward_day_logo
cemhsey,cemhsey_forward_day_logo|D09,plain_conf_threshold_matched_tau_0.02,S7,grasp_protocol,D09,0.5535714285714286,0.5535714285714286,0.5060564225690276,0.5060564225690276,0.6369118871841076,1.3618736223693704,0.21354210193665257,0.2099853529421088,0.2099853529421088,0.0,0.0,0.0,12500.0,168,168,cemhsey_forward_day_logo
cemhsey,cemhsey_forward_day_logo|D09,plain_conf_threshold_matched_tau_0.02,S8,grasp_protocol,D09,0.2261904761904762,0.2261904761904762,0.1532480174685329,0.1532480174685329,0.829959000648973,1.7302134998585816,0.12553449107262854,0.7856328719500625,0.7856328719500625,0.0,0.0,0.0,12500.0,168,168,cemhsey_forward_day_logo
cemhsey,cemhsey_forward_day_logo|D09,plain_conf_threshold_matched_tau_0.02,S9,grasp_protocol,D09,0.39285714285714285,0.3928571428571428,0.3602950601890157,0.3602950601890157,0.7166495689995277,1.4822059481035974,0.08456143561570384,0.44367550413198226,0.44367550413198226,0.0,0.0,0.0,12500.0,168,168,cemhsey_forward_day_logo
cemhsey,cemhsey_forward_day_logo|D09,plain_conf_threshold_matched_tau_0.02,S11,grasp_protocol,D09,0.7857142857142857,0.7857142857142858,0.7856346628836198,0.7856346628836198,0.37788720653681906,0.804597883593542,0.2517075873759047,0.04618017827280424,0.04618017827280424,0.011904761904761904,0.011904761904761904,0.0018833029097475148,12500.0,168,168,cemhsey_forward_day_logo
cemhsey,cemhsey_forward_day_logo|D09,plain_conf_threshold_matched_tau_0.02,S12,grasp_protocol,D09,0.6726190476190477,0.6726190476190477,0.6559341685392105,0.6559341685392105,0.44813184313418375,0.8918150298227678,0.14899862755919407,0.14769728445993202,0.14769728445993202,0.0,0.0,0.0,12500.0,168,168,cemhsey_forward_day_logo
cemhsey,cemhsey_forward_day_logo|D09,plain_conf_threshold_matched_tau_0.02,S13,grasp_protocol,D09,0.6666666666666666,0.6666666666666667,0.626434413668971,0.626434413668971,0.49043108468392455,1.0378409944542168,0.20020952286643637,0.11520309877267816,0.11520309877267816,0.0,0.0,0.0,12500.0,168,168,cemhsey_forward_day_logo
cemhsey,cemhsey_forward_day_logo|D10,plain_conf_threshold_matched_tau_0.02,S1,grasp_protocol,D10,0.8333333333333334,0.8333333333333333,0.8330122609972422,0.8330122609972422,0.31618881043046737,0.6907147020076123,0.2518409795158952,0.028665809895517782,0.028665809895517782,0.011904761904761904,0.011904761904761904,0.0013510461164242564,12500.0,168,168,cemhsey_forward_day_logo
cemhsey,cemhsey_forward_day_logo|D10,plain_conf_threshold_matched_tau_0.02,S10,grasp_protocol,D10,0.6666666666666666,0.6666666666666666,0.6673363566177237,0.6673363566177237,0.507727385104366,1.0453300923200306,0.21534253503970394,0.1231906567230302,0.1231906567230302,0.0,0.0,0.0,12500.0,168,168,cemhsey_forward_day_logo
cemhsey,cemhsey_forward_day_logo|D10,plain_conf_threshold_matched_tau_0.02,S2,grasp_protocol,D10,0.8035714285714286,0.8035714285714285,0.8074695818133203,0.8074695818133203,0.32850833081078024,0.7156216395182493,0.21979662354384,0.04233751357813992,0.04233751357813992,0.017857142857142856,0.017857142857142856,0.0005365128810629656,12500.0,168,168,cemhsey_forward_day_logo
cemhsey,cemhsey_forward_day_logo|D10,plain_conf_threshold_matched_tau_0.02,S3,grasp_protocol,D10,0.6190476190476191,0.619047619047619,0.6192354683972862,0.6192354683972862,0.527298019601247,1.0618939103125673,0.21207383724508078,0.15230362688487956,0.15230362688487956,0.0,0.0,0.0,12500.0,168,168,cemhsey_forward_day_logo
cemhsey,cemhsey_forward_day_logo|D10,plain_conf_threshold_matched_tau_0.02,S4,grasp_protocol,D10,0.5892857142857143,0.5892857142857143,0.5882237743582281,0.5882237743582281,0.5832087148829755,1.1694452966759552,0.2268694400027991,0.2202429768886058,0.2202429768886058,0.0,0.0,0.0,12500.0,168,168,cemhsey_forward_day_logo
cemhsey,cemhsey_forward_day_logo|D10,plain_conf_threshold_matched_tau_0.02,S5,grasp_protocol,D10,0.7083333333333334,0.7083333333333333,0.6930872137851543,0.6930872137851543,0.46799557271618586,0.9360033524859694,0.22486069619787785,0.12990249685449648,0.12990249685449648,0.005952380952380952,0.005952380952380952,0.0009248850527791961,12500.0,168,168,cemhsey_forward_day_logo
cemhsey,cemhsey_forward_day_logo|D10,plain_conf_threshold_matched_tau_0.02,S6,grasp_protocol,D10,0.7380952380952381,0.7380952380952381,0.7377425550006397,0.7377425550006397,0.4111728172418759,0.8460142783048945,0.2089002161465263,0.08717660782000584,0.08717660782000584,0.005952380952380952,0.005952380952380952,1.500242966196679e-05,12500.0,168,168,cemhsey_forward_day_logo
cemhsey,cemhsey_forward_day_logo|D10,plain_conf_threshold_matched_tau_0.02,S7,grasp_protocol,D10,0.6547619047619048,0.6547619047619048,0.6314256043370436,0.6314256043370436,0.5673861109181282,1.224738020882444,0.30361370849391206,0.11827347953850621,0.11827347953850621,0.0,0.0,0.0,12500.0,168,168,cemhsey_forward_day_logo
cemhsey,cemhsey_forward_day_logo|D10,plain_conf_threshold_matched_tau_0.02,S8,grasp_protocol,D10,0.21428571428571427,0.21428571428571427,0.1913098779259878,0.1913098779259878,0.8224426939871969,1.760613908582604,0.11318806256389614,0.7365801751328863,0.7365801751328863,0.0,0.0,0.0,12500.0,168,168,cemhsey_forward_day_logo
cemhsey,cemhsey_forward_day_logo|D10,plain_conf_threshold_matched_tau_0.02,S9,grasp_protocol,D10,0.30952380952380953,0.3095238095238095,0.31171069349654734,0.31171069349654734,0.7839212584428998,1.5993626850728364,0.1194139999050255,0.6753712442882998,0.6753712442882998,0.0,0.0,0.0,12500.0,168,168,cemhsey_forward_day_logo
cemhsey,cemhsey_forward_day_logo|D10,plain_conf_threshold_matched_tau_0.02,S11,grasp_protocol,D10,0.8095238095238095,0.8095238095238094,0.8086107863767439,0.8086107863767439,0.41606822548593786,0.8686421630127563,0.3343695345833216,0.050760482375819524,0.050760482375819524,0.017857142857142856,0.017857142857142856,0.0026549965637730063,12500.0,168,168,cemhsey_forward_day_logo
cemhsey,cemhsey_forward_day_logo|D10,plain_conf_threshold_matched_tau_0.02,S12,grasp_protocol,D10,0.6666666666666666,0.6666666666666666,0.6559172638789738,0.6559172638789738,0.48205321907696996,0.9554526733348606,0.16296236522110433,0.1622121238847902,0.1622121238847902,0.005952380952380952,0.005952380952380952,0.0009471130911305845,12500.0,168,168,cemhsey_forward_day_logo
cemhsey,cemhsey_forward_day_logo|D10,plain_conf_threshold_matched_tau_0.02,S13,grasp_protocol,D10,0.7619047619047619,0.761904761904762,0.7643360672146654,0.7643360672146654,0.3920043913479092,0.8485831655735283,0.2397871564438042,0.058553625023115285,0.058553625023115285,0.0,0.0,0.0,12500.0,168,168,cemhsey_forward_day_logo
cemhsey,cemhsey_forward_day_logo|D11,plain_conf_threshold_matched_tau_0.02,S1,grasp_protocol,D11,0.8869047619047619,0.886904761904762,0.8861576285168385,0.8861576285168385,0.2625459663896107,0.6017152565517944,0.2440489709234843,0.035689200448839865,0.035689200448839865,0.023809523809523808,0.023809523809523808,0.0037582469849592763,12500.0,168,168,cemhsey_forward_day_logo
cemhsey,cemhsey_forward_day_logo|D11,plain_conf_threshold_matched_tau_0.02,S10,grasp_protocol,D11,0.5892857142857143,0.5892857142857143,0.5902143586346581,0.5902143586346581,0.5270595556134025,1.046141320454136,0.1413275954859114,0.2175545312044981,0.2175545312044981,0.011904761904761904,0.011904761904761904,0.0014198570701104522,12500.0,168,168,cemhsey_forward_day_logo
cemhsey,cemhsey_forward_day_logo|D11,plain_conf_threshold_matched_tau_0.02,S2,grasp_protocol,D11,0.8273809523809523,0.8273809523809523,0.8246653856316106,0.8246653856316106,0.314318476665721,0.6865706832924859,0.2354425798503718,0.03701928658646486,0.03701928658646486,0.005952380952380952,0.005952380952380952,0.0010273254140012451,12500.0,168,168,cemhsey_forward_day_logo
cemhsey,cemhsey_forward_day_logo|D11,plain_conf_threshold_matched_tau_0.02,S3,grasp_protocol,D11,0.6130952380952381,0.613095238095238,0.6140835181786862,0.6140835181786862,0.5616732281719964,1.1139604434811627,0.19834242978632383,0.242160135297096,0.242160135297096,0.0,0.0,0.0,12500.0,168,168,cemhsey_forward_day_logo
cemhsey,cemhsey_forward_day_logo|D11,plain_conf_threshold_matched_tau_0.02,S4,grasp_protocol,D11,0.6964285714285714,0.6964285714285714,0.6966929244074617,0.6966929244074617,0.4713336627950154,0.9360128132143517,0.24553428488904472,0.12291732605017176,0.12291732605017176,0.0,0.0,0.0,12500.0,168,168,cemhsey_forward_day_logo
cemhsey,cemhsey_forward_day_logo|D11,plain_conf_threshold_matched_tau_0.02,S5,grasp_protocol,D11,0.7619047619047619,0.7619047619047619,0.7534904797768504,0.7534904797768504,0.4276195259002452,0.8705265414816525,0.24885060599218387,0.1030998532911184,0.1030998532911184,0.0,0.0,0.0,12500.0,168,168,cemhsey_forward_day_logo
cemhsey,cemhsey_forward_day_logo|D11,plain_conf_threshold_matched_tau_0.02,S6,grasp_protocol,D11,0.8452380952380952,0.8452380952380952,0.8430491456449501,0.8430491456449501,0.38190874868579444,0.7942564582040719,0.3375047707136164,0.03233769886613339,0.03233769886613339,0.0,0.0,0.0,12500.0,168,168,cemhsey_forward_day_logo
cemhsey,cemhsey_forward_day_logo|D11,plain_conf_threshold_matched_tau_0.02,S7,grasp_protocol,D11,0.5059523809523809,0.5059523809523809,0.4982558782096961,0.4982558782096961,0.692326641545572,1.4705406051154102,0.22680561189714035,0.24361129597270356,0.24361129597270356,0.0,0.0,0.0,12500.0,168,168,cemhsey_forward_day_logo
cemhsey,cemhsey_forward_day_logo|D11,plain_conf_threshold_matched_tau_0.02,S8,grasp_protocol,D11,0.35119047619047616,0.35119047619047616,0.30780438317384134,0.30780438317384134,0.7612658125264133,1.534002484941808,0.0888402616974296,0.6437070070471779,0.6437070070471779,0.005952380952380952,0.005952380952380952,0.0012355859560619232,12500.0,168,168,cemhsey_forward_day_logo
cemhsey,cemhsey_forward_day_logo|D11,plain_conf_threshold_matched_tau_0.02,S9,grasp_protocol,D11,0.36904761904761907,0.36904761904761907,0.34915396551277317,0.34915396551277317,0.7381308759976039,1.5202830766211004,0.10827316084241591,0.5707924314883522,0.5707924314883522,0.0,0.0,0.0,12500.0,168,168,cemhsey_forward_day_logo
cemhsey,cemhsey_forward_day_logo|D11,plain_conf_threshold_matched_tau_0.02,S11,grasp_protocol,D11,0.7440476190476191,0.744047619047619,0.739114825499552,0.739114825499552,0.4138936456153965,0.8503482501029576,0.22365407885409092,0.0825676942783696,0.0825676942783696,0.011904761904761904,0.011904761904761904,0.0018645155745847023,12500.0,168,168,cemhsey_forward_day_logo
cemhsey,cemhsey_forward_day_logo|D11,plain_conf_threshold_matched_tau_0.02,S12,grasp_protocol,D11,0.7321428571428571,0.7321428571428571,0.7443263482353041,0.7443263482353041,0.43608579648336,0.9286774422423304,0.2294339481455913,0.07287021687585389,0.07287021687585389,0.011904761904761904,0.011904761904761904,0.0005115664825479963,12500.0,168,168,cemhsey_forward_day_logo
cemhsey,cemhsey_forward_day_logo|D11,plain_conf_threshold_matched_tau_0.02,S13,grasp_protocol,D11,0.7202380952380952,0.7202380952380952,0.7192137187613745,0.7192137187613745,0.4087624926781963,0.8608704490206361,0.2034932052861327,0.08198245264540628,0.08198245264540628,0.005952380952380952,0.005952380952380952,0.0016010444747411052,12500.0,168,168,cemhsey_forward_day_logo
cemhsey,cemhsey_forward_day_logo|D02,plain_conf_threshold_matched_tau_0.05,S1,grasp_protocol,D02,0.4880952380952381,0.48809523809523814,0.4574817870410575,0.4574817870410575,0.6595682549662056,1.2980111554410707,0.11871165447175991,0.4354268106802217,0.4354268106802217,0.017857142857142856,0.017857142857142856,0.001643991854914246,12500.0,168,168,cemhsey_forward_day_logo
cemhsey,cemhsey_forward_day_logo|D02,plain_conf_threshold_matched_tau_0.05,S10,grasp_protocol,D02,0.2976190476190476,0.2976190476190476,0.26415121763482424,0.26415121763482424,0.816298834932142,1.8163896435031137,0.15803628307400996,0.5430565540638623,0.5430565540638623,0.0,0.0,0.0,12500.0,168,168,cemhsey_forward_day_logo
cemhsey,cemhsey_forward_day_logo|D02,plain_conf_threshold_matched_tau_0.05,S2,grasp_protocol,D02,0.625,0.625,0.6066646709243725,0.6066646709243725,0.5832424817330198,1.1820022860766566,0.22965185859202294,0.2397052974355997,0.2397052974355997,0.005952380952380952,0.005952380952380952,0.0005158612739509794,12500.0,168,168,cemhsey_forward_day_logo
cemhsey,cemhsey_forward_day_logo|D02,plain_conf_threshold_matched_tau_0.05,S3,grasp_protocol,D02,0.44047619047619047,0.4404761904761904,0.4146870729344956,0.4146870729344956,0.6670371632742896,1.3503397550399476,0.07598254950894347,0.42725315430189814,0.42725315430189814,0.0,0.0,0.0,12500.0,168,168,cemhsey_forward_day_logo
cemhsey,cemhsey_forward_day_logo|D02,plain_conf_threshold_matched_tau_0.05,S4,grasp_protocol,D02,0.27976190476190477,0.27976190476190477,0.2739742984231396,0.2739742984231396,0.7283496240876625,1.4366077179353616,0.158270618816128,0.5857430000304955,0.5857430000304955,0.011904761904761904,0.011904761904761904,0.0020297405046062022,12500.0,168,168,cemhsey_forward_day_logo
cemhsey,cemhsey_forward_day_logo|D02,plain_conf_threshold_matched_tau_0.05,S5,grasp_protocol,D02,0.5654761904761905,0.5654761904761905,0.5402572202772841,0.5402572202772841,0.6318772744184998,1.3010636690907602,0.22954750074432514,0.29577639124554667,0.29577639124554667,0.0,0.0,0.0,12500.0,168,168,cemhsey_forward_day_logo
cemhsey,cemhsey_forward_day_logo|D02,plain_conf_threshold_matched_tau_0.05,S6,grasp_protocol,D02,0.4226190476190476,0.42261904761904756,0.4020433760113216,0.4020433760113216,0.6905498125913483,1.4065454092350298,0.10679445365876283,0.4436585204804568,0.4436585204804568,0.0,0.0,0.0,12500.0,168,168,cemhsey_forward_day_logo
cemhsey,cemhsey_forward_day_logo|D02,plain_conf_threshold_matched_tau_0.05,S7,grasp_protocol,D02,0.4226190476190476,0.4226190476190476,0.38736358254303366,0.38736358254303366,0.7502199927208674,1.6320366355249771,0.16186816527455278,0.3451158923781072,0.3451158923781072,0.0,0.0,0.0,12500.0,168,168,cemhsey_forward_day_logo
cemhsey,cemhsey_forward_day_logo|D02,plain_conf_threshold_matched_tau_0.05,S8,grasp_protocol,D02,0.2261904761904762,0.2261904761904762,0.19550307410725606,0.19550307410725606,0.8197254439218007,1.740149793234128,0.1005886583982383,0.7546323560762475,0.7546323560762475,0.0,0.0,0.0,12500.0,168,168,cemhsey_forward_day_logo
cemhsey,cemhsey_forward_day_logo|D02,plain_conf_threshold_matched_tau_0.05,S9,grasp_protocol,D02,0.27976190476190477,0.2797619047619048,0.25377022384092296,0.25377022384092296,0.7912146248134876,1.697305295188214,0.07627214002403103,0.6279453954475769,0.6279453954475769,0.0,0.0,0.0,12500.0,168,168,cemhsey_forward_day_logo
cemhsey,cemhsey_forward_day_logo|D02,plain_conf_threshold_matched_tau_0.05,S11,grasp_protocol,D02,0.5059523809523809,0.5059523809523809,0.4705477009325832,0.4705477009325832,0.6655684444962986,1.4006930223289462,0.12605233976454636,0.3242278930066577,0.3242278930066577,0.0,0.0,0.0,12500.0,168,168,cemhsey_forward_day_logo
cemhsey,cemhsey_forward_day_logo|D02,plain_conf_threshold_matched_tau_0.05,S12,grasp_protocol,D02,0.39285714285714285,0.39285714285714285,0.3985621800662451,0.3985621800662451,0.7307244825755735,1.4529682191529876,0.11227066926163892,0.6087455419247425,0.6087455419247425,0.0,0.0,0.0,12500.0,168,168,cemhsey_forward_day_logo
cemhsey,cemhsey_forward_day_logo|D02,plain_conf_threshold_matched_tau_0.05,S13,grasp_protocol,D02,0.49404761904761907,0.494047619047619,0.480210131102626,0.480210131102626,0.6523617193808448,1.3792881950809415,0.12835026054331536,0.33645682429941554,0.33645682429941554,0.0,0.0,0.0,12500.0,168,168,cemhsey_forward_day_logo
cemhsey,cemhsey_forward_day_logo|D03,plain_conf_threshold_matched_tau_0.05,S1,grasp_protocol,D03,0.6607142857142857,0.6607142857142857,0.632048744508474,0.632048744508474,0.5080911618805167,1.0332541468445222,0.21426160417407375,0.13938711168111742,0.13938711168111742,0.005952380952380952,0.005952380952380952,0.00088987573887583,12500.0,168,168,cemhsey_forward_day_logo
cemhsey,cemhsey_forward_day_logo|D03,plain_conf_threshold_matched_tau_0.05,S10,grasp_protocol,D03,0.3630952380952381,0.3630952380952381,0.31731887660721114,0.31731887660721114,0.7868845050925648,1.7133944422370946,0.06994661412429505,0.6246403785583567,0.6246403785583567,0.0,0.0,0.0,12500.0,168,168,cemhsey_forward_day_logo
cemhsey,cemhsey_forward_day_logo|D03,plain_conf_threshold_matched_tau_0.05,S2,grasp_protocol,D03,0.7202380952380952,0.7202380952380951,0.7154615334516985,0.7154615334516985,0.4745672798213282,0.974818291184491,0.2711203483660785,0.09340088951127812,0.09340088951127812,0.005952380952380952,0.005952380952380952,0.00048027961767074687,12500.0,168,168,cemhsey_forward_day_logo
cemhsey,cemhsey_forward_day_logo|D03,plain_conf_threshold_matched_tau_0.05,S3,grasp_protocol,D03,0.5535714285714286,0.5535714285714286,0.5507456197556628,0.5507456197556628,0.5865484118238816,1.1451698611205405,0.14829555022166285,0.28907016929020446,0.28907016929020446,0.0,0.0,0.0,12500.0,168,168,cemhsey_forward_day_logo
cemhsey,cemhsey_forward_day_logo|D03,plain_conf_threshold_matched_tau_0.05,S4,grasp_protocol,D03,0.48214285714285715,0.4821428571428571,0.48167181646555557,0.48167181646555557,0.6562696588601459,1.290821220261066,0.1282105170858067,0.41638666413724873,0.41638666413724873,0.0,0.0,0.0,12500.0,168,168,cemhsey_forward_day_logo
cemhsey,cemhsey_forward_day_logo|D03,plain_conf_threshold_matched_tau_0.05,S5,grasp_protocol,D03,0.5714285714285714,0.5714285714285714,0.5633134720260137,0.5633134720260137,0.5898223875252164,1.1856116821820084,0.18777309477887225,0.2849445157762194,0.2849445157762194,0.005952380952380952,0.005952380952380952,0.0022970122243684103,12500.0,168,168,cemhsey_forward_day_logo
cemhsey,cemhsey_forward_day_logo|D03,plain_conf_threshold_matched_tau_0.05,S6,grasp_protocol,D03,0.4107142857142857,0.41071428571428575,0.404909660517836,0.404909660517836,0.7073563308743392,1.3792171268039826,0.10556611586775949,0.5439546276833361,0.5439546276833361,0.03571428571428571,0.03571428571428571,0.0036497765191623303,12500.0,168,168,cemhsey_forward_day_logo
cemhsey,cemhsey_forward_day_logo|D03,plain_conf_threshold_matched_tau_0.05,S7,grasp_protocol,D03,0.42857142857142855,0.42857142857142855,0.36112033544639444,0.36112033544639444,0.7506859033721657,1.6613550183810764,0.17735300410976845,0.35855857033600363,0.35855857033600363,0.0,0.0,0.0,12500.0,168,168,cemhsey_forward_day_logo
cemhsey,cemhsey_forward_day_logo|D03,plain_conf_threshold_matched_tau_0.05,S8,grasp_protocol,D03,0.27380952380952384,0.2738095238095238,0.2639297210725782,0.2639297210725782,0.7752674660590664,1.5912823481617053,0.07395683167191086,0.6595579662470793,0.6595579662470793,0.0,0.0,0.0,12500.0,168,168,cemhsey_forward_day_logo
cemhsey,cemhsey_forward_day_logo|D03,plain_conf_threshold_matched_tau_0.05,S9,grasp_protocol,D03,0.3392857142857143,0.3392857142857143,0.32681405895691606,0.32681405895691606,0.7718066519120326,1.6426558573618903,0.046922198747724936,0.6131288126656591,0.6131288126656591,0.0,0.0,0.0,12500.0,168,168,cemhsey_forward_day_logo
cemhsey,cemhsey_forward_day_logo|D03,plain_conf_threshold_matched_tau_0.05,S11,grasp_protocol,D03,0.6726190476190477,0.6726190476190476,0.6532154897802264,0.6532154897802264,0.5252918914914512,1.0768184498586844,0.23872487381382035,0.1586518278862862,0.1586518278862862,0.0,0.0,0.0,12500.0,168,168,cemhsey_forward_day_logo
cemhsey,cemhsey_forward_day_logo|D03,plain_conf_threshold_matched_tau_0.05,S12,grasp_protocol,D03,0.5,0.5,0.490006446291729,0.490006446291729,0.6753025029359331,1.3829508271118742,0.18240106859227073,0.3495791445967805,0.3495791445967805,0.0,0.0,0.0,12500.0,168,168,cemhsey_forward_day_logo
cemhsey,cemhsey_forward_day_logo|D03,plain_conf_threshold_matched_tau_0.05,S13,grasp_protocol,D03,0.43452380952380953,0.4345238095238096,0.4059629121740923,0.4059629121740923,0.7002080603852415,1.4524431484154396,0.1148475037121015,0.3976443399580709,0.3976443399580709,0.0,0.0,0.0,12500.0,168,168,cemhsey_forward_day_logo
cemhsey,cemhsey_forward_day_logo|D04,plain_conf_threshold_matched_tau_0.05,S1,grasp_protocol,D04,0.7440476190476191,0.744047619047619,0.7475065601447326,0.7475065601447326,0.38607216132740807,0.8126543218055399,0.18604168807798138,0.07474009884879564,0.07474009884879564,0.02976190476190476,0.02976190476190476,0.007570535849947403,12500.0,168,168,cemhsey_forward_day_logo
cemhsey,cemhsey_forward_day_logo|D04,plain_conf_threshold_matched_tau_0.05,S10,grasp_protocol,D04,0.5,0.5,0.5064840703103418,0.5064840703103418,0.6617443633798041,1.388456874161259,0.17591000396444076,0.2614993833140497,0.2614993833140497,0.0,0.0,0.0,12500.0,168,168,cemhsey_forward_day_logo
cemhsey,cemhsey_forward_day_logo|D04,plain_conf_threshold_matched_tau_0.05,S2,grasp_protocol,D04,0.7321428571428571,0.7321428571428571,0.7222595813409107,0.7222595813409107,0.4010731980401114,0.8461480768174486,0.2187139800392136,0.06797524601138935,0.06797524601138935,0.023809523809523808,0.023809523809523808,0.0027015294245867475,12500.0,168,168,cemhsey_forward_day_logo
cemhsey,cemhsey_forward_day_logo|D04,plain_conf_threshold_matched_tau_0.05,S3,grasp_protocol,D04,0.5773809523809523,0.5773809523809523,0.5560558516687045,0.5560558516687045,0.5829306931813425,1.1724097855627105,0.16512093645639955,0.23333238651141103,0.23333238651141103,0.005952380952380952,0.005952380952380952,0.0013709133908992562,12500.0,168,168,cemhsey_forward_day_logo
cemhsey,cemhsey_forward_day_logo|D04,plain_conf_threshold_matched_tau_0.05,S4,grasp_protocol,D04,0.5892857142857143,0.5892857142857143,0.565166266591623,0.565166266591623,0.5585309202140402,1.115825301339831,0.18314706953462545,0.19566537100682557,0.19566537100682557,0.017857142857142856,0.017857142857142856,0.004330980576291075,12500.0,168,168,cemhsey_forward_day_logo
cemhsey,cemhsey_forward_day_logo|D04,plain_conf_threshold_matched_tau_0.05,S5,grasp_protocol,D04,0.625,0.625,0.625722779027033,0.625722779027033,0.5392236788833298,1.111107303410061,0.19633036781224839,0.16203003390972975,0.16203003390972975,0.023809523809523808,0.023809523809523808,0.0008247544882138176,12500.0,168,168,cemhsey_forward_day_logo
cemhsey,cemhsey_forward_day_logo|D04,plain_conf_threshold_matched_tau_0.05,S6,grasp_protocol,D04,0.5654761904761905,0.5654761904761905,0.5601444322036011,0.5601444322036011,0.6129888538284339,1.2430404373913453,0.19999285987359988,0.2432793252528819,0.2432793252528819,0.0,0.0,0.0,12500.0,168,168,cemhsey_forward_day_logo
cemhsey,cemhsey_forward_day_logo|D04,plain_conf_threshold_matched_tau_0.05,S7,grasp_protocol,D04,0.44642857142857145,0.44642857142857145,0.41885486468235417,0.41885486468235417,0.7366456670069569,1.6019010199591972,0.15141333963069473,0.407631857609785,0.407631857609785,0.0,0.0,0.0,12500.0,168,168,cemhsey_forward_day_logo
cemhsey,cemhsey_forward_day_logo|D04,plain_conf_threshold_matched_tau_0.05,S8,grasp_protocol,D04,0.2857142857142857,0.2857142857142857,0.24432599613271883,0.24432599613271883,0.8271477080457474,1.8086312895494305,0.07513062262747686,0.6991003880412427,0.6991003880412427,0.02976190476190476,0.02976190476190476,0.0027164009758977935,12500.0,168,168,cemhsey_forward_day_logo
cemhsey,cemhsey_forward_day_logo|D04,plain_conf_threshold_matched_tau_0.05,S9,grasp_protocol,D04,0.4107142857142857,0.41071428571428575,0.39353593128891523,0.39353593128891523,0.7295905639852219,1.508126684463345,0.10428050013084829,0.5211861208706465,0.5211861208706465,0.0,0.0,0.0,12500.0,168,168,cemhsey_forward_day_logo
cemhsey,cemhsey_forward_day_logo|D04,plain_conf_threshold_matched_tau_0.05,S11,grasp_protocol,D04,0.5595238095238095,0.5595238095238095,0.5477277182889748,0.5477277182889748,0.5844625604916656,1.2123733578076,0.13520662447442208,0.2237240672260048,0.2237240672260048,0.0,0.0,0.0,12500.0,168,168,cemhsey_forward_day_logo
cemhsey,cemhsey_forward_day_logo|D04,plain_conf_threshold_matched_tau_0.05,S12,grasp_protocol,D04,0.6428571428571429,0.6428571428571429,0.6453445787268307,0.6453445787268307,0.5449351625903418,1.1313094677912598,0.22522637651455768,0.14045303912385343,0.14045303912385343,0.011904761904761904,0.011904761904761904,0.002372202653541728,12500.0,168,168,cemhsey_forward_day_logo
cemhsey,cemhsey_forward_day_logo|D04,plain_conf_threshold_matched_tau_0.05,S13,grasp_protocol,D04,0.7142857142857143,0.7142857142857143,0.7112975715045812,0.7112975715045812,0.5469016902298669,1.1297288037576578,0.32747209419098755,0.09596077971352727,0.09596077971352727,0.0,0.0,0.0,12500.0,168,168,cemhsey_forward_day_logo
cemhsey,cemhsey_forward_day_logo|D05,plain_conf_threshold_matched_tau_0.05,S1,grasp_protocol,D05,0.7083333333333334,0.7083333333333334,0.7053968253968254,0.7053968253968254,0.44817769390715595,0.8740584495570332,0.172931203260598,0.14964377324987815,0.14964377324987815,0.02976190476190476,0.02976190476190476,0.003926714410926092,12500.0,168,168,cemhsey_forward_day_logo
cemhsey,cemhsey_forward_day_logo|D05,plain_conf_threshold_matched_tau_0.05,S10,grasp_protocol,D05,0.47619047619047616,0.47619047619047616,0.4435671184876964,0.4435671184876964,0.6634890588043829,1.366238303276184,0.12630349817188108,0.3767491145760696,0.3767491145760696,0.0,0.0,0.0,12500.0,168,168,cemhsey_forward_day_logo
cemhsey,cemhsey_forward_day_logo|D05,plain_conf_threshold_matched_tau_0.05,S2,grasp_protocol,D05,0.8511904761904762,0.8511904761904762,0.8521822010881008,0.8521822010881008,0.3471718345664393,0.7429154717716704,0.2971415895046029,0.034206768670449396,0.034206768670449396,0.02976190476190476,0.02976190476190476,0.0022976183079183622,12500.0,168,168,cemhsey_forward_day_logo
cemhsey,cemhsey_forward_day_logo|D05,plain_conf_threshold_matched_tau_0.05,S3,grasp_protocol,D05,0.7142857142857143,0.7142857142857143,0.6993105698971583,0.6993105698971583,0.5092780878953489,0.9972377863933514,0.2521842686051509,0.1761457927131499,0.1761457927131499,0.011904761904761904,0.011904761904761904,0.0006004429465144529,12500.0,168,168,cemhsey_forward_day_logo
cemhsey,cemhsey_forward_day_logo|D05,plain_conf_threshold_matched_tau_0.05,S4,grasp_protocol,D05,0.5357142857142857,0.5357142857142857,0.5395722979573911,0.5395722979573911,0.568821577764723,1.1120661907789813,0.12399170110546279,0.264424107129691,0.264424107129691,0.0,0.0,0.0,12500.0,168,168,cemhsey_forward_day_logo
cemhsey,cemhsey_forward_day_logo|D05,plain_conf_threshold_matched_tau_0.05,S5,grasp_protocol,D05,0.6964285714285714,0.6964285714285714,0.6838711089115928,0.6838711089115928,0.4551355959465651,0.9391032634577737,0.22884226458500592,0.11076591521468075,0.11076591521468075,0.005952380952380952,0.005952380952380952,0.001456509047702611,12500.0,168,168,cemhsey_forward_day_logo
cemhsey,cemhsey_forward_day_logo|D05,plain_conf_threshold_matched_tau_0.05,S6,grasp_protocol,D05,0.6845238095238095,0.6845238095238095,0.6811657451329133,0.6811657451329133,0.5096327913240797,1.0210944090537037,0.25153528253569685,0.15455212733337573,0.15455212733337573,0.005952380952380952,0.005952380952380952,0.000981933457268548,12500.0,168,168,cemhsey_forward_day_logo
cemhsey,cemhsey_forward_day_logo|D05,plain_conf_threshold_matched_tau_0.05,S7,grasp_protocol,D05,0.5416666666666666,0.5416666666666666,0.5503688921456028,0.5503688921456028,0.6776378510156741,1.4523585483522066,0.2341505868005371,0.21573783743542366,0.21573783743542366,0.0,0.0,0.0,12500.0,168,168,cemhsey_forward_day_logo
cemhsey,cemhsey_forward_day_logo|D05,plain_conf_threshold_matched_tau_0.05,S8,grasp_protocol,D05,0.30357142857142855,0.30357142857142855,0.25708596498831265,0.25708596498831265,0.780203204039684,1.6091759246302293,0.0695268165626291,0.6586795207433601,0.6586795207433601,0.011904761904761904,0.011904761904761904,0.00041328146659565707,12500.0,168,168,cemhsey_forward_day_logo
cemhsey,cemhsey_forward_day_logo|D05,plain_conf_threshold_matched_tau_0.05,S9,grasp_protocol,D05,0.3869047619047619,0.38690476190476186,0.3654364728360275,0.3654364728360275,0.6961222660441295,1.3942579506068618,0.0711312759235804,0.45616660102120915,0.45616660102120915,0.0,0.0,0.0,12500.0,168,168,cemhsey_forward_day_logo
cemhsey,cemhsey_forward_day_logo|D05,plain_conf_threshold_matched_tau_0.05,S11,grasp_protocol,D05,0.7321428571428571,0.7321428571428571,0.7287783614087903,0.7287783614087903,0.47874334087144566,1.0096299933796775,0.26694410329618745,0.0955932147449708,0.0955932147449708,0.017857142857142856,0.017857142857142856,0.001653016248984417,12500.0,168,168,cemhsey_forward_day_logo
cemhsey,cemhsey_forward_day_logo|D05,plain_conf_threshold_matched_tau_0.05,S12,grasp_protocol,D05,0.6785714285714286,0.6785714285714286,0.6771290620543928,0.6771290620543928,0.49646411501550824,1.004997773733574,0.24316892332267778,0.13010091682605054,0.13010091682605054,0.005952380952380952,0.005952380952380952,0.00046014638541776425,12500.0,168,168,cemhsey_forward_day_logo
cemhsey,cemhsey_forward_day_logo|D05,plain_conf_threshold_matched_tau_0.05,S13,grasp_protocol,D05,0.6726190476190477,0.6726190476190477,0.6672611546623461,0.6672611546623461,0.5056477216079474,1.094909219813236,0.24120510745994692,0.10263754870356458,0.10263754870356458,0.005952380952380952,0.005952380952380952,0.0003377709340401324,12500.0,168,168,cemhsey_forward_day_logo
cemhsey,cemhsey_forward_day_logo|D06,plain_conf_threshold_matched_tau_0.05,S1,grasp_protocol,D06,0.7678571428571429,0.767857142857143,0.7701465635386046,0.7701465635386046,0.44591298313250066,0.943548469712151,0.27635010392045567,0.06268872955974648,0.06268872955974648,0.023809523809523808,0.023809523809523808,0.0031091059960500337,12500.0,168,168,cemhsey_forward_day_logo
cemhsey,cemhsey_forward_day_logo|D06,plain_conf_threshold_matched_tau_0.05,S10,grasp_protocol,D06,0.5416666666666666,0.5416666666666667,0.5218845704634856,0.5218845704634856,0.643216179070332,1.6172406082702657,0.152052406497601,0.3469742888253285,0.3469742888253285,0.0,0.0,0.0,12500.0,168,168,cemhsey_forward_day_logo
cemhsey,cemhsey_forward_day_logo|D06,plain_conf_threshold_matched_tau_0.05,S2,grasp_protocol,D06,0.8392857142857143,0.8392857142857143,0.8336576640055454,0.8336576640055454,0.2932105103947889,0.6350775104425825,0.2209717788503695,0.03490158636379702,0.03490158636379702,0.03571428571428571,0.03571428571428571,0.004038859854047713,12500.0,168,168,cemhsey_forward_day_logo
cemhsey,cemhsey_forward_day_logo|D06,plain_conf_threshold_matched_tau_0.05,S3,grasp_protocol,D06,0.7738095238095238,0.7738095238095237,0.7705815391015306,0.7705815391015306,0.4368144459956188,0.8986405797683568,0.27844657462603056,0.08098492100627326,0.08098492100627326,0.011904761904761904,0.011904761904761904,0.00213574388576976,12500.0,168,168,cemhsey_forward_day_logo
cemhsey,cemhsey_forward_day_logo|D06,plain_conf_threshold_matched_tau_0.05,S4,grasp_protocol,D06,0.5595238095238095,0.5595238095238095,0.5483482503890668,0.5483482503890668,0.6038779945018904,1.209526235620317,0.1537399000513221,0.26212453448669776,0.26212453448669776,0.0,0.0,0.0,12500.0,168,168,cemhsey_forward_day_logo
cemhsey,cemhsey_forward_day_logo|D06,plain_conf_threshold_matched_tau_0.05,S5,grasp_protocol,D06,0.6904761904761905,0.6904761904761905,0.6832497131551166,0.6832497131551166,0.45034684134599784,0.9056246473800611,0.18810024056639715,0.12041784976839554,0.12041784976839554,0.05952380952380952,0.05952380952380952,0.005555505554831026,12500.0,168,168,cemhsey_forward_day_logo
cemhsey,cemhsey_forward_day_logo|D06,plain_conf_threshold_matched_tau_0.05,S6,grasp_protocol,D06,0.7261904761904762,0.7261904761904763,0.7246050046220891,0.7246050046220891,0.44769914839383995,0.9211152260538727,0.2334025127833059,0.10585834898983264,0.10585834898983264,0.0,0.0,0.0,12500.0,168,168,cemhsey_forward_day_logo
cemhsey,cemhsey_forward_day_logo|D06,plain_conf_threshold_matched_tau_0.05,S7,grasp_protocol,D06,0.49404761904761907,0.494047619047619,0.46527051368541106,0.46527051368541106,0.6836750291889182,1.462801823733837,0.1877857219776298,0.2700724274415851,0.2700724274415851,0.0,0.0,0.0,12500.0,168,168,cemhsey_forward_day_logo
cemhsey,cemhsey_forward_day_logo|D06,plain_conf_threshold_matched_tau_0.05,S8,grasp_protocol,D06,0.20238095238095238,0.20238095238095238,0.17303404817350973,0.17303404817350973,0.8623928519174396,2.1357962165045628,0.16056723798069317,0.8312388234847151,0.8312388234847151,0.017857142857142856,0.017857142857142856,0.0023391160670624585,12500.0,168,168,cemhsey_forward_day_logo
cemhsey,cemhsey_forward_day_logo|D06,plain_conf_threshold_matched_tau_0.05,S9,grasp_protocol,D06,0.3333333333333333,0.33333333333333337,0.3091622311812228,0.3091622311812228,0.7698182222997112,1.6054144464881979,0.10397106445772648,0.618113908197571,0.618113908197571,0.0,0.0,0.0,12500.0,168,168,cemhsey_forward_day_logo
cemhsey,cemhsey_forward_day_logo|D06,plain_conf_threshold_matched_tau_0.05,S11,grasp_protocol,D06,0.7261904761904762,0.7261904761904762,0.7086652802720145,0.7086652802720145,0.40337993809248474,0.8491226061512362,0.17060320980843968,0.09185445672123096,0.09185445672123096,0.023809523809523808,0.023809523809523808,0.004854177214903729,12500.0,168,168,cemhsey_forward_day_logo
cemhsey,cemhsey_forward_day_logo|D06,plain_conf_threshold_matched_tau_0.05,S12,grasp_protocol,D06,0.8214285714285714,0.8214285714285714,0.8184468906700244,0.8184468906700244,0.36348030470650927,0.7751263893784865,0.2922740321585682,0.037411127899054444,0.037411127899054444,0.02976190476190476,0.02976190476190476,0.003717567208293057,12500.0,168,168,cemhsey_forward_day_logo
cemhsey,cemhsey_forward_day_logo|D06,plain_conf_threshold_matched_tau_0.05,S13,grasp_protocol,D06,0.7857142857142857,0.7857142857142858,0.7866617266474715,0.7866617266474715,0.4272147250428169,0.8932164094298243,0.2961931062860875,0.05780584574412799,0.05780584574412799,0.005952380952380952,0.005952380952380952,0.0028718633672049224,12500.0,168,168,cemhsey_forward_day_logo
cemhsey,cemhsey_forward_day_logo|D07,plain_conf_threshold_matched_tau_0.05,S1,grasp_protocol,D07,0.8630952380952381,0.8630952380952381,0.8602156104928139,0.8602156104928139,0.35172675450754737,0.7428447797499452,0.31722991714008775,0.034085444023229286,0.034085444023229286,0.011904761904761904,0.011904761904761904,0.0015478850859890012,12500.0,168,168,cemhsey_forward_day_logo
cemhsey,cemhsey_forward_day_logo|D07,plain_conf_threshold_matched_tau_0.05,S10,grasp_protocol,D07,0.5297619047619048,0.5297619047619048,0.5104745891023829,0.5104745891023829,0.5992192602049491,1.6688964156797654,0.14300328852503552,0.32993952789510245,0.32993952789510245,0.0,0.0,0.0,12500.0,168,168,cemhsey_forward_day_logo
cemhsey,cemhsey_forward_day_logo|D07,plain_conf_threshold_matched_tau_0.05,S2,grasp_protocol,D07,0.7916666666666666,0.7916666666666667,0.7963571575816475,0.7963571575816475,0.3718482398839089,0.787964673551483,0.2522055549105591,0.056433147898066395,0.056433147898066395,0.005952380952380952,0.005952380952380952,0.00015147295352167437,12500.0,168,168,cemhsey_forward_day_logo
cemhsey,cemhsey_forward_day_logo|D07,plain_conf_threshold_matched_tau_0.05,S3,grasp_protocol,D07,0.7023809523809523,0.7023809523809523,0.7021264918799659,0.7021264918799659,0.5537765542113344,1.1406870488016092,0.2879939496511177,0.15643563297632868,0.15643563297632868,0.0,0.0,0.0,12500.0,168,168,cemhsey_forward_day_logo
cemhsey,cemhsey_forward_day_logo|D07,plain_conf_threshold_matched_tau_0.05,S4,grasp_protocol,D07,0.6190476190476191,0.619047619047619,0.6178704528704528,0.6178704528704528,0.5570778381610786,1.069437715430405,0.1889163337297509,0.23792451638469603,0.23792451638469603,0.0,0.0,0.0,12500.0,168,168,cemhsey_forward_day_logo
cemhsey,cemhsey_forward_day_logo|D07,plain_conf_threshold_matched_tau_0.05,S5,grasp_protocol,D07,0.7797619047619048,0.7797619047619048,0.7571581423717518,0.7571581423717518,0.40197463257063726,0.8491897881971487,0.26385148702813993,0.07572263193647608,0.07572263193647608,0.017857142857142856,0.017857142857142856,0.0020465962771570845,12500.0,168,168,cemhsey_forward_day_logo
cemhsey,cemhsey_forward_day_logo|D07,plain_conf_threshold_matched_tau_0.05,S6,grasp_protocol,D07,0.7440476190476191,0.744047619047619,0.7400340429000465,0.7400340429000465,0.4566425553517569,0.9203234326151526,0.2745667198688678,0.08043676400977909,0.08043676400977909,0.0,0.0,0.0,12500.0,168,168,cemhsey_forward_day_logo
cemhsey,cemhsey_forward_day_logo|D07,plain_conf_threshold_matched_tau_0.05,S7,grasp_protocol,D07,0.4880952380952381,0.4880952380952381,0.4429903066778792,0.4429903066778792,0.6667078340588277,1.4559625344808977,0.1711496834387363,0.2692752845679503,0.2692752845679503,0.0,0.0,0.0,12500.0,168,168,cemhsey_forward_day_logo
cemhsey,cemhsey_forward_day_logo|D07,plain_conf_threshold_matched_tau_0.05,S8,grasp_protocol,D07,0.23214285714285715,0.23214285714285715,0.19314683600397883,0.19314683600397883,0.8087789839223535,1.6391386785326372,0.14316264074497456,0.7399434005141781,0.7399434005141781,0.0,0.0,0.0,12500.0,168,168,cemhsey_forward_day_logo
cemhsey,cemhsey_forward_day_logo|D07,plain_conf_threshold_matched_tau_0.05,S9,grasp_protocol,D07,0.4226190476190476,0.4226190476190476,0.3946542586461045,0.3946542586461045,0.7316887251089432,1.5596233965875779,0.12488295967187409,0.4419353244885016,0.4419353244885016,0.0,0.0,0.0,12500.0,168,168,cemhsey_forward_day_logo
cemhsey,cemhsey_forward_day_logo|D07,plain_conf_threshold_matched_tau_0.05,S11,grasp_protocol,D07,0.7380952380952381,0.738095238095238,0.7263788682595195,0.7263788682595195,0.43084286754603984,0.8921078769631294,0.23212862913407986,0.08197761100685733,0.08197761100685733,0.0,0.0,0.0,12500.0,168,168,cemhsey_forward_day_logo
cemhsey,cemhsey_forward_day_logo|D07,plain_conf_threshold_matched_tau_0.05,S12,grasp_protocol,D07,0.7321428571428571,0.7321428571428571,0.7276429710762152,0.7276429710762152,0.4904259589683675,1.0417860840137068,0.3110551819564,0.07294745819467623,0.07294745819467623,0.005952380952380952,0.005952380952380952,0.0004210110995934278,12500.0,168,168,cemhsey_forward_day_logo
cemhsey,cemhsey_forward_day_logo|D07,plain_conf_threshold_matched_tau_0.05,S13,grasp_protocol,D07,0.7619047619047619,0.761904761904762,0.7614922659942485,0.7614922659942485,0.4562218750302494,0.9524366812125434,0.2961813595495736,0.07858961518840861,0.07858961518840861,0.0,0.0,0.0,12500.0,168,168,cemhsey_forward_day_logo
cemhsey,cemhsey_forward_day_logo|D08,plain_conf_threshold_matched_tau_0.05,S1,grasp_protocol,D08,0.7857142857142857,0.7857142857142857,0.7858353836198092,0.7858353836198092,0.34212109644169064,0.7271427203211605,0.24312846481166028,0.04539313904513997,0.04539313904513997,0.03571428571428571,0.03571428571428571,0.003052818243125843,12500.0,168,168,cemhsey_forward_day_logo
cemhsey,cemhsey_forward_day_logo|D08,plain_conf_threshold_matched_tau_0.05,S10,grasp_protocol,D08,0.5773809523809523,0.5773809523809524,0.5686702777128309,0.5686702777128309,0.5660240541200682,1.1326460935839824,0.16477897576611208,0.2289472552041439,0.2289472552041439,0.0,0.0,0.0,12500.0,168,168,cemhsey_forward_day_logo
cemhsey,cemhsey_forward_day_logo|D08,plain_conf_threshold_matched_tau_0.05,S2,grasp_protocol,D08,0.7678571428571429,0.7678571428571429,0.77337736462709,0.77337736462709,0.31145813844055514,0.666569006132548,0.19890951656843645,0.04750761898468698,0.04750761898468698,0.047619047619047616,0.047619047619047616,0.00336503508837957,12500.0,168,168,cemhsey_forward_day_logo
cemhsey,cemhsey_forward_day_logo|D08,plain_conf_threshold_matched_tau_0.05,S3,grasp_protocol,D08,0.6726190476190477,0.6726190476190476,0.6647824481362612,0.6647824481362612,0.5537545437564436,1.0978836077289582,0.2633156680598468,0.25014414001853863,0.25014414001853863,0.0,0.0,0.0,12500.0,168,168,cemhsey_forward_day_logo
cemhsey,cemhsey_forward_day_logo|D08,plain_conf_threshold_matched_tau_0.05,S4,grasp_protocol,D08,0.6369047619047619,0.6369047619047619,0.6397500061700665,0.6397500061700665,0.508522005142104,1.018110221122195,0.17500843950400943,0.15126053419111885,0.15126053419111885,0.011904761904761904,0.011904761904761904,0.0009918480335882295,12500.0,168,168,cemhsey_forward_day_logo
cemhsey,cemhsey_forward_day_logo|D08,plain_conf_threshold_matched_tau_0.05,S5,grasp_protocol,D08,0.6547619047619048,0.6547619047619049,0.6487925473219592,0.6487925473219592,0.4907659999830407,0.9664550606219539,0.20555134011973988,0.18109493182545938,0.18109493182545938,0.011904761904761904,0.011904761904761904,0.0026444768134851293,12500.0,168,168,cemhsey_forward_day_logo
cemhsey,cemhsey_forward_day_logo|D08,plain_conf_threshold_matched_tau_0.05,S6,grasp_protocol,D08,0.7321428571428571,0.7321428571428571,0.7315641993255315,0.7315641993255315,0.4666744531596703,0.9659158038815218,0.2879919050026081,0.08159504933452418,0.08159504933452418,0.0,0.0,0.0,12500.0,168,168,cemhsey_forward_day_logo
cemhsey,cemhsey_forward_day_logo|D08,plain_conf_threshold_matched_tau_0.05,S7,grasp_protocol,D08,0.6666666666666666,0.6666666666666667,0.6768654645527679,0.6768654645527679,0.5799693582136191,1.2264451121078512,0.3124748968916233,0.13107158624012374,0.13107158624012374,0.0,0.0,0.0,12500.0,168,168,cemhsey_forward_day_logo
cemhsey,cemhsey_forward_day_logo|D08,plain_conf_threshold_matched_tau_0.05,S8,grasp_protocol,D08,0.24404761904761904,0.24404761904761907,0.20238554213566082,0.20238554213566082,0.8348521599829594,1.977581788999284,0.14656773984009622,0.8186284244018592,0.8186284244018592,0.017857142857142856,0.017857142857142856,0.0011808527189795758,12500.0,168,168,cemhsey_forward_day_logo
cemhsey,cemhsey_forward_day_logo|D08,plain_conf_threshold_matched_tau_0.05,S9,grasp_protocol,D08,0.3630952380952381,0.36309523809523814,0.3238413838858613,0.3238413838858613,0.7490493174981185,1.6043993546947415,0.05774920440148912,0.5107400859131339,0.5107400859131339,0.0,0.0,0.0,12500.0,168,168,cemhsey_forward_day_logo
cemhsey,cemhsey_forward_day_logo|D08,plain_conf_threshold_matched_tau_0.05,S11,grasp_protocol,D08,0.8154761904761905,0.8154761904761906,0.8101267738109844,0.8101267738109844,0.3193982324441236,0.7067098238065045,0.22732391076064962,0.035202155724291175,0.035202155724291175,0.017857142857142856,0.017857142857142856,0.0026146973418087207,12500.0,168,168,cemhsey_forward_day_logo
cemhsey,cemhsey_forward_day_logo|D08,plain_conf_threshold_matched_tau_0.05,S12,grasp_protocol,D08,0.6845238095238095,0.6845238095238095,0.6732264131773678,0.6732264131773678,0.46268168567485074,0.955573190595474,0.20112504867487022,0.1440539795217888,0.1440539795217888,0.005952380952380952,0.005952380952380952,0.00012027281919170667,12500.0,168,168,cemhsey_forward_day_logo
cemhsey,cemhsey_forward_day_logo|D08,plain_conf_threshold_matched_tau_0.05,S13,grasp_protocol,D08,0.7440476190476191,0.7440476190476192,0.7423304926366151,0.7423304926366151,0.4702451636351905,0.9486685179259551,0.27468135415545775,0.1110106609160844,0.1110106609160844,0.0,0.0,0.0,12500.0,168,168,cemhsey_forward_day_logo
cemhsey,cemhsey_forward_day_logo|D09,plain_conf_threshold_matched_tau_0.05,S1,grasp_protocol,D09,0.8392857142857143,0.8392857142857143,0.8355546569832283,0.8355546569832283,0.31506559185034777,0.6810387709239776,0.2539798853608248,0.02938232155596635,0.02938232155596635,0.017857142857142856,0.017857142857142856,0.003183499489872931,12500.0,168,168,cemhsey_forward_day_logo
cemhsey,cemhsey_forward_day_logo|D09,plain_conf_threshold_matched_tau_0.05,S10,grasp_protocol,D09,0.49404761904761907,0.494047619047619,0.45755348214774777,0.45755348214774777,0.6601902374563606,1.307878444579226,0.08102391064700837,0.3961946569636474,0.3961946569636474,0.0,0.0,0.0,12500.0,168,168,cemhsey_forward_day_logo
cemhsey,cemhsey_forward_day_logo|D09,plain_conf_threshold_matched_tau_0.05,S2,grasp_protocol,D09,0.8273809523809523,0.8273809523809524,0.8280143532768108,0.8280143532768108,0.2893181122681438,0.612635642751152,0.21981761940829392,0.03351747055868154,0.03351747055868154,0.017857142857142856,0.017857142857142856,0.0014435630568792035,12500.0,168,168,cemhsey_forward_day_logo
cemhsey,cemhsey_forward_day_logo|D09,plain_conf_threshold_matched_tau_0.05,S3,grasp_protocol,D09,0.6369047619047619,0.6369047619047619,0.6074639277297084,0.6074639277297084,0.5113465089456867,1.038635094087459,0.16540054272146132,0.18640308561369706,0.18640308561369706,0.0,0.0,0.0,12500.0,168,168,cemhsey_forward_day_logo
cemhsey,cemhsey_forward_day_logo|D09,plain_conf_threshold_matched_tau_0.05,S4,grasp_protocol,D09,0.6607142857142857,0.6607142857142857,0.6550216323252637,0.6550216323252637,0.5189373538328977,1.004884941394072,0.19821775891740143,0.17791310285982884,0.17791310285982884,0.0,0.0,0.0,12500.0,168,168,cemhsey_forward_day_logo
cemhsey,cemhsey_forward_day_logo|D09,plain_conf_threshold_matched_tau_0.05,S5,grasp_protocol,D09,0.6726190476190477,0.6726190476190476,0.6611791192577521,0.6611791192577521,0.4394040008302645,0.8928451201977826,0.18086120240832743,0.12411259937906571,0.12411259937906571,0.02976190476190476,0.02976190476190476,0.002928190173531125,12500.0,168,168,cemhsey_forward_day_logo
cemhsey,cemhsey_forward_day_logo|D09,plain_conf_threshold_matched_tau_0.05,S6,grasp_protocol,D09,0.7678571428571429,0.7678571428571429,0.767819339256311,0.767819339256311,0.3863762670633065,0.79797703071963,0.23881972652519307,0.068363342643744,0.068363342643744,0.017857142857142856,0.017857142857142856,0.0005822530393797412,12500.0,168,168,cemhsey_forward_day_logo
cemhsey,cemhsey_forward_day_logo|D09,plain_conf_threshold_matched_tau_0.05,S7,grasp_protocol,D09,0.5535714285714286,0.5535714285714286,0.5060564225690276,0.5060564225690276,0.6369118871841076,1.3618736223693704,0.21354210193665257,0.2099853529421088,0.2099853529421088,0.0,0.0,0.0,12500.0,168,168,cemhsey_forward_day_logo
cemhsey,cemhsey_forward_day_logo|D09,plain_conf_threshold_matched_tau_0.05,S8,grasp_protocol,D09,0.2261904761904762,0.2261904761904762,0.1532480174685329,0.1532480174685329,0.8267558151826433,1.724203351117772,0.12809149608841025,0.7631152267573792,0.7631152267573792,0.0,0.0,0.0,12500.0,168,168,cemhsey_forward_day_logo
cemhsey,cemhsey_forward_day_logo|D09,plain_conf_threshold_matched_tau_0.05,S9,grasp_protocol,D09,0.39285714285714285,0.3928571428571428,0.3602950601890157,0.3602950601890157,0.7166495689995277,1.4822059481035974,0.08456143561570384,0.44367550413198226,0.44367550413198226,0.0,0.0,0.0,12500.0,168,168,cemhsey_forward_day_logo
cemhsey,cemhsey_forward_day_logo|D09,plain_conf_threshold_matched_tau_0.05,S11,grasp_protocol,D09,0.7916666666666666,0.7916666666666667,0.7908275102596308,0.7908275102596308,0.372163229752723,0.7943079495199731,0.25494049444066075,0.044161886189076585,0.044161886189076585,0.017857142857142856,0.017857142857142856,0.0025677630127130912,12500.0,168,168,cemhsey_forward_day_logo
cemhsey,cemhsey_forward_day_logo|D09,plain_conf_threshold_matched_tau_0.05,S12,grasp_protocol,D09,0.6785714285714286,0.6785714285714286,0.6617503131788846,0.6617503131788846,0.4438203995613656,0.8853714475812744,0.15397482359351047,0.14173119710438636,0.14173119710438636,0.005952380952380952,0.005952380952380952,0.00010848905251264236,12500.0,168,168,cemhsey_forward_day_logo
cemhsey,cemhsey_forward_day_logo|D09,plain_conf_threshold_matched_tau_0.05,S13,grasp_protocol,D09,0.6666666666666666,0.6666666666666667,0.626434413668971,0.626434413668971,0.48775786472774285,1.0345316409641723,0.1982165894030959,0.11499237851966468,0.11499237851966468,0.0,0.0,0.0,12500.0,168,168,cemhsey_forward_day_logo
cemhsey,cemhsey_forward_day_logo|D10,plain_conf_threshold_matched_tau_0.05,S1,grasp_protocol,D10,0.8571428571428571,0.8571428571428571,0.8563071631894905,0.8563071631894905,0.29319358185874234,0.6544388334044476,0.2643306730528206,0.02191283141214323,0.02191283141214323,0.03571428571428571,0.03571428571428571,0.0030512981350880423,12500.0,168,168,cemhsey_forward_day_logo
cemhsey,cemhsey_forward_day_logo|D10,plain_conf_threshold_matched_tau_0.05,S10,grasp_protocol,D10,0.6785714285714286,0.6785714285714286,0.6771345675600994,0.6771345675600994,0.5012265789474706,1.0338959549644244,0.22358896921746457,0.11677789502901796,0.11677789502901796,0.011904761904761904,0.011904761904761904,0.0005645121746008201,12500.0,168,168,cemhsey_forward_day_logo
cemhsey,cemhsey_forward_day_logo|D10,plain_conf_threshold_matched_tau_0.05,S2,grasp_protocol,D10,0.8214285714285714,0.8214285714285713,0.8244318600374559,0.8244318600374559,0.3094480372198387,0.6818075141856771,0.22572698575292652,0.03480876009940961,0.03480876009940961,0.03571428571428571,0.03571428571428571,0.001478295811686537,12500.0,168,168,cemhsey_forward_day_logo
cemhsey,cemhsey_forward_day_logo|D10,plain_conf_threshold_matched_tau_0.05,S3,grasp_protocol,D10,0.6190476190476191,0.619047619047619,0.6192354683972862,0.6192354683972862,0.5281848725396,1.0636401962011857,0.2133347377179778,0.15230362688487956,0.15230362688487956,0.0,0.0,0.0,12500.0,168,168,cemhsey_forward_day_logo
cemhsey,cemhsey_forward_day_logo|D10,plain_conf_threshold_matched_tau_0.05,S4,grasp_protocol,D10,0.5892857142857143,0.5892857142857143,0.5882237743582281,0.5882237743582281,0.5832087148829755,1.1694452966759552,0.2268694400027991,0.2202429768886058,0.2202429768886058,0.0,0.0,0.0,12500.0,168,168,cemhsey_forward_day_logo
cemhsey,cemhsey_forward_day_logo|D10,plain_conf_threshold_matched_tau_0.05,S5,grasp_protocol,D10,0.7083333333333334,0.7083333333333333,0.6940174098173911,0.6940174098173911,0.47022186640705915,0.9389134569773687,0.22222073113535026,0.13747364510826246,0.13747364510826246,0.011904761904761904,0.011904761904761904,0.0013061801373806111,12500.0,168,168,cemhsey_forward_day_logo
cemhsey,cemhsey_forward_day_logo|D10,plain_conf_threshold_matched_tau_0.05,S6,grasp_protocol,D10,0.7559523809523809,0.755952380952381,0.7540284455927281,0.7540284455927281,0.3949172274802699,0.8218250564534063,0.2279101053847276,0.07845841539049252,0.07845841539049252,0.023809523809523808,0.023809523809523808,0.001391237479592447,12500.0,168,168,cemhsey_forward_day_logo
cemhsey,cemhsey_forward_day_logo|D10,plain_conf_threshold_matched_tau_0.05,S7,grasp_protocol,D10,0.6547619047619048,0.6547619047619048,0.6314256043370436,0.6314256043370436,0.5673861109181282,1.224738020882444,0.30361370849391206,0.11827347953850621,0.11827347953850621,0.0,0.0,0.0,12500.0,168,168,cemhsey_forward_day_logo
cemhsey,cemhsey_forward_day_logo|D10,plain_conf_threshold_matched_tau_0.05,S8,grasp_protocol,D10,0.21428571428571427,0.21428571428571427,0.1913098779259878,0.1913098779259878,0.8224426939871969,1.760613908582604,0.11318806256389614,0.7365801751328863,0.7365801751328863,0.0,0.0,0.0,12500.0,168,168,cemhsey_forward_day_logo
cemhsey,cemhsey_forward_day_logo|D10,plain_conf_threshold_matched_tau_0.05,S9,grasp_protocol,D10,0.30952380952380953,0.3095238095238095,0.31171069349654734,0.31171069349654734,0.7839212584428998,1.5993626850728364,0.1194139999050255,0.6753712442882998,0.6753712442882998,0.0,0.0,0.0,12500.0,168,168,cemhsey_forward_day_logo
cemhsey,cemhsey_forward_day_logo|D10,plain_conf_threshold_matched_tau_0.05,S11,grasp_protocol,D10,0.8095238095238095,0.8095238095238094,0.8086107863767439,0.8086107863767439,0.40518517297928774,0.8481524626454066,0.3238899269964059,0.048007328692193006,0.048007328692193006,0.017857142857142856,0.017857142857142856,0.0026549965637730063,12500.0,168,168,cemhsey_forward_day_logo
cemhsey,cemhsey_forward_day_logo|D10,plain_conf_threshold_matched_tau_0.05,S12,grasp_protocol,D10,0.6666666666666666,0.6666666666666666,0.6559172638789738,0.6559172638789738,0.4783929283849585,0.9492092469202995,0.15999764615503126,0.15896993141361385,0.15896993141361385,0.005952380952380952,0.005952380952380952,0.0009471130911305845,12500.0,168,168,cemhsey_forward_day_logo
cemhsey,cemhsey_forward_day_logo|D10,plain_conf_threshold_matched_tau_0.05,S13,grasp_protocol,D10,0.7678571428571429,0.7678571428571429,0.7704157164656701,0.7704157164656701,0.39054570769385677,0.8476135846766834,0.2482552276774772,0.05652396187298492,0.05652396187298492,0.005952380952380952,0.005952380952380952,0.0005104936765721274,12500.0,168,168,cemhsey_forward_day_logo
cemhsey,cemhsey_forward_day_logo|D11,plain_conf_threshold_matched_tau_0.05,S1,grasp_protocol,D11,0.9047619047619048,0.9047619047619048,0.9038041913293874,0.9038041913293874,0.23293515071541343,0.5411790638670833,0.24813517496973367,0.021727400318572794,0.021727400318572794,0.041666666666666664,0.041666666666666664,0.008993405268849779,12500.0,168,168,cemhsey_forward_day_logo
cemhsey,cemhsey_forward_day_logo|D11,plain_conf_threshold_matched_tau_0.05,S10,grasp_protocol,D11,0.5892857142857143,0.5892857142857143,0.5902143586346581,0.5902143586346581,0.527043209991027,1.0478534536005286,0.14348236672738396,0.21850464750044957,0.21850464750044957,0.011904761904761904,0.011904761904761904,0.0014198570701104522,12500.0,168,168,cemhsey_forward_day_logo
cemhsey,cemhsey_forward_day_logo|D11,plain_conf_threshold_matched_tau_0.05,S2,grasp_protocol,D11,0.8630952380952381,0.8630952380952381,0.8593121325058339,0.8593121325058339,0.286743160657691,0.6327538690775636,0.25783161026108176,0.026892620809727923,0.026892620809727923,0.041666666666666664,0.041666666666666664,0.005347822584782114,12500.0,168,168,cemhsey_forward_day_logo
cemhsey,cemhsey_forward_day_logo|D11,plain_conf_threshold_matched_tau_0.05,S3,grasp_protocol,D11,0.6130952380952381,0.613095238095238,0.6140835181786862,0.6140835181786862,0.5616732281719964,1.1139604434811627,0.19834242978632383,0.242160135297096,0.242160135297096,0.0,0.0,0.0,12500.0,168,168,cemhsey_forward_day_logo
cemhsey,cemhsey_forward_day_logo|D11,plain_conf_threshold_matched_tau_0.05,S4,grasp_protocol,D11,0.7023809523809523,0.7023809523809524,0.7020060946713137,0.7020060946713137,0.46132459468386855,0.9171565087174898,0.2441195335907794,0.11776213156549414,0.11776213156549414,0.005952380952380952,0.005952380952380952,0.0005298233643383808,12500.0,168,168,cemhsey_forward_day_logo
cemhsey,cemhsey_forward_day_logo|D11,plain_conf_threshold_matched_tau_0.05,S5,grasp_protocol,D11,0.7619047619047619,0.7619047619047619,0.7544702442212827,0.7544702442212827,0.4105445921394568,0.8373236107407248,0.24171798369396136,0.09840930302710185,0.09840930302710185,0.005952380952380952,0.005952380952380952,0.00034885028325825013,12500.0,168,168,cemhsey_forward_day_logo
cemhsey,cemhsey_forward_day_logo|D11,plain_conf_threshold_matched_tau_0.05,S6,grasp_protocol,D11,0.8571428571428571,0.8571428571428571,0.8555529423819864,0.8555529423819864,0.3690154175537776,0.7709260772663236,0.34017864604335263,0.028840849880967006,0.028840849880967006,0.011904761904761904,0.011904761904761904,0.0008565135563678645,12500.0,168,168,cemhsey_forward_day_logo
cemhsey,cemhsey_forward_day_logo|D11,plain_conf_threshold_matched_tau_0.05,S7,grasp_protocol,D11,0.5059523809523809,0.5059523809523809,0.4982558782096961,0.4982558782096961,0.692326641545572,1.4705406051154102,0.22680561189714035,0.24361129597270356,0.24361129597270356,0.0,0.0,0.0,12500.0,168,168,cemhsey_forward_day_logo
cemhsey,cemhsey_forward_day_logo|D11,plain_conf_threshold_matched_tau_0.05,S8,grasp_protocol,D11,0.34523809523809523,0.34523809523809523,0.30044349009866256,0.30044349009866256,0.7697634676514282,1.5353824704346775,0.10064107982704983,0.6689024871116588,0.6689024871116588,0.011904761904761904,0.011904761904761904,0.0020802554701647054,12500.0,168,168,cemhsey_forward_day_logo
cemhsey,cemhsey_forward_day_logo|D11,plain_conf_threshold_matched_tau_0.05,S9,grasp_protocol,D11,0.36904761904761907,0.36904761904761907,0.34915396551277317,0.34915396551277317,0.7381308759976039,1.5202830766211004,0.10827316084241591,0.5707924314883522,0.5707924314883522,0.0,0.0,0.0,12500.0,168,168,cemhsey_forward_day_logo
cemhsey,cemhsey_forward_day_logo|D11,plain_conf_threshold_matched_tau_0.05,S11,grasp_protocol,D11,0.7440476190476191,0.744047619047619,0.739114825499552,0.739114825499552,0.41013992553781753,0.843247442044657,0.22019640111697183,0.07963018065381151,0.07963018065381151,0.011904761904761904,0.011904761904761904,0.0018645155745847023,12500.0,168,168,cemhsey_forward_day_logo
cemhsey,cemhsey_forward_day_logo|D11,plain_conf_threshold_matched_tau_0.05,S12,grasp_protocol,D11,0.7321428571428571,0.7321428571428571,0.7443263482353041,0.7443263482353041,0.43648704663049653,0.9299103653573169,0.23045747859218713,0.07287021687585389,0.07287021687585389,0.011904761904761904,0.011904761904761904,0.0005115664825479963,12500.0,168,168,cemhsey_forward_day_logo
cemhsey,cemhsey_forward_day_logo|D11,plain_conf_threshold_matched_tau_0.05,S13,grasp_protocol,D11,0.7380952380952381,0.7380952380952381,0.7355674466593303,0.7355674466593303,0.3836812625474072,0.8178001430148802,0.20384931762938216,0.06783131186964216,0.06783131186964216,0.023809523809523808,0.023809523809523808,0.0038679763617393845,12500.0,168,168,cemhsey_forward_day_logo
cemhsey,cemhsey_forward_day_logo|D02,plain_conf_threshold_matched_tau_0.10,S1,grasp_protocol,D02,0.47619047619047616,0.4761904761904762,0.44251072398897107,0.44251072398897107,0.6697434707350762,1.3110090246860282,0.1141714237043929,0.4731413893364755,0.4731413893364755,0.02976190476190476,0.02976190476190476,0.004282309967178503,12500.0,168,168,cemhsey_forward_day_logo
cemhsey,cemhsey_forward_day_logo|D02,plain_conf_threshold_matched_tau_0.10,S10,grasp_protocol,D02,0.2976190476190476,0.2976190476190476,0.26415121763482424,0.26415121763482424,0.8123659954558966,1.8088163971680127,0.16925284021741333,0.5327779396182044,0.5327779396182044,0.0,0.0,0.0,12500.0,168,168,cemhsey_forward_day_logo
cemhsey,cemhsey_forward_day_logo|D02,plain_conf_threshold_matched_tau_0.10,S2,grasp_protocol,D02,0.625,0.625,0.6066646709243725,0.6066646709243725,0.5808285714748829,1.1770183921403072,0.236341306302405,0.23747365604183887,0.23747365604183887,0.005952380952380952,0.005952380952380952,0.0005158612739509794,12500.0,168,168,cemhsey_forward_day_logo
cemhsey,cemhsey_forward_day_logo|D02,plain_conf_threshold_matched_tau_0.10,S3,grasp_protocol,D02,0.44642857142857145,0.44642857142857134,0.4156885456885457,0.4156885456885457,0.6573893525336743,1.3112742415143115,0.10426903265350626,0.42860436133400204,0.42860436133400204,0.017857142857142856,0.017857142857142856,0.0010862100798417376,12500.0,168,168,cemhsey_forward_day_logo
cemhsey,cemhsey_forward_day_logo|D02,plain_conf_threshold_matched_tau_0.10,S4,grasp_protocol,D02,0.2857142857142857,0.2857142857142857,0.2808414601683501,0.2808414601683501,0.724220482873427,1.4270486124530795,0.1549603845278385,0.5749146162528174,0.5749146162528174,0.017857142857142856,0.017857142857142856,0.002562163328135149,12500.0,168,168,cemhsey_forward_day_logo
cemhsey,cemhsey_forward_day_logo|D02,plain_conf_threshold_matched_tau_0.10,S5,grasp_protocol,D02,0.5654761904761905,0.5654761904761906,0.5392966465451493,0.5392966465451493,0.627470447760851,1.2922135915508057,0.21733307997375306,0.3036333782959162,0.3036333782959162,0.011904761904761904,0.011904761904761904,0.001924618913940011,12500.0,168,168,cemhsey_forward_day_logo
cemhsey,cemhsey_forward_day_logo|D02,plain_conf_threshold_matched_tau_0.10,S6,grasp_protocol,D02,0.4226190476190476,0.42261904761904756,0.4020433760113216,0.4020433760113216,0.6886518889162861,1.4030150151413696,0.10104941217799024,0.4369769734721644,0.4369769734721644,0.0,0.0,0.0,12500.0,168,168,cemhsey_forward_day_logo
cemhsey,cemhsey_forward_day_logo|D02,plain_conf_threshold_matched_tau_0.10,S7,grasp_protocol,D02,0.4226190476190476,0.4226190476190476,0.38736358254303366,0.38736358254303366,0.7502199927208674,1.6320366355249771,0.16186816527455278,0.3451158923781072,0.3451158923781072,0.0,0.0,0.0,12500.0,168,168,cemhsey_forward_day_logo
cemhsey,cemhsey_forward_day_logo|D02,plain_conf_threshold_matched_tau_0.10,S8,grasp_protocol,D02,0.2261904761904762,0.2261904761904762,0.19550307410725606,0.19550307410725606,0.8197254439218007,1.740149793234128,0.1005886583982383,0.7546323560762475,0.7546323560762475,0.0,0.0,0.0,12500.0,168,168,cemhsey_forward_day_logo
cemhsey,cemhsey_forward_day_logo|D02,plain_conf_threshold_matched_tau_0.10,S9,grasp_protocol,D02,0.27976190476190477,0.2797619047619048,0.25377022384092296,0.25377022384092296,0.7912146248134876,1.697305295188214,0.07627214002403103,0.6279453954475769,0.6279453954475769,0.0,0.0,0.0,12500.0,168,168,cemhsey_forward_day_logo
cemhsey,cemhsey_forward_day_logo|D02,plain_conf_threshold_matched_tau_0.10,S11,grasp_protocol,D02,0.5059523809523809,0.5059523809523809,0.4705477009325832,0.4705477009325832,0.6655684444962986,1.4006930223289462,0.12605233976454636,0.3242278930066577,0.3242278930066577,0.0,0.0,0.0,12500.0,168,168,cemhsey_forward_day_logo
cemhsey,cemhsey_forward_day_logo|D02,plain_conf_threshold_matched_tau_0.10,S12,grasp_protocol,D02,0.39285714285714285,0.39285714285714285,0.3985621800662451,0.3985621800662451,0.7280875698589655,1.4319654725449904,0.11262993964742216,0.5934497253190097,0.5934497253190097,0.0,0.0,0.0,12500.0,168,168,cemhsey_forward_day_logo
cemhsey,cemhsey_forward_day_logo|D02,plain_conf_threshold_matched_tau_0.10,S13,grasp_protocol,D02,0.5059523809523809,0.5059523809523809,0.49228496645511044,0.49228496645511044,0.6449921428248518,1.3640729842404429,0.12986772659220996,0.32317377914704926,0.32317377914704926,0.011904761904761904,0.011904761904761904,0.0013587301689886504,12500.0,168,168,cemhsey_forward_day_logo
cemhsey,cemhsey_forward_day_logo|D03,plain_conf_threshold_matched_tau_0.10,S1,grasp_protocol,D03,0.6666666666666666,0.6666666666666667,0.6375287892934952,0.6375287892934952,0.5006852245429577,1.0188247566036437,0.21025578787377708,0.13841429047753556,0.13841429047753556,0.017857142857142856,0.017857142857142856,0.0025163094116829677,12500.0,168,168,cemhsey_forward_day_logo
cemhsey,cemhsey_forward_day_logo|D03,plain_conf_threshold_matched_tau_0.10,S10,grasp_protocol,D03,0.3630952380952381,0.3630952380952381,0.31731887660721114,0.31731887660721114,0.7868845050925648,1.7133944422370946,0.06994661412429505,0.6246403785583567,0.6246403785583567,0.0,0.0,0.0,12500.0,168,168,cemhsey_forward_day_logo
cemhsey,cemhsey_forward_day_logo|D03,plain_conf_threshold_matched_tau_0.10,S2,grasp_protocol,D03,0.7321428571428571,0.7321428571428571,0.7273924319051523,0.7273924319051523,0.46604071372204114,0.9608822543072,0.2726226357279949,0.08704516606863054,0.08704516606863054,0.017857142857142856,0.017857142857142856,0.0009946295601284772,12500.0,168,168,cemhsey_forward_day_logo
cemhsey,cemhsey_forward_day_logo|D03,plain_conf_threshold_matched_tau_0.10,S3,grasp_protocol,D03,0.5595238095238095,0.5595238095238095,0.556966363781285,0.556966363781285,0.5819836459138967,1.1348475507223768,0.15199217237803192,0.28326704756006305,0.28326704756006305,0.005952380952380952,0.005952380952380952,0.0009225140638799221,12500.0,168,168,cemhsey_forward_day_logo
cemhsey,cemhsey_forward_day_logo|D03,plain_conf_threshold_matched_tau_0.10,S4,grasp_protocol,D03,0.48214285714285715,0.4821428571428571,0.47516989945943683,0.47516989945943683,0.6513977213755336,1.2651204880268485,0.1372874619101938,0.43096667688141654,0.43096667688141654,0.02976190476190476,0.02976190476190476,0.00352958811354481,12500.0,168,168,cemhsey_forward_day_logo
cemhsey,cemhsey_forward_day_logo|D03,plain_conf_threshold_matched_tau_0.10,S5,grasp_protocol,D03,0.5714285714285714,0.5714285714285714,0.5633134720260137,0.5633134720260137,0.5916918523735776,1.187945850691158,0.18719089322983298,0.2915289083832032,0.2915289083832032,0.005952380952380952,0.005952380952380952,0.0022970122243684103,12500.0,168,168,cemhsey_forward_day_logo
cemhsey,cemhsey_forward_day_logo|D03,plain_conf_threshold_matched_tau_0.10,S6,grasp_protocol,D03,0.4107142857142857,0.41071428571428575,0.404909660517836,0.404909660517836,0.7067522623458182,1.377888984032721,0.10148372207194416,0.5404994131440891,0.5404994131440891,0.03571428571428571,0.03571428571428571,0.0036497765191623303,12500.0,168,168,cemhsey_forward_day_logo
cemhsey,cemhsey_forward_day_logo|D03,plain_conf_threshold_matched_tau_0.10,S7,grasp_protocol,D03,0.42857142857142855,0.42857142857142855,0.36112033544639444,0.36112033544639444,0.7506859033721657,1.6613550183810764,0.17735300410976845,0.35855857033600363,0.35855857033600363,0.0,0.0,0.0,12500.0,168,168,cemhsey_forward_day_logo
cemhsey,cemhsey_forward_day_logo|D03,plain_conf_threshold_matched_tau_0.10,S8,grasp_protocol,D03,0.27380952380952384,0.2738095238095238,0.2639297210725782,0.2639297210725782,0.7752674660590664,1.5912823481617053,0.07395683167191086,0.6595579662470793,0.6595579662470793,0.0,0.0,0.0,12500.0,168,168,cemhsey_forward_day_logo
cemhsey,cemhsey_forward_day_logo|D03,plain_conf_threshold_matched_tau_0.10,S9,grasp_protocol,D03,0.3392857142857143,0.3392857142857143,0.32681405895691606,0.32681405895691606,0.7718066519120326,1.6426558573618903,0.046922198747724936,0.6131288126656591,0.6131288126656591,0.0,0.0,0.0,12500.0,168,168,cemhsey_forward_day_logo
cemhsey,cemhsey_forward_day_logo|D03,plain_conf_threshold_matched_tau_0.10,S11,grasp_protocol,D03,0.6726190476190477,0.6726190476190476,0.6532154897802264,0.6532154897802264,0.5277722424949411,1.0819865337248245,0.24253804472700757,0.1595348734121889,0.1595348734121889,0.0,0.0,0.0,12500.0,168,168,cemhsey_forward_day_logo
cemhsey,cemhsey_forward_day_logo|D03,plain_conf_threshold_matched_tau_0.10,S12,grasp_protocol,D03,0.5,0.5,0.490006446291729,0.490006446291729,0.6753025029359331,1.3829508271118742,0.18240106859227073,0.3495791445967805,0.3495791445967805,0.0,0.0,0.0,12500.0,168,168,cemhsey_forward_day_logo
cemhsey,cemhsey_forward_day_logo|D03,plain_conf_threshold_matched_tau_0.10,S13,grasp_protocol,D03,0.43452380952380953,0.4345238095238096,0.4059629121740923,0.4059629121740923,0.7002080603852415,1.4524431484154396,0.1148475037121015,0.3976443399580709,0.3976443399580709,0.0,0.0,0.0,12500.0,168,168,cemhsey_forward_day_logo
cemhsey,cemhsey_forward_day_logo|D04,plain_conf_threshold_matched_tau_0.10,S1,grasp_protocol,D04,0.7559523809523809,0.7559523809523808,0.757263725862977,0.757263725862977,0.3756330619618993,0.7931349113654359,0.20002493537795582,0.06595501564708377,0.06595501564708377,0.041666666666666664,0.041666666666666664,0.008882479771729797,12500.0,168,168,cemhsey_forward_day_logo
cemhsey,cemhsey_forward_day_logo|D04,plain_conf_threshold_matched_tau_0.10,S10,grasp_protocol,D04,0.5,0.5,0.5064840703103418,0.5064840703103418,0.6579507745967559,1.3828022475628183,0.17293468844022467,0.2605134762974409,0.2605134762974409,0.0,0.0,0.0,12500.0,168,168,cemhsey_forward_day_logo
cemhsey,cemhsey_forward_day_logo|D04,plain_conf_threshold_matched_tau_0.10,S2,grasp_protocol,D04,0.75,0.75,0.7378557071284014,0.7378557071284014,0.3829971428910214,0.8043578600084617,0.22275924532436875,0.06427990177002131,0.06427990177002131,0.05357142857142857,0.05357142857142857,0.0065713257925163705,12500.0,168,168,cemhsey_forward_day_logo
cemhsey,cemhsey_forward_day_logo|D04,plain_conf_threshold_matched_tau_0.10,S3,grasp_protocol,D04,0.5773809523809523,0.5773809523809523,0.5560558516687045,0.5560558516687045,0.5802083794352335,1.1683959110786037,0.15904951507510925,0.23633818483929991,0.23633818483929991,0.005952380952380952,0.005952380952380952,0.0013709133908992562,12500.0,168,168,cemhsey_forward_day_logo
cemhsey,cemhsey_forward_day_logo|D04,plain_conf_threshold_matched_tau_0.10,S4,grasp_protocol,D04,0.6011904761904762,0.6011904761904762,0.5776504601389394,0.5776504601389394,0.5497190654647722,1.0943580027332231,0.18327541138869485,0.18895244344545964,0.18895244344545964,0.02976190476190476,0.02976190476190476,0.005798572637946708,12500.0,168,168,cemhsey_forward_day_logo
cemhsey,cemhsey_forward_day_logo|D04,plain_conf_threshold_matched_tau_0.10,S5,grasp_protocol,D04,0.6547619047619048,0.6547619047619049,0.651365622770198,0.651365622770198,0.5073376760483526,1.051799413182308,0.20332584377739588,0.13510989884945468,0.13510989884945468,0.05357142857142857,0.05357142857142857,0.00271615539711779,12500.0,168,168,cemhsey_forward_day_logo
cemhsey,cemhsey_forward_day_logo|D04,plain_conf_threshold_matched_tau_0.10,S6,grasp_protocol,D04,0.5654761904761905,0.5654761904761905,0.5601444322036011,0.5601444322036011,0.6126596236880014,1.2426089895359094,0.19971641105442547,0.2432793252528819,0.2432793252528819,0.0,0.0,0.0,12500.0,168,168,cemhsey_forward_day_logo
cemhsey,cemhsey_forward_day_logo|D04,plain_conf_threshold_matched_tau_0.10,S7,grasp_protocol,D04,0.44642857142857145,0.44642857142857145,0.41885486468235417,0.41885486468235417,0.7320927778458348,1.5935559042417968,0.14731469865981778,0.4022258011208383,0.4022258011208383,0.0,0.0,0.0,12500.0,168,168,cemhsey_forward_day_logo
cemhsey,cemhsey_forward_day_logo|D04,plain_conf_threshold_matched_tau_0.10,S8,grasp_protocol,D04,0.2857142857142857,0.2857142857142857,0.24432599613271883,0.24432599613271883,0.8313684979743873,1.8142163755344995,0.07987978476360226,0.7110816936831529,0.7110816936831529,0.02976190476190476,0.02976190476190476,0.0027164009758977935,12500.0,168,168,cemhsey_forward_day_logo
cemhsey,cemhsey_forward_day_logo|D04,plain_conf_threshold_matched_tau_0.10,S9,grasp_protocol,D04,0.4107142857142857,0.41071428571428575,0.39353593128891523,0.39353593128891523,0.7295905639852219,1.508126684463345,0.10428050013084829,0.5211861208706465,0.5211861208706465,0.0,0.0,0.0,12500.0,168,168,cemhsey_forward_day_logo
cemhsey,cemhsey_forward_day_logo|D04,plain_conf_threshold_matched_tau_0.10,S11,grasp_protocol,D04,0.5773809523809523,0.5773809523809524,0.5623899027231173,0.5623899027231173,0.5654661890679058,1.1683031492045746,0.14359376122982626,0.2015025355859334,0.2015025355859334,0.017857142857142856,0.017857142857142856,0.005381584447011407,12500.0,168,168,cemhsey_forward_day_logo
cemhsey,cemhsey_forward_day_logo|D04,plain_conf_threshold_matched_tau_0.10,S12,grasp_protocol,D04,0.6428571428571429,0.6428571428571429,0.6453445787268307,0.6453445787268307,0.5366310316467346,1.1192937960122902,0.2190571387236459,0.13650819285475513,0.13650819285475513,0.011904761904761904,0.011904761904761904,0.002372202653541728,12500.0,168,168,cemhsey_forward_day_logo
cemhsey,cemhsey_forward_day_logo|D04,plain_conf_threshold_matched_tau_0.10,S13,grasp_protocol,D04,0.7142857142857143,0.7142857142857143,0.7112975715045812,0.7112975715045812,0.54263439195693,1.1217648007872998,0.32386890014900543,0.09354864938841993,0.09354864938841993,0.0,0.0,0.0,12500.0,168,168,cemhsey_forward_day_logo
cemhsey,cemhsey_forward_day_logo|D05,plain_conf_threshold_matched_tau_0.10,S1,grasp_protocol,D05,0.7261904761904762,0.7261904761904762,0.7233121852021587,0.7233121852021587,0.44216241856565375,0.8621426036839931,0.1832972860504711,0.1507494933513211,0.1507494933513211,0.047619047619047616,0.047619047619047616,0.0062038471376889585,12500.0,168,168,cemhsey_forward_day_logo
cemhsey,cemhsey_forward_day_logo|D05,plain_conf_threshold_matched_tau_0.10,S10,grasp_protocol,D05,0.4880952380952381,0.4880952380952381,0.4523050920697118,0.4523050920697118,0.6541050366412089,1.3465629222238564,0.136567824796885,0.3547686093962479,0.3547686093962479,0.011904761904761904,0.011904761904761904,0.00354367946837237,12500.0,168,168,cemhsey_forward_day_logo
cemhsey,cemhsey_forward_day_logo|D05,plain_conf_threshold_matched_tau_0.10,S2,grasp_protocol,D05,0.8571428571428571,0.857142857142857,0.8579353353227673,0.8579353353227673,0.3346568608941406,0.7209843695461038,0.2953759974741962,0.030794114780868992,0.030794114780868992,0.03571428571428571,0.03571428571428571,0.003216957647139274,12500.0,168,168,cemhsey_forward_day_logo
cemhsey,cemhsey_forward_day_logo|D05,plain_conf_threshold_matched_tau_0.10,S3,grasp_protocol,D05,0.7202380952380952,0.7202380952380952,0.7041558910576848,0.7041558910576848,0.4961217039571738,0.976620432330812,0.25880229365057544,0.1610734182587637,0.1610734182587637,0.017857142857142856,0.017857142857142856,0.0006621242827780238,12500.0,168,168,cemhsey_forward_day_logo
cemhsey,cemhsey_forward_day_logo|D05,plain_conf_threshold_matched_tau_0.10,S4,grasp_protocol,D05,0.5416666666666666,0.5416666666666666,0.5448361162646876,0.5448361162646876,0.5614362664551449,1.0987508179168504,0.14524883641355066,0.2501581334872565,0.2501581334872565,0.005952380952380952,0.005952380952380952,0.0006583320104166914,12500.0,168,168,cemhsey_forward_day_logo
cemhsey,cemhsey_forward_day_logo|D05,plain_conf_threshold_matched_tau_0.10,S5,grasp_protocol,D05,0.7023809523809523,0.7023809523809523,0.6910644419492865,0.6910644419492865,0.44225502384619475,0.9139053982559505,0.22588762526138634,0.10476187712402045,0.10476187712402045,0.023809523809523808,0.023809523809523808,0.003165805814776268,12500.0,168,168,cemhsey_forward_day_logo
cemhsey,cemhsey_forward_day_logo|D05,plain_conf_threshold_matched_tau_0.10,S6,grasp_protocol,D05,0.6904761904761905,0.6904761904761905,0.6876497368973429,0.6876497368973429,0.5029837747995257,0.9967583022812605,0.24344493276371829,0.1761673014804666,0.1761673014804666,0.023809523809523808,0.023809523809523808,0.002933420804590408,12500.0,168,168,cemhsey_forward_day_logo
cemhsey,cemhsey_forward_day_logo|D05,plain_conf_threshold_matched_tau_0.10,S7,grasp_protocol,D05,0.5416666666666666,0.5416666666666666,0.5503688921456028,0.5503688921456028,0.6776378510156741,1.4523585483522066,0.2341505868005371,0.21573783743542366,0.21573783743542366,0.0,0.0,0.0,12500.0,168,168,cemhsey_forward_day_logo
cemhsey,cemhsey_forward_day_logo|D05,plain_conf_threshold_matched_tau_0.10,S8,grasp_protocol,D05,0.30357142857142855,0.30357142857142855,0.25676470726859507,0.25676470726859507,0.7859642141733078,1.609666759887981,0.07949536313599366,0.684805106107866,0.684805106107866,0.023809523809523808,0.023809523809523808,0.0017515899570448498,12500.0,168,168,cemhsey_forward_day_logo
cemhsey,cemhsey_forward_day_logo|D05,plain_conf_threshold_matched_tau_0.10,S9,grasp_protocol,D05,0.3869047619047619,0.38690476190476186,0.3654364728360275,0.3654364728360275,0.6961222660441295,1.3942579506068618,0.0711312759235804,0.45616660102120915,0.45616660102120915,0.0,0.0,0.0,12500.0,168,168,cemhsey_forward_day_logo
cemhsey,cemhsey_forward_day_logo|D05,plain_conf_threshold_matched_tau_0.10,S11,grasp_protocol,D05,0.7440476190476191,0.7440476190476192,0.739871595441276,0.739871595441276,0.46598313313550643,0.979458568436369,0.2738887507786861,0.08776757936050131,0.08776757936050131,0.02976190476190476,0.02976190476190476,0.004418501861120646,12500.0,168,168,cemhsey_forward_day_logo
cemhsey,cemhsey_forward_day_logo|D05,plain_conf_threshold_matched_tau_0.10,S12,grasp_protocol,D05,0.6785714285714286,0.6785714285714286,0.6771290620543928,0.6771290620543928,0.49189680805758346,0.9991935598019523,0.23704932299672327,0.12968688987970245,0.12968688987970245,0.005952380952380952,0.005952380952380952,0.00046014638541776425,12500.0,168,168,cemhsey_forward_day_logo
cemhsey,cemhsey_forward_day_logo|D05,plain_conf_threshold_matched_tau_0.10,S13,grasp_protocol,D05,0.6785714285714286,0.6785714285714286,0.6727848079300519,0.6727848079300519,0.49932297952366705,1.079515590282589,0.2410530860945982,0.09980805827382336,0.09980805827382336,0.011904761904761904,0.011904761904761904,0.0015187692229386384,12500.0,168,168,cemhsey_forward_day_logo
cemhsey,cemhsey_forward_day_logo|D06,plain_conf_threshold_matched_tau_0.10,S1,grasp_protocol,D06,0.8035714285714286,0.8035714285714285,0.8061042598857726,0.8061042598857726,0.4106743681816031,0.8815627585827335,0.29160110847995985,0.04355350930400882,0.04355350930400882,0.05952380952380952,0.05952380952380952,0.006876532987180545,12500.0,168,168,cemhsey_forward_day_logo
cemhsey,cemhsey_forward_day_logo|D06,plain_conf_threshold_matched_tau_0.10,S10,grasp_protocol,D06,0.5416666666666666,0.5416666666666667,0.5218845704634856,0.5218845704634856,0.644200281051656,1.6254786084914872,0.15177024803089317,0.352104318564906,0.352104318564906,0.0,0.0,0.0,12500.0,168,168,cemhsey_forward_day_logo
cemhsey,cemhsey_forward_day_logo|D06,plain_conf_threshold_matched_tau_0.10,S2,grasp_protocol,D06,0.8630952380952381,0.863095238095238,0.8564513304256234,0.8564513304256234,0.2805512323359208,0.6114034435353559,0.24482399552768624,0.029826447529637912,0.029826447529637912,0.05952380952380952,0.05952380952380952,0.006540866041551688,12500.0,168,168,cemhsey_forward_day_logo
cemhsey,cemhsey_forward_day_logo|D06,plain_conf_threshold_matched_tau_0.10,S3,grasp_protocol,D06,0.7857142857142857,0.7857142857142856,0.7831153298217474,0.7831153298217474,0.41596855431861585,0.8607147802035258,0.27687388958004366,0.06846951414098738,0.06846951414098738,0.023809523809523808,0.023809523809523808,0.003756672637979737,12500.0,168,168,cemhsey_forward_day_logo
cemhsey,cemhsey_forward_day_logo|D06,plain_conf_threshold_matched_tau_0.10,S4,grasp_protocol,D06,0.5595238095238095,0.5595238095238095,0.5483482503890668,0.5483482503890668,0.6054223797763287,1.212658043311028,0.1558281833445587,0.26594506023819986,0.26594506023819986,0.0,0.0,0.0,12500.0,168,168,cemhsey_forward_day_logo
cemhsey,cemhsey_forward_day_logo|D06,plain_conf_threshold_matched_tau_0.10,S5,grasp_protocol,D06,0.7023809523809523,0.7023809523809524,0.6949693034002168,0.6949693034002168,0.4365113053566824,0.8711958734052019,0.19568043301671698,0.12112068658186426,0.12112068658186426,0.07738095238095238,0.07738095238095238,0.007221904315349838,12500.0,168,168,cemhsey_forward_day_logo
cemhsey,cemhsey_forward_day_logo|D06,plain_conf_threshold_matched_tau_0.10,S6,grasp_protocol,D06,0.7559523809523809,0.755952380952381,0.7533974509343968,0.7533974509343968,0.432841311359245,0.8914003893929828,0.2550443119160801,0.0975891272472704,0.0975891272472704,0.02976190476190476,0.02976190476190476,0.0023362440806599938,12500.0,168,168,cemhsey_forward_day_logo
cemhsey,cemhsey_forward_day_logo|D06,plain_conf_threshold_matched_tau_0.10,S7,grasp_protocol,D06,0.49404761904761907,0.494047619047619,0.46527051368541106,0.46527051368541106,0.6836750291889182,1.462801823733837,0.1877857219776298,0.2700724274415851,0.2700724274415851,0.0,0.0,0.0,12500.0,168,168,cemhsey_forward_day_logo
cemhsey,cemhsey_forward_day_logo|D06,plain_conf_threshold_matched_tau_0.10,S8,grasp_protocol,D06,0.20238095238095238,0.20238095238095238,0.1708739099246618,0.1708739099246618,0.8700691418549182,2.169834273649092,0.16866905944858981,0.83881293355322,0.83881293355322,0.02976190476190476,0.02976190476190476,0.0030921395528320634,12500.0,168,168,cemhsey_forward_day_logo
cemhsey,cemhsey_forward_day_logo|D06,plain_conf_threshold_matched_tau_0.10,S9,grasp_protocol,D06,0.3392857142857143,0.3392857142857143,0.31493185610436286,0.31493185610436286,0.7581157969155186,1.5821567947019097,0.10033787833321928,0.5585946443174865,0.5585946443174865,0.005952380952380952,0.005952380952380952,8.075062380354583e-05,12500.0,168,168,cemhsey_forward_day_logo
cemhsey,cemhsey_forward_day_logo|D06,plain_conf_threshold_matched_tau_0.10,S11,grasp_protocol,D06,0.7440476190476191,0.744047619047619,0.7265581907895913,0.7265581907895913,0.3936754638901669,0.8325331068897265,0.18517004990671454,0.08543546712167126,0.08543546712167126,0.041666666666666664,0.041666666666666664,0.00929682841904508,12500.0,168,168,cemhsey_forward_day_logo
cemhsey,cemhsey_forward_day_logo|D06,plain_conf_threshold_matched_tau_0.10,S12,grasp_protocol,D06,0.8273809523809523,0.8273809523809523,0.8242070575699679,0.8242070575699679,0.35109002284017615,0.7516509018396719,0.2893651911394022,0.03373954685945243,0.03373954685945243,0.03571428571428571,0.03571428571428571,0.004424881556347972,12500.0,168,168,cemhsey_forward_day_logo
cemhsey,cemhsey_forward_day_logo|D06,plain_conf_threshold_matched_tau_0.10,S13,grasp_protocol,D06,0.7916666666666666,0.7916666666666667,0.7925821101136669,0.7925821101136669,0.41633497278155085,0.8754801270957547,0.29709959755308935,0.05337664472723371,0.05337664472723371,0.011904761904761904,0.011904761904761904,0.003973903582007165,12500.0,168,168,cemhsey_forward_day_logo
cemhsey,cemhsey_forward_day_logo|D07,plain_conf_threshold_matched_tau_0.10,S1,grasp_protocol,D07,0.8630952380952381,0.8630952380952381,0.8602156104928139,0.8602156104928139,0.34303390199074085,0.7291524156615303,0.3117497783110275,0.0315139820534171,0.0315139820534171,0.011904761904761904,0.011904761904761904,0.0015478850859890012,12500.0,168,168,cemhsey_forward_day_logo
cemhsey,cemhsey_forward_day_logo|D07,plain_conf_threshold_matched_tau_0.10,S10,grasp_protocol,D07,0.5416666666666666,0.5416666666666666,0.5209366586242081,0.5209366586242081,0.5908984878654266,1.6491448298824356,0.14627789787124001,0.32172331766749823,0.32172331766749823,0.011904761904761904,0.011904761904761904,0.0016147055370202544,12500.0,168,168,cemhsey_forward_day_logo
cemhsey,cemhsey_forward_day_logo|D07,plain_conf_threshold_matched_tau_0.10,S2,grasp_protocol,D07,0.7916666666666666,0.7916666666666667,0.7963571575816475,0.7963571575816475,0.37041458810828376,0.7859541489931446,0.25154062018808054,0.056303516965450495,0.056303516965450495,0.005952380952380952,0.005952380952380952,0.00015147295352167437,12500.0,168,168,cemhsey_forward_day_logo
cemhsey,cemhsey_forward_day_logo|D07,plain_conf_threshold_matched_tau_0.10,S3,grasp_protocol,D07,0.7023809523809523,0.7023809523809523,0.7021264918799659,0.7021264918799659,0.5537765542113344,1.1406870488016092,0.2879939496511177,0.15643563297632868,0.15643563297632868,0.0,0.0,0.0,12500.0,168,168,cemhsey_forward_day_logo
cemhsey,cemhsey_forward_day_logo|D07,plain_conf_threshold_matched_tau_0.10,S4,grasp_protocol,D07,0.6309523809523809,0.6309523809523808,0.6289271497967149,0.6289271497967149,0.5486567871236261,1.0584985779815268,0.19613601237721442,0.22980042792606184,0.22980042792606184,0.011904761904761904,0.011904761904761904,0.002014398223838303,12500.0,168,168,cemhsey_forward_day_logo
cemhsey,cemhsey_forward_day_logo|D07,plain_conf_threshold_matched_tau_0.10,S5,grasp_protocol,D07,0.7797619047619048,0.7797619047619048,0.7571581423717518,0.7571581423717518,0.40029217539947964,0.8470455899509385,0.26345919870755075,0.07380558654342008,0.07380558654342008,0.017857142857142856,0.017857142857142856,0.0020465962771570845,12500.0,168,168,cemhsey_forward_day_logo
cemhsey,cemhsey_forward_day_logo|D07,plain_conf_threshold_matched_tau_0.10,S6,grasp_protocol,D07,0.75,0.75,0.7454082554898002,0.7454082554898002,0.4475772244711302,0.9049199398152468,0.28345081135857075,0.07558307006195981,0.07558307006195981,0.005952380952380952,0.005952380952380952,0.00042312896614135555,12500.0,168,168,cemhsey_forward_day_logo
cemhsey,cemhsey_forward_day_logo|D07,plain_conf_threshold_matched_tau_0.10,S7,grasp_protocol,D07,0.4880952380952381,0.4880952380952381,0.4429903066778792,0.4429903066778792,0.6653893444866248,1.4533773055797126,0.16991089993634637,0.2690371893298551,0.2690371893298551,0.0,0.0,0.0,12500.0,168,168,cemhsey_forward_day_logo
cemhsey,cemhsey_forward_day_logo|D07,plain_conf_threshold_matched_tau_0.10,S8,grasp_protocol,D07,0.23809523809523808,0.2380952380952381,0.1973462915241891,0.1973462915241891,0.80557642812525,1.6331827601117577,0.13942319106371898,0.7222575513015761,0.7222575513015761,0.005952380952380952,0.005952380952380952,0.00016198303292783983,12500.0,168,168,cemhsey_forward_day_logo
cemhsey,cemhsey_forward_day_logo|D07,plain_conf_threshold_matched_tau_0.10,S9,grasp_protocol,D07,0.4226190476190476,0.4226190476190476,0.3946542586461045,0.3946542586461045,0.7316887251089432,1.5596233965875779,0.12488295967187409,0.4419353244885016,0.4419353244885016,0.0,0.0,0.0,12500.0,168,168,cemhsey_forward_day_logo
cemhsey,cemhsey_forward_day_logo|D07,plain_conf_threshold_matched_tau_0.10,S11,grasp_protocol,D07,0.75,0.75,0.7372632989605795,0.7372632989605795,0.4282191680733563,0.8895531932776712,0.2475164109391901,0.07669966626902902,0.07669966626902902,0.011904761904761904,0.011904761904761904,0.0015383937061267494,12500.0,168,168,cemhsey_forward_day_logo
cemhsey,cemhsey_forward_day_logo|D07,plain_conf_threshold_matched_tau_0.10,S12,grasp_protocol,D07,0.7380952380952381,0.7380952380952381,0.7326128375451267,0.7326128375451267,0.4841681361448464,1.0299387126749662,0.3096206431635306,0.06938909667059956,0.06938909667059956,0.011904761904761904,0.011904761904761904,0.0004794959345589903,12500.0,168,168,cemhsey_forward_day_logo
cemhsey,cemhsey_forward_day_logo|D07,plain_conf_threshold_matched_tau_0.10,S13,grasp_protocol,D07,0.7678571428571429,0.7678571428571429,0.7671670260168346,0.7671670260168346,0.44630228360894947,0.9346427396537093,0.29484440929730166,0.07324808304892,0.07324808304892,0.005952380952380952,0.005952380952380952,0.00020370588607253722,12500.0,168,168,cemhsey_forward_day_logo
cemhsey,cemhsey_forward_day_logo|D08,plain_conf_threshold_matched_tau_0.10,S1,grasp_protocol,D08,0.8273809523809523,0.8273809523809524,0.8259195198651913,0.8259195198651913,0.3155530634132443,0.68016844753702,0.26800156153566723,0.032014454539969345,0.032014454539969345,0.07738095238095238,0.07738095238095238,0.007604595219923415,12500.0,168,168,cemhsey_forward_day_logo
cemhsey,cemhsey_forward_day_logo|D08,plain_conf_threshold_matched_tau_0.10,S10,grasp_protocol,D08,0.5833333333333334,0.5833333333333334,0.5742074691152135,0.5742074691152135,0.5615334253073593,1.1224861987484331,0.16913382909933236,0.2243542133431537,0.2243542133431537,0.005952380952380952,0.005952380952380952,0.001115792591101757,12500.0,168,168,cemhsey_forward_day_logo
cemhsey,cemhsey_forward_day_logo|D08,plain_conf_threshold_matched_tau_0.10,S2,grasp_protocol,D08,0.8214285714285714,0.8214285714285714,0.8197484043695684,0.8197484043695684,0.28186809966945436,0.6156595829186207,0.23775734078883035,0.029105649396843673,0.029105649396843673,0.10119047619047619,0.10119047619047619,0.009054308786253972,12500.0,168,168,cemhsey_forward_day_logo
cemhsey,cemhsey_forward_day_logo|D08,plain_conf_threshold_matched_tau_0.10,S3,grasp_protocol,D08,0.6726190476190477,0.6726190476190476,0.6629129059931628,0.6629129059931628,0.5568962308798507,1.097120875256196,0.2702308992500721,0.2758105768433142,0.2758105768433142,0.017857142857142856,0.017857142857142856,0.0014702737864624258,12500.0,168,168,cemhsey_forward_day_logo
cemhsey,cemhsey_forward_day_logo|D08,plain_conf_threshold_matched_tau_0.10,S4,grasp_protocol,D08,0.6666666666666666,0.6666666666666666,0.6681532789880291,0.6681532789880291,0.48640609159032794,0.9750025887272803,0.1839072894364768,0.12934106638646037,0.12934106638646037,0.041666666666666664,0.041666666666666664,0.003486560762783167,12500.0,168,168,cemhsey_forward_day_logo
cemhsey,cemhsey_forward_day_logo|D08,plain_conf_threshold_matched_tau_0.10,S5,grasp_protocol,D08,0.6785714285714286,0.6785714285714286,0.6702715411413784,0.6702715411413784,0.46996802902099283,0.9277156797961497,0.20902940843404677,0.1606106278163902,0.1606106278163902,0.03571428571428571,0.03571428571428571,0.004090252333388505,12500.0,168,168,cemhsey_forward_day_logo
cemhsey,cemhsey_forward_day_logo|D08,plain_conf_threshold_matched_tau_0.10,S6,grasp_protocol,D08,0.7619047619047619,0.761904761904762,0.7602084116931481,0.7602084116931481,0.43632084216899825,0.9120399133835196,0.29605512515779764,0.06584639057109462,0.06584639057109462,0.02976190476190476,0.02976190476190476,0.002254573989204779,12500.0,168,168,cemhsey_forward_day_logo
cemhsey,cemhsey_forward_day_logo|D08,plain_conf_threshold_matched_tau_0.10,S7,grasp_protocol,D08,0.6666666666666666,0.6666666666666667,0.6768654645527679,0.6768654645527679,0.5799693582136191,1.2264451121078512,0.3124748968916233,0.13107158624012374,0.13107158624012374,0.0,0.0,0.0,12500.0,168,168,cemhsey_forward_day_logo
cemhsey,cemhsey_forward_day_logo|D08,plain_conf_threshold_matched_tau_0.10,S8,grasp_protocol,D08,0.24404761904761904,0.24404761904761907,0.2026222335488228,0.2026222335488228,0.8376373906224137,1.9698416715827671,0.15593556326741242,0.8227902524157564,0.8227902524157564,0.03571428571428571,0.03571428571428571,0.004916876338264473,12500.0,168,168,cemhsey_forward_day_logo
cemhsey,cemhsey_forward_day_logo|D08,plain_conf_threshold_matched_tau_0.10,S9,grasp_protocol,D08,0.3630952380952381,0.36309523809523814,0.3238413838858613,0.3238413838858613,0.7490493174981185,1.6043993546947415,0.05774920440148912,0.5107400859131339,0.5107400859131339,0.0,0.0,0.0,12500.0,168,168,cemhsey_forward_day_logo
cemhsey,cemhsey_forward_day_logo|D08,plain_conf_threshold_matched_tau_0.10,S11,grasp_protocol,D08,0.8273809523809523,0.8273809523809523,0.821550035727487,0.821550035727487,0.30538973998344454,0.6814847985937799,0.2428762020037271,0.029498718389128792,0.029498718389128792,0.02976190476190476,0.02976190476190476,0.0049242317169112485,12500.0,168,168,cemhsey_forward_day_logo
cemhsey,cemhsey_forward_day_logo|D08,plain_conf_threshold_matched_tau_0.10,S12,grasp_protocol,D08,0.6964285714285714,0.6964285714285714,0.6860708396162642,0.6860708396162642,0.45120120599601743,0.9337097626170483,0.20978070522598632,0.1383327712302038,0.1383327712302038,0.017857142857142856,0.017857142857142856,0.0007009314538295295,12500.0,168,168,cemhsey_forward_day_logo
cemhsey,cemhsey_forward_day_logo|D08,plain_conf_threshold_matched_tau_0.10,S13,grasp_protocol,D08,0.7559523809523809,0.755952380952381,0.752804231036971,0.752804231036971,0.4514424215551626,0.9159485074506593,0.2756272427609685,0.09601728617224908,0.09601728617224908,0.011904761904761904,0.011904761904761904,0.0013843180386603955,12500.0,168,168,cemhsey_forward_day_logo
cemhsey,cemhsey_forward_day_logo|D09,plain_conf_threshold_matched_tau_0.10,S1,grasp_protocol,D09,0.8690476190476191,0.869047619047619,0.8657543649871016,0.8657543649871016,0.2910888873980264,0.632716760704884,0.26701591293171173,0.02397269238117055,0.02397269238117055,0.05952380952380952,0.05952380952380952,0.008580245361970686,12500.0,168,168,cemhsey_forward_day_logo
cemhsey,cemhsey_forward_day_logo|D09,plain_conf_threshold_matched_tau_0.10,S10,grasp_protocol,D09,0.49404761904761907,0.494047619047619,0.45755348214774777,0.45755348214774777,0.6583135715205509,1.304578808645397,0.07099067979492807,0.3925640475427952,0.3925640475427952,0.0,0.0,0.0,12500.0,168,168,cemhsey_forward_day_logo
cemhsey,cemhsey_forward_day_logo|D09,plain_conf_threshold_matched_tau_0.10,S2,grasp_protocol,D09,0.8630952380952381,0.8630952380952381,0.8619022523370349,0.8619022523370349,0.27078365154241346,0.5824193744106404,0.2535197457763787,0.02143464641216799,0.02143464641216799,0.05357142857142857,0.05357142857142857,0.007977741490011911,12500.0,168,168,cemhsey_forward_day_logo
cemhsey,cemhsey_forward_day_logo|D09,plain_conf_threshold_matched_tau_0.10,S3,grasp_protocol,D09,0.6428571428571429,0.6428571428571429,0.6124643478376648,0.6124643478376648,0.5070089054970415,1.0312498363168745,0.16985574086492594,0.17784183425115718,0.17784183425115718,0.005952380952380952,0.005952380952380952,0.0006020145394426293,12500.0,168,168,cemhsey_forward_day_logo
cemhsey,cemhsey_forward_day_logo|D09,plain_conf_threshold_matched_tau_0.10,S4,grasp_protocol,D09,0.6607142857142857,0.6607142857142857,0.6550216323252637,0.6550216323252637,0.5164262058926123,1.0061587200669735,0.197825111878141,0.16699656023093423,0.16699656023093423,0.0,0.0,0.0,12500.0,168,168,cemhsey_forward_day_logo
cemhsey,cemhsey_forward_day_logo|D09,plain_conf_threshold_matched_tau_0.10,S5,grasp_protocol,D09,0.6964285714285714,0.6964285714285714,0.6836498882061346,0.6836498882061346,0.42874841079828757,0.8747439811951819,0.18632077660336047,0.11658540707983521,0.11658540707983521,0.05357142857142857,0.05357142857142857,0.004514876902039843,12500.0,168,168,cemhsey_forward_day_logo
cemhsey,cemhsey_forward_day_logo|D09,plain_conf_threshold_matched_tau_0.10,S6,grasp_protocol,D09,0.7976190476190477,0.7976190476190476,0.7982549595543811,0.7982549595543811,0.365172341126454,0.7604809458397049,0.24658212821815575,0.05919349650440407,0.05919349650440407,0.047619047619047616,0.047619047619047616,0.0018122381971098426,12500.0,168,168,cemhsey_forward_day_logo
cemhsey,cemhsey_forward_day_logo|D09,plain_conf_threshold_matched_tau_0.10,S7,grasp_protocol,D09,0.5535714285714286,0.5535714285714286,0.5060564225690276,0.5060564225690276,0.63344367452628,1.354877406841197,0.21053674738277173,0.20641389543226926,0.20641389543226926,0.0,0.0,0.0,12500.0,168,168,cemhsey_forward_day_logo
cemhsey,cemhsey_forward_day_logo|D09,plain_conf_threshold_matched_tau_0.10,S8,grasp_protocol,D09,0.23214285714285715,0.23214285714285715,0.15764163372859025,0.15764163372859025,0.8267275312456273,1.7035616177273358,0.13977225747690478,0.7339092979693789,0.7339092979693789,0.023809523809523808,0.023809523809523808,0.004243504448496399,12500.0,168,168,cemhsey_forward_day_logo
cemhsey,cemhsey_forward_day_logo|D09,plain_conf_threshold_matched_tau_0.10,S9,grasp_protocol,D09,0.39285714285714285,0.3928571428571428,0.3602950601890157,0.3602950601890157,0.7131228476379492,1.4756188763204547,0.08312940839054056,0.4330097817895545,0.4330097817895545,0.0,0.0,0.0,12500.0,168,168,cemhsey_forward_day_logo
cemhsey,cemhsey_forward_day_logo|D09,plain_conf_threshold_matched_tau_0.10,S11,grasp_protocol,D09,0.8095238095238095,0.8095238095238095,0.8073679688005048,0.8073679688005048,0.35581106575359234,0.7604551702747157,0.2658090479742409,0.036414899762771714,0.036414899762771714,0.03571428571428571,0.03571428571428571,0.005274115513422791,12500.0,168,168,cemhsey_forward_day_logo
cemhsey,cemhsey_forward_day_logo|D09,plain_conf_threshold_matched_tau_0.10,S12,grasp_protocol,D09,0.6904761904761905,0.6904761904761905,0.6721415571550342,0.6721415571550342,0.43775277492163295,0.8716549819732635,0.16518343301665248,0.13638048421358184,0.13638048421358184,0.017857142857142856,0.017857142857142856,0.0014220951732512447,12500.0,168,168,cemhsey_forward_day_logo
cemhsey,cemhsey_forward_day_logo|D09,plain_conf_threshold_matched_tau_0.10,S13,grasp_protocol,D09,0.6666666666666666,0.6666666666666667,0.626434413668971,0.626434413668971,0.48647870243118885,1.033054256224426,0.19740680224885904,0.11446655823998778,0.11446655823998778,0.0,0.0,0.0,12500.0,168,168,cemhsey_forward_day_logo
cemhsey,cemhsey_forward_day_logo|D10,plain_conf_threshold_matched_tau_0.10,S1,grasp_protocol,D10,0.8988095238095238,0.8988095238095237,0.8984099499453541,0.8984099499453541,0.2612818131330394,0.5971868254066492,0.2917374072620555,0.012942192527735713,0.012942192527735713,0.07738095238095238,0.07738095238095238,0.008760037568206994,12500.0,168,168,cemhsey_forward_day_logo
cemhsey,cemhsey_forward_day_logo|D10,plain_conf_threshold_matched_tau_0.10,S10,grasp_protocol,D10,0.6845238095238095,0.6845238095238094,0.6828682896203521,0.6828682896203521,0.49711617185370954,1.02554731498973,0.22886723511872817,0.11332201372094122,0.11332201372094122,0.017857142857142856,0.017857142857142856,0.0017858486433684848,12500.0,168,168,cemhsey_forward_day_logo
cemhsey,cemhsey_forward_day_logo|D10,plain_conf_threshold_matched_tau_0.10,S2,grasp_protocol,D10,0.8452380952380952,0.8452380952380951,0.8476990573516778,0.8476990573516778,0.2974820859802201,0.658781963030207,0.25130345188259834,0.029713094789726825,0.029713094789726825,0.05952380952380952,0.05952380952380952,0.004122922111019633,12500.0,168,168,cemhsey_forward_day_logo
cemhsey,cemhsey_forward_day_logo|D10,plain_conf_threshold_matched_tau_0.10,S3,grasp_protocol,D10,0.625,0.625,0.6241992238904988,0.6241992238904988,0.5248754094416755,1.0559008481523515,0.21512120340634325,0.1485959770661792,0.1485959770661792,0.005952380952380952,0.005952380952380952,0.0006880289861464059,12500.0,168,168,cemhsey_forward_day_logo
cemhsey,cemhsey_forward_day_logo|D10,plain_conf_threshold_matched_tau_0.10,S4,grasp_protocol,D10,0.5892857142857143,0.5892857142857143,0.5882237743582281,0.5882237743582281,0.5832087148829755,1.1694452966759552,0.2268694400027991,0.2202429768886058,0.2202429768886058,0.0,0.0,0.0,12500.0,168,168,cemhsey_forward_day_logo
cemhsey,cemhsey_forward_day_logo|D10,plain_conf_threshold_matched_tau_0.10,S5,grasp_protocol,D10,0.7083333333333334,0.7083333333333333,0.6940174098173911,0.6940174098173911,0.46278309960330216,0.9264584219005881,0.21487619564853896,0.13865766948856115,0.13865766948856115,0.011904761904761904,0.011904761904761904,0.0013061801373806111,12500.0,168,168,cemhsey_forward_day_logo
cemhsey,cemhsey_forward_day_logo|D10,plain_conf_threshold_matched_tau_0.10,S6,grasp_protocol,D10,0.7797619047619048,0.7797619047619049,0.7787926796226656,0.7787926796226656,0.3771824166104542,0.7910967161098592,0.23864250196515646,0.06920401822329615,0.06920401822329615,0.047619047619047616,0.047619047619047616,0.003781319382455393,12500.0,168,168,cemhsey_forward_day_logo
cemhsey,cemhsey_forward_day_logo|D10,plain_conf_threshold_matched_tau_0.10,S7,grasp_protocol,D10,0.6547619047619048,0.6547619047619048,0.6314256043370436,0.6314256043370436,0.5673861109181282,1.224738020882444,0.30361370849391206,0.11827347953850621,0.11827347953850621,0.0,0.0,0.0,12500.0,168,168,cemhsey_forward_day_logo
cemhsey,cemhsey_forward_day_logo|D10,plain_conf_threshold_matched_tau_0.10,S8,grasp_protocol,D10,0.21428571428571427,0.21428571428571427,0.19080579506272582,0.19080579506272582,0.8251174754439745,1.7764550157104875,0.11799435785331565,0.731631141809413,0.731631141809413,0.005952380952380952,0.005952380952380952,0.00019980765016466178,12500.0,168,168,cemhsey_forward_day_logo
cemhsey,cemhsey_forward_day_logo|D10,plain_conf_threshold_matched_tau_0.10,S9,grasp_protocol,D10,0.30952380952380953,0.3095238095238095,0.31171069349654734,0.31171069349654734,0.7839212584428998,1.5993626850728364,0.1194139999050255,0.6753712442882998,0.6753712442882998,0.0,0.0,0.0,12500.0,168,168,cemhsey_forward_day_logo
cemhsey,cemhsey_forward_day_logo|D10,plain_conf_threshold_matched_tau_0.10,S11,grasp_protocol,D10,0.8095238095238095,0.8095238095238094,0.8086107863767439,0.8086107863767439,0.4032261915097799,0.8446531496831191,0.322212278295665,0.04737506874728906,0.04737506874728906,0.017857142857142856,0.017857142857142856,0.0026549965637730063,12500.0,168,168,cemhsey_forward_day_logo
cemhsey,cemhsey_forward_day_logo|D10,plain_conf_threshold_matched_tau_0.10,S12,grasp_protocol,D10,0.6726190476190477,0.6726190476190476,0.6607162690317525,0.6607162690317525,0.4720110705188536,0.9394796341377918,0.16361460383478088,0.15279149858471724,0.15279149858471724,0.011904761904761904,0.011904761904761904,0.0012532898206478208,12500.0,168,168,cemhsey_forward_day_logo
cemhsey,cemhsey_forward_day_logo|D10,plain_conf_threshold_matched_tau_0.10,S13,grasp_protocol,D10,0.8035714285714286,0.8035714285714286,0.8047029802348951,0.8047029802348951,0.3678875978393395,0.8026760883344211,0.27291164136076673,0.042609842223783806,0.042609842223783806,0.041666666666666664,0.041666666666666664,0.004211258625477696,12500.0,168,168,cemhsey_forward_day_logo
cemhsey,cemhsey_forward_day_logo|D11,plain_conf_threshold_matched_tau_0.10,S1,grasp_protocol,D11,0.9226190476190477,0.9226190476190476,0.9190618317395748,0.9190618317395748,0.21855810976097684,0.5059208943150455,0.262513083258675,0.023906799106196648,0.023906799106196648,0.07142857142857142,0.07142857142857142,0.016484022003122985,12500.0,168,168,cemhsey_forward_day_logo
cemhsey,cemhsey_forward_day_logo|D11,plain_conf_threshold_matched_tau_0.10,S10,grasp_protocol,D11,0.5952380952380952,0.5952380952380951,0.5941322894433451,0.5941322894433451,0.5235321965830848,1.0414140096836553,0.1480324483766146,0.2151834307635164,0.2151834307635164,0.017857142857142856,0.017857142857142856,0.0020168906432424384,12500.0,168,168,cemhsey_forward_day_logo
cemhsey,cemhsey_forward_day_logo|D11,plain_conf_threshold_matched_tau_0.10,S2,grasp_protocol,D11,0.8630952380952381,0.8630952380952381,0.8593121325058339,0.8593121325058339,0.28374277558193,0.6289186095145802,0.26094515224642073,0.0242052153926761,0.0242052153926761,0.041666666666666664,0.041666666666666664,0.005347822584782114,12500.0,168,168,cemhsey_forward_day_logo
cemhsey,cemhsey_forward_day_logo|D11,plain_conf_threshold_matched_tau_0.10,S3,grasp_protocol,D11,0.6130952380952381,0.613095238095238,0.6140835181786862,0.6140835181786862,0.5598282197615254,1.1122964376479363,0.18966383156900848,0.22593414072288714,0.22593414072288714,0.0,0.0,0.0,12500.0,168,168,cemhsey_forward_day_logo
cemhsey,cemhsey_forward_day_logo|D11,plain_conf_threshold_matched_tau_0.10,S4,grasp_protocol,D11,0.7202380952380952,0.7202380952380952,0.7191114236233186,0.7191114236233186,0.45471869634930195,0.9035466696398364,0.25151783133064826,0.11407286862705493,0.11407286862705493,0.023809523809523808,0.023809523809523808,0.0012190665986775966,12500.0,168,168,cemhsey_forward_day_logo
cemhsey,cemhsey_forward_day_logo|D11,plain_conf_threshold_matched_tau_0.10,S5,grasp_protocol,D11,0.7619047619047619,0.7619047619047619,0.7544702442212827,0.7544702442212827,0.4128374281395524,0.8431823526214698,0.25882409144701546,0.11327145948052168,0.11327145948052168,0.005952380952380952,0.005952380952380952,0.00034885028325825013,12500.0,168,168,cemhsey_forward_day_logo
cemhsey,cemhsey_forward_day_logo|D11,plain_conf_threshold_matched_tau_0.10,S6,grasp_protocol,D11,0.875,0.875,0.873676952323177,0.873676952323177,0.35262546812880974,0.739972698709201,0.3482620487907125,0.024135748938790832,0.024135748938790832,0.02976190476190476,0.02976190476190476,0.0020033331901380355,12500.0,168,168,cemhsey_forward_day_logo
cemhsey,cemhsey_forward_day_logo|D11,plain_conf_threshold_matched_tau_0.10,S7,grasp_protocol,D11,0.5059523809523809,0.5059523809523809,0.4982558782096961,0.4982558782096961,0.6911709366571329,1.4680458247438968,0.2253780633059502,0.24361129597270356,0.24361129597270356,0.0,0.0,0.0,12500.0,168,168,cemhsey_forward_day_logo
cemhsey,cemhsey_forward_day_logo|D11,plain_conf_threshold_matched_tau_0.10,S8,grasp_protocol,D11,0.34523809523809523,0.34523809523809523,0.3007273562627465,0.3007273562627465,0.7727218003557645,1.5451948286226471,0.10575556614804847,0.675727977932167,0.675727977932167,0.017857142857142856,0.017857142857142856,0.00243216948317467,12500.0,168,168,cemhsey_forward_day_logo
cemhsey,cemhsey_forward_day_logo|D11,plain_conf_threshold_matched_tau_0.10,S9,grasp_protocol,D11,0.36904761904761907,0.36904761904761907,0.34915396551277317,0.34915396551277317,0.7381308759976039,1.5202830766211004,0.10827316084241591,0.5707924314883522,0.5707924314883522,0.0,0.0,0.0,12500.0,168,168,cemhsey_forward_day_logo
cemhsey,cemhsey_forward_day_logo|D11,plain_conf_threshold_matched_tau_0.10,S11,grasp_protocol,D11,0.75,0.75,0.7445521432838085,0.7445521432838085,0.4031790567662343,0.8303760192207942,0.2213392184922455,0.07506534462082579,0.07506534462082579,0.017857142857142856,0.017857142857142856,0.002182069527477044,12500.0,168,168,cemhsey_forward_day_logo
cemhsey,cemhsey_forward_day_logo|D11,plain_conf_threshold_matched_tau_0.10,S12,grasp_protocol,D11,0.75,0.75,0.7593452300626967,0.7593452300626967,0.4246077793887395,0.9015652417683259,0.2439515565191363,0.06623370903789774,0.06623370903789774,0.02976190476190476,0.02976190476190476,0.0038398500767121515,12500.0,168,168,cemhsey_forward_day_logo
cemhsey,cemhsey_forward_day_logo|D11,plain_conf_threshold_matched_tau_0.10,S13,grasp_protocol,D11,0.7976190476190477,0.7976190476190476,0.7971317823919735,0.7971317823919735,0.3424159454309214,0.7364550293535563,0.25053002277870967,0.042997885009539,0.042997885009539,0.08333333333333333,0.08333333333333333,0.012016868750955974,12500.0,168,168,cemhsey_forward_day_logo
cemhsey,cemhsey_forward_day_logo|D02,plain_conf_threshold_matched_tau_0.15,S1,grasp_protocol,D02,0.47023809523809523,0.4702380952380953,0.4394441898904328,0.4394441898904328,0.6681635519025677,1.2983542488671211,0.11424519979797536,0.490744767347294,0.490744767347294,0.041666666666666664,0.041666666666666664,0.009926164049665032,12500.0,168,168,cemhsey_forward_day_logo
cemhsey,cemhsey_forward_day_logo|D02,plain_conf_threshold_matched_tau_0.15,S10,grasp_protocol,D02,0.30357142857142855,0.30357142857142855,0.26795993663040124,0.26795993663040124,0.813226943256049,1.8050968249091621,0.16135164012139966,0.5439333890618988,0.5439333890618988,0.005952380952380952,0.005952380952380952,0.0004105092228854033,12500.0,168,168,cemhsey_forward_day_logo
cemhsey,cemhsey_forward_day_logo|D02,plain_conf_threshold_matched_tau_0.15,S2,grasp_protocol,D02,0.625,0.625,0.6066646709243725,0.6066646709243725,0.5812295045181044,1.1778228878330737,0.2405971148511808,0.24493910157336313,0.24493910157336313,0.005952380952380952,0.005952380952380952,0.0005158612739509794,12500.0,168,168,cemhsey_forward_day_logo
cemhsey,cemhsey_forward_day_logo|D02,plain_conf_threshold_matched_tau_0.15,S3,grasp_protocol,D02,0.4523809523809524,0.4523809523809524,0.416018216018216,0.416018216018216,0.6569558449877025,1.297399864749891,0.11374931496014246,0.44741711893483277,0.44741711893483277,0.041666666666666664,0.041666666666666664,0.0035019286776097175,12500.0,168,168,cemhsey_forward_day_logo
cemhsey,cemhsey_forward_day_logo|D02,plain_conf_threshold_matched_tau_0.15,S4,grasp_protocol,D02,0.2857142857142857,0.2857142857142857,0.2808414601683501,0.2808414601683501,0.724220482873427,1.4270486124530795,0.1549603845278385,0.5749146162528174,0.5749146162528174,0.017857142857142856,0.017857142857142856,0.002562163328135149,12500.0,168,168,cemhsey_forward_day_logo
cemhsey,cemhsey_forward_day_logo|D02,plain_conf_threshold_matched_tau_0.15,S5,grasp_protocol,D02,0.5654761904761905,0.5654761904761906,0.5392966465451493,0.5392966465451493,0.6275494898640621,1.2951918291952318,0.2156267818023775,0.30395500138992165,0.30395500138992165,0.011904761904761904,0.011904761904761904,0.001924618913940011,12500.0,168,168,cemhsey_forward_day_logo
cemhsey,cemhsey_forward_day_logo|D02,plain_conf_threshold_matched_tau_0.15,S6,grasp_protocol,D02,0.4226190476190476,0.42261904761904756,0.4020433760113216,0.4020433760113216,0.6886518889162861,1.4030150151413696,0.10104941217799024,0.4369769734721644,0.4369769734721644,0.0,0.0,0.0,12500.0,168,168,cemhsey_forward_day_logo
cemhsey,cemhsey_forward_day_logo|D02,plain_conf_threshold_matched_tau_0.15,S7,grasp_protocol,D02,0.4226190476190476,0.4226190476190476,0.38736358254303366,0.38736358254303366,0.7502199927208674,1.6320366355249771,0.16186816527455278,0.3451158923781072,0.3451158923781072,0.0,0.0,0.0,12500.0,168,168,cemhsey_forward_day_logo
cemhsey,cemhsey_forward_day_logo|D02,plain_conf_threshold_matched_tau_0.15,S8,grasp_protocol,D02,0.2261904761904762,0.2261904761904762,0.19550307410725606,0.19550307410725606,0.8210122636026917,1.7405414707176898,0.10213799741894948,0.7597904111385844,0.7597904111385844,0.0,0.0,0.0,12500.0,168,168,cemhsey_forward_day_logo
cemhsey,cemhsey_forward_day_logo|D02,plain_conf_threshold_matched_tau_0.15,S9,grasp_protocol,D02,0.27976190476190477,0.2797619047619048,0.25377022384092296,0.25377022384092296,0.7899430335072153,1.6948763079724583,0.0751062416117323,0.6129198544732025,0.6129198544732025,0.0,0.0,0.0,12500.0,168,168,cemhsey_forward_day_logo
cemhsey,cemhsey_forward_day_logo|D02,plain_conf_threshold_matched_tau_0.15,S11,grasp_protocol,D02,0.5059523809523809,0.5059523809523809,0.4705477009325832,0.4705477009325832,0.6655235243402406,1.4002544310418532,0.12580563285116234,0.32380272293863055,0.32380272293863055,0.0,0.0,0.0,12500.0,168,168,cemhsey_forward_day_logo
cemhsey,cemhsey_forward_day_logo|D02,plain_conf_threshold_matched_tau_0.15,S12,grasp_protocol,D02,0.39880952380952384,0.39880952380952384,0.40262710631158993,0.40262710631158993,0.7253921405349812,1.427143954658138,0.111884020549371,0.5858502325954215,0.5858502325954215,0.005952380952380952,0.005952380952380952,0.0001396196980621156,12500.0,168,168,cemhsey_forward_day_logo
cemhsey,cemhsey_forward_day_logo|D02,plain_conf_threshold_matched_tau_0.15,S13,grasp_protocol,D02,0.5119047619047619,0.5119047619047619,0.4980026821128022,0.4980026821128022,0.6399821293527873,1.3481871499517204,0.13351273854147777,0.31725347948889704,0.31725347948889704,0.017857142857142856,0.017857142857142856,0.002325102389141372,12500.0,168,168,cemhsey_forward_day_logo
cemhsey,cemhsey_forward_day_logo|D03,plain_conf_threshold_matched_tau_0.15,S1,grasp_protocol,D03,0.6607142857142857,0.6607142857142857,0.6321423923104595,0.6321423923104595,0.5012154523115928,1.0191186840404869,0.20047589669983393,0.14450002729541772,0.14450002729541772,0.023809523809523808,0.023809523809523808,0.0037278417574195524,12500.0,168,168,cemhsey_forward_day_logo
cemhsey,cemhsey_forward_day_logo|D03,plain_conf_threshold_matched_tau_0.15,S10,grasp_protocol,D03,0.3630952380952381,0.3630952380952381,0.31731887660721114,0.31731887660721114,0.7868845050925648,1.7133944422370946,0.06994661412429505,0.6246403785583567,0.6246403785583567,0.0,0.0,0.0,12500.0,168,168,cemhsey_forward_day_logo
cemhsey,cemhsey_forward_day_logo|D03,plain_conf_threshold_matched_tau_0.15,S2,grasp_protocol,D03,0.7380952380952381,0.7380952380952381,0.7334094417527791,0.7334094417527791,0.45855240288355636,0.9462290815515753,0.27258080902031084,0.08605806974230397,0.08605806974230397,0.03571428571428571,0.03571428571428571,0.004118977709399824,12500.0,168,168,cemhsey_forward_day_logo
cemhsey,cemhsey_forward_day_logo|D03,plain_conf_threshold_matched_tau_0.15,S3,grasp_protocol,D03,0.5595238095238095,0.5595238095238095,0.556966363781285,0.556966363781285,0.5794944450273243,1.1301740918947099,0.15686354190348156,0.27669609571520093,0.27669609571520093,0.005952380952380952,0.005952380952380952,0.0009225140638799221,12500.0,168,168,cemhsey_forward_day_logo
cemhsey,cemhsey_forward_day_logo|D03,plain_conf_threshold_matched_tau_0.15,S4,grasp_protocol,D03,0.4880952380952381,0.488095238095238,0.4821303648049953,0.4821303648049953,0.6490356407383878,1.2617708828031717,0.1368666212661196,0.42481519430095216,0.42481519430095216,0.03571428571428571,0.03571428571428571,0.0036534473655729497,12500.0,168,168,cemhsey_forward_day_logo
cemhsey,cemhsey_forward_day_logo|D03,plain_conf_threshold_matched_tau_0.15,S5,grasp_protocol,D03,0.5773809523809523,0.5773809523809524,0.5710061150769994,0.5710061150769994,0.586162198533611,1.1816143530834926,0.1845571818140536,0.2711104687687852,0.2711104687687852,0.011904761904761904,0.011904761904761904,0.004913854661605693,12500.0,168,168,cemhsey_forward_day_logo
cemhsey,cemhsey_forward_day_logo|D03,plain_conf_threshold_matched_tau_0.15,S6,grasp_protocol,D03,0.4107142857142857,0.41071428571428575,0.404909660517836,0.404909660517836,0.7067005349405587,1.3773173413422786,0.09615377370823545,0.5390534167497844,0.5390534167497844,0.03571428571428571,0.03571428571428571,0.0036497765191623303,12500.0,168,168,cemhsey_forward_day_logo
cemhsey,cemhsey_forward_day_logo|D03,plain_conf_threshold_matched_tau_0.15,S7,grasp_protocol,D03,0.42857142857142855,0.42857142857142855,0.36112033544639444,0.36112033544639444,0.7506859033721657,1.6613550183810764,0.17735300410976845,0.35855857033600363,0.35855857033600363,0.0,0.0,0.0,12500.0,168,168,cemhsey_forward_day_logo
cemhsey,cemhsey_forward_day_logo|D03,plain_conf_threshold_matched_tau_0.15,S8,grasp_protocol,D03,0.27380952380952384,0.2738095238095238,0.2639297210725782,0.2639297210725782,0.7781718008859222,1.5974280331443396,0.07572143044316279,0.6687185280066112,0.6687185280066112,0.0,0.0,0.0,12500.0,168,168,cemhsey_forward_day_logo
cemhsey,cemhsey_forward_day_logo|D03,plain_conf_threshold_matched_tau_0.15,S9,grasp_protocol,D03,0.3333333333333333,0.33333333333333337,0.32144875494057273,0.32144875494057273,0.775843827749376,1.648161010327905,0.04884829893548254,0.634730913155073,0.634730913155073,0.005952380952380952,0.005952380952380952,0.0016713472484998259,12500.0,168,168,cemhsey_forward_day_logo
cemhsey,cemhsey_forward_day_logo|D03,plain_conf_threshold_matched_tau_0.15,S11,grasp_protocol,D03,0.6726190476190477,0.6726190476190476,0.6532154897802264,0.6532154897802264,0.5263329447437902,1.079103951634202,0.24099316151134215,0.15758552127835662,0.15758552127835662,0.0,0.0,0.0,12500.0,168,168,cemhsey_forward_day_logo
cemhsey,cemhsey_forward_day_logo|D03,plain_conf_threshold_matched_tau_0.15,S12,grasp_protocol,D03,0.5,0.5,0.490006446291729,0.490006446291729,0.6744446156167389,1.3791595660209213,0.17842866085196246,0.3495791445967805,0.3495791445967805,0.0,0.0,0.0,12500.0,168,168,cemhsey_forward_day_logo
cemhsey,cemhsey_forward_day_logo|D03,plain_conf_threshold_matched_tau_0.15,S13,grasp_protocol,D03,0.43452380952380953,0.4345238095238096,0.4059629121740923,0.4059629121740923,0.7002080603852415,1.4524431484154396,0.1148475037121015,0.3976443399580709,0.3976443399580709,0.0,0.0,0.0,12500.0,168,168,cemhsey_forward_day_logo
cemhsey,cemhsey_forward_day_logo|D04,plain_conf_threshold_matched_tau_0.15,S1,grasp_protocol,D04,0.7738095238095238,0.7738095238095238,0.7720223996522398,0.7720223996522398,0.35923346222996677,0.7583792817573008,0.22586662863500445,0.05692407243561305,0.05692407243561305,0.05952380952380952,0.05952380952380952,0.013977625223982014,12500.0,168,168,cemhsey_forward_day_logo
cemhsey,cemhsey_forward_day_logo|D04,plain_conf_threshold_matched_tau_0.15,S10,grasp_protocol,D04,0.5059523809523809,0.5059523809523809,0.5116932276166752,0.5116932276166752,0.6516290453640361,1.3698472792297305,0.17541398913901096,0.2545297535758741,0.2545297535758741,0.005952380952380952,0.005952380952380952,0.000883041703017924,12500.0,168,168,cemhsey_forward_day_logo
cemhsey,cemhsey_forward_day_logo|D04,plain_conf_threshold_matched_tau_0.15,S2,grasp_protocol,D04,0.7619047619047619,0.7619047619047619,0.7492193756935398,0.7492193756935398,0.36801055245846714,0.7755527714251322,0.23233193789538326,0.058662827937013995,0.058662827937013995,0.06547619047619048,0.06547619047619048,0.009492319785573638,12500.0,168,168,cemhsey_forward_day_logo
cemhsey,cemhsey_forward_day_logo|D04,plain_conf_threshold_matched_tau_0.15,S3,grasp_protocol,D04,0.5833333333333334,0.5833333333333334,0.5606198991067413,0.5606198991067413,0.5797892493600213,1.1679410135002188,0.16202687232862986,0.2405685952083797,0.2405685952083797,0.011904761904761904,0.011904761904761904,0.0015208391074687426,12500.0,168,168,cemhsey_forward_day_logo
cemhsey,cemhsey_forward_day_logo|D04,plain_conf_threshold_matched_tau_0.15,S4,grasp_protocol,D04,0.6011904761904762,0.6011904761904762,0.5776504601389394,0.5776504601389394,0.5458278326290944,1.0878796447844166,0.18033487430891082,0.18596460845650337,0.18596460845650337,0.02976190476190476,0.02976190476190476,0.005798572637946708,12500.0,168,168,cemhsey_forward_day_logo
cemhsey,cemhsey_forward_day_logo|D04,plain_conf_threshold_matched_tau_0.15,S5,grasp_protocol,D04,0.6666666666666666,0.6666666666666667,0.6615602742032948,0.6615602742032948,0.49706793528594495,1.0288026132057837,0.20395785608576147,0.12841276073027677,0.12841276073027677,0.07142857142857142,0.07142857142857142,0.004578794642788961,12500.0,168,168,cemhsey_forward_day_logo
cemhsey,cemhsey_forward_day_logo|D04,plain_conf_threshold_matched_tau_0.15,S6,grasp_protocol,D04,0.5654761904761905,0.5654761904761905,0.5601444322036011,0.5601444322036011,0.610164974055143,1.239257819999305,0.19793917101007735,0.23892196860740605,0.23892196860740605,0.0,0.0,0.0,12500.0,168,168,cemhsey_forward_day_logo
cemhsey,cemhsey_forward_day_logo|D04,plain_conf_threshold_matched_tau_0.15,S7,grasp_protocol,D04,0.44047619047619047,0.4404761904761905,0.41261124521493187,0.41261124521493187,0.731011817391839,1.5843134628718185,0.14142084488250767,0.4214778515456972,0.4214778515456972,0.005952380952380952,0.005952380952380952,7.276980275460879e-05,12500.0,168,168,cemhsey_forward_day_logo
cemhsey,cemhsey_forward_day_logo|D04,plain_conf_threshold_matched_tau_0.15,S8,grasp_protocol,D04,0.2857142857142857,0.2857142857142857,0.24432599613271883,0.24432599613271883,0.8313684979743873,1.8142163755344995,0.07987978476360226,0.7110816936831529,0.7110816936831529,0.02976190476190476,0.02976190476190476,0.0027164009758977935,12500.0,168,168,cemhsey_forward_day_logo
cemhsey,cemhsey_forward_day_logo|D04,plain_conf_threshold_matched_tau_0.15,S9,grasp_protocol,D04,0.4107142857142857,0.41071428571428575,0.39478426879043765,0.39478426879043765,0.726481849840775,1.5036734879489129,0.0973263435244567,0.5030221124533328,0.5030221124533328,0.011904761904761904,0.011904761904761904,0.0017239481465468813,12500.0,168,168,cemhsey_forward_day_logo
cemhsey,cemhsey_forward_day_logo|D04,plain_conf_threshold_matched_tau_0.15,S11,grasp_protocol,D04,0.5833333333333334,0.5833333333333334,0.5671484108513203,0.5671484108513203,0.5591686380577426,1.1539324710549612,0.14594648979505265,0.1954097987684244,0.1954097987684244,0.023809523809523808,0.023809523809523808,0.006186413832248135,12500.0,168,168,cemhsey_forward_day_logo
cemhsey,cemhsey_forward_day_logo|D04,plain_conf_threshold_matched_tau_0.15,S12,grasp_protocol,D04,0.6488095238095238,0.6488095238095238,0.650772178338104,0.650772178338104,0.527629956731251,1.1018718682872797,0.21566896482042394,0.12855246377117194,0.12855246377117194,0.017857142857142856,0.017857142857142856,0.002416011373354531,12500.0,168,168,cemhsey_forward_day_logo
cemhsey,cemhsey_forward_day_logo|D04,plain_conf_threshold_matched_tau_0.15,S13,grasp_protocol,D04,0.7142857142857143,0.7142857142857143,0.7112975715045812,0.7112975715045812,0.5410444184919472,1.1185541482109014,0.3225154522402347,0.09238376501225376,0.09238376501225376,0.0,0.0,0.0,12500.0,168,168,cemhsey_forward_day_logo
cemhsey,cemhsey_forward_day_logo|D05,plain_conf_threshold_matched_tau_0.15,S1,grasp_protocol,D05,0.7261904761904762,0.7261904761904762,0.7233121852021587,0.7233121852021587,0.4440009417002859,0.865449671699034,0.18641717558216994,0.15670453018581543,0.15670453018581543,0.047619047619047616,0.047619047619047616,0.0062038471376889585,12500.0,168,168,cemhsey_forward_day_logo
cemhsey,cemhsey_forward_day_logo|D05,plain_conf_threshold_matched_tau_0.15,S10,grasp_protocol,D05,0.4880952380952381,0.4880952380952381,0.4523050920697118,0.4523050920697118,0.6529589840863331,1.344952980657455,0.13572184862012626,0.3533232755155692,0.3533232755155692,0.011904761904761904,0.011904761904761904,0.00354367946837237,12500.0,168,168,cemhsey_forward_day_logo
cemhsey,cemhsey_forward_day_logo|D05,plain_conf_threshold_matched_tau_0.15,S2,grasp_protocol,D05,0.8690476190476191,0.8690476190476192,0.8690697891042799,0.8690697891042799,0.32716800773351357,0.7064195313523891,0.30331618790853815,0.027023992275905472,0.027023992275905472,0.047619047619047616,0.047619047619047616,0.004397970312605922,12500.0,168,168,cemhsey_forward_day_logo
cemhsey,cemhsey_forward_day_logo|D05,plain_conf_threshold_matched_tau_0.15,S3,grasp_protocol,D05,0.7261904761904762,0.7261904761904763,0.7099980869841843,0.7099980869841843,0.49177049727450395,0.9685484922943542,0.25449611580658726,0.1561548852107718,0.1561548852107718,0.023809523809523808,0.023809523809523808,0.0017089763286293313,12500.0,168,168,cemhsey_forward_day_logo
cemhsey,cemhsey_forward_day_logo|D05,plain_conf_threshold_matched_tau_0.15,S4,grasp_protocol,D05,0.5476190476190477,0.5476190476190477,0.550018373620858,0.550018373620858,0.5531672477295329,1.079683808913365,0.15449297009221585,0.2342525879184437,0.2342525879184437,0.023809523809523808,0.023809523809523808,0.003328552264226794,12500.0,168,168,cemhsey_forward_day_logo
cemhsey,cemhsey_forward_day_logo|D05,plain_conf_threshold_matched_tau_0.15,S5,grasp_protocol,D05,0.7023809523809523,0.7023809523809523,0.6910644419492865,0.6910644419492865,0.43660487550513755,0.9017196799111493,0.23043422218918316,0.10197890308771013,0.10197890308771013,0.023809523809523808,0.023809523809523808,0.003165805814776268,12500.0,168,168,cemhsey_forward_day_logo
cemhsey,cemhsey_forward_day_logo|D05,plain_conf_threshold_matched_tau_0.15,S6,grasp_protocol,D05,0.6904761904761905,0.6904761904761905,0.6876497368973429,0.6876497368973429,0.4991173072343627,0.9851665777168264,0.23689713447869173,0.18843926999973265,0.18843926999973265,0.023809523809523808,0.023809523809523808,0.002933420804590408,12500.0,168,168,cemhsey_forward_day_logo
cemhsey,cemhsey_forward_day_logo|D05,plain_conf_threshold_matched_tau_0.15,S7,grasp_protocol,D05,0.5416666666666666,0.5416666666666666,0.5503688921456028,0.5503688921456028,0.6776378510156741,1.4523585483522066,0.2341505868005371,0.21573783743542366,0.21573783743542366,0.0,0.0,0.0,12500.0,168,168,cemhsey_forward_day_logo
cemhsey,cemhsey_forward_day_logo|D05,plain_conf_threshold_matched_tau_0.15,S8,grasp_protocol,D05,0.30357142857142855,0.30357142857142855,0.25676470726859507,0.25676470726859507,0.7887557261182588,1.6126925683951268,0.08750512665099838,0.6962214867125907,0.6962214867125907,0.023809523809523808,0.023809523809523808,0.0017515899570448498,12500.0,168,168,cemhsey_forward_day_logo
cemhsey,cemhsey_forward_day_logo|D05,plain_conf_threshold_matched_tau_0.15,S9,grasp_protocol,D05,0.3869047619047619,0.38690476190476186,0.3654364728360275,0.3654364728360275,0.6961222660441295,1.3942579506068618,0.0711312759235804,0.45616660102120915,0.45616660102120915,0.0,0.0,0.0,12500.0,168,168,cemhsey_forward_day_logo
cemhsey,cemhsey_forward_day_logo|D05,plain_conf_threshold_matched_tau_0.15,S11,grasp_protocol,D05,0.7380952380952381,0.7380952380952381,0.7320437761718093,0.7320437761718093,0.4696600815984083,0.984999642806355,0.26894213349065293,0.09533949019889895,0.09533949019889895,0.03571428571428571,0.03571428571428571,0.005060723953377817,12500.0,168,168,cemhsey_forward_day_logo
cemhsey,cemhsey_forward_day_logo|D05,plain_conf_threshold_matched_tau_0.15,S12,grasp_protocol,D05,0.6785714285714286,0.6785714285714286,0.6771290620543928,0.6771290620543928,0.4918424326557538,0.9998074924949165,0.23756107922813535,0.12956570974787107,0.12956570974787107,0.005952380952380952,0.005952380952380952,0.00046014638541776425,12500.0,168,168,cemhsey_forward_day_logo
cemhsey,cemhsey_forward_day_logo|D05,plain_conf_threshold_matched_tau_0.15,S13,grasp_protocol,D05,0.6845238095238095,0.6845238095238095,0.6782526287308975,0.6782526287308975,0.4961157885600129,1.0715926532155524,0.247730282819729,0.0965513675215802,0.0965513675215802,0.017857142857142856,0.017857142857142856,0.0026287352157271797,12500.0,168,168,cemhsey_forward_day_logo
cemhsey,cemhsey_forward_day_logo|D06,plain_conf_threshold_matched_tau_0.15,S1,grasp_protocol,D06,0.8214285714285714,0.8214285714285714,0.8232046828491527,0.8232046828491527,0.3984975876693947,0.8581162720112261,0.3036885478382427,0.03642609945602288,0.03642609945602288,0.07738095238095238,0.07738095238095238,0.009321658033123317,12500.0,168,168,cemhsey_forward_day_logo
cemhsey,cemhsey_forward_day_logo|D06,plain_conf_threshold_matched_tau_0.15,S10,grasp_protocol,D06,0.5416666666666666,0.5416666666666667,0.5218845704634856,0.5218845704634856,0.644580837541528,1.626210211656279,0.15222271308667895,0.3527656942262817,0.3527656942262817,0.0,0.0,0.0,12500.0,168,168,cemhsey_forward_day_logo
cemhsey,cemhsey_forward_day_logo|D06,plain_conf_threshold_matched_tau_0.15,S2,grasp_protocol,D06,0.8630952380952381,0.863095238095238,0.8564513304256234,0.8564513304256234,0.28368443443380775,0.6171846818855646,0.24983342524656443,0.030012690791234458,0.030012690791234458,0.05952380952380952,0.05952380952380952,0.006540866041551688,12500.0,168,168,cemhsey_forward_day_logo
cemhsey,cemhsey_forward_day_logo|D06,plain_conf_threshold_matched_tau_0.15,S3,grasp_protocol,D06,0.7857142857142857,0.7857142857142857,0.7832189340548003,0.7832189340548003,0.41163363071416076,0.8550641011597995,0.27247697123205394,0.0689256401806809,0.0689256401806809,0.03571428571428571,0.03571428571428571,0.00486501547940733,12500.0,168,168,cemhsey_forward_day_logo
cemhsey,cemhsey_forward_day_logo|D06,plain_conf_threshold_matched_tau_0.15,S4,grasp_protocol,D06,0.5714285714285714,0.5714285714285714,0.558235056972483,0.558235056972483,0.6007705705139944,1.2044596560804903,0.16421669472537334,0.26372781130457607,0.26372781130457607,0.017857142857142856,0.017857142857142856,0.0014209022069977598,12500.0,168,168,cemhsey_forward_day_logo
cemhsey,cemhsey_forward_day_logo|D06,plain_conf_threshold_matched_tau_0.15,S5,grasp_protocol,D06,0.7083333333333334,0.7083333333333334,0.7006441239357184,0.7006441239357184,0.4328443060659942,0.8593294361475868,0.1956881102576198,0.12357744060873128,0.12357744060873128,0.08333333333333333,0.08333333333333333,0.008037504278903587,12500.0,168,168,cemhsey_forward_day_logo
cemhsey,cemhsey_forward_day_logo|D06,plain_conf_threshold_matched_tau_0.15,S6,grasp_protocol,D06,0.7559523809523809,0.755952380952381,0.7544779135856496,0.7544779135856496,0.4289969650606504,0.883621397801028,0.251625368821088,0.09889442186748845,0.09889442186748845,0.041666666666666664,0.041666666666666664,0.0034411073005755606,12500.0,168,168,cemhsey_forward_day_logo
cemhsey,cemhsey_forward_day_logo|D06,plain_conf_threshold_matched_tau_0.15,S7,grasp_protocol,D06,0.49404761904761907,0.494047619047619,0.46527051368541106,0.46527051368541106,0.6836750291889182,1.462801823733837,0.1877857219776298,0.2700724274415851,0.2700724274415851,0.0,0.0,0.0,12500.0,168,168,cemhsey_forward_day_logo
cemhsey,cemhsey_forward_day_logo|D06,plain_conf_threshold_matched_tau_0.15,S8,grasp_protocol,D06,0.20238095238095238,0.20238095238095238,0.1708739099246618,0.1708739099246618,0.8700691418549182,2.169834273649092,0.16866905944858981,0.83881293355322,0.83881293355322,0.02976190476190476,0.02976190476190476,0.0030921395528320634,12500.0,168,168,cemhsey_forward_day_logo
cemhsey,cemhsey_forward_day_logo|D06,plain_conf_threshold_matched_tau_0.15,S9,grasp_protocol,D06,0.3392857142857143,0.3392857142857143,0.31493185610436286,0.31493185610436286,0.7581157969155186,1.5821567947019097,0.10033787833321928,0.5585946443174865,0.5585946443174865,0.005952380952380952,0.005952380952380952,8.075062380354583e-05,12500.0,168,168,cemhsey_forward_day_logo
cemhsey,cemhsey_forward_day_logo|D06,plain_conf_threshold_matched_tau_0.15,S11,grasp_protocol,D06,0.7440476190476191,0.744047619047619,0.7265581907895913,0.7265581907895913,0.39636581307622915,0.8368633992026566,0.18812542500884494,0.08719768895441163,0.08719768895441163,0.041666666666666664,0.041666666666666664,0.00929682841904508,12500.0,168,168,cemhsey_forward_day_logo
cemhsey,cemhsey_forward_day_logo|D06,plain_conf_threshold_matched_tau_0.15,S12,grasp_protocol,D06,0.8452380952380952,0.8452380952380951,0.8411385393994089,0.8411385393994089,0.342888349953838,0.7369824414413964,0.3061459052000243,0.027164785306622714,0.027164785306622714,0.05357142857142857,0.05357142857142857,0.007254528873829812,12500.0,168,168,cemhsey_forward_day_logo
cemhsey,cemhsey_forward_day_logo|D06,plain_conf_threshold_matched_tau_0.15,S13,grasp_protocol,D06,0.7916666666666666,0.7916666666666667,0.7917060855429582,0.7917060855429582,0.4145104259638175,0.8706450676248135,0.2945387025419063,0.05578222452168224,0.05578222452168224,0.023809523809523808,0.023809523809523808,0.006427166508804982,12500.0,168,168,cemhsey_forward_day_logo
cemhsey,cemhsey_forward_day_logo|D07,plain_conf_threshold_matched_tau_0.15,S1,grasp_protocol,D07,0.8630952380952381,0.8630952380952381,0.8602156104928139,0.8602156104928139,0.3399121963880857,0.7241606916511855,0.3114692991191653,0.02916649836148991,0.02916649836148991,0.011904761904761904,0.011904761904761904,0.0015478850859890012,12500.0,168,168,cemhsey_forward_day_logo
cemhsey,cemhsey_forward_day_logo|D07,plain_conf_threshold_matched_tau_0.15,S10,grasp_protocol,D07,0.5416666666666666,0.5416666666666666,0.5193652513540075,0.5193652513540075,0.5914803929505125,1.644823556473815,0.14690350431961102,0.3263917499487152,0.3263917499487152,0.023809523809523808,0.023809523809523808,0.005024629358396723,12500.0,168,168,cemhsey_forward_day_logo
cemhsey,cemhsey_forward_day_logo|D07,plain_conf_threshold_matched_tau_0.15,S2,grasp_protocol,D07,0.8035714285714286,0.8035714285714286,0.8076041108649805,0.8076041108649805,0.3657137180880251,0.7781545133404704,0.26022140958150214,0.053597690212644045,0.053597690212644045,0.017857142857142856,0.017857142857142856,0.0008449022953418677,12500.0,168,168,cemhsey_forward_day_logo
cemhsey,cemhsey_forward_day_logo|D07,plain_conf_threshold_matched_tau_0.15,S3,grasp_protocol,D07,0.7023809523809523,0.7023809523809523,0.7021264918799659,0.7021264918799659,0.5537765542113344,1.1406870488016092,0.2879939496511177,0.15643563297632868,0.15643563297632868,0.0,0.0,0.0,12500.0,168,168,cemhsey_forward_day_logo
cemhsey,cemhsey_forward_day_logo|D07,plain_conf_threshold_matched_tau_0.15,S4,grasp_protocol,D07,0.625,0.625,0.622609895817443,0.622609895817443,0.5486464178987436,1.056983517410694,0.18738643829889465,0.23554656342317382,0.23554656342317382,0.017857142857142856,0.017857142857142856,0.002697918236484172,12500.0,168,168,cemhsey_forward_day_logo
cemhsey,cemhsey_forward_day_logo|D07,plain_conf_threshold_matched_tau_0.15,S5,grasp_protocol,D07,0.7916666666666666,0.7916666666666667,0.773724364757476,0.773724364757476,0.39038901970055245,0.8198640837142325,0.27517660564487767,0.07353367318234955,0.07353367318234955,0.03571428571428571,0.03571428571428571,0.004485887741849795,12500.0,168,168,cemhsey_forward_day_logo
cemhsey,cemhsey_forward_day_logo|D07,plain_conf_threshold_matched_tau_0.15,S6,grasp_protocol,D07,0.75,0.75,0.7449684540631566,0.7449684540631566,0.4469906203205969,0.9075583657886428,0.28805736826154427,0.07777026769984331,0.07777026769984331,0.011904761904761904,0.011904761904761904,0.001194021438309529,12500.0,168,168,cemhsey_forward_day_logo
cemhsey,cemhsey_forward_day_logo|D07,plain_conf_threshold_matched_tau_0.15,S7,grasp_protocol,D07,0.4880952380952381,0.4880952380952381,0.4429903066778792,0.4429903066778792,0.6659141796378314,1.4543947399355925,0.17111772206970394,0.2669496874087156,0.2669496874087156,0.0,0.0,0.0,12500.0,168,168,cemhsey_forward_day_logo
cemhsey,cemhsey_forward_day_logo|D07,plain_conf_threshold_matched_tau_0.15,S8,grasp_protocol,D07,0.23809523809523808,0.2380952380952381,0.1973462915241891,0.1973462915241891,0.8100659794451628,1.6586484642046146,0.14368351846919267,0.7208751576074439,0.7208751576074439,0.005952380952380952,0.005952380952380952,0.00016198303292783983,12500.0,168,168,cemhsey_forward_day_logo
cemhsey,cemhsey_forward_day_logo|D07,plain_conf_threshold_matched_tau_0.15,S9,grasp_protocol,D07,0.4226190476190476,0.4226190476190476,0.3946542586461045,0.3946542586461045,0.7316887251089432,1.5596233965875779,0.12488295967187409,0.4419353244885016,0.4419353244885016,0.0,0.0,0.0,12500.0,168,168,cemhsey_forward_day_logo
cemhsey,cemhsey_forward_day_logo|D07,plain_conf_threshold_matched_tau_0.15,S11,grasp_protocol,D07,0.7619047619047619,0.7619047619047619,0.7482593574126973,0.7482593574126973,0.4216400006865652,0.8787356130023628,0.2561610024832722,0.0720423296086336,0.0720423296086336,0.023809523809523808,0.023809523809523808,0.002272119782588049,12500.0,168,168,cemhsey_forward_day_logo
cemhsey,cemhsey_forward_day_logo|D07,plain_conf_threshold_matched_tau_0.15,S12,grasp_protocol,D07,0.7380952380952381,0.7380952380952381,0.7326128375451267,0.7326128375451267,0.4846400873574642,1.031222140912016,0.31066197080237723,0.06927238331859209,0.06927238331859209,0.011904761904761904,0.011904761904761904,0.0004794959345589903,12500.0,168,168,cemhsey_forward_day_logo
cemhsey,cemhsey_forward_day_logo|D07,plain_conf_threshold_matched_tau_0.15,S13,grasp_protocol,D07,0.7738095238095238,0.7738095238095238,0.7727228787095891,0.7727228787095891,0.43619989838558193,0.909061050943869,0.29737052594586255,0.0662594227805598,0.0662594227805598,0.011904761904761904,0.011904761904761904,0.0019119364146288672,12500.0,168,168,cemhsey_forward_day_logo
cemhsey,cemhsey_forward_day_logo|D08,plain_conf_threshold_matched_tau_0.15,S1,grasp_protocol,D08,0.8273809523809523,0.8273809523809524,0.8259195198651913,0.8259195198651913,0.3175310856465615,0.6837453914243584,0.27100152042291303,0.031822845409970886,0.031822845409970886,0.07738095238095238,0.07738095238095238,0.007604595219923415,12500.0,168,168,cemhsey_forward_day_logo
cemhsey,cemhsey_forward_day_logo|D08,plain_conf_threshold_matched_tau_0.15,S10,grasp_protocol,D08,0.5833333333333334,0.5833333333333334,0.5742074691152135,0.5742074691152135,0.5584514657275687,1.1164183789034583,0.16646929054817294,0.21896280879247484,0.21896280879247484,0.005952380952380952,0.005952380952380952,0.001115792591101757,12500.0,168,168,cemhsey_forward_day_logo
cemhsey,cemhsey_forward_day_logo|D08,plain_conf_threshold_matched_tau_0.15,S2,grasp_protocol,D08,0.8214285714285714,0.8214285714285714,0.8197484043695684,0.8197484043695684,0.2853818067045309,0.622449835141599,0.2425820698040066,0.02919074876507946,0.02919074876507946,0.10119047619047619,0.10119047619047619,0.009054308786253972,12500.0,168,168,cemhsey_forward_day_logo
cemhsey,cemhsey_forward_day_logo|D08,plain_conf_threshold_matched_tau_0.15,S3,grasp_protocol,D08,0.6785714285714286,0.6785714285714286,0.668365289018074,0.668365289018074,0.5411194586797773,1.0726761609217996,0.2689761000040724,0.2674089283651011,0.2674089283651011,0.023809523809523808,0.023809523809523808,0.0020239383887883855,12500.0,168,168,cemhsey_forward_day_logo
cemhsey,cemhsey_forward_day_logo|D08,plain_conf_threshold_matched_tau_0.15,S4,grasp_protocol,D08,0.6785714285714286,0.6785714285714285,0.6797687130404381,0.6797687130404381,0.48209969038047396,0.9666618737219242,0.1955843844045127,0.12335714210171964,0.12335714210171964,0.05357142857142857,0.05357142857142857,0.004917086947302061,12500.0,168,168,cemhsey_forward_day_logo
cemhsey,cemhsey_forward_day_logo|D08,plain_conf_threshold_matched_tau_0.15,S5,grasp_protocol,D08,0.6904761904761905,0.6904761904761906,0.6811414347217541,0.6811414347217541,0.46040294898317297,0.9092154469170214,0.21522953229168992,0.15567972249497763,0.15567972249497763,0.047619047619047616,0.047619047619047616,0.005053959565188733,12500.0,168,168,cemhsey_forward_day_logo
cemhsey,cemhsey_forward_day_logo|D08,plain_conf_threshold_matched_tau_0.15,S6,grasp_protocol,D08,0.7619047619047619,0.761904761904762,0.7602084116931481,0.7602084116931481,0.42140083758105334,0.8869579515103497,0.2955318335562612,0.058661474834873654,0.058661474834873654,0.02976190476190476,0.02976190476190476,0.002254573989204779,12500.0,168,168,cemhsey_forward_day_logo
cemhsey,cemhsey_forward_day_logo|D08,plain_conf_threshold_matched_tau_0.15,S7,grasp_protocol,D08,0.6666666666666666,0.6666666666666667,0.6768654645527679,0.6768654645527679,0.5799693582136191,1.2264451121078512,0.3124748968916233,0.13107158624012374,0.13107158624012374,0.0,0.0,0.0,12500.0,168,168,cemhsey_forward_day_logo
cemhsey,cemhsey_forward_day_logo|D08,plain_conf_threshold_matched_tau_0.15,S8,grasp_protocol,D08,0.24404761904761904,0.24404761904761907,0.2026222335488228,0.2026222335488228,0.8354805268263303,1.9608234051242928,0.1564405991872142,0.8221950143205183,0.8221950143205183,0.03571428571428571,0.03571428571428571,0.004916876338264473,12500.0,168,168,cemhsey_forward_day_logo
cemhsey,cemhsey_forward_day_logo|D08,plain_conf_threshold_matched_tau_0.15,S9,grasp_protocol,D08,0.3630952380952381,0.36309523809523814,0.3238413838858613,0.3238413838858613,0.7490493174981185,1.6043993546947415,0.05774920440148912,0.5107400859131339,0.5107400859131339,0.0,0.0,0.0,12500.0,168,168,cemhsey_forward_day_logo
cemhsey,cemhsey_forward_day_logo|D08,plain_conf_threshold_matched_tau_0.15,S11,grasp_protocol,D08,0.8511904761904762,0.8511904761904763,0.8445104140179973,0.8445104140179973,0.2888405452428068,0.642072309907079,0.26677771742295303,0.02317802444245996,0.02317802444245996,0.05357142857142857,0.05357142857142857,0.008465174182211984,12500.0,168,168,cemhsey_forward_day_logo
cemhsey,cemhsey_forward_day_logo|D08,plain_conf_threshold_matched_tau_0.15,S12,grasp_protocol,D08,0.6964285714285714,0.6964285714285714,0.6860708396162642,0.6860708396162642,0.45349262450267475,0.9374047624506965,0.2122945534350603,0.14301294665567607,0.14301294665567607,0.017857142857142856,0.017857142857142856,0.0007009314538295295,12500.0,168,168,cemhsey_forward_day_logo
cemhsey,cemhsey_forward_day_logo|D08,plain_conf_threshold_matched_tau_0.15,S13,grasp_protocol,D08,0.7857142857142857,0.7857142857142857,0.7821635775742324,0.7821635775742324,0.43158578490565924,0.8833499116132204,0.29570277480447504,0.07660348158691825,0.07660348158691825,0.041666666666666664,0.041666666666666664,0.005252876437066269,12500.0,168,168,cemhsey_forward_day_logo
cemhsey,cemhsey_forward_day_logo|D09,plain_conf_threshold_matched_tau_0.15,S1,grasp_protocol,D09,0.8809523809523809,0.880952380952381,0.8783864077031778,0.8783864077031778,0.28316970706605626,0.6193613688139701,0.28192961356380536,0.02218800456862355,0.02218800456862355,0.07142857142857142,0.07142857142857142,0.010129740629834813,12500.0,168,168,cemhsey_forward_day_logo
cemhsey,cemhsey_forward_day_logo|D09,plain_conf_threshold_matched_tau_0.15,S10,grasp_protocol,D09,0.5,0.49999999999999994,0.4616235803454694,0.4616235803454694,0.6558671225110441,1.2995708427062589,0.06358703444363008,0.39094463867253665,0.39094463867253665,0.005952380952380952,0.005952380952380952,0.00028825937539200423,12500.0,168,168,cemhsey_forward_day_logo
cemhsey,cemhsey_forward_day_logo|D09,plain_conf_threshold_matched_tau_0.15,S2,grasp_protocol,D09,0.8869047619047619,0.886904761904762,0.8863050674815379,0.8863050674815379,0.26298049852962474,0.5704090723281774,0.2772461142540115,0.015434141066792417,0.015434141066792417,0.07738095238095238,0.07738095238095238,0.010801703133337495,12500.0,168,168,cemhsey_forward_day_logo
cemhsey,cemhsey_forward_day_logo|D09,plain_conf_threshold_matched_tau_0.15,S3,grasp_protocol,D09,0.6428571428571429,0.6428571428571429,0.6124643478376648,0.6124643478376648,0.5086795498461454,1.0344321362884055,0.17200409544045858,0.17963806063073137,0.17963806063073137,0.005952380952380952,0.005952380952380952,0.0006020145394426293,12500.0,168,168,cemhsey_forward_day_logo
cemhsey,cemhsey_forward_day_logo|D09,plain_conf_threshold_matched_tau_0.15,S4,grasp_protocol,D09,0.6666666666666666,0.6666666666666667,0.660466911178907,0.660466911178907,0.5178375533564923,1.0068167573857016,0.2003841020675907,0.17052267896421633,0.17052267896421633,0.011904761904761904,0.011904761904761904,0.0010860757374242314,12500.0,168,168,cemhsey_forward_day_logo
cemhsey,cemhsey_forward_day_logo|D09,plain_conf_threshold_matched_tau_0.15,S5,grasp_protocol,D09,0.6964285714285714,0.6964285714285714,0.6836498882061346,0.6836498882061346,0.4286495404523623,0.8737783558200224,0.19865048756521728,0.11568646084708689,0.11568646084708689,0.05357142857142857,0.05357142857142857,0.004514876902039843,12500.0,168,168,cemhsey_forward_day_logo
cemhsey,cemhsey_forward_day_logo|D09,plain_conf_threshold_matched_tau_0.15,S6,grasp_protocol,D09,0.8154761904761905,0.8154761904761905,0.8151969006220453,0.8151969006220453,0.35006234805894443,0.7283958335209647,0.25958719414595127,0.05375774673688836,0.05375774673688836,0.06547619047619048,0.06547619047619048,0.003426698274357969,12500.0,168,168,cemhsey_forward_day_logo
cemhsey,cemhsey_forward_day_logo|D09,plain_conf_threshold_matched_tau_0.15,S7,grasp_protocol,D09,0.5535714285714286,0.5535714285714286,0.5060564225690276,0.5060564225690276,0.6322253599359351,1.352421963022828,0.2093447267191618,0.20577881501121195,0.20577881501121195,0.0,0.0,0.0,12500.0,168,168,cemhsey_forward_day_logo
cemhsey,cemhsey_forward_day_logo|D09,plain_conf_threshold_matched_tau_0.15,S8,grasp_protocol,D09,0.23214285714285715,0.23214285714285715,0.15760445290735017,0.15760445290735017,0.8324751813915606,1.7097565922228843,0.14567931236840062,0.7425364128757013,0.7425364128757013,0.02976190476190476,0.02976190476190476,0.004455906488080494,12500.0,168,168,cemhsey_forward_day_logo
cemhsey,cemhsey_forward_day_logo|D09,plain_conf_threshold_matched_tau_0.15,S9,grasp_protocol,D09,0.39285714285714285,0.3928571428571428,0.3602950601890157,0.3602950601890157,0.7124769887760704,1.4741841398428828,0.08386569024478269,0.43126307185257573,0.43126307185257573,0.0,0.0,0.0,12500.0,168,168,cemhsey_forward_day_logo
cemhsey,cemhsey_forward_day_logo|D09,plain_conf_threshold_matched_tau_0.15,S11,grasp_protocol,D09,0.8095238095238095,0.8095238095238095,0.8073679688005048,0.8073679688005048,0.3547518377914583,0.7591614048398474,0.2651100643293747,0.03635157656115064,0.03635157656115064,0.03571428571428571,0.03571428571428571,0.005274115513422791,12500.0,168,168,cemhsey_forward_day_logo
cemhsey,cemhsey_forward_day_logo|D09,plain_conf_threshold_matched_tau_0.15,S12,grasp_protocol,D09,0.6904761904761905,0.6904761904761905,0.6721415571550342,0.6721415571550342,0.4417786721664828,0.8785574194621827,0.17024498958868126,0.13930265584571672,0.13930265584571672,0.017857142857142856,0.017857142857142856,0.0014220951732512447,12500.0,168,168,cemhsey_forward_day_logo
cemhsey,cemhsey_forward_day_logo|D09,plain_conf_threshold_matched_tau_0.15,S13,grasp_protocol,D09,0.6785714285714286,0.6785714285714286,0.6393336883073761,0.6393336883073761,0.4749028114925181,1.0110566136018937,0.20891457378074704,0.10226713334353009,0.10226713334353009,0.011904761904761904,0.011904761904761904,0.00010972687421171539,12500.0,168,168,cemhsey_forward_day_logo
cemhsey,cemhsey_forward_day_logo|D10,plain_conf_threshold_matched_tau_0.15,S1,grasp_protocol,D10,0.9226190476190477,0.9226190476190476,0.9220360466110588,0.9220360466110588,0.24759238151400903,0.5708900361657532,0.3113349701858192,0.010012033368750424,0.010012033368750424,0.10119047619047619,0.10119047619047619,0.011119489114039868,12500.0,168,168,cemhsey_forward_day_logo
cemhsey,cemhsey_forward_day_logo|D10,plain_conf_threshold_matched_tau_0.15,S10,grasp_protocol,D10,0.6845238095238095,0.6845238095238094,0.6828682896203521,0.6828682896203521,0.4991414858320467,1.0295742027576789,0.2316095367447305,0.11332201372094122,0.11332201372094122,0.017857142857142856,0.017857142857142856,0.0017858486433684848,12500.0,168,168,cemhsey_forward_day_logo
cemhsey,cemhsey_forward_day_logo|D10,plain_conf_threshold_matched_tau_0.15,S2,grasp_protocol,D10,0.8809523809523809,0.880952380952381,0.8814414667437189,0.8814414667437189,0.27655627900981616,0.6181123206017701,0.2753766060875513,0.0217754846888461,0.0217754846888461,0.09523809523809523,0.09523809523809523,0.007875349430533486,12500.0,168,168,cemhsey_forward_day_logo
cemhsey,cemhsey_forward_day_logo|D10,plain_conf_threshold_matched_tau_0.15,S3,grasp_protocol,D10,0.6309523809523809,0.6309523809523808,0.629058423220241,0.629058423220241,0.5221980548699479,1.0499342501687732,0.21884763084518138,0.14488287023555904,0.14488287023555904,0.011904761904761904,0.011904761904761904,0.0014023890507340489,12500.0,168,168,cemhsey_forward_day_logo
cemhsey,cemhsey_forward_day_logo|D10,plain_conf_threshold_matched_tau_0.15,S4,grasp_protocol,D10,0.5892857142857143,0.5892857142857143,0.5882237743582281,0.5882237743582281,0.5837373303478254,1.1703062905079638,0.22740465043339658,0.2202429768886058,0.2202429768886058,0.0,0.0,0.0,12500.0,168,168,cemhsey_forward_day_logo
cemhsey,cemhsey_forward_day_logo|D10,plain_conf_threshold_matched_tau_0.15,S5,grasp_protocol,D10,0.7202380952380952,0.7202380952380952,0.7050772649122976,0.7050772649122976,0.4540622964979183,0.9102516273557233,0.22248476562212627,0.13312824551046162,0.13312824551046162,0.023809523809523808,0.023809523809523808,0.0023918898702760824,12500.0,168,168,cemhsey_forward_day_logo
cemhsey,cemhsey_forward_day_logo|D10,plain_conf_threshold_matched_tau_0.15,S6,grasp_protocol,D10,0.7857142857142857,0.7857142857142857,0.7849549137269027,0.7849549137269027,0.37176558187331016,0.7824660376492232,0.24347525400015846,0.06603436867503076,0.06603436867503076,0.05357142857142857,0.05357142857142857,0.003781319382455393,12500.0,168,168,cemhsey_forward_day_logo
cemhsey,cemhsey_forward_day_logo|D10,plain_conf_threshold_matched_tau_0.15,S7,grasp_protocol,D10,0.6547619047619048,0.6547619047619048,0.6314256043370436,0.6314256043370436,0.5673861109181282,1.224738020882444,0.30361370849391206,0.11827347953850621,0.11827347953850621,0.0,0.0,0.0,12500.0,168,168,cemhsey_forward_day_logo
cemhsey,cemhsey_forward_day_logo|D10,plain_conf_threshold_matched_tau_0.15,S8,grasp_protocol,D10,0.20833333333333334,0.20833333333333334,0.18439908927713805,0.18439908927713805,0.8453270342820354,2.3137907257257644,0.14025056209078088,0.7653370540299897,0.7653370540299897,0.023809523809523808,0.023809523809523808,0.0014663948799789343,12500.0,168,168,cemhsey_forward_day_logo
cemhsey,cemhsey_forward_day_logo|D10,plain_conf_threshold_matched_tau_0.15,S9,grasp_protocol,D10,0.30952380952380953,0.3095238095238095,0.31171069349654734,0.31171069349654734,0.7839212584428998,1.5993626850728364,0.1194139999050255,0.6753712442882998,0.6753712442882998,0.0,0.0,0.0,12500.0,168,168,cemhsey_forward_day_logo
cemhsey,cemhsey_forward_day_logo|D10,plain_conf_threshold_matched_tau_0.15,S11,grasp_protocol,D10,0.8273809523809523,0.8273809523809524,0.8269520435879671,0.8269520435879671,0.3958765465161711,0.8285357154271167,0.33418796124860806,0.04274620246864357,0.04274620246864357,0.03571428571428571,0.03571428571428571,0.0033081683493281578,12500.0,168,168,cemhsey_forward_day_logo
cemhsey,cemhsey_forward_day_logo|D10,plain_conf_threshold_matched_tau_0.15,S12,grasp_protocol,D10,0.6726190476190477,0.6726190476190476,0.6607162690317525,0.6607162690317525,0.4721218295635705,0.93909649204747,0.16510863122684333,0.15308708021281875,0.15308708021281875,0.011904761904761904,0.011904761904761904,0.0012532898206478208,12500.0,168,168,cemhsey_forward_day_logo
cemhsey,cemhsey_forward_day_logo|D10,plain_conf_threshold_matched_tau_0.15,S13,grasp_protocol,D10,0.8154761904761905,0.8154761904761905,0.815725584687849,0.815725584687849,0.3578198473519172,0.7829299024140177,0.2833912638690216,0.03682212045870668,0.03682212045870668,0.05357142857142857,0.05357142857142857,0.006735884906849158,12500.0,168,168,cemhsey_forward_day_logo
cemhsey,cemhsey_forward_day_logo|D11,plain_conf_threshold_matched_tau_0.15,S1,grasp_protocol,D11,0.9226190476190477,0.9226190476190476,0.9190618317395748,0.9190618317395748,0.2132998601181953,0.48930148612506336,0.26336572339653425,0.01532085720071872,0.01532085720071872,0.07142857142857142,0.07142857142857142,0.016484022003122985,12500.0,168,168,cemhsey_forward_day_logo
cemhsey,cemhsey_forward_day_logo|D11,plain_conf_threshold_matched_tau_0.15,S10,grasp_protocol,D11,0.6011904761904762,0.6011904761904762,0.5984097675413598,0.5984097675413598,0.5192949888486088,1.0338440763002281,0.15101277866135945,0.20861428934955187,0.20861428934955187,0.023809523809523808,0.023809523809523808,0.002280661493495889,12500.0,168,168,cemhsey_forward_day_logo
cemhsey,cemhsey_forward_day_logo|D11,plain_conf_threshold_matched_tau_0.15,S2,grasp_protocol,D11,0.8690476190476191,0.869047619047619,0.8648155040469412,0.8648155040469412,0.27721297332780764,0.6177717124448099,0.2664127817259474,0.020120204099541437,0.020120204099541437,0.047619047619047616,0.047619047619047616,0.006221546731992835,12500.0,168,168,cemhsey_forward_day_logo
cemhsey,cemhsey_forward_day_logo|D11,plain_conf_threshold_matched_tau_0.15,S3,grasp_protocol,D11,0.6130952380952381,0.613095238095238,0.6140835181786862,0.6140835181786862,0.5595324534567031,1.1121099929193794,0.19131800004590524,0.21626477264061536,0.21626477264061536,0.0,0.0,0.0,12500.0,168,168,cemhsey_forward_day_logo
cemhsey,cemhsey_forward_day_logo|D11,plain_conf_threshold_matched_tau_0.15,S4,grasp_protocol,D11,0.7202380952380952,0.7202380952380952,0.7190641785988101,0.7190641785988101,0.45405026294151185,0.9003316004419839,0.2519514076857144,0.10833747269267693,0.10833747269267693,0.02976190476190476,0.02976190476190476,0.00156753950278647,12500.0,168,168,cemhsey_forward_day_logo
cemhsey,cemhsey_forward_day_logo|D11,plain_conf_threshold_matched_tau_0.15,S5,grasp_protocol,D11,0.7678571428571429,0.7678571428571429,0.760641284065792,0.760641284065792,0.40966115908207373,0.835141920982643,0.26128971999642825,0.11207354723856061,0.11207354723856061,0.011904761904761904,0.011904761904761904,0.0009101919647860817,12500.0,168,168,cemhsey_forward_day_logo
cemhsey,cemhsey_forward_day_logo|D11,plain_conf_threshold_matched_tau_0.15,S6,grasp_protocol,D11,0.8869047619047619,0.886904761904762,0.8857450466416497,0.8857450466416497,0.3429915367848781,0.7222859123093884,0.3563289554598454,0.019607067277095595,0.019607067277095595,0.041666666666666664,0.041666666666666664,0.004044908594123854,12500.0,168,168,cemhsey_forward_day_logo
cemhsey,cemhsey_forward_day_logo|D11,plain_conf_threshold_matched_tau_0.15,S7,grasp_protocol,D11,0.5059523809523809,0.5059523809523809,0.4982558782096961,0.4982558782096961,0.6884798850207461,1.46251901079418,0.22298868672257688,0.24073965991846089,0.24073965991846089,0.0,0.0,0.0,12500.0,168,168,cemhsey_forward_day_logo
cemhsey,cemhsey_forward_day_logo|D11,plain_conf_threshold_matched_tau_0.15,S8,grasp_protocol,D11,0.34523809523809523,0.34523809523809523,0.3007273562627465,0.3007273562627465,0.7725383032504909,1.5447152771089496,0.10548615311467828,0.6744729085967405,0.6744729085967405,0.017857142857142856,0.017857142857142856,0.00243216948317467,12500.0,168,168,cemhsey_forward_day_logo
cemhsey,cemhsey_forward_day_logo|D11,plain_conf_threshold_matched_tau_0.15,S9,grasp_protocol,D11,0.375,0.375,0.3545885952917364,0.3545885952917364,0.7349647252424121,1.5133161723253996,0.11088455105621291,0.5612837903431865,0.5612837903431865,0.005952380952380952,0.005952380952380952,0.0002407870956988978,12500.0,168,168,cemhsey_forward_day_logo
cemhsey,cemhsey_forward_day_logo|D11,plain_conf_threshold_matched_tau_0.15,S11,grasp_protocol,D11,0.75,0.75,0.7445521432838085,0.7445521432838085,0.4030111499876412,0.8302857493184713,0.2219127412728786,0.07477843388747137,0.07477843388747137,0.017857142857142856,0.017857142857142856,0.002182069527477044,12500.0,168,168,cemhsey_forward_day_logo
cemhsey,cemhsey_forward_day_logo|D11,plain_conf_threshold_matched_tau_0.15,S12,grasp_protocol,D11,0.7559523809523809,0.7559523809523808,0.7655836416665107,0.7655836416665107,0.4235265710398959,0.900002949213087,0.24888863897509894,0.06404276161278644,0.06404276161278644,0.03571428571428571,0.03571428571428571,0.003950830491760768,12500.0,168,168,cemhsey_forward_day_logo
cemhsey,cemhsey_forward_day_logo|D11,plain_conf_threshold_matched_tau_0.15,S13,grasp_protocol,D11,0.8214285714285714,0.8214285714285713,0.8205906710510291,0.8205906710510291,0.32441214517536743,0.7004171193233717,0.27440680813023505,0.03461288235604159,0.03461288235604159,0.10714285714285714,0.10714285714285714,0.015135442244528277,12500.0,168,168,cemhsey_forward_day_logo
cemhsey,cemhsey_forward_day_logo|D02,plain_conf_threshold_matched_tau_0.20,S1,grasp_protocol,D02,0.47023809523809523,0.4702380952380953,0.4394441898904328,0.4394441898904328,0.6663559702186606,1.2944685838513543,0.11634426689413517,0.49090174777643447,0.49090174777643447,0.041666666666666664,0.041666666666666664,0.009926164049665032,12500.0,168,168,cemhsey_forward_day_logo
cemhsey,cemhsey_forward_day_logo|D02,plain_conf_threshold_matched_tau_0.20,S10,grasp_protocol,D02,0.30357142857142855,0.30357142857142855,0.26795993663040124,0.26795993663040124,0.814990479423704,1.807957316241623,0.15532867320276136,0.549145432402188,0.549145432402188,0.005952380952380952,0.005952380952380952,0.0004105092228854033,12500.0,168,168,cemhsey_forward_day_logo
cemhsey,cemhsey_forward_day_logo|D02,plain_conf_threshold_matched_tau_0.20,S2,grasp_protocol,D02,0.625,0.625,0.6066646709243725,0.6066646709243725,0.579654953243171,1.175657174377776,0.24068070227498808,0.24091007418281526,0.24091007418281526,0.005952380952380952,0.005952380952380952,0.0005158612739509794,12500.0,168,168,cemhsey_forward_day_logo
cemhsey,cemhsey_forward_day_logo|D02,plain_conf_threshold_matched_tau_0.20,S3,grasp_protocol,D02,0.4523809523809524,0.4523809523809524,0.416018216018216,0.416018216018216,0.6616068195191483,1.3021687038207073,0.11266646433538696,0.4596787467173546,0.4596787467173546,0.041666666666666664,0.041666666666666664,0.0035019286776097175,12500.0,168,168,cemhsey_forward_day_logo
cemhsey,cemhsey_forward_day_logo|D02,plain_conf_threshold_matched_tau_0.20,S4,grasp_protocol,D02,0.2857142857142857,0.2857142857142857,0.2808414601683501,0.2808414601683501,0.7266367946125099,1.4309619797001933,0.15578099154328695,0.57850608126628,0.57850608126628,0.017857142857142856,0.017857142857142856,0.002562163328135149,12500.0,168,168,cemhsey_forward_day_logo
cemhsey,cemhsey_forward_day_logo|D02,plain_conf_threshold_matched_tau_0.20,S5,grasp_protocol,D02,0.5654761904761905,0.5654761904761905,0.5368654757810878,0.5368654757810878,0.6293511646305758,1.30176095806907,0.2077899260047029,0.3169886188339277,0.3169886188339277,0.03571428571428571,0.03571428571428571,0.0036642255526960882,12500.0,168,168,cemhsey_forward_day_logo
cemhsey,cemhsey_forward_day_logo|D02,plain_conf_threshold_matched_tau_0.20,S6,grasp_protocol,D02,0.4226190476190476,0.42261904761904756,0.4020433760113216,0.4020433760113216,0.6910881201002735,1.4104402305786654,0.10607752913923413,0.4420474843146402,0.4420474843146402,0.0,0.0,0.0,12500.0,168,168,cemhsey_forward_day_logo
cemhsey,cemhsey_forward_day_logo|D02,plain_conf_threshold_matched_tau_0.20,S7,grasp_protocol,D02,0.4226190476190476,0.4226190476190476,0.38736358254303366,0.38736358254303366,0.7502199927208674,1.6320366355249771,0.16186816527455278,0.3451158923781072,0.3451158923781072,0.0,0.0,0.0,12500.0,168,168,cemhsey_forward_day_logo
cemhsey,cemhsey_forward_day_logo|D02,plain_conf_threshold_matched_tau_0.20,S8,grasp_protocol,D02,0.2261904761904762,0.2261904761904762,0.19550307410725606,0.19550307410725606,0.8210122636026917,1.7405414707176898,0.10213799741894948,0.7597904111385844,0.7597904111385844,0.0,0.0,0.0,12500.0,168,168,cemhsey_forward_day_logo
cemhsey,cemhsey_forward_day_logo|D02,plain_conf_threshold_matched_tau_0.20,S9,grasp_protocol,D02,0.27976190476190477,0.2797619047619048,0.25377022384092296,0.25377022384092296,0.7913762067278357,1.6956431593977637,0.07172537652801876,0.6216114882160007,0.6216114882160007,0.0,0.0,0.0,12500.0,168,168,cemhsey_forward_day_logo
cemhsey,cemhsey_forward_day_logo|D02,plain_conf_threshold_matched_tau_0.20,S11,grasp_protocol,D02,0.5059523809523809,0.5059523809523809,0.4705477009325832,0.4705477009325832,0.6655235243402406,1.4002544310418532,0.12580563285116234,0.32380272293863055,0.32380272293863055,0.0,0.0,0.0,12500.0,168,168,cemhsey_forward_day_logo
cemhsey,cemhsey_forward_day_logo|D02,plain_conf_threshold_matched_tau_0.20,S12,grasp_protocol,D02,0.39880952380952384,0.39880952380952384,0.40262710631158993,0.40262710631158993,0.7262165188636173,1.4261728485241005,0.1166468323285619,0.5878004290821641,0.5878004290821641,0.005952380952380952,0.005952380952380952,0.0001396196980621156,12500.0,168,168,cemhsey_forward_day_logo
cemhsey,cemhsey_forward_day_logo|D02,plain_conf_threshold_matched_tau_0.20,S13,grasp_protocol,D02,0.5119047619047619,0.5119047619047619,0.4980026821128022,0.4980026821128022,0.6408312970136022,1.3492790804714023,0.1348294641638702,0.3186187237536179,0.3186187237536179,0.017857142857142856,0.017857142857142856,0.002325102389141372,12500.0,168,168,cemhsey_forward_day_logo
cemhsey,cemhsey_forward_day_logo|D03,plain_conf_threshold_matched_tau_0.20,S1,grasp_protocol,D03,0.6607142857142857,0.6607142857142857,0.6321423923104595,0.6321423923104595,0.49983297875390453,1.0174343142503737,0.20053593031862066,0.14335505416401442,0.14335505416401442,0.023809523809523808,0.023809523809523808,0.0037278417574195524,12500.0,168,168,cemhsey_forward_day_logo
cemhsey,cemhsey_forward_day_logo|D03,plain_conf_threshold_matched_tau_0.20,S10,grasp_protocol,D03,0.3630952380952381,0.3630952380952381,0.31731887660721114,0.31731887660721114,0.7868845050925648,1.7133944422370946,0.06994661412429505,0.6246403785583567,0.6246403785583567,0.0,0.0,0.0,12500.0,168,168,cemhsey_forward_day_logo
cemhsey,cemhsey_forward_day_logo|D03,plain_conf_threshold_matched_tau_0.20,S2,grasp_protocol,D03,0.7440476190476191,0.744047619047619,0.7386194978031713,0.7386194978031713,0.45765414863813414,0.9445299896666707,0.27951322122172667,0.08554867120267307,0.08554867120267307,0.041666666666666664,0.041666666666666664,0.00440077359682131,12500.0,168,168,cemhsey_forward_day_logo
cemhsey,cemhsey_forward_day_logo|D03,plain_conf_threshold_matched_tau_0.20,S3,grasp_protocol,D03,0.5654761904761905,0.5654761904761905,0.5634076349284384,0.5634076349284384,0.5746258814755378,1.119738567110409,0.15686358519206414,0.26438364552357674,0.26438364552357674,0.011904761904761904,0.011904761904761904,0.0011652831486535513,12500.0,168,168,cemhsey_forward_day_logo
cemhsey,cemhsey_forward_day_logo|D03,plain_conf_threshold_matched_tau_0.20,S4,grasp_protocol,D03,0.49404761904761907,0.494047619047619,0.4888594441147199,0.4888594441147199,0.6466223694980118,1.256097766201985,0.13269812219043187,0.42762454458815685,0.42762454458815685,0.041666666666666664,0.041666666666666664,0.003915355237526806,12500.0,168,168,cemhsey_forward_day_logo
cemhsey,cemhsey_forward_day_logo|D03,plain_conf_threshold_matched_tau_0.20,S5,grasp_protocol,D03,0.5714285714285714,0.5714285714285714,0.5633134720260137,0.5633134720260137,0.5868481750957057,1.180536960623173,0.1769943223592024,0.27876333387683,0.27876333387683,0.017857142857142856,0.017857142857142856,0.0054165907774212695,12500.0,168,168,cemhsey_forward_day_logo
cemhsey,cemhsey_forward_day_logo|D03,plain_conf_threshold_matched_tau_0.20,S6,grasp_protocol,D03,0.40476190476190477,0.40476190476190477,0.40029389633172624,0.40029389633172624,0.7124111025700617,1.3825799999618065,0.09837808877177133,0.5673278307502915,0.5673278307502915,0.047619047619047616,0.047619047619047616,0.005576975283806693,12500.0,168,168,cemhsey_forward_day_logo
cemhsey,cemhsey_forward_day_logo|D03,plain_conf_threshold_matched_tau_0.20,S7,grasp_protocol,D03,0.42857142857142855,0.42857142857142855,0.36112033544639444,0.36112033544639444,0.7506859033721657,1.6613550183810764,0.17735300410976845,0.35855857033600363,0.35855857033600363,0.0,0.0,0.0,12500.0,168,168,cemhsey_forward_day_logo
cemhsey,cemhsey_forward_day_logo|D03,plain_conf_threshold_matched_tau_0.20,S8,grasp_protocol,D03,0.27380952380952384,0.2738095238095238,0.2639297210725782,0.2639297210725782,0.7781718008859222,1.5974280331443396,0.07572143044316279,0.6687185280066112,0.6687185280066112,0.0,0.0,0.0,12500.0,168,168,cemhsey_forward_day_logo
cemhsey,cemhsey_forward_day_logo|D03,plain_conf_threshold_matched_tau_0.20,S9,grasp_protocol,D03,0.3333333333333333,0.33333333333333337,0.32144875494057273,0.32144875494057273,0.775843827749376,1.648161010327905,0.04884829893548254,0.634730913155073,0.634730913155073,0.005952380952380952,0.005952380952380952,0.0016713472484998259,12500.0,168,168,cemhsey_forward_day_logo
cemhsey,cemhsey_forward_day_logo|D03,plain_conf_threshold_matched_tau_0.20,S11,grasp_protocol,D03,0.6785714285714286,0.6785714285714286,0.6586176506445721,0.6586176506445721,0.5217092917613205,1.069963978922449,0.2441791363131792,0.1535595760504836,0.1535595760504836,0.005952380952380952,0.005952380952380952,0.00040908397455139285,12500.0,168,168,cemhsey_forward_day_logo
cemhsey,cemhsey_forward_day_logo|D03,plain_conf_threshold_matched_tau_0.20,S12,grasp_protocol,D03,0.5,0.5,0.490006446291729,0.490006446291729,0.6744446156167389,1.3791595660209213,0.17842866085196246,0.3495791445967805,0.3495791445967805,0.0,0.0,0.0,12500.0,168,168,cemhsey_forward_day_logo
cemhsey,cemhsey_forward_day_logo|D03,plain_conf_threshold_matched_tau_0.20,S13,grasp_protocol,D03,0.43452380952380953,0.4345238095238096,0.4059629121740923,0.4059629121740923,0.7002080603852415,1.4524431484154396,0.1148475037121015,0.3976443399580709,0.3976443399580709,0.0,0.0,0.0,12500.0,168,168,cemhsey_forward_day_logo
cemhsey,cemhsey_forward_day_logo|D04,plain_conf_threshold_matched_tau_0.20,S1,grasp_protocol,D04,0.7738095238095238,0.7738095238095238,0.7720223996522398,0.7720223996522398,0.36074954999646147,0.7603750653364313,0.23313202896181742,0.05677190909757083,0.05677190909757083,0.05952380952380952,0.05952380952380952,0.013977625223982014,12500.0,168,168,cemhsey_forward_day_logo
cemhsey,cemhsey_forward_day_logo|D04,plain_conf_threshold_matched_tau_0.20,S10,grasp_protocol,D04,0.5119047619047619,0.5119047619047619,0.5167261803508391,0.5167261803508391,0.6472911076154243,1.3606998995895987,0.18005404787798782,0.24692230188126832,0.24692230188126832,0.011904761904761904,0.011904761904761904,0.002238554390602899,12500.0,168,168,cemhsey_forward_day_logo
cemhsey,cemhsey_forward_day_logo|D04,plain_conf_threshold_matched_tau_0.20,S2,grasp_protocol,D04,0.7738095238095238,0.7738095238095238,0.7610756739521294,0.7610756739521294,0.3628388483709103,0.7659467202930909,0.24276397348124307,0.05608639739115463,0.05608639739115463,0.07738095238095238,0.07738095238095238,0.010753292984979932,12500.0,168,168,cemhsey_forward_day_logo
cemhsey,cemhsey_forward_day_logo|D04,plain_conf_threshold_matched_tau_0.20,S3,grasp_protocol,D04,0.5833333333333334,0.5833333333333334,0.5603828710971569,0.5603828710971569,0.5817595533963924,1.1647081541005597,0.161594795020915,0.2500366100258287,0.2500366100258287,0.017857142857142856,0.017857142857142856,0.0025514251687779495,12500.0,168,168,cemhsey_forward_day_logo
cemhsey,cemhsey_forward_day_logo|D04,plain_conf_threshold_matched_tau_0.20,S4,grasp_protocol,D04,0.6011904761904762,0.6011904761904762,0.5776504601389394,0.5776504601389394,0.5458278326290944,1.0878796447844166,0.18033487430891082,0.18596460845650337,0.18596460845650337,0.02976190476190476,0.02976190476190476,0.005798572637946708,12500.0,168,168,cemhsey_forward_day_logo
cemhsey,cemhsey_forward_day_logo|D04,plain_conf_threshold_matched_tau_0.20,S5,grasp_protocol,D04,0.6726190476190477,0.6726190476190477,0.6646385828393225,0.6646385828393225,0.4902633538813187,1.0077370925569522,0.19754396890567272,0.13003933449684824,0.13003933449684824,0.08928571428571429,0.08928571428571429,0.007383811175794813,12500.0,168,168,cemhsey_forward_day_logo
cemhsey,cemhsey_forward_day_logo|D04,plain_conf_threshold_matched_tau_0.20,S6,grasp_protocol,D04,0.5654761904761905,0.5654761904761905,0.5601444322036011,0.5601444322036011,0.6097361951407688,1.2388449581504835,0.19771522847466144,0.23892196860740605,0.23892196860740605,0.0,0.0,0.0,12500.0,168,168,cemhsey_forward_day_logo
cemhsey,cemhsey_forward_day_logo|D04,plain_conf_threshold_matched_tau_0.20,S7,grasp_protocol,D04,0.44047619047619047,0.4404761904761905,0.41261124521493187,0.41261124521493187,0.7316995377331039,1.5831657621803206,0.13593665371774688,0.4265876320181756,0.4265876320181756,0.005952380952380952,0.005952380952380952,7.276980275460879e-05,12500.0,168,168,cemhsey_forward_day_logo
cemhsey,cemhsey_forward_day_logo|D04,plain_conf_threshold_matched_tau_0.20,S8,grasp_protocol,D04,0.2857142857142857,0.2857142857142857,0.24432599613271883,0.24432599613271883,0.8313684979743873,1.8142163755344995,0.07987978476360226,0.7110816936831529,0.7110816936831529,0.02976190476190476,0.02976190476190476,0.0027164009758977935,12500.0,168,168,cemhsey_forward_day_logo
cemhsey,cemhsey_forward_day_logo|D04,plain_conf_threshold_matched_tau_0.20,S9,grasp_protocol,D04,0.4107142857142857,0.41071428571428575,0.39478426879043765,0.39478426879043765,0.7250915902356097,1.501659734283111,0.09118875879354785,0.49606347381139587,0.49606347381139587,0.011904761904761904,0.011904761904761904,0.0017239481465468813,12500.0,168,168,cemhsey_forward_day_logo
cemhsey,cemhsey_forward_day_logo|D04,plain_conf_threshold_matched_tau_0.20,S11,grasp_protocol,D04,0.5952380952380952,0.5952380952380952,0.5766264045767151,0.5766264045767151,0.5526380582865446,1.1388016059134332,0.15539145982896993,0.18802726191719557,0.18802726191719557,0.03571428571428571,0.03571428571428571,0.007421055391047616,12500.0,168,168,cemhsey_forward_day_logo
cemhsey,cemhsey_forward_day_logo|D04,plain_conf_threshold_matched_tau_0.20,S12,grasp_protocol,D04,0.6488095238095238,0.6488095238095238,0.650772178338104,0.650772178338104,0.522930936528359,1.094860664554302,0.21238548954850753,0.1253978575095538,0.1253978575095538,0.017857142857142856,0.017857142857142856,0.002416011373354531,12500.0,168,168,cemhsey_forward_day_logo
cemhsey,cemhsey_forward_day_logo|D04,plain_conf_threshold_matched_tau_0.20,S13,grasp_protocol,D04,0.7202380952380952,0.7202380952380951,0.7174981342268829,0.7174981342268829,0.5351194508841247,1.1078926487746414,0.3244684811830234,0.08898779566067275,0.08898779566067275,0.005952380952380952,0.005952380952380952,0.0003811235194390585,12500.0,168,168,cemhsey_forward_day_logo
cemhsey,cemhsey_forward_day_logo|D05,plain_conf_threshold_matched_tau_0.20,S1,grasp_protocol,D05,0.7321428571428571,0.732142857142857,0.7302210325123839,0.7302210325123839,0.442022588802322,0.8570880972502747,0.18893381664257874,0.16103888050653453,0.16103888050653453,0.05952380952380952,0.05952380952380952,0.008346068761748463,12500.0,168,168,cemhsey_forward_day_logo
cemhsey,cemhsey_forward_day_logo|D05,plain_conf_threshold_matched_tau_0.20,S10,grasp_protocol,D05,0.4880952380952381,0.4880952380952381,0.4523050920697118,0.4523050920697118,0.652607904822507,1.3448257687540226,0.13584472201526962,0.35142192487503965,0.35142192487503965,0.011904761904761904,0.011904761904761904,0.00354367946837237,12500.0,168,168,cemhsey_forward_day_logo
cemhsey,cemhsey_forward_day_logo|D05,plain_conf_threshold_matched_tau_0.20,S2,grasp_protocol,D05,0.8690476190476191,0.8690476190476192,0.8690697891042799,0.8690697891042799,0.32750920203646233,0.7068240483110105,0.3046579660995007,0.026379565214035325,0.026379565214035325,0.047619047619047616,0.047619047619047616,0.004397970312605922,12500.0,168,168,cemhsey_forward_day_logo
cemhsey,cemhsey_forward_day_logo|D05,plain_conf_threshold_matched_tau_0.20,S3,grasp_protocol,D05,0.7261904761904762,0.7261904761904763,0.7099980869841843,0.7099980869841843,0.4845727538057445,0.9571426511123585,0.24926945315821022,0.1498488943187794,0.1498488943187794,0.023809523809523808,0.023809523809523808,0.0017089763286293313,12500.0,168,168,cemhsey_forward_day_logo
cemhsey,cemhsey_forward_day_logo|D05,plain_conf_threshold_matched_tau_0.20,S4,grasp_protocol,D05,0.5535714285714286,0.5535714285714286,0.5556420144557664,0.5556420144557664,0.5501429541762041,1.0720221569265775,0.1574096269516681,0.23478268012138517,0.23478268012138517,0.02976190476190476,0.02976190476190476,0.004013811235558625,12500.0,168,168,cemhsey_forward_day_logo
cemhsey,cemhsey_forward_day_logo|D05,plain_conf_threshold_matched_tau_0.20,S5,grasp_protocol,D05,0.7023809523809523,0.7023809523809523,0.6910644419492865,0.6910644419492865,0.43790999915347373,0.903936136674085,0.2319768573338677,0.10274540174680497,0.10274540174680497,0.023809523809523808,0.023809523809523808,0.003165805814776268,12500.0,168,168,cemhsey_forward_day_logo
cemhsey,cemhsey_forward_day_logo|D05,plain_conf_threshold_matched_tau_0.20,S6,grasp_protocol,D05,0.6964285714285714,0.6964285714285714,0.6935726489194213,0.6935726489194213,0.49383893491016095,0.9778827240259198,0.24192625423712938,0.1837434838660833,0.1837434838660833,0.02976190476190476,0.02976190476190476,0.004679024127821121,12500.0,168,168,cemhsey_forward_day_logo
cemhsey,cemhsey_forward_day_logo|D05,plain_conf_threshold_matched_tau_0.20,S7,grasp_protocol,D05,0.5416666666666666,0.5416666666666666,0.5503688921456028,0.5503688921456028,0.6776378510156741,1.4523585483522066,0.2341505868005371,0.21573783743542366,0.21573783743542366,0.0,0.0,0.0,12500.0,168,168,cemhsey_forward_day_logo
cemhsey,cemhsey_forward_day_logo|D05,plain_conf_threshold_matched_tau_0.20,S8,grasp_protocol,D05,0.30357142857142855,0.30357142857142855,0.25676470726859507,0.25676470726859507,0.7906835602898992,1.6152693754575613,0.0920927269925368,0.7024076083927877,0.7024076083927877,0.023809523809523808,0.023809523809523808,0.0017515899570448498,12500.0,168,168,cemhsey_forward_day_logo
cemhsey,cemhsey_forward_day_logo|D05,plain_conf_threshold_matched_tau_0.20,S9,grasp_protocol,D05,0.3869047619047619,0.38690476190476186,0.3654364728360275,0.3654364728360275,0.6961222660441295,1.3942579506068618,0.0711312759235804,0.45616660102120915,0.45616660102120915,0.0,0.0,0.0,12500.0,168,168,cemhsey_forward_day_logo
cemhsey,cemhsey_forward_day_logo|D05,plain_conf_threshold_matched_tau_0.20,S11,grasp_protocol,D05,0.7380952380952381,0.7380952380952381,0.7320437761718093,0.7320437761718093,0.4705489707961396,0.9866415809192001,0.26994264412059593,0.09560116491709543,0.09560116491709543,0.03571428571428571,0.03571428571428571,0.005060723953377817,12500.0,168,168,cemhsey_forward_day_logo
cemhsey,cemhsey_forward_day_logo|D05,plain_conf_threshold_matched_tau_0.20,S12,grasp_protocol,D05,0.6785714285714286,0.6785714285714286,0.6771290620543928,0.6771290620543928,0.4900744577072211,0.9976637630682458,0.2365412726114996,0.12856741234187283,0.12856741234187283,0.005952380952380952,0.005952380952380952,0.00046014638541776425,12500.0,168,168,cemhsey_forward_day_logo
cemhsey,cemhsey_forward_day_logo|D05,plain_conf_threshold_matched_tau_0.20,S13,grasp_protocol,D05,0.6964285714285714,0.6964285714285715,0.688965490330528,0.688965490330528,0.48819215952753775,1.0577833277768558,0.25605758262653155,0.08882806363557338,0.08882806363557338,0.02976190476190476,0.02976190476190476,0.003993929345306434,12500.0,168,168,cemhsey_forward_day_logo
cemhsey,cemhsey_forward_day_logo|D06,plain_conf_threshold_matched_tau_0.20,S1,grasp_protocol,D06,0.8214285714285714,0.8214285714285714,0.8232046828491527,0.8232046828491527,0.3955772319901162,0.8543494127253999,0.3026596131382893,0.035012469586027536,0.035012469586027536,0.07738095238095238,0.07738095238095238,0.009321658033123317,12500.0,168,168,cemhsey_forward_day_logo
cemhsey,cemhsey_forward_day_logo|D06,plain_conf_threshold_matched_tau_0.20,S10,grasp_protocol,D06,0.5416666666666666,0.5416666666666667,0.5218845704634856,0.5218845704634856,0.6434913254936354,1.6333360537611366,0.15047489665335914,0.351362494350352,0.351362494350352,0.0,0.0,0.0,12500.0,168,168,cemhsey_forward_day_logo
cemhsey,cemhsey_forward_day_logo|D06,plain_conf_threshold_matched_tau_0.20,S2,grasp_protocol,D06,0.875,0.875,0.8666396768038693,0.8666396768038693,0.27773461574947356,0.604555808760831,0.2639621355238054,0.026415948466355796,0.026415948466355796,0.07142857142857142,0.07142857142857142,0.007703047874927278,12500.0,168,168,cemhsey_forward_day_logo
cemhsey,cemhsey_forward_day_logo|D06,plain_conf_threshold_matched_tau_0.20,S3,grasp_protocol,D06,0.7857142857142857,0.7857142857142857,0.7832189340548003,0.7832189340548003,0.40918537676986116,0.8518012606086465,0.26985057052688316,0.06675874010405633,0.06675874010405633,0.03571428571428571,0.03571428571428571,0.00486501547940733,12500.0,168,168,cemhsey_forward_day_logo
cemhsey,cemhsey_forward_day_logo|D06,plain_conf_threshold_matched_tau_0.20,S4,grasp_protocol,D06,0.5714285714285714,0.5714285714285714,0.558235056972483,0.558235056972483,0.6005698596273648,1.2011713703037945,0.16258246505152474,0.2685059491007105,0.2685059491007105,0.017857142857142856,0.017857142857142856,0.0014209022069977598,12500.0,168,168,cemhsey_forward_day_logo
cemhsey,cemhsey_forward_day_logo|D06,plain_conf_threshold_matched_tau_0.20,S5,grasp_protocol,D06,0.7083333333333334,0.7083333333333334,0.7006441239357184,0.7006441239357184,0.4343654248213409,0.8613296423752158,0.19704598266494064,0.12508239605524035,0.12508239605524035,0.08333333333333333,0.08333333333333333,0.008037504278903587,12500.0,168,168,cemhsey_forward_day_logo
cemhsey,cemhsey_forward_day_logo|D06,plain_conf_threshold_matched_tau_0.20,S6,grasp_protocol,D06,0.7619047619047619,0.761904761904762,0.7606516676751562,0.7606516676751562,0.4288004079759536,0.882703760604502,0.2571946531972417,0.09886916191876795,0.09886916191876795,0.047619047619047616,0.047619047619047616,0.0035699495085773033,12500.0,168,168,cemhsey_forward_day_logo
cemhsey,cemhsey_forward_day_logo|D06,plain_conf_threshold_matched_tau_0.20,S7,grasp_protocol,D06,0.49404761904761907,0.494047619047619,0.46527051368541106,0.46527051368541106,0.676200669976623,1.4479700480492759,0.18172044507455232,0.2613125636607106,0.2613125636607106,0.0,0.0,0.0,12500.0,168,168,cemhsey_forward_day_logo
cemhsey,cemhsey_forward_day_logo|D06,plain_conf_threshold_matched_tau_0.20,S8,grasp_protocol,D06,0.20238095238095238,0.20238095238095238,0.1708739099246618,0.1708739099246618,0.870851810382098,2.1704962942316026,0.1694819798560834,0.8403286342876706,0.8403286342876706,0.02976190476190476,0.02976190476190476,0.0030921395528320634,12500.0,168,168,cemhsey_forward_day_logo
cemhsey,cemhsey_forward_day_logo|D06,plain_conf_threshold_matched_tau_0.20,S9,grasp_protocol,D06,0.34523809523809523,0.3452380952380953,0.32011480041817825,0.32011480041817825,0.7553723356264831,1.5776779634347997,0.10075862311863581,0.5433765972947431,0.5433765972947431,0.011904761904761904,0.011904761904761904,0.0006909091509529036,12500.0,168,168,cemhsey_forward_day_logo
cemhsey,cemhsey_forward_day_logo|D06,plain_conf_threshold_matched_tau_0.20,S11,grasp_protocol,D06,0.7440476190476191,0.744047619047619,0.7255561439150444,0.7255561439150444,0.39289434383169125,0.8200366244053887,0.18457647682923956,0.08750450102100198,0.08750450102100198,0.05357142857142857,0.05357142857142857,0.011938106561224496,12500.0,168,168,cemhsey_forward_day_logo
cemhsey,cemhsey_forward_day_logo|D06,plain_conf_threshold_matched_tau_0.20,S12,grasp_protocol,D06,0.8452380952380952,0.8452380952380951,0.8411385393994089,0.8411385393994089,0.3432513529652982,0.7372433957388209,0.3069643922568962,0.026597142821111627,0.026597142821111627,0.05357142857142857,0.05357142857142857,0.007254528873829812,12500.0,168,168,cemhsey_forward_day_logo
cemhsey,cemhsey_forward_day_logo|D06,plain_conf_threshold_matched_tau_0.20,S13,grasp_protocol,D06,0.8035714285714286,0.8035714285714287,0.8043668465708447,0.8043668465708447,0.4077798114496443,0.8606801920337548,0.3037300439583916,0.05005254964301829,0.05005254964301829,0.03571428571428571,0.03571428571428571,0.007249731735101839,12500.0,168,168,cemhsey_forward_day_logo
cemhsey,cemhsey_forward_day_logo|D07,plain_conf_threshold_matched_tau_0.20,S1,grasp_protocol,D07,0.8690476190476191,0.8690476190476192,0.8669907902003245,0.8669907902003245,0.3372532727971996,0.7211668329712237,0.32026961290813855,0.02521154647490411,0.02521154647490411,0.017857142857142856,0.017857142857142856,0.0036310984906548984,12500.0,168,168,cemhsey_forward_day_logo
cemhsey,cemhsey_forward_day_logo|D07,plain_conf_threshold_matched_tau_0.20,S10,grasp_protocol,D07,0.5416666666666666,0.5416666666666666,0.5193652513540075,0.5193652513540075,0.5898836317444737,1.6414680532320332,0.14579755023540866,0.3237733592447103,0.3237733592447103,0.023809523809523808,0.023809523809523808,0.005024629358396723,12500.0,168,168,cemhsey_forward_day_logo
cemhsey,cemhsey_forward_day_logo|D07,plain_conf_threshold_matched_tau_0.20,S2,grasp_protocol,D07,0.8095238095238095,0.8095238095238094,0.8130042662651359,0.8130042662651359,0.361925432237969,0.7675631764887265,0.26592529701819895,0.05357474501402139,0.05357474501402139,0.023809523809523808,0.023809523809523808,0.002230329671431188,12500.0,168,168,cemhsey_forward_day_logo
cemhsey,cemhsey_forward_day_logo|D07,plain_conf_threshold_matched_tau_0.20,S3,grasp_protocol,D07,0.7083333333333334,0.7083333333333333,0.7080626929988911,0.7080626929988911,0.5517472061052346,1.1386112624216347,0.2935109156002275,0.1511737787745567,0.1511737787745567,0.005952380952380952,0.005952380952380952,0.00045331545248606194,12500.0,168,168,cemhsey_forward_day_logo
cemhsey,cemhsey_forward_day_logo|D07,plain_conf_threshold_matched_tau_0.20,S4,grasp_protocol,D07,0.6309523809523809,0.630952380952381,0.6276230525953057,0.6276230525953057,0.5428571399270173,1.0464290132456557,0.19222847622952188,0.23027530518399575,0.23027530518399575,0.023809523809523808,0.023809523809523808,0.0032243595723061994,12500.0,168,168,cemhsey_forward_day_logo
cemhsey,cemhsey_forward_day_logo|D07,plain_conf_threshold_matched_tau_0.20,S5,grasp_protocol,D07,0.7976190476190477,0.7976190476190476,0.7791627684067769,0.7791627684067769,0.387408904861561,0.8124252459234027,0.27742518399336774,0.07470698331291778,0.07470698331291778,0.041666666666666664,0.041666666666666664,0.004868841740993131,12500.0,168,168,cemhsey_forward_day_logo
cemhsey,cemhsey_forward_day_logo|D07,plain_conf_threshold_matched_tau_0.20,S6,grasp_protocol,D07,0.75,0.75,0.7449684540631566,0.7449684540631566,0.44675741350365344,0.9070001976148923,0.2890509352806443,0.07633274252120109,0.07633274252120109,0.011904761904761904,0.011904761904761904,0.001194021438309529,12500.0,168,168,cemhsey_forward_day_logo
cemhsey,cemhsey_forward_day_logo|D07,plain_conf_threshold_matched_tau_0.20,S7,grasp_protocol,D07,0.4880952380952381,0.4880952380952381,0.4429903066778792,0.4429903066778792,0.6667796688882623,1.4559711659144194,0.17215562256605135,0.2669496874087156,0.2669496874087156,0.0,0.0,0.0,12500.0,168,168,cemhsey_forward_day_logo
cemhsey,cemhsey_forward_day_logo|D07,plain_conf_threshold_matched_tau_0.20,S8,grasp_protocol,D07,0.23809523809523808,0.2380952380952381,0.1973462915241891,0.1973462915241891,0.812720137369573,1.6774533007422427,0.1463472867179163,0.7188318893306964,0.7188318893306964,0.005952380952380952,0.005952380952380952,0.00016198303292783983,12500.0,168,168,cemhsey_forward_day_logo
cemhsey,cemhsey_forward_day_logo|D07,plain_conf_threshold_matched_tau_0.20,S9,grasp_protocol,D07,0.4226190476190476,0.4226190476190476,0.3946542586461045,0.3946542586461045,0.7316887251089432,1.5596233965875779,0.12488295967187409,0.4419353244885016,0.4419353244885016,0.0,0.0,0.0,12500.0,168,168,cemhsey_forward_day_logo
cemhsey,cemhsey_forward_day_logo|D07,plain_conf_threshold_matched_tau_0.20,S11,grasp_protocol,D07,0.7678571428571429,0.7678571428571429,0.7537260324445897,0.7537260324445897,0.42070714937712705,0.8777199432720906,0.2642322162617999,0.06874672084012624,0.06874672084012624,0.02976190476190476,0.02976190476190476,0.0026776038840637777,12500.0,168,168,cemhsey_forward_day_logo
cemhsey,cemhsey_forward_day_logo|D07,plain_conf_threshold_matched_tau_0.20,S12,grasp_protocol,D07,0.7380952380952381,0.7380952380952381,0.7326128375451267,0.7326128375451267,0.4859254592130394,1.0329132695304044,0.31184101258055147,0.06915791445412323,0.06915791445412323,0.011904761904761904,0.011904761904761904,0.0004794959345589903,12500.0,168,168,cemhsey_forward_day_logo
cemhsey,cemhsey_forward_day_logo|D07,plain_conf_threshold_matched_tau_0.20,S13,grasp_protocol,D07,0.7797619047619048,0.7797619047619049,0.7787834847701951,0.7787834847701951,0.42794909189344577,0.8929252775467793,0.31489666325259646,0.05983440840233583,0.05983440840233583,0.017857142857142856,0.017857142857142856,0.0028242714202563165,12500.0,168,168,cemhsey_forward_day_logo
cemhsey,cemhsey_forward_day_logo|D08,plain_conf_threshold_matched_tau_0.20,S1,grasp_protocol,D08,0.8333333333333334,0.8333333333333333,0.8312839513520717,0.8312839513520717,0.30885185242893876,0.666530786000062,0.2714549975345842,0.02870835819296052,0.02870835819296052,0.08333333333333333,0.08333333333333333,0.00842033287639585,12500.0,168,168,cemhsey_forward_day_logo
cemhsey,cemhsey_forward_day_logo|D08,plain_conf_threshold_matched_tau_0.20,S10,grasp_protocol,D08,0.5892857142857143,0.5892857142857143,0.5796402663269864,0.5796402663269864,0.5567307014341848,1.1109715639123703,0.16874150637425211,0.2213857937887413,0.2213857937887413,0.011904761904761904,0.011904761904761904,0.0011901258493641305,12500.0,168,168,cemhsey_forward_day_logo
cemhsey,cemhsey_forward_day_logo|D08,plain_conf_threshold_matched_tau_0.20,S2,grasp_protocol,D08,0.8214285714285714,0.8214285714285714,0.8197484043695684,0.8197484043695684,0.28803590633512083,0.6270878699737835,0.24571787742922338,0.02927274303346549,0.02927274303346549,0.10119047619047619,0.10119047619047619,0.009054308786253972,12500.0,168,168,cemhsey_forward_day_logo
cemhsey,cemhsey_forward_day_logo|D08,plain_conf_threshold_matched_tau_0.20,S3,grasp_protocol,D08,0.6726190476190477,0.6726190476190476,0.6606679728034525,0.6606679728034525,0.541358114406891,1.0717245017572212,0.2601597126720967,0.2722578638380669,0.2722578638380669,0.02976190476190476,0.02976190476190476,0.0032026327309769417,12500.0,168,168,cemhsey_forward_day_logo
cemhsey,cemhsey_forward_day_logo|D08,plain_conf_threshold_matched_tau_0.20,S4,grasp_protocol,D08,0.6845238095238095,0.6845238095238094,0.6851254722854894,0.6851254722854894,0.47774146298716824,0.9594404618758222,0.20214957831816854,0.11827598811158332,0.11827598811158332,0.05952380952380952,0.05952380952380952,0.006710335171065557,12500.0,168,168,cemhsey_forward_day_logo
cemhsey,cemhsey_forward_day_logo|D08,plain_conf_threshold_matched_tau_0.20,S5,grasp_protocol,D08,0.6904761904761905,0.6904761904761906,0.6811414347217541,0.6811414347217541,0.45482960848867743,0.8994017494646472,0.2111748169872803,0.15254054872364425,0.15254054872364425,0.047619047619047616,0.047619047619047616,0.005053959565188733,12500.0,168,168,cemhsey_forward_day_logo
cemhsey,cemhsey_forward_day_logo|D08,plain_conf_threshold_matched_tau_0.20,S6,grasp_protocol,D08,0.7619047619047619,0.761904761904762,0.7602084116931481,0.7602084116931481,0.41962881182359757,0.8844812687862184,0.2947631815055551,0.05771377918603263,0.05771377918603263,0.02976190476190476,0.02976190476190476,0.002254573989204779,12500.0,168,168,cemhsey_forward_day_logo
cemhsey,cemhsey_forward_day_logo|D08,plain_conf_threshold_matched_tau_0.20,S7,grasp_protocol,D08,0.6666666666666666,0.6666666666666667,0.6768654645527679,0.6768654645527679,0.5799693582136191,1.2264451121078512,0.3124748968916233,0.13107158624012374,0.13107158624012374,0.0,0.0,0.0,12500.0,168,168,cemhsey_forward_day_logo
cemhsey,cemhsey_forward_day_logo|D08,plain_conf_threshold_matched_tau_0.20,S8,grasp_protocol,D08,0.24404761904761904,0.24404761904761907,0.20291634873054062,0.20291634873054062,0.8345634347527623,1.9544584037927226,0.1611505641300511,0.8250782487566506,0.8250782487566506,0.041666666666666664,0.041666666666666664,0.005406714469317377,12500.0,168,168,cemhsey_forward_day_logo
cemhsey,cemhsey_forward_day_logo|D08,plain_conf_threshold_matched_tau_0.20,S9,grasp_protocol,D08,0.3630952380952381,0.36309523809523814,0.3238413838858613,0.3238413838858613,0.7490493174981185,1.6043993546947415,0.05774920440148912,0.5107400859131339,0.5107400859131339,0.0,0.0,0.0,12500.0,168,168,cemhsey_forward_day_logo
cemhsey,cemhsey_forward_day_logo|D08,plain_conf_threshold_matched_tau_0.20,S11,grasp_protocol,D08,0.8571428571428571,0.8571428571428571,0.8501212737465041,0.8501212737465041,0.28643326504697875,0.6300947396759836,0.2738250869524369,0.022337180780497946,0.022337180780497946,0.05952380952380952,0.05952380952380952,0.00983163608703176,12500.0,168,168,cemhsey_forward_day_logo
cemhsey,cemhsey_forward_day_logo|D08,plain_conf_threshold_matched_tau_0.20,S12,grasp_protocol,D08,0.7083333333333334,0.7083333333333334,0.699015133787246,0.699015133787246,0.4467728632948968,0.9239812855711802,0.2170659119894218,0.1377106074038984,0.1377106074038984,0.02976190476190476,0.02976190476190476,0.0012264631742710708,12500.0,168,168,cemhsey_forward_day_logo
cemhsey,cemhsey_forward_day_logo|D08,plain_conf_threshold_matched_tau_0.20,S13,grasp_protocol,D08,0.7857142857142857,0.7857142857142857,0.7821635775742324,0.7821635775742324,0.42473867977548574,0.8726933843410466,0.292752417974779,0.07171509456440256,0.07171509456440256,0.041666666666666664,0.041666666666666664,0.005252876437066269,12500.0,168,168,cemhsey_forward_day_logo
cemhsey,cemhsey_forward_day_logo|D09,plain_conf_threshold_matched_tau_0.20,S1,grasp_protocol,D09,0.8809523809523809,0.880952380952381,0.8783864077031778,0.8783864077031778,0.2863266593818888,0.6256671906110897,0.28812405389894946,0.022777720013770104,0.022777720013770104,0.07142857142857142,0.07142857142857142,0.010129740629834813,12500.0,168,168,cemhsey_forward_day_logo
cemhsey,cemhsey_forward_day_logo|D09,plain_conf_threshold_matched_tau_0.20,S10,grasp_protocol,D09,0.5,0.49999999999999994,0.4616235803454694,0.4616235803454694,0.6568365411529385,1.3014235230706976,0.06038380794831966,0.39567769122783875,0.39567769122783875,0.005952380952380952,0.005952380952380952,0.00028825937539200423,12500.0,168,168,cemhsey_forward_day_logo
cemhsey,cemhsey_forward_day_logo|D09,plain_conf_threshold_matched_tau_0.20,S2,grasp_protocol,D09,0.8928571428571429,0.892857142857143,0.8922553415576672,0.8922553415576672,0.2592798610353402,0.566043992872768,0.2860587805710029,0.012269786003628522,0.012269786003628522,0.08333333333333333,0.08333333333333333,0.013356556145594237,12500.0,168,168,cemhsey_forward_day_logo
cemhsey,cemhsey_forward_day_logo|D09,plain_conf_threshold_matched_tau_0.20,S3,grasp_protocol,D09,0.6547619047619048,0.6547619047619048,0.6222850534478441,0.6222850534478441,0.5016149581695201,1.022363896416717,0.18332605547010453,0.17303675378686426,0.17303675378686426,0.017857142857142856,0.017857142857142856,0.0031315152365288,12500.0,168,168,cemhsey_forward_day_logo
cemhsey,cemhsey_forward_day_logo|D09,plain_conf_threshold_matched_tau_0.20,S4,grasp_protocol,D09,0.6666666666666666,0.6666666666666667,0.660466911178907,0.660466911178907,0.5190632660288563,1.0095147024079356,0.20330159202873832,0.17111896160740372,0.17111896160740372,0.011904761904761904,0.011904761904761904,0.0010860757374242314,12500.0,168,168,cemhsey_forward_day_logo
cemhsey,cemhsey_forward_day_logo|D09,plain_conf_threshold_matched_tau_0.20,S5,grasp_protocol,D09,0.7023809523809523,0.7023809523809524,0.6911391104494553,0.6911391104494553,0.4245013941648393,0.8676393468715817,0.207534774419717,0.11070849236594976,0.11070849236594976,0.05952380952380952,0.05952380952380952,0.0046806387575858,12500.0,168,168,cemhsey_forward_day_logo
cemhsey,cemhsey_forward_day_logo|D09,plain_conf_threshold_matched_tau_0.20,S6,grasp_protocol,D09,0.8214285714285714,0.8214285714285714,0.8200837659204073,0.8200837659204073,0.3465249145562991,0.7202802865763255,0.26093667126719283,0.052373791250920565,0.052373791250920565,0.07142857142857142,0.07142857142857142,0.005058199765068515,12500.0,168,168,cemhsey_forward_day_logo
cemhsey,cemhsey_forward_day_logo|D09,plain_conf_threshold_matched_tau_0.20,S7,grasp_protocol,D09,0.5535714285714286,0.5535714285714286,0.5060564225690276,0.5060564225690276,0.6317256462197529,1.3511336985789224,0.20881033299238244,0.20516054475369572,0.20516054475369572,0.0,0.0,0.0,12500.0,168,168,cemhsey_forward_day_logo
cemhsey,cemhsey_forward_day_logo|D09,plain_conf_threshold_matched_tau_0.20,S8,grasp_protocol,D09,0.23214285714285715,0.23214285714285715,0.15760445290735017,0.15760445290735017,0.8324751813915606,1.7097565922228843,0.14567931236840062,0.7425364128757013,0.7425364128757013,0.02976190476190476,0.02976190476190476,0.004455906488080494,12500.0,168,168,cemhsey_forward_day_logo
cemhsey,cemhsey_forward_day_logo|D09,plain_conf_threshold_matched_tau_0.20,S9,grasp_protocol,D09,0.39285714285714285,0.3928571428571428,0.3602950601890157,0.3602950601890157,0.7120627605604409,1.4731842715664232,0.07819055635232908,0.4300688499678297,0.4300688499678297,0.0,0.0,0.0,12500.0,168,168,cemhsey_forward_day_logo
cemhsey,cemhsey_forward_day_logo|D09,plain_conf_threshold_matched_tau_0.20,S11,grasp_protocol,D09,0.8154761904761905,0.8154761904761906,0.8136318415095604,0.8136318415095604,0.35212094058731747,0.754184341020289,0.2693366254457725,0.03463447406229446,0.03463447406229446,0.041666666666666664,0.041666666666666664,0.0054619554121976685,12500.0,168,168,cemhsey_forward_day_logo
cemhsey,cemhsey_forward_day_logo|D09,plain_conf_threshold_matched_tau_0.20,S12,grasp_protocol,D09,0.7023809523809523,0.7023809523809524,0.6814830706633986,0.6814830706633986,0.43393678179070655,0.8629492948466085,0.18018332105982085,0.134456876895834,0.134456876895834,0.02976190476190476,0.02976190476190476,0.0035839495155138837,12500.0,168,168,cemhsey_forward_day_logo
cemhsey,cemhsey_forward_day_logo|D09,plain_conf_threshold_matched_tau_0.20,S13,grasp_protocol,D09,0.6845238095238095,0.6845238095238095,0.6446971451655292,0.6446971451655292,0.46793583146565076,0.995539087395174,0.21190335636358562,0.09559525659591311,0.09559525659591311,0.017857142857142856,0.017857142857142856,0.0018402264937438725,12500.0,168,168,cemhsey_forward_day_logo
cemhsey,cemhsey_forward_day_logo|D10,plain_conf_threshold_matched_tau_0.20,S1,grasp_protocol,D10,0.9583333333333334,0.9583333333333333,0.9581833983758694,0.9581833983758694,0.2316059373332724,0.5395596866228073,0.34196826190622304,0.006541400962507783,0.006541400962507783,0.13690476190476192,0.13690476190476192,0.014998647627665118,12500.0,168,168,cemhsey_forward_day_logo
cemhsey,cemhsey_forward_day_logo|D10,plain_conf_threshold_matched_tau_0.20,S10,grasp_protocol,D10,0.6904761904761905,0.6904761904761905,0.6893630961151586,0.6893630961151586,0.49128143592390955,1.011517726500512,0.23466058125516048,0.10680611143405738,0.10680611143405738,0.023809523809523808,0.023809523809523808,0.003816821670819829,12500.0,168,168,cemhsey_forward_day_logo
cemhsey,cemhsey_forward_day_logo|D10,plain_conf_threshold_matched_tau_0.20,S2,grasp_protocol,D10,0.8869047619047619,0.886904761904762,0.8872126530650384,0.8872126530650384,0.2733893925647457,0.6143380733701221,0.2814024067013794,0.019553142297467248,0.019553142297467248,0.10119047619047619,0.10119047619047619,0.008223535942854814,12500.0,168,168,cemhsey_forward_day_logo
cemhsey,cemhsey_forward_day_logo|D10,plain_conf_threshold_matched_tau_0.20,S3,grasp_protocol,D10,0.6309523809523809,0.6309523809523808,0.629058423220241,0.629058423220241,0.5221980548699479,1.0499342501687732,0.21884763084518138,0.14488287023555904,0.14488287023555904,0.011904761904761904,0.011904761904761904,0.0014023890507340489,12500.0,168,168,cemhsey_forward_day_logo
cemhsey,cemhsey_forward_day_logo|D10,plain_conf_threshold_matched_tau_0.20,S4,grasp_protocol,D10,0.5892857142857143,0.5892857142857143,0.5882237743582281,0.5882237743582281,0.5823949730714277,1.1688460317668197,0.22668078233939912,0.2193098636261143,0.2193098636261143,0.0,0.0,0.0,12500.0,168,168,cemhsey_forward_day_logo
cemhsey,cemhsey_forward_day_logo|D10,plain_conf_threshold_matched_tau_0.20,S5,grasp_protocol,D10,0.7202380952380952,0.7202380952380952,0.7050772649122976,0.7050772649122976,0.4539733637830241,0.9102623774501646,0.22310958665535688,0.13352388527142336,0.13352388527142336,0.023809523809523808,0.023809523809523808,0.0023918898702760824,12500.0,168,168,cemhsey_forward_day_logo
cemhsey,cemhsey_forward_day_logo|D10,plain_conf_threshold_matched_tau_0.20,S6,grasp_protocol,D10,0.7916666666666666,0.7916666666666667,0.7909639435855718,0.7909639435855718,0.369423054352623,0.7785803895872723,0.2482535077841061,0.0633872964589066,0.0633872964589066,0.05952380952380952,0.05952380952380952,0.004138280829483936,12500.0,168,168,cemhsey_forward_day_logo
cemhsey,cemhsey_forward_day_logo|D10,plain_conf_threshold_matched_tau_0.20,S7,grasp_protocol,D10,0.6547619047619048,0.6547619047619048,0.6314256043370436,0.6314256043370436,0.5673861109181282,1.224738020882444,0.30361370849391206,0.11827347953850621,0.11827347953850621,0.0,0.0,0.0,12500.0,168,168,cemhsey_forward_day_logo
cemhsey,cemhsey_forward_day_logo|D10,plain_conf_threshold_matched_tau_0.20,S8,grasp_protocol,D10,0.20833333333333334,0.20833333333333334,0.18439908927713805,0.18439908927713805,0.8453270342820354,2.3137907257257644,0.14025056209078088,0.7653370540299897,0.7653370540299897,0.023809523809523808,0.023809523809523808,0.0014663948799789343,12500.0,168,168,cemhsey_forward_day_logo
cemhsey,cemhsey_forward_day_logo|D10,plain_conf_threshold_matched_tau_0.20,S9,grasp_protocol,D10,0.30952380952380953,0.3095238095238095,0.31171069349654734,0.31171069349654734,0.7839212584428998,1.5993626850728364,0.1194139999050255,0.6753712442882998,0.6753712442882998,0.0,0.0,0.0,12500.0,168,168,cemhsey_forward_day_logo
cemhsey,cemhsey_forward_day_logo|D10,plain_conf_threshold_matched_tau_0.20,S11,grasp_protocol,D10,0.8273809523809523,0.8273809523809524,0.8269520435879671,0.8269520435879671,0.3947593527567602,0.8274011798253715,0.3336958528064318,0.04234981371357173,0.04234981371357173,0.03571428571428571,0.03571428571428571,0.0033081683493281578,12500.0,168,168,cemhsey_forward_day_logo
cemhsey,cemhsey_forward_day_logo|D10,plain_conf_threshold_matched_tau_0.20,S12,grasp_protocol,D10,0.6785714285714286,0.6785714285714286,0.6664396154527734,0.6664396154527734,0.4651710692145064,0.9299774478413427,0.17082946240352673,0.13560027772481067,0.13560027772481067,0.017857142857142856,0.017857142857142856,0.0044691916022067246,12500.0,168,168,cemhsey_forward_day_logo
cemhsey,cemhsey_forward_day_logo|D10,plain_conf_threshold_matched_tau_0.20,S13,grasp_protocol,D10,0.8214285714285714,0.8214285714285714,0.8212851033281318,0.8212851033281318,0.353090073929704,0.7739338925140841,0.29127848006767315,0.03279896051042047,0.03279896051042047,0.05952380952380952,0.05952380952380952,0.009350269566948934,12500.0,168,168,cemhsey_forward_day_logo
cemhsey,cemhsey_forward_day_logo|D11,plain_conf_threshold_matched_tau_0.20,S1,grasp_protocol,D11,0.9107142857142857,0.9107142857142856,0.9049587774937908,0.9049587774937908,0.2251558826479282,0.5075348779877064,0.2584918794542935,0.02044883959874979,0.02044883959874979,0.08333333333333333,0.08333333333333333,0.018494180831315668,12500.0,168,168,cemhsey_forward_day_logo
cemhsey,cemhsey_forward_day_logo|D11,plain_conf_threshold_matched_tau_0.20,S10,grasp_protocol,D11,0.6011904761904762,0.6011904761904762,0.5984097675413598,0.5984097675413598,0.5192317157655852,1.0339849900321612,0.15109367670419135,0.20875271681356075,0.20875271681356075,0.023809523809523808,0.023809523809523808,0.002280661493495889,12500.0,168,168,cemhsey_forward_day_logo
cemhsey,cemhsey_forward_day_logo|D11,plain_conf_threshold_matched_tau_0.20,S2,grasp_protocol,D11,0.8690476190476191,0.869047619047619,0.8648155040469412,0.8648155040469412,0.281431540640486,0.6253790725907852,0.27146176494218494,0.020120204099541437,0.020120204099541437,0.047619047619047616,0.047619047619047616,0.006221546731992835,12500.0,168,168,cemhsey_forward_day_logo
cemhsey,cemhsey_forward_day_logo|D11,plain_conf_threshold_matched_tau_0.20,S3,grasp_protocol,D11,0.6130952380952381,0.613095238095238,0.6140835181786862,0.6140835181786862,0.5609965881393736,1.1157060023408252,0.1951313256855291,0.21698306190498778,0.21698306190498778,0.0,0.0,0.0,12500.0,168,168,cemhsey_forward_day_logo
cemhsey,cemhsey_forward_day_logo|D11,plain_conf_threshold_matched_tau_0.20,S4,grasp_protocol,D11,0.7321428571428571,0.7321428571428571,0.7301179737351403,0.7301179737351403,0.4490343445363783,0.8908507817995638,0.25878280179506546,0.10389179951418684,0.10389179951418684,0.041666666666666664,0.041666666666666664,0.0031418128506797917,12500.0,168,168,cemhsey_forward_day_logo
cemhsey,cemhsey_forward_day_logo|D11,plain_conf_threshold_matched_tau_0.20,S5,grasp_protocol,D11,0.7678571428571429,0.7678571428571429,0.760641284065792,0.760641284065792,0.4074495561869298,0.830526470591162,0.26008205317402355,0.11218701549816099,0.11218701549816099,0.011904761904761904,0.011904761904761904,0.0009101919647860817,12500.0,168,168,cemhsey_forward_day_logo
cemhsey,cemhsey_forward_day_logo|D11,plain_conf_threshold_matched_tau_0.20,S6,grasp_protocol,D11,0.8928571428571429,0.8928571428571429,0.891070802903101,0.891070802903101,0.3350555613007646,0.7055904350258094,0.35751734211560565,0.017919086361762954,0.017919086361762954,0.047619047619047616,0.047619047619047616,0.004957856628473453,12500.0,168,168,cemhsey_forward_day_logo
cemhsey,cemhsey_forward_day_logo|D11,plain_conf_threshold_matched_tau_0.20,S7,grasp_protocol,D11,0.5059523809523809,0.5059523809523809,0.4982558782096961,0.4982558782096961,0.6854453243278832,1.4565122144362825,0.2204395103719552,0.23757306173032453,0.23757306173032453,0.0,0.0,0.0,12500.0,168,168,cemhsey_forward_day_logo
cemhsey,cemhsey_forward_day_logo|D11,plain_conf_threshold_matched_tau_0.20,S8,grasp_protocol,D11,0.34523809523809523,0.34523809523809523,0.3007273562627465,0.3007273562627465,0.7731194693805047,1.5457362951009948,0.10561515592775557,0.6757865224925913,0.6757865224925913,0.017857142857142856,0.017857142857142856,0.00243216948317467,12500.0,168,168,cemhsey_forward_day_logo
cemhsey,cemhsey_forward_day_logo|D11,plain_conf_threshold_matched_tau_0.20,S9,grasp_protocol,D11,0.375,0.375,0.3545885952917364,0.3545885952917364,0.7351035937744616,1.5136596365772597,0.11571961122420264,0.5636151395495357,0.5636151395495357,0.005952380952380952,0.005952380952380952,0.0002407870956988978,12500.0,168,168,cemhsey_forward_day_logo
cemhsey,cemhsey_forward_day_logo|D11,plain_conf_threshold_matched_tau_0.20,S11,grasp_protocol,D11,0.7559523809523809,0.755952380952381,0.7515010767033301,0.7515010767033301,0.39850330907308473,0.8213718809580108,0.22701121835038926,0.07317731600494815,0.07317731600494815,0.023809523809523808,0.023809523809523808,0.0032940626876583464,12500.0,168,168,cemhsey_forward_day_logo
cemhsey,cemhsey_forward_day_logo|D11,plain_conf_threshold_matched_tau_0.20,S12,grasp_protocol,D11,0.7559523809523809,0.7559523809523808,0.7655836416665107,0.7655836416665107,0.42462456932760206,0.901544244956982,0.24982552077981388,0.06454050794020792,0.06454050794020792,0.03571428571428571,0.03571428571428571,0.003950830491760768,12500.0,168,168,cemhsey_forward_day_logo
cemhsey,cemhsey_forward_day_logo|D11,plain_conf_threshold_matched_tau_0.20,S13,grasp_protocol,D11,0.8392857142857143,0.8392857142857142,0.8378223420760615,0.8378223420760615,0.3093293178848384,0.6693717503453057,0.2964342888630878,0.029666664055383936,0.029666664055383936,0.125,0.125,0.01763074737578046,12500.0,168,168,cemhsey_forward_day_logo

