dataset_id,split_family,split_id,policy,subject_id,session,day,n_episodes,safe_episode_rate,stable_safe_episode_rate,final_correct_rate,median_earliest_intervene_s,median_earliest_correct_s,median_earliest_safe_s,median_earliest_stable_safe_s
db10,db10_able_to_amputee,db10_able_to_amputee|S101,agency_margin_tau_0.02,S101,ex1,,840,0.4988095238095238,0.31666666666666665,0.46904761904761905,0.4,0.2,0.4,0.6
db10,db10_able_to_amputee,db10_able_to_amputee|S101,agency_margin_tau_0.05,S101,ex1,,840,0.6392857142857142,0.44642857142857145,0.5333333333333333,0.2,0.2,0.4,0.4
db10,db10_able_to_amputee,db10_able_to_amputee|S101,agency_margin_tau_0.10,S101,ex1,,840,0.7535714285714286,0.5571428571428572,0.611904761904762,0.2,0.2,0.2,0.4
db10,db10_able_to_amputee,db10_able_to_amputee|S101,agency_margin_tau_0.15,S101,ex1,,840,0.7928571428571428,0.6297619047619047,0.6726190476190477,0.2,0.2,0.2,0.4
db10,db10_able_to_amputee,db10_able_to_amputee|S101,agency_margin_tau_0.20,S101,ex1,,840,0.8107142857142857,0.6880952380952381,0.7285714285714285,0.2,0.2,0.2,0.2
db10,db10_able_to_amputee,db10_able_to_amputee|S101,assist_only,S101,ex1,,840,0.8083333333333333,0.7452380952380953,0.7785714285714286,0.2,0.2,0.2,0.2
db10,db10_able_to_amputee,db10_able_to_amputee|S101,confidence_blend_alpha_0.25,S101,ex1,,840,0.8130952380952381,0.7297619047619047,0.7726190476190476,0.2,0.2,0.2,0.2
db10,db10_able_to_amputee,db10_able_to_amputee|S101,confidence_blend_alpha_0.50,S101,ex1,,840,0.8154761904761905,0.7488095238095238,0.7880952380952381,0.2,0.2,0.2,0.2
db10,db10_able_to_amputee,db10_able_to_amputee|S101,confidence_blend_alpha_0.75,S101,ex1,,840,0.8166666666666667,0.7488095238095238,0.7833333333333333,0.2,0.2,0.2,0.2
db10,db10_able_to_amputee,db10_able_to_amputee|S101,plain_conf_threshold_matched_tau_0.02,S101,ex1,,840,0.2357142857142857,0.20714285714285716,0.5869047619047619,0.2,0.2,0.4,0.6
db10,db10_able_to_amputee,db10_able_to_amputee|S101,plain_conf_threshold_matched_tau_0.05,S101,ex1,,840,0.44285714285714284,0.40476190476190477,0.6952380952380952,0.2,0.2,0.4,0.4
db10,db10_able_to_amputee,db10_able_to_amputee|S101,plain_conf_threshold_matched_tau_0.10,S101,ex1,,840,0.6476190476190476,0.5976190476190476,0.7476190476190476,0.2,0.2,0.2,0.4
db10,db10_able_to_amputee,db10_able_to_amputee|S101,plain_conf_threshold_matched_tau_0.15,S101,ex1,,840,0.7333333333333333,0.6785714285714286,0.763095238095238,0.2,0.2,0.2,0.2
db10,db10_able_to_amputee,db10_able_to_amputee|S101,plain_conf_threshold_matched_tau_0.20,S101,ex1,,840,0.7642857142857142,0.7095238095238096,0.7690476190476191,0.2,0.2,0.2,0.2
db10,db10_able_to_amputee,db10_able_to_amputee|S101,selective_prediction,S101,ex1,,840,0.7023809523809523,0.4773809523809524,0.6416666666666667,0.2,0.2,0.2,0.2
db10,db10_able_to_amputee,db10_able_to_amputee|S101,set_acsa_tau_0.02,S101,ex1,,840,0.42142857142857143,0.2761904761904762,0.4523809523809524,0.4,0.2,0.4,0.6
db10,db10_able_to_amputee,db10_able_to_amputee|S101,set_acsa_tau_0.05,S101,ex1,,840,0.5976190476190476,0.42857142857142855,0.5226190476190476,0.2,0.2,0.4,0.4
db10,db10_able_to_amputee,db10_able_to_amputee|S101,set_acsa_tau_0.10,S101,ex1,,840,0.736904761904762,0.5488095238095239,0.6059523809523809,0.2,0.2,0.2,0.4
db10,db10_able_to_amputee,db10_able_to_amputee|S101,set_acsa_tau_0.15,S101,ex1,,840,0.7833333333333333,0.6214285714285714,0.6666666666666666,0.2,0.2,0.2,0.4
db10,db10_able_to_amputee,db10_able_to_amputee|S101,set_acsa_tau_0.20,S101,ex1,,840,0.8023809523809524,0.6833333333333333,0.7238095238095238,0.2,0.2,0.2,0.2
db10,db10_able_to_amputee,db10_able_to_amputee|S101,user_only,S101,ex1,,840,0.0,0.0,0.30714285714285716,,0.4,,
db10,db10_able_to_amputee,db10_able_to_amputee|S102,agency_margin_tau_0.02,S102,ex1,,840,0.4869047619047619,0.275,0.4011904761904762,0.4,0.2,0.4,0.8
db10,db10_able_to_amputee,db10_able_to_amputee|S102,agency_margin_tau_0.05,S102,ex1,,840,0.675,0.4035714285714286,0.4583333333333333,0.2,0.2,0.4,0.6
db10,db10_able_to_amputee,db10_able_to_amputee|S102,agency_margin_tau_0.10,S102,ex1,,840,0.7130952380952381,0.5035714285714286,0.5333333333333333,0.2,0.2,0.2,0.4
db10,db10_able_to_amputee,db10_able_to_amputee|S102,agency_margin_tau_0.15,S102,ex1,,840,0.7273809523809524,0.5630952380952381,0.5880952380952381,0.2,0.2,0.2,0.2
db10,db10_able_to_amputee,db10_able_to_amputee|S102,agency_margin_tau_0.20,S102,ex1,,840,0.7333333333333333,0.6023809523809524,0.625,0.2,0.2,0.2,0.2
db10,db10_able_to_amputee,db10_able_to_amputee|S102,assist_only,S102,ex1,,840,0.7380952380952381,0.6345238095238095,0.655952380952381,0.2,0.2,0.2,0.2
db10,db10_able_to_amputee,db10_able_to_amputee|S102,confidence_blend_alpha_0.25,S102,ex1,,840,0.7452380952380953,0.6107142857142858,0.638095238095238,0.2,0.2,0.2,0.2
db10,db10_able_to_amputee,db10_able_to_amputee|S102,confidence_blend_alpha_0.50,S102,ex1,,840,0.7428571428571429,0.6333333333333333,0.6571428571428571,0.2,0.2,0.2,0.2
db10,db10_able_to_amputee,db10_able_to_amputee|S102,confidence_blend_alpha_0.75,S102,ex1,,840,0.7392857142857143,0.6345238095238095,0.655952380952381,0.2,0.2,0.2,0.2
db10,db10_able_to_amputee,db10_able_to_amputee|S102,plain_conf_threshold_matched_tau_0.02,S102,ex1,,840,0.15833333333333333,0.1357142857142857,0.3964285714285714,0.2,0.2,0.6,0.6
db10,db10_able_to_amputee,db10_able_to_amputee|S102,plain_conf_threshold_matched_tau_0.05,S102,ex1,,840,0.39285714285714285,0.30714285714285716,0.4928571428571429,0.2,0.2,0.4,0.4
db10,db10_able_to_amputee,db10_able_to_amputee|S102,plain_conf_threshold_matched_tau_0.10,S102,ex1,,840,0.5785714285714286,0.48214285714285715,0.5785714285714286,0.2,0.2,0.2,0.2
db10,db10_able_to_amputee,db10_able_to_amputee|S102,plain_conf_threshold_matched_tau_0.15,S102,ex1,,840,0.6476190476190476,0.5416666666666666,0.5976190476190476,0.2,0.2,0.2,0.2
db10,db10_able_to_amputee,db10_able_to_amputee|S102,plain_conf_threshold_matched_tau_0.20,S102,ex1,,840,0.6619047619047619,0.5523809523809524,0.6023809523809524,0.2,0.2,0.2,0.2
db10,db10_able_to_amputee,db10_able_to_amputee|S102,selective_prediction,S102,ex1,,840,0.5916666666666667,0.2845238095238095,0.43214285714285716,0.2,0.2,0.2,0.2
db10,db10_able_to_amputee,db10_able_to_amputee|S102,set_acsa_tau_0.02,S102,ex1,,840,0.36666666666666664,0.20476190476190476,0.35595238095238096,0.4,0.4,0.4,0.8
db10,db10_able_to_amputee,db10_able_to_amputee|S102,set_acsa_tau_0.05,S102,ex1,,840,0.5976190476190476,0.3523809523809524,0.4154761904761905,0.2,0.2,0.4,0.6
db10,db10_able_to_amputee,db10_able_to_amputee|S102,set_acsa_tau_0.10,S102,ex1,,840,0.694047619047619,0.49404761904761907,0.525,0.2,0.2,0.2,0.4
db10,db10_able_to_amputee,db10_able_to_amputee|S102,set_acsa_tau_0.15,S102,ex1,,840,0.7238095238095238,0.5619047619047619,0.5869047619047619,0.2,0.2,0.2,0.2
db10,db10_able_to_amputee,db10_able_to_amputee|S102,set_acsa_tau_0.20,S102,ex1,,840,0.7321428571428571,0.6011904761904762,0.625,0.2,0.2,0.2,0.2
db10,db10_able_to_amputee,db10_able_to_amputee|S102,user_only,S102,ex1,,840,0.0,0.0,0.24285714285714285,,0.4,,
db10,db10_able_to_amputee,db10_able_to_amputee|S103,agency_margin_tau_0.02,S103,ex1,,840,0.39285714285714285,0.23095238095238096,0.39404761904761904,0.4,0.2,0.6,0.6
db10,db10_able_to_amputee,db10_able_to_amputee|S103,agency_margin_tau_0.05,S103,ex1,,840,0.5428571428571428,0.32261904761904764,0.4297619047619048,0.2,0.2,0.4,0.6
db10,db10_able_to_amputee,db10_able_to_amputee|S103,agency_margin_tau_0.10,S103,ex1,,840,0.5773809523809523,0.37142857142857144,0.44761904761904764,0.2,0.2,0.2,0.4
db10,db10_able_to_amputee,db10_able_to_amputee|S103,agency_margin_tau_0.15,S103,ex1,,840,0.6047619047619047,0.4035714285714286,0.47023809523809523,0.2,0.2,0.2,0.4
db10,db10_able_to_amputee,db10_able_to_amputee|S103,agency_margin_tau_0.20,S103,ex1,,840,0.6309523809523809,0.4392857142857143,0.5059523809523809,0.2,0.2,0.2,0.4
db10,db10_able_to_amputee,db10_able_to_amputee|S103,assist_only,S103,ex1,,840,0.7178571428571429,0.6309523809523809,0.6952380952380952,0.2,0.2,0.2,0.2
db10,db10_able_to_amputee,db10_able_to_amputee|S103,confidence_blend_alpha_0.25,S103,ex1,,840,0.6738095238095239,0.513095238095238,0.5821428571428572,0.2,0.2,0.2,0.4
db10,db10_able_to_amputee,db10_able_to_amputee|S103,confidence_blend_alpha_0.50,S103,ex1,,840,0.7154761904761905,0.6190476190476191,0.6857142857142857,0.2,0.2,0.2,0.2
db10,db10_able_to_amputee,db10_able_to_amputee|S103,confidence_blend_alpha_0.75,S103,ex1,,840,0.7166666666666667,0.6285714285714286,0.6952380952380952,0.2,0.2,0.2,0.2
db10,db10_able_to_amputee,db10_able_to_amputee|S103,plain_conf_threshold_matched_tau_0.02,S103,ex1,,840,0.12023809523809524,0.11190476190476191,0.5154761904761904,0.2,0.2,0.6,0.6
db10,db10_able_to_amputee,db10_able_to_amputee|S103,plain_conf_threshold_matched_tau_0.05,S103,ex1,,840,0.30833333333333335,0.27976190476190477,0.611904761904762,0.2,0.2,0.4,0.4
db10,db10_able_to_amputee,db10_able_to_amputee|S103,plain_conf_threshold_matched_tau_0.10,S103,ex1,,840,0.4523809523809524,0.41904761904761906,0.6642857142857143,0.2,0.2,0.2,0.2
db10,db10_able_to_amputee,db10_able_to_amputee|S103,plain_conf_threshold_matched_tau_0.15,S103,ex1,,840,0.5357142857142857,0.4869047619047619,0.6761904761904762,0.2,0.2,0.2,0.2
db10,db10_able_to_amputee,db10_able_to_amputee|S103,plain_conf_threshold_matched_tau_0.20,S103,ex1,,840,0.5797619047619048,0.5190476190476191,0.675,0.2,0.2,0.2,0.2
db10,db10_able_to_amputee,db10_able_to_amputee|S103,selective_prediction,S103,ex1,,840,0.5928571428571429,0.35595238095238096,0.5666666666666667,0.2,0.2,0.2,0.2
db10,db10_able_to_amputee,db10_able_to_amputee|S103,set_acsa_tau_0.02,S103,ex1,,840,0.2892857142857143,0.1738095238095238,0.36666666666666664,0.4,0.2,0.6,0.8
db10,db10_able_to_amputee,db10_able_to_amputee|S103,set_acsa_tau_0.05,S103,ex1,,840,0.45357142857142857,0.2773809523809524,0.4107142857142857,0.4,0.2,0.4,0.6
db10,db10_able_to_amputee,db10_able_to_amputee|S103,set_acsa_tau_0.10,S103,ex1,,840,0.5452380952380952,0.35833333333333334,0.4380952380952381,0.2,0.2,0.2,0.4
db10,db10_able_to_amputee,db10_able_to_amputee|S103,set_acsa_tau_0.15,S103,ex1,,840,0.5869047619047619,0.39880952380952384,0.4666666666666667,0.2,0.2,0.2,0.4
db10,db10_able_to_amputee,db10_able_to_amputee|S103,set_acsa_tau_0.20,S103,ex1,,840,0.6202380952380953,0.4369047619047619,0.5035714285714286,0.2,0.2,0.2,0.4
db10,db10_able_to_amputee,db10_able_to_amputee|S103,user_only,S103,ex1,,840,0.0,0.0,0.30238095238095236,,0.4,,
db10,db10_able_to_amputee,db10_able_to_amputee|S104,agency_margin_tau_0.02,S104,ex1,,840,0.4714285714285714,0.32142857142857145,0.4488095238095238,0.4,0.2,0.4,0.6
db10,db10_able_to_amputee,db10_able_to_amputee|S104,agency_margin_tau_0.05,S104,ex1,,840,0.5833333333333334,0.38095238095238093,0.4523809523809524,0.2,0.2,0.4,0.4
db10,db10_able_to_amputee,db10_able_to_amputee|S104,agency_margin_tau_0.10,S104,ex1,,840,0.625,0.45357142857142857,0.5023809523809524,0.2,0.2,0.2,0.4
db10,db10_able_to_amputee,db10_able_to_amputee|S104,agency_margin_tau_0.15,S104,ex1,,840,0.6619047619047619,0.5095238095238095,0.5571428571428572,0.2,0.2,0.2,0.2
db10,db10_able_to_amputee,db10_able_to_amputee|S104,agency_margin_tau_0.20,S104,ex1,,840,0.6833333333333333,0.5571428571428572,0.6,0.2,0.2,0.2,0.2
db10,db10_able_to_amputee,db10_able_to_amputee|S104,assist_only,S104,ex1,,840,0.6916666666666667,0.6333333333333333,0.6738095238095239,0.2,0.2,0.2,0.2
db10,db10_able_to_amputee,db10_able_to_amputee|S104,confidence_blend_alpha_0.25,S104,ex1,,840,0.6976190476190476,0.6059523809523809,0.6547619047619048,0.2,0.2,0.2,0.2
db10,db10_able_to_amputee,db10_able_to_amputee|S104,confidence_blend_alpha_0.50,S104,ex1,,840,0.6964285714285714,0.6392857142857142,0.6797619047619048,0.2,0.2,0.2,0.2
db10,db10_able_to_amputee,db10_able_to_amputee|S104,confidence_blend_alpha_0.75,S104,ex1,,840,0.6892857142857143,0.6333333333333333,0.675,0.2,0.2,0.2,0.2
db10,db10_able_to_amputee,db10_able_to_amputee|S104,plain_conf_threshold_matched_tau_0.02,S104,ex1,,840,0.1523809523809524,0.14166666666666666,0.5535714285714286,0.2,0.2,0.4,0.4
db10,db10_able_to_amputee,db10_able_to_amputee|S104,plain_conf_threshold_matched_tau_0.05,S104,ex1,,840,0.36666666666666664,0.31547619047619047,0.6345238095238095,0.2,0.2,0.4,0.4
db10,db10_able_to_amputee,db10_able_to_amputee|S104,plain_conf_threshold_matched_tau_0.10,S104,ex1,,840,0.5142857142857142,0.45595238095238094,0.6571428571428571,0.2,0.2,0.2,0.2
db10,db10_able_to_amputee,db10_able_to_amputee|S104,plain_conf_threshold_matched_tau_0.15,S104,ex1,,840,0.6047619047619047,0.5583333333333333,0.6761904761904762,0.2,0.2,0.2,0.2
db10,db10_able_to_amputee,db10_able_to_amputee|S104,plain_conf_threshold_matched_tau_0.20,S104,ex1,,840,0.6345238095238095,0.5869047619047619,0.6773809523809524,0.2,0.2,0.2,0.2
db10,db10_able_to_amputee,db10_able_to_amputee|S104,selective_prediction,S104,ex1,,840,0.5952380952380952,0.38452380952380955,0.6035714285714285,0.2,0.2,0.2,0.2
db10,db10_able_to_amputee,db10_able_to_amputee|S104,set_acsa_tau_0.02,S104,ex1,,840,0.3357142857142857,0.2226190476190476,0.4011904761904762,0.4,0.2,0.4,0.6
db10,db10_able_to_amputee,db10_able_to_amputee|S104,set_acsa_tau_0.05,S104,ex1,,840,0.5011904761904762,0.3476190476190476,0.43214285714285716,0.2,0.2,0.4,0.4
db10,db10_able_to_amputee,db10_able_to_amputee|S104,set_acsa_tau_0.10,S104,ex1,,840,0.5988095238095238,0.4452380952380952,0.49642857142857144,0.2,0.2,0.2,0.4
db10,db10_able_to_amputee,db10_able_to_amputee|S104,set_acsa_tau_0.15,S104,ex1,,840,0.6571428571428571,0.5083333333333333,0.555952380952381,0.2,0.2,0.2,0.2
db10,db10_able_to_amputee,db10_able_to_amputee|S104,set_acsa_tau_0.20,S104,ex1,,840,0.680952380952381,0.5571428571428572,0.6,0.2,0.2,0.2,0.2
db10,db10_able_to_amputee,db10_able_to_amputee|S104,user_only,S104,ex1,,840,0.0,0.0,0.32976190476190476,,0.4,,
db10,db10_able_to_amputee,db10_able_to_amputee|S105,agency_margin_tau_0.02,S105,ex1,,840,0.24404761904761904,0.1130952380952381,0.2630952380952381,0.4,0.4,0.6,0.8
db10,db10_able_to_amputee,db10_able_to_amputee|S105,agency_margin_tau_0.05,S105,ex1,,840,0.475,0.2642857142857143,0.36547619047619045,0.4,0.4,0.4,0.8
db10,db10_able_to_amputee,db10_able_to_amputee|S105,agency_margin_tau_0.10,S105,ex1,,840,0.6607142857142857,0.4142857142857143,0.4583333333333333,0.2,0.2,0.4,0.6
db10,db10_able_to_amputee,db10_able_to_amputee|S105,agency_margin_tau_0.15,S105,ex1,,840,0.7345238095238096,0.5083333333333333,0.5428571428571428,0.2,0.2,0.2,0.6
db10,db10_able_to_amputee,db10_able_to_amputee|S105,agency_margin_tau_0.20,S105,ex1,,840,0.7666666666666667,0.594047619047619,0.6190476190476191,0.2,0.2,0.2,0.4
db10,db10_able_to_amputee,db10_able_to_amputee|S105,assist_only,S105,ex1,,840,0.7726190476190476,0.6869047619047619,0.7071428571428572,0.2,0.2,0.2,0.2
db10,db10_able_to_amputee,db10_able_to_amputee|S105,confidence_blend_alpha_0.25,S105,ex1,,840,0.7571428571428571,0.6190476190476191,0.6511904761904762,0.2,0.2,0.2,0.4
db10,db10_able_to_amputee,db10_able_to_amputee|S105,confidence_blend_alpha_0.50,S105,ex1,,840,0.7714285714285715,0.6845238095238095,0.705952380952381,0.2,0.2,0.2,0.2
db10,db10_able_to_amputee,db10_able_to_amputee|S105,confidence_blend_alpha_0.75,S105,ex1,,840,0.775,0.6880952380952381,0.7083333333333334,0.2,0.2,0.2,0.2
db10,db10_able_to_amputee,db10_able_to_amputee|S105,plain_conf_threshold_matched_tau_0.02,S105,ex1,,840,0.06904761904761905,0.060714285714285714,0.40476190476190477,0.4,0.4,0.8,0.8
db10,db10_able_to_amputee,db10_able_to_amputee|S105,plain_conf_threshold_matched_tau_0.05,S105,ex1,,840,0.26785714285714285,0.2369047619047619,0.5571428571428572,0.2,0.4,0.6,0.6
db10,db10_able_to_amputee,db10_able_to_amputee|S105,plain_conf_threshold_matched_tau_0.10,S105,ex1,,840,0.5190476190476191,0.4642857142857143,0.6178571428571429,0.2,0.2,0.4,0.4
db10,db10_able_to_amputee,db10_able_to_amputee|S105,plain_conf_threshold_matched_tau_0.15,S105,ex1,,840,0.6404761904761904,0.5654761904761905,0.6547619047619048,0.2,0.2,0.4,0.4
db10,db10_able_to_amputee,db10_able_to_amputee|S105,plain_conf_threshold_matched_tau_0.20,S105,ex1,,840,0.6976190476190476,0.6238095238095238,0.669047619047619,0.2,0.2,0.2,0.2
db10,db10_able_to_amputee,db10_able_to_amputee|S105,selective_prediction,S105,ex1,,840,0.6440476190476191,0.3392857142857143,0.46904761904761905,0.2,0.2,0.2,0.4
db10,db10_able_to_amputee,db10_able_to_amputee|S105,set_acsa_tau_0.02,S105,ex1,,840,0.19404761904761905,0.09047619047619047,0.2523809523809524,0.6,0.6,0.6,0.8
db10,db10_able_to_amputee,db10_able_to_amputee|S105,set_acsa_tau_0.05,S105,ex1,,840,0.4261904761904762,0.2369047619047619,0.3464285714285714,0.4,0.4,0.4,0.8
db10,db10_able_to_amputee,db10_able_to_amputee|S105,set_acsa_tau_0.10,S105,ex1,,840,0.6333333333333333,0.4,0.44642857142857145,0.2,0.4,0.4,0.6
db10,db10_able_to_amputee,db10_able_to_amputee|S105,set_acsa_tau_0.15,S105,ex1,,840,0.7095238095238096,0.5011904761904762,0.5357142857142857,0.2,0.2,0.2,0.6
db10,db10_able_to_amputee,db10_able_to_amputee|S105,set_acsa_tau_0.20,S105,ex1,,840,0.75,0.5892857142857143,0.6166666666666667,0.2,0.2,0.2,0.4
db10,db10_able_to_amputee,db10_able_to_amputee|S105,user_only,S105,ex1,,840,0.0,0.0,0.2011904761904762,,0.6,,
db10,db10_able_to_amputee,db10_able_to_amputee|S106,agency_margin_tau_0.02,S106,ex1,,840,0.29404761904761906,0.13095238095238096,0.30714285714285716,0.6,0.4,0.6,0.8
db10,db10_able_to_amputee,db10_able_to_amputee|S106,agency_margin_tau_0.05,S106,ex1,,840,0.4988095238095238,0.2357142857142857,0.36428571428571427,0.4,0.4,0.4,0.8
db10,db10_able_to_amputee,db10_able_to_amputee|S106,agency_margin_tau_0.10,S106,ex1,,840,0.6261904761904762,0.37976190476190474,0.44285714285714284,0.2,0.2,0.4,0.6
db10,db10_able_to_amputee,db10_able_to_amputee|S106,agency_margin_tau_0.15,S106,ex1,,840,0.6523809523809524,0.42738095238095236,0.4714285714285714,0.2,0.2,0.2,0.4
db10,db10_able_to_amputee,db10_able_to_amputee|S106,agency_margin_tau_0.20,S106,ex1,,840,0.6761904761904762,0.4773809523809524,0.5154761904761904,0.2,0.2,0.2,0.2
db10,db10_able_to_amputee,db10_able_to_amputee|S106,assist_only,S106,ex1,,840,0.7035714285714286,0.5928571428571429,0.6261904761904762,0.2,0.2,0.2,0.2
db10,db10_able_to_amputee,db10_able_to_amputee|S106,confidence_blend_alpha_0.25,S106,ex1,,840,0.6916666666666667,0.5238095238095238,0.5761904761904761,0.2,0.2,0.2,0.2
db10,db10_able_to_amputee,db10_able_to_amputee|S106,confidence_blend_alpha_0.50,S106,ex1,,840,0.7047619047619048,0.5904761904761905,0.6309523809523809,0.2,0.2,0.2,0.2
db10,db10_able_to_amputee,db10_able_to_amputee|S106,confidence_blend_alpha_0.75,S106,ex1,,840,0.7011904761904761,0.5964285714285714,0.6321428571428571,0.2,0.2,0.2,0.2
db10,db10_able_to_amputee,db10_able_to_amputee|S106,plain_conf_threshold_matched_tau_0.02,S106,ex1,,840,0.07976190476190476,0.07023809523809524,0.42142857142857143,0.2,0.2,0.6,0.6
db10,db10_able_to_amputee,db10_able_to_amputee|S106,plain_conf_threshold_matched_tau_0.05,S106,ex1,,840,0.2654761904761905,0.2369047619047619,0.530952380952381,0.2,0.2,0.4,0.4
db10,db10_able_to_amputee,db10_able_to_amputee|S106,plain_conf_threshold_matched_tau_0.10,S106,ex1,,840,0.4666666666666667,0.4083333333333333,0.5797619047619048,0.2,0.2,0.2,0.4
db10,db10_able_to_amputee,db10_able_to_amputee|S106,plain_conf_threshold_matched_tau_0.15,S106,ex1,,840,0.5535714285714286,0.48333333333333334,0.5952380952380952,0.2,0.2,0.2,0.2
db10,db10_able_to_amputee,db10_able_to_amputee|S106,plain_conf_threshold_matched_tau_0.20,S106,ex1,,840,0.6226190476190476,0.5333333333333333,0.6059523809523809,0.2,0.2,0.2,0.2
db10,db10_able_to_amputee,db10_able_to_amputee|S106,selective_prediction,S106,ex1,,840,0.5583333333333333,0.30952380952380953,0.4726190476190476,0.2,0.2,0.2,0.2
db10,db10_able_to_amputee,db10_able_to_amputee|S106,set_acsa_tau_0.02,S106,ex1,,840,0.20357142857142857,0.09047619047619047,0.2845238095238095,0.6,0.4,0.6,0.8
db10,db10_able_to_amputee,db10_able_to_amputee|S106,set_acsa_tau_0.05,S106,ex1,,840,0.4083333333333333,0.19285714285714287,0.3357142857142857,0.4,0.4,0.4,0.8
db10,db10_able_to_amputee,db10_able_to_amputee|S106,set_acsa_tau_0.10,S106,ex1,,840,0.5726190476190476,0.3547619047619048,0.42142857142857143,0.2,0.2,0.2,0.6
db10,db10_able_to_amputee,db10_able_to_amputee|S106,set_acsa_tau_0.15,S106,ex1,,840,0.6309523809523809,0.41904761904761906,0.4642857142857143,0.2,0.2,0.2,0.4
db10,db10_able_to_amputee,db10_able_to_amputee|S106,set_acsa_tau_0.20,S106,ex1,,840,0.6666666666666666,0.475,0.513095238095238,0.2,0.2,0.2,0.2
db10,db10_able_to_amputee,db10_able_to_amputee|S106,user_only,S106,ex1,,840,0.0,0.0,0.24166666666666667,,0.4,,
db10,db10_able_to_amputee,db10_able_to_amputee|S107,agency_margin_tau_0.02,S107,ex1,,840,0.37857142857142856,0.18928571428571428,0.34523809523809523,0.4,0.4,0.6,0.8
db10,db10_able_to_amputee,db10_able_to_amputee|S107,agency_margin_tau_0.05,S107,ex1,,840,0.5214285714285715,0.3142857142857143,0.4142857142857143,0.2,0.2,0.4,0.8
db10,db10_able_to_amputee,db10_able_to_amputee|S107,agency_margin_tau_0.10,S107,ex1,,840,0.569047619047619,0.35119047619047616,0.41904761904761906,0.2,0.2,0.2,0.4
db10,db10_able_to_amputee,db10_able_to_amputee|S107,agency_margin_tau_0.15,S107,ex1,,840,0.5642857142857143,0.4035714285714286,0.45714285714285713,0.2,0.2,0.2,0.4
db10,db10_able_to_amputee,db10_able_to_amputee|S107,agency_margin_tau_0.20,S107,ex1,,840,0.5595238095238095,0.45357142857142857,0.5047619047619047,0.2,0.2,0.2,0.2
db10,db10_able_to_amputee,db10_able_to_amputee|S107,assist_only,S107,ex1,,840,0.575,0.513095238095238,0.5595238095238095,0.2,0.2,0.2,0.2
db10,db10_able_to_amputee,db10_able_to_amputee|S107,confidence_blend_alpha_0.25,S107,ex1,,840,0.5797619047619048,0.4785714285714286,0.5345238095238095,0.2,0.2,0.2,0.2
db10,db10_able_to_amputee,db10_able_to_amputee|S107,confidence_blend_alpha_0.50,S107,ex1,,840,0.5797619047619048,0.5119047619047619,0.5595238095238095,0.2,0.2,0.2,0.2
db10,db10_able_to_amputee,db10_able_to_amputee|S107,confidence_blend_alpha_0.75,S107,ex1,,840,0.5773809523809523,0.5154761904761904,0.5607142857142857,0.2,0.2,0.2,0.2
db10,db10_able_to_amputee,db10_able_to_amputee|S107,plain_conf_threshold_matched_tau_0.02,S107,ex1,,840,0.06190476190476191,0.05119047619047619,0.38333333333333336,0.2,0.2,0.6,0.8
db10,db10_able_to_amputee,db10_able_to_amputee|S107,plain_conf_threshold_matched_tau_0.05,S107,ex1,,840,0.23452380952380952,0.21785714285714286,0.4773809523809524,0.2,0.2,0.4,0.4
db10,db10_able_to_amputee,db10_able_to_amputee|S107,plain_conf_threshold_matched_tau_0.10,S107,ex1,,840,0.4142857142857143,0.3821428571428571,0.5166666666666667,0.2,0.2,0.2,0.2
db10,db10_able_to_amputee,db10_able_to_amputee|S107,plain_conf_threshold_matched_tau_0.15,S107,ex1,,840,0.4797619047619048,0.4392857142857143,0.5369047619047619,0.2,0.2,0.2,0.2
db10,db10_able_to_amputee,db10_able_to_amputee|S107,plain_conf_threshold_matched_tau_0.20,S107,ex1,,840,0.4976190476190476,0.45357142857142857,0.5380952380952381,0.2,0.2,0.2,0.2
db10,db10_able_to_amputee,db10_able_to_amputee|S107,selective_prediction,S107,ex1,,840,0.4523809523809524,0.2642857142857143,0.43333333333333335,0.2,0.2,0.2,0.2
db10,db10_able_to_amputee,db10_able_to_amputee|S107,set_acsa_tau_0.02,S107,ex1,,840,0.21428571428571427,0.10833333333333334,0.2892857142857143,0.6,0.4,0.6,0.8
db10,db10_able_to_amputee,db10_able_to_amputee|S107,set_acsa_tau_0.05,S107,ex1,,840,0.3976190476190476,0.23214285714285715,0.3523809523809524,0.4,0.2,0.4,0.8
db10,db10_able_to_amputee,db10_able_to_amputee|S107,set_acsa_tau_0.10,S107,ex1,,840,0.530952380952381,0.3357142857142857,0.40714285714285714,0.2,0.2,0.2,0.6
db10,db10_able_to_amputee,db10_able_to_amputee|S107,set_acsa_tau_0.15,S107,ex1,,840,0.5535714285714286,0.39880952380952384,0.45357142857142857,0.2,0.2,0.2,0.4
db10,db10_able_to_amputee,db10_able_to_amputee|S107,set_acsa_tau_0.20,S107,ex1,,840,0.5583333333333333,0.4523809523809524,0.5035714285714286,0.2,0.2,0.2,0.2
db10,db10_able_to_amputee,db10_able_to_amputee|S107,user_only,S107,ex1,,840,0.0,0.0,0.23452380952380952,,0.4,,
db10,db10_able_to_amputee,db10_able_to_amputee|S108,agency_margin_tau_0.02,S108,ex1,,840,0.0,0.0,0.05,,0.2,,
db10,db10_able_to_amputee,db10_able_to_amputee|S108,agency_margin_tau_0.05,S108,ex1,,840,0.0,0.0,0.05,,0.2,,
db10,db10_able_to_amputee,db10_able_to_amputee|S108,agency_margin_tau_0.10,S108,ex1,,840,0.0,0.0,0.05,,0.2,,
db10,db10_able_to_amputee,db10_able_to_amputee|S108,agency_margin_tau_0.15,S108,ex1,,840,0.0,0.0,0.05,,0.2,,
db10,db10_able_to_amputee,db10_able_to_amputee|S108,agency_margin_tau_0.20,S108,ex1,,840,0.002380952380952381,0.0,0.05,0.6,0.2,0.5,
db10,db10_able_to_amputee,db10_able_to_amputee|S108,assist_only,S108,ex1,,840,0.48095238095238096,0.43214285714285716,0.43214285714285716,0.2,0.2,0.2,0.2
db10,db10_able_to_amputee,db10_able_to_amputee|S108,confidence_blend_alpha_0.25,S108,ex1,,840,0.0011904761904761906,0.0,0.05,0.7,0.2,0.6,
db10,db10_able_to_amputee,db10_able_to_amputee|S108,confidence_blend_alpha_0.50,S108,ex1,,840,0.4523809523809524,0.22976190476190475,0.25595238095238093,0.2,0.2,0.2,0.2
db10,db10_able_to_amputee,db10_able_to_amputee|S108,confidence_blend_alpha_0.75,S108,ex1,,840,0.4785714285714286,0.4261904761904762,0.4261904761904762,0.2,0.2,0.2,0.2
db10,db10_able_to_amputee,db10_able_to_amputee|S108,plain_conf_threshold_matched_tau_0.02,S108,ex1,,840,0.0,0.0,0.05238095238095238,0.2,0.2,,
db10,db10_able_to_amputee,db10_able_to_amputee|S108,plain_conf_threshold_matched_tau_0.05,S108,ex1,,840,0.0,0.0,0.07261904761904762,0.2,0.2,,
db10,db10_able_to_amputee,db10_able_to_amputee|S108,plain_conf_threshold_matched_tau_0.10,S108,ex1,,840,0.0,0.0,0.17142857142857143,0.2,0.2,,
db10,db10_able_to_amputee,db10_able_to_amputee|S108,plain_conf_threshold_matched_tau_0.15,S108,ex1,,840,0.0,0.0,0.20238095238095238,0.2,0.2,,
db10,db10_able_to_amputee,db10_able_to_amputee|S108,plain_conf_threshold_matched_tau_0.20,S108,ex1,,840,0.0011904761904761906,0.0011904761904761906,0.22142857142857142,0.2,0.2,0.6,0.6
db10,db10_able_to_amputee,db10_able_to_amputee|S108,selective_prediction,S108,ex1,,840,0.18452380952380953,0.004761904761904762,0.05476190476190476,0.2,0.2,0.2,0.6
db10,db10_able_to_amputee,db10_able_to_amputee|S108,set_acsa_tau_0.02,S108,ex1,,840,0.0,0.0,0.05,,0.2,,
db10,db10_able_to_amputee,db10_able_to_amputee|S108,set_acsa_tau_0.05,S108,ex1,,840,0.0,0.0,0.05,,0.2,,
db10,db10_able_to_amputee,db10_able_to_amputee|S108,set_acsa_tau_0.10,S108,ex1,,840,0.0,0.0,0.05,,0.2,,
db10,db10_able_to_amputee,db10_able_to_amputee|S108,set_acsa_tau_0.15,S108,ex1,,840,0.0,0.0,0.05,,0.2,,
db10,db10_able_to_amputee,db10_able_to_amputee|S108,set_acsa_tau_0.20,S108,ex1,,840,0.002380952380952381,0.0,0.05,0.6,0.2,0.5,
db10,db10_able_to_amputee,db10_able_to_amputee|S108,user_only,S108,ex1,,840,0.0,0.0,0.05,,0.2,,
db10,db10_able_to_amputee,db10_able_to_amputee|S109,agency_margin_tau_0.02,S109,ex1,,840,0.38452380952380955,0.2226190476190476,0.42857142857142855,0.4,0.2,0.6,0.8
db10,db10_able_to_amputee,db10_able_to_amputee|S109,agency_margin_tau_0.05,S109,ex1,,840,0.5226190476190476,0.31547619047619047,0.45595238095238094,0.4,0.2,0.4,0.6
db10,db10_able_to_amputee,db10_able_to_amputee|S109,agency_margin_tau_0.10,S109,ex1,,840,0.6154761904761905,0.45,0.5464285714285714,0.2,0.2,0.4,0.4
db10,db10_able_to_amputee,db10_able_to_amputee|S109,agency_margin_tau_0.15,S109,ex1,,840,0.655952380952381,0.5154761904761904,0.5964285714285714,0.2,0.2,0.2,0.4
db10,db10_able_to_amputee,db10_able_to_amputee|S109,agency_margin_tau_0.20,S109,ex1,,840,0.6619047619047619,0.55,0.6297619047619047,0.2,0.2,0.2,0.2
db10,db10_able_to_amputee,db10_able_to_amputee|S109,assist_only,S109,ex1,,840,0.6761904761904762,0.5988095238095238,0.6773809523809524,0.2,0.2,0.2,0.2
db10,db10_able_to_amputee,db10_able_to_amputee|S109,confidence_blend_alpha_0.25,S109,ex1,,840,0.6619047619047619,0.5654761904761905,0.6523809523809524,0.2,0.2,0.2,0.2
db10,db10_able_to_amputee,db10_able_to_amputee|S109,confidence_blend_alpha_0.50,S109,ex1,,840,0.669047619047619,0.5952380952380952,0.6833333333333333,0.2,0.2,0.2,0.2
db10,db10_able_to_amputee,db10_able_to_amputee|S109,confidence_blend_alpha_0.75,S109,ex1,,840,0.6738095238095239,0.5952380952380952,0.6785714285714286,0.2,0.2,0.2,0.2
db10,db10_able_to_amputee,db10_able_to_amputee|S109,plain_conf_threshold_matched_tau_0.02,S109,ex1,,840,0.12142857142857143,0.10357142857142858,0.48095238095238096,0.2,0.2,0.6,0.8
db10,db10_able_to_amputee,db10_able_to_amputee|S109,plain_conf_threshold_matched_tau_0.05,S109,ex1,,840,0.2845238095238095,0.2702380952380952,0.5738095238095238,0.2,0.2,0.4,0.4
db10,db10_able_to_amputee,db10_able_to_amputee|S109,plain_conf_threshold_matched_tau_0.10,S109,ex1,,840,0.46904761904761905,0.43333333333333335,0.6166666666666667,0.2,0.2,0.4,0.4
db10,db10_able_to_amputee,db10_able_to_amputee|S109,plain_conf_threshold_matched_tau_0.15,S109,ex1,,840,0.5619047619047619,0.5011904761904762,0.6309523809523809,0.2,0.2,0.2,0.2
db10,db10_able_to_amputee,db10_able_to_amputee|S109,plain_conf_threshold_matched_tau_0.20,S109,ex1,,840,0.5952380952380952,0.5345238095238095,0.6440476190476191,0.2,0.2,0.2,0.2
db10,db10_able_to_amputee,db10_able_to_amputee|S109,selective_prediction,S109,ex1,,840,0.5297619047619048,0.3142857142857143,0.5369047619047619,0.2,0.2,0.2,0.2
db10,db10_able_to_amputee,db10_able_to_amputee|S109,set_acsa_tau_0.02,S109,ex1,,840,0.27976190476190477,0.16071428571428573,0.4,0.4,0.2,0.6,0.8
db10,db10_able_to_amputee,db10_able_to_amputee|S109,set_acsa_tau_0.05,S109,ex1,,840,0.44166666666666665,0.2845238095238095,0.44166666666666665,0.4,0.2,0.4,0.6
db10,db10_able_to_amputee,db10_able_to_amputee|S109,set_acsa_tau_0.10,S109,ex1,,840,0.5797619047619048,0.43214285714285716,0.5333333333333333,0.2,0.2,0.4,0.4
db10,db10_able_to_amputee,db10_able_to_amputee|S109,set_acsa_tau_0.15,S109,ex1,,840,0.6428571428571429,0.5071428571428571,0.5892857142857143,0.2,0.2,0.2,0.4
db10,db10_able_to_amputee,db10_able_to_amputee|S109,set_acsa_tau_0.20,S109,ex1,,840,0.6595238095238095,0.55,0.6297619047619047,0.2,0.2,0.2,0.2
db10,db10_able_to_amputee,db10_able_to_amputee|S109,user_only,S109,ex1,,840,0.0,0.0,0.31785714285714284,,0.2,,
db10,db10_able_to_amputee,db10_able_to_amputee|S110,agency_margin_tau_0.02,S110,ex1,,840,0.14285714285714285,0.07261904761904762,0.39285714285714285,0.4,0.2,0.4,0.6
db10,db10_able_to_amputee,db10_able_to_amputee|S110,agency_margin_tau_0.05,S110,ex1,,840,0.3047619047619048,0.15,0.41785714285714287,0.4,0.2,0.4,0.6
db10,db10_able_to_amputee,db10_able_to_amputee|S110,agency_margin_tau_0.10,S110,ex1,,840,0.42738095238095236,0.22142857142857142,0.4107142857142857,0.2,0.2,0.2,0.6
db10,db10_able_to_amputee,db10_able_to_amputee|S110,agency_margin_tau_0.15,S110,ex1,,840,0.4488095238095238,0.26071428571428573,0.40476190476190477,0.2,0.2,0.2,0.4
db10,db10_able_to_amputee,db10_able_to_amputee|S110,agency_margin_tau_0.20,S110,ex1,,840,0.4666666666666667,0.2857142857142857,0.4154761904761905,0.2,0.2,0.2,0.30000000000000004
db10,db10_able_to_amputee,db10_able_to_amputee|S110,assist_only,S110,ex1,,840,0.5071428571428571,0.3523809523809524,0.46904761904761905,0.2,0.2,0.2,0.2
db10,db10_able_to_amputee,db10_able_to_amputee|S110,confidence_blend_alpha_0.25,S110,ex1,,840,0.4511904761904762,0.275,0.45,0.2,0.2,0.2,0.4
db10,db10_able_to_amputee,db10_able_to_amputee|S110,confidence_blend_alpha_0.50,S110,ex1,,840,0.5059523809523809,0.35,0.4880952380952381,0.2,0.2,0.2,0.2
db10,db10_able_to_amputee,db10_able_to_amputee|S110,confidence_blend_alpha_0.75,S110,ex1,,840,0.5023809523809524,0.3523809523809524,0.4785714285714286,0.2,0.2,0.2,0.2
db10,db10_able_to_amputee,db10_able_to_amputee|S110,plain_conf_threshold_matched_tau_0.02,S110,ex1,,840,0.008333333333333333,0.0,0.37857142857142856,0.2,0.2,0.4,
db10,db10_able_to_amputee,db10_able_to_amputee|S110,plain_conf_threshold_matched_tau_0.05,S110,ex1,,840,0.10476190476190476,0.058333333333333334,0.4083333333333333,0.2,0.2,0.4,0.8
db10,db10_able_to_amputee,db10_able_to_amputee|S110,plain_conf_threshold_matched_tau_0.10,S110,ex1,,840,0.25,0.16666666666666666,0.4297619047619048,0.2,0.2,0.2,0.4
db10,db10_able_to_amputee,db10_able_to_amputee|S110,plain_conf_threshold_matched_tau_0.15,S110,ex1,,840,0.3238095238095238,0.22380952380952382,0.4392857142857143,0.2,0.2,0.2,0.2
db10,db10_able_to_amputee,db10_able_to_amputee|S110,plain_conf_threshold_matched_tau_0.20,S110,ex1,,840,0.3595238095238095,0.25,0.44761904761904764,0.2,0.2,0.2,0.2
db10,db10_able_to_amputee,db10_able_to_amputee|S110,selective_prediction,S110,ex1,,840,0.32142857142857145,0.055952380952380955,0.38571428571428573,0.2,0.2,0.2,0.4
db10,db10_able_to_amputee,db10_able_to_amputee|S110,set_acsa_tau_0.02,S110,ex1,,840,0.10238095238095238,0.05,0.3869047619047619,0.4,0.2,0.6,0.7
db10,db10_able_to_amputee,db10_able_to_amputee|S110,set_acsa_tau_0.05,S110,ex1,,840,0.23214285714285715,0.10238095238095238,0.4011904761904762,0.4,0.2,0.4,0.6
db10,db10_able_to_amputee,db10_able_to_amputee|S110,set_acsa_tau_0.10,S110,ex1,,840,0.3738095238095238,0.18571428571428572,0.3952380952380952,0.2,0.2,0.2,0.6
db10,db10_able_to_amputee,db10_able_to_amputee|S110,set_acsa_tau_0.15,S110,ex1,,840,0.43452380952380953,0.2511904761904762,0.3976190476190476,0.2,0.2,0.2,0.4
db10,db10_able_to_amputee,db10_able_to_amputee|S110,set_acsa_tau_0.20,S110,ex1,,840,0.4630952380952381,0.2845238095238095,0.4154761904761905,0.2,0.2,0.2,0.4
db10,db10_able_to_amputee,db10_able_to_amputee|S110,user_only,S110,ex1,,840,0.0,0.0,0.3678571428571429,,0.2,,
db10,db10_able_to_amputee,db10_able_to_amputee|S111,agency_margin_tau_0.02,S111,ex1,,840,0.29285714285714287,0.15357142857142858,0.3773809523809524,0.4,0.4,0.6,0.8
db10,db10_able_to_amputee,db10_able_to_amputee|S111,agency_margin_tau_0.05,S111,ex1,,840,0.5202380952380953,0.28095238095238095,0.45,0.2,0.4,0.4,0.8
db10,db10_able_to_amputee,db10_able_to_amputee|S111,agency_margin_tau_0.10,S111,ex1,,840,0.6309523809523809,0.41785714285714287,0.5297619047619048,0.2,0.2,0.2,0.6
db10,db10_able_to_amputee,db10_able_to_amputee|S111,agency_margin_tau_0.15,S111,ex1,,840,0.7119047619047619,0.5107142857142857,0.6,0.2,0.2,0.2,0.4
db10,db10_able_to_amputee,db10_able_to_amputee|S111,agency_margin_tau_0.20,S111,ex1,,840,0.7428571428571429,0.5738095238095238,0.65,0.2,0.2,0.2,0.30000000000000004
db10,db10_able_to_amputee,db10_able_to_amputee|S111,assist_only,S111,ex1,,840,0.7738095238095238,0.6845238095238095,0.7440476190476191,0.2,0.2,0.2,0.2
db10,db10_able_to_amputee,db10_able_to_amputee|S111,confidence_blend_alpha_0.25,S111,ex1,,840,0.7297619047619047,0.6,0.6833333333333333,0.2,0.2,0.2,0.2
db10,db10_able_to_amputee,db10_able_to_amputee|S111,confidence_blend_alpha_0.50,S111,ex1,,840,0.7738095238095238,0.6857142857142857,0.7488095238095238,0.2,0.2,0.2,0.2
db10,db10_able_to_amputee,db10_able_to_amputee|S111,confidence_blend_alpha_0.75,S111,ex1,,840,0.7761904761904762,0.6821428571428572,0.7476190476190476,0.2,0.2,0.2,0.2
db10,db10_able_to_amputee,db10_able_to_amputee|S111,plain_conf_threshold_matched_tau_0.02,S111,ex1,,840,0.09642857142857143,0.08095238095238096,0.5,0.2,0.2,0.8,0.8
db10,db10_able_to_amputee,db10_able_to_amputee|S111,plain_conf_threshold_matched_tau_0.05,S111,ex1,,840,0.31785714285714284,0.2773809523809524,0.638095238095238,0.2,0.2,0.4,0.4
db10,db10_able_to_amputee,db10_able_to_amputee|S111,plain_conf_threshold_matched_tau_0.10,S111,ex1,,840,0.5142857142857142,0.4357142857142857,0.675,0.2,0.2,0.2,0.4
db10,db10_able_to_amputee,db10_able_to_amputee|S111,plain_conf_threshold_matched_tau_0.15,S111,ex1,,840,0.638095238095238,0.5523809523809524,0.7095238095238096,0.2,0.2,0.2,0.2
db10,db10_able_to_amputee,db10_able_to_amputee|S111,plain_conf_threshold_matched_tau_0.20,S111,ex1,,840,0.6821428571428572,0.5892857142857143,0.7142857142857143,0.2,0.2,0.2,0.2
db10,db10_able_to_amputee,db10_able_to_amputee|S111,selective_prediction,S111,ex1,,840,0.6476190476190476,0.3619047619047619,0.5630952380952381,0.2,0.2,0.2,0.2
db10,db10_able_to_amputee,db10_able_to_amputee|S111,set_acsa_tau_0.02,S111,ex1,,840,0.22976190476190475,0.11904761904761904,0.36428571428571427,0.6,0.4,0.6,1.0
db10,db10_able_to_amputee,db10_able_to_amputee|S111,set_acsa_tau_0.05,S111,ex1,,840,0.4773809523809524,0.25952380952380955,0.43333333333333335,0.2,0.4,0.4,0.8
db10,db10_able_to_amputee,db10_able_to_amputee|S111,set_acsa_tau_0.10,S111,ex1,,840,0.6178571428571429,0.4119047619047619,0.5238095238095238,0.2,0.2,0.2,0.6
db10,db10_able_to_amputee,db10_able_to_amputee|S111,set_acsa_tau_0.15,S111,ex1,,840,0.7047619047619048,0.5083333333333333,0.5976190476190476,0.2,0.2,0.2,0.4
db10,db10_able_to_amputee,db10_able_to_amputee|S111,set_acsa_tau_0.20,S111,ex1,,840,0.7380952380952381,0.5714285714285714,0.6476190476190476,0.2,0.2,0.2,0.2
db10,db10_able_to_amputee,db10_able_to_amputee|S111,user_only,S111,ex1,,840,0.0,0.0,0.29642857142857143,,0.4,,
db10,db10_able_to_amputee,db10_able_to_amputee|S112,agency_margin_tau_0.02,S112,ex1,,840,0.43333333333333335,0.29642857142857143,0.46904761904761905,0.4,0.2,0.4,0.6
db10,db10_able_to_amputee,db10_able_to_amputee|S112,agency_margin_tau_0.05,S112,ex1,,840,0.5190476190476191,0.31666666666666665,0.42738095238095236,0.2,0.2,0.4,0.6
db10,db10_able_to_amputee,db10_able_to_amputee|S112,agency_margin_tau_0.10,S112,ex1,,840,0.5678571428571428,0.35714285714285715,0.43333333333333335,0.2,0.2,0.2,0.4
db10,db10_able_to_amputee,db10_able_to_amputee|S112,agency_margin_tau_0.15,S112,ex1,,840,0.5916666666666667,0.4023809523809524,0.4714285714285714,0.2,0.2,0.2,0.2
db10,db10_able_to_amputee,db10_able_to_amputee|S112,agency_margin_tau_0.20,S112,ex1,,840,0.6095238095238096,0.44047619047619047,0.5047619047619047,0.2,0.2,0.2,0.2
db10,db10_able_to_amputee,db10_able_to_amputee|S112,assist_only,S112,ex1,,840,0.6428571428571429,0.5511904761904762,0.6154761904761905,0.2,0.2,0.2,0.2
db10,db10_able_to_amputee,db10_able_to_amputee|S112,confidence_blend_alpha_0.25,S112,ex1,,840,0.6261904761904762,0.4738095238095238,0.555952380952381,0.2,0.2,0.2,0.2
db10,db10_able_to_amputee,db10_able_to_amputee|S112,confidence_blend_alpha_0.50,S112,ex1,,840,0.6428571428571429,0.5452380952380952,0.6166666666666667,0.2,0.2,0.2,0.2
db10,db10_able_to_amputee,db10_able_to_amputee|S112,confidence_blend_alpha_0.75,S112,ex1,,840,0.6464285714285715,0.5523809523809524,0.6166666666666667,0.2,0.2,0.2,0.2
db10,db10_able_to_amputee,db10_able_to_amputee|S112,plain_conf_threshold_matched_tau_0.02,S112,ex1,,840,0.09047619047619047,0.07976190476190476,0.4857142857142857,0.2,0.2,0.6,0.6
db10,db10_able_to_amputee,db10_able_to_amputee|S112,plain_conf_threshold_matched_tau_0.05,S112,ex1,,840,0.2511904761904762,0.21071428571428572,0.5738095238095238,0.2,0.2,0.4,0.4
db10,db10_able_to_amputee,db10_able_to_amputee|S112,plain_conf_threshold_matched_tau_0.10,S112,ex1,,840,0.4142857142857143,0.35714285714285715,0.6035714285714285,0.2,0.2,0.2,0.2
db10,db10_able_to_amputee,db10_able_to_amputee|S112,plain_conf_threshold_matched_tau_0.15,S112,ex1,,840,0.49523809523809526,0.42857142857142855,0.6142857142857143,0.2,0.2,0.2,0.2
db10,db10_able_to_amputee,db10_able_to_amputee|S112,plain_conf_threshold_matched_tau_0.20,S112,ex1,,840,0.5297619047619048,0.4607142857142857,0.6166666666666667,0.2,0.2,0.2,0.2
db10,db10_able_to_amputee,db10_able_to_amputee|S112,selective_prediction,S112,ex1,,840,0.4845238095238095,0.2369047619047619,0.5345238095238095,0.2,0.2,0.2,0.4
db10,db10_able_to_amputee,db10_able_to_amputee|S112,set_acsa_tau_0.02,S112,ex1,,840,0.29285714285714287,0.18214285714285713,0.4238095238095238,0.4,0.2,0.6,0.8
db10,db10_able_to_amputee,db10_able_to_amputee|S112,set_acsa_tau_0.05,S112,ex1,,840,0.4369047619047619,0.2702380952380952,0.4011904761904762,0.2,0.2,0.4,0.6
db10,db10_able_to_amputee,db10_able_to_amputee|S112,set_acsa_tau_0.10,S112,ex1,,840,0.5523809523809524,0.3523809523809524,0.4297619047619048,0.2,0.2,0.2,0.4
db10,db10_able_to_amputee,db10_able_to_amputee|S112,set_acsa_tau_0.15,S112,ex1,,840,0.5892857142857143,0.4011904761904762,0.47023809523809523,0.2,0.2,0.2,0.2
db10,db10_able_to_amputee,db10_able_to_amputee|S112,set_acsa_tau_0.20,S112,ex1,,840,0.6095238095238096,0.44047619047619047,0.5047619047619047,0.2,0.2,0.2,0.2
db10,db10_able_to_amputee,db10_able_to_amputee|S112,user_only,S112,ex1,,840,0.0,0.0,0.3738095238095238,,0.2,,
db10,db10_able_to_amputee,db10_able_to_amputee|S113,agency_margin_tau_0.02,S113,ex1,,840,0.319047619047619,0.18571428571428572,0.4226190476190476,0.4,0.2,0.4,0.8
db10,db10_able_to_amputee,db10_able_to_amputee|S113,agency_margin_tau_0.05,S113,ex1,,840,0.42738095238095236,0.2,0.32261904761904764,0.2,0.4,0.4,0.8
db10,db10_able_to_amputee,db10_able_to_amputee|S113,agency_margin_tau_0.10,S113,ex1,,840,0.4107142857142857,0.25952380952380955,0.2916666666666667,0.2,0.2,0.2,0.2
db10,db10_able_to_amputee,db10_able_to_amputee|S113,agency_margin_tau_0.15,S113,ex1,,840,0.4369047619047619,0.2988095238095238,0.32857142857142857,0.2,0.2,0.2,0.2
db10,db10_able_to_amputee,db10_able_to_amputee|S113,agency_margin_tau_0.20,S113,ex1,,840,0.44761904761904764,0.32857142857142857,0.35595238095238096,0.2,0.2,0.2,0.2
db10,db10_able_to_amputee,db10_able_to_amputee|S113,assist_only,S113,ex1,,840,0.4630952380952381,0.3976190476190476,0.4226190476190476,0.2,0.2,0.2,0.2
db10,db10_able_to_amputee,db10_able_to_amputee|S113,confidence_blend_alpha_0.25,S113,ex1,,840,0.45714285714285713,0.33214285714285713,0.39166666666666666,0.2,0.2,0.2,0.2
db10,db10_able_to_amputee,db10_able_to_amputee|S113,confidence_blend_alpha_0.50,S113,ex1,,840,0.4654761904761905,0.38333333333333336,0.42142857142857143,0.2,0.2,0.2,0.2
db10,db10_able_to_amputee,db10_able_to_amputee|S113,confidence_blend_alpha_0.75,S113,ex1,,840,0.4654761904761905,0.3964285714285714,0.42738095238095236,0.2,0.2,0.2,0.2
db10,db10_able_to_amputee,db10_able_to_amputee|S113,plain_conf_threshold_matched_tau_0.02,S113,ex1,,840,0.013095238095238096,0.007142857142857143,0.4238095238095238,0.4,0.2,0.4,0.6
db10,db10_able_to_amputee,db10_able_to_amputee|S113,plain_conf_threshold_matched_tau_0.05,S113,ex1,,840,0.14523809523809525,0.11666666666666667,0.4488095238095238,0.2,0.2,0.4,0.4
db10,db10_able_to_amputee,db10_able_to_amputee|S113,plain_conf_threshold_matched_tau_0.10,S113,ex1,,840,0.26666666666666666,0.23333333333333334,0.44166666666666665,0.2,0.2,0.2,0.2
db10,db10_able_to_amputee,db10_able_to_amputee|S113,plain_conf_threshold_matched_tau_0.15,S113,ex1,,840,0.34523809523809523,0.2988095238095238,0.44047619047619047,0.2,0.2,0.2,0.2
db10,db10_able_to_amputee,db10_able_to_amputee|S113,plain_conf_threshold_matched_tau_0.20,S113,ex1,,840,0.38095238095238093,0.32261904761904764,0.4369047619047619,0.2,0.2,0.2,0.2
db10,db10_able_to_amputee,db10_able_to_amputee|S113,selective_prediction,S113,ex1,,840,0.3142857142857143,0.10357142857142858,0.43214285714285716,0.2,0.2,0.2,0.2
db10,db10_able_to_amputee,db10_able_to_amputee|S113,set_acsa_tau_0.02,S113,ex1,,840,0.14285714285714285,0.060714285714285714,0.38095238095238093,0.4,0.2,0.4,0.8
db10,db10_able_to_amputee,db10_able_to_amputee|S113,set_acsa_tau_0.05,S113,ex1,,840,0.31547619047619047,0.15595238095238095,0.3011904761904762,0.2,0.2,0.4,0.8
db10,db10_able_to_amputee,db10_able_to_amputee|S113,set_acsa_tau_0.10,S113,ex1,,840,0.39285714285714285,0.25476190476190474,0.2869047619047619,0.2,0.2,0.2,0.2
db10,db10_able_to_amputee,db10_able_to_amputee|S113,set_acsa_tau_0.15,S113,ex1,,840,0.43214285714285716,0.2976190476190476,0.3273809523809524,0.2,0.2,0.2,0.2
db10,db10_able_to_amputee,db10_able_to_amputee|S113,set_acsa_tau_0.20,S113,ex1,,840,0.44761904761904764,0.32857142857142857,0.35595238095238096,0.2,0.2,0.2,0.2
db10,db10_able_to_amputee,db10_able_to_amputee|S113,user_only,S113,ex1,,840,0.0,0.0,0.38452380952380955,,0.2,,
db10,db10_able_to_amputee,db10_able_to_amputee|S114,agency_margin_tau_0.02,S114,ex1,,840,0.18095238095238095,0.10595238095238095,0.45714285714285713,0.4,0.2,0.4,0.4
db10,db10_able_to_amputee,db10_able_to_amputee|S114,agency_margin_tau_0.05,S114,ex1,,840,0.35833333333333334,0.20952380952380953,0.4976190476190476,0.4,0.2,0.4,0.6
db10,db10_able_to_amputee,db10_able_to_amputee|S114,agency_margin_tau_0.10,S114,ex1,,840,0.4738095238095238,0.3333333333333333,0.5702380952380952,0.2,0.2,0.2,0.4
db10,db10_able_to_amputee,db10_able_to_amputee|S114,agency_margin_tau_0.15,S114,ex1,,840,0.5857142857142857,0.41309523809523807,0.6321428571428571,0.2,0.2,0.2,0.2
db10,db10_able_to_amputee,db10_able_to_amputee|S114,agency_margin_tau_0.20,S114,ex1,,840,0.6142857142857143,0.4595238095238095,0.6583333333333333,0.2,0.2,0.2,0.2
db10,db10_able_to_amputee,db10_able_to_amputee|S114,assist_only,S114,ex1,,840,0.6273809523809524,0.4988095238095238,0.694047619047619,0.2,0.2,0.2,0.2
db10,db10_able_to_amputee,db10_able_to_amputee|S114,confidence_blend_alpha_0.25,S114,ex1,,840,0.5833333333333334,0.45,0.6761904761904762,0.2,0.2,0.2,0.2
db10,db10_able_to_amputee,db10_able_to_amputee|S114,confidence_blend_alpha_0.50,S114,ex1,,840,0.6297619047619047,0.4880952380952381,0.6952380952380952,0.2,0.2,0.2,0.2
db10,db10_able_to_amputee,db10_able_to_amputee|S114,confidence_blend_alpha_0.75,S114,ex1,,840,0.6333333333333333,0.49642857142857144,0.694047619047619,0.2,0.2,0.2,0.2
db10,db10_able_to_amputee,db10_able_to_amputee|S114,plain_conf_threshold_matched_tau_0.02,S114,ex1,,840,0.08095238095238096,0.06785714285714285,0.5226190476190476,0.2,0.2,0.4,0.4
db10,db10_able_to_amputee,db10_able_to_amputee|S114,plain_conf_threshold_matched_tau_0.05,S114,ex1,,840,0.2511904761904762,0.20833333333333334,0.5964285714285714,0.2,0.2,0.4,0.4
db10,db10_able_to_amputee,db10_able_to_amputee|S114,plain_conf_threshold_matched_tau_0.10,S114,ex1,,840,0.3904761904761905,0.33214285714285713,0.6476190476190476,0.2,0.2,0.2,0.2
db10,db10_able_to_amputee,db10_able_to_amputee|S114,plain_conf_threshold_matched_tau_0.15,S114,ex1,,840,0.5119047619047619,0.41309523809523807,0.6583333333333333,0.2,0.2,0.2,0.2
db10,db10_able_to_amputee,db10_able_to_amputee|S114,plain_conf_threshold_matched_tau_0.20,S114,ex1,,840,0.5571428571428572,0.43214285714285716,0.655952380952381,0.2,0.2,0.2,0.2
db10,db10_able_to_amputee,db10_able_to_amputee|S114,selective_prediction,S114,ex1,,840,0.5119047619047619,0.22857142857142856,0.5511904761904762,0.2,0.2,0.2,0.2
db10,db10_able_to_amputee,db10_able_to_amputee|S114,set_acsa_tau_0.02,S114,ex1,,840,0.16071428571428573,0.09285714285714286,0.45476190476190476,0.4,0.2,0.4,0.4
db10,db10_able_to_amputee,db10_able_to_amputee|S114,set_acsa_tau_0.05,S114,ex1,,840,0.32857142857142857,0.18928571428571428,0.49166666666666664,0.4,0.2,0.4,0.6
db10,db10_able_to_amputee,db10_able_to_amputee|S114,set_acsa_tau_0.10,S114,ex1,,840,0.4523809523809524,0.31666666666666665,0.5642857142857143,0.2,0.2,0.2,0.4
db10,db10_able_to_amputee,db10_able_to_amputee|S114,set_acsa_tau_0.15,S114,ex1,,840,0.5702380952380952,0.40476190476190477,0.6273809523809524,0.2,0.2,0.2,0.2
db10,db10_able_to_amputee,db10_able_to_amputee|S114,set_acsa_tau_0.20,S114,ex1,,840,0.6095238095238096,0.45476190476190476,0.6547619047619048,0.2,0.2,0.2,0.2
db10,db10_able_to_amputee,db10_able_to_amputee|S114,user_only,S114,ex1,,840,0.0,0.0,0.42738095238095236,,0.2,,
db10,db10_able_to_amputee,db10_able_to_amputee|S115,agency_margin_tau_0.02,S115,ex1,,840,0.31547619047619047,0.16071428571428573,0.30357142857142855,0.4,0.4,0.4,0.8
db10,db10_able_to_amputee,db10_able_to_amputee|S115,agency_margin_tau_0.05,S115,ex1,,840,0.4166666666666667,0.3404761904761905,0.4380952380952381,0.2,0.2,0.2,0.4
db10,db10_able_to_amputee,db10_able_to_amputee|S115,agency_margin_tau_0.10,S115,ex1,,840,0.4666666666666667,0.41309523809523807,0.4869047619047619,0.2,0.2,0.2,0.2
db10,db10_able_to_amputee,db10_able_to_amputee|S115,agency_margin_tau_0.15,S115,ex1,,840,0.48333333333333334,0.43214285714285716,0.4928571428571429,0.2,0.2,0.2,0.2
db10,db10_able_to_amputee,db10_able_to_amputee|S115,agency_margin_tau_0.20,S115,ex1,,840,0.4845238095238095,0.4357142857142857,0.49404761904761907,0.2,0.2,0.2,0.2
db10,db10_able_to_amputee,db10_able_to_amputee|S115,assist_only,S115,ex1,,840,0.4869047619047619,0.4380952380952381,0.49404761904761907,0.2,0.2,0.2,0.2
db10,db10_able_to_amputee,db10_able_to_amputee|S115,confidence_blend_alpha_0.25,S115,ex1,,840,0.47023809523809523,0.430952380952381,0.4988095238095238,0.2,0.2,0.2,0.2
db10,db10_able_to_amputee,db10_able_to_amputee|S115,confidence_blend_alpha_0.50,S115,ex1,,840,0.4773809523809524,0.43333333333333335,0.49166666666666664,0.2,0.2,0.2,0.2
db10,db10_able_to_amputee,db10_able_to_amputee|S115,confidence_blend_alpha_0.75,S115,ex1,,840,0.4857142857142857,0.4357142857142857,0.4928571428571429,0.2,0.2,0.2,0.2
db10,db10_able_to_amputee,db10_able_to_amputee|S115,plain_conf_threshold_matched_tau_0.02,S115,ex1,,840,0.18095238095238095,0.10952380952380952,0.3345238095238095,0.4,0.2,0.4,0.6
db10,db10_able_to_amputee,db10_able_to_amputee|S115,plain_conf_threshold_matched_tau_0.05,S115,ex1,,840,0.37142857142857144,0.3261904761904762,0.4511904761904762,0.2,0.2,0.2,0.4
db10,db10_able_to_amputee,db10_able_to_amputee|S115,plain_conf_threshold_matched_tau_0.10,S115,ex1,,840,0.42857142857142855,0.39285714285714285,0.48333333333333334,0.2,0.2,0.2,0.2
db10,db10_able_to_amputee,db10_able_to_amputee|S115,plain_conf_threshold_matched_tau_0.15,S115,ex1,,840,0.4595238095238095,0.4166666666666667,0.49642857142857144,0.2,0.2,0.2,0.2
db10,db10_able_to_amputee,db10_able_to_amputee|S115,plain_conf_threshold_matched_tau_0.20,S115,ex1,,840,0.46785714285714286,0.42023809523809524,0.49642857142857144,0.2,0.2,0.2,0.2
db10,db10_able_to_amputee,db10_able_to_amputee|S115,selective_prediction,S115,ex1,,840,0.44166666666666665,0.2630952380952381,0.38333333333333336,0.2,0.2,0.2,0.4
db10,db10_able_to_amputee,db10_able_to_amputee|S115,set_acsa_tau_0.02,S115,ex1,,840,0.3107142857142857,0.1595238095238095,0.3047619047619048,0.4,0.4,0.4,0.8
db10,db10_able_to_amputee,db10_able_to_amputee|S115,set_acsa_tau_0.05,S115,ex1,,840,0.4095238095238095,0.3357142857142857,0.4369047619047619,0.2,0.2,0.2,0.4
db10,db10_able_to_amputee,db10_able_to_amputee|S115,set_acsa_tau_0.10,S115,ex1,,840,0.4630952380952381,0.4119047619047619,0.4869047619047619,0.2,0.2,0.2,0.2
db10,db10_able_to_amputee,db10_able_to_amputee|S115,set_acsa_tau_0.15,S115,ex1,,840,0.48333333333333334,0.43214285714285716,0.4928571428571429,0.2,0.2,0.2,0.2
db10,db10_able_to_amputee,db10_able_to_amputee|S115,set_acsa_tau_0.20,S115,ex1,,840,0.4845238095238095,0.4357142857142857,0.49404761904761907,0.2,0.2,0.2,0.2
db10,db10_able_to_amputee,db10_able_to_amputee|S115,user_only,S115,ex1,,840,0.0,0.0,0.20714285714285716,,0.4,,
db10,db10_amputee_loso,db10_amputee_loso|S101,agency_margin_tau_0.02,S101,ex1,,840,0.5190476190476191,0.3130952380952381,0.47023809523809523,0.4,0.2,0.4,0.8
db10,db10_amputee_loso,db10_amputee_loso|S101,agency_margin_tau_0.05,S101,ex1,,840,0.7166666666666667,0.4845238095238095,0.5785714285714286,0.2,0.2,0.4,0.4
db10,db10_amputee_loso,db10_amputee_loso|S101,agency_margin_tau_0.10,S101,ex1,,840,0.8238095238095238,0.6547619047619048,0.7166666666666667,0.2,0.2,0.2,0.4
db10,db10_amputee_loso,db10_amputee_loso|S101,agency_margin_tau_0.15,S101,ex1,,840,0.8273809523809523,0.7178571428571429,0.7726190476190476,0.2,0.2,0.2,0.2
db10,db10_amputee_loso,db10_amputee_loso|S101,agency_margin_tau_0.20,S101,ex1,,840,0.8369047619047619,0.7428571428571429,0.7952380952380952,0.2,0.2,0.2,0.2
db10,db10_amputee_loso,db10_amputee_loso|S101,assist_only,S101,ex1,,840,0.8404761904761905,0.7738095238095238,0.8226190476190476,0.2,0.2,0.2,0.2
db10,db10_amputee_loso,db10_amputee_loso|S101,confidence_blend_alpha_0.25,S101,ex1,,840,0.8416666666666667,0.7607142857142857,0.8154761904761905,0.2,0.2,0.2,0.2
db10,db10_amputee_loso,db10_amputee_loso|S101,confidence_blend_alpha_0.50,S101,ex1,,840,0.8404761904761905,0.775,0.8273809523809523,0.2,0.2,0.2,0.2
db10,db10_amputee_loso,db10_amputee_loso|S101,confidence_blend_alpha_0.75,S101,ex1,,840,0.8380952380952381,0.7714285714285715,0.8226190476190476,0.2,0.2,0.2,0.2
db10,db10_amputee_loso,db10_amputee_loso|S101,plain_conf_threshold_matched_tau_0.02,S101,ex1,,840,0.21071428571428572,0.1738095238095238,0.5178571428571429,0.4,0.2,0.6,0.6
db10,db10_amputee_loso,db10_amputee_loso|S101,plain_conf_threshold_matched_tau_0.05,S101,ex1,,840,0.5071428571428571,0.44761904761904764,0.6904761904761905,0.2,0.2,0.4,0.4
db10,db10_amputee_loso,db10_amputee_loso|S101,plain_conf_threshold_matched_tau_0.10,S101,ex1,,840,0.7166666666666667,0.6511904761904762,0.7714285714285715,0.2,0.2,0.2,0.2
db10,db10_amputee_loso,db10_amputee_loso|S101,plain_conf_threshold_matched_tau_0.15,S101,ex1,,840,0.7678571428571429,0.7011904761904761,0.7952380952380952,0.2,0.2,0.2,0.2
db10,db10_amputee_loso,db10_amputee_loso|S101,plain_conf_threshold_matched_tau_0.20,S101,ex1,,840,0.7916666666666666,0.7226190476190476,0.8,0.2,0.2,0.2,0.2
db10,db10_amputee_loso,db10_amputee_loso|S101,selective_prediction,S101,ex1,,840,0.7273809523809524,0.42142857142857143,0.5964285714285714,0.2,0.2,0.2,0.4
db10,db10_amputee_loso,db10_amputee_loso|S101,set_acsa_tau_0.02,S101,ex1,,840,0.4654761904761905,0.2892857142857143,0.46190476190476193,0.4,0.2,0.4,0.8
db10,db10_amputee_loso,db10_amputee_loso|S101,set_acsa_tau_0.05,S101,ex1,,840,0.6880952380952381,0.4726190476190476,0.575,0.2,0.2,0.4,0.4
db10,db10_amputee_loso,db10_amputee_loso|S101,set_acsa_tau_0.10,S101,ex1,,840,0.8130952380952381,0.6476190476190476,0.7107142857142857,0.2,0.2,0.2,0.4
db10,db10_amputee_loso,db10_amputee_loso|S101,set_acsa_tau_0.15,S101,ex1,,840,0.8261904761904761,0.7154761904761905,0.7702380952380953,0.2,0.2,0.2,0.2
db10,db10_amputee_loso,db10_amputee_loso|S101,set_acsa_tau_0.20,S101,ex1,,840,0.8345238095238096,0.7416666666666667,0.794047619047619,0.2,0.2,0.2,0.2
db10,db10_amputee_loso,db10_amputee_loso|S101,user_only,S101,ex1,,840,0.0,0.0,0.305952380952381,,0.4,,
db10,db10_amputee_loso,db10_amputee_loso|S102,agency_margin_tau_0.02,S102,ex1,,840,0.44047619047619047,0.25,0.47619047619047616,0.4,0.2,0.4,0.7
db10,db10_amputee_loso,db10_amputee_loso|S102,agency_margin_tau_0.05,S102,ex1,,840,0.6488095238095238,0.4297619047619048,0.5607142857142857,0.2,0.2,0.2,0.6
db10,db10_amputee_loso,db10_amputee_loso|S102,agency_margin_tau_0.10,S102,ex1,,840,0.6821428571428572,0.5654761904761905,0.6761904761904762,0.2,0.2,0.2,0.2
db10,db10_amputee_loso,db10_amputee_loso|S102,agency_margin_tau_0.15,S102,ex1,,840,0.6797619047619048,0.5833333333333334,0.6928571428571428,0.2,0.2,0.2,0.2
db10,db10_amputee_loso,db10_amputee_loso|S102,agency_margin_tau_0.20,S102,ex1,,840,0.6797619047619048,0.5857142857142857,0.6952380952380952,0.2,0.2,0.2,0.2
db10,db10_amputee_loso,db10_amputee_loso|S102,assist_only,S102,ex1,,840,0.6797619047619048,0.5857142857142857,0.6952380952380952,0.2,0.2,0.2,0.2
db10,db10_amputee_loso,db10_amputee_loso|S102,confidence_blend_alpha_0.25,S102,ex1,,840,0.6761904761904762,0.5583333333333333,0.6797619047619048,0.2,0.2,0.2,0.2
db10,db10_amputee_loso,db10_amputee_loso|S102,confidence_blend_alpha_0.50,S102,ex1,,840,0.6797619047619048,0.5761904761904761,0.6892857142857143,0.2,0.2,0.2,0.2
db10,db10_amputee_loso,db10_amputee_loso|S102,confidence_blend_alpha_0.75,S102,ex1,,840,0.6785714285714286,0.5785714285714286,0.6916666666666667,0.2,0.2,0.2,0.2
db10,db10_amputee_loso,db10_amputee_loso|S102,plain_conf_threshold_matched_tau_0.02,S102,ex1,,840,0.03333333333333333,0.02261904761904762,0.38571428571428573,0.4,0.2,0.4,0.6
db10,db10_amputee_loso,db10_amputee_loso|S102,plain_conf_threshold_matched_tau_0.05,S102,ex1,,840,0.2785714285714286,0.17142857142857143,0.4857142857142857,0.2,0.2,0.4,0.4
db10,db10_amputee_loso,db10_amputee_loso|S102,plain_conf_threshold_matched_tau_0.10,S102,ex1,,840,0.4773809523809524,0.3547619047619048,0.580952380952381,0.2,0.2,0.2,0.2
db10,db10_amputee_loso,db10_amputee_loso|S102,plain_conf_threshold_matched_tau_0.15,S102,ex1,,840,0.5428571428571428,0.42023809523809524,0.6130952380952381,0.2,0.2,0.2,0.2
db10,db10_amputee_loso,db10_amputee_loso|S102,plain_conf_threshold_matched_tau_0.20,S102,ex1,,840,0.5666666666666667,0.44285714285714284,0.625,0.2,0.2,0.2,0.2
db10,db10_amputee_loso,db10_amputee_loso|S102,selective_prediction,S102,ex1,,840,0.45476190476190476,0.075,0.4095238095238095,0.2,0.2,0.2,0.4
db10,db10_amputee_loso,db10_amputee_loso|S102,set_acsa_tau_0.02,S102,ex1,,840,0.38333333333333336,0.20238095238095238,0.45714285714285713,0.4,0.2,0.4,0.8
db10,db10_amputee_loso,db10_amputee_loso|S102,set_acsa_tau_0.05,S102,ex1,,840,0.6214285714285714,0.41785714285714287,0.5511904761904762,0.2,0.2,0.2,0.6
db10,db10_amputee_loso,db10_amputee_loso|S102,set_acsa_tau_0.10,S102,ex1,,840,0.6773809523809524,0.5642857142857143,0.675,0.2,0.2,0.2,0.2
db10,db10_amputee_loso,db10_amputee_loso|S102,set_acsa_tau_0.15,S102,ex1,,840,0.6797619047619048,0.5833333333333334,0.6928571428571428,0.2,0.2,0.2,0.2
db10,db10_amputee_loso,db10_amputee_loso|S102,set_acsa_tau_0.20,S102,ex1,,840,0.6797619047619048,0.5857142857142857,0.6952380952380952,0.2,0.2,0.2,0.2
db10,db10_amputee_loso,db10_amputee_loso|S102,user_only,S102,ex1,,840,0.0,0.0,0.3773809523809524,,0.2,,
db10,db10_amputee_loso,db10_amputee_loso|S103,agency_margin_tau_0.02,S103,ex1,,840,0.6202380952380953,0.36428571428571427,0.5190476190476191,0.4,0.2,0.4,0.6
db10,db10_amputee_loso,db10_amputee_loso|S103,agency_margin_tau_0.05,S103,ex1,,840,0.7892857142857143,0.5773809523809523,0.6738095238095239,0.2,0.2,0.2,0.4
db10,db10_amputee_loso,db10_amputee_loso|S103,agency_margin_tau_0.10,S103,ex1,,840,0.7821428571428571,0.6952380952380952,0.7785714285714286,0.2,0.2,0.2,0.2
db10,db10_amputee_loso,db10_amputee_loso|S103,agency_margin_tau_0.15,S103,ex1,,840,0.7821428571428571,0.7071428571428572,0.7892857142857143,0.2,0.2,0.2,0.2
db10,db10_amputee_loso,db10_amputee_loso|S103,agency_margin_tau_0.20,S103,ex1,,840,0.7821428571428571,0.7095238095238096,0.7916666666666666,0.2,0.2,0.2,0.2
db10,db10_amputee_loso,db10_amputee_loso|S103,assist_only,S103,ex1,,840,0.7821428571428571,0.7095238095238096,0.7916666666666666,0.2,0.2,0.2,0.2
db10,db10_amputee_loso,db10_amputee_loso|S103,confidence_blend_alpha_0.25,S103,ex1,,840,0.794047619047619,0.7107142857142857,0.8023809523809524,0.2,0.2,0.2,0.2
db10,db10_amputee_loso,db10_amputee_loso|S103,confidence_blend_alpha_0.50,S103,ex1,,840,0.7869047619047619,0.7095238095238096,0.7964285714285714,0.2,0.2,0.2,0.2
db10,db10_amputee_loso,db10_amputee_loso|S103,confidence_blend_alpha_0.75,S103,ex1,,840,0.7821428571428571,0.7095238095238096,0.7928571428571428,0.2,0.2,0.2,0.2
db10,db10_amputee_loso,db10_amputee_loso|S103,plain_conf_threshold_matched_tau_0.02,S103,ex1,,840,0.1619047619047619,0.13214285714285715,0.45595238095238094,0.4,0.2,0.6,0.6
db10,db10_amputee_loso,db10_amputee_loso|S103,plain_conf_threshold_matched_tau_0.05,S103,ex1,,840,0.46785714285714286,0.4142857142857143,0.6261904761904762,0.2,0.2,0.4,0.4
db10,db10_amputee_loso,db10_amputee_loso|S103,plain_conf_threshold_matched_tau_0.10,S103,ex1,,840,0.6333333333333333,0.5619047619047619,0.7119047619047619,0.2,0.2,0.2,0.2
db10,db10_amputee_loso,db10_amputee_loso|S103,plain_conf_threshold_matched_tau_0.15,S103,ex1,,840,0.6952380952380952,0.6178571428571429,0.7428571428571429,0.2,0.2,0.2,0.2
db10,db10_amputee_loso,db10_amputee_loso|S103,plain_conf_threshold_matched_tau_0.20,S103,ex1,,840,0.7142857142857143,0.6357142857142857,0.7535714285714286,0.2,0.2,0.2,0.2
db10,db10_amputee_loso,db10_amputee_loso|S103,selective_prediction,S103,ex1,,840,0.6202380952380953,0.2869047619047619,0.5273809523809524,0.2,0.2,0.2,0.4
db10,db10_amputee_loso,db10_amputee_loso|S103,set_acsa_tau_0.02,S103,ex1,,840,0.5464285714285714,0.3345238095238095,0.4976190476190476,0.4,0.2,0.4,0.6
db10,db10_amputee_loso,db10_amputee_loso|S103,set_acsa_tau_0.05,S103,ex1,,840,0.7523809523809524,0.5607142857142857,0.6595238095238095,0.2,0.2,0.2,0.4
db10,db10_amputee_loso,db10_amputee_loso|S103,set_acsa_tau_0.10,S103,ex1,,840,0.7821428571428571,0.6952380952380952,0.7785714285714286,0.2,0.2,0.2,0.2
db10,db10_amputee_loso,db10_amputee_loso|S103,set_acsa_tau_0.15,S103,ex1,,840,0.7821428571428571,0.7071428571428572,0.7892857142857143,0.2,0.2,0.2,0.2
db10,db10_amputee_loso,db10_amputee_loso|S103,set_acsa_tau_0.20,S103,ex1,,840,0.7821428571428571,0.7095238095238096,0.7916666666666666,0.2,0.2,0.2,0.2
db10,db10_amputee_loso,db10_amputee_loso|S103,user_only,S103,ex1,,840,0.0,0.0,0.33095238095238094,,0.4,,
db10,db10_amputee_loso,db10_amputee_loso|S104,agency_margin_tau_0.02,S104,ex1,,840,0.45714285714285713,0.2785714285714286,0.44166666666666665,0.4,0.2,0.6,0.8
db10,db10_amputee_loso,db10_amputee_loso|S104,agency_margin_tau_0.05,S104,ex1,,840,0.5952380952380952,0.38333333333333336,0.4714285714285714,0.2,0.2,0.4,0.6
db10,db10_amputee_loso,db10_amputee_loso|S104,agency_margin_tau_0.10,S104,ex1,,840,0.6988095238095238,0.5107142857142857,0.5654761904761905,0.2,0.2,0.2,0.4
db10,db10_amputee_loso,db10_amputee_loso|S104,agency_margin_tau_0.15,S104,ex1,,840,0.7273809523809524,0.5833333333333334,0.6297619047619047,0.2,0.2,0.2,0.2
db10,db10_amputee_loso,db10_amputee_loso|S104,agency_margin_tau_0.20,S104,ex1,,840,0.7261904761904762,0.6238095238095238,0.6678571428571428,0.2,0.2,0.2,0.2
db10,db10_amputee_loso,db10_amputee_loso|S104,assist_only,S104,ex1,,840,0.7273809523809524,0.6511904761904762,0.6952380952380952,0.2,0.2,0.2,0.2
db10,db10_amputee_loso,db10_amputee_loso|S104,confidence_blend_alpha_0.25,S104,ex1,,840,0.7357142857142858,0.6440476190476191,0.7035714285714286,0.2,0.2,0.2,0.2
db10,db10_amputee_loso,db10_amputee_loso|S104,confidence_blend_alpha_0.50,S104,ex1,,840,0.7297619047619047,0.6535714285714286,0.7023809523809523,0.2,0.2,0.2,0.2
db10,db10_amputee_loso,db10_amputee_loso|S104,confidence_blend_alpha_0.75,S104,ex1,,840,0.725,0.6488095238095238,0.6928571428571428,0.2,0.2,0.2,0.2
db10,db10_amputee_loso,db10_amputee_loso|S104,plain_conf_threshold_matched_tau_0.02,S104,ex1,,840,0.09047619047619047,0.075,0.38571428571428573,0.4,0.2,0.5,0.6
db10,db10_amputee_loso,db10_amputee_loso|S104,plain_conf_threshold_matched_tau_0.05,S104,ex1,,840,0.2892857142857143,0.24047619047619048,0.5333333333333333,0.2,0.2,0.4,0.4
db10,db10_amputee_loso,db10_amputee_loso|S104,plain_conf_threshold_matched_tau_0.10,S104,ex1,,840,0.5321428571428571,0.4726190476190476,0.65,0.2,0.2,0.2,0.4
db10,db10_amputee_loso,db10_amputee_loso|S104,plain_conf_threshold_matched_tau_0.15,S104,ex1,,840,0.6178571428571429,0.5535714285714286,0.6642857142857143,0.2,0.2,0.2,0.2
db10,db10_amputee_loso,db10_amputee_loso|S104,plain_conf_threshold_matched_tau_0.20,S104,ex1,,840,0.6476190476190476,0.5738095238095238,0.6714285714285714,0.2,0.2,0.2,0.2
db10,db10_amputee_loso,db10_amputee_loso|S104,selective_prediction,S104,ex1,,840,0.5619047619047619,0.225,0.44642857142857145,0.2,0.2,0.2,0.4
db10,db10_amputee_loso,db10_amputee_loso|S104,set_acsa_tau_0.02,S104,ex1,,840,0.3404761904761905,0.21071428571428572,0.39880952380952384,0.4,0.2,0.6,0.8
db10,db10_amputee_loso,db10_amputee_loso|S104,set_acsa_tau_0.05,S104,ex1,,840,0.5297619047619048,0.35714285714285715,0.45476190476190476,0.2,0.2,0.4,0.6
db10,db10_amputee_loso,db10_amputee_loso|S104,set_acsa_tau_0.10,S104,ex1,,840,0.6797619047619048,0.5011904761904762,0.555952380952381,0.2,0.2,0.2,0.4
db10,db10_amputee_loso,db10_amputee_loso|S104,set_acsa_tau_0.15,S104,ex1,,840,0.719047619047619,0.5821428571428572,0.6285714285714286,0.2,0.2,0.2,0.2
db10,db10_amputee_loso,db10_amputee_loso|S104,set_acsa_tau_0.20,S104,ex1,,840,0.7261904761904762,0.6238095238095238,0.6678571428571428,0.2,0.2,0.2,0.2
db10,db10_amputee_loso,db10_amputee_loso|S104,user_only,S104,ex1,,840,0.0,0.0,0.3,,0.2,,
db10,db10_amputee_loso,db10_amputee_loso|S105,agency_margin_tau_0.02,S105,ex1,,840,0.2226190476190476,0.12023809523809524,0.3273809523809524,0.4,0.4,0.6,1.0
db10,db10_amputee_loso,db10_amputee_loso|S105,agency_margin_tau_0.05,S105,ex1,,840,0.43214285714285716,0.2488095238095238,0.4,0.4,0.4,0.6,0.8
db10,db10_amputee_loso,db10_amputee_loso|S105,agency_margin_tau_0.10,S105,ex1,,840,0.6488095238095238,0.43333333333333335,0.5095238095238095,0.2,0.2,0.4,0.6
db10,db10_amputee_loso,db10_amputee_loso|S105,agency_margin_tau_0.15,S105,ex1,,840,0.6952380952380952,0.5357142857142857,0.5857142857142857,0.2,0.2,0.2,0.4
db10,db10_amputee_loso,db10_amputee_loso|S105,agency_margin_tau_0.20,S105,ex1,,840,0.6904761904761905,0.575,0.6178571428571429,0.2,0.2,0.2,0.4
db10,db10_amputee_loso,db10_amputee_loso|S105,assist_only,S105,ex1,,840,0.6869047619047619,0.5845238095238096,0.6285714285714286,0.2,0.2,0.2,0.4
db10,db10_amputee_loso,db10_amputee_loso|S105,confidence_blend_alpha_0.25,S105,ex1,,840,0.6630952380952381,0.5333333333333333,0.6023809523809524,0.2,0.2,0.4,0.4
db10,db10_amputee_loso,db10_amputee_loso|S105,confidence_blend_alpha_0.50,S105,ex1,,840,0.6880952380952381,0.5833333333333334,0.6321428571428571,0.2,0.2,0.2,0.4
db10,db10_amputee_loso,db10_amputee_loso|S105,confidence_blend_alpha_0.75,S105,ex1,,840,0.6880952380952381,0.5869047619047619,0.6345238095238095,0.2,0.2,0.2,0.4
db10,db10_amputee_loso,db10_amputee_loso|S105,plain_conf_threshold_matched_tau_0.02,S105,ex1,,840,0.01904761904761905,0.016666666666666666,0.28809523809523807,0.4,0.4,0.8,0.8
db10,db10_amputee_loso,db10_amputee_loso|S105,plain_conf_threshold_matched_tau_0.05,S105,ex1,,840,0.1619047619047619,0.13690476190476192,0.4142857142857143,0.4,0.4,0.6,0.6
db10,db10_amputee_loso,db10_amputee_loso|S105,plain_conf_threshold_matched_tau_0.10,S105,ex1,,840,0.41309523809523807,0.35119047619047616,0.525,0.2,0.2,0.4,0.4
db10,db10_amputee_loso,db10_amputee_loso|S105,plain_conf_threshold_matched_tau_0.15,S105,ex1,,840,0.5238095238095238,0.44166666666666665,0.5571428571428572,0.2,0.2,0.4,0.4
db10,db10_amputee_loso,db10_amputee_loso|S105,plain_conf_threshold_matched_tau_0.20,S105,ex1,,840,0.5416666666666666,0.4654761904761905,0.5630952380952381,0.2,0.2,0.2,0.4
db10,db10_amputee_loso,db10_amputee_loso|S105,selective_prediction,S105,ex1,,840,0.4297619047619048,0.10595238095238095,0.31666666666666665,0.2,0.2,0.4,0.6
db10,db10_amputee_loso,db10_amputee_loso|S105,set_acsa_tau_0.02,S105,ex1,,840,0.16785714285714284,0.09404761904761905,0.3107142857142857,0.6,0.4,0.6,1.0
db10,db10_amputee_loso,db10_amputee_loso|S105,set_acsa_tau_0.05,S105,ex1,,840,0.3738095238095238,0.22380952380952382,0.38333333333333336,0.4,0.4,0.6,0.8
db10,db10_amputee_loso,db10_amputee_loso|S105,set_acsa_tau_0.10,S105,ex1,,840,0.6071428571428571,0.41309523809523807,0.49523809523809526,0.2,0.2,0.4,0.6
db10,db10_amputee_loso,db10_amputee_loso|S105,set_acsa_tau_0.15,S105,ex1,,840,0.6797619047619048,0.5273809523809524,0.580952380952381,0.2,0.2,0.2,0.4
db10,db10_amputee_loso,db10_amputee_loso|S105,set_acsa_tau_0.20,S105,ex1,,840,0.6857142857142857,0.5726190476190476,0.6166666666666667,0.2,0.2,0.2,0.4
db10,db10_amputee_loso,db10_amputee_loso|S105,user_only,S105,ex1,,840,0.0,0.0,0.2571428571428571,,0.4,,
db10,db10_amputee_loso,db10_amputee_loso|S106,agency_margin_tau_0.02,S106,ex1,,840,0.23214285714285715,0.08571428571428572,0.19404761904761905,0.6,0.4,0.6,1.0
db10,db10_amputee_loso,db10_amputee_loso|S106,agency_margin_tau_0.05,S106,ex1,,840,0.4845238095238095,0.21904761904761905,0.29404761904761906,0.4,0.4,0.6,0.8
db10,db10_amputee_loso,db10_amputee_loso|S106,agency_margin_tau_0.10,S106,ex1,,840,0.7083333333333334,0.4107142857142857,0.4488095238095238,0.2,0.2,0.4,0.6
db10,db10_amputee_loso,db10_amputee_loso|S106,agency_margin_tau_0.15,S106,ex1,,840,0.7404761904761905,0.5333333333333333,0.5583333333333333,0.2,0.2,0.2,0.4
db10,db10_amputee_loso,db10_amputee_loso|S106,agency_margin_tau_0.20,S106,ex1,,840,0.7452380952380953,0.5964285714285714,0.6142857142857143,0.2,0.2,0.2,0.2
db10,db10_amputee_loso,db10_amputee_loso|S106,assist_only,S106,ex1,,840,0.7380952380952381,0.6547619047619048,0.6702380952380952,0.2,0.2,0.2,0.2
db10,db10_amputee_loso,db10_amputee_loso|S106,confidence_blend_alpha_0.25,S106,ex1,,840,0.7380952380952381,0.5916666666666667,0.6226190476190476,0.2,0.2,0.2,0.2
db10,db10_amputee_loso,db10_amputee_loso|S106,confidence_blend_alpha_0.50,S106,ex1,,840,0.7380952380952381,0.6595238095238095,0.6785714285714286,0.2,0.2,0.2,0.2
db10,db10_amputee_loso,db10_amputee_loso|S106,confidence_blend_alpha_0.75,S106,ex1,,840,0.7357142857142858,0.655952380952381,0.6726190476190477,0.2,0.2,0.2,0.2
db10,db10_amputee_loso,db10_amputee_loso|S106,plain_conf_threshold_matched_tau_0.02,S106,ex1,,840,0.034523809523809526,0.02261904761904762,0.24642857142857144,0.4,0.4,0.6,0.6
db10,db10_amputee_loso,db10_amputee_loso|S106,plain_conf_threshold_matched_tau_0.05,S106,ex1,,840,0.21071428571428572,0.16547619047619047,0.44166666666666665,0.2,0.2,0.6,0.6
db10,db10_amputee_loso,db10_amputee_loso|S106,plain_conf_threshold_matched_tau_0.10,S106,ex1,,840,0.5083333333333333,0.43452380952380953,0.5571428571428572,0.2,0.2,0.4,0.4
db10,db10_amputee_loso,db10_amputee_loso|S106,plain_conf_threshold_matched_tau_0.15,S106,ex1,,840,0.6202380952380953,0.5226190476190476,0.5880952380952381,0.2,0.2,0.2,0.2
db10,db10_amputee_loso,db10_amputee_loso|S106,plain_conf_threshold_matched_tau_0.20,S106,ex1,,840,0.6571428571428571,0.5595238095238095,0.6035714285714285,0.2,0.2,0.2,0.2
db10,db10_amputee_loso,db10_amputee_loso|S106,selective_prediction,S106,ex1,,840,0.5773809523809523,0.20714285714285716,0.325,0.2,0.2,0.2,0.4
db10,db10_amputee_loso,db10_amputee_loso|S106,set_acsa_tau_0.02,S106,ex1,,840,0.18571428571428572,0.0630952380952381,0.1773809523809524,0.6,0.4,0.6,1.0
db10,db10_amputee_loso,db10_amputee_loso|S106,set_acsa_tau_0.05,S106,ex1,,840,0.3952380952380952,0.18214285714285713,0.2619047619047619,0.4,0.4,0.6,0.8
db10,db10_amputee_loso,db10_amputee_loso|S106,set_acsa_tau_0.10,S106,ex1,,840,0.6261904761904762,0.37976190476190474,0.42142857142857143,0.2,0.2,0.4,0.6
db10,db10_amputee_loso,db10_amputee_loso|S106,set_acsa_tau_0.15,S106,ex1,,840,0.7107142857142857,0.5142857142857142,0.5392857142857143,0.2,0.2,0.2,0.4
db10,db10_amputee_loso,db10_amputee_loso|S106,set_acsa_tau_0.20,S106,ex1,,840,0.7345238095238096,0.5880952380952381,0.6059523809523809,0.2,0.2,0.2,0.2
db10,db10_amputee_loso,db10_amputee_loso|S106,user_only,S106,ex1,,840,0.0,0.0,0.1392857142857143,,0.4,,
db10,db10_amputee_loso,db10_amputee_loso|S107,agency_margin_tau_0.02,S107,ex1,,840,0.44642857142857145,0.21904761904761905,0.375,0.4,0.4,0.4,0.8
db10,db10_amputee_loso,db10_amputee_loso|S107,agency_margin_tau_0.05,S107,ex1,,840,0.6107142857142858,0.3130952380952381,0.38571428571428573,0.2,0.2,0.4,0.6
db10,db10_amputee_loso,db10_amputee_loso|S107,agency_margin_tau_0.10,S107,ex1,,840,0.6642857142857143,0.43452380952380953,0.47023809523809523,0.2,0.2,0.2,0.4
db10,db10_amputee_loso,db10_amputee_loso|S107,agency_margin_tau_0.15,S107,ex1,,840,0.6785714285714286,0.525,0.55,0.2,0.2,0.2,0.2
db10,db10_amputee_loso,db10_amputee_loso|S107,agency_margin_tau_0.20,S107,ex1,,840,0.675,0.555952380952381,0.5785714285714286,0.2,0.2,0.2,0.2
db10,db10_amputee_loso,db10_amputee_loso|S107,assist_only,S107,ex1,,840,0.675,0.5726190476190476,0.5928571428571429,0.2,0.2,0.2,0.2
db10,db10_amputee_loso,db10_amputee_loso|S107,confidence_blend_alpha_0.25,S107,ex1,,840,0.6797619047619048,0.5428571428571428,0.5833333333333334,0.2,0.2,0.2,0.2
db10,db10_amputee_loso,db10_amputee_loso|S107,confidence_blend_alpha_0.50,S107,ex1,,840,0.6761904761904762,0.5726190476190476,0.6035714285714285,0.2,0.2,0.2,0.2
db10,db10_amputee_loso,db10_amputee_loso|S107,confidence_blend_alpha_0.75,S107,ex1,,840,0.6738095238095239,0.575,0.6,0.2,0.2,0.2,0.2
db10,db10_amputee_loso,db10_amputee_loso|S107,plain_conf_threshold_matched_tau_0.02,S107,ex1,,840,0.02142857142857143,0.013095238095238096,0.28214285714285714,0.4,0.4,0.6,0.8
db10,db10_amputee_loso,db10_amputee_loso|S107,plain_conf_threshold_matched_tau_0.05,S107,ex1,,840,0.17857142857142858,0.1392857142857143,0.41904761904761906,0.30000000000000004,0.4,0.4,0.4
db10,db10_amputee_loso,db10_amputee_loso|S107,plain_conf_threshold_matched_tau_0.10,S107,ex1,,840,0.425,0.32976190476190476,0.5,0.2,0.2,0.2,0.4
db10,db10_amputee_loso,db10_amputee_loso|S107,plain_conf_threshold_matched_tau_0.15,S107,ex1,,840,0.5190476190476191,0.43452380952380953,0.5392857142857143,0.2,0.2,0.2,0.2
db10,db10_amputee_loso,db10_amputee_loso|S107,plain_conf_threshold_matched_tau_0.20,S107,ex1,,840,0.5488095238095239,0.4642857142857143,0.55,0.2,0.2,0.2,0.2
db10,db10_amputee_loso,db10_amputee_loso|S107,selective_prediction,S107,ex1,,840,0.43452380952380953,0.0880952380952381,0.32142857142857145,0.2,0.2,0.2,0.4
db10,db10_amputee_loso,db10_amputee_loso|S107,set_acsa_tau_0.02,S107,ex1,,840,0.2988095238095238,0.1392857142857143,0.3202380952380952,0.4,0.4,0.4,0.8
db10,db10_amputee_loso,db10_amputee_loso|S107,set_acsa_tau_0.05,S107,ex1,,840,0.5166666666666667,0.2845238095238095,0.3595238095238095,0.2,0.2,0.4,0.6
db10,db10_amputee_loso,db10_amputee_loso|S107,set_acsa_tau_0.10,S107,ex1,,840,0.6357142857142857,0.4226190476190476,0.4595238095238095,0.2,0.2,0.2,0.4
db10,db10_amputee_loso,db10_amputee_loso|S107,set_acsa_tau_0.15,S107,ex1,,840,0.6726190476190477,0.5178571428571429,0.5428571428571428,0.2,0.2,0.2,0.2
db10,db10_amputee_loso,db10_amputee_loso|S107,set_acsa_tau_0.20,S107,ex1,,840,0.675,0.5547619047619048,0.5773809523809523,0.2,0.2,0.2,0.2
db10,db10_amputee_loso,db10_amputee_loso|S107,user_only,S107,ex1,,840,0.0,0.0,0.2571428571428571,,0.4,,
db10,db10_amputee_loso,db10_amputee_loso|S108,agency_margin_tau_0.02,S108,ex1,,840,0.0,0.0,0.05,,0.2,,
db10,db10_amputee_loso,db10_amputee_loso|S108,agency_margin_tau_0.05,S108,ex1,,840,0.0011904761904761906,0.0,0.05,0.8,0.2,0.8,
db10,db10_amputee_loso,db10_amputee_loso|S108,agency_margin_tau_0.10,S108,ex1,,840,0.5035714285714286,0.4880952380952381,0.4880952380952381,0.2,0.2,0.2,0.2
db10,db10_amputee_loso,db10_amputee_loso|S108,agency_margin_tau_0.15,S108,ex1,,840,0.4976190476190476,0.4595238095238095,0.4595238095238095,0.2,0.2,0.2,0.2
db10,db10_amputee_loso,db10_amputee_loso|S108,agency_margin_tau_0.20,S108,ex1,,840,0.4976190476190476,0.4595238095238095,0.4595238095238095,0.2,0.2,0.2,0.2
db10,db10_amputee_loso,db10_amputee_loso|S108,assist_only,S108,ex1,,840,0.4976190476190476,0.4595238095238095,0.4595238095238095,0.2,0.2,0.2,0.2
db10,db10_amputee_loso,db10_amputee_loso|S108,confidence_blend_alpha_0.25,S108,ex1,,840,0.4976190476190476,0.4297619047619048,0.430952380952381,0.2,0.2,0.2,0.2
db10,db10_amputee_loso,db10_amputee_loso|S108,confidence_blend_alpha_0.50,S108,ex1,,840,0.4988095238095238,0.46904761904761905,0.46904761904761905,0.2,0.2,0.2,0.2
db10,db10_amputee_loso,db10_amputee_loso|S108,confidence_blend_alpha_0.75,S108,ex1,,840,0.4976190476190476,0.4642857142857143,0.4642857142857143,0.2,0.2,0.2,0.2
db10,db10_amputee_loso,db10_amputee_loso|S108,plain_conf_threshold_matched_tau_0.02,S108,ex1,,840,0.0,0.0,0.05,0.2,0.2,,
db10,db10_amputee_loso,db10_amputee_loso|S108,plain_conf_threshold_matched_tau_0.05,S108,ex1,,840,0.0,0.0,0.07023809523809524,0.2,0.2,,
db10,db10_amputee_loso,db10_amputee_loso|S108,plain_conf_threshold_matched_tau_0.10,S108,ex1,,840,0.27976190476190477,0.08571428571428572,0.13333333333333333,0.2,0.2,0.2,0.2
db10,db10_amputee_loso,db10_amputee_loso|S108,plain_conf_threshold_matched_tau_0.15,S108,ex1,,840,0.37857142857142856,0.13690476190476192,0.1761904761904762,0.2,0.2,0.2,0.2
db10,db10_amputee_loso,db10_amputee_loso|S108,plain_conf_threshold_matched_tau_0.20,S108,ex1,,840,0.4035714285714286,0.1523809523809524,0.1880952380952381,0.2,0.2,0.2,0.2
db10,db10_amputee_loso,db10_amputee_loso|S108,selective_prediction,S108,ex1,,840,0.24642857142857144,0.0,0.05,0.2,0.2,0.2,
db10,db10_amputee_loso,db10_amputee_loso|S108,set_acsa_tau_0.02,S108,ex1,,840,0.0,0.0,0.05,,0.2,,
db10,db10_amputee_loso,db10_amputee_loso|S108,set_acsa_tau_0.05,S108,ex1,,840,0.0,0.0,0.05,1.0,0.2,,
db10,db10_amputee_loso,db10_amputee_loso|S108,set_acsa_tau_0.10,S108,ex1,,840,0.4976190476190476,0.4595238095238095,0.4595238095238095,0.2,0.2,0.2,0.2
db10,db10_amputee_loso,db10_amputee_loso|S108,set_acsa_tau_0.15,S108,ex1,,840,0.4976190476190476,0.4595238095238095,0.4595238095238095,0.2,0.2,0.2,0.2
db10,db10_amputee_loso,db10_amputee_loso|S108,set_acsa_tau_0.20,S108,ex1,,840,0.4976190476190476,0.4595238095238095,0.4595238095238095,0.2,0.2,0.2,0.2
db10,db10_amputee_loso,db10_amputee_loso|S108,user_only,S108,ex1,,840,0.0,0.0,0.05,,0.2,,
db10,db10_amputee_loso,db10_amputee_loso|S109,agency_margin_tau_0.02,S109,ex1,,840,0.44047619047619047,0.23452380952380952,0.4095238095238095,0.4,0.2,0.4,0.8
db10,db10_amputee_loso,db10_amputee_loso|S109,agency_margin_tau_0.05,S109,ex1,,840,0.7214285714285714,0.44642857142857145,0.5380952380952381,0.2,0.2,0.4,0.6
db10,db10_amputee_loso,db10_amputee_loso|S109,agency_margin_tau_0.10,S109,ex1,,840,0.8071428571428572,0.6476190476190476,0.7107142857142857,0.2,0.2,0.2,0.4
db10,db10_amputee_loso,db10_amputee_loso|S109,agency_margin_tau_0.15,S109,ex1,,840,0.8,0.719047619047619,0.7785714285714286,0.2,0.2,0.2,0.2
db10,db10_amputee_loso,db10_amputee_loso|S109,agency_margin_tau_0.20,S109,ex1,,840,0.8,0.7357142857142858,0.7952380952380952,0.2,0.2,0.2,0.2
db10,db10_amputee_loso,db10_amputee_loso|S109,assist_only,S109,ex1,,840,0.7988095238095239,0.7380952380952381,0.7976190476190477,0.2,0.2,0.2,0.2
db10,db10_amputee_loso,db10_amputee_loso|S109,confidence_blend_alpha_0.25,S109,ex1,,840,0.8130952380952381,0.7297619047619047,0.7904761904761904,0.2,0.2,0.2,0.2
db10,db10_amputee_loso,db10_amputee_loso|S109,confidence_blend_alpha_0.50,S109,ex1,,840,0.8023809523809524,0.7380952380952381,0.7976190476190477,0.2,0.2,0.2,0.2
db10,db10_amputee_loso,db10_amputee_loso|S109,confidence_blend_alpha_0.75,S109,ex1,,840,0.7976190476190477,0.7357142857142858,0.7952380952380952,0.2,0.2,0.2,0.2
db10,db10_amputee_loso,db10_amputee_loso|S109,plain_conf_threshold_matched_tau_0.02,S109,ex1,,840,0.10238095238095238,0.07857142857142857,0.36428571428571427,0.4,0.2,0.6,0.6
db10,db10_amputee_loso,db10_amputee_loso|S109,plain_conf_threshold_matched_tau_0.05,S109,ex1,,840,0.42857142857142855,0.3488095238095238,0.5702380952380952,0.2,0.2,0.4,0.4
db10,db10_amputee_loso,db10_amputee_loso|S109,plain_conf_threshold_matched_tau_0.10,S109,ex1,,840,0.6571428571428571,0.5666666666666667,0.7023809523809523,0.2,0.2,0.2,0.4
db10,db10_amputee_loso,db10_amputee_loso|S109,plain_conf_threshold_matched_tau_0.15,S109,ex1,,840,0.719047619047619,0.6357142857142857,0.7333333333333333,0.2,0.2,0.2,0.2
db10,db10_amputee_loso,db10_amputee_loso|S109,plain_conf_threshold_matched_tau_0.20,S109,ex1,,840,0.7404761904761905,0.6619047619047619,0.7452380952380953,0.2,0.2,0.2,0.2
db10,db10_amputee_loso,db10_amputee_loso|S109,selective_prediction,S109,ex1,,840,0.6488095238095238,0.25357142857142856,0.44761904761904764,0.2,0.2,0.2,0.4
db10,db10_amputee_loso,db10_amputee_loso|S109,set_acsa_tau_0.02,S109,ex1,,840,0.37976190476190474,0.20357142857142857,0.3892857142857143,0.4,0.2,0.4,0.8
db10,db10_amputee_loso,db10_amputee_loso|S109,set_acsa_tau_0.05,S109,ex1,,840,0.6726190476190477,0.425,0.5202380952380953,0.4,0.2,0.4,0.6
db10,db10_amputee_loso,db10_amputee_loso|S109,set_acsa_tau_0.10,S109,ex1,,840,0.7916666666666666,0.6369047619047619,0.7023809523809523,0.2,0.2,0.2,0.4
db10,db10_amputee_loso,db10_amputee_loso|S109,set_acsa_tau_0.15,S109,ex1,,840,0.7988095238095239,0.719047619047619,0.7785714285714286,0.2,0.2,0.2,0.2
db10,db10_amputee_loso,db10_amputee_loso|S109,set_acsa_tau_0.20,S109,ex1,,840,0.7988095238095239,0.7345238095238096,0.794047619047619,0.2,0.2,0.2,0.2
db10,db10_amputee_loso,db10_amputee_loso|S109,user_only,S109,ex1,,840,0.0,0.0,0.26904761904761904,,0.2,,
db10,db10_amputee_loso,db10_amputee_loso|S110,agency_margin_tau_0.02,S110,ex1,,840,0.2619047619047619,0.11190476190476191,0.22857142857142856,0.4,0.4,0.4,0.8
db10,db10_amputee_loso,db10_amputee_loso|S110,agency_margin_tau_0.05,S110,ex1,,840,0.4630952380952381,0.20952380952380953,0.27976190476190477,0.4,0.4,0.4,0.6
db10,db10_amputee_loso,db10_amputee_loso|S110,agency_margin_tau_0.10,S110,ex1,,840,0.5833333333333334,0.2916666666666667,0.3345238095238095,0.2,0.2,0.2,0.6
db10,db10_amputee_loso,db10_amputee_loso|S110,agency_margin_tau_0.15,S110,ex1,,840,0.6345238095238095,0.36904761904761907,0.3904761904761905,0.2,0.2,0.2,0.4
db10,db10_amputee_loso,db10_amputee_loso|S110,agency_margin_tau_0.20,S110,ex1,,840,0.6607142857142857,0.430952380952381,0.4523809523809524,0.2,0.2,0.2,0.2
db10,db10_amputee_loso,db10_amputee_loso|S110,assist_only,S110,ex1,,840,0.6678571428571428,0.45476190476190476,0.4738095238095238,0.2,0.2,0.2,0.2
db10,db10_amputee_loso,db10_amputee_loso|S110,confidence_blend_alpha_0.25,S110,ex1,,840,0.6238095238095238,0.39404761904761904,0.4238095238095238,0.2,0.2,0.2,0.2
db10,db10_amputee_loso,db10_amputee_loso|S110,confidence_blend_alpha_0.50,S110,ex1,,840,0.6666666666666666,0.44761904761904764,0.46904761904761905,0.2,0.2,0.2,0.2
db10,db10_amputee_loso,db10_amputee_loso|S110,confidence_blend_alpha_0.75,S110,ex1,,840,0.6678571428571428,0.45714285714285713,0.475,0.2,0.2,0.2,0.2
db10,db10_amputee_loso,db10_amputee_loso|S110,plain_conf_threshold_matched_tau_0.02,S110,ex1,,840,0.02857142857142857,0.009523809523809525,0.1976190476190476,0.2,0.4,0.6,0.5
db10,db10_amputee_loso,db10_amputee_loso|S110,plain_conf_threshold_matched_tau_0.05,S110,ex1,,840,0.175,0.09761904761904762,0.2892857142857143,0.2,0.2,0.4,0.4
db10,db10_amputee_loso,db10_amputee_loso|S110,plain_conf_threshold_matched_tau_0.10,S110,ex1,,840,0.39285714285714285,0.24642857142857144,0.35,0.2,0.2,0.2,0.4
db10,db10_amputee_loso,db10_amputee_loso|S110,plain_conf_threshold_matched_tau_0.15,S110,ex1,,840,0.49523809523809526,0.30952380952380953,0.37857142857142856,0.2,0.2,0.2,0.30000000000000004
db10,db10_amputee_loso,db10_amputee_loso|S110,plain_conf_threshold_matched_tau_0.20,S110,ex1,,840,0.5416666666666666,0.34523809523809523,0.3869047619047619,0.2,0.2,0.2,0.2
db10,db10_amputee_loso,db10_amputee_loso|S110,selective_prediction,S110,ex1,,840,0.4666666666666667,0.08452380952380953,0.23214285714285715,0.2,0.2,0.2,0.4
db10,db10_amputee_loso,db10_amputee_loso|S110,set_acsa_tau_0.02,S110,ex1,,840,0.2011904761904762,0.08214285714285714,0.2154761904761905,0.4,0.4,0.4,0.8
db10,db10_amputee_loso,db10_amputee_loso|S110,set_acsa_tau_0.05,S110,ex1,,840,0.3761904761904762,0.16547619047619047,0.25595238095238093,0.4,0.4,0.4,0.6
db10,db10_amputee_loso,db10_amputee_loso|S110,set_acsa_tau_0.10,S110,ex1,,840,0.5464285714285714,0.28095238095238095,0.325,0.2,0.2,0.2,0.6
db10,db10_amputee_loso,db10_amputee_loso|S110,set_acsa_tau_0.15,S110,ex1,,840,0.6273809523809524,0.36666666666666664,0.3892857142857143,0.2,0.2,0.2,0.4
db10,db10_amputee_loso,db10_amputee_loso|S110,set_acsa_tau_0.20,S110,ex1,,840,0.6607142857142857,0.42857142857142855,0.45,0.2,0.2,0.2,0.2
db10,db10_amputee_loso,db10_amputee_loso|S110,user_only,S110,ex1,,840,0.0,0.0,0.1761904761904762,,0.4,,
db10,db10_amputee_loso,db10_amputee_loso|S111,agency_margin_tau_0.02,S111,ex1,,840,0.38571428571428573,0.1976190476190476,0.35714285714285715,0.4,0.4,0.4,0.8
db10,db10_amputee_loso,db10_amputee_loso|S111,agency_margin_tau_0.05,S111,ex1,,840,0.6226190476190476,0.36547619047619045,0.4714285714285714,0.2,0.2,0.4,0.6
db10,db10_amputee_loso,db10_amputee_loso|S111,agency_margin_tau_0.10,S111,ex1,,840,0.7869047619047619,0.5773809523809523,0.6440476190476191,0.2,0.2,0.2,0.4
db10,db10_amputee_loso,db10_amputee_loso|S111,agency_margin_tau_0.15,S111,ex1,,840,0.8142857142857143,0.680952380952381,0.7357142857142858,0.2,0.2,0.2,0.2
db10,db10_amputee_loso,db10_amputee_loso|S111,agency_margin_tau_0.20,S111,ex1,,840,0.8166666666666667,0.6928571428571428,0.7452380952380953,0.2,0.2,0.2,0.2
db10,db10_amputee_loso,db10_amputee_loso|S111,assist_only,S111,ex1,,840,0.8166666666666667,0.6952380952380952,0.7464285714285714,0.2,0.2,0.2,0.2
db10,db10_amputee_loso,db10_amputee_loso|S111,confidence_blend_alpha_0.25,S111,ex1,,840,0.7821428571428571,0.6702380952380952,0.7321428571428571,0.2,0.2,0.2,0.2
db10,db10_amputee_loso,db10_amputee_loso|S111,confidence_blend_alpha_0.50,S111,ex1,,840,0.8071428571428572,0.6952380952380952,0.7488095238095238,0.2,0.2,0.2,0.2
db10,db10_amputee_loso,db10_amputee_loso|S111,confidence_blend_alpha_0.75,S111,ex1,,840,0.8119047619047619,0.694047619047619,0.7464285714285714,0.2,0.2,0.2,0.2
db10,db10_amputee_loso,db10_amputee_loso|S111,plain_conf_threshold_matched_tau_0.02,S111,ex1,,840,0.02142857142857143,0.02023809523809524,0.29404761904761906,0.4,0.4,0.6,0.6
db10,db10_amputee_loso,db10_amputee_loso|S111,plain_conf_threshold_matched_tau_0.05,S111,ex1,,840,0.21904761904761905,0.18571428571428572,0.47023809523809523,0.30000000000000004,0.2,0.6,0.6
db10,db10_amputee_loso,db10_amputee_loso|S111,plain_conf_threshold_matched_tau_0.10,S111,ex1,,840,0.5261904761904762,0.4357142857142857,0.6,0.2,0.2,0.4,0.4
db10,db10_amputee_loso,db10_amputee_loso|S111,plain_conf_threshold_matched_tau_0.15,S111,ex1,,840,0.638095238095238,0.530952380952381,0.6488095238095238,0.2,0.2,0.2,0.2
db10,db10_amputee_loso,db10_amputee_loso|S111,plain_conf_threshold_matched_tau_0.20,S111,ex1,,840,0.6619047619047619,0.5511904761904762,0.6630952380952381,0.2,0.2,0.2,0.2
db10,db10_amputee_loso,db10_amputee_loso|S111,selective_prediction,S111,ex1,,840,0.5357142857142857,0.13095238095238096,0.36428571428571427,0.2,0.2,0.2,0.4
db10,db10_amputee_loso,db10_amputee_loso|S111,set_acsa_tau_0.02,S111,ex1,,840,0.3464285714285714,0.1761904761904762,0.35,0.4,0.4,0.4,0.8
db10,db10_amputee_loso,db10_amputee_loso|S111,set_acsa_tau_0.05,S111,ex1,,840,0.5976190476190476,0.3523809523809524,0.46190476190476193,0.2,0.2,0.2,0.6
db10,db10_amputee_loso,db10_amputee_loso|S111,set_acsa_tau_0.10,S111,ex1,,840,0.780952380952381,0.575,0.6416666666666667,0.2,0.2,0.2,0.4
db10,db10_amputee_loso,db10_amputee_loso|S111,set_acsa_tau_0.15,S111,ex1,,840,0.8142857142857143,0.680952380952381,0.7357142857142858,0.2,0.2,0.2,0.2
db10,db10_amputee_loso,db10_amputee_loso|S111,set_acsa_tau_0.20,S111,ex1,,840,0.8166666666666667,0.6928571428571428,0.7452380952380953,0.2,0.2,0.2,0.2
db10,db10_amputee_loso,db10_amputee_loso|S111,user_only,S111,ex1,,840,0.0,0.0,0.2654761904761905,,0.4,,
db10,db10_amputee_loso,db10_amputee_loso|S112,agency_margin_tau_0.02,S112,ex1,,840,0.5904761904761905,0.3869047619047619,0.513095238095238,0.4,0.2,0.4,0.6
db10,db10_amputee_loso,db10_amputee_loso|S112,agency_margin_tau_0.05,S112,ex1,,840,0.7083333333333334,0.4869047619047619,0.5630952380952381,0.2,0.2,0.2,0.4
db10,db10_amputee_loso,db10_amputee_loso|S112,agency_margin_tau_0.10,S112,ex1,,840,0.7380952380952381,0.6166666666666667,0.680952380952381,0.2,0.2,0.2,0.4
db10,db10_amputee_loso,db10_amputee_loso|S112,agency_margin_tau_0.15,S112,ex1,,840,0.7321428571428571,0.6607142857142857,0.719047619047619,0.2,0.2,0.2,0.2
db10,db10_amputee_loso,db10_amputee_loso|S112,agency_margin_tau_0.20,S112,ex1,,840,0.7333333333333333,0.6678571428571428,0.7261904761904762,0.2,0.2,0.2,0.2
db10,db10_amputee_loso,db10_amputee_loso|S112,assist_only,S112,ex1,,840,0.7333333333333333,0.6702380952380952,0.7285714285714285,0.2,0.2,0.2,0.2
db10,db10_amputee_loso,db10_amputee_loso|S112,confidence_blend_alpha_0.25,S112,ex1,,840,0.7273809523809524,0.6642857142857143,0.7333333333333333,0.2,0.2,0.2,0.2
db10,db10_amputee_loso,db10_amputee_loso|S112,confidence_blend_alpha_0.50,S112,ex1,,840,0.7321428571428571,0.6738095238095239,0.7357142857142858,0.2,0.2,0.2,0.2
db10,db10_amputee_loso,db10_amputee_loso|S112,confidence_blend_alpha_0.75,S112,ex1,,840,0.7333333333333333,0.6726190476190477,0.7345238095238096,0.2,0.2,0.2,0.2
db10,db10_amputee_loso,db10_amputee_loso|S112,plain_conf_threshold_matched_tau_0.02,S112,ex1,,840,0.08571428571428572,0.06428571428571428,0.4238095238095238,0.4,0.2,0.4,0.6
db10,db10_amputee_loso,db10_amputee_loso|S112,plain_conf_threshold_matched_tau_0.05,S112,ex1,,840,0.3392857142857143,0.28095238095238095,0.575,0.4,0.2,0.4,0.4
db10,db10_amputee_loso,db10_amputee_loso|S112,plain_conf_threshold_matched_tau_0.10,S112,ex1,,840,0.5380952380952381,0.4797619047619048,0.6583333333333333,0.2,0.2,0.4,0.4
db10,db10_amputee_loso,db10_amputee_loso|S112,plain_conf_threshold_matched_tau_0.15,S112,ex1,,840,0.6142857142857143,0.5547619047619048,0.6869047619047619,0.2,0.2,0.2,0.2
db10,db10_amputee_loso,db10_amputee_loso|S112,plain_conf_threshold_matched_tau_0.20,S112,ex1,,840,0.6357142857142857,0.575,0.6964285714285714,0.2,0.2,0.2,0.2
db10,db10_amputee_loso,db10_amputee_loso|S112,selective_prediction,S112,ex1,,840,0.525,0.2,0.4988095238095238,0.4,0.2,0.2,0.4
db10,db10_amputee_loso,db10_amputee_loso|S112,set_acsa_tau_0.02,S112,ex1,,840,0.5142857142857142,0.3416666666666667,0.48928571428571427,0.4,0.2,0.4,0.6
db10,db10_amputee_loso,db10_amputee_loso|S112,set_acsa_tau_0.05,S112,ex1,,840,0.6785714285714286,0.46785714285714286,0.5476190476190477,0.2,0.2,0.2,0.4
db10,db10_amputee_loso,db10_amputee_loso|S112,set_acsa_tau_0.10,S112,ex1,,840,0.7297619047619047,0.6130952380952381,0.6785714285714286,0.2,0.2,0.2,0.4
db10,db10_amputee_loso,db10_amputee_loso|S112,set_acsa_tau_0.15,S112,ex1,,840,0.7321428571428571,0.6607142857142857,0.719047619047619,0.2,0.2,0.2,0.2
db10,db10_amputee_loso,db10_amputee_loso|S112,set_acsa_tau_0.20,S112,ex1,,840,0.7333333333333333,0.6678571428571428,0.7261904761904762,0.2,0.2,0.2,0.2
db10,db10_amputee_loso,db10_amputee_loso|S112,user_only,S112,ex1,,840,0.0,0.0,0.36666666666666664,,0.2,,
db10,db10_amputee_loso,db10_amputee_loso|S113,agency_margin_tau_0.02,S113,ex1,,840,0.3630952380952381,0.18214285714285713,0.46190476190476193,0.4,0.2,0.4,0.8
db10,db10_amputee_loso,db10_amputee_loso|S113,agency_margin_tau_0.05,S113,ex1,,840,0.49047619047619045,0.2619047619047619,0.4023809523809524,0.2,0.2,0.4,0.8
db10,db10_amputee_loso,db10_amputee_loso|S113,agency_margin_tau_0.10,S113,ex1,,840,0.48928571428571427,0.325,0.41309523809523807,0.2,0.2,0.2,0.2
db10,db10_amputee_loso,db10_amputee_loso|S113,agency_margin_tau_0.15,S113,ex1,,840,0.49404761904761907,0.39880952380952384,0.48095238095238096,0.2,0.2,0.2,0.2
db10,db10_amputee_loso,db10_amputee_loso|S113,agency_margin_tau_0.20,S113,ex1,,840,0.49404761904761907,0.40595238095238095,0.4880952380952381,0.2,0.2,0.2,0.2
db10,db10_amputee_loso,db10_amputee_loso|S113,assist_only,S113,ex1,,840,0.49523809523809526,0.40714285714285714,0.48928571428571427,0.2,0.2,0.2,0.2
db10,db10_amputee_loso,db10_amputee_loso|S113,confidence_blend_alpha_0.25,S113,ex1,,840,0.5107142857142857,0.39404761904761904,0.4976190476190476,0.2,0.2,0.2,0.2
db10,db10_amputee_loso,db10_amputee_loso|S113,confidence_blend_alpha_0.50,S113,ex1,,840,0.49642857142857144,0.4035714285714286,0.49523809523809526,0.2,0.2,0.2,0.2
db10,db10_amputee_loso,db10_amputee_loso|S113,confidence_blend_alpha_0.75,S113,ex1,,840,0.49642857142857144,0.4083333333333333,0.4928571428571429,0.2,0.2,0.2,0.2
db10,db10_amputee_loso,db10_amputee_loso|S113,plain_conf_threshold_matched_tau_0.02,S113,ex1,,840,0.0,0.0,0.4035714285714286,0.2,0.2,,
db10,db10_amputee_loso,db10_amputee_loso|S113,plain_conf_threshold_matched_tau_0.05,S113,ex1,,840,0.10714285714285714,0.06904761904761905,0.4452380952380952,0.2,0.2,0.2,0.4
db10,db10_amputee_loso,db10_amputee_loso|S113,plain_conf_threshold_matched_tau_0.10,S113,ex1,,840,0.28095238095238095,0.19642857142857142,0.4738095238095238,0.2,0.2,0.2,0.2
db10,db10_amputee_loso,db10_amputee_loso|S113,plain_conf_threshold_matched_tau_0.15,S113,ex1,,840,0.3607142857142857,0.28214285714285714,0.5023809523809524,0.2,0.2,0.2,0.2
db10,db10_amputee_loso,db10_amputee_loso|S113,plain_conf_threshold_matched_tau_0.20,S113,ex1,,840,0.38095238095238093,0.305952380952381,0.5071428571428571,0.2,0.2,0.2,0.2
db10,db10_amputee_loso,db10_amputee_loso|S113,selective_prediction,S113,ex1,,840,0.2773809523809524,0.011904761904761904,0.40714285714285714,0.2,0.2,0.2,0.6
db10,db10_amputee_loso,db10_amputee_loso|S113,set_acsa_tau_0.02,S113,ex1,,840,0.20476190476190476,0.0880952380952381,0.425,0.4,0.2,0.4,0.8
db10,db10_amputee_loso,db10_amputee_loso|S113,set_acsa_tau_0.05,S113,ex1,,840,0.39285714285714285,0.2154761904761905,0.375,0.2,0.2,0.2,0.8
db10,db10_amputee_loso,db10_amputee_loso|S113,set_acsa_tau_0.10,S113,ex1,,840,0.475,0.319047619047619,0.40714285714285714,0.2,0.2,0.2,0.2
db10,db10_amputee_loso,db10_amputee_loso|S113,set_acsa_tau_0.15,S113,ex1,,840,0.4928571428571429,0.3976190476190476,0.4797619047619048,0.2,0.2,0.2,0.2
db10,db10_amputee_loso,db10_amputee_loso|S113,set_acsa_tau_0.20,S113,ex1,,840,0.49404761904761907,0.40595238095238095,0.4880952380952381,0.2,0.2,0.2,0.2
db10,db10_amputee_loso,db10_amputee_loso|S113,user_only,S113,ex1,,840,0.0,0.0,0.4023809523809524,,0.2,,
db10,db10_amputee_loso,db10_amputee_loso|S114,agency_margin_tau_0.02,S114,ex1,,840,0.3142857142857143,0.1380952380952381,0.2654761904761905,0.6,0.4,0.4,0.8
db10,db10_amputee_loso,db10_amputee_loso|S114,agency_margin_tau_0.05,S114,ex1,,840,0.5619047619047619,0.28809523809523807,0.3726190476190476,0.4,0.2,0.4,0.6
db10,db10_amputee_loso,db10_amputee_loso|S114,agency_margin_tau_0.10,S114,ex1,,840,0.7380952380952381,0.4666666666666667,0.5047619047619047,0.2,0.2,0.2,0.6
db10,db10_amputee_loso,db10_amputee_loso|S114,agency_margin_tau_0.15,S114,ex1,,840,0.7678571428571429,0.5845238095238096,0.6059523809523809,0.2,0.2,0.2,0.2
db10,db10_amputee_loso,db10_amputee_loso|S114,agency_margin_tau_0.20,S114,ex1,,840,0.780952380952381,0.6142857142857143,0.6273809523809524,0.2,0.2,0.2,0.2
db10,db10_amputee_loso,db10_amputee_loso|S114,assist_only,S114,ex1,,840,0.7976190476190477,0.6892857142857143,0.7011904761904761,0.2,0.2,0.2,0.2
db10,db10_amputee_loso,db10_amputee_loso|S114,confidence_blend_alpha_0.25,S114,ex1,,840,0.7642857142857142,0.5654761904761905,0.6047619047619047,0.2,0.2,0.2,0.2
db10,db10_amputee_loso,db10_amputee_loso|S114,confidence_blend_alpha_0.50,S114,ex1,,840,0.794047619047619,0.6607142857142857,0.6857142857142857,0.2,0.2,0.2,0.2
db10,db10_amputee_loso,db10_amputee_loso|S114,confidence_blend_alpha_0.75,S114,ex1,,840,0.8,0.6892857142857143,0.705952380952381,0.2,0.2,0.2,0.2
db10,db10_amputee_loso,db10_amputee_loso|S114,plain_conf_threshold_matched_tau_0.02,S114,ex1,,840,0.0,0.0,0.19642857142857142,,0.4,,
db10,db10_amputee_loso,db10_amputee_loso|S114,plain_conf_threshold_matched_tau_0.05,S114,ex1,,840,0.0630952380952381,0.030952380952380953,0.22380952380952382,0.4,0.4,0.4,0.8
db10,db10_amputee_loso,db10_amputee_loso|S114,plain_conf_threshold_matched_tau_0.10,S114,ex1,,840,0.33095238095238094,0.20238095238095238,0.38571428571428573,0.2,0.2,0.4,0.4
db10,db10_amputee_loso,db10_amputee_loso|S114,plain_conf_threshold_matched_tau_0.15,S114,ex1,,840,0.49404761904761907,0.3404761904761905,0.47023809523809523,0.2,0.2,0.2,0.2
db10,db10_amputee_loso,db10_amputee_loso|S114,plain_conf_threshold_matched_tau_0.20,S114,ex1,,840,0.5523809523809524,0.3892857142857143,0.5011904761904762,0.2,0.2,0.2,0.2
db10,db10_amputee_loso,db10_amputee_loso|S114,selective_prediction,S114,ex1,,840,0.35833333333333334,0.0035714285714285713,0.1976190476190476,0.2,0.2,0.2,0.4
db10,db10_amputee_loso,db10_amputee_loso|S114,set_acsa_tau_0.02,S114,ex1,,840,0.23809523809523808,0.1,0.25,0.6,0.4,0.6,0.8
db10,db10_amputee_loso,db10_amputee_loso|S114,set_acsa_tau_0.05,S114,ex1,,840,0.475,0.23333333333333334,0.33690476190476193,0.4,0.2,0.4,0.8
db10,db10_amputee_loso,db10_amputee_loso|S114,set_acsa_tau_0.10,S114,ex1,,840,0.6880952380952381,0.44166666666666665,0.48333333333333334,0.2,0.2,0.2,0.6
db10,db10_amputee_loso,db10_amputee_loso|S114,set_acsa_tau_0.15,S114,ex1,,840,0.7619047619047619,0.580952380952381,0.6023809523809524,0.2,0.2,0.2,0.2
db10,db10_amputee_loso,db10_amputee_loso|S114,set_acsa_tau_0.20,S114,ex1,,840,0.780952380952381,0.6142857142857143,0.6273809523809524,0.2,0.2,0.2,0.2
db10,db10_amputee_loso,db10_amputee_loso|S114,user_only,S114,ex1,,840,0.0,0.0,0.19642857142857142,,0.4,,
db10,db10_amputee_loso,db10_amputee_loso|S115,agency_margin_tau_0.02,S115,ex1,,840,0.017857142857142856,0.0035714285714285713,0.06785714285714285,0.6,0.4,0.4,1.0
db10,db10_amputee_loso,db10_amputee_loso|S115,agency_margin_tau_0.05,S115,ex1,,840,0.016666666666666666,0.005952380952380952,0.055952380952380955,0.4,0.4,0.30000000000000004,0.8
db10,db10_amputee_loso,db10_amputee_loso|S115,agency_margin_tau_0.10,S115,ex1,,840,0.034523809523809526,0.013095238095238096,0.03571428571428571,0.2,0.4,0.4,0.4
db10,db10_amputee_loso,db10_amputee_loso|S115,agency_margin_tau_0.15,S115,ex1,,840,0.05119047619047619,0.04047619047619048,0.047619047619047616,0.2,0.2,0.2,0.4
db10,db10_amputee_loso,db10_amputee_loso|S115,agency_margin_tau_0.20,S115,ex1,,840,0.05238095238095238,0.04880952380952381,0.04880952380952381,0.2,0.2,0.2,0.2
db10,db10_amputee_loso,db10_amputee_loso|S115,assist_only,S115,ex1,,840,0.05238095238095238,0.05119047619047619,0.05119047619047619,0.2,0.2,0.2,0.2
db10,db10_amputee_loso,db10_amputee_loso|S115,confidence_blend_alpha_0.25,S115,ex1,,840,0.05714285714285714,0.023809523809523808,0.04523809523809524,0.2,0.4,0.4,0.7
db10,db10_amputee_loso,db10_amputee_loso|S115,confidence_blend_alpha_0.50,S115,ex1,,840,0.05119047619047619,0.05,0.05,0.2,0.2,0.2,0.2
db10,db10_amputee_loso,db10_amputee_loso|S115,confidence_blend_alpha_0.75,S115,ex1,,840,0.05119047619047619,0.05,0.05,0.2,0.2,0.2,0.2
db10,db10_amputee_loso,db10_amputee_loso|S115,plain_conf_threshold_matched_tau_0.02,S115,ex1,,840,0.0,0.0,0.07142857142857142,,0.4,,
db10,db10_amputee_loso,db10_amputee_loso|S115,plain_conf_threshold_matched_tau_0.05,S115,ex1,,840,0.0,0.0,0.07142857142857142,0.4,0.4,,
db10,db10_amputee_loso,db10_amputee_loso|S115,plain_conf_threshold_matched_tau_0.10,S115,ex1,,840,0.0,0.0,0.07142857142857142,0.2,0.4,,
db10,db10_amputee_loso,db10_amputee_loso|S115,plain_conf_threshold_matched_tau_0.15,S115,ex1,,840,0.0,0.0,0.07142857142857142,0.2,0.4,,
db10,db10_amputee_loso,db10_amputee_loso|S115,plain_conf_threshold_matched_tau_0.20,S115,ex1,,840,0.002380952380952381,0.0011904761904761906,0.07261904761904762,0.6,0.4,0.7,1.0
db10,db10_amputee_loso,db10_amputee_loso|S115,selective_prediction,S115,ex1,,840,0.0,0.0,0.07142857142857142,0.2,0.4,,
db10,db10_amputee_loso,db10_amputee_loso|S115,set_acsa_tau_0.02,S115,ex1,,840,0.005952380952380952,0.0,0.06785714285714285,0.4,0.4,0.4,
db10,db10_amputee_loso,db10_amputee_loso|S115,set_acsa_tau_0.05,S115,ex1,,840,0.009523809523809525,0.002380952380952381,0.05952380952380952,0.4,0.4,0.2,0.9
db10,db10_amputee_loso,db10_amputee_loso|S115,set_acsa_tau_0.10,S115,ex1,,840,0.034523809523809526,0.013095238095238096,0.036904761904761905,0.2,0.4,0.4,0.4
db10,db10_amputee_loso,db10_amputee_loso|S115,set_acsa_tau_0.15,S115,ex1,,840,0.05119047619047619,0.04047619047619048,0.047619047619047616,0.2,0.2,0.2,0.4
db10,db10_amputee_loso,db10_amputee_loso|S115,set_acsa_tau_0.20,S115,ex1,,840,0.05238095238095238,0.04880952380952381,0.04880952380952381,0.2,0.2,0.2,0.2
db10,db10_amputee_loso,db10_amputee_loso|S115,user_only,S115,ex1,,840,0.0,0.0,0.07142857142857142,,0.4,,
db10,db10_mixed_to_amputee,db10_mixed_to_amputee|S101,agency_margin_tau_0.02,S101,ex1,,840,0.425,0.2833333333333333,0.5238095238095238,0.4,0.2,0.4,0.6
db10,db10_mixed_to_amputee,db10_mixed_to_amputee|S101,agency_margin_tau_0.05,S101,ex1,,840,0.6392857142857142,0.41309523809523807,0.594047619047619,0.2,0.2,0.4,0.4
db10,db10_mixed_to_amputee,db10_mixed_to_amputee|S101,agency_margin_tau_0.10,S101,ex1,,840,0.7309523809523809,0.5261904761904762,0.6821428571428572,0.2,0.2,0.2,0.4
db10,db10_mixed_to_amputee,db10_mixed_to_amputee|S101,agency_margin_tau_0.15,S101,ex1,,840,0.7416666666666667,0.6190476190476191,0.7583333333333333,0.2,0.2,0.2,0.2
db10,db10_mixed_to_amputee,db10_mixed_to_amputee|S101,agency_margin_tau_0.20,S101,ex1,,840,0.736904761904762,0.6488095238095238,0.7833333333333333,0.2,0.2,0.2,0.2
db10,db10_mixed_to_amputee,db10_mixed_to_amputee|S101,assist_only,S101,ex1,,840,0.736904761904762,0.6666666666666666,0.7988095238095239,0.2,0.2,0.2,0.2
db10,db10_mixed_to_amputee,db10_mixed_to_amputee|S101,confidence_blend_alpha_0.25,S101,ex1,,840,0.7464285714285714,0.6785714285714286,0.8214285714285714,0.2,0.2,0.2,0.2
db10,db10_mixed_to_amputee,db10_mixed_to_amputee|S101,confidence_blend_alpha_0.50,S101,ex1,,840,0.7380952380952381,0.6714285714285714,0.805952380952381,0.2,0.2,0.2,0.2
db10,db10_mixed_to_amputee,db10_mixed_to_amputee|S101,confidence_blend_alpha_0.75,S101,ex1,,840,0.7333333333333333,0.6678571428571428,0.8,0.2,0.2,0.2,0.2
db10,db10_mixed_to_amputee,db10_mixed_to_amputee|S101,plain_conf_threshold_matched_tau_0.02,S101,ex1,,840,0.20238095238095238,0.19404761904761905,0.6773809523809524,0.4,0.2,0.6,0.6
db10,db10_mixed_to_amputee,db10_mixed_to_amputee|S101,plain_conf_threshold_matched_tau_0.05,S101,ex1,,840,0.42857142857142855,0.3976190476190476,0.7571428571428571,0.2,0.2,0.4,0.4
db10,db10_mixed_to_amputee,db10_mixed_to_amputee|S101,plain_conf_threshold_matched_tau_0.10,S101,ex1,,840,0.5904761904761905,0.55,0.7869047619047619,0.2,0.2,0.2,0.2
db10,db10_mixed_to_amputee,db10_mixed_to_amputee|S101,plain_conf_threshold_matched_tau_0.15,S101,ex1,,840,0.6595238095238095,0.6059523809523809,0.7964285714285714,0.2,0.2,0.2,0.2
db10,db10_mixed_to_amputee,db10_mixed_to_amputee|S101,plain_conf_threshold_matched_tau_0.20,S101,ex1,,840,0.675,0.6261904761904762,0.7988095238095239,0.2,0.2,0.2,0.2
db10,db10_mixed_to_amputee,db10_mixed_to_amputee|S101,selective_prediction,S101,ex1,,840,0.611904761904762,0.40595238095238095,0.7071428571428572,0.2,0.2,0.2,0.4
db10,db10_mixed_to_amputee,db10_mixed_to_amputee|S101,set_acsa_tau_0.02,S101,ex1,,840,0.3738095238095238,0.2523809523809524,0.5166666666666667,0.4,0.2,0.4,0.6
db10,db10_mixed_to_amputee,db10_mixed_to_amputee|S101,set_acsa_tau_0.05,S101,ex1,,840,0.6083333333333333,0.39404761904761904,0.5821428571428572,0.2,0.2,0.4,0.4
db10,db10_mixed_to_amputee,db10_mixed_to_amputee|S101,set_acsa_tau_0.10,S101,ex1,,840,0.705952380952381,0.5095238095238095,0.669047619047619,0.2,0.2,0.2,0.4
db10,db10_mixed_to_amputee,db10_mixed_to_amputee|S101,set_acsa_tau_0.15,S101,ex1,,840,0.7309523809523809,0.6130952380952381,0.7535714285714286,0.2,0.2,0.2,0.2
db10,db10_mixed_to_amputee,db10_mixed_to_amputee|S101,set_acsa_tau_0.20,S101,ex1,,840,0.7357142857142858,0.6488095238095238,0.7833333333333333,0.2,0.2,0.2,0.2
db10,db10_mixed_to_amputee,db10_mixed_to_amputee|S101,user_only,S101,ex1,,840,0.0,0.0,0.44166666666666665,,0.2,,
db10,db10_mixed_to_amputee,db10_mixed_to_amputee|S102,agency_margin_tau_0.02,S102,ex1,,840,0.4095238095238095,0.21071428571428572,0.44047619047619047,0.4,0.2,0.4,0.6
db10,db10_mixed_to_amputee,db10_mixed_to_amputee|S102,agency_margin_tau_0.05,S102,ex1,,840,0.6226190476190476,0.3464285714285714,0.4785714285714286,0.2,0.2,0.2,0.6
db10,db10_mixed_to_amputee,db10_mixed_to_amputee|S102,agency_margin_tau_0.10,S102,ex1,,840,0.6833333333333333,0.4726190476190476,0.575,0.2,0.2,0.2,0.4
db10,db10_mixed_to_amputee,db10_mixed_to_amputee|S102,agency_margin_tau_0.15,S102,ex1,,840,0.7,0.544047619047619,0.6428571428571429,0.2,0.2,0.2,0.2
db10,db10_mixed_to_amputee,db10_mixed_to_amputee|S102,agency_margin_tau_0.20,S102,ex1,,840,0.7011904761904761,0.5916666666666667,0.6904761904761905,0.2,0.2,0.2,0.2
db10,db10_mixed_to_amputee,db10_mixed_to_amputee|S102,assist_only,S102,ex1,,840,0.7023809523809523,0.6047619047619047,0.7,0.2,0.2,0.2,0.2
db10,db10_mixed_to_amputee,db10_mixed_to_amputee|S102,confidence_blend_alpha_0.25,S102,ex1,,840,0.7083333333333334,0.5738095238095238,0.6916666666666667,0.2,0.2,0.2,0.2
db10,db10_mixed_to_amputee,db10_mixed_to_amputee|S102,confidence_blend_alpha_0.50,S102,ex1,,840,0.7107142857142857,0.6047619047619047,0.7047619047619048,0.2,0.2,0.2,0.2
db10,db10_mixed_to_amputee,db10_mixed_to_amputee|S102,confidence_blend_alpha_0.75,S102,ex1,,840,0.7071428571428572,0.6047619047619047,0.7035714285714286,0.2,0.2,0.2,0.2
db10,db10_mixed_to_amputee,db10_mixed_to_amputee|S102,plain_conf_threshold_matched_tau_0.02,S102,ex1,,840,0.11904761904761904,0.09404761904761905,0.45714285714285713,0.4,0.2,0.6,0.6
db10,db10_mixed_to_amputee,db10_mixed_to_amputee|S102,plain_conf_threshold_matched_tau_0.05,S102,ex1,,840,0.35595238095238096,0.2714285714285714,0.5773809523809523,0.2,0.2,0.2,0.4
db10,db10_mixed_to_amputee,db10_mixed_to_amputee|S102,plain_conf_threshold_matched_tau_0.10,S102,ex1,,840,0.5428571428571428,0.4488095238095238,0.6583333333333333,0.2,0.2,0.2,0.2
db10,db10_mixed_to_amputee,db10_mixed_to_amputee|S102,plain_conf_threshold_matched_tau_0.15,S102,ex1,,840,0.6071428571428571,0.5011904761904762,0.6630952380952381,0.2,0.2,0.2,0.2
db10,db10_mixed_to_amputee,db10_mixed_to_amputee|S102,plain_conf_threshold_matched_tau_0.20,S102,ex1,,840,0.6309523809523809,0.5190476190476191,0.6714285714285714,0.2,0.2,0.2,0.2
db10,db10_mixed_to_amputee,db10_mixed_to_amputee|S102,selective_prediction,S102,ex1,,840,0.5523809523809524,0.2261904761904762,0.5107142857142857,0.2,0.2,0.2,0.4
db10,db10_mixed_to_amputee,db10_mixed_to_amputee|S102,set_acsa_tau_0.02,S102,ex1,,840,0.3416666666666667,0.16904761904761906,0.42142857142857143,0.4,0.2,0.4,0.6
db10,db10_mixed_to_amputee,db10_mixed_to_amputee|S102,set_acsa_tau_0.05,S102,ex1,,840,0.5833333333333334,0.3261904761904762,0.4666666666666667,0.2,0.2,0.2,0.5
db10,db10_mixed_to_amputee,db10_mixed_to_amputee|S102,set_acsa_tau_0.10,S102,ex1,,840,0.6702380952380952,0.4595238095238095,0.5678571428571428,0.2,0.2,0.2,0.4
db10,db10_mixed_to_amputee,db10_mixed_to_amputee|S102,set_acsa_tau_0.15,S102,ex1,,840,0.6952380952380952,0.5416666666666666,0.6416666666666667,0.2,0.2,0.2,0.2
db10,db10_mixed_to_amputee,db10_mixed_to_amputee|S102,set_acsa_tau_0.20,S102,ex1,,840,0.7,0.5916666666666667,0.6904761904761905,0.2,0.2,0.2,0.2
db10,db10_mixed_to_amputee,db10_mixed_to_amputee|S102,user_only,S102,ex1,,840,0.0,0.0,0.36428571428571427,,0.2,,
db10,db10_mixed_to_amputee,db10_mixed_to_amputee|S103,agency_margin_tau_0.02,S103,ex1,,840,0.5059523809523809,0.2714285714285714,0.47023809523809523,0.4,0.2,0.4,0.8
db10,db10_mixed_to_amputee,db10_mixed_to_amputee|S103,agency_margin_tau_0.05,S103,ex1,,840,0.675,0.4154761904761905,0.5369047619047619,0.2,0.2,0.4,0.6
db10,db10_mixed_to_amputee,db10_mixed_to_amputee|S103,agency_margin_tau_0.10,S103,ex1,,840,0.7142857142857143,0.5476190476190477,0.638095238095238,0.2,0.2,0.2,0.4
db10,db10_mixed_to_amputee,db10_mixed_to_amputee|S103,agency_margin_tau_0.15,S103,ex1,,840,0.7214285714285714,0.6178571428571429,0.7,0.2,0.2,0.2,0.2
db10,db10_mixed_to_amputee,db10_mixed_to_amputee|S103,agency_margin_tau_0.20,S103,ex1,,840,0.719047619047619,0.6428571428571429,0.725,0.2,0.2,0.2,0.2
db10,db10_mixed_to_amputee,db10_mixed_to_amputee|S103,assist_only,S103,ex1,,840,0.7261904761904762,0.6523809523809524,0.7345238095238096,0.2,0.2,0.2,0.2
db10,db10_mixed_to_amputee,db10_mixed_to_amputee|S103,confidence_blend_alpha_0.25,S103,ex1,,840,0.7345238095238096,0.6488095238095238,0.7464285714285714,0.2,0.2,0.2,0.2
db10,db10_mixed_to_amputee,db10_mixed_to_amputee|S103,confidence_blend_alpha_0.50,S103,ex1,,840,0.7321428571428571,0.6583333333333333,0.7452380952380953,0.2,0.2,0.2,0.2
db10,db10_mixed_to_amputee,db10_mixed_to_amputee|S103,confidence_blend_alpha_0.75,S103,ex1,,840,0.7261904761904762,0.6511904761904762,0.7345238095238096,0.2,0.2,0.2,0.2
db10,db10_mixed_to_amputee,db10_mixed_to_amputee|S103,plain_conf_threshold_matched_tau_0.02,S103,ex1,,840,0.14642857142857144,0.13452380952380952,0.5523809523809524,0.4,0.2,0.4,0.6
db10,db10_mixed_to_amputee,db10_mixed_to_amputee|S103,plain_conf_threshold_matched_tau_0.05,S103,ex1,,840,0.39880952380952384,0.3607142857142857,0.6452380952380953,0.2,0.2,0.4,0.4
db10,db10_mixed_to_amputee,db10_mixed_to_amputee|S103,plain_conf_threshold_matched_tau_0.10,S103,ex1,,840,0.5726190476190476,0.5178571428571429,0.6892857142857143,0.2,0.2,0.2,0.2
db10,db10_mixed_to_amputee,db10_mixed_to_amputee|S103,plain_conf_threshold_matched_tau_0.15,S103,ex1,,840,0.6571428571428571,0.5821428571428572,0.7107142857142857,0.2,0.2,0.2,0.2
db10,db10_mixed_to_amputee,db10_mixed_to_amputee|S103,plain_conf_threshold_matched_tau_0.20,S103,ex1,,840,0.669047619047619,0.5928571428571429,0.7154761904761905,0.2,0.2,0.2,0.2
db10,db10_mixed_to_amputee,db10_mixed_to_amputee|S103,selective_prediction,S103,ex1,,840,0.5916666666666667,0.3416666666666667,0.6047619047619047,0.2,0.2,0.2,0.2
db10,db10_mixed_to_amputee,db10_mixed_to_amputee|S103,set_acsa_tau_0.02,S103,ex1,,840,0.3952380952380952,0.22142857142857142,0.45,0.4,0.2,0.4,0.8
db10,db10_mixed_to_amputee,db10_mixed_to_amputee|S103,set_acsa_tau_0.05,S103,ex1,,840,0.6023809523809524,0.39166666666666666,0.5190476190476191,0.2,0.2,0.4,0.6
db10,db10_mixed_to_amputee,db10_mixed_to_amputee|S103,set_acsa_tau_0.10,S103,ex1,,840,0.6892857142857143,0.5333333333333333,0.6238095238095238,0.2,0.2,0.2,0.4
db10,db10_mixed_to_amputee,db10_mixed_to_amputee|S103,set_acsa_tau_0.15,S103,ex1,,840,0.7166666666666667,0.6154761904761905,0.6976190476190476,0.2,0.2,0.2,0.2
db10,db10_mixed_to_amputee,db10_mixed_to_amputee|S103,set_acsa_tau_0.20,S103,ex1,,840,0.719047619047619,0.6404761904761904,0.7226190476190476,0.2,0.2,0.2,0.2
db10,db10_mixed_to_amputee,db10_mixed_to_amputee|S103,user_only,S103,ex1,,840,0.0,0.0,0.35595238095238096,,0.4,,
db10,db10_mixed_to_amputee,db10_mixed_to_amputee|S104,agency_margin_tau_0.02,S104,ex1,,840,0.5773809523809523,0.37142857142857144,0.4988095238095238,0.2,0.2,0.4,0.6
db10,db10_mixed_to_amputee,db10_mixed_to_amputee|S104,agency_margin_tau_0.05,S104,ex1,,840,0.6678571428571428,0.48928571428571427,0.5642857142857143,0.2,0.2,0.2,0.4
db10,db10_mixed_to_amputee,db10_mixed_to_amputee|S104,agency_margin_tau_0.10,S104,ex1,,840,0.7011904761904761,0.6083333333333333,0.6726190476190477,0.2,0.2,0.2,0.2
db10,db10_mixed_to_amputee,db10_mixed_to_amputee|S104,agency_margin_tau_0.15,S104,ex1,,840,0.7,0.6333333333333333,0.6964285714285714,0.2,0.2,0.2,0.2
db10,db10_mixed_to_amputee,db10_mixed_to_amputee|S104,agency_margin_tau_0.20,S104,ex1,,840,0.7,0.6392857142857142,0.7023809523809523,0.2,0.2,0.2,0.2
db10,db10_mixed_to_amputee,db10_mixed_to_amputee|S104,assist_only,S104,ex1,,840,0.7,0.6404761904761904,0.7035714285714286,0.2,0.2,0.2,0.2
db10,db10_mixed_to_amputee,db10_mixed_to_amputee|S104,confidence_blend_alpha_0.25,S104,ex1,,840,0.7107142857142857,0.6511904761904762,0.719047619047619,0.2,0.2,0.2,0.2
db10,db10_mixed_to_amputee,db10_mixed_to_amputee|S104,confidence_blend_alpha_0.50,S104,ex1,,840,0.7,0.6416666666666667,0.7035714285714286,0.2,0.2,0.2,0.2
db10,db10_mixed_to_amputee,db10_mixed_to_amputee|S104,confidence_blend_alpha_0.75,S104,ex1,,840,0.7,0.6416666666666667,0.7035714285714286,0.2,0.2,0.2,0.2
db10,db10_mixed_to_amputee,db10_mixed_to_amputee|S104,plain_conf_threshold_matched_tau_0.02,S104,ex1,,840,0.18571428571428572,0.15833333333333333,0.5380952380952381,0.4,0.2,0.4,0.6
db10,db10_mixed_to_amputee,db10_mixed_to_amputee|S104,plain_conf_threshold_matched_tau_0.05,S104,ex1,,840,0.4261904761904762,0.38095238095238093,0.6476190476190476,0.2,0.2,0.4,0.4
db10,db10_mixed_to_amputee,db10_mixed_to_amputee|S104,plain_conf_threshold_matched_tau_0.10,S104,ex1,,840,0.5857142857142857,0.5273809523809524,0.6916666666666667,0.2,0.2,0.2,0.2
db10,db10_mixed_to_amputee,db10_mixed_to_amputee|S104,plain_conf_threshold_matched_tau_0.15,S104,ex1,,840,0.6202380952380953,0.5761904761904761,0.7023809523809523,0.2,0.2,0.2,0.2
db10,db10_mixed_to_amputee,db10_mixed_to_amputee|S104,plain_conf_threshold_matched_tau_0.20,S104,ex1,,840,0.6404761904761904,0.5904761904761905,0.7011904761904761,0.2,0.2,0.2,0.2
db10,db10_mixed_to_amputee,db10_mixed_to_amputee|S104,selective_prediction,S104,ex1,,840,0.575,0.32142857142857145,0.5880952380952381,0.2,0.2,0.2,0.4
db10,db10_mixed_to_amputee,db10_mixed_to_amputee|S104,set_acsa_tau_0.02,S104,ex1,,840,0.5059523809523809,0.33095238095238094,0.4714285714285714,0.4,0.2,0.4,0.6
db10,db10_mixed_to_amputee,db10_mixed_to_amputee|S104,set_acsa_tau_0.05,S104,ex1,,840,0.6511904761904762,0.4845238095238095,0.5607142857142857,0.2,0.2,0.2,0.4
db10,db10_mixed_to_amputee,db10_mixed_to_amputee|S104,set_acsa_tau_0.10,S104,ex1,,840,0.6988095238095238,0.6071428571428571,0.6714285714285714,0.2,0.2,0.2,0.2
db10,db10_mixed_to_amputee,db10_mixed_to_amputee|S104,set_acsa_tau_0.15,S104,ex1,,840,0.7,0.6333333333333333,0.6964285714285714,0.2,0.2,0.2,0.2
db10,db10_mixed_to_amputee,db10_mixed_to_amputee|S104,set_acsa_tau_0.20,S104,ex1,,840,0.7,0.6392857142857142,0.7023809523809523,0.2,0.2,0.2,0.2
db10,db10_mixed_to_amputee,db10_mixed_to_amputee|S104,user_only,S104,ex1,,840,0.0,0.0,0.3869047619047619,,0.2,,
db10,db10_mixed_to_amputee,db10_mixed_to_amputee|S105,agency_margin_tau_0.02,S105,ex1,,840,0.30833333333333335,0.16547619047619047,0.35119047619047616,0.4,0.4,0.6,0.8
db10,db10_mixed_to_amputee,db10_mixed_to_amputee|S105,agency_margin_tau_0.05,S105,ex1,,840,0.5857142857142857,0.3357142857142857,0.44047619047619047,0.2,0.4,0.4,0.8
db10,db10_mixed_to_amputee,db10_mixed_to_amputee|S105,agency_margin_tau_0.10,S105,ex1,,840,0.7178571428571429,0.4797619047619048,0.544047619047619,0.2,0.2,0.2,0.6
db10,db10_mixed_to_amputee,db10_mixed_to_amputee|S105,agency_margin_tau_0.15,S105,ex1,,840,0.7607142857142857,0.5630952380952381,0.6107142857142858,0.2,0.2,0.2,0.4
db10,db10_mixed_to_amputee,db10_mixed_to_amputee|S105,agency_margin_tau_0.20,S105,ex1,,840,0.7785714285714286,0.6107142857142858,0.6535714285714286,0.2,0.2,0.2,0.2
db10,db10_mixed_to_amputee,db10_mixed_to_amputee|S105,assist_only,S105,ex1,,840,0.7857142857142857,0.6523809523809524,0.694047619047619,0.2,0.2,0.2,0.2
db10,db10_mixed_to_amputee,db10_mixed_to_amputee|S105,confidence_blend_alpha_0.25,S105,ex1,,840,0.7702380952380953,0.6226190476190476,0.6666666666666666,0.2,0.2,0.2,0.2
db10,db10_mixed_to_amputee,db10_mixed_to_amputee|S105,confidence_blend_alpha_0.50,S105,ex1,,840,0.7857142857142857,0.655952380952381,0.694047619047619,0.2,0.2,0.2,0.2
db10,db10_mixed_to_amputee,db10_mixed_to_amputee|S105,confidence_blend_alpha_0.75,S105,ex1,,840,0.7833333333333333,0.6523809523809524,0.6928571428571428,0.2,0.2,0.2,0.2
db10,db10_mixed_to_amputee,db10_mixed_to_amputee|S105,plain_conf_threshold_matched_tau_0.02,S105,ex1,,840,0.08571428571428572,0.07738095238095238,0.4095238095238095,0.4,0.4,0.8,0.8
db10,db10_mixed_to_amputee,db10_mixed_to_amputee|S105,plain_conf_threshold_matched_tau_0.05,S105,ex1,,840,0.3142857142857143,0.2714285714285714,0.5452380952380952,0.2,0.2,0.4,0.6
db10,db10_mixed_to_amputee,db10_mixed_to_amputee|S105,plain_conf_threshold_matched_tau_0.10,S105,ex1,,840,0.5595238095238095,0.4666666666666667,0.6142857142857143,0.2,0.2,0.4,0.4
db10,db10_mixed_to_amputee,db10_mixed_to_amputee|S105,plain_conf_threshold_matched_tau_0.15,S105,ex1,,840,0.680952380952381,0.55,0.6321428571428571,0.2,0.2,0.2,0.2
db10,db10_mixed_to_amputee,db10_mixed_to_amputee|S105,plain_conf_threshold_matched_tau_0.20,S105,ex1,,840,0.7142857142857143,0.5833333333333334,0.6452380952380953,0.2,0.2,0.2,0.2
db10,db10_mixed_to_amputee,db10_mixed_to_amputee|S105,selective_prediction,S105,ex1,,840,0.6297619047619047,0.31785714285714284,0.4714285714285714,0.2,0.2,0.2,0.6
db10,db10_mixed_to_amputee,db10_mixed_to_amputee|S105,set_acsa_tau_0.02,S105,ex1,,840,0.2702380952380952,0.14404761904761904,0.3404761904761905,0.6,0.4,0.6,0.8
db10,db10_mixed_to_amputee,db10_mixed_to_amputee|S105,set_acsa_tau_0.05,S105,ex1,,840,0.5345238095238095,0.3107142857142857,0.42738095238095236,0.4,0.4,0.4,0.8
db10,db10_mixed_to_amputee,db10_mixed_to_amputee|S105,set_acsa_tau_0.10,S105,ex1,,840,0.6988095238095238,0.47023809523809523,0.5369047619047619,0.2,0.2,0.2,0.6
db10,db10_mixed_to_amputee,db10_mixed_to_amputee|S105,set_acsa_tau_0.15,S105,ex1,,840,0.7571428571428571,0.5607142857142857,0.6083333333333333,0.2,0.2,0.2,0.4
db10,db10_mixed_to_amputee,db10_mixed_to_amputee|S105,set_acsa_tau_0.20,S105,ex1,,840,0.7785714285714286,0.6095238095238096,0.6523809523809524,0.2,0.2,0.2,0.2
db10,db10_mixed_to_amputee,db10_mixed_to_amputee|S105,user_only,S105,ex1,,840,0.0,0.0,0.25476190476190474,,0.6,,
db10,db10_mixed_to_amputee,db10_mixed_to_amputee|S106,agency_margin_tau_0.02,S106,ex1,,840,0.39880952380952384,0.2,0.45714285714285713,0.4,0.2,0.4,0.8
db10,db10_mixed_to_amputee,db10_mixed_to_amputee|S106,agency_margin_tau_0.05,S106,ex1,,840,0.5952380952380952,0.32976190476190476,0.5095238095238095,0.2,0.2,0.4,0.6
db10,db10_mixed_to_amputee,db10_mixed_to_amputee|S106,agency_margin_tau_0.10,S106,ex1,,840,0.6773809523809524,0.4357142857142857,0.5642857142857143,0.2,0.2,0.2,0.4
db10,db10_mixed_to_amputee,db10_mixed_to_amputee|S106,agency_margin_tau_0.15,S106,ex1,,840,0.675,0.48928571428571427,0.5916666666666667,0.2,0.2,0.2,0.4
db10,db10_mixed_to_amputee,db10_mixed_to_amputee|S106,agency_margin_tau_0.20,S106,ex1,,840,0.6738095238095239,0.530952380952381,0.6321428571428571,0.2,0.2,0.2,0.2
db10,db10_mixed_to_amputee,db10_mixed_to_amputee|S106,assist_only,S106,ex1,,840,0.6761904761904762,0.5619047619047619,0.6619047619047619,0.2,0.2,0.2,0.2
db10,db10_mixed_to_amputee,db10_mixed_to_amputee|S106,confidence_blend_alpha_0.25,S106,ex1,,840,0.6797619047619048,0.55,0.6714285714285714,0.2,0.2,0.2,0.2
db10,db10_mixed_to_amputee,db10_mixed_to_amputee|S106,confidence_blend_alpha_0.50,S106,ex1,,840,0.6761904761904762,0.5619047619047619,0.6714285714285714,0.2,0.2,0.2,0.2
db10,db10_mixed_to_amputee,db10_mixed_to_amputee|S106,confidence_blend_alpha_0.75,S106,ex1,,840,0.675,0.5630952380952381,0.6666666666666666,0.2,0.2,0.2,0.2
db10,db10_mixed_to_amputee,db10_mixed_to_amputee|S106,plain_conf_threshold_matched_tau_0.02,S106,ex1,,840,0.075,0.06428571428571428,0.4654761904761905,0.4,0.2,0.4,0.6
db10,db10_mixed_to_amputee,db10_mixed_to_amputee|S106,plain_conf_threshold_matched_tau_0.05,S106,ex1,,840,0.2833333333333333,0.2488095238095238,0.5869047619047619,0.2,0.2,0.4,0.4
db10,db10_mixed_to_amputee,db10_mixed_to_amputee|S106,plain_conf_threshold_matched_tau_0.10,S106,ex1,,840,0.5095238095238095,0.42857142857142855,0.6309523809523809,0.2,0.2,0.2,0.2
db10,db10_mixed_to_amputee,db10_mixed_to_amputee|S106,plain_conf_threshold_matched_tau_0.15,S106,ex1,,840,0.575,0.49166666666666664,0.6392857142857142,0.2,0.2,0.2,0.2
db10,db10_mixed_to_amputee,db10_mixed_to_amputee|S106,plain_conf_threshold_matched_tau_0.20,S106,ex1,,840,0.6011904761904762,0.5142857142857142,0.65,0.2,0.2,0.2,0.2
db10,db10_mixed_to_amputee,db10_mixed_to_amputee|S106,selective_prediction,S106,ex1,,840,0.5202380952380953,0.22857142857142856,0.5166666666666667,0.2,0.2,0.2,0.2
db10,db10_mixed_to_amputee,db10_mixed_to_amputee|S106,set_acsa_tau_0.02,S106,ex1,,840,0.2892857142857143,0.14642857142857144,0.42857142857142855,0.4,0.2,0.4,0.8
db10,db10_mixed_to_amputee,db10_mixed_to_amputee|S106,set_acsa_tau_0.05,S106,ex1,,840,0.5035714285714286,0.2833333333333333,0.48095238095238096,0.4,0.2,0.4,0.6
db10,db10_mixed_to_amputee,db10_mixed_to_amputee|S106,set_acsa_tau_0.10,S106,ex1,,840,0.6464285714285715,0.425,0.5583333333333333,0.2,0.2,0.2,0.4
db10,db10_mixed_to_amputee,db10_mixed_to_amputee|S106,set_acsa_tau_0.15,S106,ex1,,840,0.6678571428571428,0.4869047619047619,0.5904761904761905,0.2,0.2,0.2,0.4
db10,db10_mixed_to_amputee,db10_mixed_to_amputee|S106,set_acsa_tau_0.20,S106,ex1,,840,0.6738095238095239,0.530952380952381,0.6321428571428571,0.2,0.2,0.2,0.2
db10,db10_mixed_to_amputee,db10_mixed_to_amputee|S106,user_only,S106,ex1,,840,0.0,0.0,0.35595238095238096,,0.4,,
db10,db10_mixed_to_amputee,db10_mixed_to_amputee|S107,agency_margin_tau_0.02,S107,ex1,,840,0.5059523809523809,0.2857142857142857,0.46904761904761905,0.4,0.2,0.4,0.8
db10,db10_mixed_to_amputee,db10_mixed_to_amputee|S107,agency_margin_tau_0.05,S107,ex1,,840,0.6095238095238096,0.37023809523809526,0.46785714285714286,0.2,0.2,0.2,0.6
db10,db10_mixed_to_amputee,db10_mixed_to_amputee|S107,agency_margin_tau_0.10,S107,ex1,,840,0.6166666666666667,0.45595238095238094,0.525,0.2,0.2,0.2,0.4
db10,db10_mixed_to_amputee,db10_mixed_to_amputee|S107,agency_margin_tau_0.15,S107,ex1,,840,0.6154761904761905,0.525,0.5857142857142857,0.2,0.2,0.2,0.2
db10,db10_mixed_to_amputee,db10_mixed_to_amputee|S107,agency_margin_tau_0.20,S107,ex1,,840,0.6130952380952381,0.5452380952380952,0.6059523809523809,0.2,0.2,0.2,0.2
db10,db10_mixed_to_amputee,db10_mixed_to_amputee|S107,assist_only,S107,ex1,,840,0.611904761904762,0.5547619047619048,0.6154761904761905,0.2,0.2,0.2,0.2
db10,db10_mixed_to_amputee,db10_mixed_to_amputee|S107,confidence_blend_alpha_0.25,S107,ex1,,840,0.6190476190476191,0.555952380952381,0.6214285714285714,0.2,0.2,0.2,0.2
db10,db10_mixed_to_amputee,db10_mixed_to_amputee|S107,confidence_blend_alpha_0.50,S107,ex1,,840,0.6178571428571429,0.5642857142857143,0.625,0.2,0.2,0.2,0.2
db10,db10_mixed_to_amputee,db10_mixed_to_amputee|S107,confidence_blend_alpha_0.75,S107,ex1,,840,0.6107142857142858,0.5571428571428572,0.6178571428571429,0.2,0.2,0.2,0.2
db10,db10_mixed_to_amputee,db10_mixed_to_amputee|S107,plain_conf_threshold_matched_tau_0.02,S107,ex1,,840,0.06666666666666667,0.060714285714285714,0.4714285714285714,0.4,0.2,0.6,0.6
db10,db10_mixed_to_amputee,db10_mixed_to_amputee|S107,plain_conf_threshold_matched_tau_0.05,S107,ex1,,840,0.2892857142857143,0.24642857142857144,0.5630952380952381,0.2,0.2,0.4,0.4
db10,db10_mixed_to_amputee,db10_mixed_to_amputee|S107,plain_conf_threshold_matched_tau_0.10,S107,ex1,,840,0.4523809523809524,0.40595238095238095,0.6047619047619047,0.2,0.2,0.2,0.2
db10,db10_mixed_to_amputee,db10_mixed_to_amputee|S107,plain_conf_threshold_matched_tau_0.15,S107,ex1,,840,0.5023809523809524,0.4666666666666667,0.6095238095238096,0.2,0.2,0.2,0.2
db10,db10_mixed_to_amputee,db10_mixed_to_amputee|S107,plain_conf_threshold_matched_tau_0.20,S107,ex1,,840,0.5261904761904762,0.4869047619047619,0.6047619047619047,0.2,0.2,0.2,0.2
db10,db10_mixed_to_amputee,db10_mixed_to_amputee|S107,selective_prediction,S107,ex1,,840,0.4511904761904762,0.2011904761904762,0.513095238095238,0.2,0.2,0.2,0.4
db10,db10_mixed_to_amputee,db10_mixed_to_amputee|S107,set_acsa_tau_0.02,S107,ex1,,840,0.3523809523809524,0.20357142857142857,0.42857142857142855,0.4,0.4,0.4,0.8
db10,db10_mixed_to_amputee,db10_mixed_to_amputee|S107,set_acsa_tau_0.05,S107,ex1,,840,0.5392857142857143,0.3464285714285714,0.44761904761904764,0.2,0.2,0.2,0.6
db10,db10_mixed_to_amputee,db10_mixed_to_amputee|S107,set_acsa_tau_0.10,S107,ex1,,840,0.6,0.4488095238095238,0.5202380952380953,0.2,0.2,0.2,0.4
db10,db10_mixed_to_amputee,db10_mixed_to_amputee|S107,set_acsa_tau_0.15,S107,ex1,,840,0.6095238095238096,0.5214285714285715,0.5845238095238096,0.2,0.2,0.2,0.2
db10,db10_mixed_to_amputee,db10_mixed_to_amputee|S107,set_acsa_tau_0.20,S107,ex1,,840,0.6107142857142858,0.5452380952380952,0.6059523809523809,0.2,0.2,0.2,0.2
db10,db10_mixed_to_amputee,db10_mixed_to_amputee|S107,user_only,S107,ex1,,840,0.0,0.0,0.36666666666666664,,0.4,,
db10,db10_mixed_to_amputee,db10_mixed_to_amputee|S108,agency_margin_tau_0.02,S108,ex1,,840,0.0,0.0,0.06428571428571428,,0.2,,
db10,db10_mixed_to_amputee,db10_mixed_to_amputee|S108,agency_margin_tau_0.05,S108,ex1,,840,0.002380952380952381,0.0,0.06428571428571428,0.7,0.2,0.7,
db10,db10_mixed_to_amputee,db10_mixed_to_amputee|S108,agency_margin_tau_0.10,S108,ex1,,840,0.036904761904761905,0.013095238095238096,0.07738095238095238,0.4,0.2,0.6,0.8
db10,db10_mixed_to_amputee,db10_mixed_to_amputee|S108,agency_margin_tau_0.15,S108,ex1,,840,0.5035714285714286,0.48928571428571427,0.5035714285714286,0.2,0.2,0.2,0.2
db10,db10_mixed_to_amputee,db10_mixed_to_amputee|S108,agency_margin_tau_0.20,S108,ex1,,840,0.48928571428571427,0.45,0.45,0.2,0.2,0.2,0.2
db10,db10_mixed_to_amputee,db10_mixed_to_amputee|S108,assist_only,S108,ex1,,840,0.48928571428571427,0.45,0.45,0.2,0.2,0.2,0.2
db10,db10_mixed_to_amputee,db10_mixed_to_amputee|S108,confidence_blend_alpha_0.25,S108,ex1,,840,0.49642857142857144,0.4297619047619048,0.4452380952380952,0.2,0.2,0.2,0.2
db10,db10_mixed_to_amputee,db10_mixed_to_amputee|S108,confidence_blend_alpha_0.50,S108,ex1,,840,0.49404761904761907,0.4595238095238095,0.4595238095238095,0.2,0.2,0.2,0.2
db10,db10_mixed_to_amputee,db10_mixed_to_amputee|S108,confidence_blend_alpha_0.75,S108,ex1,,840,0.49166666666666664,0.4523809523809524,0.4523809523809524,0.2,0.2,0.2,0.2
db10,db10_mixed_to_amputee,db10_mixed_to_amputee|S108,plain_conf_threshold_matched_tau_0.02,S108,ex1,,840,0.0,0.0,0.21785714285714286,0.2,0.2,,
db10,db10_mixed_to_amputee,db10_mixed_to_amputee|S108,plain_conf_threshold_matched_tau_0.05,S108,ex1,,840,0.0,0.0,0.25,0.2,0.2,,
db10,db10_mixed_to_amputee,db10_mixed_to_amputee|S108,plain_conf_threshold_matched_tau_0.10,S108,ex1,,840,0.016666666666666666,0.011904761904761904,0.26785714285714285,0.2,0.2,0.5,0.6
db10,db10_mixed_to_amputee,db10_mixed_to_amputee|S108,plain_conf_threshold_matched_tau_0.15,S108,ex1,,840,0.3261904761904762,0.2392857142857143,0.29523809523809524,0.2,0.2,0.2,0.2
db10,db10_mixed_to_amputee,db10_mixed_to_amputee|S108,plain_conf_threshold_matched_tau_0.20,S108,ex1,,840,0.3726190476190476,0.2714285714285714,0.3119047619047619,0.2,0.2,0.2,0.2
db10,db10_mixed_to_amputee,db10_mixed_to_amputee|S108,selective_prediction,S108,ex1,,840,0.26666666666666666,0.17142857142857143,0.23452380952380952,0.2,0.2,0.2,0.2
db10,db10_mixed_to_amputee,db10_mixed_to_amputee|S108,set_acsa_tau_0.02,S108,ex1,,840,0.0,0.0,0.06428571428571428,,0.2,,
db10,db10_mixed_to_amputee,db10_mixed_to_amputee|S108,set_acsa_tau_0.05,S108,ex1,,840,0.0011904761904761906,0.0,0.06428571428571428,0.6,0.2,0.6,
db10,db10_mixed_to_amputee,db10_mixed_to_amputee|S108,set_acsa_tau_0.10,S108,ex1,,840,0.03333333333333333,0.010714285714285714,0.075,0.6,0.2,0.6,0.8
db10,db10_mixed_to_amputee,db10_mixed_to_amputee|S108,set_acsa_tau_0.15,S108,ex1,,840,0.46785714285714286,0.4238095238095238,0.45,0.2,0.2,0.2,0.2
db10,db10_mixed_to_amputee,db10_mixed_to_amputee|S108,set_acsa_tau_0.20,S108,ex1,,840,0.48928571428571427,0.45,0.45,0.2,0.2,0.2,0.2
db10,db10_mixed_to_amputee,db10_mixed_to_amputee|S108,user_only,S108,ex1,,840,0.0,0.0,0.06428571428571428,,0.2,,
db10,db10_mixed_to_amputee,db10_mixed_to_amputee|S109,agency_margin_tau_0.02,S109,ex1,,840,0.4595238095238095,0.25952380952380955,0.46785714285714286,0.4,0.2,0.6,0.8
db10,db10_mixed_to_amputee,db10_mixed_to_amputee|S109,agency_margin_tau_0.05,S109,ex1,,840,0.6654761904761904,0.43214285714285716,0.5678571428571428,0.2,0.2,0.4,0.6
db10,db10_mixed_to_amputee,db10_mixed_to_amputee|S109,agency_margin_tau_0.10,S109,ex1,,840,0.7273809523809524,0.6214285714285714,0.7261904761904762,0.2,0.2,0.2,0.4
db10,db10_mixed_to_amputee,db10_mixed_to_amputee|S109,agency_margin_tau_0.15,S109,ex1,,840,0.7273809523809524,0.6630952380952381,0.763095238095238,0.2,0.2,0.2,0.2
db10,db10_mixed_to_amputee,db10_mixed_to_amputee|S109,agency_margin_tau_0.20,S109,ex1,,840,0.725,0.6702380952380952,0.7690476190476191,0.2,0.2,0.2,0.2
db10,db10_mixed_to_amputee,db10_mixed_to_amputee|S109,assist_only,S109,ex1,,840,0.7261904761904762,0.6726190476190477,0.7702380952380953,0.2,0.2,0.2,0.2
db10,db10_mixed_to_amputee,db10_mixed_to_amputee|S109,confidence_blend_alpha_0.25,S109,ex1,,840,0.7333333333333333,0.6630952380952381,0.7761904761904762,0.2,0.2,0.2,0.2
db10,db10_mixed_to_amputee,db10_mixed_to_amputee|S109,confidence_blend_alpha_0.50,S109,ex1,,840,0.7285714285714285,0.6702380952380952,0.7714285714285715,0.2,0.2,0.2,0.2
db10,db10_mixed_to_amputee,db10_mixed_to_amputee|S109,confidence_blend_alpha_0.75,S109,ex1,,840,0.7273809523809524,0.6702380952380952,0.7702380952380953,0.2,0.2,0.2,0.2
db10,db10_mixed_to_amputee,db10_mixed_to_amputee|S109,plain_conf_threshold_matched_tau_0.02,S109,ex1,,840,0.14761904761904762,0.13214285714285715,0.5023809523809524,0.4,0.2,0.6,0.6
db10,db10_mixed_to_amputee,db10_mixed_to_amputee|S109,plain_conf_threshold_matched_tau_0.05,S109,ex1,,840,0.4119047619047619,0.36547619047619045,0.6452380952380953,0.2,0.2,0.4,0.4
db10,db10_mixed_to_amputee,db10_mixed_to_amputee|S109,plain_conf_threshold_matched_tau_0.10,S109,ex1,,840,0.5904761904761905,0.5226190476190476,0.6976190476190476,0.2,0.2,0.2,0.2
db10,db10_mixed_to_amputee,db10_mixed_to_amputee|S109,plain_conf_threshold_matched_tau_0.15,S109,ex1,,840,0.6392857142857142,0.5845238095238096,0.7214285714285714,0.2,0.2,0.2,0.2
db10,db10_mixed_to_amputee,db10_mixed_to_amputee|S109,plain_conf_threshold_matched_tau_0.20,S109,ex1,,840,0.655952380952381,0.6023809523809524,0.7321428571428571,0.2,0.2,0.2,0.2
db10,db10_mixed_to_amputee,db10_mixed_to_amputee|S109,selective_prediction,S109,ex1,,840,0.580952380952381,0.30714285714285716,0.5654761904761905,0.2,0.2,0.2,0.4
db10,db10_mixed_to_amputee,db10_mixed_to_amputee|S109,set_acsa_tau_0.02,S109,ex1,,840,0.3904761904761905,0.22380952380952382,0.45476190476190476,0.4,0.2,0.6,0.8
db10,db10_mixed_to_amputee,db10_mixed_to_amputee|S109,set_acsa_tau_0.05,S109,ex1,,840,0.625,0.4166666666666667,0.5571428571428572,0.2,0.2,0.4,0.6
db10,db10_mixed_to_amputee,db10_mixed_to_amputee|S109,set_acsa_tau_0.10,S109,ex1,,840,0.7166666666666667,0.6130952380952381,0.7178571428571429,0.2,0.2,0.2,0.4
db10,db10_mixed_to_amputee,db10_mixed_to_amputee|S109,set_acsa_tau_0.15,S109,ex1,,840,0.7238095238095238,0.6595238095238095,0.7595238095238095,0.2,0.2,0.2,0.2
db10,db10_mixed_to_amputee,db10_mixed_to_amputee|S109,set_acsa_tau_0.20,S109,ex1,,840,0.725,0.6702380952380952,0.7690476190476191,0.2,0.2,0.2,0.2
db10,db10_mixed_to_amputee,db10_mixed_to_amputee|S109,user_only,S109,ex1,,840,0.0,0.0,0.3380952380952381,,0.2,,
db10,db10_mixed_to_amputee,db10_mixed_to_amputee|S110,agency_margin_tau_0.02,S110,ex1,,840,0.28809523809523807,0.15,0.37857142857142856,0.4,0.2,0.4,0.6
db10,db10_mixed_to_amputee,db10_mixed_to_amputee|S110,agency_margin_tau_0.05,S110,ex1,,840,0.4726190476190476,0.2488095238095238,0.4166666666666667,0.2,0.2,0.4,0.6
db10,db10_mixed_to_amputee,db10_mixed_to_amputee|S110,agency_margin_tau_0.10,S110,ex1,,840,0.5190476190476191,0.2833333333333333,0.3821428571428571,0.2,0.2,0.2,0.4
db10,db10_mixed_to_amputee,db10_mixed_to_amputee|S110,agency_margin_tau_0.15,S110,ex1,,840,0.525,0.325,0.4095238095238095,0.2,0.2,0.2,0.4
db10,db10_mixed_to_amputee,db10_mixed_to_amputee|S110,agency_margin_tau_0.20,S110,ex1,,840,0.5261904761904762,0.3488095238095238,0.43333333333333335,0.2,0.2,0.2,0.2
db10,db10_mixed_to_amputee,db10_mixed_to_amputee|S110,assist_only,S110,ex1,,840,0.5285714285714286,0.37142857142857144,0.45595238095238094,0.2,0.2,0.2,0.2
db10,db10_mixed_to_amputee,db10_mixed_to_amputee|S110,confidence_blend_alpha_0.25,S110,ex1,,840,0.5202380952380953,0.34285714285714286,0.4511904761904762,0.2,0.2,0.2,0.4
db10,db10_mixed_to_amputee,db10_mixed_to_amputee|S110,confidence_blend_alpha_0.50,S110,ex1,,840,0.5238095238095238,0.36666666666666664,0.4630952380952381,0.2,0.2,0.2,0.2
db10,db10_mixed_to_amputee,db10_mixed_to_amputee|S110,confidence_blend_alpha_0.75,S110,ex1,,840,0.525,0.37142857142857144,0.4595238095238095,0.2,0.2,0.2,0.2
db10,db10_mixed_to_amputee,db10_mixed_to_amputee|S110,plain_conf_threshold_matched_tau_0.02,S110,ex1,,840,0.02023809523809524,0.010714285714285714,0.3535714285714286,0.4,0.2,0.4,0.8
db10,db10_mixed_to_amputee,db10_mixed_to_amputee|S110,plain_conf_threshold_matched_tau_0.05,S110,ex1,,840,0.15357142857142858,0.0988095238095238,0.39166666666666666,0.2,0.2,0.4,0.6
db10,db10_mixed_to_amputee,db10_mixed_to_amputee|S110,plain_conf_threshold_matched_tau_0.10,S110,ex1,,840,0.3130952380952381,0.2119047619047619,0.4095238095238095,0.2,0.2,0.2,0.4
db10,db10_mixed_to_amputee,db10_mixed_to_amputee|S110,plain_conf_threshold_matched_tau_0.15,S110,ex1,,840,0.37142857142857144,0.2511904761904762,0.42023809523809524,0.2,0.2,0.2,0.4
db10,db10_mixed_to_amputee,db10_mixed_to_amputee|S110,plain_conf_threshold_matched_tau_0.20,S110,ex1,,840,0.4011904761904762,0.2714285714285714,0.4226190476190476,0.2,0.2,0.2,0.4
db10,db10_mixed_to_amputee,db10_mixed_to_amputee|S110,selective_prediction,S110,ex1,,840,0.3238095238095238,0.07142857142857142,0.36428571428571427,0.2,0.2,0.2,0.6
db10,db10_mixed_to_amputee,db10_mixed_to_amputee|S110,set_acsa_tau_0.02,S110,ex1,,840,0.18452380952380953,0.08571428571428572,0.35,0.4,0.2,0.6,0.8
db10,db10_mixed_to_amputee,db10_mixed_to_amputee|S110,set_acsa_tau_0.05,S110,ex1,,840,0.3678571428571429,0.19047619047619047,0.38452380952380955,0.4,0.2,0.4,0.6
db10,db10_mixed_to_amputee,db10_mixed_to_amputee|S110,set_acsa_tau_0.10,S110,ex1,,840,0.49047619047619045,0.27380952380952384,0.3738095238095238,0.2,0.2,0.2,0.4
db10,db10_mixed_to_amputee,db10_mixed_to_amputee|S110,set_acsa_tau_0.15,S110,ex1,,840,0.5226190476190476,0.3238095238095238,0.4083333333333333,0.2,0.2,0.2,0.30000000000000004
db10,db10_mixed_to_amputee,db10_mixed_to_amputee|S110,set_acsa_tau_0.20,S110,ex1,,840,0.5261904761904762,0.3488095238095238,0.43333333333333335,0.2,0.2,0.2,0.2
db10,db10_mixed_to_amputee,db10_mixed_to_amputee|S110,user_only,S110,ex1,,840,0.0,0.0,0.319047619047619,,0.2,,
db10,db10_mixed_to_amputee,db10_mixed_to_amputee|S111,agency_margin_tau_0.02,S111,ex1,,840,0.4119047619047619,0.20476190476190476,0.40714285714285714,0.4,0.4,0.4,0.8
db10,db10_mixed_to_amputee,db10_mixed_to_amputee|S111,agency_margin_tau_0.05,S111,ex1,,840,0.638095238095238,0.3952380952380952,0.5119047619047619,0.2,0.2,0.2,0.4
db10,db10_mixed_to_amputee,db10_mixed_to_amputee|S111,agency_margin_tau_0.10,S111,ex1,,840,0.7738095238095238,0.5857142857142857,0.6476190476190476,0.2,0.2,0.2,0.2
db10,db10_mixed_to_amputee,db10_mixed_to_amputee|S111,agency_margin_tau_0.15,S111,ex1,,840,0.7904761904761904,0.6607142857142857,0.7095238095238096,0.2,0.2,0.2,0.2
db10,db10_mixed_to_amputee,db10_mixed_to_amputee|S111,agency_margin_tau_0.20,S111,ex1,,840,0.7892857142857143,0.6726190476190477,0.7214285714285714,0.2,0.2,0.2,0.2
db10,db10_mixed_to_amputee,db10_mixed_to_amputee|S111,assist_only,S111,ex1,,840,0.7892857142857143,0.6773809523809524,0.7261904761904762,0.2,0.2,0.2,0.2
db10,db10_mixed_to_amputee,db10_mixed_to_amputee|S111,confidence_blend_alpha_0.25,S111,ex1,,840,0.7845238095238095,0.669047619047619,0.736904761904762,0.2,0.2,0.2,0.2
db10,db10_mixed_to_amputee,db10_mixed_to_amputee|S111,confidence_blend_alpha_0.50,S111,ex1,,840,0.7892857142857143,0.6773809523809524,0.7297619047619047,0.2,0.2,0.2,0.2
db10,db10_mixed_to_amputee,db10_mixed_to_amputee|S111,confidence_blend_alpha_0.75,S111,ex1,,840,0.7869047619047619,0.6761904761904762,0.725,0.2,0.2,0.2,0.2
db10,db10_mixed_to_amputee,db10_mixed_to_amputee|S111,plain_conf_threshold_matched_tau_0.02,S111,ex1,,840,0.10357142857142858,0.0869047619047619,0.4726190476190476,0.4,0.4,0.6,0.6
db10,db10_mixed_to_amputee,db10_mixed_to_amputee|S111,plain_conf_threshold_matched_tau_0.05,S111,ex1,,840,0.38571428571428573,0.3333333333333333,0.6166666666666667,0.2,0.2,0.4,0.4
db10,db10_mixed_to_amputee,db10_mixed_to_amputee|S111,plain_conf_threshold_matched_tau_0.10,S111,ex1,,840,0.6095238095238096,0.5154761904761904,0.6642857142857143,0.2,0.2,0.2,0.2
db10,db10_mixed_to_amputee,db10_mixed_to_amputee|S111,plain_conf_threshold_matched_tau_0.15,S111,ex1,,840,0.6904761904761905,0.5928571428571429,0.6952380952380952,0.2,0.2,0.2,0.2
db10,db10_mixed_to_amputee,db10_mixed_to_amputee|S111,plain_conf_threshold_matched_tau_0.20,S111,ex1,,840,0.7119047619047619,0.6107142857142858,0.7011904761904761,0.2,0.2,0.2,0.2
db10,db10_mixed_to_amputee,db10_mixed_to_amputee|S111,selective_prediction,S111,ex1,,840,0.6214285714285714,0.32976190476190476,0.5380952380952381,0.2,0.2,0.2,0.4
db10,db10_mixed_to_amputee,db10_mixed_to_amputee|S111,set_acsa_tau_0.02,S111,ex1,,840,0.34404761904761905,0.17023809523809524,0.39404761904761904,0.4,0.4,0.4,0.8
db10,db10_mixed_to_amputee,db10_mixed_to_amputee|S111,set_acsa_tau_0.05,S111,ex1,,840,0.6178571428571429,0.38452380952380955,0.5059523809523809,0.2,0.2,0.2,0.4
db10,db10_mixed_to_amputee,db10_mixed_to_amputee|S111,set_acsa_tau_0.10,S111,ex1,,840,0.7666666666666667,0.5821428571428572,0.6440476190476191,0.2,0.2,0.2,0.2
db10,db10_mixed_to_amputee,db10_mixed_to_amputee|S111,set_acsa_tau_0.15,S111,ex1,,840,0.7892857142857143,0.6607142857142857,0.7095238095238096,0.2,0.2,0.2,0.2
db10,db10_mixed_to_amputee,db10_mixed_to_amputee|S111,set_acsa_tau_0.20,S111,ex1,,840,0.7892857142857143,0.6726190476190477,0.7214285714285714,0.2,0.2,0.2,0.2
db10,db10_mixed_to_amputee,db10_mixed_to_amputee|S111,user_only,S111,ex1,,840,0.0,0.0,0.29404761904761906,,0.4,,
db10,db10_mixed_to_amputee,db10_mixed_to_amputee|S112,agency_margin_tau_0.02,S112,ex1,,840,0.37023809523809526,0.21666666666666667,0.5178571428571429,0.2,0.2,0.4,0.6
db10,db10_mixed_to_amputee,db10_mixed_to_amputee|S112,agency_margin_tau_0.05,S112,ex1,,840,0.5154761904761904,0.3142857142857143,0.5166666666666667,0.2,0.2,0.2,0.4
db10,db10_mixed_to_amputee,db10_mixed_to_amputee|S112,agency_margin_tau_0.10,S112,ex1,,840,0.5523809523809524,0.41904761904761906,0.6011904761904762,0.2,0.2,0.2,0.2
db10,db10_mixed_to_amputee,db10_mixed_to_amputee|S112,agency_margin_tau_0.15,S112,ex1,,840,0.5583333333333333,0.47023809523809523,0.6464285714285715,0.2,0.2,0.2,0.2
db10,db10_mixed_to_amputee,db10_mixed_to_amputee|S112,agency_margin_tau_0.20,S112,ex1,,840,0.5607142857142857,0.4869047619047619,0.6630952380952381,0.2,0.2,0.2,0.2
db10,db10_mixed_to_amputee,db10_mixed_to_amputee|S112,assist_only,S112,ex1,,840,0.5607142857142857,0.49047619047619045,0.6666666666666666,0.2,0.2,0.2,0.2
db10,db10_mixed_to_amputee,db10_mixed_to_amputee|S112,confidence_blend_alpha_0.25,S112,ex1,,840,0.5607142857142857,0.48214285714285715,0.6797619047619048,0.2,0.2,0.2,0.2
db10,db10_mixed_to_amputee,db10_mixed_to_amputee|S112,confidence_blend_alpha_0.50,S112,ex1,,840,0.5595238095238095,0.49047619047619045,0.669047619047619,0.2,0.2,0.2,0.2
db10,db10_mixed_to_amputee,db10_mixed_to_amputee|S112,confidence_blend_alpha_0.75,S112,ex1,,840,0.5583333333333333,0.49166666666666664,0.669047619047619,0.2,0.2,0.2,0.2
db10,db10_mixed_to_amputee,db10_mixed_to_amputee|S112,plain_conf_threshold_matched_tau_0.02,S112,ex1,,840,0.06904761904761905,0.055952380952380955,0.5738095238095238,0.4,0.2,0.4,0.4
db10,db10_mixed_to_amputee,db10_mixed_to_amputee|S112,plain_conf_threshold_matched_tau_0.05,S112,ex1,,840,0.2357142857142857,0.20833333333333334,0.6797619047619048,0.2,0.2,0.4,0.4
db10,db10_mixed_to_amputee,db10_mixed_to_amputee|S112,plain_conf_threshold_matched_tau_0.10,S112,ex1,,840,0.4166666666666667,0.3535714285714286,0.6952380952380952,0.2,0.2,0.2,0.2
db10,db10_mixed_to_amputee,db10_mixed_to_amputee|S112,plain_conf_threshold_matched_tau_0.15,S112,ex1,,840,0.48214285714285715,0.4142857142857143,0.6833333333333333,0.2,0.2,0.2,0.2
db10,db10_mixed_to_amputee,db10_mixed_to_amputee|S112,plain_conf_threshold_matched_tau_0.20,S112,ex1,,840,0.5011904761904762,0.42738095238095236,0.6761904761904762,0.2,0.2,0.2,0.2
db10,db10_mixed_to_amputee,db10_mixed_to_amputee|S112,selective_prediction,S112,ex1,,840,0.4107142857142857,0.18214285714285713,0.625,0.2,0.2,0.2,0.4
db10,db10_mixed_to_amputee,db10_mixed_to_amputee|S112,set_acsa_tau_0.02,S112,ex1,,840,0.2976190476190476,0.17023809523809524,0.5119047619047619,0.4,0.2,0.4,0.6
db10,db10_mixed_to_amputee,db10_mixed_to_amputee|S112,set_acsa_tau_0.05,S112,ex1,,840,0.49523809523809526,0.30357142857142855,0.5071428571428571,0.2,0.2,0.2,0.4
db10,db10_mixed_to_amputee,db10_mixed_to_amputee|S112,set_acsa_tau_0.10,S112,ex1,,840,0.5476190476190477,0.4166666666666667,0.5988095238095238,0.2,0.2,0.2,0.2
db10,db10_mixed_to_amputee,db10_mixed_to_amputee|S112,set_acsa_tau_0.15,S112,ex1,,840,0.5571428571428572,0.46904761904761905,0.6452380952380953,0.2,0.2,0.2,0.2
db10,db10_mixed_to_amputee,db10_mixed_to_amputee|S112,set_acsa_tau_0.20,S112,ex1,,840,0.5607142857142857,0.4869047619047619,0.6630952380952381,0.2,0.2,0.2,0.2
db10,db10_mixed_to_amputee,db10_mixed_to_amputee|S112,user_only,S112,ex1,,840,0.0,0.0,0.5047619047619047,,0.2,,
db10,db10_mixed_to_amputee,db10_mixed_to_amputee|S113,agency_margin_tau_0.02,S113,ex1,,840,0.32976190476190476,0.14047619047619048,0.42142857142857143,0.4,0.2,0.4,0.8
db10,db10_mixed_to_amputee,db10_mixed_to_amputee|S113,agency_margin_tau_0.05,S113,ex1,,840,0.3976190476190476,0.2369047619047619,0.31785714285714284,0.2,0.2,0.2,0.4
db10,db10_mixed_to_amputee,db10_mixed_to_amputee|S113,agency_margin_tau_0.10,S113,ex1,,840,0.42857142857142855,0.3107142857142857,0.38095238095238093,0.2,0.2,0.2,0.2
db10,db10_mixed_to_amputee,db10_mixed_to_amputee|S113,agency_margin_tau_0.15,S113,ex1,,840,0.43452380952380953,0.34285714285714286,0.4119047619047619,0.2,0.2,0.2,0.2
db10,db10_mixed_to_amputee,db10_mixed_to_amputee|S113,agency_margin_tau_0.20,S113,ex1,,840,0.4392857142857143,0.35833333333333334,0.42738095238095236,0.2,0.2,0.2,0.2
db10,db10_mixed_to_amputee,db10_mixed_to_amputee|S113,assist_only,S113,ex1,,840,0.4392857142857143,0.37142857142857144,0.4392857142857143,0.2,0.2,0.2,0.2
db10,db10_mixed_to_amputee,db10_mixed_to_amputee|S113,confidence_blend_alpha_0.25,S113,ex1,,840,0.43333333333333335,0.34404761904761905,0.44285714285714284,0.2,0.2,0.2,0.2
db10,db10_mixed_to_amputee,db10_mixed_to_amputee|S113,confidence_blend_alpha_0.50,S113,ex1,,840,0.4392857142857143,0.37023809523809526,0.45595238095238094,0.2,0.2,0.2,0.2
db10,db10_mixed_to_amputee,db10_mixed_to_amputee|S113,confidence_blend_alpha_0.75,S113,ex1,,840,0.4392857142857143,0.37023809523809526,0.44166666666666665,0.2,0.2,0.2,0.2
db10,db10_mixed_to_amputee,db10_mixed_to_amputee|S113,plain_conf_threshold_matched_tau_0.02,S113,ex1,,840,0.02023809523809524,0.013095238095238096,0.46904761904761905,0.4,0.2,0.4,0.4
db10,db10_mixed_to_amputee,db10_mixed_to_amputee|S113,plain_conf_threshold_matched_tau_0.05,S113,ex1,,840,0.14523809523809525,0.10714285714285714,0.49523809523809526,0.2,0.2,0.2,0.2
db10,db10_mixed_to_amputee,db10_mixed_to_amputee|S113,plain_conf_threshold_matched_tau_0.10,S113,ex1,,840,0.28095238095238095,0.23095238095238096,0.4857142857142857,0.2,0.2,0.2,0.2
db10,db10_mixed_to_amputee,db10_mixed_to_amputee|S113,plain_conf_threshold_matched_tau_0.15,S113,ex1,,840,0.33690476190476193,0.28095238095238095,0.4797619047619048,0.2,0.2,0.2,0.2
db10,db10_mixed_to_amputee,db10_mixed_to_amputee|S113,plain_conf_threshold_matched_tau_0.20,S113,ex1,,840,0.36428571428571427,0.3011904761904762,0.4785714285714286,0.2,0.2,0.2,0.2
db10,db10_mixed_to_amputee,db10_mixed_to_amputee|S113,selective_prediction,S113,ex1,,840,0.2857142857142857,0.07857142857142857,0.4869047619047619,0.2,0.2,0.2,0.2
db10,db10_mixed_to_amputee,db10_mixed_to_amputee|S113,set_acsa_tau_0.02,S113,ex1,,840,0.23214285714285715,0.0869047619047619,0.41309523809523807,0.4,0.2,0.4,0.8
db10,db10_mixed_to_amputee,db10_mixed_to_amputee|S113,set_acsa_tau_0.05,S113,ex1,,840,0.3678571428571429,0.23095238095238096,0.3119047619047619,0.2,0.2,0.2,0.4
db10,db10_mixed_to_amputee,db10_mixed_to_amputee|S113,set_acsa_tau_0.10,S113,ex1,,840,0.4238095238095238,0.30833333333333335,0.37857142857142856,0.2,0.2,0.2,0.2
db10,db10_mixed_to_amputee,db10_mixed_to_amputee|S113,set_acsa_tau_0.15,S113,ex1,,840,0.43452380952380953,0.34285714285714286,0.4119047619047619,0.2,0.2,0.2,0.2
db10,db10_mixed_to_amputee,db10_mixed_to_amputee|S113,set_acsa_tau_0.20,S113,ex1,,840,0.4392857142857143,0.35833333333333334,0.42738095238095236,0.2,0.2,0.2,0.2
db10,db10_mixed_to_amputee,db10_mixed_to_amputee|S113,user_only,S113,ex1,,840,0.0,0.0,0.44047619047619047,,0.2,,
db10,db10_mixed_to_amputee,db10_mixed_to_amputee|S114,agency_margin_tau_0.02,S114,ex1,,840,0.37976190476190474,0.20833333333333334,0.325,0.4,0.2,0.4,0.8
db10,db10_mixed_to_amputee,db10_mixed_to_amputee|S114,agency_margin_tau_0.05,S114,ex1,,840,0.5976190476190476,0.35833333333333334,0.4297619047619048,0.2,0.2,0.4,0.8
db10,db10_mixed_to_amputee,db10_mixed_to_amputee|S114,agency_margin_tau_0.10,S114,ex1,,840,0.763095238095238,0.513095238095238,0.5607142857142857,0.2,0.2,0.2,0.4
db10,db10_mixed_to_amputee,db10_mixed_to_amputee|S114,agency_margin_tau_0.15,S114,ex1,,840,0.805952380952381,0.6154761904761905,0.6595238095238095,0.2,0.2,0.2,0.2
db10,db10_mixed_to_amputee,db10_mixed_to_amputee|S114,agency_margin_tau_0.20,S114,ex1,,840,0.794047619047619,0.6428571428571429,0.6845238095238095,0.2,0.2,0.2,0.2
db10,db10_mixed_to_amputee,db10_mixed_to_amputee|S114,assist_only,S114,ex1,,840,0.7952380952380952,0.655952380952381,0.6964285714285714,0.2,0.2,0.2,0.2
db10,db10_mixed_to_amputee,db10_mixed_to_amputee|S114,confidence_blend_alpha_0.25,S114,ex1,,840,0.8095238095238095,0.6476190476190476,0.6904761904761905,0.2,0.2,0.2,0.2
db10,db10_mixed_to_amputee,db10_mixed_to_amputee|S114,confidence_blend_alpha_0.50,S114,ex1,,840,0.8071428571428572,0.6523809523809524,0.6916666666666667,0.2,0.2,0.2,0.2
db10,db10_mixed_to_amputee,db10_mixed_to_amputee|S114,confidence_blend_alpha_0.75,S114,ex1,,840,0.7988095238095239,0.6535714285714286,0.694047619047619,0.2,0.2,0.2,0.2
db10,db10_mixed_to_amputee,db10_mixed_to_amputee|S114,plain_conf_threshold_matched_tau_0.02,S114,ex1,,840,0.08333333333333333,0.04880952380952381,0.29285714285714287,0.2,0.2,0.4,0.6
db10,db10_mixed_to_amputee,db10_mixed_to_amputee|S114,plain_conf_threshold_matched_tau_0.05,S114,ex1,,840,0.32142857142857145,0.21904761904761905,0.4666666666666667,0.2,0.2,0.4,0.4
db10,db10_mixed_to_amputee,db10_mixed_to_amputee|S114,plain_conf_threshold_matched_tau_0.10,S114,ex1,,840,0.6095238095238096,0.4607142857142857,0.5583333333333333,0.2,0.2,0.2,0.4
db10,db10_mixed_to_amputee,db10_mixed_to_amputee|S114,plain_conf_threshold_matched_tau_0.15,S114,ex1,,840,0.719047619047619,0.5535714285714286,0.611904761904762,0.2,0.2,0.2,0.2
db10,db10_mixed_to_amputee,db10_mixed_to_amputee|S114,plain_conf_threshold_matched_tau_0.20,S114,ex1,,840,0.7333333333333333,0.575,0.6309523809523809,0.2,0.2,0.2,0.2
db10,db10_mixed_to_amputee,db10_mixed_to_amputee|S114,selective_prediction,S114,ex1,,840,0.6404761904761904,0.24285714285714285,0.37023809523809526,0.2,0.2,0.2,0.2
db10,db10_mixed_to_amputee,db10_mixed_to_amputee|S114,set_acsa_tau_0.02,S114,ex1,,840,0.30357142857142855,0.15476190476190477,0.27976190476190477,0.4,0.4,0.4,0.8
db10,db10_mixed_to_amputee,db10_mixed_to_amputee|S114,set_acsa_tau_0.05,S114,ex1,,840,0.5202380952380953,0.29642857142857143,0.3738095238095238,0.4,0.2,0.4,0.6
db10,db10_mixed_to_amputee,db10_mixed_to_amputee|S114,set_acsa_tau_0.10,S114,ex1,,840,0.7273809523809524,0.48095238095238096,0.5297619047619048,0.2,0.2,0.2,0.4
db10,db10_mixed_to_amputee,db10_mixed_to_amputee|S114,set_acsa_tau_0.15,S114,ex1,,840,0.7833333333333333,0.6083333333333333,0.6523809523809524,0.2,0.2,0.2,0.2
db10,db10_mixed_to_amputee,db10_mixed_to_amputee|S114,set_acsa_tau_0.20,S114,ex1,,840,0.7916666666666666,0.6416666666666667,0.6833333333333333,0.2,0.2,0.2,0.2
db10,db10_mixed_to_amputee,db10_mixed_to_amputee|S114,user_only,S114,ex1,,840,0.0,0.0,0.17857142857142858,,0.4,,
db10,db10_mixed_to_amputee,db10_mixed_to_amputee|S115,agency_margin_tau_0.02,S115,ex1,,840,0.14642857142857144,0.0630952380952381,0.1357142857142857,0.4,0.4,0.4,0.6
db10,db10_mixed_to_amputee,db10_mixed_to_amputee|S115,agency_margin_tau_0.05,S115,ex1,,840,0.3202380952380952,0.12023809523809524,0.15595238095238095,0.2,0.4,0.4,0.8
db10,db10_mixed_to_amputee,db10_mixed_to_amputee|S115,agency_margin_tau_0.10,S115,ex1,,840,0.45357142857142857,0.19285714285714287,0.21071428571428572,0.2,0.2,0.2,0.6
db10,db10_mixed_to_amputee,db10_mixed_to_amputee|S115,agency_margin_tau_0.15,S115,ex1,,840,0.475,0.22857142857142856,0.24404761904761904,0.2,0.2,0.2,0.5
db10,db10_mixed_to_amputee,db10_mixed_to_amputee|S115,agency_margin_tau_0.20,S115,ex1,,840,0.48095238095238096,0.23452380952380952,0.2488095238095238,0.2,0.2,0.2,0.4
db10,db10_mixed_to_amputee,db10_mixed_to_amputee|S115,assist_only,S115,ex1,,840,0.49047619047619045,0.25,0.2642857142857143,0.2,0.2,0.2,0.4
db10,db10_mixed_to_amputee,db10_mixed_to_amputee|S115,confidence_blend_alpha_0.25,S115,ex1,,840,0.4011904761904762,0.18333333333333332,0.20952380952380953,0.2,0.2,0.2,0.4
db10,db10_mixed_to_amputee,db10_mixed_to_amputee|S115,confidence_blend_alpha_0.50,S115,ex1,,840,0.47619047619047616,0.21904761904761905,0.2357142857142857,0.2,0.2,0.2,0.4
db10,db10_mixed_to_amputee,db10_mixed_to_amputee|S115,confidence_blend_alpha_0.75,S115,ex1,,840,0.49047619047619045,0.24761904761904763,0.2630952380952381,0.2,0.2,0.2,0.4
db10,db10_mixed_to_amputee,db10_mixed_to_amputee|S115,plain_conf_threshold_matched_tau_0.02,S115,ex1,,840,0.010714285714285714,0.0035714285714285713,0.11428571428571428,0.2,0.4,0.6,0.8
db10,db10_mixed_to_amputee,db10_mixed_to_amputee|S115,plain_conf_threshold_matched_tau_0.05,S115,ex1,,840,0.05952380952380952,0.02619047619047619,0.1357142857142857,0.2,0.4,0.4,0.6
db10,db10_mixed_to_amputee,db10_mixed_to_amputee|S115,plain_conf_threshold_matched_tau_0.10,S115,ex1,,840,0.13690476190476192,0.06428571428571428,0.15,0.2,0.2,0.2,0.5
db10,db10_mixed_to_amputee,db10_mixed_to_amputee|S115,plain_conf_threshold_matched_tau_0.15,S115,ex1,,840,0.1880952380952381,0.08452380952380953,0.15714285714285714,0.2,0.2,0.2,0.4
db10,db10_mixed_to_amputee,db10_mixed_to_amputee|S115,plain_conf_threshold_matched_tau_0.20,S115,ex1,,840,0.20952380952380953,0.09047619047619047,0.1630952380952381,0.2,0.2,0.2,0.4
db10,db10_mixed_to_amputee,db10_mixed_to_amputee|S115,selective_prediction,S115,ex1,,840,0.14047619047619048,0.015476190476190477,0.12142857142857143,0.2,0.2,0.2,0.6
db10,db10_mixed_to_amputee,db10_mixed_to_amputee|S115,set_acsa_tau_0.02,S115,ex1,,840,0.10238095238095238,0.04404761904761905,0.1261904761904762,0.4,0.4,0.5,0.8
db10,db10_mixed_to_amputee,db10_mixed_to_amputee|S115,set_acsa_tau_0.05,S115,ex1,,840,0.26904761904761904,0.10714285714285714,0.15119047619047618,0.4,0.4,0.4,0.8
db10,db10_mixed_to_amputee,db10_mixed_to_amputee|S115,set_acsa_tau_0.10,S115,ex1,,840,0.44047619047619047,0.18571428571428572,0.20357142857142857,0.2,0.2,0.2,0.6
db10,db10_mixed_to_amputee,db10_mixed_to_amputee|S115,set_acsa_tau_0.15,S115,ex1,,840,0.475,0.22857142857142856,0.24404761904761904,0.2,0.2,0.2,0.5
db10,db10_mixed_to_amputee,db10_mixed_to_amputee|S115,set_acsa_tau_0.20,S115,ex1,,840,0.48095238095238096,0.23452380952380952,0.2488095238095238,0.2,0.2,0.2,0.4
db10,db10_mixed_to_amputee,db10_mixed_to_amputee|S115,user_only,S115,ex1,,840,0.0,0.0,0.11190476190476191,,0.4,,

