dataset_id,split_family,comparison_family,tau,policy_a,policy_b_same_tau,policy_b,metric,split_id,subject_id,session,agency_intervention_rate,plain_conf_same_tau_intervention_rate,raw_intervention_rate_gap,nearest_curve_budget_gap,curve_budget_extrapolated,curve_supported,curve_metric_point_count,agency_value,plain_conf_same_tau_value,plain_conf_iso_budget_value,delta_same_tau,delta_iso_budget,directional_delta_same_tau,directional_delta_iso_budget
db10,db10_able_to_amputee,agency_vs_plain_conf_iso_budget,0.02,agency_margin_tau_0.02,plain_conf_threshold_matched_tau_0.02,plain_conf_threshold_iso_budget_curve,final_correct_rate,db10_able_to_amputee|S101,S101,ex1,0.23,0.295,-0.06499999999999997,0.06499999999999997,True,False,5,0.46904761904761905,0.5869047619047619,,-0.11785714285714288,,-0.11785714285714288,
db10,db10_able_to_amputee,agency_vs_plain_conf_iso_budget,0.02,agency_margin_tau_0.02,plain_conf_threshold_matched_tau_0.02,plain_conf_threshold_iso_budget_curve,final_correct_rate,db10_able_to_amputee|S102,S102,ex1,0.27476190476190476,0.1980952380952381,0.07666666666666666,0.07666666666666666,False,True,5,0.4011904761904762,0.3964285714285714,0.4356331168831169,0.0047619047619048005,-0.03444264069264069,0.0047619047619048005,-0.03444264069264069
db10,db10_able_to_amputee,agency_vs_plain_conf_iso_budget,0.02,agency_margin_tau_0.02,plain_conf_threshold_matched_tau_0.02,plain_conf_threshold_iso_budget_curve,final_correct_rate,db10_able_to_amputee|S103,S103,ex1,0.1711904761904762,0.2342857142857143,-0.0630952380952381,0.0630952380952381,True,False,5,0.39404761904761904,0.5154761904761904,,-0.12142857142857139,,-0.12142857142857139,
db10,db10_able_to_amputee,agency_vs_plain_conf_iso_budget,0.02,agency_margin_tau_0.02,plain_conf_threshold_matched_tau_0.02,plain_conf_threshold_iso_budget_curve,final_correct_rate,db10_able_to_amputee|S104,S104,ex1,0.24952380952380954,0.25452380952380954,-0.0050000000000000044,0.0050000000000000044,True,False,5,0.4488095238095238,0.5535714285714286,,-0.10476190476190478,,-0.10476190476190478,
db10,db10_able_to_amputee,agency_vs_plain_conf_iso_budget,0.02,agency_margin_tau_0.02,plain_conf_threshold_matched_tau_0.02,plain_conf_threshold_iso_budget_curve,final_correct_rate,db10_able_to_amputee|S105,S105,ex1,0.11738095238095238,0.20452380952380952,-0.08714285714285715,0.08714285714285715,True,False,5,0.2630952380952381,0.40476190476190477,,-0.14166666666666666,,-0.14166666666666666,
db10,db10_able_to_amputee,agency_vs_plain_conf_iso_budget,0.02,agency_margin_tau_0.02,plain_conf_threshold_matched_tau_0.02,plain_conf_threshold_iso_budget_curve,final_correct_rate,db10_able_to_amputee|S106,S106,ex1,0.11166666666666666,0.23761904761904762,-0.12595238095238095,0.12595238095238095,True,False,5,0.30714285714285716,0.42142857142857143,,-0.11428571428571427,,-0.11428571428571427,
db10,db10_able_to_amputee,agency_vs_plain_conf_iso_budget,0.02,agency_margin_tau_0.02,plain_conf_threshold_matched_tau_0.02,plain_conf_threshold_iso_budget_curve,final_correct_rate,db10_able_to_amputee|S107,S107,ex1,0.20404761904761906,0.23,-0.02595238095238095,0.02595238095238095,True,False,5,0.34523809523809523,0.38333333333333336,,-0.038095238095238126,,-0.038095238095238126,
db10,db10_able_to_amputee,agency_vs_plain_conf_iso_budget,0.02,agency_margin_tau_0.02,plain_conf_threshold_matched_tau_0.02,plain_conf_threshold_iso_budget_curve,final_correct_rate,db10_able_to_amputee|S108,S108,ex1,0.0,0.005238095238095238,-0.005238095238095238,0.005238095238095238,True,False,5,0.05,0.05238095238095238,,-0.0023809523809523794,,-0.0023809523809523794,
db10,db10_able_to_amputee,agency_vs_plain_conf_iso_budget,0.02,agency_margin_tau_0.02,plain_conf_threshold_matched_tau_0.02,plain_conf_threshold_iso_budget_curve,final_correct_rate,db10_able_to_amputee|S109,S109,ex1,0.17476190476190476,0.2030952380952381,-0.02833333333333335,0.02833333333333335,True,False,5,0.42857142857142855,0.48095238095238096,,-0.05238095238095242,,-0.05238095238095242,
db10,db10_able_to_amputee,agency_vs_plain_conf_iso_budget,0.02,agency_margin_tau_0.02,plain_conf_threshold_matched_tau_0.02,plain_conf_threshold_iso_budget_curve,final_correct_rate,db10_able_to_amputee|S110,S110,ex1,0.06333333333333334,0.06357142857142857,-0.0002380952380952317,0.0002380952380952317,True,False,5,0.39285714285714285,0.37857142857142856,,0.01428571428571429,,0.01428571428571429,
db10,db10_able_to_amputee,agency_vs_plain_conf_iso_budget,0.02,agency_margin_tau_0.02,plain_conf_threshold_matched_tau_0.02,plain_conf_threshold_iso_budget_curve,final_correct_rate,db10_able_to_amputee|S111,S111,ex1,0.1473809523809524,0.2342857142857143,-0.0869047619047619,0.0869047619047619,True,False,5,0.3773809523809524,0.5,,-0.12261904761904763,,-0.12261904761904763,
db10,db10_able_to_amputee,agency_vs_plain_conf_iso_budget,0.02,agency_margin_tau_0.02,plain_conf_threshold_matched_tau_0.02,plain_conf_threshold_iso_budget_curve,final_correct_rate,db10_able_to_amputee|S112,S112,ex1,0.24095238095238095,0.15904761904761905,0.0819047619047619,0.0819047619047619,False,True,5,0.46904761904761905,0.4857142857142857,0.5192372524230932,-0.016666666666666663,-0.05018963337547411,-0.016666666666666663,-0.05018963337547411
db10,db10_able_to_amputee,agency_vs_plain_conf_iso_budget,0.02,agency_margin_tau_0.02,plain_conf_threshold_matched_tau_0.02,plain_conf_threshold_iso_budget_curve,final_correct_rate,db10_able_to_amputee|S113,S113,ex1,0.19404761904761905,0.11666666666666667,0.07738095238095238,0.07738095238095238,False,True,5,0.4226190476190476,0.4238095238095238,0.43191830624465355,-0.0011904761904761862,-0.009299258625605933,-0.0011904761904761862,-0.009299258625605933
db10,db10_able_to_amputee,agency_vs_plain_conf_iso_budget,0.02,agency_margin_tau_0.02,plain_conf_threshold_matched_tau_0.02,plain_conf_threshold_iso_budget_curve,final_correct_rate,db10_able_to_amputee|S114,S114,ex1,0.06690476190476191,0.16333333333333333,-0.09642857142857142,0.09642857142857142,True,False,5,0.45714285714285713,0.5226190476190476,,-0.06547619047619052,,-0.06547619047619052,
db10,db10_able_to_amputee,agency_vs_plain_conf_iso_budget,0.02,agency_margin_tau_0.02,plain_conf_threshold_matched_tau_0.02,plain_conf_threshold_iso_budget_curve,final_correct_rate,db10_able_to_amputee|S115,S115,ex1,0.20714285714285716,0.2538095238095238,-0.04666666666666666,0.04666666666666666,True,False,5,0.30357142857142855,0.3345238095238095,,-0.030952380952380953,,-0.030952380952380953,
db10,db10_able_to_amputee,agency_vs_plain_conf_iso_budget,0.05,agency_margin_tau_0.05,plain_conf_threshold_matched_tau_0.05,plain_conf_threshold_iso_budget_curve,final_correct_rate,db10_able_to_amputee|S101,S101,ex1,0.4154761904761905,0.4711904761904762,-0.055714285714285716,0.055714285714285716,False,True,5,0.5333333333333333,0.6952380952380952,0.6609813384813384,-0.16190476190476188,-0.12764800514800512,-0.16190476190476188,-0.12764800514800512
db10,db10_able_to_amputee,agency_vs_plain_conf_iso_budget,0.05,agency_margin_tau_0.05,plain_conf_threshold_matched_tau_0.05,plain_conf_threshold_iso_budget_curve,final_correct_rate,db10_able_to_amputee|S102,S102,ex1,0.51,0.38666666666666666,0.12333333333333335,0.030714285714285694,False,True,5,0.4583333333333333,0.4928571428571429,0.5614815632589977,-0.03452380952380957,-0.10314822992566436,-0.03452380952380957,-0.10314822992566436
db10,db10_able_to_amputee,agency_vs_plain_conf_iso_budget,0.05,agency_margin_tau_0.05,plain_conf_threshold_matched_tau_0.05,plain_conf_threshold_iso_budget_curve,final_correct_rate,db10_able_to_amputee|S103,S103,ex1,0.33214285714285713,0.4247619047619048,-0.09261904761904766,0.09261904761904766,False,True,5,0.4297619047619048,0.611904761904762,0.565016369047619,-0.18214285714285716,-0.1352544642857142,-0.18214285714285716,-0.1352544642857142
db10,db10_able_to_amputee,agency_vs_plain_conf_iso_budget,0.05,agency_margin_tau_0.05,plain_conf_threshold_matched_tau_0.05,plain_conf_threshold_iso_budget_curve,final_correct_rate,db10_able_to_amputee|S104,S104,ex1,0.46,0.4278571428571429,0.03214285714285714,0.03214285714285714,False,True,5,0.4523809523809524,0.6345238095238095,0.6395133053221288,-0.1821428571428571,-0.18713235294117642,-0.1821428571428571,-0.18713235294117642
db10,db10_able_to_amputee,agency_vs_plain_conf_iso_budget,0.05,agency_margin_tau_0.05,plain_conf_threshold_matched_tau_0.05,plain_conf_threshold_iso_budget_curve,final_correct_rate,db10_able_to_amputee|S105,S105,ex1,0.27,0.4319047619047619,-0.16190476190476188,0.0654761904761905,False,True,5,0.36547619047619045,0.5571428571428572,0.4486412365993518,-0.1916666666666667,-0.08316504612316133,-0.1916666666666667,-0.08316504612316133
db10,db10_able_to_amputee,agency_vs_plain_conf_iso_budget,0.05,agency_margin_tau_0.05,plain_conf_threshold_matched_tau_0.05,plain_conf_threshold_iso_budget_curve,final_correct_rate,db10_able_to_amputee|S106,S106,ex1,0.27904761904761904,0.47619047619047616,-0.19714285714285712,0.041428571428571426,False,True,5,0.36428571428571427,0.530952380952381,0.4404476760764186,-0.16666666666666669,-0.07616196179070434,-0.16666666666666669,-0.07616196179070434
db10,db10_able_to_amputee,agency_vs_plain_conf_iso_budget,0.05,agency_margin_tau_0.05,plain_conf_threshold_matched_tau_0.05,plain_conf_threshold_iso_budget_curve,final_correct_rate,db10_able_to_amputee|S107,S107,ex1,0.43523809523809526,0.46214285714285713,-0.026904761904761876,0.026904761904761876,False,True,5,0.4142857142857143,0.4773809523809524,0.4664810744810745,-0.0630952380952381,-0.052195360195360196,-0.0630952380952381,-0.052195360195360196
db10,db10_able_to_amputee,agency_vs_plain_conf_iso_budget,0.05,agency_margin_tau_0.05,plain_conf_threshold_matched_tau_0.05,plain_conf_threshold_iso_budget_curve,final_correct_rate,db10_able_to_amputee|S108,S108,ex1,0.0,0.04476190476190476,-0.04476190476190476,0.005238095238095238,True,False,5,0.05,0.07261904761904762,,-0.022619047619047622,,-0.022619047619047622,
db10,db10_able_to_amputee,agency_vs_plain_conf_iso_budget,0.05,agency_margin_tau_0.05,plain_conf_threshold_matched_tau_0.05,plain_conf_threshold_iso_budget_curve,final_correct_rate,db10_able_to_amputee|S109,S109,ex1,0.35619047619047617,0.39380952380952383,-0.03761904761904766,0.03761904761904766,False,True,5,0.45595238095238094,0.5738095238095238,0.5554931335830212,-0.11785714285714283,-0.09954075263064027,-0.11785714285714283,-0.09954075263064027
db10,db10_able_to_amputee,agency_vs_plain_conf_iso_budget,0.05,agency_margin_tau_0.05,plain_conf_threshold_matched_tau_0.05,plain_conf_threshold_iso_budget_curve,final_correct_rate,db10_able_to_amputee|S110,S110,ex1,0.15904761904761905,0.22023809523809523,-0.061190476190476184,0.061190476190476184,False,True,5,0.41785714285714287,0.4083333333333333,0.3967090027500362,0.009523809523809545,0.021148140107106694,0.009523809523809545,0.021148140107106694
db10,db10_able_to_amputee,agency_vs_plain_conf_iso_budget,0.05,agency_margin_tau_0.05,plain_conf_threshold_matched_tau_0.05,plain_conf_threshold_iso_budget_curve,final_correct_rate,db10_able_to_amputee|S111,S111,ex1,0.3433333333333333,0.42238095238095236,-0.07904761904761903,0.07904761904761903,False,True,5,0.45,0.638095238095238,0.5800602772754672,-0.18809523809523804,-0.13006027727546715,-0.18809523809523804,-0.13006027727546715
db10,db10_able_to_amputee,agency_vs_plain_conf_iso_budget,0.05,agency_margin_tau_0.05,plain_conf_threshold_matched_tau_0.05,plain_conf_threshold_iso_budget_curve,final_correct_rate,db10_able_to_amputee|S112,S112,ex1,0.4711904761904762,0.3742857142857143,0.09690476190476194,0.06690476190476186,False,True,5,0.42738095238095236,0.5738095238095238,0.5914157668881506,-0.1464285714285714,-0.1640348145071982,-0.1464285714285714,-0.1640348145071982
db10,db10_able_to_amputee,agency_vs_plain_conf_iso_budget,0.05,agency_margin_tau_0.05,plain_conf_threshold_matched_tau_0.05,plain_conf_threshold_iso_budget_curve,final_correct_rate,db10_able_to_amputee|S113,S113,ex1,0.5102380952380953,0.35523809523809524,0.15500000000000003,0.0423809523809523,False,True,5,0.32261904761904764,0.4488095238095238,0.4432003561376299,-0.1261904761904762,-0.12058130851858229,-0.1261904761904762,-0.12058130851858229
db10,db10_able_to_amputee,agency_vs_plain_conf_iso_budget,0.05,agency_margin_tau_0.05,plain_conf_threshold_matched_tau_0.05,plain_conf_threshold_iso_budget_curve,final_correct_rate,db10_able_to_amputee|S114,S114,ex1,0.18404761904761904,0.31357142857142856,-0.1295238095238095,0.020714285714285713,False,True,5,0.4976190476190476,0.5964285714285714,0.5327956380650517,-0.09880952380952379,-0.035176590446004075,-0.09880952380952379,-0.035176590446004075
db10,db10_able_to_amputee,agency_vs_plain_conf_iso_budget,0.05,agency_margin_tau_0.05,plain_conf_threshold_matched_tau_0.05,plain_conf_threshold_iso_budget_curve,final_correct_rate,db10_able_to_amputee|S115,S115,ex1,0.48857142857142855,0.4895238095238095,-0.0009523809523809823,0.0009523809523809823,False,True,5,0.4380952380952381,0.4511904761904762,0.45071909571909574,-0.013095238095238104,-0.012623857623857648,-0.013095238095238104,-0.012623857623857648
db10,db10_able_to_amputee,agency_vs_plain_conf_iso_budget,0.10,agency_margin_tau_0.10,plain_conf_threshold_matched_tau_0.10,plain_conf_threshold_iso_budget_curve,final_correct_rate,db10_able_to_amputee|S101,S101,ex1,0.5530952380952381,0.5911904761904762,-0.03809523809523807,0.03809523809523807,False,True,5,0.611904761904762,0.7476190476190476,0.7309901738473167,-0.13571428571428568,-0.11908541194255473,-0.13571428571428568,-0.11908541194255473
db10,db10_able_to_amputee,agency_vs_plain_conf_iso_budget,0.10,agency_margin_tau_0.10,plain_conf_threshold_matched_tau_0.10,plain_conf_threshold_iso_budget_curve,final_correct_rate,db10_able_to_amputee|S102,S102,ex1,0.6845238095238095,0.5407142857142857,0.14380952380952383,0.0357142857142857,True,False,5,0.5333333333333333,0.5785714285714286,,-0.0452380952380953,,-0.0452380952380953,
db10,db10_able_to_amputee,agency_vs_plain_conf_iso_budget,0.10,agency_margin_tau_0.10,plain_conf_threshold_matched_tau_0.10,plain_conf_threshold_iso_budget_curve,final_correct_rate,db10_able_to_amputee|S103,S103,ex1,0.47214285714285714,0.5638095238095238,-0.09166666666666662,0.04738095238095236,False,True,5,0.44761904761904764,0.6642857142857143,0.6297537508153946,-0.21666666666666662,-0.182134703196347,-0.21666666666666662,-0.182134703196347
db10,db10_able_to_amputee,agency_vs_plain_conf_iso_budget,0.10,agency_margin_tau_0.10,plain_conf_threshold_matched_tau_0.10,plain_conf_threshold_iso_budget_curve,final_correct_rate,db10_able_to_amputee|S104,S104,ex1,0.6035714285714285,0.5735714285714286,0.029999999999999916,0.029999999999999916,False,True,5,0.5023809523809524,0.6571428571428571,0.6656837824097611,-0.15476190476190477,-0.16330283002880874,-0.15476190476190477,-0.16330283002880874
db10,db10_able_to_amputee,agency_vs_plain_conf_iso_budget,0.10,agency_margin_tau_0.10,plain_conf_threshold_matched_tau_0.10,plain_conf_threshold_iso_budget_curve,final_correct_rate,db10_able_to_amputee|S105,S105,ex1,0.4607142857142857,0.6121428571428571,-0.1514285714285714,0.028809523809523785,False,True,5,0.4583333333333333,0.6178571428571429,0.566847518399698,-0.15952380952380957,-0.10851418506636473,-0.15952380952380957,-0.10851418506636473
db10,db10_able_to_amputee,agency_vs_plain_conf_iso_budget,0.10,agency_margin_tau_0.10,plain_conf_threshold_matched_tau_0.10,plain_conf_threshold_iso_budget_curve,final_correct_rate,db10_able_to_amputee|S106,S106,ex1,0.5161904761904762,0.6335714285714286,-0.11738095238095236,0.040000000000000036,False,True,5,0.44285714285714284,0.5797619047619048,0.5433578272458757,-0.13690476190476197,-0.10050068438873283,-0.13690476190476197,-0.10050068438873283
db10,db10_able_to_amputee,agency_vs_plain_conf_iso_budget,0.10,agency_margin_tau_0.10,plain_conf_threshold_matched_tau_0.10,plain_conf_threshold_iso_budget_curve,final_correct_rate,db10_able_to_amputee|S107,S107,ex1,0.6466666666666666,0.6030952380952381,0.04357142857142848,0.03214285714285725,False,True,5,0.41904761904761906,0.5166666666666667,0.5283131176999102,-0.09761904761904766,-0.10926549865229113,-0.09761904761904766,-0.10926549865229113
db10,db10_able_to_amputee,agency_vs_plain_conf_iso_budget,0.10,agency_margin_tau_0.10,plain_conf_threshold_matched_tau_0.10,plain_conf_threshold_iso_budget_curve,final_correct_rate,db10_able_to_amputee|S108,S108,ex1,0.0,0.22285714285714286,-0.22285714285714286,0.005238095238095238,True,False,5,0.05,0.17142857142857143,,-0.12142857142857143,,-0.12142857142857143,
db10,db10_able_to_amputee,agency_vs_plain_conf_iso_budget,0.10,agency_margin_tau_0.10,plain_conf_threshold_matched_tau_0.10,plain_conf_threshold_iso_budget_curve,final_correct_rate,db10_able_to_amputee|S109,S109,ex1,0.5507142857142857,0.535,0.01571428571428568,0.01571428571428568,False,True,5,0.5464285714285714,0.6166666666666667,0.6195238095238096,-0.07023809523809532,-0.07309523809523821,-0.07023809523809532,-0.07309523809523821
db10,db10_able_to_amputee,agency_vs_plain_conf_iso_budget,0.10,agency_margin_tau_0.10,plain_conf_threshold_matched_tau_0.10,plain_conf_threshold_iso_budget_curve,final_correct_rate,db10_able_to_amputee|S110,S110,ex1,0.36,0.3954761904761905,-0.035476190476190494,0.035476190476190494,False,True,5,0.4107142857142857,0.4297619047619048,0.4254237836438924,-0.01904761904761909,-0.014709497929606685,-0.01904761904761909,-0.014709497929606685
db10,db10_able_to_amputee,agency_vs_plain_conf_iso_budget,0.10,agency_margin_tau_0.10,plain_conf_threshold_matched_tau_0.10,plain_conf_threshold_iso_budget_curve,final_correct_rate,db10_able_to_amputee|S111,S111,ex1,0.5092857142857142,0.5788095238095238,-0.06952380952380954,0.06952380952380954,False,True,5,0.5297619047619048,0.675,0.6585978835978836,-0.14523809523809528,-0.12883597883597886,-0.14523809523809528,-0.12883597883597886
db10,db10_able_to_amputee,agency_vs_plain_conf_iso_budget,0.10,agency_margin_tau_0.10,plain_conf_threshold_matched_tau_0.10,plain_conf_threshold_iso_budget_curve,final_correct_rate,db10_able_to_amputee|S112,S112,ex1,0.6159523809523809,0.5380952380952381,0.07785714285714285,0.010714285714285787,False,True,5,0.43333333333333335,0.6035714285714285,0.6129896313364056,-0.1702380952380952,-0.17965629800307226,-0.1702380952380952,-0.17965629800307226
db10,db10_able_to_amputee,agency_vs_plain_conf_iso_budget,0.10,agency_margin_tau_0.10,plain_conf_threshold_matched_tau_0.10,plain_conf_threshold_iso_budget_curve,final_correct_rate,db10_able_to_amputee|S113,S113,ex1,0.7209523809523809,0.5526190476190476,0.16833333333333333,0.0473809523809523,True,False,5,0.2916666666666667,0.44166666666666665,,-0.14999999999999997,,-0.14999999999999997,
db10,db10_able_to_amputee,agency_vs_plain_conf_iso_budget,0.10,agency_margin_tau_0.10,plain_conf_threshold_matched_tau_0.10,plain_conf_threshold_iso_budget_curve,final_correct_rate,db10_able_to_amputee|S114,S114,ex1,0.33380952380952383,0.43,-0.09619047619047616,0.020238095238095277,False,True,5,0.5702380952380952,0.6476190476190476,0.6053267114616808,-0.07738095238095244,-0.03508861622358561,-0.07738095238095244,-0.03508861622358561
db10,db10_able_to_amputee,agency_vs_plain_conf_iso_budget,0.10,agency_margin_tau_0.10,plain_conf_threshold_matched_tau_0.10,plain_conf_threshold_iso_budget_curve,final_correct_rate,db10_able_to_amputee|S115,S115,ex1,0.6295238095238095,0.59,0.03952380952380952,0.002619047619047632,False,True,5,0.4869047619047619,0.48333333333333334,0.4956147430723702,0.0035714285714285587,-0.008709981167608294,0.0035714285714285587,-0.008709981167608294
db10,db10_able_to_amputee,agency_vs_plain_conf_iso_budget,0.15,agency_margin_tau_0.15,plain_conf_threshold_matched_tau_0.15,plain_conf_threshold_iso_budget_curve,final_correct_rate,db10_able_to_amputee|S101,S101,ex1,0.6357142857142857,0.6557142857142857,-0.020000000000000018,0.020000000000000018,False,True,5,0.6726190476190477,0.763095238095238,0.7582981901247584,-0.09047619047619038,-0.08567914250571074,-0.09047619047619038,-0.08567914250571074
db10,db10_able_to_amputee,agency_vs_plain_conf_iso_budget,0.15,agency_margin_tau_0.15,plain_conf_threshold_matched_tau_0.15,plain_conf_threshold_iso_budget_curve,final_correct_rate,db10_able_to_amputee|S102,S102,ex1,0.7626190476190476,0.6226190476190476,0.14,0.1138095238095238,True,False,5,0.5880952380952381,0.5976190476190476,,-0.00952380952380949,,-0.00952380952380949,
db10,db10_able_to_amputee,agency_vs_plain_conf_iso_budget,0.15,agency_margin_tau_0.15,plain_conf_threshold_matched_tau_0.15,plain_conf_threshold_iso_budget_curve,final_correct_rate,db10_able_to_amputee|S103,S103,ex1,0.5264285714285715,0.6457142857142857,-0.11928571428571422,0.03738095238095229,False,True,5,0.47023809523809523,0.6761904761904762,0.6502038486627528,-0.205952380952381,-0.1799657534246576,-0.205952380952381,-0.1799657534246576
db10,db10_able_to_amputee,agency_vs_plain_conf_iso_budget,0.15,agency_margin_tau_0.15,plain_conf_threshold_matched_tau_0.15,plain_conf_threshold_iso_budget_curve,final_correct_rate,db10_able_to_amputee|S104,S104,ex1,0.6707142857142857,0.6404761904761904,0.030238095238095286,0.005714285714285672,True,False,5,0.5571428571428572,0.6761904761904762,,-0.11904761904761907,,-0.11904761904761907,
db10,db10_able_to_amputee,agency_vs_plain_conf_iso_budget,0.15,agency_margin_tau_0.15,plain_conf_threshold_matched_tau_0.15,plain_conf_threshold_iso_budget_curve,final_correct_rate,db10_able_to_amputee|S105,S105,ex1,0.5995238095238096,0.7004761904761905,-0.1009523809523809,0.01261904761904753,False,True,5,0.5428571428571428,0.6547619047619048,0.6136063408190225,-0.11190476190476195,-0.07074919796187973,-0.11190476190476195,-0.07074919796187973
db10,db10_able_to_amputee,agency_vs_plain_conf_iso_budget,0.15,agency_margin_tau_0.15,plain_conf_threshold_matched_tau_0.15,plain_conf_threshold_iso_budget_curve,final_correct_rate,db10_able_to_amputee|S106,S106,ex1,0.6335714285714286,0.7157142857142857,-0.08214285714285718,0.0,False,True,5,0.4714285714285714,0.5952380952380952,0.5797619047619048,-0.12380952380952381,-0.10833333333333339,-0.12380952380952381,-0.10833333333333339
db10,db10_able_to_amputee,agency_vs_plain_conf_iso_budget,0.15,agency_margin_tau_0.15,plain_conf_threshold_matched_tau_0.15,plain_conf_threshold_iso_budget_curve,final_correct_rate,db10_able_to_amputee|S107,S107,ex1,0.7421428571428571,0.6788095238095239,0.06333333333333324,0.03523809523809518,True,False,5,0.45714285714285713,0.5369047619047619,,-0.07976190476190476,,-0.07976190476190476,
db10,db10_able_to_amputee,agency_vs_plain_conf_iso_budget,0.15,agency_margin_tau_0.15,plain_conf_threshold_matched_tau_0.15,plain_conf_threshold_iso_budget_curve,final_correct_rate,db10_able_to_amputee|S108,S108,ex1,0.0,0.36214285714285716,-0.36214285714285716,0.005238095238095238,True,False,5,0.05,0.20238095238095238,,-0.1523809523809524,,-0.1523809523809524,
db10,db10_able_to_amputee,agency_vs_plain_conf_iso_budget,0.15,agency_margin_tau_0.15,plain_conf_threshold_matched_tau_0.15,plain_conf_threshold_iso_budget_curve,final_correct_rate,db10_able_to_amputee|S109,S109,ex1,0.6645238095238095,0.6135714285714285,0.05095238095238097,0.01571428571428568,True,False,5,0.5964285714285714,0.6309523809523809,,-0.03452380952380951,,-0.03452380952380951,
db10,db10_able_to_amputee,agency_vs_plain_conf_iso_budget,0.15,agency_margin_tau_0.15,plain_conf_threshold_matched_tau_0.15,plain_conf_threshold_iso_budget_curve,final_correct_rate,db10_able_to_amputee|S110,S110,ex1,0.5240476190476191,0.48904761904761906,0.03500000000000003,0.0045238095238095966,True,False,5,0.40476190476190477,0.4392857142857143,,-0.03452380952380951,,-0.03452380952380951,
db10,db10_able_to_amputee,agency_vs_plain_conf_iso_budget,0.15,agency_margin_tau_0.15,plain_conf_threshold_matched_tau_0.15,plain_conf_threshold_iso_budget_curve,final_correct_rate,db10_able_to_amputee|S111,S111,ex1,0.611904761904762,0.6623809523809524,-0.05047619047619045,0.03309523809523818,False,True,5,0.6,0.7095238095238096,0.6886718220051554,-0.10952380952380958,-0.08867182200515544,-0.10952380952380958,-0.08867182200515544
db10,db10_able_to_amputee,agency_vs_plain_conf_iso_budget,0.15,agency_margin_tau_0.15,plain_conf_threshold_matched_tau_0.15,plain_conf_threshold_iso_budget_curve,final_correct_rate,db10_able_to_amputee|S112,S112,ex1,0.6695238095238095,0.6266666666666667,0.042857142857142816,0.011428571428571455,True,False,5,0.4714285714285714,0.6142857142857143,,-0.1428571428571429,,-0.1428571428571429,
db10,db10_able_to_amputee,agency_vs_plain_conf_iso_budget,0.15,agency_margin_tau_0.15,plain_conf_threshold_matched_tau_0.15,plain_conf_threshold_iso_budget_curve,final_correct_rate,db10_able_to_amputee|S113,S113,ex1,0.78,0.6426190476190476,0.13738095238095238,0.10642857142857143,True,False,5,0.32857142857142857,0.44047619047619047,,-0.1119047619047619,,-0.1119047619047619,
db10,db10_able_to_amputee,agency_vs_plain_conf_iso_budget,0.15,agency_margin_tau_0.15,plain_conf_threshold_matched_tau_0.15,plain_conf_threshold_iso_budget_curve,final_correct_rate,db10_able_to_amputee|S114,S114,ex1,0.4888095238095238,0.49214285714285716,-0.003333333333333355,0.003333333333333355,False,True,5,0.6321428571428571,0.6583333333333333,0.6577586206896552,-0.02619047619047621,-0.025615763546798065,-0.02619047619047621,-0.025615763546798065
db10,db10_able_to_amputee,agency_vs_plain_conf_iso_budget,0.15,agency_margin_tau_0.15,plain_conf_threshold_matched_tau_0.15,plain_conf_threshold_iso_budget_curve,final_correct_rate,db10_able_to_amputee|S115,S115,ex1,0.6930952380952381,0.6321428571428571,0.06095238095238098,0.04738095238095241,True,False,5,0.4928571428571429,0.49642857142857144,,-0.0035714285714285587,,-0.0035714285714285587,
db10,db10_able_to_amputee,agency_vs_plain_conf_iso_budget,0.20,agency_margin_tau_0.20,plain_conf_threshold_matched_tau_0.20,plain_conf_threshold_iso_budget_curve,final_correct_rate,db10_able_to_amputee|S101,S101,ex1,0.6969047619047619,0.6764285714285714,0.020476190476190537,0.020476190476190537,True,False,5,0.7285714285714285,0.7690476190476191,,-0.040476190476190554,,-0.040476190476190554,
db10,db10_able_to_amputee,agency_vs_plain_conf_iso_budget,0.20,agency_margin_tau_0.20,plain_conf_threshold_matched_tau_0.20,plain_conf_threshold_iso_budget_curve,final_correct_rate,db10_able_to_amputee|S102,S102,ex1,0.8,0.6488095238095238,0.1511904761904762,0.1511904761904762,True,False,5,0.625,0.6023809523809524,,0.02261904761904765,,0.02261904761904765,
db10,db10_able_to_amputee,agency_vs_plain_conf_iso_budget,0.20,agency_margin_tau_0.20,plain_conf_threshold_matched_tau_0.20,plain_conf_threshold_iso_budget_curve,final_correct_rate,db10_able_to_amputee|S103,S103,ex1,0.5685714285714286,0.6728571428571428,-0.1042857142857142,0.004761904761904856,False,True,5,0.5059523809523809,0.675,0.6649778516057586,-0.1690476190476191,-0.1590254706533777,-0.1690476190476191,-0.1590254706533777
db10,db10_able_to_amputee,agency_vs_plain_conf_iso_budget,0.20,agency_margin_tau_0.20,plain_conf_threshold_matched_tau_0.20,plain_conf_threshold_iso_budget_curve,final_correct_rate,db10_able_to_amputee|S104,S104,ex1,0.7197619047619047,0.665,0.05476190476190468,0.05476190476190468,True,False,5,0.6,0.6773809523809524,,-0.07738095238095244,,-0.07738095238095244,
db10,db10_able_to_amputee,agency_vs_plain_conf_iso_budget,0.20,agency_margin_tau_0.20,plain_conf_threshold_matched_tau_0.20,plain_conf_threshold_iso_budget_curve,final_correct_rate,db10_able_to_amputee|S105,S105,ex1,0.7119047619047619,0.7314285714285714,-0.0195238095238095,0.011428571428571455,False,True,5,0.6190476190476191,0.669047619047619,0.66003663003663,-0.04999999999999993,-0.04098901098901098,-0.04999999999999993,-0.04098901098901098
db10,db10_able_to_amputee,agency_vs_plain_conf_iso_budget,0.20,agency_margin_tau_0.20,plain_conf_threshold_matched_tau_0.20,plain_conf_threshold_iso_budget_curve,final_correct_rate,db10_able_to_amputee|S106,S106,ex1,0.7057142857142857,0.7459523809523809,-0.040238095238095184,0.010000000000000009,False,True,5,0.5154761904761904,0.6059523809523809,0.5933540372670807,-0.09047619047619049,-0.07787784679089027,-0.09047619047619049,-0.07787784679089027
db10,db10_able_to_amputee,agency_vs_plain_conf_iso_budget,0.20,agency_margin_tau_0.20,plain_conf_threshold_matched_tau_0.20,plain_conf_threshold_iso_budget_curve,final_correct_rate,db10_able_to_amputee|S107,S107,ex1,0.7828571428571428,0.7069047619047619,0.07595238095238088,0.07595238095238088,True,False,5,0.5047619047619047,0.5380952380952381,,-0.033333333333333326,,-0.033333333333333326,
db10,db10_able_to_amputee,agency_vs_plain_conf_iso_budget,0.20,agency_margin_tau_0.20,plain_conf_threshold_matched_tau_0.20,plain_conf_threshold_iso_budget_curve,final_correct_rate,db10_able_to_amputee|S108,S108,ex1,0.0007142857142857143,0.4207142857142857,-0.42,0.004523809523809524,True,False,5,0.05,0.22142857142857142,,-0.17142857142857143,,-0.17142857142857143,
db10,db10_able_to_amputee,agency_vs_plain_conf_iso_budget,0.20,agency_margin_tau_0.20,plain_conf_threshold_matched_tau_0.20,plain_conf_threshold_iso_budget_curve,final_correct_rate,db10_able_to_amputee|S109,S109,ex1,0.7242857142857143,0.6488095238095238,0.07547619047619047,0.07547619047619047,True,False,5,0.6297619047619047,0.6440476190476191,,-0.014285714285714346,,-0.014285714285714346,
db10,db10_able_to_amputee,agency_vs_plain_conf_iso_budget,0.20,agency_margin_tau_0.20,plain_conf_threshold_matched_tau_0.20,plain_conf_threshold_iso_budget_curve,final_correct_rate,db10_able_to_amputee|S110,S110,ex1,0.6033333333333334,0.5195238095238095,0.08380952380952389,0.08380952380952389,True,False,5,0.4154761904761905,0.44761904761904764,,-0.03214285714285714,,-0.03214285714285714,
db10,db10_able_to_amputee,agency_vs_plain_conf_iso_budget,0.20,agency_margin_tau_0.20,plain_conf_threshold_matched_tau_0.20,plain_conf_threshold_iso_budget_curve,final_correct_rate,db10_able_to_amputee|S111,S111,ex1,0.6783333333333333,0.6921428571428572,-0.013809523809523827,0.013809523809523827,False,True,5,0.65,0.7142857142857143,0.7120761904761905,-0.06428571428571428,-0.06207619047619051,-0.06428571428571428,-0.06207619047619051
db10,db10_able_to_amputee,agency_vs_plain_conf_iso_budget,0.20,agency_margin_tau_0.20,plain_conf_threshold_matched_tau_0.20,plain_conf_threshold_iso_budget_curve,final_correct_rate,db10_able_to_amputee|S112,S112,ex1,0.7030952380952381,0.6580952380952381,0.04500000000000004,0.04500000000000004,True,False,5,0.5047619047619047,0.6166666666666667,,-0.11190476190476195,,-0.11190476190476195,
db10,db10_able_to_amputee,agency_vs_plain_conf_iso_budget,0.20,agency_margin_tau_0.20,plain_conf_threshold_matched_tau_0.20,plain_conf_threshold_iso_budget_curve,final_correct_rate,db10_able_to_amputee|S113,S113,ex1,0.8121428571428572,0.6735714285714286,0.13857142857142857,0.13857142857142857,True,False,5,0.35595238095238096,0.4369047619047619,,-0.08095238095238094,,-0.08095238095238094,
db10,db10_able_to_amputee,agency_vs_plain_conf_iso_budget,0.20,agency_margin_tau_0.20,plain_conf_threshold_matched_tau_0.20,plain_conf_threshold_iso_budget_curve,final_correct_rate,db10_able_to_amputee|S114,S114,ex1,0.5923809523809523,0.5157142857142857,0.07666666666666666,0.07666666666666666,True,False,5,0.6583333333333333,0.655952380952381,,0.0023809523809523725,,0.0023809523809523725,
db10,db10_able_to_amputee,agency_vs_plain_conf_iso_budget,0.20,agency_margin_tau_0.20,plain_conf_threshold_matched_tau_0.20,plain_conf_threshold_iso_budget_curve,final_correct_rate,db10_able_to_amputee|S115,S115,ex1,0.7014285714285714,0.6457142857142857,0.055714285714285716,0.055714285714285716,True,False,5,0.49404761904761907,0.49642857142857144,,-0.0023809523809523725,,-0.0023809523809523725,
db10,db10_able_to_amputee,agency_vs_plain_conf_iso_budget,0.02,agency_margin_tau_0.02,plain_conf_threshold_matched_tau_0.02,plain_conf_threshold_iso_budget_curve,median_earliest_safe_s,db10_able_to_amputee|S101,S101,ex1,0.23,0.295,-0.06499999999999997,0.06499999999999997,True,False,5,0.4,0.4,,0.0,,0.0,
db10,db10_able_to_amputee,agency_vs_plain_conf_iso_budget,0.02,agency_margin_tau_0.02,plain_conf_threshold_matched_tau_0.02,plain_conf_threshold_iso_budget_curve,median_earliest_safe_s,db10_able_to_amputee|S102,S102,ex1,0.27476190476190476,0.1980952380952381,0.07666666666666666,0.07666666666666666,False,True,5,0.4,0.6,0.5186868686868686,-0.19999999999999996,-0.11868686868686862,0.19999999999999996,0.11868686868686862
db10,db10_able_to_amputee,agency_vs_plain_conf_iso_budget,0.02,agency_margin_tau_0.02,plain_conf_threshold_matched_tau_0.02,plain_conf_threshold_iso_budget_curve,median_earliest_safe_s,db10_able_to_amputee|S103,S103,ex1,0.1711904761904762,0.2342857142857143,-0.0630952380952381,0.0630952380952381,True,False,5,0.6,0.6,,0.0,,0.0,
db10,db10_able_to_amputee,agency_vs_plain_conf_iso_budget,0.02,agency_margin_tau_0.02,plain_conf_threshold_matched_tau_0.02,plain_conf_threshold_iso_budget_curve,median_earliest_safe_s,db10_able_to_amputee|S104,S104,ex1,0.24952380952380954,0.25452380952380954,-0.0050000000000000044,0.0050000000000000044,True,False,5,0.4,0.4,,0.0,,0.0,
db10,db10_able_to_amputee,agency_vs_plain_conf_iso_budget,0.02,agency_margin_tau_0.02,plain_conf_threshold_matched_tau_0.02,plain_conf_threshold_iso_budget_curve,median_earliest_safe_s,db10_able_to_amputee|S105,S105,ex1,0.11738095238095238,0.20452380952380952,-0.08714285714285715,0.08714285714285715,True,False,5,0.6,0.8,,-0.20000000000000007,,0.20000000000000007,
db10,db10_able_to_amputee,agency_vs_plain_conf_iso_budget,0.02,agency_margin_tau_0.02,plain_conf_threshold_matched_tau_0.02,plain_conf_threshold_iso_budget_curve,median_earliest_safe_s,db10_able_to_amputee|S106,S106,ex1,0.11166666666666666,0.23761904761904762,-0.12595238095238095,0.12595238095238095,True,False,5,0.6,0.6,,0.0,,0.0,
db10,db10_able_to_amputee,agency_vs_plain_conf_iso_budget,0.02,agency_margin_tau_0.02,plain_conf_threshold_matched_tau_0.02,plain_conf_threshold_iso_budget_curve,median_earliest_safe_s,db10_able_to_amputee|S107,S107,ex1,0.20404761904761906,0.23,-0.02595238095238095,0.02595238095238095,True,False,5,0.6,0.6,,0.0,,0.0,
db10,db10_able_to_amputee,agency_vs_plain_conf_iso_budget,0.02,agency_margin_tau_0.02,plain_conf_threshold_matched_tau_0.02,plain_conf_threshold_iso_budget_curve,median_earliest_safe_s,db10_able_to_amputee|S108,S108,ex1,0.0,0.005238095238095238,-0.005238095238095238,0.4207142857142857,True,False,1,,,,,,,
db10,db10_able_to_amputee,agency_vs_plain_conf_iso_budget,0.02,agency_margin_tau_0.02,plain_conf_threshold_matched_tau_0.02,plain_conf_threshold_iso_budget_curve,median_earliest_safe_s,db10_able_to_amputee|S109,S109,ex1,0.17476190476190476,0.2030952380952381,-0.02833333333333335,0.02833333333333335,True,False,5,0.6,0.6,,0.0,,0.0,
db10,db10_able_to_amputee,agency_vs_plain_conf_iso_budget,0.02,agency_margin_tau_0.02,plain_conf_threshold_matched_tau_0.02,plain_conf_threshold_iso_budget_curve,median_earliest_safe_s,db10_able_to_amputee|S110,S110,ex1,0.06333333333333334,0.06357142857142857,-0.0002380952380952317,0.0002380952380952317,True,False,5,0.4,0.4,,0.0,,0.0,
db10,db10_able_to_amputee,agency_vs_plain_conf_iso_budget,0.02,agency_margin_tau_0.02,plain_conf_threshold_matched_tau_0.02,plain_conf_threshold_iso_budget_curve,median_earliest_safe_s,db10_able_to_amputee|S111,S111,ex1,0.1473809523809524,0.2342857142857143,-0.0869047619047619,0.0869047619047619,True,False,5,0.6,0.8,,-0.20000000000000007,,0.20000000000000007,
db10,db10_able_to_amputee,agency_vs_plain_conf_iso_budget,0.02,agency_margin_tau_0.02,plain_conf_threshold_matched_tau_0.02,plain_conf_threshold_iso_budget_curve,median_earliest_safe_s,db10_able_to_amputee|S112,S112,ex1,0.24095238095238095,0.15904761904761905,0.0819047619047619,0.0819047619047619,False,True,5,0.4,0.6,0.5238938053097345,-0.19999999999999996,-0.12389380530973448,0.19999999999999996,0.12389380530973448
db10,db10_able_to_amputee,agency_vs_plain_conf_iso_budget,0.02,agency_margin_tau_0.02,plain_conf_threshold_matched_tau_0.02,plain_conf_threshold_iso_budget_curve,median_earliest_safe_s,db10_able_to_amputee|S113,S113,ex1,0.19404761904761905,0.11666666666666667,0.07738095238095238,0.07738095238095238,False,True,5,0.4,0.4,0.4,0.0,0.0,0.0,0.0
db10,db10_able_to_amputee,agency_vs_plain_conf_iso_budget,0.02,agency_margin_tau_0.02,plain_conf_threshold_matched_tau_0.02,plain_conf_threshold_iso_budget_curve,median_earliest_safe_s,db10_able_to_amputee|S114,S114,ex1,0.06690476190476191,0.16333333333333333,-0.09642857142857142,0.09642857142857142,True,False,5,0.4,0.4,,0.0,,0.0,
db10,db10_able_to_amputee,agency_vs_plain_conf_iso_budget,0.02,agency_margin_tau_0.02,plain_conf_threshold_matched_tau_0.02,plain_conf_threshold_iso_budget_curve,median_earliest_safe_s,db10_able_to_amputee|S115,S115,ex1,0.20714285714285716,0.2538095238095238,-0.04666666666666666,0.04666666666666666,True,False,5,0.4,0.4,,0.0,,0.0,
db10,db10_able_to_amputee,agency_vs_plain_conf_iso_budget,0.05,agency_margin_tau_0.05,plain_conf_threshold_matched_tau_0.05,plain_conf_threshold_iso_budget_curve,median_earliest_safe_s,db10_able_to_amputee|S101,S101,ex1,0.4154761904761905,0.4711904761904762,-0.055714285714285716,0.055714285714285716,False,True,5,0.4,0.4,0.4,0.0,0.0,0.0,0.0
db10,db10_able_to_amputee,agency_vs_plain_conf_iso_budget,0.05,agency_margin_tau_0.05,plain_conf_threshold_matched_tau_0.05,plain_conf_threshold_iso_budget_curve,median_earliest_safe_s,db10_able_to_amputee|S102,S102,ex1,0.51,0.38666666666666666,0.12333333333333335,0.030714285714285694,False,True,5,0.4,0.4,0.23987635239567234,0.0,0.16012364760432768,0.0,-0.16012364760432768
db10,db10_able_to_amputee,agency_vs_plain_conf_iso_budget,0.05,agency_margin_tau_0.05,plain_conf_threshold_matched_tau_0.05,plain_conf_threshold_iso_budget_curve,median_earliest_safe_s,db10_able_to_amputee|S103,S103,ex1,0.33214285714285713,0.4247619047619048,-0.09261904761904766,0.09261904761904766,False,True,5,0.4,0.4,0.49725,0.0,-0.09725,0.0,0.09725
db10,db10_able_to_amputee,agency_vs_plain_conf_iso_budget,0.05,agency_margin_tau_0.05,plain_conf_threshold_matched_tau_0.05,plain_conf_threshold_iso_budget_curve,median_earliest_safe_s,db10_able_to_amputee|S104,S104,ex1,0.46,0.4278571428571429,0.03214285714285714,0.03214285714285714,False,True,5,0.4,0.4,0.3558823529411765,0.0,0.04411764705882354,0.0,-0.04411764705882354
db10,db10_able_to_amputee,agency_vs_plain_conf_iso_budget,0.05,agency_margin_tau_0.05,plain_conf_threshold_matched_tau_0.05,plain_conf_threshold_iso_budget_curve,median_earliest_safe_s,db10_able_to_amputee|S105,S105,ex1,0.27,0.4319047619047619,-0.16190476190476188,0.0654761904761905,False,True,5,0.4,0.6,0.7424083769633508,-0.19999999999999996,-0.3424083769633508,0.19999999999999996,0.3424083769633508
db10,db10_able_to_amputee,agency_vs_plain_conf_iso_budget,0.05,agency_margin_tau_0.05,plain_conf_threshold_matched_tau_0.05,plain_conf_threshold_iso_budget_curve,median_earliest_safe_s,db10_able_to_amputee|S106,S106,ex1,0.27904761904761904,0.47619047619047616,-0.19714285714285712,0.041428571428571426,False,True,5,0.4,0.4,0.5652694610778443,0.0,-0.16526946107784424,0.0,0.16526946107784424
db10,db10_able_to_amputee,agency_vs_plain_conf_iso_budget,0.05,agency_margin_tau_0.05,plain_conf_threshold_matched_tau_0.05,plain_conf_threshold_iso_budget_curve,median_earliest_safe_s,db10_able_to_amputee|S107,S107,ex1,0.43523809523809526,0.46214285714285713,-0.026904761904761876,0.026904761904761876,False,True,5,0.4,0.4,0.42317948717948717,0.0,-0.023179487179487146,0.0,0.023179487179487146
db10,db10_able_to_amputee,agency_vs_plain_conf_iso_budget,0.05,agency_margin_tau_0.05,plain_conf_threshold_matched_tau_0.05,plain_conf_threshold_iso_budget_curve,median_earliest_safe_s,db10_able_to_amputee|S108,S108,ex1,0.0,0.04476190476190476,-0.04476190476190476,0.4207142857142857,True,False,1,,,,,,,
db10,db10_able_to_amputee,agency_vs_plain_conf_iso_budget,0.05,agency_margin_tau_0.05,plain_conf_threshold_matched_tau_0.05,plain_conf_threshold_iso_budget_curve,median_earliest_safe_s,db10_able_to_amputee|S109,S109,ex1,0.35619047619047617,0.39380952380952383,-0.03761904761904766,0.03761904761904766,False,True,5,0.4,0.4,0.43945068664169795,0.0,-0.03945068664169793,0.0,0.03945068664169793
db10,db10_able_to_amputee,agency_vs_plain_conf_iso_budget,0.05,agency_margin_tau_0.05,plain_conf_threshold_matched_tau_0.05,plain_conf_threshold_iso_budget_curve,median_earliest_safe_s,db10_able_to_amputee|S110,S110,ex1,0.15904761904761905,0.22023809523809523,-0.061190476190476184,0.061190476190476184,False,True,5,0.4,0.4,0.4,0.0,0.0,0.0,0.0
db10,db10_able_to_amputee,agency_vs_plain_conf_iso_budget,0.05,agency_margin_tau_0.05,plain_conf_threshold_matched_tau_0.05,plain_conf_threshold_iso_budget_curve,median_earliest_safe_s,db10_able_to_amputee|S111,S111,ex1,0.3433333333333333,0.42238095238095236,-0.07904761904761903,0.07904761904761903,False,True,5,0.4,0.4,0.5681012658227849,0.0,-0.16810126582278484,0.0,0.16810126582278484
db10,db10_able_to_amputee,agency_vs_plain_conf_iso_budget,0.05,agency_margin_tau_0.05,plain_conf_threshold_matched_tau_0.05,plain_conf_threshold_iso_budget_curve,median_earliest_safe_s,db10_able_to_amputee|S112,S112,ex1,0.4711904761904762,0.3742857142857143,0.09690476190476194,0.06690476190476186,False,True,5,0.4,0.4,0.2816860465116279,0.0,0.11831395348837215,0.0,-0.11831395348837215
db10,db10_able_to_amputee,agency_vs_plain_conf_iso_budget,0.05,agency_margin_tau_0.05,plain_conf_threshold_matched_tau_0.05,plain_conf_threshold_iso_budget_curve,median_earliest_safe_s,db10_able_to_amputee|S113,S113,ex1,0.5102380952380953,0.35523809523809524,0.15500000000000003,0.0423809523809523,False,True,5,0.4,0.4,0.24294330518697219,0.0,0.15705669481302784,0.0,-0.15705669481302784
db10,db10_able_to_amputee,agency_vs_plain_conf_iso_budget,0.05,agency_margin_tau_0.05,plain_conf_threshold_matched_tau_0.05,plain_conf_threshold_iso_budget_curve,median_earliest_safe_s,db10_able_to_amputee|S114,S114,ex1,0.18404761904761904,0.31357142857142856,-0.1295238095238095,0.020714285714285713,False,True,5,0.4,0.4,0.4,0.0,0.0,0.0,0.0
db10,db10_able_to_amputee,agency_vs_plain_conf_iso_budget,0.05,agency_margin_tau_0.05,plain_conf_threshold_matched_tau_0.05,plain_conf_threshold_iso_budget_curve,median_earliest_safe_s,db10_able_to_amputee|S115,S115,ex1,0.48857142857142855,0.4895238095238095,-0.0009523809523809823,0.0009523809523809823,False,True,5,0.2,0.2,0.20080808080808085,0.0,-0.000808080808080841,0.0,0.000808080808080841
db10,db10_able_to_amputee,agency_vs_plain_conf_iso_budget,0.10,agency_margin_tau_0.10,plain_conf_threshold_matched_tau_0.10,plain_conf_threshold_iso_budget_curve,median_earliest_safe_s,db10_able_to_amputee|S101,S101,ex1,0.5530952380952381,0.5911904761904762,-0.03809523809523807,0.03809523809523807,False,True,5,0.2,0.2,0.2634920634920635,0.0,-0.06349206349206349,0.0,0.06349206349206349
db10,db10_able_to_amputee,agency_vs_plain_conf_iso_budget,0.10,agency_margin_tau_0.10,plain_conf_threshold_matched_tau_0.10,plain_conf_threshold_iso_budget_curve,median_earliest_safe_s,db10_able_to_amputee|S102,S102,ex1,0.6845238095238095,0.5407142857142857,0.14380952380952383,0.0357142857142857,True,False,5,0.2,0.2,,0.0,,0.0,
db10,db10_able_to_amputee,agency_vs_plain_conf_iso_budget,0.10,agency_margin_tau_0.10,plain_conf_threshold_matched_tau_0.10,plain_conf_threshold_iso_budget_curve,median_earliest_safe_s,db10_able_to_amputee|S103,S103,ex1,0.47214285714285714,0.5638095238095238,-0.09166666666666662,0.04738095238095236,False,True,5,0.2,0.2,0.33184931506849313,0.0,-0.13184931506849312,0.0,0.13184931506849312
db10,db10_able_to_amputee,agency_vs_plain_conf_iso_budget,0.10,agency_margin_tau_0.10,plain_conf_threshold_matched_tau_0.10,plain_conf_threshold_iso_budget_curve,median_earliest_safe_s,db10_able_to_amputee|S104,S104,ex1,0.6035714285714285,0.5735714285714286,0.029999999999999916,0.029999999999999916,False,True,5,0.2,0.2,0.2,0.0,0.0,0.0,0.0
db10,db10_able_to_amputee,agency_vs_plain_conf_iso_budget,0.10,agency_margin_tau_0.10,plain_conf_threshold_matched_tau_0.10,plain_conf_threshold_iso_budget_curve,median_earliest_safe_s,db10_able_to_amputee|S105,S105,ex1,0.4607142857142857,0.6121428571428571,-0.1514285714285714,0.028809523809523785,False,True,5,0.4,0.4,0.5680317040951123,0.0,-0.16803170409511226,0.0,0.16803170409511226
db10,db10_able_to_amputee,agency_vs_plain_conf_iso_budget,0.10,agency_margin_tau_0.10,plain_conf_threshold_matched_tau_0.10,plain_conf_threshold_iso_budget_curve,median_earliest_safe_s,db10_able_to_amputee|S106,S106,ex1,0.5161904761904762,0.6335714285714286,-0.11738095238095236,0.040000000000000036,False,True,5,0.4,0.2,0.3491679273827534,0.2,0.05083207261724665,-0.2,-0.05083207261724665
db10,db10_able_to_amputee,agency_vs_plain_conf_iso_budget,0.10,agency_margin_tau_0.10,plain_conf_threshold_matched_tau_0.10,plain_conf_threshold_iso_budget_curve,median_earliest_safe_s,db10_able_to_amputee|S107,S107,ex1,0.6466666666666666,0.6030952380952381,0.04357142857142848,0.03214285714285725,False,True,5,0.2,0.2,0.2,0.0,0.0,0.0,0.0
db10,db10_able_to_amputee,agency_vs_plain_conf_iso_budget,0.10,agency_margin_tau_0.10,plain_conf_threshold_matched_tau_0.10,plain_conf_threshold_iso_budget_curve,median_earliest_safe_s,db10_able_to_amputee|S108,S108,ex1,0.0,0.22285714285714286,-0.22285714285714286,0.4207142857142857,True,False,1,,,,,,,
db10,db10_able_to_amputee,agency_vs_plain_conf_iso_budget,0.10,agency_margin_tau_0.10,plain_conf_threshold_matched_tau_0.10,plain_conf_threshold_iso_budget_curve,median_earliest_safe_s,db10_able_to_amputee|S109,S109,ex1,0.5507142857142857,0.535,0.01571428571428568,0.01571428571428568,False,True,5,0.4,0.4,0.3600000000000001,0.0,0.039999999999999925,0.0,-0.039999999999999925
db10,db10_able_to_amputee,agency_vs_plain_conf_iso_budget,0.10,agency_margin_tau_0.10,plain_conf_threshold_matched_tau_0.10,plain_conf_threshold_iso_budget_curve,median_earliest_safe_s,db10_able_to_amputee|S110,S110,ex1,0.36,0.3954761904761905,-0.035476190476190494,0.035476190476190494,False,True,5,0.2,0.2,0.24048913043478265,0.0,-0.04048913043478264,0.0,0.04048913043478264
db10,db10_able_to_amputee,agency_vs_plain_conf_iso_budget,0.10,agency_margin_tau_0.10,plain_conf_threshold_matched_tau_0.10,plain_conf_threshold_iso_budget_curve,median_earliest_safe_s,db10_able_to_amputee|S111,S111,ex1,0.5092857142857142,0.5788095238095238,-0.06952380952380954,0.06952380952380954,False,True,5,0.2,0.2,0.2888888888888889,0.0,-0.0888888888888889,0.0,0.0888888888888889
db10,db10_able_to_amputee,agency_vs_plain_conf_iso_budget,0.10,agency_margin_tau_0.10,plain_conf_threshold_matched_tau_0.10,plain_conf_threshold_iso_budget_curve,median_earliest_safe_s,db10_able_to_amputee|S112,S112,ex1,0.6159523809523809,0.5380952380952381,0.07785714285714285,0.010714285714285787,False,True,5,0.2,0.2,0.2,0.0,0.0,0.0,0.0
db10,db10_able_to_amputee,agency_vs_plain_conf_iso_budget,0.10,agency_margin_tau_0.10,plain_conf_threshold_matched_tau_0.10,plain_conf_threshold_iso_budget_curve,median_earliest_safe_s,db10_able_to_amputee|S113,S113,ex1,0.7209523809523809,0.5526190476190476,0.16833333333333333,0.0473809523809523,True,False,5,0.2,0.2,,0.0,,0.0,
db10,db10_able_to_amputee,agency_vs_plain_conf_iso_budget,0.10,agency_margin_tau_0.10,plain_conf_threshold_matched_tau_0.10,plain_conf_threshold_iso_budget_curve,median_earliest_safe_s,db10_able_to_amputee|S114,S114,ex1,0.33380952380952383,0.43,-0.09619047619047616,0.020238095238095277,False,True,5,0.2,0.2,0.36523517382413084,0.0,-0.16523517382413083,0.0,0.16523517382413083
db10,db10_able_to_amputee,agency_vs_plain_conf_iso_budget,0.10,agency_margin_tau_0.10,plain_conf_threshold_matched_tau_0.10,plain_conf_threshold_iso_budget_curve,median_earliest_safe_s,db10_able_to_amputee|S115,S115,ex1,0.6295238095238095,0.59,0.03952380952380952,0.002619047619047632,False,True,5,0.2,0.2,0.2,0.0,0.0,0.0,0.0
db10,db10_able_to_amputee,agency_vs_plain_conf_iso_budget,0.15,agency_margin_tau_0.15,plain_conf_threshold_matched_tau_0.15,plain_conf_threshold_iso_budget_curve,median_earliest_safe_s,db10_able_to_amputee|S101,S101,ex1,0.6357142857142857,0.6557142857142857,-0.020000000000000018,0.020000000000000018,False,True,5,0.2,0.2,0.2,0.0,0.0,0.0,0.0
db10,db10_able_to_amputee,agency_vs_plain_conf_iso_budget,0.15,agency_margin_tau_0.15,plain_conf_threshold_matched_tau_0.15,plain_conf_threshold_iso_budget_curve,median_earliest_safe_s,db10_able_to_amputee|S102,S102,ex1,0.7626190476190476,0.6226190476190476,0.14,0.1138095238095238,True,False,5,0.2,0.2,,0.0,,0.0,
db10,db10_able_to_amputee,agency_vs_plain_conf_iso_budget,0.15,agency_margin_tau_0.15,plain_conf_threshold_matched_tau_0.15,plain_conf_threshold_iso_budget_curve,median_earliest_safe_s,db10_able_to_amputee|S103,S103,ex1,0.5264285714285715,0.6457142857142857,-0.11928571428571422,0.03738095238095229,False,True,5,0.2,0.2,0.25376712328767115,0.0,-0.05376712328767114,0.0,0.05376712328767114
db10,db10_able_to_amputee,agency_vs_plain_conf_iso_budget,0.15,agency_margin_tau_0.15,plain_conf_threshold_matched_tau_0.15,plain_conf_threshold_iso_budget_curve,median_earliest_safe_s,db10_able_to_amputee|S104,S104,ex1,0.6707142857142857,0.6404761904761904,0.030238095238095286,0.005714285714285672,True,False,5,0.2,0.2,,0.0,,0.0,
db10,db10_able_to_amputee,agency_vs_plain_conf_iso_budget,0.15,agency_margin_tau_0.15,plain_conf_threshold_matched_tau_0.15,plain_conf_threshold_iso_budget_curve,median_earliest_safe_s,db10_able_to_amputee|S105,S105,ex1,0.5995238095238096,0.7004761904761905,-0.1009523809523809,0.01261904761904753,False,True,5,0.2,0.4,0.41400264200792597,-0.2,-0.21400264200792596,0.2,0.21400264200792596
db10,db10_able_to_amputee,agency_vs_plain_conf_iso_budget,0.15,agency_margin_tau_0.15,plain_conf_threshold_matched_tau_0.15,plain_conf_threshold_iso_budget_curve,median_earliest_safe_s,db10_able_to_amputee|S106,S106,ex1,0.6335714285714286,0.7157142857142857,-0.08214285714285718,0.0,False,True,5,0.2,0.2,0.2,0.0,0.0,0.0,0.0
db10,db10_able_to_amputee,agency_vs_plain_conf_iso_budget,0.15,agency_margin_tau_0.15,plain_conf_threshold_matched_tau_0.15,plain_conf_threshold_iso_budget_curve,median_earliest_safe_s,db10_able_to_amputee|S107,S107,ex1,0.7421428571428571,0.6788095238095239,0.06333333333333324,0.03523809523809518,True,False,5,0.2,0.2,,0.0,,0.0,
db10,db10_able_to_amputee,agency_vs_plain_conf_iso_budget,0.15,agency_margin_tau_0.15,plain_conf_threshold_matched_tau_0.15,plain_conf_threshold_iso_budget_curve,median_earliest_safe_s,db10_able_to_amputee|S108,S108,ex1,0.0,0.36214285714285716,-0.36214285714285716,0.4207142857142857,True,False,1,,,,,,,
db10,db10_able_to_amputee,agency_vs_plain_conf_iso_budget,0.15,agency_margin_tau_0.15,plain_conf_threshold_matched_tau_0.15,plain_conf_threshold_iso_budget_curve,median_earliest_safe_s,db10_able_to_amputee|S109,S109,ex1,0.6645238095238095,0.6135714285714285,0.05095238095238097,0.01571428571428568,True,False,5,0.2,0.2,,0.0,,0.0,
db10,db10_able_to_amputee,agency_vs_plain_conf_iso_budget,0.15,agency_margin_tau_0.15,plain_conf_threshold_matched_tau_0.15,plain_conf_threshold_iso_budget_curve,median_earliest_safe_s,db10_able_to_amputee|S110,S110,ex1,0.5240476190476191,0.48904761904761906,0.03500000000000003,0.0045238095238095966,True,False,5,0.2,0.2,,0.0,,0.0,
db10,db10_able_to_amputee,agency_vs_plain_conf_iso_budget,0.15,agency_margin_tau_0.15,plain_conf_threshold_matched_tau_0.15,plain_conf_threshold_iso_budget_curve,median_earliest_safe_s,db10_able_to_amputee|S111,S111,ex1,0.611904761904762,0.6623809523809524,-0.05047619047619045,0.03309523809523818,False,True,5,0.2,0.2,0.2,0.0,0.0,0.0,0.0
db10,db10_able_to_amputee,agency_vs_plain_conf_iso_budget,0.15,agency_margin_tau_0.15,plain_conf_threshold_matched_tau_0.15,plain_conf_threshold_iso_budget_curve,median_earliest_safe_s,db10_able_to_amputee|S112,S112,ex1,0.6695238095238095,0.6266666666666667,0.042857142857142816,0.011428571428571455,True,False,5,0.2,0.2,,0.0,,0.0,
db10,db10_able_to_amputee,agency_vs_plain_conf_iso_budget,0.15,agency_margin_tau_0.15,plain_conf_threshold_matched_tau_0.15,plain_conf_threshold_iso_budget_curve,median_earliest_safe_s,db10_able_to_amputee|S113,S113,ex1,0.78,0.6426190476190476,0.13738095238095238,0.10642857142857143,True,False,5,0.2,0.2,,0.0,,0.0,
db10,db10_able_to_amputee,agency_vs_plain_conf_iso_budget,0.15,agency_margin_tau_0.15,plain_conf_threshold_matched_tau_0.15,plain_conf_threshold_iso_budget_curve,median_earliest_safe_s,db10_able_to_amputee|S114,S114,ex1,0.4888095238095238,0.49214285714285716,-0.003333333333333355,0.003333333333333355,False,True,5,0.2,0.2,0.2,0.0,0.0,0.0,0.0
db10,db10_able_to_amputee,agency_vs_plain_conf_iso_budget,0.15,agency_margin_tau_0.15,plain_conf_threshold_matched_tau_0.15,plain_conf_threshold_iso_budget_curve,median_earliest_safe_s,db10_able_to_amputee|S115,S115,ex1,0.6930952380952381,0.6321428571428571,0.06095238095238098,0.04738095238095241,True,False,5,0.2,0.2,,0.0,,0.0,
db10,db10_able_to_amputee,agency_vs_plain_conf_iso_budget,0.20,agency_margin_tau_0.20,plain_conf_threshold_matched_tau_0.20,plain_conf_threshold_iso_budget_curve,median_earliest_safe_s,db10_able_to_amputee|S101,S101,ex1,0.6969047619047619,0.6764285714285714,0.020476190476190537,0.020476190476190537,True,False,5,0.2,0.2,,0.0,,0.0,
db10,db10_able_to_amputee,agency_vs_plain_conf_iso_budget,0.20,agency_margin_tau_0.20,plain_conf_threshold_matched_tau_0.20,plain_conf_threshold_iso_budget_curve,median_earliest_safe_s,db10_able_to_amputee|S102,S102,ex1,0.8,0.6488095238095238,0.1511904761904762,0.1511904761904762,True,False,5,0.2,0.2,,0.0,,0.0,
db10,db10_able_to_amputee,agency_vs_plain_conf_iso_budget,0.20,agency_margin_tau_0.20,plain_conf_threshold_matched_tau_0.20,plain_conf_threshold_iso_budget_curve,median_earliest_safe_s,db10_able_to_amputee|S103,S103,ex1,0.5685714285714286,0.6728571428571428,-0.1042857142857142,0.004761904761904856,False,True,5,0.2,0.2,0.2,0.0,0.0,0.0,0.0
db10,db10_able_to_amputee,agency_vs_plain_conf_iso_budget,0.20,agency_margin_tau_0.20,plain_conf_threshold_matched_tau_0.20,plain_conf_threshold_iso_budget_curve,median_earliest_safe_s,db10_able_to_amputee|S104,S104,ex1,0.7197619047619047,0.665,0.05476190476190468,0.05476190476190468,True,False,5,0.2,0.2,,0.0,,0.0,
db10,db10_able_to_amputee,agency_vs_plain_conf_iso_budget,0.20,agency_margin_tau_0.20,plain_conf_threshold_matched_tau_0.20,plain_conf_threshold_iso_budget_curve,median_earliest_safe_s,db10_able_to_amputee|S105,S105,ex1,0.7119047619047619,0.7314285714285714,-0.0195238095238095,0.011428571428571455,False,True,5,0.2,0.2,0.326153846153846,0.0,-0.126153846153846,0.0,0.126153846153846
db10,db10_able_to_amputee,agency_vs_plain_conf_iso_budget,0.20,agency_margin_tau_0.20,plain_conf_threshold_matched_tau_0.20,plain_conf_threshold_iso_budget_curve,median_earliest_safe_s,db10_able_to_amputee|S106,S106,ex1,0.7057142857142857,0.7459523809523809,-0.040238095238095184,0.010000000000000009,False,True,5,0.2,0.2,0.2,0.0,0.0,0.0,0.0
db10,db10_able_to_amputee,agency_vs_plain_conf_iso_budget,0.20,agency_margin_tau_0.20,plain_conf_threshold_matched_tau_0.20,plain_conf_threshold_iso_budget_curve,median_earliest_safe_s,db10_able_to_amputee|S107,S107,ex1,0.7828571428571428,0.7069047619047619,0.07595238095238088,0.07595238095238088,True,False,5,0.2,0.2,,0.0,,0.0,
db10,db10_able_to_amputee,agency_vs_plain_conf_iso_budget,0.20,agency_margin_tau_0.20,plain_conf_threshold_matched_tau_0.20,plain_conf_threshold_iso_budget_curve,median_earliest_safe_s,db10_able_to_amputee|S108,S108,ex1,0.0007142857142857143,0.4207142857142857,-0.42,0.42,True,False,1,0.5,0.6,,-0.09999999999999998,,0.09999999999999998,
db10,db10_able_to_amputee,agency_vs_plain_conf_iso_budget,0.20,agency_margin_tau_0.20,plain_conf_threshold_matched_tau_0.20,plain_conf_threshold_iso_budget_curve,median_earliest_safe_s,db10_able_to_amputee|S109,S109,ex1,0.7242857142857143,0.6488095238095238,0.07547619047619047,0.07547619047619047,True,False,5,0.2,0.2,,0.0,,0.0,
db10,db10_able_to_amputee,agency_vs_plain_conf_iso_budget,0.20,agency_margin_tau_0.20,plain_conf_threshold_matched_tau_0.20,plain_conf_threshold_iso_budget_curve,median_earliest_safe_s,db10_able_to_amputee|S110,S110,ex1,0.6033333333333334,0.5195238095238095,0.08380952380952389,0.08380952380952389,True,False,5,0.2,0.2,,0.0,,0.0,
db10,db10_able_to_amputee,agency_vs_plain_conf_iso_budget,0.20,agency_margin_tau_0.20,plain_conf_threshold_matched_tau_0.20,plain_conf_threshold_iso_budget_curve,median_earliest_safe_s,db10_able_to_amputee|S111,S111,ex1,0.6783333333333333,0.6921428571428572,-0.013809523809523827,0.013809523809523827,False,True,5,0.2,0.2,0.2,0.0,0.0,0.0,0.0
db10,db10_able_to_amputee,agency_vs_plain_conf_iso_budget,0.20,agency_margin_tau_0.20,plain_conf_threshold_matched_tau_0.20,plain_conf_threshold_iso_budget_curve,median_earliest_safe_s,db10_able_to_amputee|S112,S112,ex1,0.7030952380952381,0.6580952380952381,0.04500000000000004,0.04500000000000004,True,False,5,0.2,0.2,,0.0,,0.0,
db10,db10_able_to_amputee,agency_vs_plain_conf_iso_budget,0.20,agency_margin_tau_0.20,plain_conf_threshold_matched_tau_0.20,plain_conf_threshold_iso_budget_curve,median_earliest_safe_s,db10_able_to_amputee|S113,S113,ex1,0.8121428571428572,0.6735714285714286,0.13857142857142857,0.13857142857142857,True,False,5,0.2,0.2,,0.0,,0.0,
db10,db10_able_to_amputee,agency_vs_plain_conf_iso_budget,0.20,agency_margin_tau_0.20,plain_conf_threshold_matched_tau_0.20,plain_conf_threshold_iso_budget_curve,median_earliest_safe_s,db10_able_to_amputee|S114,S114,ex1,0.5923809523809523,0.5157142857142857,0.07666666666666666,0.07666666666666666,True,False,5,0.2,0.2,,0.0,,0.0,
db10,db10_able_to_amputee,agency_vs_plain_conf_iso_budget,0.20,agency_margin_tau_0.20,plain_conf_threshold_matched_tau_0.20,plain_conf_threshold_iso_budget_curve,median_earliest_safe_s,db10_able_to_amputee|S115,S115,ex1,0.7014285714285714,0.6457142857142857,0.055714285714285716,0.055714285714285716,True,False,5,0.2,0.2,,0.0,,0.0,
db10,db10_able_to_amputee,agency_vs_plain_conf_iso_budget,0.02,agency_margin_tau_0.02,plain_conf_threshold_matched_tau_0.02,plain_conf_threshold_iso_budget_curve,median_earliest_stable_safe_s,db10_able_to_amputee|S101,S101,ex1,0.23,0.295,-0.06499999999999997,0.06499999999999997,True,False,5,0.6,0.6,,0.0,,0.0,
db10,db10_able_to_amputee,agency_vs_plain_conf_iso_budget,0.02,agency_margin_tau_0.02,plain_conf_threshold_matched_tau_0.02,plain_conf_threshold_iso_budget_curve,median_earliest_stable_safe_s,db10_able_to_amputee|S102,S102,ex1,0.27476190476190476,0.1980952380952381,0.07666666666666666,0.07666666666666666,False,True,5,0.8,0.6,0.5186868686868686,0.20000000000000007,0.2813131313131314,-0.20000000000000007,-0.2813131313131314
db10,db10_able_to_amputee,agency_vs_plain_conf_iso_budget,0.02,agency_margin_tau_0.02,plain_conf_threshold_matched_tau_0.02,plain_conf_threshold_iso_budget_curve,median_earliest_stable_safe_s,db10_able_to_amputee|S103,S103,ex1,0.1711904761904762,0.2342857142857143,-0.0630952380952381,0.0630952380952381,True,False,5,0.6,0.6,,0.0,,0.0,
db10,db10_able_to_amputee,agency_vs_plain_conf_iso_budget,0.02,agency_margin_tau_0.02,plain_conf_threshold_matched_tau_0.02,plain_conf_threshold_iso_budget_curve,median_earliest_stable_safe_s,db10_able_to_amputee|S104,S104,ex1,0.24952380952380954,0.25452380952380954,-0.0050000000000000044,0.0050000000000000044,True,False,5,0.6,0.4,,0.19999999999999996,,-0.19999999999999996,
db10,db10_able_to_amputee,agency_vs_plain_conf_iso_budget,0.02,agency_margin_tau_0.02,plain_conf_threshold_matched_tau_0.02,plain_conf_threshold_iso_budget_curve,median_earliest_stable_safe_s,db10_able_to_amputee|S105,S105,ex1,0.11738095238095238,0.20452380952380952,-0.08714285714285715,0.08714285714285715,True,False,5,0.8,0.8,,0.0,,0.0,
db10,db10_able_to_amputee,agency_vs_plain_conf_iso_budget,0.02,agency_margin_tau_0.02,plain_conf_threshold_matched_tau_0.02,plain_conf_threshold_iso_budget_curve,median_earliest_stable_safe_s,db10_able_to_amputee|S106,S106,ex1,0.11166666666666666,0.23761904761904762,-0.12595238095238095,0.12595238095238095,True,False,5,0.8,0.6,,0.20000000000000007,,-0.20000000000000007,
db10,db10_able_to_amputee,agency_vs_plain_conf_iso_budget,0.02,agency_margin_tau_0.02,plain_conf_threshold_matched_tau_0.02,plain_conf_threshold_iso_budget_curve,median_earliest_stable_safe_s,db10_able_to_amputee|S107,S107,ex1,0.20404761904761906,0.23,-0.02595238095238095,0.02595238095238095,True,False,5,0.8,0.8,,0.0,,0.0,
db10,db10_able_to_amputee,agency_vs_plain_conf_iso_budget,0.02,agency_margin_tau_0.02,plain_conf_threshold_matched_tau_0.02,plain_conf_threshold_iso_budget_curve,median_earliest_stable_safe_s,db10_able_to_amputee|S108,S108,ex1,0.0,0.005238095238095238,-0.005238095238095238,0.4207142857142857,True,False,1,,,,,,,
db10,db10_able_to_amputee,agency_vs_plain_conf_iso_budget,0.02,agency_margin_tau_0.02,plain_conf_threshold_matched_tau_0.02,plain_conf_threshold_iso_budget_curve,median_earliest_stable_safe_s,db10_able_to_amputee|S109,S109,ex1,0.17476190476190476,0.2030952380952381,-0.02833333333333335,0.02833333333333335,True,False,5,0.8,0.8,,0.0,,0.0,
db10,db10_able_to_amputee,agency_vs_plain_conf_iso_budget,0.02,agency_margin_tau_0.02,plain_conf_threshold_matched_tau_0.02,plain_conf_threshold_iso_budget_curve,median_earliest_stable_safe_s,db10_able_to_amputee|S110,S110,ex1,0.06333333333333334,0.06357142857142857,-0.0002380952380952317,0.15690476190476188,True,False,4,0.6,,,,,,
db10,db10_able_to_amputee,agency_vs_plain_conf_iso_budget,0.02,agency_margin_tau_0.02,plain_conf_threshold_matched_tau_0.02,plain_conf_threshold_iso_budget_curve,median_earliest_stable_safe_s,db10_able_to_amputee|S111,S111,ex1,0.1473809523809524,0.2342857142857143,-0.0869047619047619,0.0869047619047619,True,False,5,0.8,0.8,,0.0,,0.0,
db10,db10_able_to_amputee,agency_vs_plain_conf_iso_budget,0.02,agency_margin_tau_0.02,plain_conf_threshold_matched_tau_0.02,plain_conf_threshold_iso_budget_curve,median_earliest_stable_safe_s,db10_able_to_amputee|S112,S112,ex1,0.24095238095238095,0.15904761904761905,0.0819047619047619,0.0819047619047619,False,True,5,0.6,0.6,0.5238938053097345,0.0,0.07610619469026547,0.0,-0.07610619469026547
db10,db10_able_to_amputee,agency_vs_plain_conf_iso_budget,0.02,agency_margin_tau_0.02,plain_conf_threshold_matched_tau_0.02,plain_conf_threshold_iso_budget_curve,median_earliest_stable_safe_s,db10_able_to_amputee|S113,S113,ex1,0.19404761904761905,0.11666666666666667,0.07738095238095238,0.07738095238095238,False,True,5,0.8,0.6,0.5351297405189621,0.20000000000000007,0.26487025948103793,-0.20000000000000007,-0.26487025948103793
db10,db10_able_to_amputee,agency_vs_plain_conf_iso_budget,0.02,agency_margin_tau_0.02,plain_conf_threshold_matched_tau_0.02,plain_conf_threshold_iso_budget_curve,median_earliest_stable_safe_s,db10_able_to_amputee|S114,S114,ex1,0.06690476190476191,0.16333333333333333,-0.09642857142857142,0.09642857142857142,True,False,5,0.4,0.4,,0.0,,0.0,
db10,db10_able_to_amputee,agency_vs_plain_conf_iso_budget,0.02,agency_margin_tau_0.02,plain_conf_threshold_matched_tau_0.02,plain_conf_threshold_iso_budget_curve,median_earliest_stable_safe_s,db10_able_to_amputee|S115,S115,ex1,0.20714285714285716,0.2538095238095238,-0.04666666666666666,0.04666666666666666,True,False,5,0.8,0.6,,0.20000000000000007,,-0.20000000000000007,
db10,db10_able_to_amputee,agency_vs_plain_conf_iso_budget,0.05,agency_margin_tau_0.05,plain_conf_threshold_matched_tau_0.05,plain_conf_threshold_iso_budget_curve,median_earliest_stable_safe_s,db10_able_to_amputee|S101,S101,ex1,0.4154761904761905,0.4711904761904762,-0.055714285714285716,0.055714285714285716,False,True,5,0.4,0.4,0.46324324324324323,0.0,-0.06324324324324321,0.0,0.06324324324324321
db10,db10_able_to_amputee,agency_vs_plain_conf_iso_budget,0.05,agency_margin_tau_0.05,plain_conf_threshold_matched_tau_0.05,plain_conf_threshold_iso_budget_curve,median_earliest_stable_safe_s,db10_able_to_amputee|S102,S102,ex1,0.51,0.38666666666666666,0.12333333333333335,0.030714285714285694,False,True,5,0.6,0.4,0.23987635239567234,0.19999999999999996,0.36012364760432763,-0.19999999999999996,-0.36012364760432763
db10,db10_able_to_amputee,agency_vs_plain_conf_iso_budget,0.05,agency_margin_tau_0.05,plain_conf_threshold_matched_tau_0.05,plain_conf_threshold_iso_budget_curve,median_earliest_stable_safe_s,db10_able_to_amputee|S103,S103,ex1,0.33214285714285713,0.4247619047619048,-0.09261904761904766,0.09261904761904766,False,True,5,0.6,0.4,0.49725,0.19999999999999996,0.10274999999999995,-0.19999999999999996,-0.10274999999999995
db10,db10_able_to_amputee,agency_vs_plain_conf_iso_budget,0.05,agency_margin_tau_0.05,plain_conf_threshold_matched_tau_0.05,plain_conf_threshold_iso_budget_curve,median_earliest_stable_safe_s,db10_able_to_amputee|S104,S104,ex1,0.46,0.4278571428571429,0.03214285714285714,0.03214285714285714,False,True,5,0.4,0.4,0.3558823529411765,0.0,0.04411764705882354,0.0,-0.04411764705882354
db10,db10_able_to_amputee,agency_vs_plain_conf_iso_budget,0.05,agency_margin_tau_0.05,plain_conf_threshold_matched_tau_0.05,plain_conf_threshold_iso_budget_curve,median_earliest_stable_safe_s,db10_able_to_amputee|S105,S105,ex1,0.27,0.4319047619047619,-0.16190476190476188,0.0654761904761905,False,True,5,0.8,0.6,0.7424083769633508,0.20000000000000007,0.05759162303664922,-0.20000000000000007,-0.05759162303664922
db10,db10_able_to_amputee,agency_vs_plain_conf_iso_budget,0.05,agency_margin_tau_0.05,plain_conf_threshold_matched_tau_0.05,plain_conf_threshold_iso_budget_curve,median_earliest_stable_safe_s,db10_able_to_amputee|S106,S106,ex1,0.27904761904761904,0.47619047619047616,-0.19714285714285712,0.041428571428571426,False,True,5,0.8,0.4,0.5652694610778443,0.4,0.23473053892215578,-0.4,-0.23473053892215578
db10,db10_able_to_amputee,agency_vs_plain_conf_iso_budget,0.05,agency_margin_tau_0.05,plain_conf_threshold_matched_tau_0.05,plain_conf_threshold_iso_budget_curve,median_earliest_stable_safe_s,db10_able_to_amputee|S107,S107,ex1,0.43523809523809526,0.46214285714285713,-0.026904761904761876,0.026904761904761876,False,True,5,0.8,0.4,0.4463589743589743,0.4,0.35364102564102573,-0.4,-0.35364102564102573
db10,db10_able_to_amputee,agency_vs_plain_conf_iso_budget,0.05,agency_margin_tau_0.05,plain_conf_threshold_matched_tau_0.05,plain_conf_threshold_iso_budget_curve,median_earliest_stable_safe_s,db10_able_to_amputee|S108,S108,ex1,0.0,0.04476190476190476,-0.04476190476190476,0.4207142857142857,True,False,1,,,,,,,
db10,db10_able_to_amputee,agency_vs_plain_conf_iso_budget,0.05,agency_margin_tau_0.05,plain_conf_threshold_matched_tau_0.05,plain_conf_threshold_iso_budget_curve,median_earliest_stable_safe_s,db10_able_to_amputee|S109,S109,ex1,0.35619047619047617,0.39380952380952383,-0.03761904761904766,0.03761904761904766,False,True,5,0.6,0.4,0.4789013732833959,0.19999999999999996,0.1210986267166041,-0.19999999999999996,-0.1210986267166041
db10,db10_able_to_amputee,agency_vs_plain_conf_iso_budget,0.05,agency_margin_tau_0.05,plain_conf_threshold_matched_tau_0.05,plain_conf_threshold_iso_budget_curve,median_earliest_stable_safe_s,db10_able_to_amputee|S110,S110,ex1,0.15904761904761905,0.22023809523809523,-0.061190476190476184,0.061190476190476184,True,False,4,0.6,0.8,,-0.20000000000000007,,0.20000000000000007,
db10,db10_able_to_amputee,agency_vs_plain_conf_iso_budget,0.05,agency_margin_tau_0.05,plain_conf_threshold_matched_tau_0.05,plain_conf_threshold_iso_budget_curve,median_earliest_stable_safe_s,db10_able_to_amputee|S111,S111,ex1,0.3433333333333333,0.42238095238095236,-0.07904761904761903,0.07904761904761903,False,True,5,0.8,0.4,0.5681012658227849,0.4,0.23189873417721518,-0.4,-0.23189873417721518
db10,db10_able_to_amputee,agency_vs_plain_conf_iso_budget,0.05,agency_margin_tau_0.05,plain_conf_threshold_matched_tau_0.05,plain_conf_threshold_iso_budget_curve,median_earliest_stable_safe_s,db10_able_to_amputee|S112,S112,ex1,0.4711904761904762,0.3742857142857143,0.09690476190476194,0.06690476190476186,False,True,5,0.6,0.4,0.2816860465116279,0.19999999999999996,0.3183139534883721,-0.19999999999999996,-0.3183139534883721
db10,db10_able_to_amputee,agency_vs_plain_conf_iso_budget,0.05,agency_margin_tau_0.05,plain_conf_threshold_matched_tau_0.05,plain_conf_threshold_iso_budget_curve,median_earliest_stable_safe_s,db10_able_to_amputee|S113,S113,ex1,0.5102380952380953,0.35523809523809524,0.15500000000000003,0.0423809523809523,False,True,5,0.8,0.4,0.24294330518697219,0.4,0.5570566948130279,-0.4,-0.5570566948130279
db10,db10_able_to_amputee,agency_vs_plain_conf_iso_budget,0.05,agency_margin_tau_0.05,plain_conf_threshold_matched_tau_0.05,plain_conf_threshold_iso_budget_curve,median_earliest_stable_safe_s,db10_able_to_amputee|S114,S114,ex1,0.18404761904761904,0.31357142857142856,-0.1295238095238095,0.020714285714285713,False,True,5,0.6,0.4,0.4,0.19999999999999996,0.19999999999999996,-0.19999999999999996,-0.19999999999999996
db10,db10_able_to_amputee,agency_vs_plain_conf_iso_budget,0.05,agency_margin_tau_0.05,plain_conf_threshold_matched_tau_0.05,plain_conf_threshold_iso_budget_curve,median_earliest_stable_safe_s,db10_able_to_amputee|S115,S115,ex1,0.48857142857142855,0.4895238095238095,-0.0009523809523809823,0.0009523809523809823,False,True,5,0.4,0.4,0.40080808080808084,0.0,-0.0008080808080808133,0.0,0.0008080808080808133
db10,db10_able_to_amputee,agency_vs_plain_conf_iso_budget,0.10,agency_margin_tau_0.10,plain_conf_threshold_matched_tau_0.10,plain_conf_threshold_iso_budget_curve,median_earliest_stable_safe_s,db10_able_to_amputee|S101,S101,ex1,0.5530952380952381,0.5911904761904762,-0.03809523809523807,0.03809523809523807,False,True,5,0.4,0.4,0.4,0.0,0.0,0.0,0.0
db10,db10_able_to_amputee,agency_vs_plain_conf_iso_budget,0.10,agency_margin_tau_0.10,plain_conf_threshold_matched_tau_0.10,plain_conf_threshold_iso_budget_curve,median_earliest_stable_safe_s,db10_able_to_amputee|S102,S102,ex1,0.6845238095238095,0.5407142857142857,0.14380952380952383,0.0357142857142857,True,False,5,0.4,0.2,,0.2,,-0.2,
db10,db10_able_to_amputee,agency_vs_plain_conf_iso_budget,0.10,agency_margin_tau_0.10,plain_conf_threshold_matched_tau_0.10,plain_conf_threshold_iso_budget_curve,median_earliest_stable_safe_s,db10_able_to_amputee|S103,S103,ex1,0.47214285714285714,0.5638095238095238,-0.09166666666666662,0.04738095238095236,False,True,5,0.4,0.2,0.33184931506849313,0.2,0.06815068493150689,-0.2,-0.06815068493150689
db10,db10_able_to_amputee,agency_vs_plain_conf_iso_budget,0.10,agency_margin_tau_0.10,plain_conf_threshold_matched_tau_0.10,plain_conf_threshold_iso_budget_curve,median_earliest_stable_safe_s,db10_able_to_amputee|S104,S104,ex1,0.6035714285714285,0.5735714285714286,0.029999999999999916,0.029999999999999916,False,True,5,0.4,0.2,0.2,0.2,0.2,-0.2,-0.2
db10,db10_able_to_amputee,agency_vs_plain_conf_iso_budget,0.10,agency_margin_tau_0.10,plain_conf_threshold_matched_tau_0.10,plain_conf_threshold_iso_budget_curve,median_earliest_stable_safe_s,db10_able_to_amputee|S105,S105,ex1,0.4607142857142857,0.6121428571428571,-0.1514285714285714,0.028809523809523785,False,True,5,0.6,0.4,0.5680317040951123,0.19999999999999996,0.0319682959048877,-0.19999999999999996,-0.0319682959048877
db10,db10_able_to_amputee,agency_vs_plain_conf_iso_budget,0.10,agency_margin_tau_0.10,plain_conf_threshold_matched_tau_0.10,plain_conf_threshold_iso_budget_curve,median_earliest_stable_safe_s,db10_able_to_amputee|S106,S106,ex1,0.5161904761904762,0.6335714285714286,-0.11738095238095236,0.040000000000000036,False,True,5,0.6,0.4,0.4,0.19999999999999996,0.19999999999999996,-0.19999999999999996,-0.19999999999999996
db10,db10_able_to_amputee,agency_vs_plain_conf_iso_budget,0.10,agency_margin_tau_0.10,plain_conf_threshold_matched_tau_0.10,plain_conf_threshold_iso_budget_curve,median_earliest_stable_safe_s,db10_able_to_amputee|S107,S107,ex1,0.6466666666666666,0.6030952380952381,0.04357142857142848,0.03214285714285725,False,True,5,0.4,0.2,0.2,0.2,0.2,-0.2,-0.2
db10,db10_able_to_amputee,agency_vs_plain_conf_iso_budget,0.10,agency_margin_tau_0.10,plain_conf_threshold_matched_tau_0.10,plain_conf_threshold_iso_budget_curve,median_earliest_stable_safe_s,db10_able_to_amputee|S108,S108,ex1,0.0,0.22285714285714286,-0.22285714285714286,0.4207142857142857,True,False,1,,,,,,,
db10,db10_able_to_amputee,agency_vs_plain_conf_iso_budget,0.10,agency_margin_tau_0.10,plain_conf_threshold_matched_tau_0.10,plain_conf_threshold_iso_budget_curve,median_earliest_stable_safe_s,db10_able_to_amputee|S109,S109,ex1,0.5507142857142857,0.535,0.01571428571428568,0.01571428571428568,False,True,5,0.4,0.4,0.3600000000000001,0.0,0.039999999999999925,0.0,-0.039999999999999925
db10,db10_able_to_amputee,agency_vs_plain_conf_iso_budget,0.10,agency_margin_tau_0.10,plain_conf_threshold_matched_tau_0.10,plain_conf_threshold_iso_budget_curve,median_earliest_stable_safe_s,db10_able_to_amputee|S110,S110,ex1,0.36,0.3954761904761905,-0.035476190476190494,0.035476190476190494,False,True,4,0.6,0.4,0.4809782608695653,0.19999999999999996,0.11902173913043468,-0.19999999999999996,-0.11902173913043468
db10,db10_able_to_amputee,agency_vs_plain_conf_iso_budget,0.10,agency_margin_tau_0.10,plain_conf_threshold_matched_tau_0.10,plain_conf_threshold_iso_budget_curve,median_earliest_stable_safe_s,db10_able_to_amputee|S111,S111,ex1,0.5092857142857142,0.5788095238095238,-0.06952380952380954,0.06952380952380954,False,True,5,0.6,0.4,0.4,0.19999999999999996,0.19999999999999996,-0.19999999999999996,-0.19999999999999996
db10,db10_able_to_amputee,agency_vs_plain_conf_iso_budget,0.10,agency_margin_tau_0.10,plain_conf_threshold_matched_tau_0.10,plain_conf_threshold_iso_budget_curve,median_earliest_stable_safe_s,db10_able_to_amputee|S112,S112,ex1,0.6159523809523809,0.5380952380952381,0.07785714285714285,0.010714285714285787,False,True,5,0.4,0.2,0.2,0.2,0.2,-0.2,-0.2
db10,db10_able_to_amputee,agency_vs_plain_conf_iso_budget,0.10,agency_margin_tau_0.10,plain_conf_threshold_matched_tau_0.10,plain_conf_threshold_iso_budget_curve,median_earliest_stable_safe_s,db10_able_to_amputee|S113,S113,ex1,0.7209523809523809,0.5526190476190476,0.16833333333333333,0.0473809523809523,True,False,5,0.2,0.2,,0.0,,0.0,
db10,db10_able_to_amputee,agency_vs_plain_conf_iso_budget,0.10,agency_margin_tau_0.10,plain_conf_threshold_matched_tau_0.10,plain_conf_threshold_iso_budget_curve,median_earliest_stable_safe_s,db10_able_to_amputee|S114,S114,ex1,0.33380952380952383,0.43,-0.09619047619047616,0.020238095238095277,False,True,5,0.4,0.2,0.36523517382413084,0.2,0.03476482617586918,-0.2,-0.03476482617586918
db10,db10_able_to_amputee,agency_vs_plain_conf_iso_budget,0.10,agency_margin_tau_0.10,plain_conf_threshold_matched_tau_0.10,plain_conf_threshold_iso_budget_curve,median_earliest_stable_safe_s,db10_able_to_amputee|S115,S115,ex1,0.6295238095238095,0.59,0.03952380952380952,0.002619047619047632,False,True,5,0.2,0.2,0.2,0.0,0.0,0.0,0.0
db10,db10_able_to_amputee,agency_vs_plain_conf_iso_budget,0.15,agency_margin_tau_0.15,plain_conf_threshold_matched_tau_0.15,plain_conf_threshold_iso_budget_curve,median_earliest_stable_safe_s,db10_able_to_amputee|S101,S101,ex1,0.6357142857142857,0.6557142857142857,-0.020000000000000018,0.020000000000000018,False,True,5,0.4,0.2,0.2619926199261993,0.2,0.1380073800738007,-0.2,-0.1380073800738007
db10,db10_able_to_amputee,agency_vs_plain_conf_iso_budget,0.15,agency_margin_tau_0.15,plain_conf_threshold_matched_tau_0.15,plain_conf_threshold_iso_budget_curve,median_earliest_stable_safe_s,db10_able_to_amputee|S102,S102,ex1,0.7626190476190476,0.6226190476190476,0.14,0.1138095238095238,True,False,5,0.2,0.2,,0.0,,0.0,
db10,db10_able_to_amputee,agency_vs_plain_conf_iso_budget,0.15,agency_margin_tau_0.15,plain_conf_threshold_matched_tau_0.15,plain_conf_threshold_iso_budget_curve,median_earliest_stable_safe_s,db10_able_to_amputee|S103,S103,ex1,0.5264285714285715,0.6457142857142857,-0.11928571428571422,0.03738095238095229,False,True,5,0.4,0.2,0.25376712328767115,0.2,0.14623287671232887,-0.2,-0.14623287671232887
db10,db10_able_to_amputee,agency_vs_plain_conf_iso_budget,0.15,agency_margin_tau_0.15,plain_conf_threshold_matched_tau_0.15,plain_conf_threshold_iso_budget_curve,median_earliest_stable_safe_s,db10_able_to_amputee|S104,S104,ex1,0.6707142857142857,0.6404761904761904,0.030238095238095286,0.005714285714285672,True,False,5,0.2,0.2,,0.0,,0.0,
db10,db10_able_to_amputee,agency_vs_plain_conf_iso_budget,0.15,agency_margin_tau_0.15,plain_conf_threshold_matched_tau_0.15,plain_conf_threshold_iso_budget_curve,median_earliest_stable_safe_s,db10_able_to_amputee|S105,S105,ex1,0.5995238095238096,0.7004761904761905,-0.1009523809523809,0.01261904761904753,False,True,5,0.6,0.4,0.41400264200792597,0.19999999999999996,0.185997357992074,-0.19999999999999996,-0.185997357992074
db10,db10_able_to_amputee,agency_vs_plain_conf_iso_budget,0.15,agency_margin_tau_0.15,plain_conf_threshold_matched_tau_0.15,plain_conf_threshold_iso_budget_curve,median_earliest_stable_safe_s,db10_able_to_amputee|S106,S106,ex1,0.6335714285714286,0.7157142857142857,-0.08214285714285718,0.0,False,True,5,0.4,0.2,0.4,0.2,0.0,-0.2,0.0
db10,db10_able_to_amputee,agency_vs_plain_conf_iso_budget,0.15,agency_margin_tau_0.15,plain_conf_threshold_matched_tau_0.15,plain_conf_threshold_iso_budget_curve,median_earliest_stable_safe_s,db10_able_to_amputee|S107,S107,ex1,0.7421428571428571,0.6788095238095239,0.06333333333333324,0.03523809523809518,True,False,5,0.4,0.2,,0.2,,-0.2,
db10,db10_able_to_amputee,agency_vs_plain_conf_iso_budget,0.15,agency_margin_tau_0.15,plain_conf_threshold_matched_tau_0.15,plain_conf_threshold_iso_budget_curve,median_earliest_stable_safe_s,db10_able_to_amputee|S108,S108,ex1,0.0,0.36214285714285716,-0.36214285714285716,0.4207142857142857,True,False,1,,,,,,,
db10,db10_able_to_amputee,agency_vs_plain_conf_iso_budget,0.15,agency_margin_tau_0.15,plain_conf_threshold_matched_tau_0.15,plain_conf_threshold_iso_budget_curve,median_earliest_stable_safe_s,db10_able_to_amputee|S109,S109,ex1,0.6645238095238095,0.6135714285714285,0.05095238095238097,0.01571428571428568,True,False,5,0.4,0.2,,0.2,,-0.2,
db10,db10_able_to_amputee,agency_vs_plain_conf_iso_budget,0.15,agency_margin_tau_0.15,plain_conf_threshold_matched_tau_0.15,plain_conf_threshold_iso_budget_curve,median_earliest_stable_safe_s,db10_able_to_amputee|S110,S110,ex1,0.5240476190476191,0.48904761904761906,0.03500000000000003,0.0045238095238095966,True,False,4,0.4,0.2,,0.2,,-0.2,
db10,db10_able_to_amputee,agency_vs_plain_conf_iso_budget,0.15,agency_margin_tau_0.15,plain_conf_threshold_matched_tau_0.15,plain_conf_threshold_iso_budget_curve,median_earliest_stable_safe_s,db10_able_to_amputee|S111,S111,ex1,0.611904761904762,0.6623809523809524,-0.05047619047619045,0.03309523809523818,False,True,5,0.4,0.2,0.3207977207977207,0.2,0.07920227920227935,-0.2,-0.07920227920227935
db10,db10_able_to_amputee,agency_vs_plain_conf_iso_budget,0.15,agency_margin_tau_0.15,plain_conf_threshold_matched_tau_0.15,plain_conf_threshold_iso_budget_curve,median_earliest_stable_safe_s,db10_able_to_amputee|S112,S112,ex1,0.6695238095238095,0.6266666666666667,0.042857142857142816,0.011428571428571455,True,False,5,0.2,0.2,,0.0,,0.0,
db10,db10_able_to_amputee,agency_vs_plain_conf_iso_budget,0.15,agency_margin_tau_0.15,plain_conf_threshold_matched_tau_0.15,plain_conf_threshold_iso_budget_curve,median_earliest_stable_safe_s,db10_able_to_amputee|S113,S113,ex1,0.78,0.6426190476190476,0.13738095238095238,0.10642857142857143,True,False,5,0.2,0.2,,0.0,,0.0,
db10,db10_able_to_amputee,agency_vs_plain_conf_iso_budget,0.15,agency_margin_tau_0.15,plain_conf_threshold_matched_tau_0.15,plain_conf_threshold_iso_budget_curve,median_earliest_stable_safe_s,db10_able_to_amputee|S114,S114,ex1,0.4888095238095238,0.49214285714285716,-0.003333333333333355,0.003333333333333355,False,True,5,0.2,0.2,0.2,0.0,0.0,0.0,0.0
db10,db10_able_to_amputee,agency_vs_plain_conf_iso_budget,0.15,agency_margin_tau_0.15,plain_conf_threshold_matched_tau_0.15,plain_conf_threshold_iso_budget_curve,median_earliest_stable_safe_s,db10_able_to_amputee|S115,S115,ex1,0.6930952380952381,0.6321428571428571,0.06095238095238098,0.04738095238095241,True,False,5,0.2,0.2,,0.0,,0.0,
db10,db10_able_to_amputee,agency_vs_plain_conf_iso_budget,0.20,agency_margin_tau_0.20,plain_conf_threshold_matched_tau_0.20,plain_conf_threshold_iso_budget_curve,median_earliest_stable_safe_s,db10_able_to_amputee|S101,S101,ex1,0.6969047619047619,0.6764285714285714,0.020476190476190537,0.020476190476190537,True,False,5,0.2,0.2,,0.0,,0.0,
db10,db10_able_to_amputee,agency_vs_plain_conf_iso_budget,0.20,agency_margin_tau_0.20,plain_conf_threshold_matched_tau_0.20,plain_conf_threshold_iso_budget_curve,median_earliest_stable_safe_s,db10_able_to_amputee|S102,S102,ex1,0.8,0.6488095238095238,0.1511904761904762,0.1511904761904762,True,False,5,0.2,0.2,,0.0,,0.0,
db10,db10_able_to_amputee,agency_vs_plain_conf_iso_budget,0.20,agency_margin_tau_0.20,plain_conf_threshold_matched_tau_0.20,plain_conf_threshold_iso_budget_curve,median_earliest_stable_safe_s,db10_able_to_amputee|S103,S103,ex1,0.5685714285714286,0.6728571428571428,-0.1042857142857142,0.004761904761904856,False,True,5,0.4,0.2,0.2,0.2,0.2,-0.2,-0.2
db10,db10_able_to_amputee,agency_vs_plain_conf_iso_budget,0.20,agency_margin_tau_0.20,plain_conf_threshold_matched_tau_0.20,plain_conf_threshold_iso_budget_curve,median_earliest_stable_safe_s,db10_able_to_amputee|S104,S104,ex1,0.7197619047619047,0.665,0.05476190476190468,0.05476190476190468,True,False,5,0.2,0.2,,0.0,,0.0,
db10,db10_able_to_amputee,agency_vs_plain_conf_iso_budget,0.20,agency_margin_tau_0.20,plain_conf_threshold_matched_tau_0.20,plain_conf_threshold_iso_budget_curve,median_earliest_stable_safe_s,db10_able_to_amputee|S105,S105,ex1,0.7119047619047619,0.7314285714285714,-0.0195238095238095,0.011428571428571455,False,True,5,0.4,0.2,0.326153846153846,0.2,0.073846153846154,-0.2,-0.073846153846154
db10,db10_able_to_amputee,agency_vs_plain_conf_iso_budget,0.20,agency_margin_tau_0.20,plain_conf_threshold_matched_tau_0.20,plain_conf_threshold_iso_budget_curve,median_earliest_stable_safe_s,db10_able_to_amputee|S106,S106,ex1,0.7057142857142857,0.7459523809523809,-0.040238095238095184,0.010000000000000009,False,True,5,0.2,0.2,0.22434782608695655,0.0,-0.024347826086956542,0.0,0.024347826086956542
db10,db10_able_to_amputee,agency_vs_plain_conf_iso_budget,0.20,agency_margin_tau_0.20,plain_conf_threshold_matched_tau_0.20,plain_conf_threshold_iso_budget_curve,median_earliest_stable_safe_s,db10_able_to_amputee|S107,S107,ex1,0.7828571428571428,0.7069047619047619,0.07595238095238088,0.07595238095238088,True,False,5,0.2,0.2,,0.0,,0.0,
db10,db10_able_to_amputee,agency_vs_plain_conf_iso_budget,0.20,agency_margin_tau_0.20,plain_conf_threshold_matched_tau_0.20,plain_conf_threshold_iso_budget_curve,median_earliest_stable_safe_s,db10_able_to_amputee|S108,S108,ex1,0.0007142857142857143,0.4207142857142857,-0.42,0.42,True,False,1,,0.6,,,,,
db10,db10_able_to_amputee,agency_vs_plain_conf_iso_budget,0.20,agency_margin_tau_0.20,plain_conf_threshold_matched_tau_0.20,plain_conf_threshold_iso_budget_curve,median_earliest_stable_safe_s,db10_able_to_amputee|S109,S109,ex1,0.7242857142857143,0.6488095238095238,0.07547619047619047,0.07547619047619047,True,False,5,0.2,0.2,,0.0,,0.0,
db10,db10_able_to_amputee,agency_vs_plain_conf_iso_budget,0.20,agency_margin_tau_0.20,plain_conf_threshold_matched_tau_0.20,plain_conf_threshold_iso_budget_curve,median_earliest_stable_safe_s,db10_able_to_amputee|S110,S110,ex1,0.6033333333333334,0.5195238095238095,0.08380952380952389,0.08380952380952389,True,False,4,0.30000000000000004,0.2,,0.10000000000000003,,-0.10000000000000003,
db10,db10_able_to_amputee,agency_vs_plain_conf_iso_budget,0.20,agency_margin_tau_0.20,plain_conf_threshold_matched_tau_0.20,plain_conf_threshold_iso_budget_curve,median_earliest_stable_safe_s,db10_able_to_amputee|S111,S111,ex1,0.6783333333333333,0.6921428571428572,-0.013809523809523827,0.013809523809523827,False,True,5,0.30000000000000004,0.2,0.2,0.10000000000000003,0.10000000000000003,-0.10000000000000003,-0.10000000000000003
db10,db10_able_to_amputee,agency_vs_plain_conf_iso_budget,0.20,agency_margin_tau_0.20,plain_conf_threshold_matched_tau_0.20,plain_conf_threshold_iso_budget_curve,median_earliest_stable_safe_s,db10_able_to_amputee|S112,S112,ex1,0.7030952380952381,0.6580952380952381,0.04500000000000004,0.04500000000000004,True,False,5,0.2,0.2,,0.0,,0.0,
db10,db10_able_to_amputee,agency_vs_plain_conf_iso_budget,0.20,agency_margin_tau_0.20,plain_conf_threshold_matched_tau_0.20,plain_conf_threshold_iso_budget_curve,median_earliest_stable_safe_s,db10_able_to_amputee|S113,S113,ex1,0.8121428571428572,0.6735714285714286,0.13857142857142857,0.13857142857142857,True,False,5,0.2,0.2,,0.0,,0.0,
db10,db10_able_to_amputee,agency_vs_plain_conf_iso_budget,0.20,agency_margin_tau_0.20,plain_conf_threshold_matched_tau_0.20,plain_conf_threshold_iso_budget_curve,median_earliest_stable_safe_s,db10_able_to_amputee|S114,S114,ex1,0.5923809523809523,0.5157142857142857,0.07666666666666666,0.07666666666666666,True,False,5,0.2,0.2,,0.0,,0.0,
db10,db10_able_to_amputee,agency_vs_plain_conf_iso_budget,0.20,agency_margin_tau_0.20,plain_conf_threshold_matched_tau_0.20,plain_conf_threshold_iso_budget_curve,median_earliest_stable_safe_s,db10_able_to_amputee|S115,S115,ex1,0.7014285714285714,0.6457142857142857,0.055714285714285716,0.055714285714285716,True,False,5,0.2,0.2,,0.0,,0.0,
db10,db10_able_to_amputee,agency_vs_plain_conf_iso_budget,0.02,agency_margin_tau_0.02,plain_conf_threshold_matched_tau_0.02,plain_conf_threshold_iso_budget_curve,safe_episode_rate,db10_able_to_amputee|S101,S101,ex1,0.23,0.295,-0.06499999999999997,0.06499999999999997,True,False,5,0.4988095238095238,0.2357142857142857,,0.2630952380952381,,0.2630952380952381,
db10,db10_able_to_amputee,agency_vs_plain_conf_iso_budget,0.02,agency_margin_tau_0.02,plain_conf_threshold_matched_tau_0.02,plain_conf_threshold_iso_budget_curve,safe_episode_rate,db10_able_to_amputee|S102,S102,ex1,0.27476190476190476,0.1980952380952381,0.07666666666666666,0.07666666666666666,False,True,5,0.4869047619047619,0.15833333333333333,0.2536826599326599,0.32857142857142857,0.23322210197210197,0.32857142857142857,0.23322210197210197
db10,db10_able_to_amputee,agency_vs_plain_conf_iso_budget,0.02,agency_margin_tau_0.02,plain_conf_threshold_matched_tau_0.02,plain_conf_threshold_iso_budget_curve,safe_episode_rate,db10_able_to_amputee|S103,S103,ex1,0.1711904761904762,0.2342857142857143,-0.0630952380952381,0.0630952380952381,True,False,5,0.39285714285714285,0.12023809523809524,,0.2726190476190476,,0.2726190476190476,
db10,db10_able_to_amputee,agency_vs_plain_conf_iso_budget,0.02,agency_margin_tau_0.02,plain_conf_threshold_matched_tau_0.02,plain_conf_threshold_iso_budget_curve,safe_episode_rate,db10_able_to_amputee|S104,S104,ex1,0.24952380952380954,0.25452380952380954,-0.0050000000000000044,0.0050000000000000044,True,False,5,0.4714285714285714,0.1523809523809524,,0.319047619047619,,0.319047619047619,
db10,db10_able_to_amputee,agency_vs_plain_conf_iso_budget,0.02,agency_margin_tau_0.02,plain_conf_threshold_matched_tau_0.02,plain_conf_threshold_iso_budget_curve,safe_episode_rate,db10_able_to_amputee|S105,S105,ex1,0.11738095238095238,0.20452380952380952,-0.08714285714285715,0.08714285714285715,True,False,5,0.24404761904761904,0.06904761904761905,,0.175,,0.175,
db10,db10_able_to_amputee,agency_vs_plain_conf_iso_budget,0.02,agency_margin_tau_0.02,plain_conf_threshold_matched_tau_0.02,plain_conf_threshold_iso_budget_curve,safe_episode_rate,db10_able_to_amputee|S106,S106,ex1,0.11166666666666666,0.23761904761904762,-0.12595238095238095,0.12595238095238095,True,False,5,0.29404761904761906,0.07976190476190476,,0.2142857142857143,,0.2142857142857143,
db10,db10_able_to_amputee,agency_vs_plain_conf_iso_budget,0.02,agency_margin_tau_0.02,plain_conf_threshold_matched_tau_0.02,plain_conf_threshold_iso_budget_curve,safe_episode_rate,db10_able_to_amputee|S107,S107,ex1,0.20404761904761906,0.23,-0.02595238095238095,0.02595238095238095,True,False,5,0.37857142857142856,0.06190476190476191,,0.31666666666666665,,0.31666666666666665,
db10,db10_able_to_amputee,agency_vs_plain_conf_iso_budget,0.02,agency_margin_tau_0.02,plain_conf_threshold_matched_tau_0.02,plain_conf_threshold_iso_budget_curve,safe_episode_rate,db10_able_to_amputee|S108,S108,ex1,0.0,0.005238095238095238,-0.005238095238095238,0.005238095238095238,True,False,5,0.0,0.0,,0.0,,0.0,
db10,db10_able_to_amputee,agency_vs_plain_conf_iso_budget,0.02,agency_margin_tau_0.02,plain_conf_threshold_matched_tau_0.02,plain_conf_threshold_iso_budget_curve,safe_episode_rate,db10_able_to_amputee|S109,S109,ex1,0.17476190476190476,0.2030952380952381,-0.02833333333333335,0.02833333333333335,True,False,5,0.38452380952380955,0.12142857142857143,,0.2630952380952381,,0.2630952380952381,
db10,db10_able_to_amputee,agency_vs_plain_conf_iso_budget,0.02,agency_margin_tau_0.02,plain_conf_threshold_matched_tau_0.02,plain_conf_threshold_iso_budget_curve,safe_episode_rate,db10_able_to_amputee|S110,S110,ex1,0.06333333333333334,0.06357142857142857,-0.0002380952380952317,0.0002380952380952317,True,False,5,0.14285714285714285,0.008333333333333333,,0.13452380952380952,,0.13452380952380952,
db10,db10_able_to_amputee,agency_vs_plain_conf_iso_budget,0.02,agency_margin_tau_0.02,plain_conf_threshold_matched_tau_0.02,plain_conf_threshold_iso_budget_curve,safe_episode_rate,db10_able_to_amputee|S111,S111,ex1,0.1473809523809524,0.2342857142857143,-0.0869047619047619,0.0869047619047619,True,False,5,0.29285714285714287,0.09642857142857143,,0.19642857142857145,,0.19642857142857145,
db10,db10_able_to_amputee,agency_vs_plain_conf_iso_budget,0.02,agency_margin_tau_0.02,plain_conf_threshold_matched_tau_0.02,plain_conf_threshold_iso_budget_curve,safe_episode_rate,db10_able_to_amputee|S112,S112,ex1,0.24095238095238095,0.15904761904761905,0.0819047619047619,0.0819047619047619,False,True,5,0.43333333333333335,0.09047619047619047,0.15163295406658236,0.34285714285714286,0.28170037926675096,0.34285714285714286,0.28170037926675096
db10,db10_able_to_amputee,agency_vs_plain_conf_iso_budget,0.02,agency_margin_tau_0.02,plain_conf_threshold_matched_tau_0.02,plain_conf_threshold_iso_budget_curve,safe_episode_rate,db10_able_to_amputee|S113,S113,ex1,0.19404761904761905,0.11666666666666667,0.07738095238095238,0.07738095238095238,False,True,5,0.319047619047619,0.013095238095238096,0.05595594525235244,0.3059523809523809,0.2630916737952666,0.3059523809523809,0.2630916737952666
db10,db10_able_to_amputee,agency_vs_plain_conf_iso_budget,0.02,agency_margin_tau_0.02,plain_conf_threshold_matched_tau_0.02,plain_conf_threshold_iso_budget_curve,safe_episode_rate,db10_able_to_amputee|S114,S114,ex1,0.06690476190476191,0.16333333333333333,-0.09642857142857142,0.09642857142857142,True,False,5,0.18095238095238095,0.08095238095238096,,0.09999999999999999,,0.09999999999999999,
db10,db10_able_to_amputee,agency_vs_plain_conf_iso_budget,0.02,agency_margin_tau_0.02,plain_conf_threshold_matched_tau_0.02,plain_conf_threshold_iso_budget_curve,safe_episode_rate,db10_able_to_amputee|S115,S115,ex1,0.20714285714285716,0.2538095238095238,-0.04666666666666666,0.04666666666666666,True,False,5,0.31547619047619047,0.18095238095238095,,0.13452380952380952,,0.13452380952380952,
db10,db10_able_to_amputee,agency_vs_plain_conf_iso_budget,0.05,agency_margin_tau_0.05,plain_conf_threshold_matched_tau_0.05,plain_conf_threshold_iso_budget_curve,safe_episode_rate,db10_able_to_amputee|S101,S101,ex1,0.4154761904761905,0.4711904761904762,-0.055714285714285716,0.055714285714285716,False,True,5,0.6392857142857142,0.44285714285714284,0.37735521235521235,0.1964285714285714,0.2619305019305019,0.1964285714285714,0.2619305019305019
db10,db10_able_to_amputee,agency_vs_plain_conf_iso_budget,0.05,agency_margin_tau_0.05,plain_conf_threshold_matched_tau_0.05,plain_conf_threshold_iso_budget_curve,safe_episode_rate,db10_able_to_amputee|S102,S102,ex1,0.51,0.38666666666666666,0.12333333333333335,0.030714285714285694,False,True,5,0.675,0.39285714285714285,0.5415433870611615,0.2821428571428572,0.1334566129388386,0.2821428571428572,0.1334566129388386
db10,db10_able_to_amputee,agency_vs_plain_conf_iso_budget,0.05,agency_margin_tau_0.05,plain_conf_threshold_matched_tau_0.05,plain_conf_threshold_iso_budget_curve,safe_episode_rate,db10_able_to_amputee|S103,S103,ex1,0.33214285714285713,0.4247619047619048,-0.09261904761904766,0.09261904761904766,False,True,5,0.5428571428571428,0.30833333333333335,0.2168720238095238,0.23452380952380947,0.325985119047619,0.23452380952380947,0.325985119047619
db10,db10_able_to_amputee,agency_vs_plain_conf_iso_budget,0.05,agency_margin_tau_0.05,plain_conf_threshold_matched_tau_0.05,plain_conf_threshold_iso_budget_curve,safe_episode_rate,db10_able_to_amputee|S104,S104,ex1,0.46,0.4278571428571429,0.03214285714285714,0.03214285714285714,False,True,5,0.5833333333333334,0.36666666666666664,0.39922969187675067,0.21666666666666673,0.1841036414565827,0.21666666666666673,0.1841036414565827
db10,db10_able_to_amputee,agency_vs_plain_conf_iso_budget,0.05,agency_margin_tau_0.05,plain_conf_threshold_matched_tau_0.05,plain_conf_threshold_iso_budget_curve,safe_episode_rate,db10_able_to_amputee|S105,S105,ex1,0.27,0.4319047619047619,-0.16190476190476188,0.0654761904761905,False,True,5,0.475,0.26785714285714285,0.12629643480428823,0.20714285714285713,0.3487035651957118,0.20714285714285713,0.3487035651957118
db10,db10_able_to_amputee,agency_vs_plain_conf_iso_budget,0.05,agency_margin_tau_0.05,plain_conf_threshold_matched_tau_0.05,plain_conf_threshold_iso_budget_curve,safe_episode_rate,db10_able_to_amputee|S106,S106,ex1,0.27904761904761904,0.47619047619047616,-0.19714285714285712,0.041428571428571426,False,True,5,0.4988095238095238,0.2654761904761905,0.11201169090390647,0.23333333333333334,0.3867978329056173,0.23333333333333334,0.3867978329056173
db10,db10_able_to_amputee,agency_vs_plain_conf_iso_budget,0.05,agency_margin_tau_0.05,plain_conf_threshold_matched_tau_0.05,plain_conf_threshold_iso_budget_curve,safe_episode_rate,db10_able_to_amputee|S107,S107,ex1,0.43523809523809526,0.46214285714285713,-0.026904761904761876,0.026904761904761876,False,True,5,0.5214285714285715,0.23452380952380952,0.21451770451770452,0.28690476190476194,0.30691086691086694,0.28690476190476194,0.30691086691086694
db10,db10_able_to_amputee,agency_vs_plain_conf_iso_budget,0.05,agency_margin_tau_0.05,plain_conf_threshold_matched_tau_0.05,plain_conf_threshold_iso_budget_curve,safe_episode_rate,db10_able_to_amputee|S108,S108,ex1,0.0,0.04476190476190476,-0.04476190476190476,0.005238095238095238,True,False,5,0.0,0.0,,0.0,,0.0,
db10,db10_able_to_amputee,agency_vs_plain_conf_iso_budget,0.05,agency_margin_tau_0.05,plain_conf_threshold_matched_tau_0.05,plain_conf_threshold_iso_budget_curve,safe_episode_rate,db10_able_to_amputee|S109,S109,ex1,0.35619047619047617,0.39380952380952383,-0.03761904761904766,0.03761904761904766,False,True,5,0.5226190476190476,0.2845238095238095,0.25235271386956776,0.23809523809523814,0.2702663337494799,0.23809523809523814,0.2702663337494799
db10,db10_able_to_amputee,agency_vs_plain_conf_iso_budget,0.05,agency_margin_tau_0.05,plain_conf_threshold_matched_tau_0.05,plain_conf_threshold_iso_budget_curve,safe_episode_rate,db10_able_to_amputee|S110,S110,ex1,0.15904761904761905,0.22023809523809523,-0.061190476190476184,0.061190476190476184,False,True,5,0.3047619047619048,0.10476190476190476,0.067099073672022,0.2,0.2376628310898828,0.2,0.2376628310898828
db10,db10_able_to_amputee,agency_vs_plain_conf_iso_budget,0.05,agency_margin_tau_0.05,plain_conf_threshold_matched_tau_0.05,plain_conf_threshold_iso_budget_curve,safe_episode_rate,db10_able_to_amputee|S111,S111,ex1,0.3433333333333333,0.42238095238095236,-0.07904761904761903,0.07904761904761903,False,True,5,0.5202380952380953,0.31785714285714284,0.2248010849909584,0.20238095238095244,0.29543701024713687,0.20238095238095244,0.29543701024713687
db10,db10_able_to_amputee,agency_vs_plain_conf_iso_budget,0.05,agency_margin_tau_0.05,plain_conf_threshold_matched_tau_0.05,plain_conf_threshold_iso_budget_curve,safe_episode_rate,db10_able_to_amputee|S112,S112,ex1,0.4711904761904762,0.3742857142857143,0.09690476190476194,0.06690476190476186,False,True,5,0.5190476190476191,0.2511904761904762,0.3476726882613511,0.2678571428571429,0.17137493078626798,0.2678571428571429,0.17137493078626798
db10,db10_able_to_amputee,agency_vs_plain_conf_iso_budget,0.05,agency_margin_tau_0.05,plain_conf_threshold_matched_tau_0.05,plain_conf_threshold_iso_budget_curve,safe_episode_rate,db10_able_to_amputee|S113,S113,ex1,0.5102380952380953,0.35523809523809524,0.15500000000000003,0.0423809523809523,False,True,5,0.42738095238095236,0.14523809523809525,0.2405939456602907,0.28214285714285714,0.18678700672066167,0.28214285714285714,0.18678700672066167
db10,db10_able_to_amputee,agency_vs_plain_conf_iso_budget,0.05,agency_margin_tau_0.05,plain_conf_threshold_matched_tau_0.05,plain_conf_threshold_iso_budget_curve,safe_episode_rate,db10_able_to_amputee|S114,S114,ex1,0.18404761904761904,0.31357142857142856,-0.1295238095238095,0.020714285714285713,False,True,5,0.35833333333333334,0.2511904761904762,0.10442419440042261,0.10714285714285715,0.2539091389329107,0.10714285714285715,0.2539091389329107
db10,db10_able_to_amputee,agency_vs_plain_conf_iso_budget,0.05,agency_margin_tau_0.05,plain_conf_threshold_matched_tau_0.05,plain_conf_threshold_iso_budget_curve,safe_episode_rate,db10_able_to_amputee|S115,S115,ex1,0.48857142857142855,0.4895238095238095,-0.0009523809523809823,0.0009523809523809823,False,True,5,0.4166666666666667,0.37142857142857144,0.3706589706589707,0.045238095238095244,0.046007696007696,0.045238095238095244,0.046007696007696
db10,db10_able_to_amputee,agency_vs_plain_conf_iso_budget,0.10,agency_margin_tau_0.10,plain_conf_threshold_matched_tau_0.10,plain_conf_threshold_iso_budget_curve,safe_episode_rate,db10_able_to_amputee|S101,S101,ex1,0.5530952380952381,0.5911904761904762,-0.03809523809523807,0.03809523809523807,False,True,5,0.7535714285714286,0.6476190476190476,0.582615268329554,0.10595238095238091,0.17095616024187454,0.10595238095238091,0.17095616024187454
db10,db10_able_to_amputee,agency_vs_plain_conf_iso_budget,0.10,agency_margin_tau_0.10,plain_conf_threshold_matched_tau_0.10,plain_conf_threshold_iso_budget_curve,safe_episode_rate,db10_able_to_amputee|S102,S102,ex1,0.6845238095238095,0.5407142857142857,0.14380952380952383,0.0357142857142857,True,False,5,0.7130952380952381,0.5785714285714286,,0.1345238095238095,,0.1345238095238095,
db10,db10_able_to_amputee,agency_vs_plain_conf_iso_budget,0.10,agency_margin_tau_0.10,plain_conf_threshold_matched_tau_0.10,plain_conf_threshold_iso_budget_curve,safe_episode_rate,db10_able_to_amputee|S103,S103,ex1,0.47214285714285714,0.5638095238095238,-0.09166666666666662,0.04738095238095236,False,True,5,0.5773809523809523,0.4523809523809524,0.3574180528375734,0.12499999999999994,0.21996289954337894,0.12499999999999994,0.21996289954337894
db10,db10_able_to_amputee,agency_vs_plain_conf_iso_budget,0.10,agency_margin_tau_0.10,plain_conf_threshold_matched_tau_0.10,plain_conf_threshold_iso_budget_curve,safe_episode_rate,db10_able_to_amputee|S104,S104,ex1,0.6035714285714285,0.5735714285714286,0.029999999999999916,0.029999999999999916,False,True,5,0.625,0.5142857142857142,0.5548551093035078,0.11071428571428577,0.07014489069649221,0.11071428571428577,0.07014489069649221
db10,db10_able_to_amputee,agency_vs_plain_conf_iso_budget,0.10,agency_margin_tau_0.10,plain_conf_threshold_matched_tau_0.10,plain_conf_threshold_iso_budget_curve,safe_episode_rate,db10_able_to_amputee|S105,S105,ex1,0.4607142857142857,0.6121428571428571,-0.1514285714285714,0.028809523809523785,False,True,5,0.6607142857142857,0.5190476190476191,0.3080078002138768,0.1416666666666666,0.3527064855004089,0.1416666666666666,0.3527064855004089
db10,db10_able_to_amputee,agency_vs_plain_conf_iso_budget,0.10,agency_margin_tau_0.10,plain_conf_threshold_matched_tau_0.10,plain_conf_threshold_iso_budget_curve,safe_episode_rate,db10_able_to_amputee|S106,S106,ex1,0.5161904761904762,0.6335714285714286,-0.11738095238095236,0.040000000000000036,False,True,5,0.6261904761904762,0.4666666666666667,0.3166108349542541,0.1595238095238095,0.3095796412362221,0.1595238095238095,0.3095796412362221
db10,db10_able_to_amputee,agency_vs_plain_conf_iso_budget,0.10,agency_margin_tau_0.10,plain_conf_threshold_matched_tau_0.10,plain_conf_threshold_iso_budget_curve,safe_episode_rate,db10_able_to_amputee|S107,S107,ex1,0.6466666666666666,0.6030952380952381,0.04357142857142848,0.03214285714285725,False,True,5,0.569047619047619,0.4142857142857143,0.4519654088050314,0.1547619047619047,0.11708221024258764,0.1547619047619047,0.11708221024258764
db10,db10_able_to_amputee,agency_vs_plain_conf_iso_budget,0.10,agency_margin_tau_0.10,plain_conf_threshold_matched_tau_0.10,plain_conf_threshold_iso_budget_curve,safe_episode_rate,db10_able_to_amputee|S108,S108,ex1,0.0,0.22285714285714286,-0.22285714285714286,0.005238095238095238,True,False,5,0.0,0.0,,0.0,,0.0,
db10,db10_able_to_amputee,agency_vs_plain_conf_iso_budget,0.10,agency_margin_tau_0.10,plain_conf_threshold_matched_tau_0.10,plain_conf_threshold_iso_budget_curve,safe_episode_rate,db10_able_to_amputee|S109,S109,ex1,0.5507142857142857,0.535,0.01571428571428568,0.01571428571428568,False,True,5,0.6154761904761905,0.46904761904761905,0.4876190476190476,0.14642857142857146,0.1278571428571429,0.14642857142857146,0.1278571428571429
db10,db10_able_to_amputee,agency_vs_plain_conf_iso_budget,0.10,agency_margin_tau_0.10,plain_conf_threshold_matched_tau_0.10,plain_conf_threshold_iso_budget_curve,safe_episode_rate,db10_able_to_amputee|S110,S110,ex1,0.36,0.3954761904761905,-0.035476190476190494,0.035476190476190494,False,True,5,0.42738095238095236,0.25,0.22059717908902687,0.17738095238095236,0.2067837732919255,0.17738095238095236,0.2067837732919255
db10,db10_able_to_amputee,agency_vs_plain_conf_iso_budget,0.10,agency_margin_tau_0.10,plain_conf_threshold_matched_tau_0.10,plain_conf_threshold_iso_budget_curve,safe_episode_rate,db10_able_to_amputee|S111,S111,ex1,0.5092857142857142,0.5788095238095238,-0.06952380952380954,0.06952380952380954,False,True,5,0.6309523809523809,0.5142857142857142,0.4269841269841269,0.1166666666666667,0.20396825396825402,0.1166666666666667,0.20396825396825402
db10,db10_able_to_amputee,agency_vs_plain_conf_iso_budget,0.10,agency_margin_tau_0.10,plain_conf_threshold_matched_tau_0.10,plain_conf_threshold_iso_budget_curve,safe_episode_rate,db10_able_to_amputee|S112,S112,ex1,0.6159523809523809,0.5380952380952381,0.07785714285714285,0.010714285714285787,False,True,5,0.5678571428571428,0.4142857142857143,0.4854454685099846,0.15357142857142853,0.08241167434715824,0.15357142857142853,0.08241167434715824
db10,db10_able_to_amputee,agency_vs_plain_conf_iso_budget,0.10,agency_margin_tau_0.10,plain_conf_threshold_matched_tau_0.10,plain_conf_threshold_iso_budget_curve,safe_episode_rate,db10_able_to_amputee|S113,S113,ex1,0.7209523809523809,0.5526190476190476,0.16833333333333333,0.0473809523809523,True,False,5,0.4107142857142857,0.26666666666666666,,0.14404761904761904,,0.14404761904761904,
db10,db10_able_to_amputee,agency_vs_plain_conf_iso_budget,0.10,agency_margin_tau_0.10,plain_conf_threshold_matched_tau_0.10,plain_conf_threshold_iso_budget_curve,safe_episode_rate,db10_able_to_amputee|S114,S114,ex1,0.33380952380952383,0.43,-0.09619047619047616,0.020238095238095277,False,True,5,0.4738095238095238,0.3904761904761905,0.2754016944200994,0.08333333333333331,0.19840782938942442,0.08333333333333331,0.19840782938942442
db10,db10_able_to_amputee,agency_vs_plain_conf_iso_budget,0.10,agency_margin_tau_0.10,plain_conf_threshold_matched_tau_0.10,plain_conf_threshold_iso_budget_curve,safe_episode_rate,db10_able_to_amputee|S115,S115,ex1,0.6295238095238095,0.59,0.03952380952380952,0.002619047619047632,False,True,5,0.4666666666666667,0.42857142857142855,0.45760021522733385,0.038095238095238126,0.009066451439332823,0.038095238095238126,0.009066451439332823
db10,db10_able_to_amputee,agency_vs_plain_conf_iso_budget,0.15,agency_margin_tau_0.15,plain_conf_threshold_matched_tau_0.15,plain_conf_threshold_iso_budget_curve,safe_episode_rate,db10_able_to_amputee|S101,S101,ex1,0.6357142857142857,0.6557142857142857,-0.020000000000000018,0.020000000000000018,False,True,5,0.7928571428571428,0.7333333333333333,0.7067650676506765,0.059523809523809534,0.08609207520646633,0.059523809523809534,0.08609207520646633
db10,db10_able_to_amputee,agency_vs_plain_conf_iso_budget,0.15,agency_margin_tau_0.15,plain_conf_threshold_matched_tau_0.15,plain_conf_threshold_iso_budget_curve,safe_episode_rate,db10_able_to_amputee|S102,S102,ex1,0.7626190476190476,0.6226190476190476,0.14,0.1138095238095238,True,False,5,0.7273809523809524,0.6476190476190476,,0.0797619047619047,,0.0797619047619047,
db10,db10_able_to_amputee,agency_vs_plain_conf_iso_budget,0.15,agency_margin_tau_0.15,plain_conf_threshold_matched_tau_0.15,plain_conf_threshold_iso_budget_curve,safe_episode_rate,db10_able_to_amputee|S103,S103,ex1,0.5264285714285715,0.6457142857142857,-0.11928571428571422,0.03738095238095229,False,True,5,0.6047619047619047,0.5357142857142857,0.4136558219178083,0.06904761904761902,0.19110608284409641,0.06904761904761902,0.19110608284409641
db10,db10_able_to_amputee,agency_vs_plain_conf_iso_budget,0.15,agency_margin_tau_0.15,plain_conf_threshold_matched_tau_0.15,plain_conf_threshold_iso_budget_curve,safe_episode_rate,db10_able_to_amputee|S104,S104,ex1,0.6707142857142857,0.6404761904761904,0.030238095238095286,0.005714285714285672,True,False,5,0.6619047619047619,0.6047619047619047,,0.05714285714285716,,0.05714285714285716,
db10,db10_able_to_amputee,agency_vs_plain_conf_iso_budget,0.15,agency_margin_tau_0.15,plain_conf_threshold_matched_tau_0.15,plain_conf_threshold_iso_budget_curve,safe_episode_rate,db10_able_to_amputee|S105,S105,ex1,0.5995238095238096,0.7004761904761905,-0.1009523809523809,0.01261904761904753,False,True,5,0.7345238095238096,0.6404761904761904,0.5014609674781407,0.09404761904761916,0.23306284204566885,0.09404761904761916,0.23306284204566885
db10,db10_able_to_amputee,agency_vs_plain_conf_iso_budget,0.15,agency_margin_tau_0.15,plain_conf_threshold_matched_tau_0.15,plain_conf_threshold_iso_budget_curve,safe_episode_rate,db10_able_to_amputee|S106,S106,ex1,0.6335714285714286,0.7157142857142857,-0.08214285714285718,0.0,False,True,5,0.6523809523809524,0.5535714285714286,0.4666666666666667,0.09880952380952379,0.18571428571428572,0.09880952380952379,0.18571428571428572
db10,db10_able_to_amputee,agency_vs_plain_conf_iso_budget,0.15,agency_margin_tau_0.15,plain_conf_threshold_matched_tau_0.15,plain_conf_threshold_iso_budget_curve,safe_episode_rate,db10_able_to_amputee|S107,S107,ex1,0.7421428571428571,0.6788095238095239,0.06333333333333324,0.03523809523809518,True,False,5,0.5642857142857143,0.4797619047619048,,0.0845238095238095,,0.0845238095238095,
db10,db10_able_to_amputee,agency_vs_plain_conf_iso_budget,0.15,agency_margin_tau_0.15,plain_conf_threshold_matched_tau_0.15,plain_conf_threshold_iso_budget_curve,safe_episode_rate,db10_able_to_amputee|S108,S108,ex1,0.0,0.36214285714285716,-0.36214285714285716,0.005238095238095238,True,False,5,0.0,0.0,,0.0,,0.0,
db10,db10_able_to_amputee,agency_vs_plain_conf_iso_budget,0.15,agency_margin_tau_0.15,plain_conf_threshold_matched_tau_0.15,plain_conf_threshold_iso_budget_curve,safe_episode_rate,db10_able_to_amputee|S109,S109,ex1,0.6645238095238095,0.6135714285714285,0.05095238095238097,0.01571428571428568,True,False,5,0.655952380952381,0.5619047619047619,,0.09404761904761905,,0.09404761904761905,
db10,db10_able_to_amputee,agency_vs_plain_conf_iso_budget,0.15,agency_margin_tau_0.15,plain_conf_threshold_matched_tau_0.15,plain_conf_threshold_iso_budget_curve,safe_episode_rate,db10_able_to_amputee|S110,S110,ex1,0.5240476190476191,0.48904761904761906,0.03500000000000003,0.0045238095238095966,True,False,5,0.4488095238095238,0.3238095238095238,,0.125,,0.125,
db10,db10_able_to_amputee,agency_vs_plain_conf_iso_budget,0.15,agency_margin_tau_0.15,plain_conf_threshold_matched_tau_0.15,plain_conf_threshold_iso_budget_curve,safe_episode_rate,db10_able_to_amputee|S111,S111,ex1,0.611904761904762,0.6623809523809524,-0.05047619047619045,0.03309523809523818,False,True,5,0.7119047619047619,0.638095238095238,0.56331569664903,0.07380952380952388,0.1485890652557319,0.07380952380952388,0.1485890652557319
db10,db10_able_to_amputee,agency_vs_plain_conf_iso_budget,0.15,agency_margin_tau_0.15,plain_conf_threshold_matched_tau_0.15,plain_conf_threshold_iso_budget_curve,safe_episode_rate,db10_able_to_amputee|S112,S112,ex1,0.6695238095238095,0.6266666666666667,0.042857142857142816,0.011428571428571455,True,False,5,0.5916666666666667,0.49523809523809526,,0.09642857142857142,,0.09642857142857142,
db10,db10_able_to_amputee,agency_vs_plain_conf_iso_budget,0.15,agency_margin_tau_0.15,plain_conf_threshold_matched_tau_0.15,plain_conf_threshold_iso_budget_curve,safe_episode_rate,db10_able_to_amputee|S113,S113,ex1,0.78,0.6426190476190476,0.13738095238095238,0.10642857142857143,True,False,5,0.4369047619047619,0.34523809523809523,,0.09166666666666667,,0.09166666666666667,
db10,db10_able_to_amputee,agency_vs_plain_conf_iso_budget,0.15,agency_margin_tau_0.15,plain_conf_threshold_matched_tau_0.15,plain_conf_threshold_iso_budget_curve,safe_episode_rate,db10_able_to_amputee|S114,S114,ex1,0.4888095238095238,0.49214285714285716,-0.003333333333333355,0.003333333333333355,False,True,5,0.5857142857142857,0.5119047619047619,0.5053913519430759,0.07380952380952388,0.0803229337712098,0.07380952380952388,0.0803229337712098
db10,db10_able_to_amputee,agency_vs_plain_conf_iso_budget,0.15,agency_margin_tau_0.15,plain_conf_threshold_matched_tau_0.15,plain_conf_threshold_iso_budget_curve,safe_episode_rate,db10_able_to_amputee|S115,S115,ex1,0.6930952380952381,0.6321428571428571,0.06095238095238098,0.04738095238095241,True,False,5,0.48333333333333334,0.4595238095238095,,0.023809523809523836,,0.023809523809523836,
db10,db10_able_to_amputee,agency_vs_plain_conf_iso_budget,0.20,agency_margin_tau_0.20,plain_conf_threshold_matched_tau_0.20,plain_conf_threshold_iso_budget_curve,safe_episode_rate,db10_able_to_amputee|S101,S101,ex1,0.6969047619047619,0.6764285714285714,0.020476190476190537,0.020476190476190537,True,False,5,0.8107142857142857,0.7642857142857142,,0.046428571428571486,,0.046428571428571486,
db10,db10_able_to_amputee,agency_vs_plain_conf_iso_budget,0.20,agency_margin_tau_0.20,plain_conf_threshold_matched_tau_0.20,plain_conf_threshold_iso_budget_curve,safe_episode_rate,db10_able_to_amputee|S102,S102,ex1,0.8,0.6488095238095238,0.1511904761904762,0.1511904761904762,True,False,5,0.7333333333333333,0.6619047619047619,,0.0714285714285714,,0.0714285714285714,
db10,db10_able_to_amputee,agency_vs_plain_conf_iso_budget,0.20,agency_margin_tau_0.20,plain_conf_threshold_matched_tau_0.20,plain_conf_threshold_iso_budget_curve,safe_episode_rate,db10_able_to_amputee|S103,S103,ex1,0.5685714285714286,0.6728571428571428,-0.1042857142857142,0.004761904761904856,False,True,5,0.6309523809523809,0.5797619047619048,0.4572259136212626,0.05119047619047612,0.17372646733111835,0.05119047619047612,0.17372646733111835
db10,db10_able_to_amputee,agency_vs_plain_conf_iso_budget,0.20,agency_margin_tau_0.20,plain_conf_threshold_matched_tau_0.20,plain_conf_threshold_iso_budget_curve,safe_episode_rate,db10_able_to_amputee|S104,S104,ex1,0.7197619047619047,0.665,0.05476190476190468,0.05476190476190468,True,False,5,0.6833333333333333,0.6345238095238095,,0.04880952380952386,,0.04880952380952386,
db10,db10_able_to_amputee,agency_vs_plain_conf_iso_budget,0.20,agency_margin_tau_0.20,plain_conf_threshold_matched_tau_0.20,plain_conf_threshold_iso_budget_curve,safe_episode_rate,db10_able_to_amputee|S105,S105,ex1,0.7119047619047619,0.7314285714285714,-0.0195238095238095,0.011428571428571455,False,True,5,0.7666666666666667,0.6976190476190476,0.6615750915750915,0.06904761904761914,0.10509157509157518,0.06904761904761914,0.10509157509157518
db10,db10_able_to_amputee,agency_vs_plain_conf_iso_budget,0.20,agency_margin_tau_0.20,plain_conf_threshold_matched_tau_0.20,plain_conf_threshold_iso_budget_curve,safe_episode_rate,db10_able_to_amputee|S106,S106,ex1,0.7057142857142857,0.7459523809523809,-0.040238095238095184,0.010000000000000009,False,True,5,0.6761904761904762,0.6226190476190476,0.5429917184265011,0.0535714285714286,0.13319875776397516,0.0535714285714286,0.13319875776397516
db10,db10_able_to_amputee,agency_vs_plain_conf_iso_budget,0.20,agency_margin_tau_0.20,plain_conf_threshold_matched_tau_0.20,plain_conf_threshold_iso_budget_curve,safe_episode_rate,db10_able_to_amputee|S107,S107,ex1,0.7828571428571428,0.7069047619047619,0.07595238095238088,0.07595238095238088,True,False,5,0.5595238095238095,0.4976190476190476,,0.06190476190476191,,0.06190476190476191,
db10,db10_able_to_amputee,agency_vs_plain_conf_iso_budget,0.20,agency_margin_tau_0.20,plain_conf_threshold_matched_tau_0.20,plain_conf_threshold_iso_budget_curve,safe_episode_rate,db10_able_to_amputee|S108,S108,ex1,0.0007142857142857143,0.4207142857142857,-0.42,0.004523809523809524,True,False,5,0.002380952380952381,0.0011904761904761906,,0.0011904761904761906,,0.0011904761904761906,
db10,db10_able_to_amputee,agency_vs_plain_conf_iso_budget,0.20,agency_margin_tau_0.20,plain_conf_threshold_matched_tau_0.20,plain_conf_threshold_iso_budget_curve,safe_episode_rate,db10_able_to_amputee|S109,S109,ex1,0.7242857142857143,0.6488095238095238,0.07547619047619047,0.07547619047619047,True,False,5,0.6619047619047619,0.5952380952380952,,0.06666666666666665,,0.06666666666666665,
db10,db10_able_to_amputee,agency_vs_plain_conf_iso_budget,0.20,agency_margin_tau_0.20,plain_conf_threshold_matched_tau_0.20,plain_conf_threshold_iso_budget_curve,safe_episode_rate,db10_able_to_amputee|S110,S110,ex1,0.6033333333333334,0.5195238095238095,0.08380952380952389,0.08380952380952389,True,False,5,0.4666666666666667,0.3595238095238095,,0.10714285714285715,,0.10714285714285715,
db10,db10_able_to_amputee,agency_vs_plain_conf_iso_budget,0.20,agency_margin_tau_0.20,plain_conf_threshold_matched_tau_0.20,plain_conf_threshold_iso_budget_curve,safe_episode_rate,db10_able_to_amputee|S111,S111,ex1,0.6783333333333333,0.6921428571428572,-0.013809523809523827,0.013809523809523827,False,True,5,0.7428571428571429,0.6821428571428572,0.6617047619047619,0.06071428571428572,0.08115238095238098,0.06071428571428572,0.08115238095238098
db10,db10_able_to_amputee,agency_vs_plain_conf_iso_budget,0.20,agency_margin_tau_0.20,plain_conf_threshold_matched_tau_0.20,plain_conf_threshold_iso_budget_curve,safe_episode_rate,db10_able_to_amputee|S112,S112,ex1,0.7030952380952381,0.6580952380952381,0.04500000000000004,0.04500000000000004,True,False,5,0.6095238095238096,0.5297619047619048,,0.07976190476190481,,0.07976190476190481,
db10,db10_able_to_amputee,agency_vs_plain_conf_iso_budget,0.20,agency_margin_tau_0.20,plain_conf_threshold_matched_tau_0.20,plain_conf_threshold_iso_budget_curve,safe_episode_rate,db10_able_to_amputee|S113,S113,ex1,0.8121428571428572,0.6735714285714286,0.13857142857142857,0.13857142857142857,True,False,5,0.44761904761904764,0.38095238095238093,,0.06666666666666671,,0.06666666666666671,
db10,db10_able_to_amputee,agency_vs_plain_conf_iso_budget,0.20,agency_margin_tau_0.20,plain_conf_threshold_matched_tau_0.20,plain_conf_threshold_iso_budget_curve,safe_episode_rate,db10_able_to_amputee|S114,S114,ex1,0.5923809523809523,0.5157142857142857,0.07666666666666666,0.07666666666666666,True,False,5,0.6142857142857143,0.5571428571428572,,0.05714285714285716,,0.05714285714285716,
db10,db10_able_to_amputee,agency_vs_plain_conf_iso_budget,0.20,agency_margin_tau_0.20,plain_conf_threshold_matched_tau_0.20,plain_conf_threshold_iso_budget_curve,safe_episode_rate,db10_able_to_amputee|S115,S115,ex1,0.7014285714285714,0.6457142857142857,0.055714285714285716,0.055714285714285716,True,False,5,0.4845238095238095,0.46785714285714286,,0.016666666666666663,,0.016666666666666663,
db10,db10_able_to_amputee,agency_vs_plain_conf_iso_budget,0.02,agency_margin_tau_0.02,plain_conf_threshold_matched_tau_0.02,plain_conf_threshold_iso_budget_curve,stable_safe_episode_rate,db10_able_to_amputee|S101,S101,ex1,0.23,0.295,-0.06499999999999997,0.06499999999999997,True,False,5,0.31666666666666665,0.20714285714285716,,0.1095238095238095,,0.1095238095238095,
db10,db10_able_to_amputee,agency_vs_plain_conf_iso_budget,0.02,agency_margin_tau_0.02,plain_conf_threshold_matched_tau_0.02,plain_conf_threshold_iso_budget_curve,stable_safe_episode_rate,db10_able_to_amputee|S102,S102,ex1,0.27476190476190476,0.1980952380952381,0.07666666666666666,0.07666666666666666,False,True,5,0.275,0.1357142857142857,0.2054112554112554,0.13928571428571432,0.06958874458874462,0.13928571428571432,0.06958874458874462
db10,db10_able_to_amputee,agency_vs_plain_conf_iso_budget,0.02,agency_margin_tau_0.02,plain_conf_threshold_matched_tau_0.02,plain_conf_threshold_iso_budget_curve,stable_safe_episode_rate,db10_able_to_amputee|S103,S103,ex1,0.1711904761904762,0.2342857142857143,-0.0630952380952381,0.0630952380952381,True,False,5,0.23095238095238096,0.11190476190476191,,0.11904761904761905,,0.11904761904761905,
db10,db10_able_to_amputee,agency_vs_plain_conf_iso_budget,0.02,agency_margin_tau_0.02,plain_conf_threshold_matched_tau_0.02,plain_conf_threshold_iso_budget_curve,stable_safe_episode_rate,db10_able_to_amputee|S104,S104,ex1,0.24952380952380954,0.25452380952380954,-0.0050000000000000044,0.0050000000000000044,True,False,5,0.32142857142857145,0.14166666666666666,,0.1797619047619048,,0.1797619047619048,
db10,db10_able_to_amputee,agency_vs_plain_conf_iso_budget,0.02,agency_margin_tau_0.02,plain_conf_threshold_matched_tau_0.02,plain_conf_threshold_iso_budget_curve,stable_safe_episode_rate,db10_able_to_amputee|S105,S105,ex1,0.11738095238095238,0.20452380952380952,-0.08714285714285715,0.08714285714285715,True,False,5,0.1130952380952381,0.060714285714285714,,0.05238095238095238,,0.05238095238095238,
db10,db10_able_to_amputee,agency_vs_plain_conf_iso_budget,0.02,agency_margin_tau_0.02,plain_conf_threshold_matched_tau_0.02,plain_conf_threshold_iso_budget_curve,stable_safe_episode_rate,db10_able_to_amputee|S106,S106,ex1,0.11166666666666666,0.23761904761904762,-0.12595238095238095,0.12595238095238095,True,False,5,0.13095238095238096,0.07023809523809524,,0.06071428571428572,,0.06071428571428572,
db10,db10_able_to_amputee,agency_vs_plain_conf_iso_budget,0.02,agency_margin_tau_0.02,plain_conf_threshold_matched_tau_0.02,plain_conf_threshold_iso_budget_curve,stable_safe_episode_rate,db10_able_to_amputee|S107,S107,ex1,0.20404761904761906,0.23,-0.02595238095238095,0.02595238095238095,True,False,5,0.18928571428571428,0.05119047619047619,,0.1380952380952381,,0.1380952380952381,
db10,db10_able_to_amputee,agency_vs_plain_conf_iso_budget,0.02,agency_margin_tau_0.02,plain_conf_threshold_matched_tau_0.02,plain_conf_threshold_iso_budget_curve,stable_safe_episode_rate,db10_able_to_amputee|S108,S108,ex1,0.0,0.005238095238095238,-0.005238095238095238,0.005238095238095238,True,False,5,0.0,0.0,,0.0,,0.0,
db10,db10_able_to_amputee,agency_vs_plain_conf_iso_budget,0.02,agency_margin_tau_0.02,plain_conf_threshold_matched_tau_0.02,plain_conf_threshold_iso_budget_curve,stable_safe_episode_rate,db10_able_to_amputee|S109,S109,ex1,0.17476190476190476,0.2030952380952381,-0.02833333333333335,0.02833333333333335,True,False,5,0.2226190476190476,0.10357142857142858,,0.11904761904761903,,0.11904761904761903,
db10,db10_able_to_amputee,agency_vs_plain_conf_iso_budget,0.02,agency_margin_tau_0.02,plain_conf_threshold_matched_tau_0.02,plain_conf_threshold_iso_budget_curve,stable_safe_episode_rate,db10_able_to_amputee|S110,S110,ex1,0.06333333333333334,0.06357142857142857,-0.0002380952380952317,0.0002380952380952317,True,False,5,0.07261904761904762,0.0,,0.07261904761904762,,0.07261904761904762,
db10,db10_able_to_amputee,agency_vs_plain_conf_iso_budget,0.02,agency_margin_tau_0.02,plain_conf_threshold_matched_tau_0.02,plain_conf_threshold_iso_budget_curve,stable_safe_episode_rate,db10_able_to_amputee|S111,S111,ex1,0.1473809523809524,0.2342857142857143,-0.0869047619047619,0.0869047619047619,True,False,5,0.15357142857142858,0.08095238095238096,,0.07261904761904762,,0.07261904761904762,
db10,db10_able_to_amputee,agency_vs_plain_conf_iso_budget,0.02,agency_margin_tau_0.02,plain_conf_threshold_matched_tau_0.02,plain_conf_threshold_iso_budget_curve,stable_safe_episode_rate,db10_able_to_amputee|S112,S112,ex1,0.24095238095238095,0.15904761904761905,0.0819047619047619,0.0819047619047619,False,True,5,0.29642857142857143,0.07976190476190476,0.12959334176148335,0.21666666666666667,0.16683522966708808,0.21666666666666667,0.16683522966708808
db10,db10_able_to_amputee,agency_vs_plain_conf_iso_budget,0.02,agency_margin_tau_0.02,plain_conf_threshold_matched_tau_0.02,plain_conf_threshold_iso_budget_curve,stable_safe_episode_rate,db10_able_to_amputee|S113,S113,ex1,0.19404761904761905,0.11666666666666667,0.07738095238095238,0.07738095238095238,False,True,5,0.18571428571428572,0.007142857142857143,0.042667046858663626,0.17857142857142858,0.1430472388556221,0.17857142857142858,0.1430472388556221
db10,db10_able_to_amputee,agency_vs_plain_conf_iso_budget,0.02,agency_margin_tau_0.02,plain_conf_threshold_matched_tau_0.02,plain_conf_threshold_iso_budget_curve,stable_safe_episode_rate,db10_able_to_amputee|S114,S114,ex1,0.06690476190476191,0.16333333333333333,-0.09642857142857142,0.09642857142857142,True,False,5,0.10595238095238095,0.06785714285714285,,0.0380952380952381,,0.0380952380952381,
db10,db10_able_to_amputee,agency_vs_plain_conf_iso_budget,0.02,agency_margin_tau_0.02,plain_conf_threshold_matched_tau_0.02,plain_conf_threshold_iso_budget_curve,stable_safe_episode_rate,db10_able_to_amputee|S115,S115,ex1,0.20714285714285716,0.2538095238095238,-0.04666666666666666,0.04666666666666666,True,False,5,0.16071428571428573,0.10952380952380952,,0.0511904761904762,,0.0511904761904762,
db10,db10_able_to_amputee,agency_vs_plain_conf_iso_budget,0.05,agency_margin_tau_0.05,plain_conf_threshold_matched_tau_0.05,plain_conf_threshold_iso_budget_curve,stable_safe_episode_rate,db10_able_to_amputee|S101,S101,ex1,0.4154761904761905,0.4711904761904762,-0.055714285714285716,0.055714285714285716,False,True,5,0.44642857142857145,0.40476190476190477,0.3422715572715573,0.041666666666666685,0.10415701415701417,0.041666666666666685,0.10415701415701417
db10,db10_able_to_amputee,agency_vs_plain_conf_iso_budget,0.05,agency_margin_tau_0.05,plain_conf_threshold_matched_tau_0.05,plain_conf_threshold_iso_budget_curve,stable_safe_episode_rate,db10_able_to_amputee|S102,S102,ex1,0.51,0.38666666666666666,0.12333333333333335,0.030714285714285694,False,True,5,0.4035714285714286,0.30714285714285716,0.4472510487966439,0.09642857142857142,-0.04367962022521532,0.09642857142857142,-0.04367962022521532
db10,db10_able_to_amputee,agency_vs_plain_conf_iso_budget,0.05,agency_margin_tau_0.05,plain_conf_threshold_matched_tau_0.05,plain_conf_threshold_iso_budget_curve,stable_safe_episode_rate,db10_able_to_amputee|S103,S103,ex1,0.33214285714285713,0.4247619047619048,-0.09261904761904766,0.09261904761904766,False,True,5,0.32261904761904764,0.27976190476190477,0.19814136904761903,0.04285714285714287,0.12447767857142861,0.04285714285714287,0.12447767857142861
db10,db10_able_to_amputee,agency_vs_plain_conf_iso_budget,0.05,agency_margin_tau_0.05,plain_conf_threshold_matched_tau_0.05,plain_conf_threshold_iso_budget_curve,stable_safe_episode_rate,db10_able_to_amputee|S104,S104,ex1,0.46,0.4278571428571429,0.03214285714285714,0.03214285714285714,False,True,5,0.38095238095238093,0.31547619047619047,0.34646358543417366,0.06547619047619047,0.03448879551820727,0.06547619047619047,0.03448879551820727
db10,db10_able_to_amputee,agency_vs_plain_conf_iso_budget,0.05,agency_margin_tau_0.05,plain_conf_threshold_matched_tau_0.05,plain_conf_threshold_iso_budget_curve,stable_safe_episode_rate,db10_able_to_amputee|S105,S105,ex1,0.27,0.4319047619047619,-0.16190476190476188,0.0654761904761905,False,True,5,0.2642857142857143,0.2369047619047619,0.11144976315133384,0.027380952380952395,0.15283595113438045,0.027380952380952395,0.15283595113438045
db10,db10_able_to_amputee,agency_vs_plain_conf_iso_budget,0.05,agency_margin_tau_0.05,plain_conf_threshold_matched_tau_0.05,plain_conf_threshold_iso_budget_curve,stable_safe_episode_rate,db10_able_to_amputee|S106,S106,ex1,0.27904761904761904,0.47619047619047616,-0.19714285714285712,0.041428571428571426,False,True,5,0.2357142857142857,0.2369047619047619,0.09918021100655831,-0.0011904761904761862,0.13653407470772738,-0.0011904761904761862,0.13653407470772738
db10,db10_able_to_amputee,agency_vs_plain_conf_iso_budget,0.05,agency_margin_tau_0.05,plain_conf_threshold_matched_tau_0.05,plain_conf_threshold_iso_budget_curve,stable_safe_episode_rate,db10_able_to_amputee|S107,S107,ex1,0.43523809523809526,0.46214285714285713,-0.026904761904761876,0.026904761904761876,False,True,5,0.3142857142857143,0.21785714285714286,0.1985409035409036,0.09642857142857142,0.11574481074481069,0.09642857142857142,0.11574481074481069
db10,db10_able_to_amputee,agency_vs_plain_conf_iso_budget,0.05,agency_margin_tau_0.05,plain_conf_threshold_matched_tau_0.05,plain_conf_threshold_iso_budget_curve,stable_safe_episode_rate,db10_able_to_amputee|S108,S108,ex1,0.0,0.04476190476190476,-0.04476190476190476,0.005238095238095238,True,False,5,0.0,0.0,,0.0,,0.0,
db10,db10_able_to_amputee,agency_vs_plain_conf_iso_budget,0.05,agency_margin_tau_0.05,plain_conf_threshold_matched_tau_0.05,plain_conf_threshold_iso_budget_curve,stable_safe_episode_rate,db10_able_to_amputee|S109,S109,ex1,0.35619047619047617,0.39380952380952383,-0.03761904761904766,0.03761904761904766,False,True,5,0.31547619047619047,0.2702380952380952,0.23736252303668026,0.045238095238095244,0.0781136674395102,0.045238095238095244,0.0781136674395102
db10,db10_able_to_amputee,agency_vs_plain_conf_iso_budget,0.05,agency_margin_tau_0.05,plain_conf_threshold_matched_tau_0.05,plain_conf_threshold_iso_budget_curve,stable_safe_episode_rate,db10_able_to_amputee|S110,S110,ex1,0.15904761904761905,0.22023809523809523,-0.061190476190476184,0.061190476190476184,False,True,5,0.15,0.058333333333333334,0.03554964539007092,0.09166666666666666,0.11445035460992908,0.09166666666666666,0.11445035460992908
db10,db10_able_to_amputee,agency_vs_plain_conf_iso_budget,0.05,agency_margin_tau_0.05,plain_conf_threshold_matched_tau_0.05,plain_conf_threshold_iso_budget_curve,stable_safe_episode_rate,db10_able_to_amputee|S111,S111,ex1,0.3433333333333333,0.42238095238095236,-0.07904761904761903,0.07904761904761903,False,True,5,0.28095238095238095,0.2773809523809524,0.19483122362869199,0.0035714285714285587,0.08612115732368897,0.0035714285714285587,0.08612115732368897
db10,db10_able_to_amputee,agency_vs_plain_conf_iso_budget,0.05,agency_margin_tau_0.05,plain_conf_threshold_matched_tau_0.05,plain_conf_threshold_iso_budget_curve,stable_safe_episode_rate,db10_able_to_amputee|S112,S112,ex1,0.4711904761904762,0.3742857142857143,0.09690476190476194,0.06690476190476186,False,True,5,0.31666666666666665,0.21071428571428572,0.29733700166112964,0.10595238095238094,0.01932966500553701,0.10595238095238094,0.01932966500553701
db10,db10_able_to_amputee,agency_vs_plain_conf_iso_budget,0.05,agency_margin_tau_0.05,plain_conf_threshold_matched_tau_0.05,plain_conf_threshold_iso_budget_curve,stable_safe_episode_rate,db10_able_to_amputee|S113,S113,ex1,0.5102380952380953,0.35523809523809524,0.15500000000000003,0.0423809523809523,False,True,5,0.2,0.11666666666666667,0.2082830719742662,0.08333333333333334,-0.008283071974266198,0.08333333333333334,-0.008283071974266198
db10,db10_able_to_amputee,agency_vs_plain_conf_iso_budget,0.05,agency_margin_tau_0.05,plain_conf_threshold_matched_tau_0.05,plain_conf_threshold_iso_budget_curve,stable_safe_episode_rate,db10_able_to_amputee|S114,S114,ex1,0.18404761904761904,0.31357142857142856,-0.1295238095238095,0.020714285714285713,False,True,5,0.20952380952380953,0.20833333333333334,0.08722549241566674,0.0011904761904761862,0.12229831710814279,0.0011904761904761862,0.12229831710814279
db10,db10_able_to_amputee,agency_vs_plain_conf_iso_budget,0.05,agency_margin_tau_0.05,plain_conf_threshold_matched_tau_0.05,plain_conf_threshold_iso_budget_curve,stable_safe_episode_rate,db10_able_to_amputee|S115,S115,ex1,0.48857142857142855,0.4895238095238095,-0.0009523809523809823,0.0009523809523809823,False,True,5,0.3404761904761905,0.3261904761904762,0.3253150553150553,0.01428571428571429,0.015161135161135209,0.01428571428571429,0.015161135161135209
db10,db10_able_to_amputee,agency_vs_plain_conf_iso_budget,0.10,agency_margin_tau_0.10,plain_conf_threshold_matched_tau_0.10,plain_conf_threshold_iso_budget_curve,stable_safe_episode_rate,db10_able_to_amputee|S101,S101,ex1,0.5530952380952381,0.5911904761904762,-0.03809523809523807,0.03809523809523807,False,True,5,0.5571428571428572,0.5976190476190476,0.5363945578231293,-0.04047619047619044,0.02074829931972788,-0.04047619047619044,0.02074829931972788
db10,db10_able_to_amputee,agency_vs_plain_conf_iso_budget,0.10,agency_margin_tau_0.10,plain_conf_threshold_matched_tau_0.10,plain_conf_threshold_iso_budget_curve,stable_safe_episode_rate,db10_able_to_amputee|S102,S102,ex1,0.6845238095238095,0.5407142857142857,0.14380952380952383,0.0357142857142857,True,False,5,0.5035714285714286,0.48214285714285715,,0.021428571428571408,,0.021428571428571408,
db10,db10_able_to_amputee,agency_vs_plain_conf_iso_budget,0.10,agency_margin_tau_0.10,plain_conf_threshold_matched_tau_0.10,plain_conf_threshold_iso_budget_curve,stable_safe_episode_rate,db10_able_to_amputee|S103,S103,ex1,0.47214285714285714,0.5638095238095238,-0.09166666666666662,0.04738095238095236,False,True,5,0.37142857142857144,0.41904761904761906,0.32722398891063276,-0.047619047619047616,0.044204582517938684,-0.047619047619047616,0.044204582517938684
db10,db10_able_to_amputee,agency_vs_plain_conf_iso_budget,0.10,agency_margin_tau_0.10,plain_conf_threshold_matched_tau_0.10,plain_conf_threshold_iso_budget_curve,stable_safe_episode_rate,db10_able_to_amputee|S104,S104,ex1,0.6035714285714285,0.5735714285714286,0.029999999999999916,0.029999999999999916,False,True,5,0.45357142857142857,0.45595238095238094,0.5018598542619894,-0.0023809523809523725,-0.048288425690560854,-0.0023809523809523725,-0.048288425690560854
db10,db10_able_to_amputee,agency_vs_plain_conf_iso_budget,0.10,agency_margin_tau_0.10,plain_conf_threshold_matched_tau_0.10,plain_conf_threshold_iso_budget_curve,stable_safe_episode_rate,db10_able_to_amputee|S105,S105,ex1,0.4607142857142857,0.6121428571428571,-0.1514285714285714,0.028809523809523785,False,True,5,0.4142857142857143,0.4642857142857143,0.2732496697490092,-0.04999999999999999,0.1410360445367051,-0.04999999999999999,0.1410360445367051
db10,db10_able_to_amputee,agency_vs_plain_conf_iso_budget,0.10,agency_margin_tau_0.10,plain_conf_threshold_matched_tau_0.10,plain_conf_threshold_iso_budget_curve,stable_safe_episode_rate,db10_able_to_amputee|S106,S106,ex1,0.5161904761904762,0.6335714285714286,-0.11738095238095236,0.040000000000000036,False,True,5,0.37976190476190474,0.4083333333333333,0.2804751098624019,-0.02857142857142858,0.09928679489950287,-0.02857142857142858,0.09928679489950287
db10,db10_able_to_amputee,agency_vs_plain_conf_iso_budget,0.10,agency_margin_tau_0.10,plain_conf_threshold_matched_tau_0.10,plain_conf_threshold_iso_budget_curve,stable_safe_episode_rate,db10_able_to_amputee|S107,S107,ex1,0.6466666666666666,0.6030952380952381,0.04357142857142848,0.03214285714285725,False,True,5,0.35119047619047616,0.3821428571428571,0.4150269541778975,-0.030952380952380953,-0.06383647798742131,-0.030952380952380953,-0.06383647798742131
db10,db10_able_to_amputee,agency_vs_plain_conf_iso_budget,0.10,agency_margin_tau_0.10,plain_conf_threshold_matched_tau_0.10,plain_conf_threshold_iso_budget_curve,stable_safe_episode_rate,db10_able_to_amputee|S108,S108,ex1,0.0,0.22285714285714286,-0.22285714285714286,0.005238095238095238,True,False,5,0.0,0.0,,0.0,,0.0,
db10,db10_able_to_amputee,agency_vs_plain_conf_iso_budget,0.10,agency_margin_tau_0.10,plain_conf_threshold_matched_tau_0.10,plain_conf_threshold_iso_budget_curve,stable_safe_episode_rate,db10_able_to_amputee|S109,S109,ex1,0.5507142857142857,0.535,0.01571428571428568,0.01571428571428568,False,True,5,0.45,0.43333333333333335,0.4469047619047619,0.016666666666666663,0.0030952380952380953,0.016666666666666663,0.0030952380952380953
db10,db10_able_to_amputee,agency_vs_plain_conf_iso_budget,0.10,agency_margin_tau_0.10,plain_conf_threshold_matched_tau_0.10,plain_conf_threshold_iso_budget_curve,stable_safe_episode_rate,db10_able_to_amputee|S110,S110,ex1,0.36,0.3954761904761905,-0.035476190476190494,0.035476190476190494,False,True,5,0.22142857142857142,0.16666666666666666,0.14473505434782608,0.05476190476190476,0.07669351708074534,0.05476190476190476,0.07669351708074534
db10,db10_able_to_amputee,agency_vs_plain_conf_iso_budget,0.10,agency_margin_tau_0.10,plain_conf_threshold_matched_tau_0.10,plain_conf_threshold_iso_budget_curve,stable_safe_episode_rate,db10_able_to_amputee|S111,S111,ex1,0.5092857142857142,0.5788095238095238,-0.06952380952380954,0.06952380952380954,False,True,5,0.41785714285714287,0.4357142857142857,0.3653439153439153,-0.01785714285714285,0.05251322751322757,-0.01785714285714285,0.05251322751322757
db10,db10_able_to_amputee,agency_vs_plain_conf_iso_budget,0.10,agency_margin_tau_0.10,plain_conf_threshold_matched_tau_0.10,plain_conf_threshold_iso_budget_curve,stable_safe_episode_rate,db10_able_to_amputee|S112,S112,ex1,0.6159523809523809,0.5380952380952381,0.07785714285714285,0.010714285714285787,False,True,5,0.35714285714285715,0.35714285714285715,0.4199308755760368,0.0,-0.06278801843317966,0.0,-0.06278801843317966
db10,db10_able_to_amputee,agency_vs_plain_conf_iso_budget,0.10,agency_margin_tau_0.10,plain_conf_threshold_matched_tau_0.10,plain_conf_threshold_iso_budget_curve,stable_safe_episode_rate,db10_able_to_amputee|S113,S113,ex1,0.7209523809523809,0.5526190476190476,0.16833333333333333,0.0473809523809523,True,False,5,0.25952380952380955,0.23333333333333334,,0.02619047619047621,,0.02619047619047621,
db10,db10_able_to_amputee,agency_vs_plain_conf_iso_budget,0.10,agency_margin_tau_0.10,plain_conf_threshold_matched_tau_0.10,plain_conf_threshold_iso_budget_curve,stable_safe_episode_rate,db10_able_to_amputee|S114,S114,ex1,0.33380952380952383,0.43,-0.09619047619047616,0.020238095238095277,False,True,5,0.3333333333333333,0.33214285714285713,0.2298544162041095,0.0011904761904761862,0.1034789171292238,0.0011904761904761862,0.1034789171292238
db10,db10_able_to_amputee,agency_vs_plain_conf_iso_budget,0.10,agency_margin_tau_0.10,plain_conf_threshold_matched_tau_0.10,plain_conf_threshold_iso_budget_curve,stable_safe_episode_rate,db10_able_to_amputee|S115,S115,ex1,0.6295238095238095,0.59,0.03952380952380952,0.002619047619047632,False,True,5,0.41309523809523807,0.39285714285714285,0.4151869787463008,0.02023809523809522,-0.0020917406510627123,0.02023809523809522,-0.0020917406510627123
db10,db10_able_to_amputee,agency_vs_plain_conf_iso_budget,0.15,agency_margin_tau_0.15,plain_conf_threshold_matched_tau_0.15,plain_conf_threshold_iso_budget_curve,stable_safe_episode_rate,db10_able_to_amputee|S101,S101,ex1,0.6357142857142857,0.6557142857142857,-0.020000000000000018,0.020000000000000018,False,True,5,0.6297619047619047,0.6785714285714286,0.6534791776489194,-0.04880952380952386,-0.02371727288701464,-0.04880952380952386,-0.02371727288701464
db10,db10_able_to_amputee,agency_vs_plain_conf_iso_budget,0.15,agency_margin_tau_0.15,plain_conf_threshold_matched_tau_0.15,plain_conf_threshold_iso_budget_curve,stable_safe_episode_rate,db10_able_to_amputee|S102,S102,ex1,0.7626190476190476,0.6226190476190476,0.14,0.1138095238095238,True,False,5,0.5630952380952381,0.5416666666666666,,0.021428571428571463,,0.021428571428571463,
db10,db10_able_to_amputee,agency_vs_plain_conf_iso_budget,0.15,agency_margin_tau_0.15,plain_conf_threshold_matched_tau_0.15,plain_conf_threshold_iso_budget_curve,stable_safe_episode_rate,db10_able_to_amputee|S103,S103,ex1,0.5264285714285715,0.6457142857142857,-0.11928571428571422,0.03738095238095229,False,True,5,0.4035714285714286,0.4869047619047619,0.38160265818656236,-0.08333333333333331,0.02196877038486622,-0.08333333333333331,0.02196877038486622
db10,db10_able_to_amputee,agency_vs_plain_conf_iso_budget,0.15,agency_margin_tau_0.15,plain_conf_threshold_matched_tau_0.15,plain_conf_threshold_iso_budget_curve,stable_safe_episode_rate,db10_able_to_amputee|S104,S104,ex1,0.6707142857142857,0.6404761904761904,0.030238095238095286,0.005714285714285672,True,False,5,0.5095238095238095,0.5583333333333333,,-0.04880952380952386,,-0.04880952380952386,
db10,db10_able_to_amputee,agency_vs_plain_conf_iso_budget,0.15,agency_margin_tau_0.15,plain_conf_threshold_matched_tau_0.15,plain_conf_threshold_iso_budget_curve,stable_safe_episode_rate,db10_able_to_amputee|S105,S105,ex1,0.5995238095238096,0.7004761904761905,-0.1009523809523809,0.01261904761904753,False,True,5,0.5083333333333333,0.5654761904761905,0.44836604390765566,-0.05714285714285716,0.05996728942567764,-0.05714285714285716,0.05996728942567764
db10,db10_able_to_amputee,agency_vs_plain_conf_iso_budget,0.15,agency_margin_tau_0.15,plain_conf_threshold_matched_tau_0.15,plain_conf_threshold_iso_budget_curve,stable_safe_episode_rate,db10_able_to_amputee|S106,S106,ex1,0.6335714285714286,0.7157142857142857,-0.08214285714285718,0.0,False,True,5,0.42738095238095236,0.48333333333333334,0.4083333333333333,-0.055952380952380976,0.019047619047619035,-0.055952380952380976,0.019047619047619035
db10,db10_able_to_amputee,agency_vs_plain_conf_iso_budget,0.15,agency_margin_tau_0.15,plain_conf_threshold_matched_tau_0.15,plain_conf_threshold_iso_budget_curve,stable_safe_episode_rate,db10_able_to_amputee|S107,S107,ex1,0.7421428571428571,0.6788095238095239,0.06333333333333324,0.03523809523809518,True,False,5,0.4035714285714286,0.4392857142857143,,-0.0357142857142857,,-0.0357142857142857,
db10,db10_able_to_amputee,agency_vs_plain_conf_iso_budget,0.15,agency_margin_tau_0.15,plain_conf_threshold_matched_tau_0.15,plain_conf_threshold_iso_budget_curve,stable_safe_episode_rate,db10_able_to_amputee|S108,S108,ex1,0.0,0.36214285714285716,-0.36214285714285716,0.005238095238095238,True,False,5,0.0,0.0,,0.0,,0.0,
db10,db10_able_to_amputee,agency_vs_plain_conf_iso_budget,0.15,agency_margin_tau_0.15,plain_conf_threshold_matched_tau_0.15,plain_conf_threshold_iso_budget_curve,stable_safe_episode_rate,db10_able_to_amputee|S109,S109,ex1,0.6645238095238095,0.6135714285714285,0.05095238095238097,0.01571428571428568,True,False,5,0.5154761904761904,0.5011904761904762,,0.014285714285714235,,0.014285714285714235,
db10,db10_able_to_amputee,agency_vs_plain_conf_iso_budget,0.15,agency_margin_tau_0.15,plain_conf_threshold_matched_tau_0.15,plain_conf_threshold_iso_budget_curve,stable_safe_episode_rate,db10_able_to_amputee|S110,S110,ex1,0.5240476190476191,0.48904761904761906,0.03500000000000003,0.0045238095238095966,True,False,5,0.26071428571428573,0.22380952380952382,,0.03690476190476191,,0.03690476190476191,
db10,db10_able_to_amputee,agency_vs_plain_conf_iso_budget,0.15,agency_margin_tau_0.15,plain_conf_threshold_matched_tau_0.15,plain_conf_threshold_iso_budget_curve,stable_safe_episode_rate,db10_able_to_amputee|S111,S111,ex1,0.611904761904762,0.6623809523809524,-0.05047619047619045,0.03309523809523818,False,True,5,0.5107142857142857,0.5523809523809524,0.48191561524894866,-0.04166666666666674,0.028798670465337017,-0.04166666666666674,0.028798670465337017
db10,db10_able_to_amputee,agency_vs_plain_conf_iso_budget,0.15,agency_margin_tau_0.15,plain_conf_threshold_matched_tau_0.15,plain_conf_threshold_iso_budget_curve,stable_safe_episode_rate,db10_able_to_amputee|S112,S112,ex1,0.6695238095238095,0.6266666666666667,0.042857142857142816,0.011428571428571455,True,False,5,0.4023809523809524,0.42857142857142855,,-0.026190476190476153,,-0.026190476190476153,
db10,db10_able_to_amputee,agency_vs_plain_conf_iso_budget,0.15,agency_margin_tau_0.15,plain_conf_threshold_matched_tau_0.15,plain_conf_threshold_iso_budget_curve,stable_safe_episode_rate,db10_able_to_amputee|S113,S113,ex1,0.78,0.6426190476190476,0.13738095238095238,0.10642857142857143,True,False,5,0.2988095238095238,0.2988095238095238,,0.0,,0.0,
db10,db10_able_to_amputee,agency_vs_plain_conf_iso_budget,0.15,agency_margin_tau_0.15,plain_conf_threshold_matched_tau_0.15,plain_conf_threshold_iso_budget_curve,stable_safe_episode_rate,db10_able_to_amputee|S114,S114,ex1,0.4888095238095238,0.49214285714285716,-0.003333333333333355,0.003333333333333355,False,True,5,0.41309523809523807,0.41309523809523807,0.4087529647874475,0.0,0.004342273307790578,0.0,0.004342273307790578
db10,db10_able_to_amputee,agency_vs_plain_conf_iso_budget,0.15,agency_margin_tau_0.15,plain_conf_threshold_matched_tau_0.15,plain_conf_threshold_iso_budget_curve,stable_safe_episode_rate,db10_able_to_amputee|S115,S115,ex1,0.6930952380952381,0.6321428571428571,0.06095238095238098,0.04738095238095241,True,False,5,0.43214285714285716,0.4166666666666667,,0.015476190476190477,,0.015476190476190477,
db10,db10_able_to_amputee,agency_vs_plain_conf_iso_budget,0.20,agency_margin_tau_0.20,plain_conf_threshold_matched_tau_0.20,plain_conf_threshold_iso_budget_curve,stable_safe_episode_rate,db10_able_to_amputee|S101,S101,ex1,0.6969047619047619,0.6764285714285714,0.020476190476190537,0.020476190476190537,True,False,5,0.6880952380952381,0.7095238095238096,,-0.021428571428571463,,-0.021428571428571463,
db10,db10_able_to_amputee,agency_vs_plain_conf_iso_budget,0.20,agency_margin_tau_0.20,plain_conf_threshold_matched_tau_0.20,plain_conf_threshold_iso_budget_curve,stable_safe_episode_rate,db10_able_to_amputee|S102,S102,ex1,0.8,0.6488095238095238,0.1511904761904762,0.1511904761904762,True,False,5,0.6023809523809524,0.5523809523809524,,0.04999999999999993,,0.04999999999999993,
db10,db10_able_to_amputee,agency_vs_plain_conf_iso_budget,0.20,agency_margin_tau_0.20,plain_conf_threshold_matched_tau_0.20,plain_conf_threshold_iso_budget_curve,stable_safe_episode_rate,db10_able_to_amputee|S103,S103,ex1,0.5685714285714286,0.6728571428571428,-0.1042857142857142,0.004761904761904856,False,True,5,0.4392857142857143,0.5190476190476191,0.42299280177187165,-0.07976190476190481,0.016292912513842628,-0.07976190476190481,0.016292912513842628
db10,db10_able_to_amputee,agency_vs_plain_conf_iso_budget,0.20,agency_margin_tau_0.20,plain_conf_threshold_matched_tau_0.20,plain_conf_threshold_iso_budget_curve,stable_safe_episode_rate,db10_able_to_amputee|S104,S104,ex1,0.7197619047619047,0.665,0.05476190476190468,0.05476190476190468,True,False,5,0.5571428571428572,0.5869047619047619,,-0.029761904761904767,,-0.029761904761904767,
db10,db10_able_to_amputee,agency_vs_plain_conf_iso_budget,0.20,agency_margin_tau_0.20,plain_conf_threshold_matched_tau_0.20,plain_conf_threshold_iso_budget_curve,stable_safe_episode_rate,db10_able_to_amputee|S105,S105,ex1,0.7119047619047619,0.7314285714285714,-0.0195238095238095,0.011428571428571455,False,True,5,0.594047619047619,0.6238095238095238,0.5870146520146521,-0.029761904761904767,0.007032967032966964,-0.029761904761904767,0.007032967032966964
db10,db10_able_to_amputee,agency_vs_plain_conf_iso_budget,0.20,agency_margin_tau_0.20,plain_conf_threshold_matched_tau_0.20,plain_conf_threshold_iso_budget_curve,stable_safe_episode_rate,db10_able_to_amputee|S106,S106,ex1,0.7057142857142857,0.7459523809523809,-0.040238095238095184,0.010000000000000009,False,True,5,0.4773809523809524,0.5333333333333333,0.4742028985507246,-0.05595238095238092,0.0031780538302277894,-0.05595238095238092,0.0031780538302277894
db10,db10_able_to_amputee,agency_vs_plain_conf_iso_budget,0.20,agency_margin_tau_0.20,plain_conf_threshold_matched_tau_0.20,plain_conf_threshold_iso_budget_curve,stable_safe_episode_rate,db10_able_to_amputee|S107,S107,ex1,0.7828571428571428,0.7069047619047619,0.07595238095238088,0.07595238095238088,True,False,5,0.45357142857142857,0.45357142857142857,,0.0,,0.0,
db10,db10_able_to_amputee,agency_vs_plain_conf_iso_budget,0.20,agency_margin_tau_0.20,plain_conf_threshold_matched_tau_0.20,plain_conf_threshold_iso_budget_curve,stable_safe_episode_rate,db10_able_to_amputee|S108,S108,ex1,0.0007142857142857143,0.4207142857142857,-0.42,0.004523809523809524,True,False,5,0.0,0.0011904761904761906,,-0.0011904761904761906,,-0.0011904761904761906,
db10,db10_able_to_amputee,agency_vs_plain_conf_iso_budget,0.20,agency_margin_tau_0.20,plain_conf_threshold_matched_tau_0.20,plain_conf_threshold_iso_budget_curve,stable_safe_episode_rate,db10_able_to_amputee|S109,S109,ex1,0.7242857142857143,0.6488095238095238,0.07547619047619047,0.07547619047619047,True,False,5,0.55,0.5345238095238095,,0.015476190476190532,,0.015476190476190532,
db10,db10_able_to_amputee,agency_vs_plain_conf_iso_budget,0.20,agency_margin_tau_0.20,plain_conf_threshold_matched_tau_0.20,plain_conf_threshold_iso_budget_curve,stable_safe_episode_rate,db10_able_to_amputee|S110,S110,ex1,0.6033333333333334,0.5195238095238095,0.08380952380952389,0.08380952380952389,True,False,5,0.2857142857142857,0.25,,0.0357142857142857,,0.0357142857142857,
db10,db10_able_to_amputee,agency_vs_plain_conf_iso_budget,0.20,agency_margin_tau_0.20,plain_conf_threshold_matched_tau_0.20,plain_conf_threshold_iso_budget_curve,stable_safe_episode_rate,db10_able_to_amputee|S111,S111,ex1,0.6783333333333333,0.6921428571428572,-0.013809523809523827,0.013809523809523827,False,True,5,0.5738095238095238,0.5892857142857143,0.5721619047619048,-0.015476190476190532,0.001647619047619009,-0.015476190476190532,0.001647619047619009
db10,db10_able_to_amputee,agency_vs_plain_conf_iso_budget,0.20,agency_margin_tau_0.20,plain_conf_threshold_matched_tau_0.20,plain_conf_threshold_iso_budget_curve,stable_safe_episode_rate,db10_able_to_amputee|S112,S112,ex1,0.7030952380952381,0.6580952380952381,0.04500000000000004,0.04500000000000004,True,False,5,0.44047619047619047,0.4607142857142857,,-0.02023809523809522,,-0.02023809523809522,
db10,db10_able_to_amputee,agency_vs_plain_conf_iso_budget,0.20,agency_margin_tau_0.20,plain_conf_threshold_matched_tau_0.20,plain_conf_threshold_iso_budget_curve,stable_safe_episode_rate,db10_able_to_amputee|S113,S113,ex1,0.8121428571428572,0.6735714285714286,0.13857142857142857,0.13857142857142857,True,False,5,0.32857142857142857,0.32261904761904764,,0.005952380952380931,,0.005952380952380931,
db10,db10_able_to_amputee,agency_vs_plain_conf_iso_budget,0.20,agency_margin_tau_0.20,plain_conf_threshold_matched_tau_0.20,plain_conf_threshold_iso_budget_curve,stable_safe_episode_rate,db10_able_to_amputee|S114,S114,ex1,0.5923809523809523,0.5157142857142857,0.07666666666666666,0.07666666666666666,True,False,5,0.4595238095238095,0.43214285714285716,,0.02738095238095234,,0.02738095238095234,
db10,db10_able_to_amputee,agency_vs_plain_conf_iso_budget,0.20,agency_margin_tau_0.20,plain_conf_threshold_matched_tau_0.20,plain_conf_threshold_iso_budget_curve,stable_safe_episode_rate,db10_able_to_amputee|S115,S115,ex1,0.7014285714285714,0.6457142857142857,0.055714285714285716,0.055714285714285716,True,False,5,0.4357142857142857,0.42023809523809524,,0.015476190476190477,,0.015476190476190477,
db10,db10_amputee_loso,agency_vs_plain_conf_iso_budget,0.02,agency_margin_tau_0.02,plain_conf_threshold_matched_tau_0.02,plain_conf_threshold_iso_budget_curve,final_correct_rate,db10_amputee_loso|S101,S101,ex1,0.2311904761904762,0.2292857142857143,0.001904761904761909,0.001904761904761909,False,True,5,0.47023809523809523,0.5178571428571429,0.5194157798559605,-0.04761904761904767,-0.049177684617865314,-0.04761904761904767,-0.049177684617865314
db10,db10_amputee_loso,agency_vs_plain_conf_iso_budget,0.02,agency_margin_tau_0.02,plain_conf_threshold_matched_tau_0.02,plain_conf_threshold_iso_budget_curve,final_correct_rate,db10_amputee_loso|S102,S102,ex1,0.2180952380952381,0.01904761904761905,0.19904761904761903,0.04642857142857143,False,True,5,0.47619047619047616,0.38571428571428573,0.5098330241187384,0.09047619047619043,-0.03364254792826227,0.09047619047619043,-0.03364254792826227
db10,db10_amputee_loso,agency_vs_plain_conf_iso_budget,0.02,agency_margin_tau_0.02,plain_conf_threshold_matched_tau_0.02,plain_conf_threshold_iso_budget_curve,final_correct_rate,db10_amputee_loso|S103,S103,ex1,0.31976190476190475,0.12785714285714286,0.19190476190476188,0.029047619047619044,False,True,5,0.5190476190476191,0.45595238095238094,0.6038100369458128,0.06309523809523815,-0.08476241789819372,0.06309523809523815,-0.08476241789819372
db10,db10_amputee_loso,agency_vs_plain_conf_iso_budget,0.02,agency_margin_tau_0.02,plain_conf_threshold_matched_tau_0.02,plain_conf_threshold_iso_budget_curve,final_correct_rate,db10_amputee_loso|S104,S104,ex1,0.21,0.09952380952380953,0.11047619047619046,0.08976190476190479,False,True,5,0.44166666666666665,0.38571428571428573,0.4671592775041051,0.05595238095238092,-0.025492610837438423,0.05595238095238092,-0.025492610837438423
db10,db10_amputee_loso,agency_vs_plain_conf_iso_budget,0.02,agency_margin_tau_0.02,plain_conf_threshold_matched_tau_0.02,plain_conf_threshold_iso_budget_curve,final_correct_rate,db10_amputee_loso|S105,S105,ex1,0.11357142857142857,0.02976190476190476,0.0838095238095238,0.07547619047619047,False,True,5,0.3273809523809524,0.28809523809523807,0.3544914228770731,0.03928571428571431,-0.027110470496120698,0.03928571428571431,-0.027110470496120698
db10,db10_amputee_loso,agency_vs_plain_conf_iso_budget,0.02,agency_margin_tau_0.02,plain_conf_threshold_matched_tau_0.02,plain_conf_threshold_iso_budget_curve,final_correct_rate,db10_amputee_loso|S106,S106,ex1,0.08761904761904762,0.11047619047619048,-0.022857142857142854,0.022857142857142854,True,False,5,0.19404761904761905,0.24642857142857144,,-0.05238095238095239,,-0.05238095238095239,
db10,db10_amputee_loso,agency_vs_plain_conf_iso_budget,0.02,agency_margin_tau_0.02,plain_conf_threshold_matched_tau_0.02,plain_conf_threshold_iso_budget_curve,final_correct_rate,db10_amputee_loso|S107,S107,ex1,0.23976190476190476,0.02761904761904762,0.21214285714285713,0.03547619047619047,False,True,5,0.375,0.28214285714285714,0.43167788581401145,0.09285714285714286,-0.05667788581401145,0.09285714285714286,-0.05667788581401145
db10,db10_amputee_loso,agency_vs_plain_conf_iso_budget,0.02,agency_margin_tau_0.02,plain_conf_threshold_matched_tau_0.02,plain_conf_threshold_iso_budget_curve,final_correct_rate,db10_amputee_loso|S108,S108,ex1,0.0,0.0038095238095238095,-0.0038095238095238095,0.0038095238095238095,True,False,5,0.05,0.05,,0.0,,0.0,
db10,db10_amputee_loso,agency_vs_plain_conf_iso_budget,0.02,agency_margin_tau_0.02,plain_conf_threshold_matched_tau_0.02,plain_conf_threshold_iso_budget_curve,final_correct_rate,db10_amputee_loso|S109,S109,ex1,0.1895238095238095,0.09095238095238095,0.09857142857142856,0.09857142857142856,False,True,5,0.4095238095238095,0.36428571428571427,0.4547998180163785,0.045238095238095244,-0.045276008492568964,0.045238095238095244,-0.045276008492568964
db10,db10_amputee_loso,agency_vs_plain_conf_iso_budget,0.02,agency_margin_tau_0.02,plain_conf_threshold_matched_tau_0.02,plain_conf_threshold_iso_budget_curve,final_correct_rate,db10_amputee_loso|S110,S110,ex1,0.13047619047619047,0.056428571428571425,0.07404761904761904,0.07404761904761904,False,True,5,0.22857142857142856,0.1976190476190476,0.22524340162421558,0.030952380952380953,0.0033280269472129864,0.030952380952380953,0.0033280269472129864
db10,db10_amputee_loso,agency_vs_plain_conf_iso_budget,0.02,agency_margin_tau_0.02,plain_conf_threshold_matched_tau_0.02,plain_conf_threshold_iso_budget_curve,final_correct_rate,db10_amputee_loso|S111,S111,ex1,0.18071428571428572,0.04023809523809524,0.14047619047619048,0.04261904761904761,False,True,5,0.35714285714285715,0.29404761904761906,0.4292262678803641,0.0630952380952381,-0.07208341073750696,0.0630952380952381,-0.07208341073750696
db10,db10_amputee_loso,agency_vs_plain_conf_iso_budget,0.02,agency_margin_tau_0.02,plain_conf_threshold_matched_tau_0.02,plain_conf_threshold_iso_budget_curve,final_correct_rate,db10_amputee_loso|S112,S112,ex1,0.3426190476190476,0.07095238095238095,0.27166666666666667,0.0811904761904762,False,True,5,0.513095238095238,0.4238095238095238,0.6226340033500837,0.08928571428571425,-0.10953876525484563,0.08928571428571425,-0.10953876525484563
db10,db10_amputee_loso,agency_vs_plain_conf_iso_budget,0.02,agency_margin_tau_0.02,plain_conf_threshold_matched_tau_0.02,plain_conf_threshold_iso_budget_curve,final_correct_rate,db10_amputee_loso|S113,S113,ex1,0.19952380952380952,0.002619047619047619,0.1969047619047619,0.053571428571428575,False,True,5,0.46190476190476193,0.4035714285714286,0.45152828254589505,0.05833333333333335,0.010376479358866875,0.05833333333333335,0.010376479358866875
db10,db10_amputee_loso,agency_vs_plain_conf_iso_budget,0.02,agency_margin_tau_0.02,plain_conf_threshold_matched_tau_0.02,plain_conf_threshold_iso_budget_curve,final_correct_rate,db10_amputee_loso|S114,S114,ex1,0.13333333333333333,0.0,0.13333333333333333,0.09238095238095237,False,True,5,0.2654761904761905,0.19642857142857142,0.29832796701124104,0.06904761904761905,-0.03285177653505056,0.06904761904761905,-0.03285177653505056
db10,db10_amputee_loso,agency_vs_plain_conf_iso_budget,0.02,agency_margin_tau_0.02,plain_conf_threshold_matched_tau_0.02,plain_conf_threshold_iso_budget_curve,final_correct_rate,db10_amputee_loso|S115,S115,ex1,0.06,0.0,0.06,0.022142857142857138,True,False,5,0.06785714285714285,0.07142857142857142,,-0.0035714285714285726,,-0.0035714285714285726,
db10,db10_amputee_loso,agency_vs_plain_conf_iso_budget,0.05,agency_margin_tau_0.05,plain_conf_threshold_matched_tau_0.05,plain_conf_threshold_iso_budget_curve,final_correct_rate,db10_amputee_loso|S101,S101,ex1,0.43857142857142856,0.44023809523809526,-0.0016666666666667052,0.0016666666666667052,False,True,5,0.5785714285714286,0.6904761904761905,0.689112383102225,-0.11190476190476184,-0.11054095453079638,-0.11190476190476184,-0.11054095453079638
db10,db10_amputee_loso,agency_vs_plain_conf_iso_budget,0.05,agency_margin_tau_0.05,plain_conf_threshold_matched_tau_0.05,plain_conf_threshold_iso_budget_curve,final_correct_rate,db10_amputee_loso|S102,S102,ex1,0.5464285714285714,0.17166666666666666,0.37476190476190474,0.07404761904761897,True,False,5,0.5607142857142857,0.4857142857142857,,0.07500000000000001,,0.07500000000000001,
db10,db10_amputee_loso,agency_vs_plain_conf_iso_budget,0.05,agency_margin_tau_0.05,plain_conf_threshold_matched_tau_0.05,plain_conf_threshold_iso_budget_curve,final_correct_rate,db10_amputee_loso|S103,S103,ex1,0.5964285714285714,0.3488095238095238,0.24761904761904763,0.006190476190476191,False,True,5,0.6738095238095239,0.6261904761904762,0.7453007518796992,0.04761904761904767,-0.07149122807017538,0.04761904761904767,-0.07149122807017538
db10,db10_amputee_loso,agency_vs_plain_conf_iso_budget,0.05,agency_margin_tau_0.05,plain_conf_threshold_matched_tau_0.05,plain_conf_threshold_iso_budget_curve,final_correct_rate,db10_amputee_loso|S104,S104,ex1,0.439047619047619,0.2997619047619048,0.13928571428571423,0.05261904761904762,False,True,5,0.4714285714285714,0.5333333333333333,0.6180107526881721,-0.06190476190476191,-0.14658218125960065,-0.06190476190476191,-0.14658218125960065
db10,db10_amputee_loso,agency_vs_plain_conf_iso_budget,0.05,agency_margin_tau_0.05,plain_conf_threshold_matched_tau_0.05,plain_conf_threshold_iso_budget_curve,final_correct_rate,db10_amputee_loso|S105,S105,ex1,0.28476190476190477,0.18904761904761905,0.09571428571428572,0.09571428571428572,False,True,5,0.4,0.4142857142857143,0.4675876817792986,-0.01428571428571429,-0.06758768177929858,-0.01428571428571429,-0.06758768177929858
db10,db10_amputee_loso,agency_vs_plain_conf_iso_budget,0.05,agency_margin_tau_0.05,plain_conf_threshold_matched_tau_0.05,plain_conf_threshold_iso_budget_curve,final_correct_rate,db10_amputee_loso|S106,S106,ex1,0.24095238095238095,0.3607142857142857,-0.11976190476190476,0.11976190476190476,False,True,5,0.29404761904761906,0.44166666666666665,0.34822731185718814,-0.1476190476190476,-0.05417969280956908,-0.1476190476190476,-0.05417969280956908
db10,db10_amputee_loso,agency_vs_plain_conf_iso_budget,0.05,agency_margin_tau_0.05,plain_conf_threshold_matched_tau_0.05,plain_conf_threshold_iso_budget_curve,final_correct_rate,db10_amputee_loso|S107,S107,ex1,0.4988095238095238,0.2042857142857143,0.2945238095238095,0.044047619047619,False,True,5,0.38571428571428573,0.41904761904761906,0.5237228510247782,-0.033333333333333326,-0.1380085653104925,-0.033333333333333326,-0.1380085653104925
db10,db10_amputee_loso,agency_vs_plain_conf_iso_budget,0.05,agency_margin_tau_0.05,plain_conf_threshold_matched_tau_0.05,plain_conf_threshold_iso_budget_curve,final_correct_rate,db10_amputee_loso|S108,S108,ex1,0.0030952380952380953,0.07761904761904762,-0.07452380952380952,0.0007142857142857142,True,False,5,0.05,0.07023809523809524,,-0.020238095238095236,,-0.020238095238095236,
db10,db10_amputee_loso,agency_vs_plain_conf_iso_budget,0.05,agency_margin_tau_0.05,plain_conf_threshold_matched_tau_0.05,plain_conf_threshold_iso_budget_curve,final_correct_rate,db10_amputee_loso|S109,S109,ex1,0.44,0.31523809523809526,0.12476190476190474,0.04857142857142854,False,True,5,0.5380952380952381,0.5702380952380952,0.6653519099947671,-0.03214285714285714,-0.12725667189952905,-0.03214285714285714,-0.12725667189952905
db10,db10_amputee_loso,agency_vs_plain_conf_iso_budget,0.05,agency_margin_tau_0.05,plain_conf_threshold_matched_tau_0.05,plain_conf_threshold_iso_budget_curve,final_correct_rate,db10_amputee_loso|S110,S110,ex1,0.3254761904761905,0.30214285714285716,0.023333333333333317,0.023333333333333317,False,True,5,0.27976190476190477,0.2892857142857143,0.296480393850406,-0.009523809523809545,-0.01671848908850121,-0.009523809523809545,-0.01671848908850121
db10,db10_amputee_loso,agency_vs_plain_conf_iso_budget,0.05,agency_margin_tau_0.05,plain_conf_threshold_matched_tau_0.05,plain_conf_threshold_iso_budget_curve,final_correct_rate,db10_amputee_loso|S111,S111,ex1,0.42547619047619045,0.22333333333333333,0.20214285714285712,0.014999999999999958,False,True,5,0.4714285714285714,0.47023809523809523,0.6074096385542168,0.0011904761904761862,-0.1359810671256454,0.0011904761904761862,-0.1359810671256454
db10,db10_amputee_loso,agency_vs_plain_conf_iso_budget,0.05,agency_margin_tau_0.05,plain_conf_threshold_matched_tau_0.05,plain_conf_threshold_iso_budget_curve,final_correct_rate,db10_amputee_loso|S112,S112,ex1,0.5628571428571428,0.2342857142857143,0.3285714285714285,0.008095238095238044,True,False,5,0.5630952380952381,0.575,,-0.011904761904761862,,-0.011904761904761862,
db10,db10_amputee_loso,agency_vs_plain_conf_iso_budget,0.05,agency_margin_tau_0.05,plain_conf_threshold_matched_tau_0.05,plain_conf_threshold_iso_budget_curve,final_correct_rate,db10_amputee_loso|S113,S113,ex1,0.5719047619047619,0.14595238095238094,0.42595238095238097,0.024761904761904763,True,False,5,0.4023809523809524,0.4452380952380952,,-0.042857142857142816,,-0.042857142857142816,
db10,db10_amputee_loso,agency_vs_plain_conf_iso_budget,0.05,agency_margin_tau_0.05,plain_conf_threshold_matched_tau_0.05,plain_conf_threshold_iso_budget_curve,final_correct_rate,db10_amputee_loso|S114,S114,ex1,0.32095238095238093,0.040952380952380955,0.27999999999999997,0.055714285714285716,False,True,5,0.3726190476190476,0.22380952380952382,0.43535525321239604,0.1488095238095238,-0.06273620559334842,0.1488095238095238,-0.06273620559334842
db10,db10_amputee_loso,agency_vs_plain_conf_iso_budget,0.05,agency_margin_tau_0.05,plain_conf_threshold_matched_tau_0.05,plain_conf_threshold_iso_budget_curve,final_correct_rate,db10_amputee_loso|S115,S115,ex1,0.20023809523809524,0.0002380952380952381,0.2,0.16238095238095238,True,False,5,0.055952380952380955,0.07142857142857142,,-0.01547619047619047,,-0.01547619047619047,
db10,db10_amputee_loso,agency_vs_plain_conf_iso_budget,0.10,agency_margin_tau_0.10,plain_conf_threshold_matched_tau_0.10,plain_conf_threshold_iso_budget_curve,final_correct_rate,db10_amputee_loso|S101,S101,ex1,0.6145238095238095,0.5754761904761905,0.039047619047619,0.017142857142857237,False,True,5,0.7166666666666667,0.7714285714285715,0.7879741727199354,-0.05476190476190479,-0.07130750605326874,-0.05476190476190479,-0.07130750605326874
db10,db10_amputee_loso,agency_vs_plain_conf_iso_budget,0.10,agency_margin_tau_0.10,plain_conf_threshold_matched_tau_0.10,plain_conf_threshold_iso_budget_curve,final_correct_rate,db10_amputee_loso|S102,S102,ex1,0.695,0.355,0.33999999999999997,0.22261904761904755,True,False,5,0.6761904761904762,0.580952380952381,,0.09523809523809523,,0.09523809523809523,
db10,db10_amputee_loso,agency_vs_plain_conf_iso_budget,0.10,agency_margin_tau_0.10,plain_conf_threshold_matched_tau_0.10,plain_conf_threshold_iso_budget_curve,final_correct_rate,db10_amputee_loso|S103,S103,ex1,0.7459523809523809,0.5045238095238095,0.24142857142857144,0.12857142857142856,True,False,5,0.7785714285714286,0.7119047619047619,,0.06666666666666665,,0.06666666666666665,
db10,db10_amputee_loso,agency_vs_plain_conf_iso_budget,0.10,agency_margin_tau_0.10,plain_conf_threshold_matched_tau_0.10,plain_conf_threshold_iso_budget_curve,final_correct_rate,db10_amputee_loso|S104,S104,ex1,0.6073809523809524,0.49166666666666664,0.11571428571428571,0.005714285714285783,False,True,5,0.5654761904761905,0.65,0.6700680272108843,-0.08452380952380956,-0.10459183673469385,-0.08452380952380956,-0.10459183673469385
db10,db10_amputee_loso,agency_vs_plain_conf_iso_budget,0.10,agency_margin_tau_0.10,plain_conf_threshold_matched_tau_0.10,plain_conf_threshold_iso_budget_curve,final_correct_rate,db10_amputee_loso|S105,S105,ex1,0.539047619047619,0.38785714285714284,0.15119047619047615,0.03404761904761899,True,False,5,0.5095238095238095,0.525,,-0.015476190476190532,,-0.015476190476190532,
db10,db10_amputee_loso,agency_vs_plain_conf_iso_budget,0.10,agency_margin_tau_0.10,plain_conf_threshold_matched_tau_0.10,plain_conf_threshold_iso_budget_curve,final_correct_rate,db10_amputee_loso|S106,S106,ex1,0.5230952380952381,0.5771428571428572,-0.05404761904761912,0.05404761904761912,False,True,5,0.4488095238095238,0.5571428571428572,0.5283055686521033,-0.10833333333333334,-0.0794960448425795,-0.10833333333333334,-0.0794960448425795
db10,db10_amputee_loso,agency_vs_plain_conf_iso_budget,0.10,agency_margin_tau_0.10,plain_conf_threshold_matched_tau_0.10,plain_conf_threshold_iso_budget_curve,final_correct_rate,db10_amputee_loso|S107,S107,ex1,0.6966666666666667,0.43166666666666664,0.265,0.11357142857142855,True,False,5,0.47023809523809523,0.5,,-0.029761904761904767,,-0.029761904761904767,
db10,db10_amputee_loso,agency_vs_plain_conf_iso_budget,0.10,agency_margin_tau_0.10,plain_conf_threshold_matched_tau_0.10,plain_conf_threshold_iso_budget_curve,final_correct_rate,db10_amputee_loso|S108,S108,ex1,0.9990476190476191,0.2969047619047619,0.7021428571428572,0.45833333333333337,True,False,5,0.4880952380952381,0.13333333333333333,,0.3547619047619047,,0.3547619047619047,
db10,db10_amputee_loso,agency_vs_plain_conf_iso_budget,0.10,agency_margin_tau_0.10,plain_conf_threshold_matched_tau_0.10,plain_conf_threshold_iso_budget_curve,final_correct_rate,db10_amputee_loso|S109,S109,ex1,0.6478571428571429,0.48857142857142855,0.15928571428571436,0.046666666666666745,True,False,5,0.7107142857142857,0.7023809523809523,,0.008333333333333415,,0.008333333333333415,
db10,db10_amputee_loso,agency_vs_plain_conf_iso_budget,0.10,agency_margin_tau_0.10,plain_conf_threshold_matched_tau_0.10,plain_conf_threshold_iso_budget_curve,final_correct_rate,db10_amputee_loso|S110,S110,ex1,0.5678571428571428,0.4990476190476191,0.06880952380952376,0.02880952380952384,False,True,5,0.3345238095238095,0.35,0.37013937282229964,-0.015476190476190477,-0.03561556329849014,-0.015476190476190477,-0.03561556329849014
db10,db10_amputee_loso,agency_vs_plain_conf_iso_budget,0.10,agency_margin_tau_0.10,plain_conf_threshold_matched_tau_0.10,plain_conf_threshold_iso_budget_curve,final_correct_rate,db10_amputee_loso|S111,S111,ex1,0.6523809523809524,0.4104761904761905,0.2419047619047619,0.1133333333333334,True,False,5,0.6440476190476191,0.6,,0.04404761904761911,,0.04404761904761911,
db10,db10_amputee_loso,agency_vs_plain_conf_iso_budget,0.10,agency_margin_tau_0.10,plain_conf_threshold_matched_tau_0.10,plain_conf_threshold_iso_budget_curve,final_correct_rate,db10_amputee_loso|S112,S112,ex1,0.6942857142857143,0.4238095238095238,0.2704761904761905,0.1395238095238095,True,False,5,0.680952380952381,0.6583333333333333,,0.02261904761904765,,0.02261904761904765,
db10,db10_amputee_loso,agency_vs_plain_conf_iso_budget,0.10,agency_margin_tau_0.10,plain_conf_threshold_matched_tau_0.10,plain_conf_threshold_iso_budget_curve,final_correct_rate,db10_amputee_loso|S113,S113,ex1,0.775952380952381,0.3892857142857143,0.38666666666666666,0.2288095238095238,True,False,5,0.41309523809523807,0.4738095238095238,,-0.06071428571428572,,-0.06071428571428572,
db10,db10_amputee_loso,agency_vs_plain_conf_iso_budget,0.10,agency_margin_tau_0.10,plain_conf_threshold_matched_tau_0.10,plain_conf_threshold_iso_budget_curve,final_correct_rate,db10_amputee_loso|S114,S114,ex1,0.59,0.24166666666666667,0.3483333333333333,0.16476190476190472,True,False,5,0.5047619047619047,0.38571428571428573,,0.11904761904761901,,0.11904761904761901,
db10,db10_amputee_loso,agency_vs_plain_conf_iso_budget,0.10,agency_margin_tau_0.10,plain_conf_threshold_matched_tau_0.10,plain_conf_threshold_iso_budget_curve,final_correct_rate,db10_amputee_loso|S115,S115,ex1,0.5302380952380953,0.0038095238095238095,0.5264285714285715,0.4923809523809524,True,False,5,0.03571428571428571,0.07142857142857142,,-0.03571428571428571,,-0.03571428571428571,
db10,db10_amputee_loso,agency_vs_plain_conf_iso_budget,0.15,agency_margin_tau_0.15,plain_conf_threshold_matched_tau_0.15,plain_conf_threshold_iso_budget_curve,final_correct_rate,db10_amputee_loso|S101,S101,ex1,0.6935714285714286,0.6316666666666667,0.06190476190476191,0.03857142857142859,True,False,5,0.7726190476190476,0.7952380952380952,,-0.02261904761904754,,-0.02261904761904754,
db10,db10_amputee_loso,agency_vs_plain_conf_iso_budget,0.15,agency_margin_tau_0.15,plain_conf_threshold_matched_tau_0.15,plain_conf_threshold_iso_budget_curve,final_correct_rate,db10_amputee_loso|S102,S102,ex1,0.715952380952381,0.439047619047619,0.276904761904762,0.2435714285714286,True,False,5,0.6928571428571428,0.6130952380952381,,0.0797619047619047,,0.0797619047619047,
db10,db10_amputee_loso,agency_vs_plain_conf_iso_budget,0.15,agency_margin_tau_0.15,plain_conf_threshold_matched_tau_0.15,plain_conf_threshold_iso_budget_curve,final_correct_rate,db10_amputee_loso|S103,S103,ex1,0.758095238095238,0.5902380952380952,0.16785714285714282,0.14071428571428568,True,False,5,0.7892857142857143,0.7428571428571429,,0.046428571428571375,,0.046428571428571375,
db10,db10_amputee_loso,agency_vs_plain_conf_iso_budget,0.15,agency_margin_tau_0.15,plain_conf_threshold_matched_tau_0.15,plain_conf_threshold_iso_budget_curve,final_correct_rate,db10_amputee_loso|S104,S104,ex1,0.7121428571428572,0.5830952380952381,0.12904761904761908,0.09904761904761905,True,False,5,0.6297619047619047,0.6642857142857143,,-0.03452380952380951,,-0.03452380952380951,
db10,db10_amputee_loso,agency_vs_plain_conf_iso_budget,0.15,agency_margin_tau_0.15,plain_conf_threshold_matched_tau_0.15,plain_conf_threshold_iso_budget_curve,final_correct_rate,db10_amputee_loso|S105,S105,ex1,0.7038095238095238,0.4745238095238095,0.22928571428571426,0.19880952380952377,True,False,5,0.5857142857142857,0.5571428571428572,,0.02857142857142858,,0.02857142857142858,
db10,db10_amputee_loso,agency_vs_plain_conf_iso_budget,0.15,agency_margin_tau_0.15,plain_conf_threshold_matched_tau_0.15,plain_conf_threshold_iso_budget_curve,final_correct_rate,db10_amputee_loso|S106,S106,ex1,0.7019047619047619,0.6716666666666666,0.030238095238095286,0.00023809523809525945,True,False,5,0.5583333333333333,0.5880952380952381,,-0.029761904761904767,,-0.029761904761904767,
db10,db10_amputee_loso,agency_vs_plain_conf_iso_budget,0.15,agency_margin_tau_0.15,plain_conf_threshold_matched_tau_0.15,plain_conf_threshold_iso_budget_curve,final_correct_rate,db10_amputee_loso|S107,S107,ex1,0.784047619047619,0.5428571428571428,0.24119047619047618,0.20095238095238088,True,False,5,0.55,0.5392857142857143,,0.010714285714285787,,0.010714285714285787,
db10,db10_amputee_loso,agency_vs_plain_conf_iso_budget,0.15,agency_margin_tau_0.15,plain_conf_threshold_matched_tau_0.15,plain_conf_threshold_iso_budget_curve,final_correct_rate,db10_amputee_loso|S108,S108,ex1,1.0,0.4780952380952381,0.5219047619047619,0.4592857142857143,True,False,5,0.4595238095238095,0.1761904761904762,,0.2833333333333333,,0.2833333333333333,
db10,db10_amputee_loso,agency_vs_plain_conf_iso_budget,0.15,agency_margin_tau_0.15,plain_conf_threshold_matched_tau_0.15,plain_conf_threshold_iso_budget_curve,final_correct_rate,db10_amputee_loso|S109,S109,ex1,0.7173809523809523,0.574047619047619,0.1433333333333333,0.11619047619047618,True,False,5,0.7785714285714286,0.7333333333333333,,0.0452380952380953,,0.0452380952380953,
db10,db10_amputee_loso,agency_vs_plain_conf_iso_budget,0.15,agency_margin_tau_0.15,plain_conf_threshold_matched_tau_0.15,plain_conf_threshold_iso_budget_curve,final_correct_rate,db10_amputee_loso|S110,S110,ex1,0.7326190476190476,0.5966666666666667,0.13595238095238094,0.10595238095238091,True,False,5,0.3904761904761905,0.37857142857142856,,0.011904761904761918,,0.011904761904761918,
db10,db10_amputee_loso,agency_vs_plain_conf_iso_budget,0.15,agency_margin_tau_0.15,plain_conf_threshold_matched_tau_0.15,plain_conf_threshold_iso_budget_curve,final_correct_rate,db10_amputee_loso|S111,S111,ex1,0.7583333333333333,0.5092857142857142,0.24904761904761907,0.2192857142857143,True,False,5,0.7357142857142858,0.6488095238095238,,0.08690476190476193,,0.08690476190476193,
db10,db10_amputee_loso,agency_vs_plain_conf_iso_budget,0.15,agency_margin_tau_0.15,plain_conf_threshold_matched_tau_0.15,plain_conf_threshold_iso_budget_curve,final_correct_rate,db10_amputee_loso|S112,S112,ex1,0.7283333333333334,0.5228571428571429,0.20547619047619048,0.1735714285714286,True,False,5,0.719047619047619,0.6869047619047619,,0.03214285714285714,,0.03214285714285714,
db10,db10_amputee_loso,agency_vs_plain_conf_iso_budget,0.15,agency_margin_tau_0.15,plain_conf_threshold_matched_tau_0.15,plain_conf_threshold_iso_budget_curve,final_correct_rate,db10_amputee_loso|S113,S113,ex1,0.8292857142857143,0.5052380952380953,0.32404761904761903,0.28214285714285714,True,False,5,0.48095238095238096,0.5023809523809524,,-0.021428571428571408,,-0.021428571428571408,
db10,db10_amputee_loso,agency_vs_plain_conf_iso_budget,0.15,agency_margin_tau_0.15,plain_conf_threshold_matched_tau_0.15,plain_conf_threshold_iso_budget_curve,final_correct_rate,db10_amputee_loso|S114,S114,ex1,0.7402380952380953,0.37666666666666665,0.3635714285714286,0.315,True,False,5,0.6059523809523809,0.47023809523809523,,0.13571428571428568,,0.13571428571428568,
db10,db10_amputee_loso,agency_vs_plain_conf_iso_budget,0.15,agency_margin_tau_0.15,plain_conf_threshold_matched_tau_0.15,plain_conf_threshold_iso_budget_curve,final_correct_rate,db10_amputee_loso|S115,S115,ex1,0.8811904761904762,0.012380952380952381,0.8688095238095238,0.8433333333333334,True,False,5,0.047619047619047616,0.07142857142857142,,-0.023809523809523808,,-0.023809523809523808,
db10,db10_amputee_loso,agency_vs_plain_conf_iso_budget,0.20,agency_margin_tau_0.20,plain_conf_threshold_matched_tau_0.20,plain_conf_threshold_iso_budget_curve,final_correct_rate,db10_amputee_loso|S101,S101,ex1,0.7235714285714285,0.655,0.0685714285714285,0.0685714285714285,True,False,5,0.7952380952380952,0.8,,-0.004761904761904856,,-0.004761904761904856,
db10,db10_amputee_loso,agency_vs_plain_conf_iso_budget,0.20,agency_margin_tau_0.20,plain_conf_threshold_matched_tau_0.20,plain_conf_threshold_iso_budget_curve,final_correct_rate,db10_amputee_loso|S102,S102,ex1,0.719047619047619,0.4723809523809524,0.24666666666666665,0.24666666666666665,True,False,5,0.6952380952380952,0.625,,0.07023809523809521,,0.07023809523809521,
db10,db10_amputee_loso,agency_vs_plain_conf_iso_budget,0.20,agency_margin_tau_0.20,plain_conf_threshold_matched_tau_0.20,plain_conf_threshold_iso_budget_curve,final_correct_rate,db10_amputee_loso|S103,S103,ex1,0.7588095238095238,0.6173809523809524,0.14142857142857146,0.14142857142857146,True,False,5,0.7916666666666666,0.7535714285714286,,0.03809523809523807,,0.03809523809523807,
db10,db10_amputee_loso,agency_vs_plain_conf_iso_budget,0.20,agency_margin_tau_0.20,plain_conf_threshold_matched_tau_0.20,plain_conf_threshold_iso_budget_curve,final_correct_rate,db10_amputee_loso|S104,S104,ex1,0.7547619047619047,0.6130952380952381,0.1416666666666666,0.1416666666666666,True,False,5,0.6678571428571428,0.6714285714285714,,-0.0035714285714285587,,-0.0035714285714285587,
db10,db10_amputee_loso,agency_vs_plain_conf_iso_budget,0.20,agency_margin_tau_0.20,plain_conf_threshold_matched_tau_0.20,plain_conf_threshold_iso_budget_curve,final_correct_rate,db10_amputee_loso|S105,S105,ex1,0.7504761904761905,0.505,0.24547619047619051,0.24547619047619051,True,False,5,0.6178571428571429,0.5630952380952381,,0.05476190476190479,,0.05476190476190479,
db10,db10_amputee_loso,agency_vs_plain_conf_iso_budget,0.20,agency_margin_tau_0.20,plain_conf_threshold_matched_tau_0.20,plain_conf_threshold_iso_budget_curve,final_correct_rate,db10_amputee_loso|S106,S106,ex1,0.7995238095238095,0.7016666666666667,0.09785714285714286,0.09785714285714286,True,False,5,0.6142857142857143,0.6035714285714285,,0.010714285714285787,,0.010714285714285787,
db10,db10_amputee_loso,agency_vs_plain_conf_iso_budget,0.20,agency_margin_tau_0.20,plain_conf_threshold_matched_tau_0.20,plain_conf_threshold_iso_budget_curve,final_correct_rate,db10_amputee_loso|S107,S107,ex1,0.8142857142857143,0.5830952380952381,0.23119047619047617,0.23119047619047617,True,False,5,0.5785714285714286,0.55,,0.02857142857142858,,0.02857142857142858,
db10,db10_amputee_loso,agency_vs_plain_conf_iso_budget,0.20,agency_margin_tau_0.20,plain_conf_threshold_matched_tau_0.20,plain_conf_threshold_iso_budget_curve,final_correct_rate,db10_amputee_loso|S108,S108,ex1,1.0,0.5407142857142857,0.4592857142857143,0.4592857142857143,True,False,5,0.4595238095238095,0.1880952380952381,,0.2714285714285714,,0.2714285714285714,
db10,db10_amputee_loso,agency_vs_plain_conf_iso_budget,0.20,agency_margin_tau_0.20,plain_conf_threshold_matched_tau_0.20,plain_conf_threshold_iso_budget_curve,final_correct_rate,db10_amputee_loso|S109,S109,ex1,0.7297619047619047,0.6011904761904762,0.12857142857142856,0.12857142857142856,True,False,5,0.7952380952380952,0.7452380952380953,,0.04999999999999993,,0.04999999999999993,
db10,db10_amputee_loso,agency_vs_plain_conf_iso_budget,0.20,agency_margin_tau_0.20,plain_conf_threshold_matched_tau_0.20,plain_conf_threshold_iso_budget_curve,final_correct_rate,db10_amputee_loso|S110,S110,ex1,0.8252380952380952,0.6266666666666667,0.1985714285714285,0.1985714285714285,True,False,5,0.4523809523809524,0.3869047619047619,,0.06547619047619047,,0.06547619047619047,
db10,db10_amputee_loso,agency_vs_plain_conf_iso_budget,0.20,agency_margin_tau_0.20,plain_conf_threshold_matched_tau_0.20,plain_conf_threshold_iso_budget_curve,final_correct_rate,db10_amputee_loso|S111,S111,ex1,0.7728571428571429,0.539047619047619,0.2338095238095239,0.2338095238095239,True,False,5,0.7452380952380953,0.6630952380952381,,0.08214285714285718,,0.08214285714285718,
db10,db10_amputee_loso,agency_vs_plain_conf_iso_budget,0.20,agency_margin_tau_0.20,plain_conf_threshold_matched_tau_0.20,plain_conf_threshold_iso_budget_curve,final_correct_rate,db10_amputee_loso|S112,S112,ex1,0.7323809523809524,0.5547619047619048,0.17761904761904757,0.17761904761904757,True,False,5,0.7261904761904762,0.6964285714285714,,0.029761904761904767,,0.029761904761904767,
db10,db10_amputee_loso,agency_vs_plain_conf_iso_budget,0.20,agency_margin_tau_0.20,plain_conf_threshold_matched_tau_0.20,plain_conf_threshold_iso_budget_curve,final_correct_rate,db10_amputee_loso|S113,S113,ex1,0.8397619047619047,0.5471428571428572,0.29261904761904756,0.29261904761904756,True,False,5,0.4880952380952381,0.5071428571428571,,-0.019047619047619035,,-0.019047619047619035,
db10,db10_amputee_loso,agency_vs_plain_conf_iso_budget,0.20,agency_margin_tau_0.20,plain_conf_threshold_matched_tau_0.20,plain_conf_threshold_iso_budget_curve,final_correct_rate,db10_amputee_loso|S114,S114,ex1,0.785,0.42523809523809525,0.3597619047619048,0.3597619047619048,True,False,5,0.6273809523809524,0.5011904761904762,,0.1261904761904762,,0.1261904761904762,
db10,db10_amputee_loso,agency_vs_plain_conf_iso_budget,0.20,agency_margin_tau_0.20,plain_conf_threshold_matched_tau_0.20,plain_conf_threshold_iso_budget_curve,final_correct_rate,db10_amputee_loso|S115,S115,ex1,0.9747619047619047,0.03785714285714286,0.9369047619047619,0.9369047619047619,True,False,5,0.04880952380952381,0.07261904761904762,,-0.023809523809523815,,-0.023809523809523815,
db10,db10_amputee_loso,agency_vs_plain_conf_iso_budget,0.02,agency_margin_tau_0.02,plain_conf_threshold_matched_tau_0.02,plain_conf_threshold_iso_budget_curve,median_earliest_safe_s,db10_amputee_loso|S101,S101,ex1,0.2311904761904762,0.2292857142857143,0.001904761904761909,0.001904761904761909,False,True,5,0.4,0.6,0.5981941309255079,-0.19999999999999996,-0.19819413092550786,0.19999999999999996,0.19819413092550786
db10,db10_amputee_loso,agency_vs_plain_conf_iso_budget,0.02,agency_margin_tau_0.02,plain_conf_threshold_matched_tau_0.02,plain_conf_threshold_iso_budget_curve,median_earliest_safe_s,db10_amputee_loso|S102,S102,ex1,0.2180952380952381,0.01904761904761905,0.19904761904761903,0.04642857142857143,False,True,5,0.4,0.4,0.34935064935064936,0.0,0.050649350649350666,0.0,-0.050649350649350666
db10,db10_amputee_loso,agency_vs_plain_conf_iso_budget,0.02,agency_margin_tau_0.02,plain_conf_threshold_matched_tau_0.02,plain_conf_threshold_iso_budget_curve,median_earliest_safe_s,db10_amputee_loso|S103,S103,ex1,0.31976190476190475,0.12785714285714286,0.19190476190476188,0.029047619047619044,False,True,5,0.4,0.6,0.42629310344827587,-0.19999999999999996,-0.026293103448275845,0.19999999999999996,0.026293103448275845
db10,db10_amputee_loso,agency_vs_plain_conf_iso_budget,0.02,agency_margin_tau_0.02,plain_conf_threshold_matched_tau_0.02,plain_conf_threshold_iso_budget_curve,median_earliest_safe_s,db10_amputee_loso|S104,S104,ex1,0.21,0.09952380952380953,0.11047619047619046,0.08976190476190479,False,True,5,0.6,0.5,0.44482758620689655,0.09999999999999998,0.15517241379310343,-0.09999999999999998,-0.15517241379310343
db10,db10_amputee_loso,agency_vs_plain_conf_iso_budget,0.02,agency_margin_tau_0.02,plain_conf_threshold_matched_tau_0.02,plain_conf_threshold_iso_budget_curve,median_earliest_safe_s,db10_amputee_loso|S105,S105,ex1,0.11357142857142857,0.02976190476190476,0.0838095238095238,0.07547619047619047,False,True,5,0.6,0.8,0.6947683109118087,-0.20000000000000007,-0.0947683109118087,0.20000000000000007,0.0947683109118087
db10,db10_amputee_loso,agency_vs_plain_conf_iso_budget,0.02,agency_margin_tau_0.02,plain_conf_threshold_matched_tau_0.02,plain_conf_threshold_iso_budget_curve,median_earliest_safe_s,db10_amputee_loso|S106,S106,ex1,0.08761904761904762,0.11047619047619048,-0.022857142857142854,0.022857142857142854,True,False,5,0.6,0.6,,0.0,,0.0,
db10,db10_amputee_loso,agency_vs_plain_conf_iso_budget,0.02,agency_margin_tau_0.02,plain_conf_threshold_matched_tau_0.02,plain_conf_threshold_iso_budget_curve,median_earliest_safe_s,db10_amputee_loso|S107,S107,ex1,0.23976190476190476,0.02761904761904762,0.21214285714285713,0.03547619047619047,False,True,5,0.4,0.6,0.36879581151832463,-0.19999999999999996,0.031204188481675388,0.19999999999999996,-0.031204188481675388
db10,db10_amputee_loso,agency_vs_plain_conf_iso_budget,0.02,agency_margin_tau_0.02,plain_conf_threshold_matched_tau_0.02,plain_conf_threshold_iso_budget_curve,median_earliest_safe_s,db10_amputee_loso|S108,S108,ex1,0.0,0.0038095238095238095,-0.0038095238095238095,0.2969047619047619,True,False,3,,,,,,,
db10,db10_amputee_loso,agency_vs_plain_conf_iso_budget,0.02,agency_margin_tau_0.02,plain_conf_threshold_matched_tau_0.02,plain_conf_threshold_iso_budget_curve,median_earliest_safe_s,db10_amputee_loso|S109,S109,ex1,0.1895238095238095,0.09095238095238095,0.09857142857142856,0.09857142857142856,False,True,5,0.4,0.6,0.5121019108280255,-0.19999999999999996,-0.11210191082802545,0.19999999999999996,0.11210191082802545
db10,db10_amputee_loso,agency_vs_plain_conf_iso_budget,0.02,agency_margin_tau_0.02,plain_conf_threshold_matched_tau_0.02,plain_conf_threshold_iso_budget_curve,median_earliest_safe_s,db10_amputee_loso|S110,S110,ex1,0.13047619047619047,0.056428571428571425,0.07404761904761904,0.07404761904761904,False,True,5,0.4,0.6,0.5397286821705426,-0.19999999999999996,-0.13972868217054257,0.19999999999999996,0.13972868217054257
db10,db10_amputee_loso,agency_vs_plain_conf_iso_budget,0.02,agency_margin_tau_0.02,plain_conf_threshold_matched_tau_0.02,plain_conf_threshold_iso_budget_curve,median_earliest_safe_s,db10_amputee_loso|S111,S111,ex1,0.18071428571428572,0.04023809523809524,0.14047619047619048,0.04261904761904761,False,True,5,0.4,0.6,0.6,-0.19999999999999996,-0.19999999999999996,0.19999999999999996,0.19999999999999996
db10,db10_amputee_loso,agency_vs_plain_conf_iso_budget,0.02,agency_margin_tau_0.02,plain_conf_threshold_matched_tau_0.02,plain_conf_threshold_iso_budget_curve,median_earliest_safe_s,db10_amputee_loso|S112,S112,ex1,0.3426190476190476,0.07095238095238095,0.27166666666666667,0.0811904761904762,False,True,5,0.4,0.4,0.4,0.0,0.0,0.0,0.0
db10,db10_amputee_loso,agency_vs_plain_conf_iso_budget,0.02,agency_margin_tau_0.02,plain_conf_threshold_matched_tau_0.02,plain_conf_threshold_iso_budget_curve,median_earliest_safe_s,db10_amputee_loso|S113,S113,ex1,0.19952380952380952,0.002619047619047619,0.1969047619047619,0.053571428571428575,False,True,4,0.4,,0.2,,0.2,,-0.2
db10,db10_amputee_loso,agency_vs_plain_conf_iso_budget,0.02,agency_margin_tau_0.02,plain_conf_threshold_matched_tau_0.02,plain_conf_threshold_iso_budget_curve,median_earliest_safe_s,db10_amputee_loso|S114,S114,ex1,0.13333333333333333,0.0,0.13333333333333333,0.09238095238095237,False,True,4,0.4,,0.4,,0.0,,0.0
db10,db10_amputee_loso,agency_vs_plain_conf_iso_budget,0.02,agency_margin_tau_0.02,plain_conf_threshold_matched_tau_0.02,plain_conf_threshold_iso_budget_curve,median_earliest_safe_s,db10_amputee_loso|S115,S115,ex1,0.06,0.0,0.06,0.022142857142857138,True,False,1,0.4,,,,,,
db10,db10_amputee_loso,agency_vs_plain_conf_iso_budget,0.05,agency_margin_tau_0.05,plain_conf_threshold_matched_tau_0.05,plain_conf_threshold_iso_budget_curve,median_earliest_safe_s,db10_amputee_loso|S101,S101,ex1,0.43857142857142856,0.44023809523809526,-0.0016666666666667052,0.0016666666666667052,False,True,5,0.4,0.4,0.4015801354401807,0.0,-0.0015801354401806522,0.0,0.0015801354401806522
db10,db10_amputee_loso,agency_vs_plain_conf_iso_budget,0.05,agency_margin_tau_0.05,plain_conf_threshold_matched_tau_0.05,plain_conf_threshold_iso_budget_curve,median_earliest_safe_s,db10_amputee_loso|S102,S102,ex1,0.5464285714285714,0.17166666666666666,0.37476190476190474,0.07404761904761897,True,False,5,0.2,0.4,,-0.2,,0.2,
db10,db10_amputee_loso,agency_vs_plain_conf_iso_budget,0.05,agency_margin_tau_0.05,plain_conf_threshold_matched_tau_0.05,plain_conf_threshold_iso_budget_curve,median_earliest_safe_s,db10_amputee_loso|S103,S103,ex1,0.5964285714285714,0.3488095238095238,0.24761904761904763,0.006190476190476191,False,True,5,0.2,0.4,0.2,-0.2,0.0,0.2,0.0
db10,db10_amputee_loso,agency_vs_plain_conf_iso_budget,0.05,agency_margin_tau_0.05,plain_conf_threshold_matched_tau_0.05,plain_conf_threshold_iso_budget_curve,median_earliest_safe_s,db10_amputee_loso|S104,S104,ex1,0.439047619047619,0.2997619047619048,0.13928571428571423,0.05261904761904762,False,True,5,0.4,0.4,0.2548387096774194,0.0,0.14516129032258063,0.0,-0.14516129032258063
db10,db10_amputee_loso,agency_vs_plain_conf_iso_budget,0.05,agency_margin_tau_0.05,plain_conf_threshold_matched_tau_0.05,plain_conf_threshold_iso_budget_curve,median_earliest_safe_s,db10_amputee_loso|S105,S105,ex1,0.28476190476190477,0.18904761904761905,0.09571428571428572,0.09571428571428572,False,True,5,0.6,0.6,0.5037125748502994,0.0,0.09628742514970057,0.0,-0.09628742514970057
db10,db10_amputee_loso,agency_vs_plain_conf_iso_budget,0.05,agency_margin_tau_0.05,plain_conf_threshold_matched_tau_0.05,plain_conf_threshold_iso_budget_curve,median_earliest_safe_s,db10_amputee_loso|S106,S106,ex1,0.24095238095238095,0.3607142857142857,-0.11976190476190476,0.11976190476190476,False,True,5,0.6,0.6,0.6,0.0,0.0,0.0,0.0
db10,db10_amputee_loso,agency_vs_plain_conf_iso_budget,0.05,agency_margin_tau_0.05,plain_conf_threshold_matched_tau_0.05,plain_conf_threshold_iso_budget_curve,median_earliest_safe_s,db10_amputee_loso|S107,S107,ex1,0.4988095238095238,0.2042857142857143,0.2945238095238095,0.044047619047619,False,True,5,0.4,0.4,0.2,0.0,0.2,0.0,-0.2
db10,db10_amputee_loso,agency_vs_plain_conf_iso_budget,0.05,agency_margin_tau_0.05,plain_conf_threshold_matched_tau_0.05,plain_conf_threshold_iso_budget_curve,median_earliest_safe_s,db10_amputee_loso|S108,S108,ex1,0.0030952380952380953,0.07761904761904762,-0.07452380952380952,0.2938095238095238,True,False,3,0.8,,,,,,
db10,db10_amputee_loso,agency_vs_plain_conf_iso_budget,0.05,agency_margin_tau_0.05,plain_conf_threshold_matched_tau_0.05,plain_conf_threshold_iso_budget_curve,median_earliest_safe_s,db10_amputee_loso|S109,S109,ex1,0.44,0.31523809523809526,0.12476190476190474,0.04857142857142854,False,True,5,0.4,0.4,0.256043956043956,0.0,0.143956043956044,0.0,-0.143956043956044
db10,db10_amputee_loso,agency_vs_plain_conf_iso_budget,0.05,agency_margin_tau_0.05,plain_conf_threshold_matched_tau_0.05,plain_conf_threshold_iso_budget_curve,median_earliest_safe_s,db10_amputee_loso|S110,S110,ex1,0.3254761904761905,0.30214285714285716,0.023333333333333317,0.023333333333333317,False,True,5,0.4,0.4,0.37629987908101575,0.0,0.02370012091898427,0.0,-0.02370012091898427
db10,db10_amputee_loso,agency_vs_plain_conf_iso_budget,0.05,agency_margin_tau_0.05,plain_conf_threshold_matched_tau_0.05,plain_conf_threshold_iso_budget_curve,median_earliest_safe_s,db10_amputee_loso|S111,S111,ex1,0.42547619047619045,0.22333333333333333,0.20214285714285712,0.014999999999999958,False,True,5,0.4,0.6,0.36963855421686753,-0.19999999999999996,0.03036144578313249,0.19999999999999996,-0.03036144578313249
db10,db10_amputee_loso,agency_vs_plain_conf_iso_budget,0.05,agency_margin_tau_0.05,plain_conf_threshold_matched_tau_0.05,plain_conf_threshold_iso_budget_curve,median_earliest_safe_s,db10_amputee_loso|S112,S112,ex1,0.5628571428571428,0.2342857142857143,0.3285714285714285,0.008095238095238044,True,False,5,0.2,0.4,,-0.2,,0.2,
db10,db10_amputee_loso,agency_vs_plain_conf_iso_budget,0.05,agency_margin_tau_0.05,plain_conf_threshold_matched_tau_0.05,plain_conf_threshold_iso_budget_curve,median_earliest_safe_s,db10_amputee_loso|S113,S113,ex1,0.5719047619047619,0.14595238095238094,0.42595238095238097,0.024761904761904763,True,False,4,0.4,0.2,,0.2,,-0.2,
db10,db10_amputee_loso,agency_vs_plain_conf_iso_budget,0.05,agency_margin_tau_0.05,plain_conf_threshold_matched_tau_0.05,plain_conf_threshold_iso_budget_curve,median_earliest_safe_s,db10_amputee_loso|S114,S114,ex1,0.32095238095238093,0.040952380952380955,0.27999999999999997,0.055714285714285716,False,True,4,0.4,0.4,0.28253968253968254,0.0,0.11746031746031749,0.0,-0.11746031746031749
db10,db10_amputee_loso,agency_vs_plain_conf_iso_budget,0.05,agency_margin_tau_0.05,plain_conf_threshold_matched_tau_0.05,plain_conf_threshold_iso_budget_curve,median_earliest_safe_s,db10_amputee_loso|S115,S115,ex1,0.20023809523809524,0.0002380952380952381,0.2,0.16238095238095238,True,False,1,0.30000000000000004,,,,,,
db10,db10_amputee_loso,agency_vs_plain_conf_iso_budget,0.10,agency_margin_tau_0.10,plain_conf_threshold_matched_tau_0.10,plain_conf_threshold_iso_budget_curve,median_earliest_safe_s,db10_amputee_loso|S101,S101,ex1,0.6145238095238095,0.5754761904761905,0.039047619047619,0.017142857142857237,False,True,5,0.2,0.2,0.2,0.0,0.0,0.0,0.0
db10,db10_amputee_loso,agency_vs_plain_conf_iso_budget,0.10,agency_margin_tau_0.10,plain_conf_threshold_matched_tau_0.10,plain_conf_threshold_iso_budget_curve,median_earliest_safe_s,db10_amputee_loso|S102,S102,ex1,0.695,0.355,0.33999999999999997,0.22261904761904755,True,False,5,0.2,0.2,,0.0,,0.0,
db10,db10_amputee_loso,agency_vs_plain_conf_iso_budget,0.10,agency_margin_tau_0.10,plain_conf_threshold_matched_tau_0.10,plain_conf_threshold_iso_budget_curve,median_earliest_safe_s,db10_amputee_loso|S103,S103,ex1,0.7459523809523809,0.5045238095238095,0.24142857142857144,0.12857142857142856,True,False,5,0.2,0.2,,0.0,,0.0,
db10,db10_amputee_loso,agency_vs_plain_conf_iso_budget,0.10,agency_margin_tau_0.10,plain_conf_threshold_matched_tau_0.10,plain_conf_threshold_iso_budget_curve,median_earliest_safe_s,db10_amputee_loso|S104,S104,ex1,0.6073809523809524,0.49166666666666664,0.11571428571428571,0.005714285714285783,False,True,5,0.2,0.2,0.2,0.0,0.0,0.0,0.0
db10,db10_amputee_loso,agency_vs_plain_conf_iso_budget,0.10,agency_margin_tau_0.10,plain_conf_threshold_matched_tau_0.10,plain_conf_threshold_iso_budget_curve,median_earliest_safe_s,db10_amputee_loso|S105,S105,ex1,0.539047619047619,0.38785714285714284,0.15119047619047615,0.03404761904761899,True,False,5,0.4,0.4,,0.0,,0.0,
db10,db10_amputee_loso,agency_vs_plain_conf_iso_budget,0.10,agency_margin_tau_0.10,plain_conf_threshold_matched_tau_0.10,plain_conf_threshold_iso_budget_curve,median_earliest_safe_s,db10_amputee_loso|S106,S106,ex1,0.5230952380952381,0.5771428571428572,-0.05404761904761912,0.05404761904761912,False,True,5,0.4,0.4,0.44994499449945,0.0,-0.04994499449945,0.0,0.04994499449945
db10,db10_amputee_loso,agency_vs_plain_conf_iso_budget,0.10,agency_margin_tau_0.10,plain_conf_threshold_matched_tau_0.10,plain_conf_threshold_iso_budget_curve,median_earliest_safe_s,db10_amputee_loso|S107,S107,ex1,0.6966666666666667,0.43166666666666664,0.265,0.11357142857142855,True,False,5,0.2,0.2,,0.0,,0.0,
db10,db10_amputee_loso,agency_vs_plain_conf_iso_budget,0.10,agency_margin_tau_0.10,plain_conf_threshold_matched_tau_0.10,plain_conf_threshold_iso_budget_curve,median_earliest_safe_s,db10_amputee_loso|S108,S108,ex1,0.9990476190476191,0.2969047619047619,0.7021428571428572,0.45833333333333337,True,False,3,0.2,0.2,,0.0,,0.0,
db10,db10_amputee_loso,agency_vs_plain_conf_iso_budget,0.10,agency_margin_tau_0.10,plain_conf_threshold_matched_tau_0.10,plain_conf_threshold_iso_budget_curve,median_earliest_safe_s,db10_amputee_loso|S109,S109,ex1,0.6478571428571429,0.48857142857142855,0.15928571428571436,0.046666666666666745,True,False,5,0.2,0.2,,0.0,,0.0,
db10,db10_amputee_loso,agency_vs_plain_conf_iso_budget,0.10,agency_margin_tau_0.10,plain_conf_threshold_matched_tau_0.10,plain_conf_threshold_iso_budget_curve,median_earliest_safe_s,db10_amputee_loso|S110,S110,ex1,0.5678571428571428,0.4990476190476191,0.06880952380952376,0.02880952380952384,False,True,5,0.2,0.2,0.2,0.0,0.0,0.0,0.0
db10,db10_amputee_loso,agency_vs_plain_conf_iso_budget,0.10,agency_margin_tau_0.10,plain_conf_threshold_matched_tau_0.10,plain_conf_threshold_iso_budget_curve,median_earliest_safe_s,db10_amputee_loso|S111,S111,ex1,0.6523809523809524,0.4104761904761905,0.2419047619047619,0.1133333333333334,True,False,5,0.2,0.4,,-0.2,,0.2,
db10,db10_amputee_loso,agency_vs_plain_conf_iso_budget,0.10,agency_margin_tau_0.10,plain_conf_threshold_matched_tau_0.10,plain_conf_threshold_iso_budget_curve,median_earliest_safe_s,db10_amputee_loso|S112,S112,ex1,0.6942857142857143,0.4238095238095238,0.2704761904761905,0.1395238095238095,True,False,5,0.2,0.4,,-0.2,,0.2,
db10,db10_amputee_loso,agency_vs_plain_conf_iso_budget,0.10,agency_margin_tau_0.10,plain_conf_threshold_matched_tau_0.10,plain_conf_threshold_iso_budget_curve,median_earliest_safe_s,db10_amputee_loso|S113,S113,ex1,0.775952380952381,0.3892857142857143,0.38666666666666666,0.2288095238095238,True,False,4,0.2,0.2,,0.0,,0.0,
db10,db10_amputee_loso,agency_vs_plain_conf_iso_budget,0.10,agency_margin_tau_0.10,plain_conf_threshold_matched_tau_0.10,plain_conf_threshold_iso_budget_curve,median_earliest_safe_s,db10_amputee_loso|S114,S114,ex1,0.59,0.24166666666666667,0.3483333333333333,0.16476190476190472,True,False,4,0.2,0.4,,-0.2,,0.2,
db10,db10_amputee_loso,agency_vs_plain_conf_iso_budget,0.10,agency_margin_tau_0.10,plain_conf_threshold_matched_tau_0.10,plain_conf_threshold_iso_budget_curve,median_earliest_safe_s,db10_amputee_loso|S115,S115,ex1,0.5302380952380953,0.0038095238095238095,0.5264285714285715,0.4923809523809524,True,False,1,0.4,,,,,,
db10,db10_amputee_loso,agency_vs_plain_conf_iso_budget,0.15,agency_margin_tau_0.15,plain_conf_threshold_matched_tau_0.15,plain_conf_threshold_iso_budget_curve,median_earliest_safe_s,db10_amputee_loso|S101,S101,ex1,0.6935714285714286,0.6316666666666667,0.06190476190476191,0.03857142857142859,True,False,5,0.2,0.2,,0.0,,0.0,
db10,db10_amputee_loso,agency_vs_plain_conf_iso_budget,0.15,agency_margin_tau_0.15,plain_conf_threshold_matched_tau_0.15,plain_conf_threshold_iso_budget_curve,median_earliest_safe_s,db10_amputee_loso|S102,S102,ex1,0.715952380952381,0.439047619047619,0.276904761904762,0.2435714285714286,True,False,5,0.2,0.2,,0.0,,0.0,
db10,db10_amputee_loso,agency_vs_plain_conf_iso_budget,0.15,agency_margin_tau_0.15,plain_conf_threshold_matched_tau_0.15,plain_conf_threshold_iso_budget_curve,median_earliest_safe_s,db10_amputee_loso|S103,S103,ex1,0.758095238095238,0.5902380952380952,0.16785714285714282,0.14071428571428568,True,False,5,0.2,0.2,,0.0,,0.0,
db10,db10_amputee_loso,agency_vs_plain_conf_iso_budget,0.15,agency_margin_tau_0.15,plain_conf_threshold_matched_tau_0.15,plain_conf_threshold_iso_budget_curve,median_earliest_safe_s,db10_amputee_loso|S104,S104,ex1,0.7121428571428572,0.5830952380952381,0.12904761904761908,0.09904761904761905,True,False,5,0.2,0.2,,0.0,,0.0,
db10,db10_amputee_loso,agency_vs_plain_conf_iso_budget,0.15,agency_margin_tau_0.15,plain_conf_threshold_matched_tau_0.15,plain_conf_threshold_iso_budget_curve,median_earliest_safe_s,db10_amputee_loso|S105,S105,ex1,0.7038095238095238,0.4745238095238095,0.22928571428571426,0.19880952380952377,True,False,5,0.2,0.4,,-0.2,,0.2,
db10,db10_amputee_loso,agency_vs_plain_conf_iso_budget,0.15,agency_margin_tau_0.15,plain_conf_threshold_matched_tau_0.15,plain_conf_threshold_iso_budget_curve,median_earliest_safe_s,db10_amputee_loso|S106,S106,ex1,0.7019047619047619,0.6716666666666666,0.030238095238095286,0.00023809523809525945,True,False,5,0.2,0.2,,0.0,,0.0,
db10,db10_amputee_loso,agency_vs_plain_conf_iso_budget,0.15,agency_margin_tau_0.15,plain_conf_threshold_matched_tau_0.15,plain_conf_threshold_iso_budget_curve,median_earliest_safe_s,db10_amputee_loso|S107,S107,ex1,0.784047619047619,0.5428571428571428,0.24119047619047618,0.20095238095238088,True,False,5,0.2,0.2,,0.0,,0.0,
db10,db10_amputee_loso,agency_vs_plain_conf_iso_budget,0.15,agency_margin_tau_0.15,plain_conf_threshold_matched_tau_0.15,plain_conf_threshold_iso_budget_curve,median_earliest_safe_s,db10_amputee_loso|S108,S108,ex1,1.0,0.4780952380952381,0.5219047619047619,0.4592857142857143,True,False,3,0.2,0.2,,0.0,,0.0,
db10,db10_amputee_loso,agency_vs_plain_conf_iso_budget,0.15,agency_margin_tau_0.15,plain_conf_threshold_matched_tau_0.15,plain_conf_threshold_iso_budget_curve,median_earliest_safe_s,db10_amputee_loso|S109,S109,ex1,0.7173809523809523,0.574047619047619,0.1433333333333333,0.11619047619047618,True,False,5,0.2,0.2,,0.0,,0.0,
db10,db10_amputee_loso,agency_vs_plain_conf_iso_budget,0.15,agency_margin_tau_0.15,plain_conf_threshold_matched_tau_0.15,plain_conf_threshold_iso_budget_curve,median_earliest_safe_s,db10_amputee_loso|S110,S110,ex1,0.7326190476190476,0.5966666666666667,0.13595238095238094,0.10595238095238091,True,False,5,0.2,0.2,,0.0,,0.0,
db10,db10_amputee_loso,agency_vs_plain_conf_iso_budget,0.15,agency_margin_tau_0.15,plain_conf_threshold_matched_tau_0.15,plain_conf_threshold_iso_budget_curve,median_earliest_safe_s,db10_amputee_loso|S111,S111,ex1,0.7583333333333333,0.5092857142857142,0.24904761904761907,0.2192857142857143,True,False,5,0.2,0.2,,0.0,,0.0,
db10,db10_amputee_loso,agency_vs_plain_conf_iso_budget,0.15,agency_margin_tau_0.15,plain_conf_threshold_matched_tau_0.15,plain_conf_threshold_iso_budget_curve,median_earliest_safe_s,db10_amputee_loso|S112,S112,ex1,0.7283333333333334,0.5228571428571429,0.20547619047619048,0.1735714285714286,True,False,5,0.2,0.2,,0.0,,0.0,
db10,db10_amputee_loso,agency_vs_plain_conf_iso_budget,0.15,agency_margin_tau_0.15,plain_conf_threshold_matched_tau_0.15,plain_conf_threshold_iso_budget_curve,median_earliest_safe_s,db10_amputee_loso|S113,S113,ex1,0.8292857142857143,0.5052380952380953,0.32404761904761903,0.28214285714285714,True,False,4,0.2,0.2,,0.0,,0.0,
db10,db10_amputee_loso,agency_vs_plain_conf_iso_budget,0.15,agency_margin_tau_0.15,plain_conf_threshold_matched_tau_0.15,plain_conf_threshold_iso_budget_curve,median_earliest_safe_s,db10_amputee_loso|S114,S114,ex1,0.7402380952380953,0.37666666666666665,0.3635714285714286,0.315,True,False,4,0.2,0.2,,0.0,,0.0,
db10,db10_amputee_loso,agency_vs_plain_conf_iso_budget,0.15,agency_margin_tau_0.15,plain_conf_threshold_matched_tau_0.15,plain_conf_threshold_iso_budget_curve,median_earliest_safe_s,db10_amputee_loso|S115,S115,ex1,0.8811904761904762,0.012380952380952381,0.8688095238095238,0.8433333333333334,True,False,1,0.2,,,,,,
db10,db10_amputee_loso,agency_vs_plain_conf_iso_budget,0.20,agency_margin_tau_0.20,plain_conf_threshold_matched_tau_0.20,plain_conf_threshold_iso_budget_curve,median_earliest_safe_s,db10_amputee_loso|S101,S101,ex1,0.7235714285714285,0.655,0.0685714285714285,0.0685714285714285,True,False,5,0.2,0.2,,0.0,,0.0,
db10,db10_amputee_loso,agency_vs_plain_conf_iso_budget,0.20,agency_margin_tau_0.20,plain_conf_threshold_matched_tau_0.20,plain_conf_threshold_iso_budget_curve,median_earliest_safe_s,db10_amputee_loso|S102,S102,ex1,0.719047619047619,0.4723809523809524,0.24666666666666665,0.24666666666666665,True,False,5,0.2,0.2,,0.0,,0.0,
db10,db10_amputee_loso,agency_vs_plain_conf_iso_budget,0.20,agency_margin_tau_0.20,plain_conf_threshold_matched_tau_0.20,plain_conf_threshold_iso_budget_curve,median_earliest_safe_s,db10_amputee_loso|S103,S103,ex1,0.7588095238095238,0.6173809523809524,0.14142857142857146,0.14142857142857146,True,False,5,0.2,0.2,,0.0,,0.0,
db10,db10_amputee_loso,agency_vs_plain_conf_iso_budget,0.20,agency_margin_tau_0.20,plain_conf_threshold_matched_tau_0.20,plain_conf_threshold_iso_budget_curve,median_earliest_safe_s,db10_amputee_loso|S104,S104,ex1,0.7547619047619047,0.6130952380952381,0.1416666666666666,0.1416666666666666,True,False,5,0.2,0.2,,0.0,,0.0,
db10,db10_amputee_loso,agency_vs_plain_conf_iso_budget,0.20,agency_margin_tau_0.20,plain_conf_threshold_matched_tau_0.20,plain_conf_threshold_iso_budget_curve,median_earliest_safe_s,db10_amputee_loso|S105,S105,ex1,0.7504761904761905,0.505,0.24547619047619051,0.24547619047619051,True,False,5,0.2,0.2,,0.0,,0.0,
db10,db10_amputee_loso,agency_vs_plain_conf_iso_budget,0.20,agency_margin_tau_0.20,plain_conf_threshold_matched_tau_0.20,plain_conf_threshold_iso_budget_curve,median_earliest_safe_s,db10_amputee_loso|S106,S106,ex1,0.7995238095238095,0.7016666666666667,0.09785714285714286,0.09785714285714286,True,False,5,0.2,0.2,,0.0,,0.0,
db10,db10_amputee_loso,agency_vs_plain_conf_iso_budget,0.20,agency_margin_tau_0.20,plain_conf_threshold_matched_tau_0.20,plain_conf_threshold_iso_budget_curve,median_earliest_safe_s,db10_amputee_loso|S107,S107,ex1,0.8142857142857143,0.5830952380952381,0.23119047619047617,0.23119047619047617,True,False,5,0.2,0.2,,0.0,,0.0,
db10,db10_amputee_loso,agency_vs_plain_conf_iso_budget,0.20,agency_margin_tau_0.20,plain_conf_threshold_matched_tau_0.20,plain_conf_threshold_iso_budget_curve,median_earliest_safe_s,db10_amputee_loso|S108,S108,ex1,1.0,0.5407142857142857,0.4592857142857143,0.4592857142857143,True,False,3,0.2,0.2,,0.0,,0.0,
db10,db10_amputee_loso,agency_vs_plain_conf_iso_budget,0.20,agency_margin_tau_0.20,plain_conf_threshold_matched_tau_0.20,plain_conf_threshold_iso_budget_curve,median_earliest_safe_s,db10_amputee_loso|S109,S109,ex1,0.7297619047619047,0.6011904761904762,0.12857142857142856,0.12857142857142856,True,False,5,0.2,0.2,,0.0,,0.0,
db10,db10_amputee_loso,agency_vs_plain_conf_iso_budget,0.20,agency_margin_tau_0.20,plain_conf_threshold_matched_tau_0.20,plain_conf_threshold_iso_budget_curve,median_earliest_safe_s,db10_amputee_loso|S110,S110,ex1,0.8252380952380952,0.6266666666666667,0.1985714285714285,0.1985714285714285,True,False,5,0.2,0.2,,0.0,,0.0,
db10,db10_amputee_loso,agency_vs_plain_conf_iso_budget,0.20,agency_margin_tau_0.20,plain_conf_threshold_matched_tau_0.20,plain_conf_threshold_iso_budget_curve,median_earliest_safe_s,db10_amputee_loso|S111,S111,ex1,0.7728571428571429,0.539047619047619,0.2338095238095239,0.2338095238095239,True,False,5,0.2,0.2,,0.0,,0.0,
db10,db10_amputee_loso,agency_vs_plain_conf_iso_budget,0.20,agency_margin_tau_0.20,plain_conf_threshold_matched_tau_0.20,plain_conf_threshold_iso_budget_curve,median_earliest_safe_s,db10_amputee_loso|S112,S112,ex1,0.7323809523809524,0.5547619047619048,0.17761904761904757,0.17761904761904757,True,False,5,0.2,0.2,,0.0,,0.0,
db10,db10_amputee_loso,agency_vs_plain_conf_iso_budget,0.20,agency_margin_tau_0.20,plain_conf_threshold_matched_tau_0.20,plain_conf_threshold_iso_budget_curve,median_earliest_safe_s,db10_amputee_loso|S113,S113,ex1,0.8397619047619047,0.5471428571428572,0.29261904761904756,0.29261904761904756,True,False,4,0.2,0.2,,0.0,,0.0,
db10,db10_amputee_loso,agency_vs_plain_conf_iso_budget,0.20,agency_margin_tau_0.20,plain_conf_threshold_matched_tau_0.20,plain_conf_threshold_iso_budget_curve,median_earliest_safe_s,db10_amputee_loso|S114,S114,ex1,0.785,0.42523809523809525,0.3597619047619048,0.3597619047619048,True,False,4,0.2,0.2,,0.0,,0.0,
db10,db10_amputee_loso,agency_vs_plain_conf_iso_budget,0.20,agency_margin_tau_0.20,plain_conf_threshold_matched_tau_0.20,plain_conf_threshold_iso_budget_curve,median_earliest_safe_s,db10_amputee_loso|S115,S115,ex1,0.9747619047619047,0.03785714285714286,0.9369047619047619,0.9369047619047619,True,False,1,0.2,0.7,,-0.49999999999999994,,0.49999999999999994,
db10,db10_amputee_loso,agency_vs_plain_conf_iso_budget,0.02,agency_margin_tau_0.02,plain_conf_threshold_matched_tau_0.02,plain_conf_threshold_iso_budget_curve,median_earliest_stable_safe_s,db10_amputee_loso|S101,S101,ex1,0.2311904761904762,0.2292857142857143,0.001904761904761909,0.001904761904761909,False,True,5,0.8,0.6,0.5981941309255079,0.20000000000000007,0.20180586907449216,-0.20000000000000007,-0.20180586907449216
db10,db10_amputee_loso,agency_vs_plain_conf_iso_budget,0.02,agency_margin_tau_0.02,plain_conf_threshold_matched_tau_0.02,plain_conf_threshold_iso_budget_curve,median_earliest_stable_safe_s,db10_amputee_loso|S102,S102,ex1,0.2180952380952381,0.01904761904761905,0.19904761904761903,0.04642857142857143,False,True,5,0.7,0.6,0.34935064935064936,0.09999999999999998,0.3506493506493506,-0.09999999999999998,-0.3506493506493506
db10,db10_amputee_loso,agency_vs_plain_conf_iso_budget,0.02,agency_margin_tau_0.02,plain_conf_threshold_matched_tau_0.02,plain_conf_threshold_iso_budget_curve,median_earliest_stable_safe_s,db10_amputee_loso|S103,S103,ex1,0.31976190476190475,0.12785714285714286,0.19190476190476188,0.029047619047619044,False,True,5,0.6,0.6,0.42629310344827587,0.0,0.1737068965517241,0.0,-0.1737068965517241
db10,db10_amputee_loso,agency_vs_plain_conf_iso_budget,0.02,agency_margin_tau_0.02,plain_conf_threshold_matched_tau_0.02,plain_conf_threshold_iso_budget_curve,median_earliest_stable_safe_s,db10_amputee_loso|S104,S104,ex1,0.21,0.09952380952380953,0.11047619047619046,0.08976190476190479,False,True,5,0.8,0.6,0.48965517241379314,0.20000000000000007,0.3103448275862069,-0.20000000000000007,-0.3103448275862069
db10,db10_amputee_loso,agency_vs_plain_conf_iso_budget,0.02,agency_margin_tau_0.02,plain_conf_threshold_matched_tau_0.02,plain_conf_threshold_iso_budget_curve,median_earliest_stable_safe_s,db10_amputee_loso|S105,S105,ex1,0.11357142857142857,0.02976190476190476,0.0838095238095238,0.07547619047619047,False,True,5,1.0,0.8,0.6947683109118087,0.19999999999999996,0.3052316890881913,-0.19999999999999996,-0.3052316890881913
db10,db10_amputee_loso,agency_vs_plain_conf_iso_budget,0.02,agency_margin_tau_0.02,plain_conf_threshold_matched_tau_0.02,plain_conf_threshold_iso_budget_curve,median_earliest_stable_safe_s,db10_amputee_loso|S106,S106,ex1,0.08761904761904762,0.11047619047619048,-0.022857142857142854,0.022857142857142854,True,False,5,1.0,0.6,,0.4,,-0.4,
db10,db10_amputee_loso,agency_vs_plain_conf_iso_budget,0.02,agency_margin_tau_0.02,plain_conf_threshold_matched_tau_0.02,plain_conf_threshold_iso_budget_curve,median_earliest_stable_safe_s,db10_amputee_loso|S107,S107,ex1,0.23976190476190476,0.02761904761904762,0.21214285714285713,0.03547619047619047,False,True,5,0.8,0.8,0.4,0.0,0.4,0.0,-0.4
db10,db10_amputee_loso,agency_vs_plain_conf_iso_budget,0.02,agency_margin_tau_0.02,plain_conf_threshold_matched_tau_0.02,plain_conf_threshold_iso_budget_curve,median_earliest_stable_safe_s,db10_amputee_loso|S108,S108,ex1,0.0,0.0038095238095238095,-0.0038095238095238095,0.2969047619047619,True,False,3,,,,,,,
db10,db10_amputee_loso,agency_vs_plain_conf_iso_budget,0.02,agency_margin_tau_0.02,plain_conf_threshold_matched_tau_0.02,plain_conf_threshold_iso_budget_curve,median_earliest_stable_safe_s,db10_amputee_loso|S109,S109,ex1,0.1895238095238095,0.09095238095238095,0.09857142857142856,0.09857142857142856,False,True,5,0.8,0.6,0.5121019108280255,0.20000000000000007,0.28789808917197457,-0.20000000000000007,-0.28789808917197457
db10,db10_amputee_loso,agency_vs_plain_conf_iso_budget,0.02,agency_margin_tau_0.02,plain_conf_threshold_matched_tau_0.02,plain_conf_threshold_iso_budget_curve,median_earliest_stable_safe_s,db10_amputee_loso|S110,S110,ex1,0.13047619047619047,0.056428571428571425,0.07404761904761904,0.07404761904761904,False,True,5,0.8,0.5,0.4698643410852713,0.30000000000000004,0.33013565891472874,-0.30000000000000004,-0.33013565891472874
db10,db10_amputee_loso,agency_vs_plain_conf_iso_budget,0.02,agency_margin_tau_0.02,plain_conf_threshold_matched_tau_0.02,plain_conf_threshold_iso_budget_curve,median_earliest_stable_safe_s,db10_amputee_loso|S111,S111,ex1,0.18071428571428572,0.04023809523809524,0.14047619047619048,0.04261904761904761,False,True,5,0.8,0.6,0.6,0.20000000000000007,0.20000000000000007,-0.20000000000000007,-0.20000000000000007
db10,db10_amputee_loso,agency_vs_plain_conf_iso_budget,0.02,agency_margin_tau_0.02,plain_conf_threshold_matched_tau_0.02,plain_conf_threshold_iso_budget_curve,median_earliest_stable_safe_s,db10_amputee_loso|S112,S112,ex1,0.3426190476190476,0.07095238095238095,0.27166666666666667,0.0811904761904762,False,True,5,0.6,0.6,0.4,0.0,0.19999999999999996,0.0,-0.19999999999999996
db10,db10_amputee_loso,agency_vs_plain_conf_iso_budget,0.02,agency_margin_tau_0.02,plain_conf_threshold_matched_tau_0.02,plain_conf_threshold_iso_budget_curve,median_earliest_stable_safe_s,db10_amputee_loso|S113,S113,ex1,0.19952380952380952,0.002619047619047619,0.1969047619047619,0.053571428571428575,False,True,4,0.8,,0.3559686888454012,,0.4440313111545988,,-0.4440313111545988
db10,db10_amputee_loso,agency_vs_plain_conf_iso_budget,0.02,agency_margin_tau_0.02,plain_conf_threshold_matched_tau_0.02,plain_conf_threshold_iso_budget_curve,median_earliest_stable_safe_s,db10_amputee_loso|S114,S114,ex1,0.13333333333333333,0.0,0.13333333333333333,0.09238095238095237,False,True,4,0.8,,0.6158956109134046,,0.18410438908659543,,-0.18410438908659543
db10,db10_amputee_loso,agency_vs_plain_conf_iso_budget,0.02,agency_margin_tau_0.02,plain_conf_threshold_matched_tau_0.02,plain_conf_threshold_iso_budget_curve,median_earliest_stable_safe_s,db10_amputee_loso|S115,S115,ex1,0.06,0.0,0.06,0.022142857142857138,True,False,1,1.0,,,,,,
db10,db10_amputee_loso,agency_vs_plain_conf_iso_budget,0.05,agency_margin_tau_0.05,plain_conf_threshold_matched_tau_0.05,plain_conf_threshold_iso_budget_curve,median_earliest_stable_safe_s,db10_amputee_loso|S101,S101,ex1,0.43857142857142856,0.44023809523809526,-0.0016666666666667052,0.0016666666666667052,False,True,5,0.4,0.4,0.4015801354401807,0.0,-0.0015801354401806522,0.0,0.0015801354401806522
db10,db10_amputee_loso,agency_vs_plain_conf_iso_budget,0.05,agency_margin_tau_0.05,plain_conf_threshold_matched_tau_0.05,plain_conf_threshold_iso_budget_curve,median_earliest_stable_safe_s,db10_amputee_loso|S102,S102,ex1,0.5464285714285714,0.17166666666666666,0.37476190476190474,0.07404761904761897,True,False,5,0.6,0.4,,0.19999999999999996,,-0.19999999999999996,
db10,db10_amputee_loso,agency_vs_plain_conf_iso_budget,0.05,agency_margin_tau_0.05,plain_conf_threshold_matched_tau_0.05,plain_conf_threshold_iso_budget_curve,median_earliest_stable_safe_s,db10_amputee_loso|S103,S103,ex1,0.5964285714285714,0.3488095238095238,0.24761904761904763,0.006190476190476191,False,True,5,0.4,0.4,0.2,0.0,0.2,0.0,-0.2
db10,db10_amputee_loso,agency_vs_plain_conf_iso_budget,0.05,agency_margin_tau_0.05,plain_conf_threshold_matched_tau_0.05,plain_conf_threshold_iso_budget_curve,median_earliest_stable_safe_s,db10_amputee_loso|S104,S104,ex1,0.439047619047619,0.2997619047619048,0.13928571428571423,0.05261904761904762,False,True,5,0.6,0.4,0.4,0.19999999999999996,0.19999999999999996,-0.19999999999999996,-0.19999999999999996
db10,db10_amputee_loso,agency_vs_plain_conf_iso_budget,0.05,agency_margin_tau_0.05,plain_conf_threshold_matched_tau_0.05,plain_conf_threshold_iso_budget_curve,median_earliest_stable_safe_s,db10_amputee_loso|S105,S105,ex1,0.28476190476190477,0.18904761904761905,0.09571428571428572,0.09571428571428572,False,True,5,0.8,0.6,0.5037125748502994,0.20000000000000007,0.29628742514970063,-0.20000000000000007,-0.29628742514970063
db10,db10_amputee_loso,agency_vs_plain_conf_iso_budget,0.05,agency_margin_tau_0.05,plain_conf_threshold_matched_tau_0.05,plain_conf_threshold_iso_budget_curve,median_earliest_stable_safe_s,db10_amputee_loso|S106,S106,ex1,0.24095238095238095,0.3607142857142857,-0.11976190476190476,0.11976190476190476,False,True,5,0.8,0.6,0.6,0.20000000000000007,0.20000000000000007,-0.20000000000000007,-0.20000000000000007
db10,db10_amputee_loso,agency_vs_plain_conf_iso_budget,0.05,agency_margin_tau_0.05,plain_conf_threshold_matched_tau_0.05,plain_conf_threshold_iso_budget_curve,median_earliest_stable_safe_s,db10_amputee_loso|S107,S107,ex1,0.4988095238095238,0.2042857142857143,0.2945238095238095,0.044047619047619,False,True,5,0.6,0.4,0.27922912205567446,0.19999999999999996,0.3207708779443255,-0.19999999999999996,-0.3207708779443255
db10,db10_amputee_loso,agency_vs_plain_conf_iso_budget,0.05,agency_margin_tau_0.05,plain_conf_threshold_matched_tau_0.05,plain_conf_threshold_iso_budget_curve,median_earliest_stable_safe_s,db10_amputee_loso|S108,S108,ex1,0.0030952380952380953,0.07761904761904762,-0.07452380952380952,0.2938095238095238,True,False,3,,,,,,,
db10,db10_amputee_loso,agency_vs_plain_conf_iso_budget,0.05,agency_margin_tau_0.05,plain_conf_threshold_matched_tau_0.05,plain_conf_threshold_iso_budget_curve,median_earliest_stable_safe_s,db10_amputee_loso|S109,S109,ex1,0.44,0.31523809523809526,0.12476190476190474,0.04857142857142854,False,True,5,0.6,0.4,0.4,0.19999999999999996,0.19999999999999996,-0.19999999999999996,-0.19999999999999996
db10,db10_amputee_loso,agency_vs_plain_conf_iso_budget,0.05,agency_margin_tau_0.05,plain_conf_threshold_matched_tau_0.05,plain_conf_threshold_iso_budget_curve,median_earliest_stable_safe_s,db10_amputee_loso|S110,S110,ex1,0.3254761904761905,0.30214285714285716,0.023333333333333317,0.023333333333333317,False,True,5,0.6,0.4,0.4,0.19999999999999996,0.19999999999999996,-0.19999999999999996,-0.19999999999999996
db10,db10_amputee_loso,agency_vs_plain_conf_iso_budget,0.05,agency_margin_tau_0.05,plain_conf_threshold_matched_tau_0.05,plain_conf_threshold_iso_budget_curve,median_earliest_stable_safe_s,db10_amputee_loso|S111,S111,ex1,0.42547619047619045,0.22333333333333333,0.20214285714285712,0.014999999999999958,False,True,5,0.6,0.6,0.36963855421686753,0.0,0.23036144578313245,0.0,-0.23036144578313245
db10,db10_amputee_loso,agency_vs_plain_conf_iso_budget,0.05,agency_margin_tau_0.05,plain_conf_threshold_matched_tau_0.05,plain_conf_threshold_iso_budget_curve,median_earliest_stable_safe_s,db10_amputee_loso|S112,S112,ex1,0.5628571428571428,0.2342857142857143,0.3285714285714285,0.008095238095238044,True,False,5,0.4,0.4,,0.0,,0.0,
db10,db10_amputee_loso,agency_vs_plain_conf_iso_budget,0.05,agency_margin_tau_0.05,plain_conf_threshold_matched_tau_0.05,plain_conf_threshold_iso_budget_curve,median_earliest_stable_safe_s,db10_amputee_loso|S113,S113,ex1,0.5719047619047619,0.14595238095238094,0.42595238095238097,0.024761904761904763,True,False,4,0.8,0.4,,0.4,,-0.4,
db10,db10_amputee_loso,agency_vs_plain_conf_iso_budget,0.05,agency_margin_tau_0.05,plain_conf_threshold_matched_tau_0.05,plain_conf_threshold_iso_budget_curve,median_earliest_stable_safe_s,db10_amputee_loso|S114,S114,ex1,0.32095238095238093,0.040952380952380955,0.27999999999999997,0.055714285714285716,False,True,4,0.6,0.8,0.28253968253968254,-0.20000000000000007,0.31746031746031744,0.20000000000000007,-0.31746031746031744
db10,db10_amputee_loso,agency_vs_plain_conf_iso_budget,0.05,agency_margin_tau_0.05,plain_conf_threshold_matched_tau_0.05,plain_conf_threshold_iso_budget_curve,median_earliest_stable_safe_s,db10_amputee_loso|S115,S115,ex1,0.20023809523809524,0.0002380952380952381,0.2,0.16238095238095238,True,False,1,0.8,,,,,,
db10,db10_amputee_loso,agency_vs_plain_conf_iso_budget,0.10,agency_margin_tau_0.10,plain_conf_threshold_matched_tau_0.10,plain_conf_threshold_iso_budget_curve,median_earliest_stable_safe_s,db10_amputee_loso|S101,S101,ex1,0.6145238095238095,0.5754761904761905,0.039047619047619,0.017142857142857237,False,True,5,0.4,0.2,0.2,0.2,0.2,-0.2,-0.2
db10,db10_amputee_loso,agency_vs_plain_conf_iso_budget,0.10,agency_margin_tau_0.10,plain_conf_threshold_matched_tau_0.10,plain_conf_threshold_iso_budget_curve,median_earliest_stable_safe_s,db10_amputee_loso|S102,S102,ex1,0.695,0.355,0.33999999999999997,0.22261904761904755,True,False,5,0.2,0.2,,0.0,,0.0,
db10,db10_amputee_loso,agency_vs_plain_conf_iso_budget,0.10,agency_margin_tau_0.10,plain_conf_threshold_matched_tau_0.10,plain_conf_threshold_iso_budget_curve,median_earliest_stable_safe_s,db10_amputee_loso|S103,S103,ex1,0.7459523809523809,0.5045238095238095,0.24142857142857144,0.12857142857142856,True,False,5,0.2,0.2,,0.0,,0.0,
db10,db10_amputee_loso,agency_vs_plain_conf_iso_budget,0.10,agency_margin_tau_0.10,plain_conf_threshold_matched_tau_0.10,plain_conf_threshold_iso_budget_curve,median_earliest_stable_safe_s,db10_amputee_loso|S104,S104,ex1,0.6073809523809524,0.49166666666666664,0.11571428571428571,0.005714285714285783,False,True,5,0.4,0.4,0.2,0.0,0.2,0.0,-0.2
db10,db10_amputee_loso,agency_vs_plain_conf_iso_budget,0.10,agency_margin_tau_0.10,plain_conf_threshold_matched_tau_0.10,plain_conf_threshold_iso_budget_curve,median_earliest_stable_safe_s,db10_amputee_loso|S105,S105,ex1,0.539047619047619,0.38785714285714284,0.15119047619047615,0.03404761904761899,True,False,5,0.6,0.4,,0.19999999999999996,,-0.19999999999999996,
db10,db10_amputee_loso,agency_vs_plain_conf_iso_budget,0.10,agency_margin_tau_0.10,plain_conf_threshold_matched_tau_0.10,plain_conf_threshold_iso_budget_curve,median_earliest_stable_safe_s,db10_amputee_loso|S106,S106,ex1,0.5230952380952381,0.5771428571428572,-0.05404761904761912,0.05404761904761912,False,True,5,0.6,0.4,0.44994499449945,0.19999999999999996,0.15005500550054995,-0.19999999999999996,-0.15005500550054995
db10,db10_amputee_loso,agency_vs_plain_conf_iso_budget,0.10,agency_margin_tau_0.10,plain_conf_threshold_matched_tau_0.10,plain_conf_threshold_iso_budget_curve,median_earliest_stable_safe_s,db10_amputee_loso|S107,S107,ex1,0.6966666666666667,0.43166666666666664,0.265,0.11357142857142855,True,False,5,0.4,0.4,,0.0,,0.0,
db10,db10_amputee_loso,agency_vs_plain_conf_iso_budget,0.10,agency_margin_tau_0.10,plain_conf_threshold_matched_tau_0.10,plain_conf_threshold_iso_budget_curve,median_earliest_stable_safe_s,db10_amputee_loso|S108,S108,ex1,0.9990476190476191,0.2969047619047619,0.7021428571428572,0.45833333333333337,True,False,3,0.2,0.2,,0.0,,0.0,
db10,db10_amputee_loso,agency_vs_plain_conf_iso_budget,0.10,agency_margin_tau_0.10,plain_conf_threshold_matched_tau_0.10,plain_conf_threshold_iso_budget_curve,median_earliest_stable_safe_s,db10_amputee_loso|S109,S109,ex1,0.6478571428571429,0.48857142857142855,0.15928571428571436,0.046666666666666745,True,False,5,0.4,0.4,,0.0,,0.0,
db10,db10_amputee_loso,agency_vs_plain_conf_iso_budget,0.10,agency_margin_tau_0.10,plain_conf_threshold_matched_tau_0.10,plain_conf_threshold_iso_budget_curve,median_earliest_stable_safe_s,db10_amputee_loso|S110,S110,ex1,0.5678571428571428,0.4990476190476191,0.06880952380952376,0.02880952380952384,False,True,5,0.6,0.4,0.3295121951219513,0.19999999999999996,0.2704878048780487,-0.19999999999999996,-0.2704878048780487
db10,db10_amputee_loso,agency_vs_plain_conf_iso_budget,0.10,agency_margin_tau_0.10,plain_conf_threshold_matched_tau_0.10,plain_conf_threshold_iso_budget_curve,median_earliest_stable_safe_s,db10_amputee_loso|S111,S111,ex1,0.6523809523809524,0.4104761904761905,0.2419047619047619,0.1133333333333334,True,False,5,0.4,0.4,,0.0,,0.0,
db10,db10_amputee_loso,agency_vs_plain_conf_iso_budget,0.10,agency_margin_tau_0.10,plain_conf_threshold_matched_tau_0.10,plain_conf_threshold_iso_budget_curve,median_earliest_stable_safe_s,db10_amputee_loso|S112,S112,ex1,0.6942857142857143,0.4238095238095238,0.2704761904761905,0.1395238095238095,True,False,5,0.4,0.4,,0.0,,0.0,
db10,db10_amputee_loso,agency_vs_plain_conf_iso_budget,0.10,agency_margin_tau_0.10,plain_conf_threshold_matched_tau_0.10,plain_conf_threshold_iso_budget_curve,median_earliest_stable_safe_s,db10_amputee_loso|S113,S113,ex1,0.775952380952381,0.3892857142857143,0.38666666666666666,0.2288095238095238,True,False,4,0.2,0.2,,0.0,,0.0,
db10,db10_amputee_loso,agency_vs_plain_conf_iso_budget,0.10,agency_margin_tau_0.10,plain_conf_threshold_matched_tau_0.10,plain_conf_threshold_iso_budget_curve,median_earliest_stable_safe_s,db10_amputee_loso|S114,S114,ex1,0.59,0.24166666666666667,0.3483333333333333,0.16476190476190472,True,False,4,0.6,0.4,,0.19999999999999996,,-0.19999999999999996,
db10,db10_amputee_loso,agency_vs_plain_conf_iso_budget,0.10,agency_margin_tau_0.10,plain_conf_threshold_matched_tau_0.10,plain_conf_threshold_iso_budget_curve,median_earliest_stable_safe_s,db10_amputee_loso|S115,S115,ex1,0.5302380952380953,0.0038095238095238095,0.5264285714285715,0.4923809523809524,True,False,1,0.4,,,,,,
db10,db10_amputee_loso,agency_vs_plain_conf_iso_budget,0.15,agency_margin_tau_0.15,plain_conf_threshold_matched_tau_0.15,plain_conf_threshold_iso_budget_curve,median_earliest_stable_safe_s,db10_amputee_loso|S101,S101,ex1,0.6935714285714286,0.6316666666666667,0.06190476190476191,0.03857142857142859,True,False,5,0.2,0.2,,0.0,,0.0,
db10,db10_amputee_loso,agency_vs_plain_conf_iso_budget,0.15,agency_margin_tau_0.15,plain_conf_threshold_matched_tau_0.15,plain_conf_threshold_iso_budget_curve,median_earliest_stable_safe_s,db10_amputee_loso|S102,S102,ex1,0.715952380952381,0.439047619047619,0.276904761904762,0.2435714285714286,True,False,5,0.2,0.2,,0.0,,0.0,
db10,db10_amputee_loso,agency_vs_plain_conf_iso_budget,0.15,agency_margin_tau_0.15,plain_conf_threshold_matched_tau_0.15,plain_conf_threshold_iso_budget_curve,median_earliest_stable_safe_s,db10_amputee_loso|S103,S103,ex1,0.758095238095238,0.5902380952380952,0.16785714285714282,0.14071428571428568,True,False,5,0.2,0.2,,0.0,,0.0,
db10,db10_amputee_loso,agency_vs_plain_conf_iso_budget,0.15,agency_margin_tau_0.15,plain_conf_threshold_matched_tau_0.15,plain_conf_threshold_iso_budget_curve,median_earliest_stable_safe_s,db10_amputee_loso|S104,S104,ex1,0.7121428571428572,0.5830952380952381,0.12904761904761908,0.09904761904761905,True,False,5,0.2,0.2,,0.0,,0.0,
db10,db10_amputee_loso,agency_vs_plain_conf_iso_budget,0.15,agency_margin_tau_0.15,plain_conf_threshold_matched_tau_0.15,plain_conf_threshold_iso_budget_curve,median_earliest_stable_safe_s,db10_amputee_loso|S105,S105,ex1,0.7038095238095238,0.4745238095238095,0.22928571428571426,0.19880952380952377,True,False,5,0.4,0.4,,0.0,,0.0,
db10,db10_amputee_loso,agency_vs_plain_conf_iso_budget,0.15,agency_margin_tau_0.15,plain_conf_threshold_matched_tau_0.15,plain_conf_threshold_iso_budget_curve,median_earliest_stable_safe_s,db10_amputee_loso|S106,S106,ex1,0.7019047619047619,0.6716666666666666,0.030238095238095286,0.00023809523809525945,True,False,5,0.4,0.2,,0.2,,-0.2,
db10,db10_amputee_loso,agency_vs_plain_conf_iso_budget,0.15,agency_margin_tau_0.15,plain_conf_threshold_matched_tau_0.15,plain_conf_threshold_iso_budget_curve,median_earliest_stable_safe_s,db10_amputee_loso|S107,S107,ex1,0.784047619047619,0.5428571428571428,0.24119047619047618,0.20095238095238088,True,False,5,0.2,0.2,,0.0,,0.0,
db10,db10_amputee_loso,agency_vs_plain_conf_iso_budget,0.15,agency_margin_tau_0.15,plain_conf_threshold_matched_tau_0.15,plain_conf_threshold_iso_budget_curve,median_earliest_stable_safe_s,db10_amputee_loso|S108,S108,ex1,1.0,0.4780952380952381,0.5219047619047619,0.4592857142857143,True,False,3,0.2,0.2,,0.0,,0.0,
db10,db10_amputee_loso,agency_vs_plain_conf_iso_budget,0.15,agency_margin_tau_0.15,plain_conf_threshold_matched_tau_0.15,plain_conf_threshold_iso_budget_curve,median_earliest_stable_safe_s,db10_amputee_loso|S109,S109,ex1,0.7173809523809523,0.574047619047619,0.1433333333333333,0.11619047619047618,True,False,5,0.2,0.2,,0.0,,0.0,
db10,db10_amputee_loso,agency_vs_plain_conf_iso_budget,0.15,agency_margin_tau_0.15,plain_conf_threshold_matched_tau_0.15,plain_conf_threshold_iso_budget_curve,median_earliest_stable_safe_s,db10_amputee_loso|S110,S110,ex1,0.7326190476190476,0.5966666666666667,0.13595238095238094,0.10595238095238091,True,False,5,0.4,0.30000000000000004,,0.09999999999999998,,-0.09999999999999998,
db10,db10_amputee_loso,agency_vs_plain_conf_iso_budget,0.15,agency_margin_tau_0.15,plain_conf_threshold_matched_tau_0.15,plain_conf_threshold_iso_budget_curve,median_earliest_stable_safe_s,db10_amputee_loso|S111,S111,ex1,0.7583333333333333,0.5092857142857142,0.24904761904761907,0.2192857142857143,True,False,5,0.2,0.2,,0.0,,0.0,
db10,db10_amputee_loso,agency_vs_plain_conf_iso_budget,0.15,agency_margin_tau_0.15,plain_conf_threshold_matched_tau_0.15,plain_conf_threshold_iso_budget_curve,median_earliest_stable_safe_s,db10_amputee_loso|S112,S112,ex1,0.7283333333333334,0.5228571428571429,0.20547619047619048,0.1735714285714286,True,False,5,0.2,0.2,,0.0,,0.0,
db10,db10_amputee_loso,agency_vs_plain_conf_iso_budget,0.15,agency_margin_tau_0.15,plain_conf_threshold_matched_tau_0.15,plain_conf_threshold_iso_budget_curve,median_earliest_stable_safe_s,db10_amputee_loso|S113,S113,ex1,0.8292857142857143,0.5052380952380953,0.32404761904761903,0.28214285714285714,True,False,4,0.2,0.2,,0.0,,0.0,
db10,db10_amputee_loso,agency_vs_plain_conf_iso_budget,0.15,agency_margin_tau_0.15,plain_conf_threshold_matched_tau_0.15,plain_conf_threshold_iso_budget_curve,median_earliest_stable_safe_s,db10_amputee_loso|S114,S114,ex1,0.7402380952380953,0.37666666666666665,0.3635714285714286,0.315,True,False,4,0.2,0.2,,0.0,,0.0,
db10,db10_amputee_loso,agency_vs_plain_conf_iso_budget,0.15,agency_margin_tau_0.15,plain_conf_threshold_matched_tau_0.15,plain_conf_threshold_iso_budget_curve,median_earliest_stable_safe_s,db10_amputee_loso|S115,S115,ex1,0.8811904761904762,0.012380952380952381,0.8688095238095238,0.8433333333333334,True,False,1,0.4,,,,,,
db10,db10_amputee_loso,agency_vs_plain_conf_iso_budget,0.20,agency_margin_tau_0.20,plain_conf_threshold_matched_tau_0.20,plain_conf_threshold_iso_budget_curve,median_earliest_stable_safe_s,db10_amputee_loso|S101,S101,ex1,0.7235714285714285,0.655,0.0685714285714285,0.0685714285714285,True,False,5,0.2,0.2,,0.0,,0.0,
db10,db10_amputee_loso,agency_vs_plain_conf_iso_budget,0.20,agency_margin_tau_0.20,plain_conf_threshold_matched_tau_0.20,plain_conf_threshold_iso_budget_curve,median_earliest_stable_safe_s,db10_amputee_loso|S102,S102,ex1,0.719047619047619,0.4723809523809524,0.24666666666666665,0.24666666666666665,True,False,5,0.2,0.2,,0.0,,0.0,
db10,db10_amputee_loso,agency_vs_plain_conf_iso_budget,0.20,agency_margin_tau_0.20,plain_conf_threshold_matched_tau_0.20,plain_conf_threshold_iso_budget_curve,median_earliest_stable_safe_s,db10_amputee_loso|S103,S103,ex1,0.7588095238095238,0.6173809523809524,0.14142857142857146,0.14142857142857146,True,False,5,0.2,0.2,,0.0,,0.0,
db10,db10_amputee_loso,agency_vs_plain_conf_iso_budget,0.20,agency_margin_tau_0.20,plain_conf_threshold_matched_tau_0.20,plain_conf_threshold_iso_budget_curve,median_earliest_stable_safe_s,db10_amputee_loso|S104,S104,ex1,0.7547619047619047,0.6130952380952381,0.1416666666666666,0.1416666666666666,True,False,5,0.2,0.2,,0.0,,0.0,
db10,db10_amputee_loso,agency_vs_plain_conf_iso_budget,0.20,agency_margin_tau_0.20,plain_conf_threshold_matched_tau_0.20,plain_conf_threshold_iso_budget_curve,median_earliest_stable_safe_s,db10_amputee_loso|S105,S105,ex1,0.7504761904761905,0.505,0.24547619047619051,0.24547619047619051,True,False,5,0.4,0.4,,0.0,,0.0,
db10,db10_amputee_loso,agency_vs_plain_conf_iso_budget,0.20,agency_margin_tau_0.20,plain_conf_threshold_matched_tau_0.20,plain_conf_threshold_iso_budget_curve,median_earliest_stable_safe_s,db10_amputee_loso|S106,S106,ex1,0.7995238095238095,0.7016666666666667,0.09785714285714286,0.09785714285714286,True,False,5,0.2,0.2,,0.0,,0.0,
db10,db10_amputee_loso,agency_vs_plain_conf_iso_budget,0.20,agency_margin_tau_0.20,plain_conf_threshold_matched_tau_0.20,plain_conf_threshold_iso_budget_curve,median_earliest_stable_safe_s,db10_amputee_loso|S107,S107,ex1,0.8142857142857143,0.5830952380952381,0.23119047619047617,0.23119047619047617,True,False,5,0.2,0.2,,0.0,,0.0,
db10,db10_amputee_loso,agency_vs_plain_conf_iso_budget,0.20,agency_margin_tau_0.20,plain_conf_threshold_matched_tau_0.20,plain_conf_threshold_iso_budget_curve,median_earliest_stable_safe_s,db10_amputee_loso|S108,S108,ex1,1.0,0.5407142857142857,0.4592857142857143,0.4592857142857143,True,False,3,0.2,0.2,,0.0,,0.0,
db10,db10_amputee_loso,agency_vs_plain_conf_iso_budget,0.20,agency_margin_tau_0.20,plain_conf_threshold_matched_tau_0.20,plain_conf_threshold_iso_budget_curve,median_earliest_stable_safe_s,db10_amputee_loso|S109,S109,ex1,0.7297619047619047,0.6011904761904762,0.12857142857142856,0.12857142857142856,True,False,5,0.2,0.2,,0.0,,0.0,
db10,db10_amputee_loso,agency_vs_plain_conf_iso_budget,0.20,agency_margin_tau_0.20,plain_conf_threshold_matched_tau_0.20,plain_conf_threshold_iso_budget_curve,median_earliest_stable_safe_s,db10_amputee_loso|S110,S110,ex1,0.8252380952380952,0.6266666666666667,0.1985714285714285,0.1985714285714285,True,False,5,0.2,0.2,,0.0,,0.0,
db10,db10_amputee_loso,agency_vs_plain_conf_iso_budget,0.20,agency_margin_tau_0.20,plain_conf_threshold_matched_tau_0.20,plain_conf_threshold_iso_budget_curve,median_earliest_stable_safe_s,db10_amputee_loso|S111,S111,ex1,0.7728571428571429,0.539047619047619,0.2338095238095239,0.2338095238095239,True,False,5,0.2,0.2,,0.0,,0.0,
db10,db10_amputee_loso,agency_vs_plain_conf_iso_budget,0.20,agency_margin_tau_0.20,plain_conf_threshold_matched_tau_0.20,plain_conf_threshold_iso_budget_curve,median_earliest_stable_safe_s,db10_amputee_loso|S112,S112,ex1,0.7323809523809524,0.5547619047619048,0.17761904761904757,0.17761904761904757,True,False,5,0.2,0.2,,0.0,,0.0,
db10,db10_amputee_loso,agency_vs_plain_conf_iso_budget,0.20,agency_margin_tau_0.20,plain_conf_threshold_matched_tau_0.20,plain_conf_threshold_iso_budget_curve,median_earliest_stable_safe_s,db10_amputee_loso|S113,S113,ex1,0.8397619047619047,0.5471428571428572,0.29261904761904756,0.29261904761904756,True,False,4,0.2,0.2,,0.0,,0.0,
db10,db10_amputee_loso,agency_vs_plain_conf_iso_budget,0.20,agency_margin_tau_0.20,plain_conf_threshold_matched_tau_0.20,plain_conf_threshold_iso_budget_curve,median_earliest_stable_safe_s,db10_amputee_loso|S114,S114,ex1,0.785,0.42523809523809525,0.3597619047619048,0.3597619047619048,True,False,4,0.2,0.2,,0.0,,0.0,
db10,db10_amputee_loso,agency_vs_plain_conf_iso_budget,0.20,agency_margin_tau_0.20,plain_conf_threshold_matched_tau_0.20,plain_conf_threshold_iso_budget_curve,median_earliest_stable_safe_s,db10_amputee_loso|S115,S115,ex1,0.9747619047619047,0.03785714285714286,0.9369047619047619,0.9369047619047619,True,False,1,0.2,1.0,,-0.8,,0.8,
db10,db10_amputee_loso,agency_vs_plain_conf_iso_budget,0.02,agency_margin_tau_0.02,plain_conf_threshold_matched_tau_0.02,plain_conf_threshold_iso_budget_curve,safe_episode_rate,db10_amputee_loso|S101,S101,ex1,0.2311904761904762,0.2292857142857143,0.001904761904761909,0.001904761904761909,False,True,5,0.5190476190476191,0.21071428571428572,0.21339084166397937,0.30833333333333335,0.3056567773836397,0.30833333333333335,0.3056567773836397
db10,db10_amputee_loso,agency_vs_plain_conf_iso_budget,0.02,agency_margin_tau_0.02,plain_conf_threshold_matched_tau_0.02,plain_conf_threshold_iso_budget_curve,safe_episode_rate,db10_amputee_loso|S102,S102,ex1,0.2180952380952381,0.01904761904761905,0.19904761904761903,0.04642857142857143,False,True,5,0.44047619047619047,0.03333333333333333,0.3289192949907236,0.40714285714285714,0.11155689548546688,0.40714285714285714,0.11155689548546688
db10,db10_amputee_loso,agency_vs_plain_conf_iso_budget,0.02,agency_margin_tau_0.02,plain_conf_threshold_matched_tau_0.02,plain_conf_threshold_iso_budget_curve,safe_episode_rate,db10_amputee_loso|S103,S103,ex1,0.31976190476190475,0.12785714285714286,0.19190476190476188,0.029047619047619044,False,True,5,0.6202380952380953,0.1619047619047619,0.4276349548440066,0.45833333333333337,0.19260314039408866,0.45833333333333337,0.19260314039408866
db10,db10_amputee_loso,agency_vs_plain_conf_iso_budget,0.02,agency_margin_tau_0.02,plain_conf_threshold_matched_tau_0.02,plain_conf_threshold_iso_budget_curve,safe_episode_rate,db10_amputee_loso|S104,S104,ex1,0.21,0.09952380952380953,0.11047619047619046,0.08976190476190479,False,True,5,0.45714285714285713,0.09047619047619047,0.20016420361247944,0.36666666666666664,0.2569786535303777,0.36666666666666664,0.2569786535303777
db10,db10_amputee_loso,agency_vs_plain_conf_iso_budget,0.02,agency_margin_tau_0.02,plain_conf_threshold_matched_tau_0.02,plain_conf_threshold_iso_budget_curve,safe_episode_rate,db10_amputee_loso|S105,S105,ex1,0.11357142857142857,0.02976190476190476,0.0838095238095238,0.07547619047619047,False,True,5,0.2226190476190476,0.01904761904761905,0.09421311125346998,0.20357142857142857,0.12840593636557762,0.20357142857142857,0.12840593636557762
db10,db10_amputee_loso,agency_vs_plain_conf_iso_budget,0.02,agency_margin_tau_0.02,plain_conf_threshold_matched_tau_0.02,plain_conf_threshold_iso_budget_curve,safe_episode_rate,db10_amputee_loso|S106,S106,ex1,0.08761904761904762,0.11047619047619048,-0.022857142857142854,0.022857142857142854,True,False,5,0.23214285714285715,0.034523809523809526,,0.19761904761904764,,0.19761904761904764,
db10,db10_amputee_loso,agency_vs_plain_conf_iso_budget,0.02,agency_margin_tau_0.02,plain_conf_threshold_matched_tau_0.02,plain_conf_threshold_iso_budget_curve,safe_episode_rate,db10_amputee_loso|S107,S107,ex1,0.23976190476190476,0.02761904761904762,0.21214285714285713,0.03547619047619047,False,True,5,0.44642857142857145,0.02142857142857143,0.2170194465220643,0.42500000000000004,0.22940912490650714,0.42500000000000004,0.22940912490650714
db10,db10_amputee_loso,agency_vs_plain_conf_iso_budget,0.02,agency_margin_tau_0.02,plain_conf_threshold_matched_tau_0.02,plain_conf_threshold_iso_budget_curve,safe_episode_rate,db10_amputee_loso|S108,S108,ex1,0.0,0.0038095238095238095,-0.0038095238095238095,0.0038095238095238095,True,False,5,0.0,0.0,,0.0,,0.0,
db10,db10_amputee_loso,agency_vs_plain_conf_iso_budget,0.02,agency_margin_tau_0.02,plain_conf_threshold_matched_tau_0.02,plain_conf_threshold_iso_budget_curve,safe_episode_rate,db10_amputee_loso|S109,S109,ex1,0.1895238095238095,0.09095238095238095,0.09857142857142856,0.09857142857142856,False,True,5,0.44047619047619047,0.10238095238095238,0.24573855019714888,0.3380952380952381,0.19473764027904159,0.3380952380952381,0.19473764027904159
db10,db10_amputee_loso,agency_vs_plain_conf_iso_budget,0.02,agency_margin_tau_0.02,plain_conf_threshold_matched_tau_0.02,plain_conf_threshold_iso_budget_curve,safe_episode_rate,db10_amputee_loso|S110,S110,ex1,0.13047619047619047,0.056428571428571425,0.07404761904761904,0.07404761904761904,False,True,5,0.2619047619047619,0.02857142857142857,0.0726986434108527,0.23333333333333334,0.18920611849390923,0.23333333333333334,0.18920611849390923
db10,db10_amputee_loso,agency_vs_plain_conf_iso_budget,0.02,agency_margin_tau_0.02,plain_conf_threshold_matched_tau_0.02,plain_conf_threshold_iso_budget_curve,safe_episode_rate,db10_amputee_loso|S111,S111,ex1,0.18071428571428572,0.04023809523809524,0.14047619047619048,0.04261904761904761,False,True,5,0.38571428571428573,0.02142857142857143,0.1730478667409747,0.3642857142857143,0.21266641897331104,0.3642857142857143,0.21266641897331104
db10,db10_amputee_loso,agency_vs_plain_conf_iso_budget,0.02,agency_margin_tau_0.02,plain_conf_threshold_matched_tau_0.02,plain_conf_threshold_iso_budget_curve,safe_episode_rate,db10_amputee_loso|S112,S112,ex1,0.3426190476190476,0.07095238095238095,0.27166666666666667,0.0811904761904762,False,True,5,0.5904761904761905,0.08571428571428572,0.4529268365637712,0.5047619047619047,0.1375493539124193,0.5047619047619047,0.1375493539124193
db10,db10_amputee_loso,agency_vs_plain_conf_iso_budget,0.02,agency_margin_tau_0.02,plain_conf_threshold_matched_tau_0.02,plain_conf_threshold_iso_budget_curve,safe_episode_rate,db10_amputee_loso|S113,S113,ex1,0.19952380952380952,0.002619047619047619,0.1969047619047619,0.053571428571428575,False,True,5,0.3630952380952381,0.0,0.14540816326530612,0.3630952380952381,0.21768707482993196,0.3630952380952381,0.21768707482993196
db10,db10_amputee_loso,agency_vs_plain_conf_iso_budget,0.02,agency_margin_tau_0.02,plain_conf_threshold_matched_tau_0.02,plain_conf_threshold_iso_budget_curve,safe_episode_rate,db10_amputee_loso|S114,S114,ex1,0.13333333333333333,0.0,0.13333333333333333,0.09238095238095237,False,True,5,0.3142857142857143,0.0,0.18637942721572615,0.3142857142857143,0.12790628706998813,0.3142857142857143,0.12790628706998813
db10,db10_amputee_loso,agency_vs_plain_conf_iso_budget,0.02,agency_margin_tau_0.02,plain_conf_threshold_matched_tau_0.02,plain_conf_threshold_iso_budget_curve,safe_episode_rate,db10_amputee_loso|S115,S115,ex1,0.06,0.0,0.06,0.022142857142857138,True,False,5,0.017857142857142856,0.0,,0.017857142857142856,,0.017857142857142856,
db10,db10_amputee_loso,agency_vs_plain_conf_iso_budget,0.05,agency_margin_tau_0.05,plain_conf_threshold_matched_tau_0.05,plain_conf_threshold_iso_budget_curve,safe_episode_rate,db10_amputee_loso|S101,S101,ex1,0.43857142857142856,0.44023809523809526,-0.0016666666666667052,0.0016666666666667052,False,True,5,0.7166666666666667,0.5071428571428571,0.5048008706868751,0.20952380952380956,0.2118657959797916,0.20952380952380956,0.2118657959797916
db10,db10_amputee_loso,agency_vs_plain_conf_iso_budget,0.05,agency_margin_tau_0.05,plain_conf_threshold_matched_tau_0.05,plain_conf_threshold_iso_budget_curve,safe_episode_rate,db10_amputee_loso|S102,S102,ex1,0.5464285714285714,0.17166666666666666,0.37476190476190474,0.07404761904761897,True,False,5,0.6488095238095238,0.2785714285714286,,0.37023809523809526,,0.37023809523809526,
db10,db10_amputee_loso,agency_vs_plain_conf_iso_budget,0.05,agency_margin_tau_0.05,plain_conf_threshold_matched_tau_0.05,plain_conf_threshold_iso_budget_curve,safe_episode_rate,db10_amputee_loso|S103,S103,ex1,0.5964285714285714,0.3488095238095238,0.24761904761904763,0.006190476190476191,False,True,5,0.7892857142857143,0.46785714285714286,0.6995822890559733,0.3214285714285714,0.08970342522974095,0.3214285714285714,0.08970342522974095
db10,db10_amputee_loso,agency_vs_plain_conf_iso_budget,0.05,agency_margin_tau_0.05,plain_conf_threshold_matched_tau_0.05,plain_conf_threshold_iso_budget_curve,safe_episode_rate,db10_amputee_loso|S104,S104,ex1,0.439047619047619,0.2997619047619048,0.13928571428571423,0.05261904761904762,False,True,5,0.5952380952380952,0.2892857142857143,0.465552995391705,0.3059523809523809,0.1296850998463902,0.3059523809523809,0.1296850998463902
db10,db10_amputee_loso,agency_vs_plain_conf_iso_budget,0.05,agency_margin_tau_0.05,plain_conf_threshold_matched_tau_0.05,plain_conf_threshold_iso_budget_curve,safe_episode_rate,db10_amputee_loso|S105,S105,ex1,0.28476190476190477,0.18904761904761905,0.09571428571428572,0.09571428571428572,False,True,5,0.43214285714285716,0.1619047619047619,0.2828371827773026,0.2702380952380953,0.14930567436555459,0.2702380952380953,0.14930567436555459
db10,db10_amputee_loso,agency_vs_plain_conf_iso_budget,0.05,agency_margin_tau_0.05,plain_conf_threshold_matched_tau_0.05,plain_conf_threshold_iso_budget_curve,safe_episode_rate,db10_amputee_loso|S106,S106,ex1,0.24095238095238095,0.3607142857142857,-0.11976190476190476,0.11976190476190476,False,True,5,0.4845238095238095,0.21071428571428572,0.12639096552036605,0.27380952380952384,0.3581328440034435,0.27380952380952384,0.3581328440034435
db10,db10_amputee_loso,agency_vs_plain_conf_iso_budget,0.05,agency_margin_tau_0.05,plain_conf_threshold_matched_tau_0.05,plain_conf_threshold_iso_budget_curve,safe_episode_rate,db10_amputee_loso|S107,S107,ex1,0.4988095238095238,0.2042857142857143,0.2945238095238095,0.044047619047619,False,True,5,0.6107142857142858,0.17857142857142858,0.48179106760477214,0.43214285714285716,0.12892321810951363,0.43214285714285716,0.12892321810951363
db10,db10_amputee_loso,agency_vs_plain_conf_iso_budget,0.05,agency_margin_tau_0.05,plain_conf_threshold_matched_tau_0.05,plain_conf_threshold_iso_budget_curve,safe_episode_rate,db10_amputee_loso|S108,S108,ex1,0.0030952380952380953,0.07761904761904762,-0.07452380952380952,0.0007142857142857142,True,False,5,0.0011904761904761906,0.0,,0.0011904761904761906,,0.0011904761904761906,
db10,db10_amputee_loso,agency_vs_plain_conf_iso_budget,0.05,agency_margin_tau_0.05,plain_conf_threshold_matched_tau_0.05,plain_conf_threshold_iso_budget_curve,safe_episode_rate,db10_amputee_loso|S109,S109,ex1,0.44,0.31523809523809526,0.12476190476190474,0.04857142857142854,False,True,5,0.7214285714285714,0.42857142857142855,0.5930926216640502,0.29285714285714287,0.12833594976452123,0.29285714285714287,0.12833594976452123
db10,db10_amputee_loso,agency_vs_plain_conf_iso_budget,0.05,agency_margin_tau_0.05,plain_conf_threshold_matched_tau_0.05,plain_conf_threshold_iso_budget_curve,safe_episode_rate,db10_amputee_loso|S110,S110,ex1,0.3254761904761905,0.30214285714285716,0.023333333333333317,0.023333333333333317,False,True,5,0.4630952380952381,0.175,0.20081620314389356,0.2880952380952381,0.2622790349513445,0.2880952380952381,0.2622790349513445
db10,db10_amputee_loso,agency_vs_plain_conf_iso_budget,0.05,agency_margin_tau_0.05,plain_conf_threshold_matched_tau_0.05,plain_conf_threshold_iso_budget_curve,safe_episode_rate,db10_amputee_loso|S111,S111,ex1,0.42547619047619045,0.22333333333333333,0.20214285714285712,0.014999999999999958,False,True,5,0.6226190476190476,0.21904761904761905,0.5431784279977051,0.4035714285714286,0.07944061962134252,0.4035714285714286,0.07944061962134252
db10,db10_amputee_loso,agency_vs_plain_conf_iso_budget,0.05,agency_margin_tau_0.05,plain_conf_threshold_matched_tau_0.05,plain_conf_threshold_iso_budget_curve,safe_episode_rate,db10_amputee_loso|S112,S112,ex1,0.5628571428571428,0.2342857142857143,0.3285714285714285,0.008095238095238044,True,False,5,0.7083333333333334,0.3392857142857143,,0.36904761904761907,,0.36904761904761907,
db10,db10_amputee_loso,agency_vs_plain_conf_iso_budget,0.05,agency_margin_tau_0.05,plain_conf_threshold_matched_tau_0.05,plain_conf_threshold_iso_budget_curve,safe_episode_rate,db10_amputee_loso|S113,S113,ex1,0.5719047619047619,0.14595238095238094,0.42595238095238097,0.024761904761904763,True,False,5,0.49047619047619045,0.10714285714285714,,0.3833333333333333,,0.3833333333333333,
db10,db10_amputee_loso,agency_vs_plain_conf_iso_budget,0.05,agency_margin_tau_0.05,plain_conf_threshold_matched_tau_0.05,plain_conf_threshold_iso_budget_curve,safe_episode_rate,db10_amputee_loso|S114,S114,ex1,0.32095238095238093,0.040952380952380955,0.27999999999999997,0.055714285714285716,False,True,5,0.5619047619047619,0.0630952380952381,0.4267384731670446,0.4988095238095238,0.1351662887377173,0.4988095238095238,0.1351662887377173
db10,db10_amputee_loso,agency_vs_plain_conf_iso_budget,0.05,agency_margin_tau_0.05,plain_conf_threshold_matched_tau_0.05,plain_conf_threshold_iso_budget_curve,safe_episode_rate,db10_amputee_loso|S115,S115,ex1,0.20023809523809524,0.0002380952380952381,0.2,0.16238095238095238,True,False,5,0.016666666666666666,0.0,,0.016666666666666666,,0.016666666666666666,
db10,db10_amputee_loso,agency_vs_plain_conf_iso_budget,0.10,agency_margin_tau_0.10,plain_conf_threshold_matched_tau_0.10,plain_conf_threshold_iso_budget_curve,safe_episode_rate,db10_amputee_loso|S101,S101,ex1,0.6145238095238095,0.5754761904761905,0.039047619047619,0.017142857142857237,False,True,5,0.8238095238095238,0.7166666666666667,0.7522397094430993,0.1071428571428571,0.07156981436642451,0.1071428571428571,0.07156981436642451
db10,db10_amputee_loso,agency_vs_plain_conf_iso_budget,0.10,agency_margin_tau_0.10,plain_conf_threshold_matched_tau_0.10,plain_conf_threshold_iso_budget_curve,safe_episode_rate,db10_amputee_loso|S102,S102,ex1,0.695,0.355,0.33999999999999997,0.22261904761904755,True,False,5,0.6821428571428572,0.4773809523809524,,0.20476190476190476,,0.20476190476190476,
db10,db10_amputee_loso,agency_vs_plain_conf_iso_budget,0.10,agency_margin_tau_0.10,plain_conf_threshold_matched_tau_0.10,plain_conf_threshold_iso_budget_curve,safe_episode_rate,db10_amputee_loso|S103,S103,ex1,0.7459523809523809,0.5045238095238095,0.24142857142857144,0.12857142857142856,True,False,5,0.7821428571428571,0.6333333333333333,,0.14880952380952384,,0.14880952380952384,
db10,db10_amputee_loso,agency_vs_plain_conf_iso_budget,0.10,agency_margin_tau_0.10,plain_conf_threshold_matched_tau_0.10,plain_conf_threshold_iso_budget_curve,safe_episode_rate,db10_amputee_loso|S104,S104,ex1,0.6073809523809524,0.49166666666666664,0.11571428571428571,0.005714285714285783,False,True,5,0.6988095238095238,0.5321428571428571,0.6419501133786848,0.16666666666666663,0.056859410430838975,0.16666666666666663,0.056859410430838975
db10,db10_amputee_loso,agency_vs_plain_conf_iso_budget,0.10,agency_margin_tau_0.10,plain_conf_threshold_matched_tau_0.10,plain_conf_threshold_iso_budget_curve,safe_episode_rate,db10_amputee_loso|S105,S105,ex1,0.539047619047619,0.38785714285714284,0.15119047619047615,0.03404761904761899,True,False,5,0.6488095238095238,0.41309523809523807,,0.23571428571428577,,0.23571428571428577,
db10,db10_amputee_loso,agency_vs_plain_conf_iso_budget,0.10,agency_margin_tau_0.10,plain_conf_threshold_matched_tau_0.10,plain_conf_threshold_iso_budget_curve,safe_episode_rate,db10_amputee_loso|S106,S106,ex1,0.5230952380952381,0.5771428571428572,-0.05404761904761912,0.05404761904761912,False,True,5,0.7083333333333334,0.5083333333333333,0.4340104248520089,0.20000000000000007,0.27432290848132446,0.20000000000000007,0.27432290848132446
db10,db10_amputee_loso,agency_vs_plain_conf_iso_budget,0.10,agency_margin_tau_0.10,plain_conf_threshold_matched_tau_0.10,plain_conf_threshold_iso_budget_curve,safe_episode_rate,db10_amputee_loso|S107,S107,ex1,0.6966666666666667,0.43166666666666664,0.265,0.11357142857142855,True,False,5,0.6642857142857143,0.425,,0.23928571428571427,,0.23928571428571427,
db10,db10_amputee_loso,agency_vs_plain_conf_iso_budget,0.10,agency_margin_tau_0.10,plain_conf_threshold_matched_tau_0.10,plain_conf_threshold_iso_budget_curve,safe_episode_rate,db10_amputee_loso|S108,S108,ex1,0.9990476190476191,0.2969047619047619,0.7021428571428572,0.45833333333333337,True,False,5,0.5035714285714286,0.27976190476190477,,0.2238095238095238,,0.2238095238095238,
db10,db10_amputee_loso,agency_vs_plain_conf_iso_budget,0.10,agency_margin_tau_0.10,plain_conf_threshold_matched_tau_0.10,plain_conf_threshold_iso_budget_curve,safe_episode_rate,db10_amputee_loso|S109,S109,ex1,0.6478571428571429,0.48857142857142855,0.15928571428571436,0.046666666666666745,True,False,5,0.8071428571428572,0.6571428571428571,,0.15000000000000002,,0.15000000000000002,
db10,db10_amputee_loso,agency_vs_plain_conf_iso_budget,0.10,agency_margin_tau_0.10,plain_conf_threshold_matched_tau_0.10,plain_conf_threshold_iso_budget_curve,safe_episode_rate,db10_amputee_loso|S110,S110,ex1,0.5678571428571428,0.4990476190476191,0.06880952380952376,0.02880952380952384,False,True,5,0.5833333333333334,0.39285714285714285,0.4650232288037166,0.19047619047619052,0.11831010452961677,0.19047619047619052,0.11831010452961677
db10,db10_amputee_loso,agency_vs_plain_conf_iso_budget,0.10,agency_margin_tau_0.10,plain_conf_threshold_matched_tau_0.10,plain_conf_threshold_iso_budget_curve,safe_episode_rate,db10_amputee_loso|S111,S111,ex1,0.6523809523809524,0.4104761904761905,0.2419047619047619,0.1133333333333334,True,False,5,0.7869047619047619,0.5261904761904762,,0.2607142857142857,,0.2607142857142857,
db10,db10_amputee_loso,agency_vs_plain_conf_iso_budget,0.10,agency_margin_tau_0.10,plain_conf_threshold_matched_tau_0.10,plain_conf_threshold_iso_budget_curve,safe_episode_rate,db10_amputee_loso|S112,S112,ex1,0.6942857142857143,0.4238095238095238,0.2704761904761905,0.1395238095238095,True,False,5,0.7380952380952381,0.5380952380952381,,0.20000000000000007,,0.20000000000000007,
db10,db10_amputee_loso,agency_vs_plain_conf_iso_budget,0.10,agency_margin_tau_0.10,plain_conf_threshold_matched_tau_0.10,plain_conf_threshold_iso_budget_curve,safe_episode_rate,db10_amputee_loso|S113,S113,ex1,0.775952380952381,0.3892857142857143,0.38666666666666666,0.2288095238095238,True,False,5,0.48928571428571427,0.28095238095238095,,0.20833333333333331,,0.20833333333333331,
db10,db10_amputee_loso,agency_vs_plain_conf_iso_budget,0.10,agency_margin_tau_0.10,plain_conf_threshold_matched_tau_0.10,plain_conf_threshold_iso_budget_curve,safe_episode_rate,db10_amputee_loso|S114,S114,ex1,0.59,0.24166666666666667,0.3483333333333333,0.16476190476190472,True,False,5,0.7380952380952381,0.33095238095238094,,0.4071428571428572,,0.4071428571428572,
db10,db10_amputee_loso,agency_vs_plain_conf_iso_budget,0.10,agency_margin_tau_0.10,plain_conf_threshold_matched_tau_0.10,plain_conf_threshold_iso_budget_curve,safe_episode_rate,db10_amputee_loso|S115,S115,ex1,0.5302380952380953,0.0038095238095238095,0.5264285714285715,0.4923809523809524,True,False,5,0.034523809523809526,0.0,,0.034523809523809526,,0.034523809523809526,
db10,db10_amputee_loso,agency_vs_plain_conf_iso_budget,0.15,agency_margin_tau_0.15,plain_conf_threshold_matched_tau_0.15,plain_conf_threshold_iso_budget_curve,safe_episode_rate,db10_amputee_loso|S101,S101,ex1,0.6935714285714286,0.6316666666666667,0.06190476190476191,0.03857142857142859,True,False,5,0.8273809523809523,0.7678571428571429,,0.05952380952380942,,0.05952380952380942,
db10,db10_amputee_loso,agency_vs_plain_conf_iso_budget,0.15,agency_margin_tau_0.15,plain_conf_threshold_matched_tau_0.15,plain_conf_threshold_iso_budget_curve,safe_episode_rate,db10_amputee_loso|S102,S102,ex1,0.715952380952381,0.439047619047619,0.276904761904762,0.2435714285714286,True,False,5,0.6797619047619048,0.5428571428571428,,0.13690476190476197,,0.13690476190476197,
db10,db10_amputee_loso,agency_vs_plain_conf_iso_budget,0.15,agency_margin_tau_0.15,plain_conf_threshold_matched_tau_0.15,plain_conf_threshold_iso_budget_curve,safe_episode_rate,db10_amputee_loso|S103,S103,ex1,0.758095238095238,0.5902380952380952,0.16785714285714282,0.14071428571428568,True,False,5,0.7821428571428571,0.6952380952380952,,0.08690476190476193,,0.08690476190476193,
db10,db10_amputee_loso,agency_vs_plain_conf_iso_budget,0.15,agency_margin_tau_0.15,plain_conf_threshold_matched_tau_0.15,plain_conf_threshold_iso_budget_curve,safe_episode_rate,db10_amputee_loso|S104,S104,ex1,0.7121428571428572,0.5830952380952381,0.12904761904761908,0.09904761904761905,True,False,5,0.7273809523809524,0.6178571428571429,,0.10952380952380947,,0.10952380952380947,
db10,db10_amputee_loso,agency_vs_plain_conf_iso_budget,0.15,agency_margin_tau_0.15,plain_conf_threshold_matched_tau_0.15,plain_conf_threshold_iso_budget_curve,safe_episode_rate,db10_amputee_loso|S105,S105,ex1,0.7038095238095238,0.4745238095238095,0.22928571428571426,0.19880952380952377,True,False,5,0.6952380952380952,0.5238095238095238,,0.17142857142857137,,0.17142857142857137,
db10,db10_amputee_loso,agency_vs_plain_conf_iso_budget,0.15,agency_margin_tau_0.15,plain_conf_threshold_matched_tau_0.15,plain_conf_threshold_iso_budget_curve,safe_episode_rate,db10_amputee_loso|S106,S106,ex1,0.7019047619047619,0.6716666666666666,0.030238095238095286,0.00023809523809525945,True,False,5,0.7404761904761905,0.6202380952380953,,0.12023809523809526,,0.12023809523809526,
db10,db10_amputee_loso,agency_vs_plain_conf_iso_budget,0.15,agency_margin_tau_0.15,plain_conf_threshold_matched_tau_0.15,plain_conf_threshold_iso_budget_curve,safe_episode_rate,db10_amputee_loso|S107,S107,ex1,0.784047619047619,0.5428571428571428,0.24119047619047618,0.20095238095238088,True,False,5,0.6785714285714286,0.5190476190476191,,0.1595238095238095,,0.1595238095238095,
db10,db10_amputee_loso,agency_vs_plain_conf_iso_budget,0.15,agency_margin_tau_0.15,plain_conf_threshold_matched_tau_0.15,plain_conf_threshold_iso_budget_curve,safe_episode_rate,db10_amputee_loso|S108,S108,ex1,1.0,0.4780952380952381,0.5219047619047619,0.4592857142857143,True,False,5,0.4976190476190476,0.37857142857142856,,0.11904761904761907,,0.11904761904761907,
db10,db10_amputee_loso,agency_vs_plain_conf_iso_budget,0.15,agency_margin_tau_0.15,plain_conf_threshold_matched_tau_0.15,plain_conf_threshold_iso_budget_curve,safe_episode_rate,db10_amputee_loso|S109,S109,ex1,0.7173809523809523,0.574047619047619,0.1433333333333333,0.11619047619047618,True,False,5,0.8,0.719047619047619,,0.080952380952381,,0.080952380952381,
db10,db10_amputee_loso,agency_vs_plain_conf_iso_budget,0.15,agency_margin_tau_0.15,plain_conf_threshold_matched_tau_0.15,plain_conf_threshold_iso_budget_curve,safe_episode_rate,db10_amputee_loso|S110,S110,ex1,0.7326190476190476,0.5966666666666667,0.13595238095238094,0.10595238095238091,True,False,5,0.6345238095238095,0.49523809523809526,,0.13928571428571423,,0.13928571428571423,
db10,db10_amputee_loso,agency_vs_plain_conf_iso_budget,0.15,agency_margin_tau_0.15,plain_conf_threshold_matched_tau_0.15,plain_conf_threshold_iso_budget_curve,safe_episode_rate,db10_amputee_loso|S111,S111,ex1,0.7583333333333333,0.5092857142857142,0.24904761904761907,0.2192857142857143,True,False,5,0.8142857142857143,0.638095238095238,,0.17619047619047623,,0.17619047619047623,
db10,db10_amputee_loso,agency_vs_plain_conf_iso_budget,0.15,agency_margin_tau_0.15,plain_conf_threshold_matched_tau_0.15,plain_conf_threshold_iso_budget_curve,safe_episode_rate,db10_amputee_loso|S112,S112,ex1,0.7283333333333334,0.5228571428571429,0.20547619047619048,0.1735714285714286,True,False,5,0.7321428571428571,0.6142857142857143,,0.11785714285714277,,0.11785714285714277,
db10,db10_amputee_loso,agency_vs_plain_conf_iso_budget,0.15,agency_margin_tau_0.15,plain_conf_threshold_matched_tau_0.15,plain_conf_threshold_iso_budget_curve,safe_episode_rate,db10_amputee_loso|S113,S113,ex1,0.8292857142857143,0.5052380952380953,0.32404761904761903,0.28214285714285714,True,False,5,0.49404761904761907,0.3607142857142857,,0.13333333333333336,,0.13333333333333336,
db10,db10_amputee_loso,agency_vs_plain_conf_iso_budget,0.15,agency_margin_tau_0.15,plain_conf_threshold_matched_tau_0.15,plain_conf_threshold_iso_budget_curve,safe_episode_rate,db10_amputee_loso|S114,S114,ex1,0.7402380952380953,0.37666666666666665,0.3635714285714286,0.315,True,False,5,0.7678571428571429,0.49404761904761907,,0.27380952380952384,,0.27380952380952384,
db10,db10_amputee_loso,agency_vs_plain_conf_iso_budget,0.15,agency_margin_tau_0.15,plain_conf_threshold_matched_tau_0.15,plain_conf_threshold_iso_budget_curve,safe_episode_rate,db10_amputee_loso|S115,S115,ex1,0.8811904761904762,0.012380952380952381,0.8688095238095238,0.8433333333333334,True,False,5,0.05119047619047619,0.0,,0.05119047619047619,,0.05119047619047619,
db10,db10_amputee_loso,agency_vs_plain_conf_iso_budget,0.20,agency_margin_tau_0.20,plain_conf_threshold_matched_tau_0.20,plain_conf_threshold_iso_budget_curve,safe_episode_rate,db10_amputee_loso|S101,S101,ex1,0.7235714285714285,0.655,0.0685714285714285,0.0685714285714285,True,False,5,0.8369047619047619,0.7916666666666666,,0.0452380952380953,,0.0452380952380953,
db10,db10_amputee_loso,agency_vs_plain_conf_iso_budget,0.20,agency_margin_tau_0.20,plain_conf_threshold_matched_tau_0.20,plain_conf_threshold_iso_budget_curve,safe_episode_rate,db10_amputee_loso|S102,S102,ex1,0.719047619047619,0.4723809523809524,0.24666666666666665,0.24666666666666665,True,False,5,0.6797619047619048,0.5666666666666667,,0.11309523809523814,,0.11309523809523814,
db10,db10_amputee_loso,agency_vs_plain_conf_iso_budget,0.20,agency_margin_tau_0.20,plain_conf_threshold_matched_tau_0.20,plain_conf_threshold_iso_budget_curve,safe_episode_rate,db10_amputee_loso|S103,S103,ex1,0.7588095238095238,0.6173809523809524,0.14142857142857146,0.14142857142857146,True,False,5,0.7821428571428571,0.7142857142857143,,0.06785714285714284,,0.06785714285714284,
db10,db10_amputee_loso,agency_vs_plain_conf_iso_budget,0.20,agency_margin_tau_0.20,plain_conf_threshold_matched_tau_0.20,plain_conf_threshold_iso_budget_curve,safe_episode_rate,db10_amputee_loso|S104,S104,ex1,0.7547619047619047,0.6130952380952381,0.1416666666666666,0.1416666666666666,True,False,5,0.7261904761904762,0.6476190476190476,,0.07857142857142851,,0.07857142857142851,
db10,db10_amputee_loso,agency_vs_plain_conf_iso_budget,0.20,agency_margin_tau_0.20,plain_conf_threshold_matched_tau_0.20,plain_conf_threshold_iso_budget_curve,safe_episode_rate,db10_amputee_loso|S105,S105,ex1,0.7504761904761905,0.505,0.24547619047619051,0.24547619047619051,True,False,5,0.6904761904761905,0.5416666666666666,,0.14880952380952384,,0.14880952380952384,
db10,db10_amputee_loso,agency_vs_plain_conf_iso_budget,0.20,agency_margin_tau_0.20,plain_conf_threshold_matched_tau_0.20,plain_conf_threshold_iso_budget_curve,safe_episode_rate,db10_amputee_loso|S106,S106,ex1,0.7995238095238095,0.7016666666666667,0.09785714285714286,0.09785714285714286,True,False,5,0.7452380952380953,0.6571428571428571,,0.08809523809523812,,0.08809523809523812,
db10,db10_amputee_loso,agency_vs_plain_conf_iso_budget,0.20,agency_margin_tau_0.20,plain_conf_threshold_matched_tau_0.20,plain_conf_threshold_iso_budget_curve,safe_episode_rate,db10_amputee_loso|S107,S107,ex1,0.8142857142857143,0.5830952380952381,0.23119047619047617,0.23119047619047617,True,False,5,0.675,0.5488095238095239,,0.1261904761904762,,0.1261904761904762,
db10,db10_amputee_loso,agency_vs_plain_conf_iso_budget,0.20,agency_margin_tau_0.20,plain_conf_threshold_matched_tau_0.20,plain_conf_threshold_iso_budget_curve,safe_episode_rate,db10_amputee_loso|S108,S108,ex1,1.0,0.5407142857142857,0.4592857142857143,0.4592857142857143,True,False,5,0.4976190476190476,0.4035714285714286,,0.09404761904761905,,0.09404761904761905,
db10,db10_amputee_loso,agency_vs_plain_conf_iso_budget,0.20,agency_margin_tau_0.20,plain_conf_threshold_matched_tau_0.20,plain_conf_threshold_iso_budget_curve,safe_episode_rate,db10_amputee_loso|S109,S109,ex1,0.7297619047619047,0.6011904761904762,0.12857142857142856,0.12857142857142856,True,False,5,0.8,0.7404761904761905,,0.059523809523809534,,0.059523809523809534,
db10,db10_amputee_loso,agency_vs_plain_conf_iso_budget,0.20,agency_margin_tau_0.20,plain_conf_threshold_matched_tau_0.20,plain_conf_threshold_iso_budget_curve,safe_episode_rate,db10_amputee_loso|S110,S110,ex1,0.8252380952380952,0.6266666666666667,0.1985714285714285,0.1985714285714285,True,False,5,0.6607142857142857,0.5416666666666666,,0.11904761904761907,,0.11904761904761907,
db10,db10_amputee_loso,agency_vs_plain_conf_iso_budget,0.20,agency_margin_tau_0.20,plain_conf_threshold_matched_tau_0.20,plain_conf_threshold_iso_budget_curve,safe_episode_rate,db10_amputee_loso|S111,S111,ex1,0.7728571428571429,0.539047619047619,0.2338095238095239,0.2338095238095239,True,False,5,0.8166666666666667,0.6619047619047619,,0.15476190476190477,,0.15476190476190477,
db10,db10_amputee_loso,agency_vs_plain_conf_iso_budget,0.20,agency_margin_tau_0.20,plain_conf_threshold_matched_tau_0.20,plain_conf_threshold_iso_budget_curve,safe_episode_rate,db10_amputee_loso|S112,S112,ex1,0.7323809523809524,0.5547619047619048,0.17761904761904757,0.17761904761904757,True,False,5,0.7333333333333333,0.6357142857142857,,0.0976190476190476,,0.0976190476190476,
db10,db10_amputee_loso,agency_vs_plain_conf_iso_budget,0.20,agency_margin_tau_0.20,plain_conf_threshold_matched_tau_0.20,plain_conf_threshold_iso_budget_curve,safe_episode_rate,db10_amputee_loso|S113,S113,ex1,0.8397619047619047,0.5471428571428572,0.29261904761904756,0.29261904761904756,True,False,5,0.49404761904761907,0.38095238095238093,,0.11309523809523814,,0.11309523809523814,
db10,db10_amputee_loso,agency_vs_plain_conf_iso_budget,0.20,agency_margin_tau_0.20,plain_conf_threshold_matched_tau_0.20,plain_conf_threshold_iso_budget_curve,safe_episode_rate,db10_amputee_loso|S114,S114,ex1,0.785,0.42523809523809525,0.3597619047619048,0.3597619047619048,True,False,5,0.780952380952381,0.5523809523809524,,0.22857142857142854,,0.22857142857142854,
db10,db10_amputee_loso,agency_vs_plain_conf_iso_budget,0.20,agency_margin_tau_0.20,plain_conf_threshold_matched_tau_0.20,plain_conf_threshold_iso_budget_curve,safe_episode_rate,db10_amputee_loso|S115,S115,ex1,0.9747619047619047,0.03785714285714286,0.9369047619047619,0.9369047619047619,True,False,5,0.05238095238095238,0.002380952380952381,,0.05,,0.05,
db10,db10_amputee_loso,agency_vs_plain_conf_iso_budget,0.02,agency_margin_tau_0.02,plain_conf_threshold_matched_tau_0.02,plain_conf_threshold_iso_budget_curve,stable_safe_episode_rate,db10_amputee_loso|S101,S101,ex1,0.2311904761904762,0.2292857142857143,0.001904761904761909,0.001904761904761909,False,True,5,0.3130952380952381,0.1738095238095238,0.17628184456626894,0.1392857142857143,0.13681339352896915,0.1392857142857143,0.13681339352896915
db10,db10_amputee_loso,agency_vs_plain_conf_iso_budget,0.02,agency_margin_tau_0.02,plain_conf_threshold_matched_tau_0.02,plain_conf_threshold_iso_budget_curve,stable_safe_episode_rate,db10_amputee_loso|S102,S102,ex1,0.2180952380952381,0.01904761904761905,0.19904761904761903,0.04642857142857143,False,True,5,0.25,0.02261904761904762,0.21785714285714286,0.22738095238095238,0.03214285714285714,0.22738095238095238,0.03214285714285714
db10,db10_amputee_loso,agency_vs_plain_conf_iso_budget,0.02,agency_margin_tau_0.02,plain_conf_threshold_matched_tau_0.02,plain_conf_threshold_iso_budget_curve,stable_safe_episode_rate,db10_amputee_loso|S103,S103,ex1,0.31976190476190475,0.12785714285714286,0.19190476190476188,0.029047619047619044,False,True,5,0.36428571428571427,0.13214285714285715,0.37719365763546797,0.23214285714285712,-0.012907943349753703,0.23214285714285712,-0.012907943349753703
db10,db10_amputee_loso,agency_vs_plain_conf_iso_budget,0.02,agency_margin_tau_0.02,plain_conf_threshold_matched_tau_0.02,plain_conf_threshold_iso_budget_curve,stable_safe_episode_rate,db10_amputee_loso|S104,S104,ex1,0.21,0.09952380952380953,0.11047619047619046,0.08976190476190479,False,True,5,0.2785714285714286,0.075,0.16629720853858782,0.20357142857142857,0.11227422003284077,0.20357142857142857,0.11227422003284077
db10,db10_amputee_loso,agency_vs_plain_conf_iso_budget,0.02,agency_margin_tau_0.02,plain_conf_threshold_matched_tau_0.02,plain_conf_threshold_iso_budget_curve,stable_safe_episode_rate,db10_amputee_loso|S105,S105,ex1,0.11357142857142857,0.02976190476190476,0.0838095238095238,0.07547619047619047,False,True,5,0.12023809523809524,0.016666666666666666,0.07993095593992455,0.10357142857142858,0.04030713929817069,0.10357142857142858,0.04030713929817069
db10,db10_amputee_loso,agency_vs_plain_conf_iso_budget,0.02,agency_margin_tau_0.02,plain_conf_threshold_matched_tau_0.02,plain_conf_threshold_iso_budget_curve,stable_safe_episode_rate,db10_amputee_loso|S106,S106,ex1,0.08761904761904762,0.11047619047619048,-0.022857142857142854,0.022857142857142854,True,False,5,0.08571428571428572,0.02261904761904762,,0.0630952380952381,,0.0630952380952381,
db10,db10_amputee_loso,agency_vs_plain_conf_iso_budget,0.02,agency_margin_tau_0.02,plain_conf_threshold_matched_tau_0.02,plain_conf_threshold_iso_budget_curve,stable_safe_episode_rate,db10_amputee_loso|S107,S107,ex1,0.23976190476190476,0.02761904761904762,0.21214285714285713,0.03547619047619047,False,True,5,0.21904761904761905,0.013095238095238096,0.16900398903016706,0.20595238095238094,0.05004363001745199,0.20595238095238094,0.05004363001745199
db10,db10_amputee_loso,agency_vs_plain_conf_iso_budget,0.02,agency_margin_tau_0.02,plain_conf_threshold_matched_tau_0.02,plain_conf_threshold_iso_budget_curve,stable_safe_episode_rate,db10_amputee_loso|S108,S108,ex1,0.0,0.0038095238095238095,-0.0038095238095238095,0.0038095238095238095,True,False,5,0.0,0.0,,0.0,,0.0,
db10,db10_amputee_loso,agency_vs_plain_conf_iso_budget,0.02,agency_margin_tau_0.02,plain_conf_threshold_matched_tau_0.02,plain_conf_threshold_iso_budget_curve,stable_safe_episode_rate,db10_amputee_loso|S109,S109,ex1,0.1895238095238095,0.09095238095238095,0.09857142857142856,0.09857142857142856,False,True,5,0.23452380952380952,0.07857142857142857,0.19733848953594174,0.15595238095238095,0.03718531998786778,0.15595238095238095,0.03718531998786778
db10,db10_amputee_loso,agency_vs_plain_conf_iso_budget,0.02,agency_margin_tau_0.02,plain_conf_threshold_matched_tau_0.02,plain_conf_threshold_iso_budget_curve,stable_safe_episode_rate,db10_amputee_loso|S110,S110,ex1,0.13047619047619047,0.056428571428571425,0.07404761904761904,0.07404761904761904,False,True,5,0.11190476190476191,0.009523809523809525,0.0360718899963086,0.10238095238095238,0.07583287190845331,0.10238095238095238,0.07583287190845331
db10,db10_amputee_loso,agency_vs_plain_conf_iso_budget,0.02,agency_margin_tau_0.02,plain_conf_threshold_matched_tau_0.02,plain_conf_threshold_iso_budget_curve,stable_safe_episode_rate,db10_amputee_loso|S111,S111,ex1,0.18071428571428572,0.04023809523809524,0.14047619047619048,0.04261904761904761,False,True,5,0.1976190476190476,0.02023809523809524,0.14719642083101123,0.17738095238095236,0.050422626788036384,0.17738095238095236,0.050422626788036384
db10,db10_amputee_loso,agency_vs_plain_conf_iso_budget,0.02,agency_margin_tau_0.02,plain_conf_threshold_matched_tau_0.02,plain_conf_threshold_iso_budget_curve,stable_safe_episode_rate,db10_amputee_loso|S112,S112,ex1,0.3426190476190476,0.07095238095238095,0.27166666666666667,0.0811904761904762,False,True,5,0.3869047619047619,0.06428571428571428,0.3945935032304379,0.32261904761904764,-0.007688741325675985,0.32261904761904764,-0.007688741325675985
db10,db10_amputee_loso,agency_vs_plain_conf_iso_budget,0.02,agency_margin_tau_0.02,plain_conf_threshold_matched_tau_0.02,plain_conf_threshold_iso_budget_curve,stable_safe_episode_rate,db10_amputee_loso|S113,S113,ex1,0.19952380952380952,0.002619047619047619,0.1969047619047619,0.053571428571428575,False,True,5,0.18214285714285713,0.0,0.0970913707948933,0.18214285714285713,0.08505148634796383,0.18214285714285713,0.08505148634796383
db10,db10_amputee_loso,agency_vs_plain_conf_iso_budget,0.02,agency_margin_tau_0.02,plain_conf_threshold_matched_tau_0.02,plain_conf_threshold_iso_budget_curve,stable_safe_episode_rate,db10_amputee_loso|S114,S114,ex1,0.13333333333333333,0.0,0.13333333333333333,0.09238095238095237,False,True,5,0.1380952380952381,0.0,0.1098542619894933,0.1380952380952381,0.028240976105744803,0.1380952380952381,0.028240976105744803
db10,db10_amputee_loso,agency_vs_plain_conf_iso_budget,0.02,agency_margin_tau_0.02,plain_conf_threshold_matched_tau_0.02,plain_conf_threshold_iso_budget_curve,stable_safe_episode_rate,db10_amputee_loso|S115,S115,ex1,0.06,0.0,0.06,0.022142857142857138,True,False,5,0.0035714285714285713,0.0,,0.0035714285714285713,,0.0035714285714285713,
db10,db10_amputee_loso,agency_vs_plain_conf_iso_budget,0.05,agency_margin_tau_0.05,plain_conf_threshold_matched_tau_0.05,plain_conf_threshold_iso_budget_curve,stable_safe_episode_rate,db10_amputee_loso|S101,S101,ex1,0.43857142857142856,0.44023809523809526,-0.0016666666666667052,0.0016666666666667052,False,True,5,0.4845238095238095,0.44761904761904764,0.4454557669568956,0.036904761904761885,0.03906804256691393,0.036904761904761885,0.03906804256691393
db10,db10_amputee_loso,agency_vs_plain_conf_iso_budget,0.05,agency_margin_tau_0.05,plain_conf_threshold_matched_tau_0.05,plain_conf_threshold_iso_budget_curve,stable_safe_episode_rate,db10_amputee_loso|S102,S102,ex1,0.5464285714285714,0.17166666666666666,0.37476190476190474,0.07404761904761897,True,False,5,0.4297619047619048,0.17142857142857143,,0.25833333333333336,,0.25833333333333336,
db10,db10_amputee_loso,agency_vs_plain_conf_iso_budget,0.05,agency_margin_tau_0.05,plain_conf_threshold_matched_tau_0.05,plain_conf_threshold_iso_budget_curve,stable_safe_episode_rate,db10_amputee_loso|S103,S103,ex1,0.5964285714285714,0.3488095238095238,0.24761904761904763,0.006190476190476191,False,True,5,0.5773809523809523,0.4142857142857143,0.6219298245614036,0.16309523809523802,-0.04454887218045123,0.16309523809523802,-0.04454887218045123
db10,db10_amputee_loso,agency_vs_plain_conf_iso_budget,0.05,agency_margin_tau_0.05,plain_conf_threshold_matched_tau_0.05,plain_conf_threshold_iso_budget_curve,stable_safe_episode_rate,db10_amputee_loso|S104,S104,ex1,0.439047619047619,0.2997619047619048,0.13928571428571423,0.05261904761904762,False,True,5,0.38333333333333336,0.24047619047619048,0.40896697388632874,0.14285714285714288,-0.025633640552995385,0.14285714285714288,-0.025633640552995385
db10,db10_amputee_loso,agency_vs_plain_conf_iso_budget,0.05,agency_margin_tau_0.05,plain_conf_threshold_matched_tau_0.05,plain_conf_threshold_iso_budget_curve,stable_safe_episode_rate,db10_amputee_loso|S105,S105,ex1,0.28476190476190477,0.18904761904761905,0.09571428571428572,0.09571428571428572,False,True,5,0.2488095238095238,0.13690476190476192,0.2400698602794411,0.1119047619047619,0.008739663530082709,0.1119047619047619,0.008739663530082709
db10,db10_amputee_loso,agency_vs_plain_conf_iso_budget,0.05,agency_margin_tau_0.05,plain_conf_threshold_matched_tau_0.05,plain_conf_threshold_iso_budget_curve,stable_safe_episode_rate,db10_amputee_loso|S106,S106,ex1,0.24095238095238095,0.3607142857142857,-0.11976190476190476,0.11976190476190476,False,True,5,0.21904761904761905,0.16547619047619047,0.09710593085949888,0.053571428571428575,0.12194168818812016,0.053571428571428575,0.12194168818812016
db10,db10_amputee_loso,agency_vs_plain_conf_iso_budget,0.05,agency_margin_tau_0.05,plain_conf_threshold_matched_tau_0.05,plain_conf_threshold_iso_budget_curve,stable_safe_episode_rate,db10_amputee_loso|S107,S107,ex1,0.4988095238095238,0.2042857142857143,0.2945238095238095,0.044047619047619,False,True,5,0.3130952380952381,0.1392857142857143,0.39302284082798006,0.1738095238095238,-0.07992760273274196,0.1738095238095238,-0.07992760273274196
db10,db10_amputee_loso,agency_vs_plain_conf_iso_budget,0.05,agency_margin_tau_0.05,plain_conf_threshold_matched_tau_0.05,plain_conf_threshold_iso_budget_curve,stable_safe_episode_rate,db10_amputee_loso|S108,S108,ex1,0.0030952380952380953,0.07761904761904762,-0.07452380952380952,0.0007142857142857142,True,False,5,0.0,0.0,,0.0,,0.0,
db10,db10_amputee_loso,agency_vs_plain_conf_iso_budget,0.05,agency_margin_tau_0.05,plain_conf_threshold_matched_tau_0.05,plain_conf_threshold_iso_budget_curve,stable_safe_episode_rate,db10_amputee_loso|S109,S109,ex1,0.44,0.31523809523809526,0.12476190476190474,0.04857142857142854,False,True,5,0.44642857142857145,0.3488095238095238,0.5056187859759289,0.09761904761904766,-0.059190214547357456,0.09761904761904766,-0.059190214547357456
db10,db10_amputee_loso,agency_vs_plain_conf_iso_budget,0.05,agency_margin_tau_0.05,plain_conf_threshold_matched_tau_0.05,plain_conf_threshold_iso_budget_curve,stable_safe_episode_rate,db10_amputee_loso|S110,S110,ex1,0.3254761904761905,0.30214285714285716,0.023333333333333317,0.023333333333333317,False,True,5,0.20952380952380953,0.09761904761904762,0.11525306615995853,0.11190476190476191,0.094270743363851,0.11190476190476191,0.094270743363851
db10,db10_amputee_loso,agency_vs_plain_conf_iso_budget,0.05,agency_margin_tau_0.05,plain_conf_threshold_matched_tau_0.05,plain_conf_threshold_iso_budget_curve,stable_safe_episode_rate,db10_amputee_loso|S111,S111,ex1,0.42547619047619045,0.22333333333333333,0.20214285714285712,0.014999999999999958,False,True,5,0.36547619047619045,0.18571428571428572,0.45017211703958687,0.17976190476190473,-0.08469592656339642,0.17976190476190473,-0.08469592656339642
db10,db10_amputee_loso,agency_vs_plain_conf_iso_budget,0.05,agency_margin_tau_0.05,plain_conf_threshold_matched_tau_0.05,plain_conf_threshold_iso_budget_curve,stable_safe_episode_rate,db10_amputee_loso|S112,S112,ex1,0.5628571428571428,0.2342857142857143,0.3285714285714285,0.008095238095238044,True,False,5,0.4869047619047619,0.28095238095238095,,0.20595238095238094,,0.20595238095238094,
db10,db10_amputee_loso,agency_vs_plain_conf_iso_budget,0.05,agency_margin_tau_0.05,plain_conf_threshold_matched_tau_0.05,plain_conf_threshold_iso_budget_curve,stable_safe_episode_rate,db10_amputee_loso|S113,S113,ex1,0.5719047619047619,0.14595238095238094,0.42595238095238097,0.024761904761904763,True,False,5,0.2619047619047619,0.06904761904761905,,0.19285714285714287,,0.19285714285714287,
db10,db10_amputee_loso,agency_vs_plain_conf_iso_budget,0.05,agency_margin_tau_0.05,plain_conf_threshold_matched_tau_0.05,plain_conf_threshold_iso_budget_curve,stable_safe_episode_rate,db10_amputee_loso|S114,S114,ex1,0.32095238095238093,0.040952380952380955,0.27999999999999997,0.055714285714285716,False,True,5,0.28809523809523807,0.030952380952380953,0.2834845049130763,0.2571428571428571,0.004610733182161764,0.2571428571428571,0.004610733182161764
db10,db10_amputee_loso,agency_vs_plain_conf_iso_budget,0.05,agency_margin_tau_0.05,plain_conf_threshold_matched_tau_0.05,plain_conf_threshold_iso_budget_curve,stable_safe_episode_rate,db10_amputee_loso|S115,S115,ex1,0.20023809523809524,0.0002380952380952381,0.2,0.16238095238095238,True,False,5,0.005952380952380952,0.0,,0.005952380952380952,,0.005952380952380952,
db10,db10_amputee_loso,agency_vs_plain_conf_iso_budget,0.10,agency_margin_tau_0.10,plain_conf_threshold_matched_tau_0.10,plain_conf_threshold_iso_budget_curve,stable_safe_episode_rate,db10_amputee_loso|S101,S101,ex1,0.6145238095238095,0.5754761904761905,0.039047619047619,0.017142857142857237,False,True,5,0.6547619047619048,0.6511904761904762,0.6859362389023405,0.0035714285714285587,-0.03117433414043569,0.0035714285714285587,-0.03117433414043569
db10,db10_amputee_loso,agency_vs_plain_conf_iso_budget,0.10,agency_margin_tau_0.10,plain_conf_threshold_matched_tau_0.10,plain_conf_threshold_iso_budget_curve,stable_safe_episode_rate,db10_amputee_loso|S102,S102,ex1,0.695,0.355,0.33999999999999997,0.22261904761904755,True,False,5,0.5654761904761905,0.3547619047619048,,0.2107142857142857,,0.2107142857142857,
db10,db10_amputee_loso,agency_vs_plain_conf_iso_budget,0.10,agency_margin_tau_0.10,plain_conf_threshold_matched_tau_0.10,plain_conf_threshold_iso_budget_curve,stable_safe_episode_rate,db10_amputee_loso|S103,S103,ex1,0.7459523809523809,0.5045238095238095,0.24142857142857144,0.12857142857142856,True,False,5,0.6952380952380952,0.5619047619047619,,0.1333333333333333,,0.1333333333333333,
db10,db10_amputee_loso,agency_vs_plain_conf_iso_budget,0.10,agency_margin_tau_0.10,plain_conf_threshold_matched_tau_0.10,plain_conf_threshold_iso_budget_curve,stable_safe_episode_rate,db10_amputee_loso|S104,S104,ex1,0.6073809523809524,0.49166666666666664,0.11571428571428571,0.005714285714285783,False,True,5,0.5107142857142857,0.4726190476190476,0.569954648526077,0.03809523809523807,-0.05924036281179135,0.03809523809523807,-0.05924036281179135
db10,db10_amputee_loso,agency_vs_plain_conf_iso_budget,0.10,agency_margin_tau_0.10,plain_conf_threshold_matched_tau_0.10,plain_conf_threshold_iso_budget_curve,stable_safe_episode_rate,db10_amputee_loso|S105,S105,ex1,0.539047619047619,0.38785714285714284,0.15119047619047615,0.03404761904761899,True,False,5,0.43333333333333335,0.35119047619047616,,0.08214285714285718,,0.08214285714285718,
db10,db10_amputee_loso,agency_vs_plain_conf_iso_budget,0.10,agency_margin_tau_0.10,plain_conf_threshold_matched_tau_0.10,plain_conf_threshold_iso_budget_curve,stable_safe_episode_rate,db10_amputee_loso|S106,S106,ex1,0.5230952380952381,0.5771428571428572,-0.05404761904761912,0.05404761904761912,False,True,5,0.4107142857142857,0.43452380952380953,0.36733590025669227,-0.023809523809523836,0.04337838545759343,-0.023809523809523836,0.04337838545759343
db10,db10_amputee_loso,agency_vs_plain_conf_iso_budget,0.10,agency_margin_tau_0.10,plain_conf_threshold_matched_tau_0.10,plain_conf_threshold_iso_budget_curve,stable_safe_episode_rate,db10_amputee_loso|S107,S107,ex1,0.6966666666666667,0.43166666666666664,0.265,0.11357142857142855,True,False,5,0.43452380952380953,0.32976190476190476,,0.10476190476190478,,0.10476190476190478,
db10,db10_amputee_loso,agency_vs_plain_conf_iso_budget,0.10,agency_margin_tau_0.10,plain_conf_threshold_matched_tau_0.10,plain_conf_threshold_iso_budget_curve,stable_safe_episode_rate,db10_amputee_loso|S108,S108,ex1,0.9990476190476191,0.2969047619047619,0.7021428571428572,0.45833333333333337,True,False,5,0.4880952380952381,0.08571428571428572,,0.4023809523809524,,0.4023809523809524,
db10,db10_amputee_loso,agency_vs_plain_conf_iso_budget,0.10,agency_margin_tau_0.10,plain_conf_threshold_matched_tau_0.10,plain_conf_threshold_iso_budget_curve,stable_safe_episode_rate,db10_amputee_loso|S109,S109,ex1,0.6478571428571429,0.48857142857142855,0.15928571428571436,0.046666666666666745,True,False,5,0.6476190476190476,0.5666666666666667,,0.080952380952381,,0.080952380952381,
db10,db10_amputee_loso,agency_vs_plain_conf_iso_budget,0.10,agency_margin_tau_0.10,plain_conf_threshold_matched_tau_0.10,plain_conf_threshold_iso_budget_curve,stable_safe_episode_rate,db10_amputee_loso|S110,S110,ex1,0.5678571428571428,0.4990476190476191,0.06880952380952376,0.02880952380952384,False,True,5,0.2916666666666667,0.24642857142857144,0.2909030197444831,0.045238095238095244,0.0007636469221835585,0.045238095238095244,0.0007636469221835585
db10,db10_amputee_loso,agency_vs_plain_conf_iso_budget,0.10,agency_margin_tau_0.10,plain_conf_threshold_matched_tau_0.10,plain_conf_threshold_iso_budget_curve,stable_safe_episode_rate,db10_amputee_loso|S111,S111,ex1,0.6523809523809524,0.4104761904761905,0.2419047619047619,0.1133333333333334,True,False,5,0.5773809523809523,0.4357142857142857,,0.1416666666666666,,0.1416666666666666,
db10,db10_amputee_loso,agency_vs_plain_conf_iso_budget,0.10,agency_margin_tau_0.10,plain_conf_threshold_matched_tau_0.10,plain_conf_threshold_iso_budget_curve,stable_safe_episode_rate,db10_amputee_loso|S112,S112,ex1,0.6942857142857143,0.4238095238095238,0.2704761904761905,0.1395238095238095,True,False,5,0.6166666666666667,0.4797619047619048,,0.13690476190476192,,0.13690476190476192,
db10,db10_amputee_loso,agency_vs_plain_conf_iso_budget,0.10,agency_margin_tau_0.10,plain_conf_threshold_matched_tau_0.10,plain_conf_threshold_iso_budget_curve,stable_safe_episode_rate,db10_amputee_loso|S113,S113,ex1,0.775952380952381,0.3892857142857143,0.38666666666666666,0.2288095238095238,True,False,5,0.325,0.19642857142857142,,0.1285714285714286,,0.1285714285714286,
db10,db10_amputee_loso,agency_vs_plain_conf_iso_budget,0.10,agency_margin_tau_0.10,plain_conf_threshold_matched_tau_0.10,plain_conf_threshold_iso_budget_curve,stable_safe_episode_rate,db10_amputee_loso|S114,S114,ex1,0.59,0.24166666666666667,0.3483333333333333,0.16476190476190472,True,False,5,0.4666666666666667,0.20238095238095238,,0.2642857142857143,,0.2642857142857143,
db10,db10_amputee_loso,agency_vs_plain_conf_iso_budget,0.10,agency_margin_tau_0.10,plain_conf_threshold_matched_tau_0.10,plain_conf_threshold_iso_budget_curve,stable_safe_episode_rate,db10_amputee_loso|S115,S115,ex1,0.5302380952380953,0.0038095238095238095,0.5264285714285715,0.4923809523809524,True,False,5,0.013095238095238096,0.0,,0.013095238095238096,,0.013095238095238096,
db10,db10_amputee_loso,agency_vs_plain_conf_iso_budget,0.15,agency_margin_tau_0.15,plain_conf_threshold_matched_tau_0.15,plain_conf_threshold_iso_budget_curve,stable_safe_episode_rate,db10_amputee_loso|S101,S101,ex1,0.6935714285714286,0.6316666666666667,0.06190476190476191,0.03857142857142859,True,False,5,0.7178571428571429,0.7011904761904761,,0.01666666666666672,,0.01666666666666672,
db10,db10_amputee_loso,agency_vs_plain_conf_iso_budget,0.15,agency_margin_tau_0.15,plain_conf_threshold_matched_tau_0.15,plain_conf_threshold_iso_budget_curve,stable_safe_episode_rate,db10_amputee_loso|S102,S102,ex1,0.715952380952381,0.439047619047619,0.276904761904762,0.2435714285714286,True,False,5,0.5833333333333334,0.42023809523809524,,0.16309523809523813,,0.16309523809523813,
db10,db10_amputee_loso,agency_vs_plain_conf_iso_budget,0.15,agency_margin_tau_0.15,plain_conf_threshold_matched_tau_0.15,plain_conf_threshold_iso_budget_curve,stable_safe_episode_rate,db10_amputee_loso|S103,S103,ex1,0.758095238095238,0.5902380952380952,0.16785714285714282,0.14071428571428568,True,False,5,0.7071428571428572,0.6178571428571429,,0.0892857142857143,,0.0892857142857143,
db10,db10_amputee_loso,agency_vs_plain_conf_iso_budget,0.15,agency_margin_tau_0.15,plain_conf_threshold_matched_tau_0.15,plain_conf_threshold_iso_budget_curve,stable_safe_episode_rate,db10_amputee_loso|S104,S104,ex1,0.7121428571428572,0.5830952380952381,0.12904761904761908,0.09904761904761905,True,False,5,0.5833333333333334,0.5535714285714286,,0.029761904761904767,,0.029761904761904767,
db10,db10_amputee_loso,agency_vs_plain_conf_iso_budget,0.15,agency_margin_tau_0.15,plain_conf_threshold_matched_tau_0.15,plain_conf_threshold_iso_budget_curve,stable_safe_episode_rate,db10_amputee_loso|S105,S105,ex1,0.7038095238095238,0.4745238095238095,0.22928571428571426,0.19880952380952377,True,False,5,0.5357142857142857,0.44166666666666665,,0.09404761904761905,,0.09404761904761905,
db10,db10_amputee_loso,agency_vs_plain_conf_iso_budget,0.15,agency_margin_tau_0.15,plain_conf_threshold_matched_tau_0.15,plain_conf_threshold_iso_budget_curve,stable_safe_episode_rate,db10_amputee_loso|S106,S106,ex1,0.7019047619047619,0.6716666666666666,0.030238095238095286,0.00023809523809525945,True,False,5,0.5333333333333333,0.5226190476190476,,0.010714285714285676,,0.010714285714285676,
db10,db10_amputee_loso,agency_vs_plain_conf_iso_budget,0.15,agency_margin_tau_0.15,plain_conf_threshold_matched_tau_0.15,plain_conf_threshold_iso_budget_curve,stable_safe_episode_rate,db10_amputee_loso|S107,S107,ex1,0.784047619047619,0.5428571428571428,0.24119047619047618,0.20095238095238088,True,False,5,0.525,0.43452380952380953,,0.09047619047619049,,0.09047619047619049,
db10,db10_amputee_loso,agency_vs_plain_conf_iso_budget,0.15,agency_margin_tau_0.15,plain_conf_threshold_matched_tau_0.15,plain_conf_threshold_iso_budget_curve,stable_safe_episode_rate,db10_amputee_loso|S108,S108,ex1,1.0,0.4780952380952381,0.5219047619047619,0.4592857142857143,True,False,5,0.4595238095238095,0.13690476190476192,,0.3226190476190476,,0.3226190476190476,
db10,db10_amputee_loso,agency_vs_plain_conf_iso_budget,0.15,agency_margin_tau_0.15,plain_conf_threshold_matched_tau_0.15,plain_conf_threshold_iso_budget_curve,stable_safe_episode_rate,db10_amputee_loso|S109,S109,ex1,0.7173809523809523,0.574047619047619,0.1433333333333333,0.11619047619047618,True,False,5,0.719047619047619,0.6357142857142857,,0.08333333333333337,,0.08333333333333337,
db10,db10_amputee_loso,agency_vs_plain_conf_iso_budget,0.15,agency_margin_tau_0.15,plain_conf_threshold_matched_tau_0.15,plain_conf_threshold_iso_budget_curve,stable_safe_episode_rate,db10_amputee_loso|S110,S110,ex1,0.7326190476190476,0.5966666666666667,0.13595238095238094,0.10595238095238091,True,False,5,0.36904761904761907,0.30952380952380953,,0.059523809523809534,,0.059523809523809534,
db10,db10_amputee_loso,agency_vs_plain_conf_iso_budget,0.15,agency_margin_tau_0.15,plain_conf_threshold_matched_tau_0.15,plain_conf_threshold_iso_budget_curve,stable_safe_episode_rate,db10_amputee_loso|S111,S111,ex1,0.7583333333333333,0.5092857142857142,0.24904761904761907,0.2192857142857143,True,False,5,0.680952380952381,0.530952380952381,,0.15000000000000002,,0.15000000000000002,
db10,db10_amputee_loso,agency_vs_plain_conf_iso_budget,0.15,agency_margin_tau_0.15,plain_conf_threshold_matched_tau_0.15,plain_conf_threshold_iso_budget_curve,stable_safe_episode_rate,db10_amputee_loso|S112,S112,ex1,0.7283333333333334,0.5228571428571429,0.20547619047619048,0.1735714285714286,True,False,5,0.6607142857142857,0.5547619047619048,,0.10595238095238091,,0.10595238095238091,
db10,db10_amputee_loso,agency_vs_plain_conf_iso_budget,0.15,agency_margin_tau_0.15,plain_conf_threshold_matched_tau_0.15,plain_conf_threshold_iso_budget_curve,stable_safe_episode_rate,db10_amputee_loso|S113,S113,ex1,0.8292857142857143,0.5052380952380953,0.32404761904761903,0.28214285714285714,True,False,5,0.39880952380952384,0.28214285714285714,,0.1166666666666667,,0.1166666666666667,
db10,db10_amputee_loso,agency_vs_plain_conf_iso_budget,0.15,agency_margin_tau_0.15,plain_conf_threshold_matched_tau_0.15,plain_conf_threshold_iso_budget_curve,stable_safe_episode_rate,db10_amputee_loso|S114,S114,ex1,0.7402380952380953,0.37666666666666665,0.3635714285714286,0.315,True,False,5,0.5845238095238096,0.3404761904761905,,0.24404761904761907,,0.24404761904761907,
db10,db10_amputee_loso,agency_vs_plain_conf_iso_budget,0.15,agency_margin_tau_0.15,plain_conf_threshold_matched_tau_0.15,plain_conf_threshold_iso_budget_curve,stable_safe_episode_rate,db10_amputee_loso|S115,S115,ex1,0.8811904761904762,0.012380952380952381,0.8688095238095238,0.8433333333333334,True,False,5,0.04047619047619048,0.0,,0.04047619047619048,,0.04047619047619048,
db10,db10_amputee_loso,agency_vs_plain_conf_iso_budget,0.20,agency_margin_tau_0.20,plain_conf_threshold_matched_tau_0.20,plain_conf_threshold_iso_budget_curve,stable_safe_episode_rate,db10_amputee_loso|S101,S101,ex1,0.7235714285714285,0.655,0.0685714285714285,0.0685714285714285,True,False,5,0.7428571428571429,0.7226190476190476,,0.020238095238095277,,0.020238095238095277,
db10,db10_amputee_loso,agency_vs_plain_conf_iso_budget,0.20,agency_margin_tau_0.20,plain_conf_threshold_matched_tau_0.20,plain_conf_threshold_iso_budget_curve,stable_safe_episode_rate,db10_amputee_loso|S102,S102,ex1,0.719047619047619,0.4723809523809524,0.24666666666666665,0.24666666666666665,True,False,5,0.5857142857142857,0.44285714285714284,,0.1428571428571429,,0.1428571428571429,
db10,db10_amputee_loso,agency_vs_plain_conf_iso_budget,0.20,agency_margin_tau_0.20,plain_conf_threshold_matched_tau_0.20,plain_conf_threshold_iso_budget_curve,stable_safe_episode_rate,db10_amputee_loso|S103,S103,ex1,0.7588095238095238,0.6173809523809524,0.14142857142857146,0.14142857142857146,True,False,5,0.7095238095238096,0.6357142857142857,,0.07380952380952388,,0.07380952380952388,
db10,db10_amputee_loso,agency_vs_plain_conf_iso_budget,0.20,agency_margin_tau_0.20,plain_conf_threshold_matched_tau_0.20,plain_conf_threshold_iso_budget_curve,stable_safe_episode_rate,db10_amputee_loso|S104,S104,ex1,0.7547619047619047,0.6130952380952381,0.1416666666666666,0.1416666666666666,True,False,5,0.6238095238095238,0.5738095238095238,,0.050000000000000044,,0.050000000000000044,
db10,db10_amputee_loso,agency_vs_plain_conf_iso_budget,0.20,agency_margin_tau_0.20,plain_conf_threshold_matched_tau_0.20,plain_conf_threshold_iso_budget_curve,stable_safe_episode_rate,db10_amputee_loso|S105,S105,ex1,0.7504761904761905,0.505,0.24547619047619051,0.24547619047619051,True,False,5,0.575,0.4654761904761905,,0.10952380952380947,,0.10952380952380947,
db10,db10_amputee_loso,agency_vs_plain_conf_iso_budget,0.20,agency_margin_tau_0.20,plain_conf_threshold_matched_tau_0.20,plain_conf_threshold_iso_budget_curve,stable_safe_episode_rate,db10_amputee_loso|S106,S106,ex1,0.7995238095238095,0.7016666666666667,0.09785714285714286,0.09785714285714286,True,False,5,0.5964285714285714,0.5595238095238095,,0.036904761904761885,,0.036904761904761885,
db10,db10_amputee_loso,agency_vs_plain_conf_iso_budget,0.20,agency_margin_tau_0.20,plain_conf_threshold_matched_tau_0.20,plain_conf_threshold_iso_budget_curve,stable_safe_episode_rate,db10_amputee_loso|S107,S107,ex1,0.8142857142857143,0.5830952380952381,0.23119047619047617,0.23119047619047617,True,False,5,0.555952380952381,0.4642857142857143,,0.09166666666666667,,0.09166666666666667,
db10,db10_amputee_loso,agency_vs_plain_conf_iso_budget,0.20,agency_margin_tau_0.20,plain_conf_threshold_matched_tau_0.20,plain_conf_threshold_iso_budget_curve,stable_safe_episode_rate,db10_amputee_loso|S108,S108,ex1,1.0,0.5407142857142857,0.4592857142857143,0.4592857142857143,True,False,5,0.4595238095238095,0.1523809523809524,,0.3071428571428571,,0.3071428571428571,
db10,db10_amputee_loso,agency_vs_plain_conf_iso_budget,0.20,agency_margin_tau_0.20,plain_conf_threshold_matched_tau_0.20,plain_conf_threshold_iso_budget_curve,stable_safe_episode_rate,db10_amputee_loso|S109,S109,ex1,0.7297619047619047,0.6011904761904762,0.12857142857142856,0.12857142857142856,True,False,5,0.7357142857142858,0.6619047619047619,,0.07380952380952388,,0.07380952380952388,
db10,db10_amputee_loso,agency_vs_plain_conf_iso_budget,0.20,agency_margin_tau_0.20,plain_conf_threshold_matched_tau_0.20,plain_conf_threshold_iso_budget_curve,stable_safe_episode_rate,db10_amputee_loso|S110,S110,ex1,0.8252380952380952,0.6266666666666667,0.1985714285714285,0.1985714285714285,True,False,5,0.430952380952381,0.34523809523809523,,0.08571428571428574,,0.08571428571428574,
db10,db10_amputee_loso,agency_vs_plain_conf_iso_budget,0.20,agency_margin_tau_0.20,plain_conf_threshold_matched_tau_0.20,plain_conf_threshold_iso_budget_curve,stable_safe_episode_rate,db10_amputee_loso|S111,S111,ex1,0.7728571428571429,0.539047619047619,0.2338095238095239,0.2338095238095239,True,False,5,0.6928571428571428,0.5511904761904762,,0.1416666666666666,,0.1416666666666666,
db10,db10_amputee_loso,agency_vs_plain_conf_iso_budget,0.20,agency_margin_tau_0.20,plain_conf_threshold_matched_tau_0.20,plain_conf_threshold_iso_budget_curve,stable_safe_episode_rate,db10_amputee_loso|S112,S112,ex1,0.7323809523809524,0.5547619047619048,0.17761904761904757,0.17761904761904757,True,False,5,0.6678571428571428,0.575,,0.09285714285714286,,0.09285714285714286,
db10,db10_amputee_loso,agency_vs_plain_conf_iso_budget,0.20,agency_margin_tau_0.20,plain_conf_threshold_matched_tau_0.20,plain_conf_threshold_iso_budget_curve,stable_safe_episode_rate,db10_amputee_loso|S113,S113,ex1,0.8397619047619047,0.5471428571428572,0.29261904761904756,0.29261904761904756,True,False,5,0.40595238095238095,0.305952380952381,,0.09999999999999998,,0.09999999999999998,
db10,db10_amputee_loso,agency_vs_plain_conf_iso_budget,0.20,agency_margin_tau_0.20,plain_conf_threshold_matched_tau_0.20,plain_conf_threshold_iso_budget_curve,stable_safe_episode_rate,db10_amputee_loso|S114,S114,ex1,0.785,0.42523809523809525,0.3597619047619048,0.3597619047619048,True,False,5,0.6142857142857143,0.3892857142857143,,0.22500000000000003,,0.22500000000000003,
db10,db10_amputee_loso,agency_vs_plain_conf_iso_budget,0.20,agency_margin_tau_0.20,plain_conf_threshold_matched_tau_0.20,plain_conf_threshold_iso_budget_curve,stable_safe_episode_rate,db10_amputee_loso|S115,S115,ex1,0.9747619047619047,0.03785714285714286,0.9369047619047619,0.9369047619047619,True,False,5,0.04880952380952381,0.0011904761904761906,,0.047619047619047616,,0.047619047619047616,
db10,db10_mixed_to_amputee,agency_vs_plain_conf_iso_budget,0.02,agency_margin_tau_0.02,plain_conf_threshold_matched_tau_0.02,plain_conf_threshold_iso_budget_curve,final_correct_rate,db10_mixed_to_amputee|S101,S101,ex1,0.19476190476190477,0.2211904761904762,-0.026428571428571412,0.026428571428571412,True,False,5,0.5238095238095238,0.6773809523809524,,-0.15357142857142858,,-0.15357142857142858,
db10,db10_mixed_to_amputee,agency_vs_plain_conf_iso_budget,0.02,agency_margin_tau_0.02,plain_conf_threshold_matched_tau_0.02,plain_conf_threshold_iso_budget_curve,final_correct_rate,db10_mixed_to_amputee|S102,S102,ex1,0.17595238095238094,0.10833333333333334,0.0676190476190476,0.0676190476190476,False,True,5,0.44047619047619047,0.45714285714285713,0.5002585377585377,-0.016666666666666663,-0.059782347282347215,-0.016666666666666663,-0.059782347282347215
db10,db10_mixed_to_amputee,agency_vs_plain_conf_iso_budget,0.02,agency_margin_tau_0.02,plain_conf_threshold_matched_tau_0.02,plain_conf_threshold_iso_budget_curve,final_correct_rate,db10_mixed_to_amputee|S103,S103,ex1,0.23095238095238096,0.1926190476190476,0.03833333333333336,0.03833333333333336,False,True,5,0.47023809523809523,0.5523809523809524,0.5721039075260712,-0.08214285714285718,-0.10186581228797598,-0.08214285714285718,-0.10186581228797598
db10,db10_mixed_to_amputee,agency_vs_plain_conf_iso_budget,0.02,agency_margin_tau_0.02,plain_conf_threshold_matched_tau_0.02,plain_conf_threshold_iso_budget_curve,final_correct_rate,db10_mixed_to_amputee|S104,S104,ex1,0.3759523809523809,0.16238095238095238,0.21357142857142855,0.03809523809523807,False,True,5,0.4988095238095238,0.5380952380952381,0.6576015108593012,-0.03928571428571426,-0.15879198704977737,-0.03928571428571426,-0.15879198704977737
db10,db10_mixed_to_amputee,agency_vs_plain_conf_iso_budget,0.02,agency_margin_tau_0.02,plain_conf_threshold_matched_tau_0.02,plain_conf_threshold_iso_budget_curve,final_correct_rate,db10_mixed_to_amputee|S105,S105,ex1,0.1411904761904762,0.1554761904761905,-0.01428571428571429,0.01428571428571429,True,False,5,0.35119047619047616,0.4095238095238095,,-0.05833333333333335,,-0.05833333333333335,
db10,db10_mixed_to_amputee,agency_vs_plain_conf_iso_budget,0.02,agency_margin_tau_0.02,plain_conf_threshold_matched_tau_0.02,plain_conf_threshold_iso_budget_curve,final_correct_rate,db10_mixed_to_amputee|S106,S106,ex1,0.1626190476190476,0.13238095238095238,0.03023809523809523,0.03023809523809523,False,True,5,0.45714285714285713,0.4654761904761905,0.48560860375481785,-0.00833333333333336,-0.02846574661196072,-0.00833333333333336,-0.02846574661196072
db10,db10_mixed_to_amputee,agency_vs_plain_conf_iso_budget,0.02,agency_margin_tau_0.02,plain_conf_threshold_matched_tau_0.02,plain_conf_threshold_iso_budget_curve,final_correct_rate,db10_mixed_to_amputee|S107,S107,ex1,0.32976190476190476,0.12571428571428572,0.20404761904761903,0.008809523809523823,False,True,5,0.46904761904761905,0.4714285714285714,0.5593014275061254,-0.0023809523809523725,-0.09025380845850639,-0.0023809523809523725,-0.09025380845850639
db10,db10_mixed_to_amputee,agency_vs_plain_conf_iso_budget,0.02,agency_margin_tau_0.02,plain_conf_threshold_matched_tau_0.02,plain_conf_threshold_iso_budget_curve,final_correct_rate,db10_mixed_to_amputee|S108,S108,ex1,0.0,0.17714285714285713,-0.17714285714285713,0.17714285714285713,True,False,5,0.06428571428571428,0.21785714285714286,,-0.15357142857142858,,-0.15357142857142858,
db10,db10_mixed_to_amputee,agency_vs_plain_conf_iso_budget,0.02,agency_margin_tau_0.02,plain_conf_threshold_matched_tau_0.02,plain_conf_threshold_iso_budget_curve,final_correct_rate,db10_mixed_to_amputee|S109,S109,ex1,0.21023809523809525,0.15142857142857144,0.05880952380952381,0.05880952380952381,False,True,5,0.46785714285714286,0.5023809523809524,0.5503887269193392,-0.03452380952380951,-0.0825315840621963,-0.03452380952380951,-0.0825315840621963
db10,db10_mixed_to_amputee,agency_vs_plain_conf_iso_budget,0.02,agency_margin_tau_0.02,plain_conf_threshold_matched_tau_0.02,plain_conf_threshold_iso_budget_curve,final_correct_rate,db10_mixed_to_amputee|S110,S110,ex1,0.16476190476190475,0.05071428571428571,0.11404761904761904,0.03023809523809526,False,True,5,0.37857142857142856,0.3535714285714286,0.3836830111582587,0.024999999999999967,-0.0051115825868301434,0.024999999999999967,-0.0051115825868301434
db10,db10_mixed_to_amputee,agency_vs_plain_conf_iso_budget,0.02,agency_margin_tau_0.02,plain_conf_threshold_matched_tau_0.02,plain_conf_threshold_iso_budget_curve,final_correct_rate,db10_mixed_to_amputee|S111,S111,ex1,0.23547619047619048,0.1823809523809524,0.053095238095238084,0.053095238095238084,False,True,5,0.40714285714285714,0.4726190476190476,0.5112279647435898,-0.06547619047619047,-0.10408510760073264,-0.06547619047619047,-0.10408510760073264
db10,db10_mixed_to_amputee,agency_vs_plain_conf_iso_budget,0.02,agency_margin_tau_0.02,plain_conf_threshold_matched_tau_0.02,plain_conf_threshold_iso_budget_curve,final_correct_rate,db10_mixed_to_amputee|S112,S112,ex1,0.2866666666666667,0.08595238095238095,0.20071428571428573,0.06452380952380954,False,True,5,0.5178571428571429,0.5738095238095238,0.685208719851577,-0.055952380952380865,-0.16735157699443415,-0.055952380952380865,-0.16735157699443415
db10,db10_mixed_to_amputee,agency_vs_plain_conf_iso_budget,0.02,agency_margin_tau_0.02,plain_conf_threshold_matched_tau_0.02,plain_conf_threshold_iso_budget_curve,final_correct_rate,db10_mixed_to_amputee|S113,S113,ex1,0.26785714285714285,0.05976190476190476,0.20809523809523808,0.0069047619047619135,False,True,5,0.42142857142857143,0.46904761904761905,0.49491085533739565,-0.047619047619047616,-0.07348228390882422,-0.047619047619047616,-0.07348228390882422
db10,db10_mixed_to_amputee,agency_vs_plain_conf_iso_budget,0.02,agency_margin_tau_0.02,plain_conf_threshold_matched_tau_0.02,plain_conf_threshold_iso_budget_curve,final_correct_rate,db10_mixed_to_amputee|S114,S114,ex1,0.18714285714285714,0.17785714285714285,0.009285714285714286,0.009285714285714286,False,True,5,0.325,0.29285714285714287,0.301113624499739,0.03214285714285714,0.023886375500261015,0.03214285714285714,0.023886375500261015
db10,db10_mixed_to_amputee,agency_vs_plain_conf_iso_budget,0.02,agency_margin_tau_0.02,plain_conf_threshold_matched_tau_0.02,plain_conf_threshold_iso_budget_curve,final_correct_rate,db10_mixed_to_amputee|S115,S115,ex1,0.19023809523809523,0.012380952380952381,0.17785714285714285,0.004285714285714282,True,False,5,0.1357142857142857,0.11428571428571428,,0.021428571428571422,,0.021428571428571422,
db10,db10_mixed_to_amputee,agency_vs_plain_conf_iso_budget,0.05,agency_margin_tau_0.05,plain_conf_threshold_matched_tau_0.05,plain_conf_threshold_iso_budget_curve,final_correct_rate,db10_mixed_to_amputee|S101,S101,ex1,0.4088095238095238,0.35714285714285715,0.05166666666666664,0.05166666666666664,False,True,5,0.594047619047619,0.7571428571428571,0.7695627289377289,-0.16309523809523807,-0.17551510989010988,-0.16309523809523807,-0.17551510989010988
db10,db10_mixed_to_amputee,agency_vs_plain_conf_iso_budget,0.05,agency_margin_tau_0.05,plain_conf_threshold_matched_tau_0.05,plain_conf_threshold_iso_budget_curve,final_correct_rate,db10_mixed_to_amputee|S102,S102,ex1,0.4719047619047619,0.2969047619047619,0.175,0.021428571428571408,False,True,5,0.4785714285714286,0.5773809523809523,0.6594823183965275,-0.09880952380952374,-0.1809108898250989,-0.09880952380952374,-0.1809108898250989
db10,db10_mixed_to_amputee,agency_vs_plain_conf_iso_budget,0.05,agency_margin_tau_0.05,plain_conf_threshold_matched_tau_0.05,plain_conf_threshold_iso_budget_curve,final_correct_rate,db10_mixed_to_amputee|S103,S103,ex1,0.4807142857142857,0.3730952380952381,0.10761904761904761,0.03690476190476194,False,True,5,0.5369047619047619,0.6452380952380953,0.678037969718365,-0.10833333333333339,-0.14113320781360317,-0.10833333333333339,-0.14113320781360317
db10,db10_mixed_to_amputee,agency_vs_plain_conf_iso_budget,0.05,agency_margin_tau_0.05,plain_conf_threshold_matched_tau_0.05,plain_conf_threshold_iso_budget_curve,final_correct_rate,db10_mixed_to_amputee|S104,S104,ex1,0.5823809523809523,0.33785714285714286,0.24452380952380948,0.00023809523809525945,False,True,5,0.5642857142857143,0.6476190476190476,0.7023476782017154,-0.08333333333333337,-0.13806196391600112,-0.08333333333333337,-0.13806196391600112
db10,db10_mixed_to_amputee,agency_vs_plain_conf_iso_budget,0.05,agency_margin_tau_0.05,plain_conf_threshold_matched_tau_0.05,plain_conf_threshold_iso_budget_curve,final_correct_rate,db10_mixed_to_amputee|S105,S105,ex1,0.36142857142857143,0.3580952380952381,0.003333333333333355,0.003333333333333355,False,True,5,0.44047619047619047,0.5452380952380952,0.5464870185800418,-0.10476190476190472,-0.10601082810385132,-0.10476190476190472,-0.10601082810385132
db10,db10_mixed_to_amputee,agency_vs_plain_conf_iso_budget,0.05,agency_margin_tau_0.05,plain_conf_threshold_matched_tau_0.05,plain_conf_threshold_iso_budget_curve,final_correct_rate,db10_mixed_to_amputee|S106,S106,ex1,0.36238095238095236,0.31476190476190474,0.047619047619047616,0.047619047619047616,False,True,5,0.5095238095238095,0.5869047619047619,0.5979720028715003,-0.07738095238095244,-0.08844819334769083,-0.07738095238095244,-0.08844819334769083
db10,db10_mixed_to_amputee,agency_vs_plain_conf_iso_budget,0.05,agency_margin_tau_0.05,plain_conf_threshold_matched_tau_0.05,plain_conf_threshold_iso_budget_curve,final_correct_rate,db10_mixed_to_amputee|S107,S107,ex1,0.5969047619047619,0.3385714285714286,0.25833333333333336,0.03476190476190477,False,True,5,0.46785714285714286,0.5630952380952381,0.607684555303603,-0.09523809523809523,-0.13982741244646013,-0.09523809523809523,-0.13982741244646013
db10,db10_mixed_to_amputee,agency_vs_plain_conf_iso_budget,0.05,agency_margin_tau_0.05,plain_conf_threshold_matched_tau_0.05,plain_conf_threshold_iso_budget_curve,final_correct_rate,db10_mixed_to_amputee|S108,S108,ex1,0.0004761904761904762,0.21714285714285714,-0.21666666666666667,0.17666666666666667,True,False,5,0.06428571428571428,0.25,,-0.18571428571428572,,-0.18571428571428572,
db10,db10_mixed_to_amputee,agency_vs_plain_conf_iso_budget,0.05,agency_margin_tau_0.05,plain_conf_threshold_matched_tau_0.05,plain_conf_threshold_iso_budget_curve,final_correct_rate,db10_mixed_to_amputee|S109,S109,ex1,0.4961904761904762,0.3264285714285714,0.16976190476190478,0.007857142857142896,False,True,5,0.5678571428571428,0.6452380952380953,0.6953019277416059,-0.07738095238095244,-0.1274447848844631,-0.07738095238095244,-0.1274447848844631
db10,db10_mixed_to_amputee,agency_vs_plain_conf_iso_budget,0.05,agency_margin_tau_0.05,plain_conf_threshold_matched_tau_0.05,plain_conf_threshold_iso_budget_curve,final_correct_rate,db10_mixed_to_amputee|S110,S110,ex1,0.4038095238095238,0.195,0.20880952380952378,0.03214285714285714,False,True,5,0.4166666666666667,0.39166666666666666,0.4131489437880415,0.025000000000000022,0.0035177228786251735,0.025000000000000022,0.0035177228786251735
db10,db10_mixed_to_amputee,agency_vs_plain_conf_iso_budget,0.05,agency_margin_tau_0.05,plain_conf_threshold_matched_tau_0.05,plain_conf_threshold_iso_budget_curve,final_correct_rate,db10_mixed_to_amputee|S111,S111,ex1,0.535,0.38047619047619047,0.15452380952380956,0.0045238095238094855,False,True,5,0.5119047619047619,0.6166666666666667,0.6629312802965497,-0.10476190476190483,-0.15102651839178782,-0.10476190476190483,-0.15102651839178782
db10,db10_mixed_to_amputee,agency_vs_plain_conf_iso_budget,0.05,agency_margin_tau_0.05,plain_conf_threshold_matched_tau_0.05,plain_conf_threshold_iso_budget_curve,final_correct_rate,db10_mixed_to_amputee|S112,S112,ex1,0.5523809523809524,0.22214285714285714,0.3302380952380953,0.0023809523809523725,True,False,5,0.5166666666666667,0.6797619047619048,,-0.16309523809523807,,-0.16309523809523807,
db10,db10_mixed_to_amputee,agency_vs_plain_conf_iso_budget,0.05,agency_margin_tau_0.05,plain_conf_threshold_matched_tau_0.05,plain_conf_threshold_iso_budget_curve,final_correct_rate,db10_mixed_to_amputee|S113,S113,ex1,0.675952380952381,0.26095238095238094,0.41500000000000004,0.0714285714285714,True,False,5,0.31785714285714284,0.49523809523809526,,-0.17738095238095242,,-0.17738095238095242,
db10,db10_mixed_to_amputee,agency_vs_plain_conf_iso_budget,0.05,agency_margin_tau_0.05,plain_conf_threshold_matched_tau_0.05,plain_conf_threshold_iso_budget_curve,final_correct_rate,db10_mixed_to_amputee|S114,S114,ex1,0.3883333333333333,0.37333333333333335,0.014999999999999958,0.014999999999999958,False,True,5,0.4297619047619048,0.4666666666666667,0.4745668034655723,-0.036904761904761885,-0.044804898703667495,-0.036904761904761885,-0.044804898703667495
db10,db10_mixed_to_amputee,agency_vs_plain_conf_iso_budget,0.05,agency_margin_tau_0.05,plain_conf_threshold_matched_tau_0.05,plain_conf_threshold_iso_budget_curve,final_correct_rate,db10_mixed_to_amputee|S115,S115,ex1,0.4766666666666667,0.05857142857142857,0.41809523809523813,0.2907142857142857,True,False,5,0.15595238095238095,0.1357142857142857,,0.02023809523809525,,0.02023809523809525,
db10,db10_mixed_to_amputee,agency_vs_plain_conf_iso_budget,0.10,agency_margin_tau_0.10,plain_conf_threshold_matched_tau_0.10,plain_conf_threshold_iso_budget_curve,final_correct_rate,db10_mixed_to_amputee|S101,S101,ex1,0.5442857142857143,0.48095238095238096,0.0633333333333333,0.008809523809523823,False,True,5,0.6821428571428572,0.7869047619047619,0.7952655979883703,-0.10476190476190472,-0.1131227408455131,-0.10476190476190472,-0.1131227408455131
db10,db10_mixed_to_amputee,agency_vs_plain_conf_iso_budget,0.10,agency_margin_tau_0.10,plain_conf_threshold_matched_tau_0.10,plain_conf_threshold_iso_budget_curve,final_correct_rate,db10_mixed_to_amputee|S102,S102,ex1,0.6221428571428571,0.4504761904761905,0.17166666666666663,0.052857142857142825,True,False,5,0.575,0.6583333333333333,,-0.08333333333333337,,-0.08333333333333337,
db10,db10_mixed_to_amputee,agency_vs_plain_conf_iso_budget,0.10,agency_margin_tau_0.10,plain_conf_threshold_matched_tau_0.10,plain_conf_threshold_iso_budget_curve,final_correct_rate,db10_mixed_to_amputee|S103,S103,ex1,0.6438095238095238,0.5176190476190476,0.1261904761904762,0.01571428571428579,True,False,5,0.638095238095238,0.6892857142857143,,-0.05119047619047623,,-0.05119047619047623,
db10,db10_mixed_to_amputee,agency_vs_plain_conf_iso_budget,0.10,agency_margin_tau_0.10,plain_conf_threshold_matched_tau_0.10,plain_conf_threshold_iso_budget_curve,final_correct_rate,db10_mixed_to_amputee|S104,S104,ex1,0.7130952380952381,0.5059523809523809,0.20714285714285718,0.09880952380952379,True,False,5,0.6726190476190477,0.6916666666666667,,-0.01904761904761898,,-0.01904761904761898,
db10,db10_mixed_to_amputee,agency_vs_plain_conf_iso_budget,0.10,agency_margin_tau_0.10,plain_conf_threshold_matched_tau_0.10,plain_conf_threshold_iso_budget_curve,final_correct_rate,db10_mixed_to_amputee|S105,S105,ex1,0.5757142857142857,0.5423809523809524,0.033333333333333326,0.033333333333333326,False,True,5,0.544047619047619,0.6142857142857143,0.620988127154347,-0.07023809523809532,-0.07694050810672803,-0.07023809523809532,-0.07694050810672803
db10,db10_mixed_to_amputee,agency_vs_plain_conf_iso_budget,0.10,agency_margin_tau_0.10,plain_conf_threshold_matched_tau_0.10,plain_conf_threshold_iso_budget_curve,final_correct_rate,db10_mixed_to_amputee|S106,S106,ex1,0.5692857142857143,0.5042857142857143,0.06499999999999995,0.020476190476190426,False,True,5,0.5642857142857143,0.6309523809523809,0.6372894283061413,-0.06666666666666665,-0.07300371402042705,-0.06666666666666665,-0.07300371402042705
db10,db10_mixed_to_amputee,agency_vs_plain_conf_iso_budget,0.10,agency_margin_tau_0.10,plain_conf_threshold_matched_tau_0.10,plain_conf_threshold_iso_budget_curve,final_correct_rate,db10_mixed_to_amputee|S107,S107,ex1,0.7471428571428571,0.5416666666666666,0.20547619047619048,0.08071428571428563,True,False,5,0.525,0.6047619047619047,,-0.0797619047619047,,-0.0797619047619047,
db10,db10_mixed_to_amputee,agency_vs_plain_conf_iso_budget,0.10,agency_margin_tau_0.10,plain_conf_threshold_matched_tau_0.10,plain_conf_threshold_iso_budget_curve,final_correct_rate,db10_mixed_to_amputee|S108,S108,ex1,0.02095238095238095,0.37285714285714283,-0.3519047619047619,0.15619047619047619,True,False,5,0.07738095238095238,0.26785714285714285,,-0.19047619047619047,,-0.19047619047619047,
db10,db10_mixed_to_amputee,agency_vs_plain_conf_iso_budget,0.10,agency_margin_tau_0.10,plain_conf_threshold_matched_tau_0.10,plain_conf_threshold_iso_budget_curve,final_correct_rate,db10_mixed_to_amputee|S109,S109,ex1,0.6923809523809524,0.5040476190476191,0.18833333333333335,0.06761904761904769,True,False,5,0.7261904761904762,0.6976190476190476,,0.02857142857142858,,0.02857142857142858,
db10,db10_mixed_to_amputee,agency_vs_plain_conf_iso_budget,0.10,agency_margin_tau_0.10,plain_conf_threshold_matched_tau_0.10,plain_conf_threshold_iso_budget_curve,final_correct_rate,db10_mixed_to_amputee|S110,S110,ex1,0.6523809523809524,0.37166666666666665,0.28071428571428575,0.15047619047619054,True,False,5,0.3821428571428571,0.4095238095238095,,-0.027380952380952395,,-0.027380952380952395,
db10,db10_mixed_to_amputee,agency_vs_plain_conf_iso_budget,0.10,agency_margin_tau_0.10,plain_conf_threshold_matched_tau_0.10,plain_conf_threshold_iso_budget_curve,final_correct_rate,db10_mixed_to_amputee|S111,S111,ex1,0.7397619047619047,0.5395238095238095,0.20023809523809522,0.06285714285714283,True,False,5,0.6476190476190476,0.6642857142857143,,-0.016666666666666607,,-0.016666666666666607,
db10,db10_mixed_to_amputee,agency_vs_plain_conf_iso_budget,0.10,agency_margin_tau_0.10,plain_conf_threshold_matched_tau_0.10,plain_conf_threshold_iso_budget_curve,final_correct_rate,db10_mixed_to_amputee|S112,S112,ex1,0.6676190476190477,0.4054761904761905,0.2621428571428572,0.11761904761904762,True,False,5,0.6011904761904762,0.6952380952380952,,-0.09404761904761905,,-0.09404761904761905,
db10,db10_mixed_to_amputee,agency_vs_plain_conf_iso_budget,0.10,agency_margin_tau_0.10,plain_conf_threshold_matched_tau_0.10,plain_conf_threshold_iso_budget_curve,final_correct_rate,db10_mixed_to_amputee|S113,S113,ex1,0.7792857142857142,0.46190476190476193,0.3173809523809523,0.17476190476190467,True,False,5,0.38095238095238093,0.4857142857142857,,-0.10476190476190478,,-0.10476190476190478,
db10,db10_mixed_to_amputee,agency_vs_plain_conf_iso_budget,0.10,agency_margin_tau_0.10,plain_conf_threshold_matched_tau_0.10,plain_conf_threshold_iso_budget_curve,final_correct_rate,db10_mixed_to_amputee|S114,S114,ex1,0.6345238095238095,0.5473809523809524,0.08714285714285708,0.02595238095238095,False,True,5,0.5607142857142857,0.5583333333333333,0.5996115288220552,0.0023809523809523725,-0.03889724310776943,0.0023809523809523725,-0.03889724310776943
db10,db10_mixed_to_amputee,agency_vs_plain_conf_iso_budget,0.10,agency_margin_tau_0.10,plain_conf_threshold_matched_tau_0.10,plain_conf_threshold_iso_budget_curve,final_correct_rate,db10_mixed_to_amputee|S115,S115,ex1,0.7814285714285715,0.12333333333333334,0.6580952380952382,0.5954761904761905,True,False,5,0.21071428571428572,0.15,,0.06071428571428572,,0.06071428571428572,
db10,db10_mixed_to_amputee,agency_vs_plain_conf_iso_budget,0.15,agency_margin_tau_0.15,plain_conf_threshold_matched_tau_0.15,plain_conf_threshold_iso_budget_curve,final_correct_rate,db10_mixed_to_amputee|S101,S101,ex1,0.6326190476190476,0.5530952380952381,0.07952380952380955,0.053333333333333344,True,False,5,0.7583333333333333,0.7964285714285714,,-0.03809523809523807,,-0.03809523809523807,
db10,db10_mixed_to_amputee,agency_vs_plain_conf_iso_budget,0.15,agency_margin_tau_0.15,plain_conf_threshold_matched_tau_0.15,plain_conf_threshold_iso_budget_curve,final_correct_rate,db10_mixed_to_amputee|S102,S102,ex1,0.6985714285714286,0.5392857142857143,0.15928571428571436,0.12928571428571434,True,False,5,0.6428571428571429,0.6630952380952381,,-0.020238095238095166,,-0.020238095238095166,
db10,db10_mixed_to_amputee,agency_vs_plain_conf_iso_budget,0.15,agency_margin_tau_0.15,plain_conf_threshold_matched_tau_0.15,plain_conf_threshold_iso_budget_curve,final_correct_rate,db10_mixed_to_amputee|S103,S103,ex1,0.714047619047619,0.5995238095238096,0.11452380952380947,0.085952380952381,True,False,5,0.7,0.7107142857142857,,-0.010714285714285787,,-0.010714285714285787,
db10,db10_mixed_to_amputee,agency_vs_plain_conf_iso_budget,0.15,agency_margin_tau_0.15,plain_conf_threshold_matched_tau_0.15,plain_conf_threshold_iso_budget_curve,final_correct_rate,db10_mixed_to_amputee|S104,S104,ex1,0.7385714285714285,0.5826190476190476,0.15595238095238095,0.12428571428571422,True,False,5,0.6964285714285714,0.7023809523809523,,-0.005952380952380931,,-0.005952380952380931,
db10,db10_mixed_to_amputee,agency_vs_plain_conf_iso_budget,0.15,agency_margin_tau_0.15,plain_conf_threshold_matched_tau_0.15,plain_conf_threshold_iso_budget_curve,final_correct_rate,db10_mixed_to_amputee|S105,S105,ex1,0.6880952380952381,0.6311904761904762,0.0569047619047619,0.02523809523809528,True,False,5,0.6107142857142858,0.6321428571428571,,-0.021428571428571352,,-0.021428571428571352,
db10,db10_mixed_to_amputee,agency_vs_plain_conf_iso_budget,0.15,agency_margin_tau_0.15,plain_conf_threshold_matched_tau_0.15,plain_conf_threshold_iso_budget_curve,final_correct_rate,db10_mixed_to_amputee|S106,S106,ex1,0.6676190476190477,0.5897619047619047,0.07785714285714296,0.04880952380952386,True,False,5,0.5916666666666667,0.6392857142857142,,-0.04761904761904756,,-0.04761904761904756,
db10,db10_mixed_to_amputee,agency_vs_plain_conf_iso_budget,0.15,agency_margin_tau_0.15,plain_conf_threshold_matched_tau_0.15,plain_conf_threshold_iso_budget_curve,final_correct_rate,db10_mixed_to_amputee|S107,S107,ex1,0.8076190476190476,0.6316666666666667,0.17595238095238086,0.1411904761904761,True,False,5,0.5857142857142857,0.6095238095238096,,-0.023809523809523836,,-0.023809523809523836,
db10,db10_mixed_to_amputee,agency_vs_plain_conf_iso_budget,0.15,agency_margin_tau_0.15,plain_conf_threshold_matched_tau_0.15,plain_conf_threshold_iso_budget_curve,final_correct_rate,db10_mixed_to_amputee|S108,S108,ex1,0.9030952380952381,0.49523809523809526,0.4078571428571428,0.3438095238095238,True,False,5,0.5035714285714286,0.29523809523809524,,0.20833333333333331,,0.20833333333333331,
db10,db10_mixed_to_amputee,agency_vs_plain_conf_iso_budget,0.15,agency_margin_tau_0.15,plain_conf_threshold_matched_tau_0.15,plain_conf_threshold_iso_budget_curve,final_correct_rate,db10_mixed_to_amputee|S109,S109,ex1,0.7304761904761905,0.5916666666666667,0.13880952380952383,0.10571428571428576,True,False,5,0.763095238095238,0.7214285714285714,,0.04166666666666663,,0.04166666666666663,
db10,db10_mixed_to_amputee,agency_vs_plain_conf_iso_budget,0.15,agency_margin_tau_0.15,plain_conf_threshold_matched_tau_0.15,plain_conf_threshold_iso_budget_curve,final_correct_rate,db10_mixed_to_amputee|S110,S110,ex1,0.7307142857142858,0.4666666666666667,0.2640476190476191,0.2288095238095239,True,False,5,0.4095238095238095,0.42023809523809524,,-0.010714285714285732,,-0.010714285714285732,
db10,db10_mixed_to_amputee,agency_vs_plain_conf_iso_budget,0.15,agency_margin_tau_0.15,plain_conf_threshold_matched_tau_0.15,plain_conf_threshold_iso_budget_curve,final_correct_rate,db10_mixed_to_amputee|S111,S111,ex1,0.8271428571428572,0.6369047619047619,0.19023809523809532,0.15023809523809528,True,False,5,0.7095238095238096,0.6952380952380952,,0.014285714285714346,,0.014285714285714346,
db10,db10_mixed_to_amputee,agency_vs_plain_conf_iso_budget,0.15,agency_margin_tau_0.15,plain_conf_threshold_matched_tau_0.15,plain_conf_threshold_iso_budget_curve,final_correct_rate,db10_mixed_to_amputee|S112,S112,ex1,0.7095238095238096,0.5138095238095238,0.19571428571428573,0.1595238095238095,True,False,5,0.6464285714285715,0.6833333333333333,,-0.036904761904761885,,-0.036904761904761885,
db10,db10_mixed_to_amputee,agency_vs_plain_conf_iso_budget,0.15,agency_margin_tau_0.15,plain_conf_threshold_matched_tau_0.15,plain_conf_threshold_iso_budget_curve,final_correct_rate,db10_mixed_to_amputee|S113,S113,ex1,0.8145238095238095,0.570952380952381,0.24357142857142855,0.20999999999999996,True,False,5,0.4119047619047619,0.4797619047619048,,-0.0678571428571429,,-0.0678571428571429,
db10,db10_mixed_to_amputee,agency_vs_plain_conf_iso_budget,0.15,agency_margin_tau_0.15,plain_conf_threshold_matched_tau_0.15,plain_conf_threshold_iso_budget_curve,final_correct_rate,db10_mixed_to_amputee|S114,S114,ex1,0.7854761904761904,0.6604761904761904,0.125,0.09285714285714286,True,False,5,0.6595238095238095,0.611904761904762,,0.04761904761904756,,0.04761904761904756,
db10,db10_mixed_to_amputee,agency_vs_plain_conf_iso_budget,0.15,agency_margin_tau_0.15,plain_conf_threshold_matched_tau_0.15,plain_conf_threshold_iso_budget_curve,final_correct_rate,db10_mixed_to_amputee|S115,S115,ex1,0.8783333333333333,0.1711904761904762,0.7071428571428571,0.6923809523809523,True,False,5,0.24404761904761904,0.15714285714285714,,0.0869047619047619,,0.0869047619047619,
db10,db10_mixed_to_amputee,agency_vs_plain_conf_iso_budget,0.20,agency_margin_tau_0.20,plain_conf_threshold_matched_tau_0.20,plain_conf_threshold_iso_budget_curve,final_correct_rate,db10_mixed_to_amputee|S101,S101,ex1,0.6645238095238095,0.5792857142857143,0.08523809523809522,0.08523809523809522,True,False,5,0.7833333333333333,0.7988095238095239,,-0.015476190476190532,,-0.015476190476190532,
db10,db10_mixed_to_amputee,agency_vs_plain_conf_iso_budget,0.20,agency_margin_tau_0.20,plain_conf_threshold_matched_tau_0.20,plain_conf_threshold_iso_budget_curve,final_correct_rate,db10_mixed_to_amputee|S102,S102,ex1,0.7335714285714285,0.5692857142857143,0.16428571428571426,0.16428571428571426,True,False,5,0.6904761904761905,0.6714285714285714,,0.01904761904761909,,0.01904761904761909,
db10,db10_mixed_to_amputee,agency_vs_plain_conf_iso_budget,0.20,agency_margin_tau_0.20,plain_conf_threshold_matched_tau_0.20,plain_conf_threshold_iso_budget_curve,final_correct_rate,db10_mixed_to_amputee|S103,S103,ex1,0.7378571428571429,0.628095238095238,0.10976190476190484,0.10976190476190484,True,False,5,0.725,0.7154761904761905,,0.00952380952380949,,0.00952380952380949,
db10,db10_mixed_to_amputee,agency_vs_plain_conf_iso_budget,0.20,agency_margin_tau_0.20,plain_conf_threshold_matched_tau_0.20,plain_conf_threshold_iso_budget_curve,final_correct_rate,db10_mixed_to_amputee|S104,S104,ex1,0.7421428571428571,0.6142857142857143,0.12785714285714278,0.12785714285714278,True,False,5,0.7023809523809523,0.7011904761904761,,0.0011904761904761862,,0.0011904761904761862,
db10,db10_mixed_to_amputee,agency_vs_plain_conf_iso_budget,0.20,agency_margin_tau_0.20,plain_conf_threshold_matched_tau_0.20,plain_conf_threshold_iso_budget_curve,final_correct_rate,db10_mixed_to_amputee|S105,S105,ex1,0.7552380952380953,0.6628571428571428,0.09238095238095245,0.09238095238095245,True,False,5,0.6535714285714286,0.6452380952380953,,0.008333333333333304,,0.008333333333333304,
db10,db10_mixed_to_amputee,agency_vs_plain_conf_iso_budget,0.20,agency_margin_tau_0.20,plain_conf_threshold_matched_tau_0.20,plain_conf_threshold_iso_budget_curve,final_correct_rate,db10_mixed_to_amputee|S106,S106,ex1,0.709047619047619,0.6188095238095238,0.09023809523809523,0.09023809523809523,True,False,5,0.6321428571428571,0.65,,-0.017857142857142905,,-0.017857142857142905,
db10,db10_mixed_to_amputee,agency_vs_plain_conf_iso_budget,0.20,agency_margin_tau_0.20,plain_conf_threshold_matched_tau_0.20,plain_conf_threshold_iso_budget_curve,final_correct_rate,db10_mixed_to_amputee|S107,S107,ex1,0.825952380952381,0.6664285714285715,0.1595238095238095,0.1595238095238095,True,False,5,0.6059523809523809,0.6047619047619047,,0.0011904761904761862,,0.0011904761904761862,
db10,db10_mixed_to_amputee,agency_vs_plain_conf_iso_budget,0.20,agency_margin_tau_0.20,plain_conf_threshold_matched_tau_0.20,plain_conf_threshold_iso_budget_curve,final_correct_rate,db10_mixed_to_amputee|S108,S108,ex1,0.9997619047619047,0.5592857142857143,0.44047619047619047,0.44047619047619047,True,False,5,0.45,0.3119047619047619,,0.1380952380952381,,0.1380952380952381,
db10,db10_mixed_to_amputee,agency_vs_plain_conf_iso_budget,0.20,agency_margin_tau_0.20,plain_conf_threshold_matched_tau_0.20,plain_conf_threshold_iso_budget_curve,final_correct_rate,db10_mixed_to_amputee|S109,S109,ex1,0.7371428571428571,0.6247619047619047,0.11238095238095236,0.11238095238095236,True,False,5,0.7690476190476191,0.7321428571428571,,0.036904761904761996,,0.036904761904761996,
db10,db10_mixed_to_amputee,agency_vs_plain_conf_iso_budget,0.20,agency_margin_tau_0.20,plain_conf_threshold_matched_tau_0.20,plain_conf_threshold_iso_budget_curve,final_correct_rate,db10_mixed_to_amputee|S110,S110,ex1,0.7569047619047619,0.5019047619047619,0.255,0.255,True,False,5,0.43333333333333335,0.4226190476190476,,0.010714285714285732,,0.010714285714285732,
db10,db10_mixed_to_amputee,agency_vs_plain_conf_iso_budget,0.20,agency_margin_tau_0.20,plain_conf_threshold_matched_tau_0.20,plain_conf_threshold_iso_budget_curve,final_correct_rate,db10_mixed_to_amputee|S111,S111,ex1,0.8383333333333334,0.6769047619047619,0.16142857142857148,0.16142857142857148,True,False,5,0.7214285714285714,0.7011904761904761,,0.020238095238095277,,0.020238095238095277,
db10,db10_mixed_to_amputee,agency_vs_plain_conf_iso_budget,0.20,agency_margin_tau_0.20,plain_conf_threshold_matched_tau_0.20,plain_conf_threshold_iso_budget_curve,final_correct_rate,db10_mixed_to_amputee|S112,S112,ex1,0.7214285714285714,0.55,0.17142857142857137,0.17142857142857137,True,False,5,0.6630952380952381,0.6761904761904762,,-0.01309523809523816,,-0.01309523809523816,
db10,db10_mixed_to_amputee,agency_vs_plain_conf_iso_budget,0.20,agency_margin_tau_0.20,plain_conf_threshold_matched_tau_0.20,plain_conf_threshold_iso_budget_curve,final_correct_rate,db10_mixed_to_amputee|S113,S113,ex1,0.8321428571428572,0.6045238095238096,0.2276190476190476,0.2276190476190476,True,False,5,0.42738095238095236,0.4785714285714286,,-0.05119047619047623,,-0.05119047619047623,
db10,db10_mixed_to_amputee,agency_vs_plain_conf_iso_budget,0.20,agency_margin_tau_0.20,plain_conf_threshold_matched_tau_0.20,plain_conf_threshold_iso_budget_curve,final_correct_rate,db10_mixed_to_amputee|S114,S114,ex1,0.8269047619047619,0.6926190476190476,0.13428571428571434,0.13428571428571434,True,False,5,0.6845238095238095,0.6309523809523809,,0.0535714285714286,,0.0535714285714286,
db10,db10_mixed_to_amputee,agency_vs_plain_conf_iso_budget,0.20,agency_margin_tau_0.20,plain_conf_threshold_matched_tau_0.20,plain_conf_threshold_iso_budget_curve,final_correct_rate,db10_mixed_to_amputee|S115,S115,ex1,0.8897619047619048,0.18595238095238095,0.7038095238095238,0.7038095238095238,True,False,5,0.2488095238095238,0.1630952380952381,,0.08571428571428572,,0.08571428571428572,
db10,db10_mixed_to_amputee,agency_vs_plain_conf_iso_budget,0.02,agency_margin_tau_0.02,plain_conf_threshold_matched_tau_0.02,plain_conf_threshold_iso_budget_curve,median_earliest_safe_s,db10_mixed_to_amputee|S101,S101,ex1,0.19476190476190477,0.2211904761904762,-0.026428571428571412,0.026428571428571412,True,False,5,0.4,0.6,,-0.19999999999999996,,0.19999999999999996,
db10,db10_mixed_to_amputee,agency_vs_plain_conf_iso_budget,0.02,agency_margin_tau_0.02,plain_conf_threshold_matched_tau_0.02,plain_conf_threshold_iso_budget_curve,median_earliest_safe_s,db10_mixed_to_amputee|S102,S102,ex1,0.17595238095238094,0.10833333333333334,0.0676190476190476,0.0676190476190476,False,True,5,0.4,0.6,0.4565656565656566,-0.19999999999999996,-0.0565656565656566,0.19999999999999996,0.0565656565656566
db10,db10_mixed_to_amputee,agency_vs_plain_conf_iso_budget,0.02,agency_margin_tau_0.02,plain_conf_threshold_matched_tau_0.02,plain_conf_threshold_iso_budget_curve,median_earliest_safe_s,db10_mixed_to_amputee|S103,S103,ex1,0.23095238095238096,0.1926190476190476,0.03833333333333336,0.03833333333333336,False,True,5,0.4,0.4,0.4,0.0,0.0,0.0,0.0
db10,db10_mixed_to_amputee,agency_vs_plain_conf_iso_budget,0.02,agency_margin_tau_0.02,plain_conf_threshold_matched_tau_0.02,plain_conf_threshold_iso_budget_curve,median_earliest_safe_s,db10_mixed_to_amputee|S104,S104,ex1,0.3759523809523809,0.16238095238095238,0.21357142857142855,0.03809523809523807,False,True,5,0.4,0.4,0.35467422096317286,0.0,0.04532577903682716,0.0,-0.04532577903682716
db10,db10_mixed_to_amputee,agency_vs_plain_conf_iso_budget,0.02,agency_margin_tau_0.02,plain_conf_threshold_matched_tau_0.02,plain_conf_threshold_iso_budget_curve,median_earliest_safe_s,db10_mixed_to_amputee|S105,S105,ex1,0.1411904761904762,0.1554761904761905,-0.01428571428571429,0.01428571428571429,True,False,5,0.6,0.8,,-0.20000000000000007,,0.20000000000000007,
db10,db10_mixed_to_amputee,agency_vs_plain_conf_iso_budget,0.02,agency_margin_tau_0.02,plain_conf_threshold_matched_tau_0.02,plain_conf_threshold_iso_budget_curve,median_earliest_safe_s,db10_mixed_to_amputee|S106,S106,ex1,0.1626190476190476,0.13238095238095238,0.03023809523809523,0.03023809523809523,False,True,5,0.4,0.4,0.4,0.0,0.0,0.0,0.0
db10,db10_mixed_to_amputee,agency_vs_plain_conf_iso_budget,0.02,agency_margin_tau_0.02,plain_conf_threshold_matched_tau_0.02,plain_conf_threshold_iso_budget_curve,median_earliest_safe_s,db10_mixed_to_amputee|S107,S107,ex1,0.32976190476190476,0.12571428571428572,0.20404761904761903,0.008809523809523823,False,True,5,0.4,0.6,0.4082774049217003,-0.19999999999999996,-0.00827740492170026,0.19999999999999996,0.00827740492170026
db10,db10_mixed_to_amputee,agency_vs_plain_conf_iso_budget,0.02,agency_margin_tau_0.02,plain_conf_threshold_matched_tau_0.02,plain_conf_threshold_iso_budget_curve,median_earliest_safe_s,db10_mixed_to_amputee|S108,S108,ex1,0.0,0.17714285714285713,-0.17714285714285713,0.37285714285714283,True,False,3,,,,,,,
db10,db10_mixed_to_amputee,agency_vs_plain_conf_iso_budget,0.02,agency_margin_tau_0.02,plain_conf_threshold_matched_tau_0.02,plain_conf_threshold_iso_budget_curve,median_earliest_safe_s,db10_mixed_to_amputee|S109,S109,ex1,0.21023809523809525,0.15142857142857144,0.05880952380952381,0.05880952380952381,False,True,5,0.6,0.6,0.5327891156462585,0.0,0.06721088435374145,0.0,-0.06721088435374145
db10,db10_mixed_to_amputee,agency_vs_plain_conf_iso_budget,0.02,agency_margin_tau_0.02,plain_conf_threshold_matched_tau_0.02,plain_conf_threshold_iso_budget_curve,median_earliest_safe_s,db10_mixed_to_amputee|S110,S110,ex1,0.16476190476190475,0.05071428571428571,0.11404761904761904,0.03023809523809526,False,True,5,0.4,0.4,0.4,0.0,0.0,0.0,0.0
db10,db10_mixed_to_amputee,agency_vs_plain_conf_iso_budget,0.02,agency_margin_tau_0.02,plain_conf_threshold_matched_tau_0.02,plain_conf_threshold_iso_budget_curve,median_earliest_safe_s,db10_mixed_to_amputee|S111,S111,ex1,0.23547619047619048,0.1823809523809524,0.053095238095238084,0.053095238095238084,False,True,5,0.4,0.6,0.5463942307692308,-0.19999999999999996,-0.14639423076923075,0.19999999999999996,0.14639423076923075
db10,db10_mixed_to_amputee,agency_vs_plain_conf_iso_budget,0.02,agency_margin_tau_0.02,plain_conf_threshold_matched_tau_0.02,plain_conf_threshold_iso_budget_curve,median_earliest_safe_s,db10_mixed_to_amputee|S112,S112,ex1,0.2866666666666667,0.08595238095238095,0.20071428571428573,0.06452380952380954,False,True,5,0.4,0.4,0.32961038961038963,0.0,0.07038961038961039,0.0,-0.07038961038961039
db10,db10_mixed_to_amputee,agency_vs_plain_conf_iso_budget,0.02,agency_margin_tau_0.02,plain_conf_threshold_matched_tau_0.02,plain_conf_threshold_iso_budget_curve,median_earliest_safe_s,db10_mixed_to_amputee|S113,S113,ex1,0.26785714285714285,0.05976190476190476,0.20809523809523808,0.0069047619047619135,False,True,5,0.4,0.4,0.2,0.0,0.2,0.0,-0.2
db10,db10_mixed_to_amputee,agency_vs_plain_conf_iso_budget,0.02,agency_margin_tau_0.02,plain_conf_threshold_matched_tau_0.02,plain_conf_threshold_iso_budget_curve,median_earliest_safe_s,db10_mixed_to_amputee|S114,S114,ex1,0.18714285714285714,0.17785714285714285,0.009285714285714286,0.009285714285714286,False,True,5,0.4,0.4,0.4,0.0,0.0,0.0,0.0
db10,db10_mixed_to_amputee,agency_vs_plain_conf_iso_budget,0.02,agency_margin_tau_0.02,plain_conf_threshold_matched_tau_0.02,plain_conf_threshold_iso_budget_curve,median_earliest_safe_s,db10_mixed_to_amputee|S115,S115,ex1,0.19023809523809523,0.012380952380952381,0.17785714285714285,0.004285714285714282,True,False,5,0.4,0.6,,-0.19999999999999996,,0.19999999999999996,
db10,db10_mixed_to_amputee,agency_vs_plain_conf_iso_budget,0.05,agency_margin_tau_0.05,plain_conf_threshold_matched_tau_0.05,plain_conf_threshold_iso_budget_curve,median_earliest_safe_s,db10_mixed_to_amputee|S101,S101,ex1,0.4088095238095238,0.35714285714285715,0.05166666666666664,0.05166666666666664,False,True,5,0.4,0.4,0.3165384615384616,0.0,0.08346153846153842,0.0,-0.08346153846153842
db10,db10_mixed_to_amputee,agency_vs_plain_conf_iso_budget,0.05,agency_margin_tau_0.05,plain_conf_threshold_matched_tau_0.05,plain_conf_threshold_iso_budget_curve,median_earliest_safe_s,db10_mixed_to_amputee|S102,S102,ex1,0.4719047619047619,0.2969047619047619,0.175,0.021428571428571408,False,True,5,0.2,0.2,0.2,0.0,0.0,0.0,0.0
db10,db10_mixed_to_amputee,agency_vs_plain_conf_iso_budget,0.05,agency_margin_tau_0.05,plain_conf_threshold_matched_tau_0.05,plain_conf_threshold_iso_budget_curve,median_earliest_safe_s,db10_mixed_to_amputee|S103,S103,ex1,0.4807142857142857,0.3730952380952381,0.10761904761904761,0.03690476190476194,False,True,5,0.4,0.4,0.25107084019769366,0.0,0.14892915980230637,0.0,-0.14892915980230637
db10,db10_mixed_to_amputee,agency_vs_plain_conf_iso_budget,0.05,agency_margin_tau_0.05,plain_conf_threshold_matched_tau_0.05,plain_conf_threshold_iso_budget_curve,median_earliest_safe_s,db10_mixed_to_amputee|S104,S104,ex1,0.5823809523809523,0.33785714285714286,0.24452380952380948,0.00023809523809525945,False,True,5,0.2,0.4,0.2,-0.2,0.0,0.2,0.0
db10,db10_mixed_to_amputee,agency_vs_plain_conf_iso_budget,0.05,agency_margin_tau_0.05,plain_conf_threshold_matched_tau_0.05,plain_conf_threshold_iso_budget_curve,median_earliest_safe_s,db10_mixed_to_amputee|S105,S105,ex1,0.36142857142857143,0.3580952380952381,0.003333333333333355,0.003333333333333355,False,True,5,0.4,0.4,0.4,0.0,0.0,0.0,0.0
db10,db10_mixed_to_amputee,agency_vs_plain_conf_iso_budget,0.05,agency_margin_tau_0.05,plain_conf_threshold_matched_tau_0.05,plain_conf_threshold_iso_budget_curve,median_earliest_safe_s,db10_mixed_to_amputee|S106,S106,ex1,0.36238095238095236,0.31476190476190474,0.047619047619047616,0.047619047619047616,False,True,5,0.4,0.4,0.349748743718593,0.0,0.05025125628140703,0.0,-0.05025125628140703
db10,db10_mixed_to_amputee,agency_vs_plain_conf_iso_budget,0.05,agency_margin_tau_0.05,plain_conf_threshold_matched_tau_0.05,plain_conf_threshold_iso_budget_curve,median_earliest_safe_s,db10_mixed_to_amputee|S107,S107,ex1,0.5969047619047619,0.3385714285714286,0.25833333333333336,0.03476190476190477,False,True,5,0.2,0.4,0.2,-0.2,0.0,0.2,0.0
db10,db10_mixed_to_amputee,agency_vs_plain_conf_iso_budget,0.05,agency_margin_tau_0.05,plain_conf_threshold_matched_tau_0.05,plain_conf_threshold_iso_budget_curve,median_earliest_safe_s,db10_mixed_to_amputee|S108,S108,ex1,0.0004761904761904762,0.21714285714285714,-0.21666666666666667,0.37238095238095237,True,False,3,0.7,,,,,,
db10,db10_mixed_to_amputee,agency_vs_plain_conf_iso_budget,0.05,agency_margin_tau_0.05,plain_conf_threshold_matched_tau_0.05,plain_conf_threshold_iso_budget_curve,median_earliest_safe_s,db10_mixed_to_amputee|S109,S109,ex1,0.4961904761904762,0.3264285714285714,0.16976190476190478,0.007857142857142896,False,True,5,0.4,0.4,0.20884718498659524,0.0,0.19115281501340478,0.0,-0.19115281501340478
db10,db10_mixed_to_amputee,agency_vs_plain_conf_iso_budget,0.05,agency_margin_tau_0.05,plain_conf_threshold_matched_tau_0.05,plain_conf_threshold_iso_budget_curve,median_earliest_safe_s,db10_mixed_to_amputee|S110,S110,ex1,0.4038095238095238,0.195,0.20880952380952378,0.03214285714285714,False,True,5,0.4,0.4,0.2,0.0,0.2,0.0,-0.2
db10,db10_mixed_to_amputee,agency_vs_plain_conf_iso_budget,0.05,agency_margin_tau_0.05,plain_conf_threshold_matched_tau_0.05,plain_conf_threshold_iso_budget_curve,median_earliest_safe_s,db10_mixed_to_amputee|S111,S111,ex1,0.535,0.38047619047619047,0.15452380952380956,0.0045238095238094855,False,True,5,0.2,0.4,0.20568862275449096,-0.2,-0.005688622754490946,0.2,0.005688622754490946
db10,db10_mixed_to_amputee,agency_vs_plain_conf_iso_budget,0.05,agency_margin_tau_0.05,plain_conf_threshold_matched_tau_0.05,plain_conf_threshold_iso_budget_curve,median_earliest_safe_s,db10_mixed_to_amputee|S112,S112,ex1,0.5523809523809524,0.22214285714285714,0.3302380952380953,0.0023809523809523725,True,False,5,0.2,0.4,,-0.2,,0.2,
db10,db10_mixed_to_amputee,agency_vs_plain_conf_iso_budget,0.05,agency_margin_tau_0.05,plain_conf_threshold_matched_tau_0.05,plain_conf_threshold_iso_budget_curve,median_earliest_safe_s,db10_mixed_to_amputee|S113,S113,ex1,0.675952380952381,0.26095238095238094,0.41500000000000004,0.0714285714285714,True,False,5,0.2,0.2,,0.0,,0.0,
db10,db10_mixed_to_amputee,agency_vs_plain_conf_iso_budget,0.05,agency_margin_tau_0.05,plain_conf_threshold_matched_tau_0.05,plain_conf_threshold_iso_budget_curve,median_earliest_safe_s,db10_mixed_to_amputee|S114,S114,ex1,0.3883333333333333,0.37333333333333335,0.014999999999999958,0.014999999999999958,False,True,5,0.4,0.4,0.3827633378932969,0.0,0.017236662106703105,0.0,-0.017236662106703105
db10,db10_mixed_to_amputee,agency_vs_plain_conf_iso_budget,0.05,agency_margin_tau_0.05,plain_conf_threshold_matched_tau_0.05,plain_conf_threshold_iso_budget_curve,median_earliest_safe_s,db10_mixed_to_amputee|S115,S115,ex1,0.4766666666666667,0.05857142857142857,0.41809523809523813,0.2907142857142857,True,False,5,0.4,0.4,,0.0,,0.0,
db10,db10_mixed_to_amputee,agency_vs_plain_conf_iso_budget,0.10,agency_margin_tau_0.10,plain_conf_threshold_matched_tau_0.10,plain_conf_threshold_iso_budget_curve,median_earliest_safe_s,db10_mixed_to_amputee|S101,S101,ex1,0.5442857142857143,0.48095238095238096,0.0633333333333333,0.008809523809523823,False,True,5,0.2,0.2,0.2,0.0,0.0,0.0,0.0
db10,db10_mixed_to_amputee,agency_vs_plain_conf_iso_budget,0.10,agency_margin_tau_0.10,plain_conf_threshold_matched_tau_0.10,plain_conf_threshold_iso_budget_curve,median_earliest_safe_s,db10_mixed_to_amputee|S102,S102,ex1,0.6221428571428571,0.4504761904761905,0.17166666666666663,0.052857142857142825,True,False,5,0.2,0.2,,0.0,,0.0,
db10,db10_mixed_to_amputee,agency_vs_plain_conf_iso_budget,0.10,agency_margin_tau_0.10,plain_conf_threshold_matched_tau_0.10,plain_conf_threshold_iso_budget_curve,median_earliest_safe_s,db10_mixed_to_amputee|S103,S103,ex1,0.6438095238095238,0.5176190476190476,0.1261904761904762,0.01571428571428579,True,False,5,0.2,0.2,,0.0,,0.0,
db10,db10_mixed_to_amputee,agency_vs_plain_conf_iso_budget,0.10,agency_margin_tau_0.10,plain_conf_threshold_matched_tau_0.10,plain_conf_threshold_iso_budget_curve,median_earliest_safe_s,db10_mixed_to_amputee|S104,S104,ex1,0.7130952380952381,0.5059523809523809,0.20714285714285718,0.09880952380952379,True,False,5,0.2,0.2,,0.0,,0.0,
db10,db10_mixed_to_amputee,agency_vs_plain_conf_iso_budget,0.10,agency_margin_tau_0.10,plain_conf_threshold_matched_tau_0.10,plain_conf_threshold_iso_budget_curve,median_earliest_safe_s,db10_mixed_to_amputee|S105,S105,ex1,0.5757142857142857,0.5423809523809524,0.033333333333333326,0.033333333333333326,False,True,5,0.2,0.4,0.3249329758713137,-0.2,-0.12493297587131369,0.2,0.12493297587131369
db10,db10_mixed_to_amputee,agency_vs_plain_conf_iso_budget,0.10,agency_margin_tau_0.10,plain_conf_threshold_matched_tau_0.10,plain_conf_threshold_iso_budget_curve,median_earliest_safe_s,db10_mixed_to_amputee|S106,S106,ex1,0.5692857142857143,0.5042857142857143,0.06499999999999995,0.020476190476190426,False,True,5,0.2,0.2,0.2,0.0,0.0,0.0,0.0
db10,db10_mixed_to_amputee,agency_vs_plain_conf_iso_budget,0.10,agency_margin_tau_0.10,plain_conf_threshold_matched_tau_0.10,plain_conf_threshold_iso_budget_curve,median_earliest_safe_s,db10_mixed_to_amputee|S107,S107,ex1,0.7471428571428571,0.5416666666666666,0.20547619047619048,0.08071428571428563,True,False,5,0.2,0.2,,0.0,,0.0,
db10,db10_mixed_to_amputee,agency_vs_plain_conf_iso_budget,0.10,agency_margin_tau_0.10,plain_conf_threshold_matched_tau_0.10,plain_conf_threshold_iso_budget_curve,median_earliest_safe_s,db10_mixed_to_amputee|S108,S108,ex1,0.02095238095238095,0.37285714285714283,-0.3519047619047619,0.3519047619047619,True,False,3,0.6,0.5,,0.09999999999999998,,-0.09999999999999998,
db10,db10_mixed_to_amputee,agency_vs_plain_conf_iso_budget,0.10,agency_margin_tau_0.10,plain_conf_threshold_matched_tau_0.10,plain_conf_threshold_iso_budget_curve,median_earliest_safe_s,db10_mixed_to_amputee|S109,S109,ex1,0.6923809523809524,0.5040476190476191,0.18833333333333335,0.06761904761904769,True,False,5,0.2,0.2,,0.0,,0.0,
db10,db10_mixed_to_amputee,agency_vs_plain_conf_iso_budget,0.10,agency_margin_tau_0.10,plain_conf_threshold_matched_tau_0.10,plain_conf_threshold_iso_budget_curve,median_earliest_safe_s,db10_mixed_to_amputee|S110,S110,ex1,0.6523809523809524,0.37166666666666665,0.28071428571428575,0.15047619047619054,True,False,5,0.2,0.2,,0.0,,0.0,
db10,db10_mixed_to_amputee,agency_vs_plain_conf_iso_budget,0.10,agency_margin_tau_0.10,plain_conf_threshold_matched_tau_0.10,plain_conf_threshold_iso_budget_curve,median_earliest_safe_s,db10_mixed_to_amputee|S111,S111,ex1,0.7397619047619047,0.5395238095238095,0.20023809523809522,0.06285714285714283,True,False,5,0.2,0.2,,0.0,,0.0,
db10,db10_mixed_to_amputee,agency_vs_plain_conf_iso_budget,0.10,agency_margin_tau_0.10,plain_conf_threshold_matched_tau_0.10,plain_conf_threshold_iso_budget_curve,median_earliest_safe_s,db10_mixed_to_amputee|S112,S112,ex1,0.6676190476190477,0.4054761904761905,0.2621428571428572,0.11761904761904762,True,False,5,0.2,0.2,,0.0,,0.0,
db10,db10_mixed_to_amputee,agency_vs_plain_conf_iso_budget,0.10,agency_margin_tau_0.10,plain_conf_threshold_matched_tau_0.10,plain_conf_threshold_iso_budget_curve,median_earliest_safe_s,db10_mixed_to_amputee|S113,S113,ex1,0.7792857142857142,0.46190476190476193,0.3173809523809523,0.17476190476190467,True,False,5,0.2,0.2,,0.0,,0.0,
db10,db10_mixed_to_amputee,agency_vs_plain_conf_iso_budget,0.10,agency_margin_tau_0.10,plain_conf_threshold_matched_tau_0.10,plain_conf_threshold_iso_budget_curve,median_earliest_safe_s,db10_mixed_to_amputee|S114,S114,ex1,0.6345238095238095,0.5473809523809524,0.08714285714285708,0.02595238095238095,False,True,5,0.2,0.2,0.2,0.0,0.0,0.0,0.0
db10,db10_mixed_to_amputee,agency_vs_plain_conf_iso_budget,0.10,agency_margin_tau_0.10,plain_conf_threshold_matched_tau_0.10,plain_conf_threshold_iso_budget_curve,median_earliest_safe_s,db10_mixed_to_amputee|S115,S115,ex1,0.7814285714285715,0.12333333333333334,0.6580952380952382,0.5954761904761905,True,False,5,0.2,0.2,,0.0,,0.0,
db10,db10_mixed_to_amputee,agency_vs_plain_conf_iso_budget,0.15,agency_margin_tau_0.15,plain_conf_threshold_matched_tau_0.15,plain_conf_threshold_iso_budget_curve,median_earliest_safe_s,db10_mixed_to_amputee|S101,S101,ex1,0.6326190476190476,0.5530952380952381,0.07952380952380955,0.053333333333333344,True,False,5,0.2,0.2,,0.0,,0.0,
db10,db10_mixed_to_amputee,agency_vs_plain_conf_iso_budget,0.15,agency_margin_tau_0.15,plain_conf_threshold_matched_tau_0.15,plain_conf_threshold_iso_budget_curve,median_earliest_safe_s,db10_mixed_to_amputee|S102,S102,ex1,0.6985714285714286,0.5392857142857143,0.15928571428571436,0.12928571428571434,True,False,5,0.2,0.2,,0.0,,0.0,
db10,db10_mixed_to_amputee,agency_vs_plain_conf_iso_budget,0.15,agency_margin_tau_0.15,plain_conf_threshold_matched_tau_0.15,plain_conf_threshold_iso_budget_curve,median_earliest_safe_s,db10_mixed_to_amputee|S103,S103,ex1,0.714047619047619,0.5995238095238096,0.11452380952380947,0.085952380952381,True,False,5,0.2,0.2,,0.0,,0.0,
db10,db10_mixed_to_amputee,agency_vs_plain_conf_iso_budget,0.15,agency_margin_tau_0.15,plain_conf_threshold_matched_tau_0.15,plain_conf_threshold_iso_budget_curve,median_earliest_safe_s,db10_mixed_to_amputee|S104,S104,ex1,0.7385714285714285,0.5826190476190476,0.15595238095238095,0.12428571428571422,True,False,5,0.2,0.2,,0.0,,0.0,
db10,db10_mixed_to_amputee,agency_vs_plain_conf_iso_budget,0.15,agency_margin_tau_0.15,plain_conf_threshold_matched_tau_0.15,plain_conf_threshold_iso_budget_curve,median_earliest_safe_s,db10_mixed_to_amputee|S105,S105,ex1,0.6880952380952381,0.6311904761904762,0.0569047619047619,0.02523809523809528,True,False,5,0.2,0.2,,0.0,,0.0,
db10,db10_mixed_to_amputee,agency_vs_plain_conf_iso_budget,0.15,agency_margin_tau_0.15,plain_conf_threshold_matched_tau_0.15,plain_conf_threshold_iso_budget_curve,median_earliest_safe_s,db10_mixed_to_amputee|S106,S106,ex1,0.6676190476190477,0.5897619047619047,0.07785714285714296,0.04880952380952386,True,False,5,0.2,0.2,,0.0,,0.0,
db10,db10_mixed_to_amputee,agency_vs_plain_conf_iso_budget,0.15,agency_margin_tau_0.15,plain_conf_threshold_matched_tau_0.15,plain_conf_threshold_iso_budget_curve,median_earliest_safe_s,db10_mixed_to_amputee|S107,S107,ex1,0.8076190476190476,0.6316666666666667,0.17595238095238086,0.1411904761904761,True,False,5,0.2,0.2,,0.0,,0.0,
db10,db10_mixed_to_amputee,agency_vs_plain_conf_iso_budget,0.15,agency_margin_tau_0.15,plain_conf_threshold_matched_tau_0.15,plain_conf_threshold_iso_budget_curve,median_earliest_safe_s,db10_mixed_to_amputee|S108,S108,ex1,0.9030952380952381,0.49523809523809526,0.4078571428571428,0.3438095238095238,True,False,3,0.2,0.2,,0.0,,0.0,
db10,db10_mixed_to_amputee,agency_vs_plain_conf_iso_budget,0.15,agency_margin_tau_0.15,plain_conf_threshold_matched_tau_0.15,plain_conf_threshold_iso_budget_curve,median_earliest_safe_s,db10_mixed_to_amputee|S109,S109,ex1,0.7304761904761905,0.5916666666666667,0.13880952380952383,0.10571428571428576,True,False,5,0.2,0.2,,0.0,,0.0,
db10,db10_mixed_to_amputee,agency_vs_plain_conf_iso_budget,0.15,agency_margin_tau_0.15,plain_conf_threshold_matched_tau_0.15,plain_conf_threshold_iso_budget_curve,median_earliest_safe_s,db10_mixed_to_amputee|S110,S110,ex1,0.7307142857142858,0.4666666666666667,0.2640476190476191,0.2288095238095239,True,False,5,0.2,0.2,,0.0,,0.0,
db10,db10_mixed_to_amputee,agency_vs_plain_conf_iso_budget,0.15,agency_margin_tau_0.15,plain_conf_threshold_matched_tau_0.15,plain_conf_threshold_iso_budget_curve,median_earliest_safe_s,db10_mixed_to_amputee|S111,S111,ex1,0.8271428571428572,0.6369047619047619,0.19023809523809532,0.15023809523809528,True,False,5,0.2,0.2,,0.0,,0.0,
db10,db10_mixed_to_amputee,agency_vs_plain_conf_iso_budget,0.15,agency_margin_tau_0.15,plain_conf_threshold_matched_tau_0.15,plain_conf_threshold_iso_budget_curve,median_earliest_safe_s,db10_mixed_to_amputee|S112,S112,ex1,0.7095238095238096,0.5138095238095238,0.19571428571428573,0.1595238095238095,True,False,5,0.2,0.2,,0.0,,0.0,
db10,db10_mixed_to_amputee,agency_vs_plain_conf_iso_budget,0.15,agency_margin_tau_0.15,plain_conf_threshold_matched_tau_0.15,plain_conf_threshold_iso_budget_curve,median_earliest_safe_s,db10_mixed_to_amputee|S113,S113,ex1,0.8145238095238095,0.570952380952381,0.24357142857142855,0.20999999999999996,True,False,5,0.2,0.2,,0.0,,0.0,
db10,db10_mixed_to_amputee,agency_vs_plain_conf_iso_budget,0.15,agency_margin_tau_0.15,plain_conf_threshold_matched_tau_0.15,plain_conf_threshold_iso_budget_curve,median_earliest_safe_s,db10_mixed_to_amputee|S114,S114,ex1,0.7854761904761904,0.6604761904761904,0.125,0.09285714285714286,True,False,5,0.2,0.2,,0.0,,0.0,
db10,db10_mixed_to_amputee,agency_vs_plain_conf_iso_budget,0.15,agency_margin_tau_0.15,plain_conf_threshold_matched_tau_0.15,plain_conf_threshold_iso_budget_curve,median_earliest_safe_s,db10_mixed_to_amputee|S115,S115,ex1,0.8783333333333333,0.1711904761904762,0.7071428571428571,0.6923809523809523,True,False,5,0.2,0.2,,0.0,,0.0,
db10,db10_mixed_to_amputee,agency_vs_plain_conf_iso_budget,0.20,agency_margin_tau_0.20,plain_conf_threshold_matched_tau_0.20,plain_conf_threshold_iso_budget_curve,median_earliest_safe_s,db10_mixed_to_amputee|S101,S101,ex1,0.6645238095238095,0.5792857142857143,0.08523809523809522,0.08523809523809522,True,False,5,0.2,0.2,,0.0,,0.0,
db10,db10_mixed_to_amputee,agency_vs_plain_conf_iso_budget,0.20,agency_margin_tau_0.20,plain_conf_threshold_matched_tau_0.20,plain_conf_threshold_iso_budget_curve,median_earliest_safe_s,db10_mixed_to_amputee|S102,S102,ex1,0.7335714285714285,0.5692857142857143,0.16428571428571426,0.16428571428571426,True,False,5,0.2,0.2,,0.0,,0.0,
db10,db10_mixed_to_amputee,agency_vs_plain_conf_iso_budget,0.20,agency_margin_tau_0.20,plain_conf_threshold_matched_tau_0.20,plain_conf_threshold_iso_budget_curve,median_earliest_safe_s,db10_mixed_to_amputee|S103,S103,ex1,0.7378571428571429,0.628095238095238,0.10976190476190484,0.10976190476190484,True,False,5,0.2,0.2,,0.0,,0.0,
db10,db10_mixed_to_amputee,agency_vs_plain_conf_iso_budget,0.20,agency_margin_tau_0.20,plain_conf_threshold_matched_tau_0.20,plain_conf_threshold_iso_budget_curve,median_earliest_safe_s,db10_mixed_to_amputee|S104,S104,ex1,0.7421428571428571,0.6142857142857143,0.12785714285714278,0.12785714285714278,True,False,5,0.2,0.2,,0.0,,0.0,
db10,db10_mixed_to_amputee,agency_vs_plain_conf_iso_budget,0.20,agency_margin_tau_0.20,plain_conf_threshold_matched_tau_0.20,plain_conf_threshold_iso_budget_curve,median_earliest_safe_s,db10_mixed_to_amputee|S105,S105,ex1,0.7552380952380953,0.6628571428571428,0.09238095238095245,0.09238095238095245,True,False,5,0.2,0.2,,0.0,,0.0,
db10,db10_mixed_to_amputee,agency_vs_plain_conf_iso_budget,0.20,agency_margin_tau_0.20,plain_conf_threshold_matched_tau_0.20,plain_conf_threshold_iso_budget_curve,median_earliest_safe_s,db10_mixed_to_amputee|S106,S106,ex1,0.709047619047619,0.6188095238095238,0.09023809523809523,0.09023809523809523,True,False,5,0.2,0.2,,0.0,,0.0,
db10,db10_mixed_to_amputee,agency_vs_plain_conf_iso_budget,0.20,agency_margin_tau_0.20,plain_conf_threshold_matched_tau_0.20,plain_conf_threshold_iso_budget_curve,median_earliest_safe_s,db10_mixed_to_amputee|S107,S107,ex1,0.825952380952381,0.6664285714285715,0.1595238095238095,0.1595238095238095,True,False,5,0.2,0.2,,0.0,,0.0,
db10,db10_mixed_to_amputee,agency_vs_plain_conf_iso_budget,0.20,agency_margin_tau_0.20,plain_conf_threshold_matched_tau_0.20,plain_conf_threshold_iso_budget_curve,median_earliest_safe_s,db10_mixed_to_amputee|S108,S108,ex1,0.9997619047619047,0.5592857142857143,0.44047619047619047,0.44047619047619047,True,False,3,0.2,0.2,,0.0,,0.0,
db10,db10_mixed_to_amputee,agency_vs_plain_conf_iso_budget,0.20,agency_margin_tau_0.20,plain_conf_threshold_matched_tau_0.20,plain_conf_threshold_iso_budget_curve,median_earliest_safe_s,db10_mixed_to_amputee|S109,S109,ex1,0.7371428571428571,0.6247619047619047,0.11238095238095236,0.11238095238095236,True,False,5,0.2,0.2,,0.0,,0.0,
db10,db10_mixed_to_amputee,agency_vs_plain_conf_iso_budget,0.20,agency_margin_tau_0.20,plain_conf_threshold_matched_tau_0.20,plain_conf_threshold_iso_budget_curve,median_earliest_safe_s,db10_mixed_to_amputee|S110,S110,ex1,0.7569047619047619,0.5019047619047619,0.255,0.255,True,False,5,0.2,0.2,,0.0,,0.0,
db10,db10_mixed_to_amputee,agency_vs_plain_conf_iso_budget,0.20,agency_margin_tau_0.20,plain_conf_threshold_matched_tau_0.20,plain_conf_threshold_iso_budget_curve,median_earliest_safe_s,db10_mixed_to_amputee|S111,S111,ex1,0.8383333333333334,0.6769047619047619,0.16142857142857148,0.16142857142857148,True,False,5,0.2,0.2,,0.0,,0.0,
db10,db10_mixed_to_amputee,agency_vs_plain_conf_iso_budget,0.20,agency_margin_tau_0.20,plain_conf_threshold_matched_tau_0.20,plain_conf_threshold_iso_budget_curve,median_earliest_safe_s,db10_mixed_to_amputee|S112,S112,ex1,0.7214285714285714,0.55,0.17142857142857137,0.17142857142857137,True,False,5,0.2,0.2,,0.0,,0.0,
db10,db10_mixed_to_amputee,agency_vs_plain_conf_iso_budget,0.20,agency_margin_tau_0.20,plain_conf_threshold_matched_tau_0.20,plain_conf_threshold_iso_budget_curve,median_earliest_safe_s,db10_mixed_to_amputee|S113,S113,ex1,0.8321428571428572,0.6045238095238096,0.2276190476190476,0.2276190476190476,True,False,5,0.2,0.2,,0.0,,0.0,
db10,db10_mixed_to_amputee,agency_vs_plain_conf_iso_budget,0.20,agency_margin_tau_0.20,plain_conf_threshold_matched_tau_0.20,plain_conf_threshold_iso_budget_curve,median_earliest_safe_s,db10_mixed_to_amputee|S114,S114,ex1,0.8269047619047619,0.6926190476190476,0.13428571428571434,0.13428571428571434,True,False,5,0.2,0.2,,0.0,,0.0,
db10,db10_mixed_to_amputee,agency_vs_plain_conf_iso_budget,0.20,agency_margin_tau_0.20,plain_conf_threshold_matched_tau_0.20,plain_conf_threshold_iso_budget_curve,median_earliest_safe_s,db10_mixed_to_amputee|S115,S115,ex1,0.8897619047619048,0.18595238095238095,0.7038095238095238,0.7038095238095238,True,False,5,0.2,0.2,,0.0,,0.0,
db10,db10_mixed_to_amputee,agency_vs_plain_conf_iso_budget,0.02,agency_margin_tau_0.02,plain_conf_threshold_matched_tau_0.02,plain_conf_threshold_iso_budget_curve,median_earliest_stable_safe_s,db10_mixed_to_amputee|S101,S101,ex1,0.19476190476190477,0.2211904761904762,-0.026428571428571412,0.026428571428571412,True,False,5,0.6,0.6,,0.0,,0.0,
db10,db10_mixed_to_amputee,agency_vs_plain_conf_iso_budget,0.02,agency_margin_tau_0.02,plain_conf_threshold_matched_tau_0.02,plain_conf_threshold_iso_budget_curve,median_earliest_stable_safe_s,db10_mixed_to_amputee|S102,S102,ex1,0.17595238095238094,0.10833333333333334,0.0676190476190476,0.0676190476190476,False,True,5,0.6,0.6,0.5282828282828282,0.0,0.07171717171717173,0.0,-0.07171717171717173
db10,db10_mixed_to_amputee,agency_vs_plain_conf_iso_budget,0.02,agency_margin_tau_0.02,plain_conf_threshold_matched_tau_0.02,plain_conf_threshold_iso_budget_curve,median_earliest_stable_safe_s,db10_mixed_to_amputee|S103,S103,ex1,0.23095238095238096,0.1926190476190476,0.03833333333333336,0.03833333333333336,False,True,5,0.8,0.6,0.5575197889182057,0.20000000000000007,0.2424802110817943,-0.20000000000000007,-0.2424802110817943
db10,db10_mixed_to_amputee,agency_vs_plain_conf_iso_budget,0.02,agency_margin_tau_0.02,plain_conf_threshold_matched_tau_0.02,plain_conf_threshold_iso_budget_curve,median_earliest_stable_safe_s,db10_mixed_to_amputee|S104,S104,ex1,0.3759523809523809,0.16238095238095238,0.21357142857142855,0.03809523809523807,False,True,5,0.6,0.6,0.35467422096317286,0.0,0.24532577903682712,0.0,-0.24532577903682712
db10,db10_mixed_to_amputee,agency_vs_plain_conf_iso_budget,0.02,agency_margin_tau_0.02,plain_conf_threshold_matched_tau_0.02,plain_conf_threshold_iso_budget_curve,median_earliest_stable_safe_s,db10_mixed_to_amputee|S105,S105,ex1,0.1411904761904762,0.1554761904761905,-0.01428571428571429,0.01428571428571429,True,False,5,0.8,0.8,,0.0,,0.0,
db10,db10_mixed_to_amputee,agency_vs_plain_conf_iso_budget,0.02,agency_margin_tau_0.02,plain_conf_threshold_matched_tau_0.02,plain_conf_threshold_iso_budget_curve,median_earliest_stable_safe_s,db10_mixed_to_amputee|S106,S106,ex1,0.1626190476190476,0.13238095238095238,0.03023809523809523,0.03023809523809523,False,True,5,0.8,0.6,0.566840731070496,0.20000000000000007,0.233159268929504,-0.20000000000000007,-0.233159268929504
db10,db10_mixed_to_amputee,agency_vs_plain_conf_iso_budget,0.02,agency_margin_tau_0.02,plain_conf_threshold_matched_tau_0.02,plain_conf_threshold_iso_budget_curve,median_earliest_stable_safe_s,db10_mixed_to_amputee|S107,S107,ex1,0.32976190476190476,0.12571428571428572,0.20404761904761903,0.008809523809523823,False,True,5,0.8,0.6,0.4082774049217003,0.20000000000000007,0.39172259507829976,-0.20000000000000007,-0.39172259507829976
db10,db10_mixed_to_amputee,agency_vs_plain_conf_iso_budget,0.02,agency_margin_tau_0.02,plain_conf_threshold_matched_tau_0.02,plain_conf_threshold_iso_budget_curve,median_earliest_stable_safe_s,db10_mixed_to_amputee|S108,S108,ex1,0.0,0.17714285714285713,-0.17714285714285713,0.37285714285714283,True,False,3,,,,,,,
db10,db10_mixed_to_amputee,agency_vs_plain_conf_iso_budget,0.02,agency_margin_tau_0.02,plain_conf_threshold_matched_tau_0.02,plain_conf_threshold_iso_budget_curve,median_earliest_stable_safe_s,db10_mixed_to_amputee|S109,S109,ex1,0.21023809523809525,0.15142857142857144,0.05880952380952381,0.05880952380952381,False,True,5,0.8,0.6,0.5327891156462585,0.20000000000000007,0.2672108843537415,-0.20000000000000007,-0.2672108843537415
db10,db10_mixed_to_amputee,agency_vs_plain_conf_iso_budget,0.02,agency_margin_tau_0.02,plain_conf_threshold_matched_tau_0.02,plain_conf_threshold_iso_budget_curve,median_earliest_stable_safe_s,db10_mixed_to_amputee|S110,S110,ex1,0.16476190476190475,0.05071428571428571,0.11404761904761904,0.03023809523809526,False,True,5,0.6,0.8,0.641914191419142,-0.20000000000000007,-0.04191419141914199,0.20000000000000007,0.04191419141914199
db10,db10_mixed_to_amputee,agency_vs_plain_conf_iso_budget,0.02,agency_margin_tau_0.02,plain_conf_threshold_matched_tau_0.02,plain_conf_threshold_iso_budget_curve,median_earliest_stable_safe_s,db10_mixed_to_amputee|S111,S111,ex1,0.23547619047619048,0.1823809523809524,0.053095238095238084,0.053095238095238084,False,True,5,0.8,0.6,0.5463942307692308,0.20000000000000007,0.2536057692307693,-0.20000000000000007,-0.2536057692307693
db10,db10_mixed_to_amputee,agency_vs_plain_conf_iso_budget,0.02,agency_margin_tau_0.02,plain_conf_threshold_matched_tau_0.02,plain_conf_threshold_iso_budget_curve,median_earliest_stable_safe_s,db10_mixed_to_amputee|S112,S112,ex1,0.2866666666666667,0.08595238095238095,0.20071428571428573,0.06452380952380954,False,True,5,0.6,0.4,0.32961038961038963,0.19999999999999996,0.27038961038961035,-0.19999999999999996,-0.27038961038961035
db10,db10_mixed_to_amputee,agency_vs_plain_conf_iso_budget,0.02,agency_margin_tau_0.02,plain_conf_threshold_matched_tau_0.02,plain_conf_threshold_iso_budget_curve,median_earliest_stable_safe_s,db10_mixed_to_amputee|S113,S113,ex1,0.26785714285714285,0.05976190476190476,0.20809523809523808,0.0069047619047619135,False,True,5,0.8,0.4,0.2,0.4,0.6000000000000001,-0.4,-0.6000000000000001
db10,db10_mixed_to_amputee,agency_vs_plain_conf_iso_budget,0.02,agency_margin_tau_0.02,plain_conf_threshold_matched_tau_0.02,plain_conf_threshold_iso_budget_curve,median_earliest_stable_safe_s,db10_mixed_to_amputee|S114,S114,ex1,0.18714285714285714,0.17785714285714285,0.009285714285714286,0.009285714285714286,False,True,5,0.8,0.6,0.5904993909866016,0.20000000000000007,0.2095006090133984,-0.20000000000000007,-0.2095006090133984
db10,db10_mixed_to_amputee,agency_vs_plain_conf_iso_budget,0.02,agency_margin_tau_0.02,plain_conf_threshold_matched_tau_0.02,plain_conf_threshold_iso_budget_curve,median_earliest_stable_safe_s,db10_mixed_to_amputee|S115,S115,ex1,0.19023809523809523,0.012380952380952381,0.17785714285714285,0.004285714285714282,True,False,5,0.6,0.8,,-0.20000000000000007,,0.20000000000000007,
db10,db10_mixed_to_amputee,agency_vs_plain_conf_iso_budget,0.05,agency_margin_tau_0.05,plain_conf_threshold_matched_tau_0.05,plain_conf_threshold_iso_budget_curve,median_earliest_stable_safe_s,db10_mixed_to_amputee|S101,S101,ex1,0.4088095238095238,0.35714285714285715,0.05166666666666664,0.05166666666666664,False,True,5,0.4,0.4,0.3165384615384616,0.0,0.08346153846153842,0.0,-0.08346153846153842
db10,db10_mixed_to_amputee,agency_vs_plain_conf_iso_budget,0.05,agency_margin_tau_0.05,plain_conf_threshold_matched_tau_0.05,plain_conf_threshold_iso_budget_curve,median_earliest_stable_safe_s,db10_mixed_to_amputee|S102,S102,ex1,0.4719047619047619,0.2969047619047619,0.175,0.021428571428571408,False,True,5,0.6,0.4,0.2,0.19999999999999996,0.39999999999999997,-0.19999999999999996,-0.39999999999999997
db10,db10_mixed_to_amputee,agency_vs_plain_conf_iso_budget,0.05,agency_margin_tau_0.05,plain_conf_threshold_matched_tau_0.05,plain_conf_threshold_iso_budget_curve,median_earliest_stable_safe_s,db10_mixed_to_amputee|S103,S103,ex1,0.4807142857142857,0.3730952380952381,0.10761904761904761,0.03690476190476194,False,True,5,0.6,0.4,0.25107084019769366,0.19999999999999996,0.3489291598023063,-0.19999999999999996,-0.3489291598023063
db10,db10_mixed_to_amputee,agency_vs_plain_conf_iso_budget,0.05,agency_margin_tau_0.05,plain_conf_threshold_matched_tau_0.05,plain_conf_threshold_iso_budget_curve,median_earliest_stable_safe_s,db10_mixed_to_amputee|S104,S104,ex1,0.5823809523809523,0.33785714285714286,0.24452380952380948,0.00023809523809525945,False,True,5,0.4,0.4,0.2,0.0,0.2,0.0,-0.2
db10,db10_mixed_to_amputee,agency_vs_plain_conf_iso_budget,0.05,agency_margin_tau_0.05,plain_conf_threshold_matched_tau_0.05,plain_conf_threshold_iso_budget_curve,median_earliest_stable_safe_s,db10_mixed_to_amputee|S105,S105,ex1,0.36142857142857143,0.3580952380952381,0.003333333333333355,0.003333333333333355,False,True,5,0.8,0.6,0.5963824289405685,0.20000000000000007,0.20361757105943157,-0.20000000000000007,-0.20361757105943157
db10,db10_mixed_to_amputee,agency_vs_plain_conf_iso_budget,0.05,agency_margin_tau_0.05,plain_conf_threshold_matched_tau_0.05,plain_conf_threshold_iso_budget_curve,median_earliest_stable_safe_s,db10_mixed_to_amputee|S106,S106,ex1,0.36238095238095236,0.31476190476190474,0.047619047619047616,0.047619047619047616,False,True,5,0.6,0.4,0.349748743718593,0.19999999999999996,0.250251256281407,-0.19999999999999996,-0.250251256281407
db10,db10_mixed_to_amputee,agency_vs_plain_conf_iso_budget,0.05,agency_margin_tau_0.05,plain_conf_threshold_matched_tau_0.05,plain_conf_threshold_iso_budget_curve,median_earliest_stable_safe_s,db10_mixed_to_amputee|S107,S107,ex1,0.5969047619047619,0.3385714285714286,0.25833333333333336,0.03476190476190477,False,True,5,0.6,0.4,0.2,0.19999999999999996,0.39999999999999997,-0.19999999999999996,-0.39999999999999997
db10,db10_mixed_to_amputee,agency_vs_plain_conf_iso_budget,0.05,agency_margin_tau_0.05,plain_conf_threshold_matched_tau_0.05,plain_conf_threshold_iso_budget_curve,median_earliest_stable_safe_s,db10_mixed_to_amputee|S108,S108,ex1,0.0004761904761904762,0.21714285714285714,-0.21666666666666667,0.37238095238095237,True,False,3,,,,,,,
db10,db10_mixed_to_amputee,agency_vs_plain_conf_iso_budget,0.05,agency_margin_tau_0.05,plain_conf_threshold_matched_tau_0.05,plain_conf_threshold_iso_budget_curve,median_earliest_stable_safe_s,db10_mixed_to_amputee|S109,S109,ex1,0.4961904761904762,0.3264285714285714,0.16976190476190478,0.007857142857142896,False,True,5,0.6,0.4,0.20884718498659524,0.19999999999999996,0.3911528150134047,-0.19999999999999996,-0.3911528150134047
db10,db10_mixed_to_amputee,agency_vs_plain_conf_iso_budget,0.05,agency_margin_tau_0.05,plain_conf_threshold_matched_tau_0.05,plain_conf_threshold_iso_budget_curve,median_earliest_stable_safe_s,db10_mixed_to_amputee|S110,S110,ex1,0.4038095238095238,0.195,0.20880952380952378,0.03214285714285714,False,True,5,0.6,0.6,0.4,0.0,0.19999999999999996,0.0,-0.19999999999999996
db10,db10_mixed_to_amputee,agency_vs_plain_conf_iso_budget,0.05,agency_margin_tau_0.05,plain_conf_threshold_matched_tau_0.05,plain_conf_threshold_iso_budget_curve,median_earliest_stable_safe_s,db10_mixed_to_amputee|S111,S111,ex1,0.535,0.38047619047619047,0.15452380952380956,0.0045238095238094855,False,True,5,0.4,0.4,0.20568862275449096,0.0,0.19431137724550906,0.0,-0.19431137724550906
db10,db10_mixed_to_amputee,agency_vs_plain_conf_iso_budget,0.05,agency_margin_tau_0.05,plain_conf_threshold_matched_tau_0.05,plain_conf_threshold_iso_budget_curve,median_earliest_stable_safe_s,db10_mixed_to_amputee|S112,S112,ex1,0.5523809523809524,0.22214285714285714,0.3302380952380953,0.0023809523809523725,True,False,5,0.4,0.4,,0.0,,0.0,
db10,db10_mixed_to_amputee,agency_vs_plain_conf_iso_budget,0.05,agency_margin_tau_0.05,plain_conf_threshold_matched_tau_0.05,plain_conf_threshold_iso_budget_curve,median_earliest_stable_safe_s,db10_mixed_to_amputee|S113,S113,ex1,0.675952380952381,0.26095238095238094,0.41500000000000004,0.0714285714285714,True,False,5,0.4,0.2,,0.2,,-0.2,
db10,db10_mixed_to_amputee,agency_vs_plain_conf_iso_budget,0.05,agency_margin_tau_0.05,plain_conf_threshold_matched_tau_0.05,plain_conf_threshold_iso_budget_curve,median_earliest_stable_safe_s,db10_mixed_to_amputee|S114,S114,ex1,0.3883333333333333,0.37333333333333335,0.014999999999999958,0.014999999999999958,False,True,5,0.8,0.4,0.4,0.4,0.4,-0.4,-0.4
db10,db10_mixed_to_amputee,agency_vs_plain_conf_iso_budget,0.05,agency_margin_tau_0.05,plain_conf_threshold_matched_tau_0.05,plain_conf_threshold_iso_budget_curve,median_earliest_stable_safe_s,db10_mixed_to_amputee|S115,S115,ex1,0.4766666666666667,0.05857142857142857,0.41809523809523813,0.2907142857142857,True,False,5,0.8,0.6,,0.20000000000000007,,-0.20000000000000007,
db10,db10_mixed_to_amputee,agency_vs_plain_conf_iso_budget,0.10,agency_margin_tau_0.10,plain_conf_threshold_matched_tau_0.10,plain_conf_threshold_iso_budget_curve,median_earliest_stable_safe_s,db10_mixed_to_amputee|S101,S101,ex1,0.5442857142857143,0.48095238095238096,0.0633333333333333,0.008809523809523823,False,True,5,0.4,0.2,0.2,0.2,0.2,-0.2,-0.2
db10,db10_mixed_to_amputee,agency_vs_plain_conf_iso_budget,0.10,agency_margin_tau_0.10,plain_conf_threshold_matched_tau_0.10,plain_conf_threshold_iso_budget_curve,median_earliest_stable_safe_s,db10_mixed_to_amputee|S102,S102,ex1,0.6221428571428571,0.4504761904761905,0.17166666666666663,0.052857142857142825,True,False,5,0.4,0.2,,0.2,,-0.2,
db10,db10_mixed_to_amputee,agency_vs_plain_conf_iso_budget,0.10,agency_margin_tau_0.10,plain_conf_threshold_matched_tau_0.10,plain_conf_threshold_iso_budget_curve,median_earliest_stable_safe_s,db10_mixed_to_amputee|S103,S103,ex1,0.6438095238095238,0.5176190476190476,0.1261904761904762,0.01571428571428579,True,False,5,0.4,0.2,,0.2,,-0.2,
db10,db10_mixed_to_amputee,agency_vs_plain_conf_iso_budget,0.10,agency_margin_tau_0.10,plain_conf_threshold_matched_tau_0.10,plain_conf_threshold_iso_budget_curve,median_earliest_stable_safe_s,db10_mixed_to_amputee|S104,S104,ex1,0.7130952380952381,0.5059523809523809,0.20714285714285718,0.09880952380952379,True,False,5,0.2,0.2,,0.0,,0.0,
db10,db10_mixed_to_amputee,agency_vs_plain_conf_iso_budget,0.10,agency_margin_tau_0.10,plain_conf_threshold_matched_tau_0.10,plain_conf_threshold_iso_budget_curve,median_earliest_stable_safe_s,db10_mixed_to_amputee|S105,S105,ex1,0.5757142857142857,0.5423809523809524,0.033333333333333326,0.033333333333333326,False,True,5,0.6,0.4,0.3249329758713137,0.19999999999999996,0.2750670241286863,-0.19999999999999996,-0.2750670241286863
db10,db10_mixed_to_amputee,agency_vs_plain_conf_iso_budget,0.10,agency_margin_tau_0.10,plain_conf_threshold_matched_tau_0.10,plain_conf_threshold_iso_budget_curve,median_earliest_stable_safe_s,db10_mixed_to_amputee|S106,S106,ex1,0.5692857142857143,0.5042857142857143,0.06499999999999995,0.020476190476190426,False,True,5,0.4,0.2,0.2,0.2,0.2,-0.2,-0.2
db10,db10_mixed_to_amputee,agency_vs_plain_conf_iso_budget,0.10,agency_margin_tau_0.10,plain_conf_threshold_matched_tau_0.10,plain_conf_threshold_iso_budget_curve,median_earliest_stable_safe_s,db10_mixed_to_amputee|S107,S107,ex1,0.7471428571428571,0.5416666666666666,0.20547619047619048,0.08071428571428563,True,False,5,0.4,0.2,,0.2,,-0.2,
db10,db10_mixed_to_amputee,agency_vs_plain_conf_iso_budget,0.10,agency_margin_tau_0.10,plain_conf_threshold_matched_tau_0.10,plain_conf_threshold_iso_budget_curve,median_earliest_stable_safe_s,db10_mixed_to_amputee|S108,S108,ex1,0.02095238095238095,0.37285714285714283,-0.3519047619047619,0.3519047619047619,True,False,3,0.8,0.6,,0.20000000000000007,,-0.20000000000000007,
db10,db10_mixed_to_amputee,agency_vs_plain_conf_iso_budget,0.10,agency_margin_tau_0.10,plain_conf_threshold_matched_tau_0.10,plain_conf_threshold_iso_budget_curve,median_earliest_stable_safe_s,db10_mixed_to_amputee|S109,S109,ex1,0.6923809523809524,0.5040476190476191,0.18833333333333335,0.06761904761904769,True,False,5,0.4,0.2,,0.2,,-0.2,
db10,db10_mixed_to_amputee,agency_vs_plain_conf_iso_budget,0.10,agency_margin_tau_0.10,plain_conf_threshold_matched_tau_0.10,plain_conf_threshold_iso_budget_curve,median_earliest_stable_safe_s,db10_mixed_to_amputee|S110,S110,ex1,0.6523809523809524,0.37166666666666665,0.28071428571428575,0.15047619047619054,True,False,5,0.4,0.4,,0.0,,0.0,
db10,db10_mixed_to_amputee,agency_vs_plain_conf_iso_budget,0.10,agency_margin_tau_0.10,plain_conf_threshold_matched_tau_0.10,plain_conf_threshold_iso_budget_curve,median_earliest_stable_safe_s,db10_mixed_to_amputee|S111,S111,ex1,0.7397619047619047,0.5395238095238095,0.20023809523809522,0.06285714285714283,True,False,5,0.2,0.2,,0.0,,0.0,
db10,db10_mixed_to_amputee,agency_vs_plain_conf_iso_budget,0.10,agency_margin_tau_0.10,plain_conf_threshold_matched_tau_0.10,plain_conf_threshold_iso_budget_curve,median_earliest_stable_safe_s,db10_mixed_to_amputee|S112,S112,ex1,0.6676190476190477,0.4054761904761905,0.2621428571428572,0.11761904761904762,True,False,5,0.2,0.2,,0.0,,0.0,
db10,db10_mixed_to_amputee,agency_vs_plain_conf_iso_budget,0.10,agency_margin_tau_0.10,plain_conf_threshold_matched_tau_0.10,plain_conf_threshold_iso_budget_curve,median_earliest_stable_safe_s,db10_mixed_to_amputee|S113,S113,ex1,0.7792857142857142,0.46190476190476193,0.3173809523809523,0.17476190476190467,True,False,5,0.2,0.2,,0.0,,0.0,
db10,db10_mixed_to_amputee,agency_vs_plain_conf_iso_budget,0.10,agency_margin_tau_0.10,plain_conf_threshold_matched_tau_0.10,plain_conf_threshold_iso_budget_curve,median_earliest_stable_safe_s,db10_mixed_to_amputee|S114,S114,ex1,0.6345238095238095,0.5473809523809524,0.08714285714285708,0.02595238095238095,False,True,5,0.4,0.4,0.24589473684210528,0.0,0.15410526315789475,0.0,-0.15410526315789475
db10,db10_mixed_to_amputee,agency_vs_plain_conf_iso_budget,0.10,agency_margin_tau_0.10,plain_conf_threshold_matched_tau_0.10,plain_conf_threshold_iso_budget_curve,median_earliest_stable_safe_s,db10_mixed_to_amputee|S115,S115,ex1,0.7814285714285715,0.12333333333333334,0.6580952380952382,0.5954761904761905,True,False,5,0.6,0.5,,0.09999999999999998,,-0.09999999999999998,
db10,db10_mixed_to_amputee,agency_vs_plain_conf_iso_budget,0.15,agency_margin_tau_0.15,plain_conf_threshold_matched_tau_0.15,plain_conf_threshold_iso_budget_curve,median_earliest_stable_safe_s,db10_mixed_to_amputee|S101,S101,ex1,0.6326190476190476,0.5530952380952381,0.07952380952380955,0.053333333333333344,True,False,5,0.2,0.2,,0.0,,0.0,
db10,db10_mixed_to_amputee,agency_vs_plain_conf_iso_budget,0.15,agency_margin_tau_0.15,plain_conf_threshold_matched_tau_0.15,plain_conf_threshold_iso_budget_curve,median_earliest_stable_safe_s,db10_mixed_to_amputee|S102,S102,ex1,0.6985714285714286,0.5392857142857143,0.15928571428571436,0.12928571428571434,True,False,5,0.2,0.2,,0.0,,0.0,
db10,db10_mixed_to_amputee,agency_vs_plain_conf_iso_budget,0.15,agency_margin_tau_0.15,plain_conf_threshold_matched_tau_0.15,plain_conf_threshold_iso_budget_curve,median_earliest_stable_safe_s,db10_mixed_to_amputee|S103,S103,ex1,0.714047619047619,0.5995238095238096,0.11452380952380947,0.085952380952381,True,False,5,0.2,0.2,,0.0,,0.0,
db10,db10_mixed_to_amputee,agency_vs_plain_conf_iso_budget,0.15,agency_margin_tau_0.15,plain_conf_threshold_matched_tau_0.15,plain_conf_threshold_iso_budget_curve,median_earliest_stable_safe_s,db10_mixed_to_amputee|S104,S104,ex1,0.7385714285714285,0.5826190476190476,0.15595238095238095,0.12428571428571422,True,False,5,0.2,0.2,,0.0,,0.0,
db10,db10_mixed_to_amputee,agency_vs_plain_conf_iso_budget,0.15,agency_margin_tau_0.15,plain_conf_threshold_matched_tau_0.15,plain_conf_threshold_iso_budget_curve,median_earliest_stable_safe_s,db10_mixed_to_amputee|S105,S105,ex1,0.6880952380952381,0.6311904761904762,0.0569047619047619,0.02523809523809528,True,False,5,0.4,0.2,,0.2,,-0.2,
db10,db10_mixed_to_amputee,agency_vs_plain_conf_iso_budget,0.15,agency_margin_tau_0.15,plain_conf_threshold_matched_tau_0.15,plain_conf_threshold_iso_budget_curve,median_earliest_stable_safe_s,db10_mixed_to_amputee|S106,S106,ex1,0.6676190476190477,0.5897619047619047,0.07785714285714296,0.04880952380952386,True,False,5,0.4,0.2,,0.2,,-0.2,
db10,db10_mixed_to_amputee,agency_vs_plain_conf_iso_budget,0.15,agency_margin_tau_0.15,plain_conf_threshold_matched_tau_0.15,plain_conf_threshold_iso_budget_curve,median_earliest_stable_safe_s,db10_mixed_to_amputee|S107,S107,ex1,0.8076190476190476,0.6316666666666667,0.17595238095238086,0.1411904761904761,True,False,5,0.2,0.2,,0.0,,0.0,
db10,db10_mixed_to_amputee,agency_vs_plain_conf_iso_budget,0.15,agency_margin_tau_0.15,plain_conf_threshold_matched_tau_0.15,plain_conf_threshold_iso_budget_curve,median_earliest_stable_safe_s,db10_mixed_to_amputee|S108,S108,ex1,0.9030952380952381,0.49523809523809526,0.4078571428571428,0.3438095238095238,True,False,3,0.2,0.2,,0.0,,0.0,
db10,db10_mixed_to_amputee,agency_vs_plain_conf_iso_budget,0.15,agency_margin_tau_0.15,plain_conf_threshold_matched_tau_0.15,plain_conf_threshold_iso_budget_curve,median_earliest_stable_safe_s,db10_mixed_to_amputee|S109,S109,ex1,0.7304761904761905,0.5916666666666667,0.13880952380952383,0.10571428571428576,True,False,5,0.2,0.2,,0.0,,0.0,
db10,db10_mixed_to_amputee,agency_vs_plain_conf_iso_budget,0.15,agency_margin_tau_0.15,plain_conf_threshold_matched_tau_0.15,plain_conf_threshold_iso_budget_curve,median_earliest_stable_safe_s,db10_mixed_to_amputee|S110,S110,ex1,0.7307142857142858,0.4666666666666667,0.2640476190476191,0.2288095238095239,True,False,5,0.4,0.4,,0.0,,0.0,
db10,db10_mixed_to_amputee,agency_vs_plain_conf_iso_budget,0.15,agency_margin_tau_0.15,plain_conf_threshold_matched_tau_0.15,plain_conf_threshold_iso_budget_curve,median_earliest_stable_safe_s,db10_mixed_to_amputee|S111,S111,ex1,0.8271428571428572,0.6369047619047619,0.19023809523809532,0.15023809523809528,True,False,5,0.2,0.2,,0.0,,0.0,
db10,db10_mixed_to_amputee,agency_vs_plain_conf_iso_budget,0.15,agency_margin_tau_0.15,plain_conf_threshold_matched_tau_0.15,plain_conf_threshold_iso_budget_curve,median_earliest_stable_safe_s,db10_mixed_to_amputee|S112,S112,ex1,0.7095238095238096,0.5138095238095238,0.19571428571428573,0.1595238095238095,True,False,5,0.2,0.2,,0.0,,0.0,
db10,db10_mixed_to_amputee,agency_vs_plain_conf_iso_budget,0.15,agency_margin_tau_0.15,plain_conf_threshold_matched_tau_0.15,plain_conf_threshold_iso_budget_curve,median_earliest_stable_safe_s,db10_mixed_to_amputee|S113,S113,ex1,0.8145238095238095,0.570952380952381,0.24357142857142855,0.20999999999999996,True,False,5,0.2,0.2,,0.0,,0.0,
db10,db10_mixed_to_amputee,agency_vs_plain_conf_iso_budget,0.15,agency_margin_tau_0.15,plain_conf_threshold_matched_tau_0.15,plain_conf_threshold_iso_budget_curve,median_earliest_stable_safe_s,db10_mixed_to_amputee|S114,S114,ex1,0.7854761904761904,0.6604761904761904,0.125,0.09285714285714286,True,False,5,0.2,0.2,,0.0,,0.0,
db10,db10_mixed_to_amputee,agency_vs_plain_conf_iso_budget,0.15,agency_margin_tau_0.15,plain_conf_threshold_matched_tau_0.15,plain_conf_threshold_iso_budget_curve,median_earliest_stable_safe_s,db10_mixed_to_amputee|S115,S115,ex1,0.8783333333333333,0.1711904761904762,0.7071428571428571,0.6923809523809523,True,False,5,0.5,0.4,,0.09999999999999998,,-0.09999999999999998,
db10,db10_mixed_to_amputee,agency_vs_plain_conf_iso_budget,0.20,agency_margin_tau_0.20,plain_conf_threshold_matched_tau_0.20,plain_conf_threshold_iso_budget_curve,median_earliest_stable_safe_s,db10_mixed_to_amputee|S101,S101,ex1,0.6645238095238095,0.5792857142857143,0.08523809523809522,0.08523809523809522,True,False,5,0.2,0.2,,0.0,,0.0,
db10,db10_mixed_to_amputee,agency_vs_plain_conf_iso_budget,0.20,agency_margin_tau_0.20,plain_conf_threshold_matched_tau_0.20,plain_conf_threshold_iso_budget_curve,median_earliest_stable_safe_s,db10_mixed_to_amputee|S102,S102,ex1,0.7335714285714285,0.5692857142857143,0.16428571428571426,0.16428571428571426,True,False,5,0.2,0.2,,0.0,,0.0,
db10,db10_mixed_to_amputee,agency_vs_plain_conf_iso_budget,0.20,agency_margin_tau_0.20,plain_conf_threshold_matched_tau_0.20,plain_conf_threshold_iso_budget_curve,median_earliest_stable_safe_s,db10_mixed_to_amputee|S103,S103,ex1,0.7378571428571429,0.628095238095238,0.10976190476190484,0.10976190476190484,True,False,5,0.2,0.2,,0.0,,0.0,
db10,db10_mixed_to_amputee,agency_vs_plain_conf_iso_budget,0.20,agency_margin_tau_0.20,plain_conf_threshold_matched_tau_0.20,plain_conf_threshold_iso_budget_curve,median_earliest_stable_safe_s,db10_mixed_to_amputee|S104,S104,ex1,0.7421428571428571,0.6142857142857143,0.12785714285714278,0.12785714285714278,True,False,5,0.2,0.2,,0.0,,0.0,
db10,db10_mixed_to_amputee,agency_vs_plain_conf_iso_budget,0.20,agency_margin_tau_0.20,plain_conf_threshold_matched_tau_0.20,plain_conf_threshold_iso_budget_curve,median_earliest_stable_safe_s,db10_mixed_to_amputee|S105,S105,ex1,0.7552380952380953,0.6628571428571428,0.09238095238095245,0.09238095238095245,True,False,5,0.2,0.2,,0.0,,0.0,
db10,db10_mixed_to_amputee,agency_vs_plain_conf_iso_budget,0.20,agency_margin_tau_0.20,plain_conf_threshold_matched_tau_0.20,plain_conf_threshold_iso_budget_curve,median_earliest_stable_safe_s,db10_mixed_to_amputee|S106,S106,ex1,0.709047619047619,0.6188095238095238,0.09023809523809523,0.09023809523809523,True,False,5,0.2,0.2,,0.0,,0.0,
db10,db10_mixed_to_amputee,agency_vs_plain_conf_iso_budget,0.20,agency_margin_tau_0.20,plain_conf_threshold_matched_tau_0.20,plain_conf_threshold_iso_budget_curve,median_earliest_stable_safe_s,db10_mixed_to_amputee|S107,S107,ex1,0.825952380952381,0.6664285714285715,0.1595238095238095,0.1595238095238095,True,False,5,0.2,0.2,,0.0,,0.0,
db10,db10_mixed_to_amputee,agency_vs_plain_conf_iso_budget,0.20,agency_margin_tau_0.20,plain_conf_threshold_matched_tau_0.20,plain_conf_threshold_iso_budget_curve,median_earliest_stable_safe_s,db10_mixed_to_amputee|S108,S108,ex1,0.9997619047619047,0.5592857142857143,0.44047619047619047,0.44047619047619047,True,False,3,0.2,0.2,,0.0,,0.0,
db10,db10_mixed_to_amputee,agency_vs_plain_conf_iso_budget,0.20,agency_margin_tau_0.20,plain_conf_threshold_matched_tau_0.20,plain_conf_threshold_iso_budget_curve,median_earliest_stable_safe_s,db10_mixed_to_amputee|S109,S109,ex1,0.7371428571428571,0.6247619047619047,0.11238095238095236,0.11238095238095236,True,False,5,0.2,0.2,,0.0,,0.0,
db10,db10_mixed_to_amputee,agency_vs_plain_conf_iso_budget,0.20,agency_margin_tau_0.20,plain_conf_threshold_matched_tau_0.20,plain_conf_threshold_iso_budget_curve,median_earliest_stable_safe_s,db10_mixed_to_amputee|S110,S110,ex1,0.7569047619047619,0.5019047619047619,0.255,0.255,True,False,5,0.2,0.4,,-0.2,,0.2,
db10,db10_mixed_to_amputee,agency_vs_plain_conf_iso_budget,0.20,agency_margin_tau_0.20,plain_conf_threshold_matched_tau_0.20,plain_conf_threshold_iso_budget_curve,median_earliest_stable_safe_s,db10_mixed_to_amputee|S111,S111,ex1,0.8383333333333334,0.6769047619047619,0.16142857142857148,0.16142857142857148,True,False,5,0.2,0.2,,0.0,,0.0,
db10,db10_mixed_to_amputee,agency_vs_plain_conf_iso_budget,0.20,agency_margin_tau_0.20,plain_conf_threshold_matched_tau_0.20,plain_conf_threshold_iso_budget_curve,median_earliest_stable_safe_s,db10_mixed_to_amputee|S112,S112,ex1,0.7214285714285714,0.55,0.17142857142857137,0.17142857142857137,True,False,5,0.2,0.2,,0.0,,0.0,
db10,db10_mixed_to_amputee,agency_vs_plain_conf_iso_budget,0.20,agency_margin_tau_0.20,plain_conf_threshold_matched_tau_0.20,plain_conf_threshold_iso_budget_curve,median_earliest_stable_safe_s,db10_mixed_to_amputee|S113,S113,ex1,0.8321428571428572,0.6045238095238096,0.2276190476190476,0.2276190476190476,True,False,5,0.2,0.2,,0.0,,0.0,
db10,db10_mixed_to_amputee,agency_vs_plain_conf_iso_budget,0.20,agency_margin_tau_0.20,plain_conf_threshold_matched_tau_0.20,plain_conf_threshold_iso_budget_curve,median_earliest_stable_safe_s,db10_mixed_to_amputee|S114,S114,ex1,0.8269047619047619,0.6926190476190476,0.13428571428571434,0.13428571428571434,True,False,5,0.2,0.2,,0.0,,0.0,
db10,db10_mixed_to_amputee,agency_vs_plain_conf_iso_budget,0.20,agency_margin_tau_0.20,plain_conf_threshold_matched_tau_0.20,plain_conf_threshold_iso_budget_curve,median_earliest_stable_safe_s,db10_mixed_to_amputee|S115,S115,ex1,0.8897619047619048,0.18595238095238095,0.7038095238095238,0.7038095238095238,True,False,5,0.4,0.4,,0.0,,0.0,
db10,db10_mixed_to_amputee,agency_vs_plain_conf_iso_budget,0.02,agency_margin_tau_0.02,plain_conf_threshold_matched_tau_0.02,plain_conf_threshold_iso_budget_curve,safe_episode_rate,db10_mixed_to_amputee|S101,S101,ex1,0.19476190476190477,0.2211904761904762,-0.026428571428571412,0.026428571428571412,True,False,5,0.425,0.20238095238095238,,0.2226190476190476,,0.2226190476190476,
db10,db10_mixed_to_amputee,agency_vs_plain_conf_iso_budget,0.02,agency_margin_tau_0.02,plain_conf_threshold_matched_tau_0.02,plain_conf_threshold_iso_budget_curve,safe_episode_rate,db10_mixed_to_amputee|S102,S102,ex1,0.17595238095238094,0.10833333333333334,0.0676190476190476,0.0676190476190476,False,True,5,0.4095238095238095,0.11904761904761904,0.20399831649831648,0.29047619047619044,0.20552549302549303,0.29047619047619044,0.20552549302549303
db10,db10_mixed_to_amputee,agency_vs_plain_conf_iso_budget,0.02,agency_margin_tau_0.02,plain_conf_threshold_matched_tau_0.02,plain_conf_threshold_iso_budget_curve,safe_episode_rate,db10_mixed_to_amputee|S103,S103,ex1,0.23095238095238096,0.1926190476190476,0.03833333333333336,0.03833333333333336,False,True,5,0.5059523809523809,0.14642857142857144,0.200034552079407,0.35952380952380947,0.3059178288729739,0.35952380952380947,0.3059178288729739
db10,db10_mixed_to_amputee,agency_vs_plain_conf_iso_budget,0.02,agency_margin_tau_0.02,plain_conf_threshold_matched_tau_0.02,plain_conf_threshold_iso_budget_curve,safe_episode_rate,db10_mixed_to_amputee|S104,S104,ex1,0.3759523809523809,0.16238095238095238,0.21357142857142855,0.03809523809523807,False,True,5,0.5773809523809523,0.18571428571428572,0.46234318089842164,0.3916666666666666,0.11503777148253069,0.3916666666666666,0.11503777148253069
db10,db10_mixed_to_amputee,agency_vs_plain_conf_iso_budget,0.02,agency_margin_tau_0.02,plain_conf_threshold_matched_tau_0.02,plain_conf_threshold_iso_budget_curve,safe_episode_rate,db10_mixed_to_amputee|S105,S105,ex1,0.1411904761904762,0.1554761904761905,-0.01428571428571429,0.01428571428571429,True,False,5,0.30833333333333335,0.08571428571428572,,0.22261904761904763,,0.22261904761904763,
db10,db10_mixed_to_amputee,agency_vs_plain_conf_iso_budget,0.02,agency_margin_tau_0.02,plain_conf_threshold_matched_tau_0.02,plain_conf_threshold_iso_budget_curve,safe_episode_rate,db10_mixed_to_amputee|S106,S106,ex1,0.1626190476190476,0.13238095238095238,0.03023809523809523,0.03023809523809523,False,True,5,0.39880952380952384,0.075,0.1095409051348999,0.3238095238095238,0.28926861867462395,0.3238095238095238,0.28926861867462395
db10,db10_mixed_to_amputee,agency_vs_plain_conf_iso_budget,0.02,agency_margin_tau_0.02,plain_conf_threshold_matched_tau_0.02,plain_conf_threshold_iso_budget_curve,safe_episode_rate,db10_mixed_to_amputee|S107,S107,ex1,0.32976190476190476,0.12571428571428572,0.20404761904761903,0.008809523809523823,False,True,5,0.5059523809523809,0.06666666666666667,0.2800721742835837,0.4392857142857143,0.2258802066687972,0.4392857142857143,0.2258802066687972
db10,db10_mixed_to_amputee,agency_vs_plain_conf_iso_budget,0.02,agency_margin_tau_0.02,plain_conf_threshold_matched_tau_0.02,plain_conf_threshold_iso_budget_curve,safe_episode_rate,db10_mixed_to_amputee|S108,S108,ex1,0.0,0.17714285714285713,-0.17714285714285713,0.17714285714285713,True,False,5,0.0,0.0,,0.0,,0.0,
db10,db10_mixed_to_amputee,agency_vs_plain_conf_iso_budget,0.02,agency_margin_tau_0.02,plain_conf_threshold_matched_tau_0.02,plain_conf_threshold_iso_budget_curve,safe_episode_rate,db10_mixed_to_amputee|S109,S109,ex1,0.21023809523809525,0.15142857142857144,0.05880952380952381,0.05880952380952381,False,True,5,0.4595238095238095,0.14761904761904762,0.2364334305150632,0.3119047619047619,0.22309037900874631,0.3119047619047619,0.22309037900874631
db10,db10_mixed_to_amputee,agency_vs_plain_conf_iso_budget,0.02,agency_margin_tau_0.02,plain_conf_threshold_matched_tau_0.02,plain_conf_threshold_iso_budget_curve,safe_episode_rate,db10_mixed_to_amputee|S110,S110,ex1,0.16476190476190475,0.05071428571428571,0.11404761904761904,0.03023809523809526,False,True,5,0.28809523809523807,0.02023809523809524,0.1256286342920006,0.26785714285714285,0.16246660380323746,0.26785714285714285,0.16246660380323746
db10,db10_mixed_to_amputee,agency_vs_plain_conf_iso_budget,0.02,agency_margin_tau_0.02,plain_conf_threshold_matched_tau_0.02,plain_conf_threshold_iso_budget_curve,safe_episode_rate,db10_mixed_to_amputee|S111,S111,ex1,0.23547619047619048,0.1823809523809524,0.053095238095238084,0.053095238095238084,False,True,5,0.4119047619047619,0.10357142857142858,0.17919385302197802,0.3083333333333333,0.23271090888278387,0.3083333333333333,0.23271090888278387
db10,db10_mixed_to_amputee,agency_vs_plain_conf_iso_budget,0.02,agency_margin_tau_0.02,plain_conf_threshold_matched_tau_0.02,plain_conf_threshold_iso_budget_curve,safe_episode_rate,db10_mixed_to_amputee|S112,S112,ex1,0.2866666666666667,0.08595238095238095,0.20071428571428573,0.06452380952380954,False,True,5,0.37023809523809526,0.06904761904761905,0.299400123685838,0.30119047619047623,0.07083797155225724,0.30119047619047623,0.07083797155225724
db10,db10_mixed_to_amputee,agency_vs_plain_conf_iso_budget,0.02,agency_margin_tau_0.02,plain_conf_threshold_matched_tau_0.02,plain_conf_threshold_iso_budget_curve,safe_episode_rate,db10_mixed_to_amputee|S113,S113,ex1,0.26785714285714285,0.05976190476190476,0.20809523809523808,0.0069047619047619135,False,True,5,0.32976190476190476,0.02023809523809524,0.1499012638230648,0.30952380952380953,0.17986064093883997,0.30952380952380953,0.17986064093883997
db10,db10_mixed_to_amputee,agency_vs_plain_conf_iso_budget,0.02,agency_margin_tau_0.02,plain_conf_threshold_matched_tau_0.02,plain_conf_threshold_iso_budget_curve,safe_episode_rate,db10_mixed_to_amputee|S114,S114,ex1,0.18714285714285714,0.17785714285714285,0.009285714285714286,0.009285714285714286,False,True,5,0.37976190476190474,0.08333333333333333,0.09464358215880748,0.29642857142857143,0.2851183226030973,0.29642857142857143,0.2851183226030973
db10,db10_mixed_to_amputee,agency_vs_plain_conf_iso_budget,0.02,agency_margin_tau_0.02,plain_conf_threshold_matched_tau_0.02,plain_conf_threshold_iso_budget_curve,safe_episode_rate,db10_mixed_to_amputee|S115,S115,ex1,0.19023809523809523,0.012380952380952381,0.17785714285714285,0.004285714285714282,True,False,5,0.14642857142857144,0.010714285714285714,,0.13571428571428573,,0.13571428571428573,
db10,db10_mixed_to_amputee,agency_vs_plain_conf_iso_budget,0.05,agency_margin_tau_0.05,plain_conf_threshold_matched_tau_0.05,plain_conf_threshold_iso_budget_curve,safe_episode_rate,db10_mixed_to_amputee|S101,S101,ex1,0.4088095238095238,0.35714285714285715,0.05166666666666664,0.05166666666666664,False,True,5,0.6392857142857142,0.42857142857142855,0.4961355311355311,0.2107142857142857,0.14315018315018313,0.2107142857142857,0.14315018315018313
db10,db10_mixed_to_amputee,agency_vs_plain_conf_iso_budget,0.05,agency_margin_tau_0.05,plain_conf_threshold_matched_tau_0.05,plain_conf_threshold_iso_budget_curve,safe_episode_rate,db10_mixed_to_amputee|S102,S102,ex1,0.4719047619047619,0.2969047619047619,0.175,0.021428571428571408,False,True,5,0.6226190476190476,0.35595238095238096,0.5583684412102642,0.26666666666666666,0.06425060640878344,0.26666666666666666,0.06425060640878344
db10,db10_mixed_to_amputee,agency_vs_plain_conf_iso_budget,0.05,agency_margin_tau_0.05,plain_conf_threshold_matched_tau_0.05,plain_conf_threshold_iso_budget_curve,safe_episode_rate,db10_mixed_to_amputee|S103,S103,ex1,0.4807142857142857,0.3730952380952381,0.10761904761904761,0.03690476190476194,False,True,5,0.675,0.39880952380952384,0.5282360555424805,0.2761904761904762,0.1467639444575195,0.2761904761904762,0.1467639444575195
db10,db10_mixed_to_amputee,agency_vs_plain_conf_iso_budget,0.05,agency_margin_tau_0.05,plain_conf_threshold_matched_tau_0.05,plain_conf_threshold_iso_budget_curve,safe_episode_rate,db10_mixed_to_amputee|S104,S104,ex1,0.5823809523809523,0.33785714285714286,0.24452380952380948,0.00023809523809525945,False,True,5,0.6678571428571428,0.4261904761904762,0.6201308784383318,0.24166666666666664,0.047726264418811004,0.24166666666666664,0.047726264418811004
db10,db10_mixed_to_amputee,agency_vs_plain_conf_iso_budget,0.05,agency_margin_tau_0.05,plain_conf_threshold_matched_tau_0.05,plain_conf_threshold_iso_budget_curve,safe_episode_rate,db10_mixed_to_amputee|S105,S105,ex1,0.36142857142857143,0.3580952380952381,0.003333333333333355,0.003333333333333355,False,True,5,0.5857142857142857,0.3142857142857143,0.31872154546573156,0.27142857142857146,0.2669927402485542,0.27142857142857146,0.2669927402485542
db10,db10_mixed_to_amputee,agency_vs_plain_conf_iso_budget,0.05,agency_margin_tau_0.05,plain_conf_threshold_matched_tau_0.05,plain_conf_threshold_iso_budget_curve,safe_episode_rate,db10_mixed_to_amputee|S106,S106,ex1,0.36238095238095236,0.31476190476190474,0.047619047619047616,0.047619047619047616,False,True,5,0.5952380952380952,0.2833333333333333,0.34016511127063886,0.3119047619047619,0.25507298396745637,0.3119047619047619,0.25507298396745637
db10,db10_mixed_to_amputee,agency_vs_plain_conf_iso_budget,0.05,agency_margin_tau_0.05,plain_conf_threshold_matched_tau_0.05,plain_conf_threshold_iso_budget_curve,safe_episode_rate,db10_mixed_to_amputee|S107,S107,ex1,0.5969047619047619,0.3385714285714286,0.25833333333333336,0.03476190476190477,False,True,5,0.6095238095238096,0.2892857142857143,0.4830687830687831,0.32023809523809527,0.1264550264550265,0.32023809523809527,0.1264550264550265
db10,db10_mixed_to_amputee,agency_vs_plain_conf_iso_budget,0.05,agency_margin_tau_0.05,plain_conf_threshold_matched_tau_0.05,plain_conf_threshold_iso_budget_curve,safe_episode_rate,db10_mixed_to_amputee|S108,S108,ex1,0.0004761904761904762,0.21714285714285714,-0.21666666666666667,0.17666666666666667,True,False,5,0.002380952380952381,0.0,,0.002380952380952381,,0.002380952380952381,
db10,db10_mixed_to_amputee,agency_vs_plain_conf_iso_budget,0.05,agency_margin_tau_0.05,plain_conf_threshold_matched_tau_0.05,plain_conf_threshold_iso_budget_curve,safe_episode_rate,db10_mixed_to_amputee|S109,S109,ex1,0.4961904761904762,0.3264285714285714,0.16976190476190478,0.007857142857142896,False,True,5,0.6654761904761904,0.4119047619047619,0.5825769181667304,0.25357142857142856,0.08289927230946004,0.25357142857142856,0.08289927230946004
db10,db10_mixed_to_amputee,agency_vs_plain_conf_iso_budget,0.05,agency_margin_tau_0.05,plain_conf_threshold_matched_tau_0.05,plain_conf_threshold_iso_budget_curve,safe_episode_rate,db10_mixed_to_amputee|S110,S110,ex1,0.4038095238095238,0.195,0.20880952380952378,0.03214285714285714,False,True,5,0.4726190476190476,0.15357142857142858,0.33283208020050126,0.319047619047619,0.13978696741854635,0.319047619047619,0.13978696741854635
db10,db10_mixed_to_amputee,agency_vs_plain_conf_iso_budget,0.05,agency_margin_tau_0.05,plain_conf_threshold_matched_tau_0.05,plain_conf_threshold_iso_budget_curve,safe_episode_rate,db10_mixed_to_amputee|S111,S111,ex1,0.535,0.38047619047619047,0.15452380952380956,0.0045238095238094855,False,True,5,0.638095238095238,0.38571428571428573,0.6031579697747363,0.2523809523809523,0.0349372683205017,0.2523809523809523,0.0349372683205017
db10,db10_mixed_to_amputee,agency_vs_plain_conf_iso_budget,0.05,agency_margin_tau_0.05,plain_conf_threshold_matched_tau_0.05,plain_conf_threshold_iso_budget_curve,safe_episode_rate,db10_mixed_to_amputee|S112,S112,ex1,0.5523809523809524,0.22214285714285714,0.3302380952380953,0.0023809523809523725,True,False,5,0.5154761904761904,0.2357142857142857,,0.2797619047619047,,0.2797619047619047,
db10,db10_mixed_to_amputee,agency_vs_plain_conf_iso_budget,0.05,agency_margin_tau_0.05,plain_conf_threshold_matched_tau_0.05,plain_conf_threshold_iso_budget_curve,safe_episode_rate,db10_mixed_to_amputee|S113,S113,ex1,0.675952380952381,0.26095238095238094,0.41500000000000004,0.0714285714285714,True,False,5,0.3976190476190476,0.14523809523809525,,0.2523809523809524,,0.2523809523809524,
db10,db10_mixed_to_amputee,agency_vs_plain_conf_iso_budget,0.05,agency_margin_tau_0.05,plain_conf_threshold_matched_tau_0.05,plain_conf_threshold_iso_budget_curve,safe_episode_rate,db10_mixed_to_amputee|S114,S114,ex1,0.3883333333333333,0.37333333333333335,0.014999999999999958,0.014999999999999958,False,True,5,0.5976190476190476,0.32142857142857145,0.34625757279656044,0.27619047619047615,0.25136147482248716,0.27619047619047615,0.25136147482248716
db10,db10_mixed_to_amputee,agency_vs_plain_conf_iso_budget,0.05,agency_margin_tau_0.05,plain_conf_threshold_matched_tau_0.05,plain_conf_threshold_iso_budget_curve,safe_episode_rate,db10_mixed_to_amputee|S115,S115,ex1,0.4766666666666667,0.05857142857142857,0.41809523809523813,0.2907142857142857,True,False,5,0.3202380952380952,0.05952380952380952,,0.2607142857142857,,0.2607142857142857,
db10,db10_mixed_to_amputee,agency_vs_plain_conf_iso_budget,0.10,agency_margin_tau_0.10,plain_conf_threshold_matched_tau_0.10,plain_conf_threshold_iso_budget_curve,safe_episode_rate,db10_mixed_to_amputee|S101,S101,ex1,0.5442857142857143,0.48095238095238096,0.0633333333333333,0.008809523809523823,False,True,5,0.7309523809523809,0.5904761904761905,0.6510922520823511,0.14047619047619042,0.0798601288700298,0.14047619047619042,0.0798601288700298
db10,db10_mixed_to_amputee,agency_vs_plain_conf_iso_budget,0.10,agency_margin_tau_0.10,plain_conf_threshold_matched_tau_0.10,plain_conf_threshold_iso_budget_curve,safe_episode_rate,db10_mixed_to_amputee|S102,S102,ex1,0.6221428571428571,0.4504761904761905,0.17166666666666663,0.052857142857142825,True,False,5,0.6833333333333333,0.5428571428571428,,0.14047619047619053,,0.14047619047619053,
db10,db10_mixed_to_amputee,agency_vs_plain_conf_iso_budget,0.10,agency_margin_tau_0.10,plain_conf_threshold_matched_tau_0.10,plain_conf_threshold_iso_budget_curve,safe_episode_rate,db10_mixed_to_amputee|S103,S103,ex1,0.6438095238095238,0.5176190476190476,0.1261904761904762,0.01571428571428579,True,False,5,0.7142857142857143,0.5726190476190476,,0.14166666666666672,,0.14166666666666672,
db10,db10_mixed_to_amputee,agency_vs_plain_conf_iso_budget,0.10,agency_margin_tau_0.10,plain_conf_threshold_matched_tau_0.10,plain_conf_threshold_iso_budget_curve,safe_episode_rate,db10_mixed_to_amputee|S104,S104,ex1,0.7130952380952381,0.5059523809523809,0.20714285714285718,0.09880952380952379,True,False,5,0.7011904761904761,0.5857142857142857,,0.1154761904761904,,0.1154761904761904,
db10,db10_mixed_to_amputee,agency_vs_plain_conf_iso_budget,0.10,agency_margin_tau_0.10,plain_conf_threshold_matched_tau_0.10,plain_conf_threshold_iso_budget_curve,safe_episode_rate,db10_mixed_to_amputee|S105,S105,ex1,0.5757142857142857,0.5423809523809524,0.033333333333333326,0.033333333333333326,False,True,5,0.7178571428571429,0.5595238095238095,0.605100217030512,0.15833333333333333,0.11275692582663088,0.15833333333333333,0.11275692582663088
db10,db10_mixed_to_amputee,agency_vs_plain_conf_iso_budget,0.10,agency_margin_tau_0.10,plain_conf_threshold_matched_tau_0.10,plain_conf_threshold_iso_budget_curve,safe_episode_rate,db10_mixed_to_amputee|S106,S106,ex1,0.5692857142857143,0.5042857142857143,0.06499999999999995,0.020476190476190426,False,True,5,0.6773809523809524,0.5095238095238095,0.5593148958747844,0.16785714285714293,0.11806605650616797,0.16785714285714293,0.11806605650616797
db10,db10_mixed_to_amputee,agency_vs_plain_conf_iso_budget,0.10,agency_margin_tau_0.10,plain_conf_threshold_matched_tau_0.10,plain_conf_threshold_iso_budget_curve,safe_episode_rate,db10_mixed_to_amputee|S107,S107,ex1,0.7471428571428571,0.5416666666666666,0.20547619047619048,0.08071428571428563,True,False,5,0.6166666666666667,0.4523809523809524,,0.1642857142857143,,0.1642857142857143,
db10,db10_mixed_to_amputee,agency_vs_plain_conf_iso_budget,0.10,agency_margin_tau_0.10,plain_conf_threshold_matched_tau_0.10,plain_conf_threshold_iso_budget_curve,safe_episode_rate,db10_mixed_to_amputee|S108,S108,ex1,0.02095238095238095,0.37285714285714283,-0.3519047619047619,0.15619047619047619,True,False,5,0.036904761904761905,0.016666666666666666,,0.02023809523809524,,0.02023809523809524,
db10,db10_mixed_to_amputee,agency_vs_plain_conf_iso_budget,0.10,agency_margin_tau_0.10,plain_conf_threshold_matched_tau_0.10,plain_conf_threshold_iso_budget_curve,safe_episode_rate,db10_mixed_to_amputee|S109,S109,ex1,0.6923809523809524,0.5040476190476191,0.18833333333333335,0.06761904761904769,True,False,5,0.7273809523809524,0.5904761904761905,,0.13690476190476186,,0.13690476190476186,
db10,db10_mixed_to_amputee,agency_vs_plain_conf_iso_budget,0.10,agency_margin_tau_0.10,plain_conf_threshold_matched_tau_0.10,plain_conf_threshold_iso_budget_curve,safe_episode_rate,db10_mixed_to_amputee|S110,S110,ex1,0.6523809523809524,0.37166666666666665,0.28071428571428575,0.15047619047619054,True,False,5,0.5190476190476191,0.3130952380952381,,0.205952380952381,,0.205952380952381,
db10,db10_mixed_to_amputee,agency_vs_plain_conf_iso_budget,0.10,agency_margin_tau_0.10,plain_conf_threshold_matched_tau_0.10,plain_conf_threshold_iso_budget_curve,safe_episode_rate,db10_mixed_to_amputee|S111,S111,ex1,0.7397619047619047,0.5395238095238095,0.20023809523809522,0.06285714285714283,True,False,5,0.7738095238095238,0.6095238095238096,,0.16428571428571426,,0.16428571428571426,
db10,db10_mixed_to_amputee,agency_vs_plain_conf_iso_budget,0.10,agency_margin_tau_0.10,plain_conf_threshold_matched_tau_0.10,plain_conf_threshold_iso_budget_curve,safe_episode_rate,db10_mixed_to_amputee|S112,S112,ex1,0.6676190476190477,0.4054761904761905,0.2621428571428572,0.11761904761904762,True,False,5,0.5523809523809524,0.4166666666666667,,0.13571428571428573,,0.13571428571428573,
db10,db10_mixed_to_amputee,agency_vs_plain_conf_iso_budget,0.10,agency_margin_tau_0.10,plain_conf_threshold_matched_tau_0.10,plain_conf_threshold_iso_budget_curve,safe_episode_rate,db10_mixed_to_amputee|S113,S113,ex1,0.7792857142857142,0.46190476190476193,0.3173809523809523,0.17476190476190467,True,False,5,0.42857142857142855,0.28095238095238095,,0.1476190476190476,,0.1476190476190476,
db10,db10_mixed_to_amputee,agency_vs_plain_conf_iso_budget,0.10,agency_margin_tau_0.10,plain_conf_threshold_matched_tau_0.10,plain_conf_threshold_iso_budget_curve,safe_episode_rate,db10_mixed_to_amputee|S114,S114,ex1,0.6345238095238095,0.5473809523809524,0.08714285714285708,0.02595238095238095,False,True,5,0.763095238095238,0.6095238095238096,0.6939147869674186,0.15357142857142847,0.06918045112781945,0.15357142857142847,0.06918045112781945
db10,db10_mixed_to_amputee,agency_vs_plain_conf_iso_budget,0.10,agency_margin_tau_0.10,plain_conf_threshold_matched_tau_0.10,plain_conf_threshold_iso_budget_curve,safe_episode_rate,db10_mixed_to_amputee|S115,S115,ex1,0.7814285714285715,0.12333333333333334,0.6580952380952382,0.5954761904761905,True,False,5,0.45357142857142857,0.13690476190476192,,0.31666666666666665,,0.31666666666666665,
db10,db10_mixed_to_amputee,agency_vs_plain_conf_iso_budget,0.15,agency_margin_tau_0.15,plain_conf_threshold_matched_tau_0.15,plain_conf_threshold_iso_budget_curve,safe_episode_rate,db10_mixed_to_amputee|S101,S101,ex1,0.6326190476190476,0.5530952380952381,0.07952380952380955,0.053333333333333344,True,False,5,0.7416666666666667,0.6595238095238095,,0.08214285714285718,,0.08214285714285718,
db10,db10_mixed_to_amputee,agency_vs_plain_conf_iso_budget,0.15,agency_margin_tau_0.15,plain_conf_threshold_matched_tau_0.15,plain_conf_threshold_iso_budget_curve,safe_episode_rate,db10_mixed_to_amputee|S102,S102,ex1,0.6985714285714286,0.5392857142857143,0.15928571428571436,0.12928571428571434,True,False,5,0.7,0.6071428571428571,,0.09285714285714286,,0.09285714285714286,
db10,db10_mixed_to_amputee,agency_vs_plain_conf_iso_budget,0.15,agency_margin_tau_0.15,plain_conf_threshold_matched_tau_0.15,plain_conf_threshold_iso_budget_curve,safe_episode_rate,db10_mixed_to_amputee|S103,S103,ex1,0.714047619047619,0.5995238095238096,0.11452380952380947,0.085952380952381,True,False,5,0.7214285714285714,0.6571428571428571,,0.06428571428571428,,0.06428571428571428,
db10,db10_mixed_to_amputee,agency_vs_plain_conf_iso_budget,0.15,agency_margin_tau_0.15,plain_conf_threshold_matched_tau_0.15,plain_conf_threshold_iso_budget_curve,safe_episode_rate,db10_mixed_to_amputee|S104,S104,ex1,0.7385714285714285,0.5826190476190476,0.15595238095238095,0.12428571428571422,True,False,5,0.7,0.6202380952380953,,0.0797619047619047,,0.0797619047619047,
db10,db10_mixed_to_amputee,agency_vs_plain_conf_iso_budget,0.15,agency_margin_tau_0.15,plain_conf_threshold_matched_tau_0.15,plain_conf_threshold_iso_budget_curve,safe_episode_rate,db10_mixed_to_amputee|S105,S105,ex1,0.6880952380952381,0.6311904761904762,0.0569047619047619,0.02523809523809528,True,False,5,0.7607142857142857,0.680952380952381,,0.0797619047619047,,0.0797619047619047,
db10,db10_mixed_to_amputee,agency_vs_plain_conf_iso_budget,0.15,agency_margin_tau_0.15,plain_conf_threshold_matched_tau_0.15,plain_conf_threshold_iso_budget_curve,safe_episode_rate,db10_mixed_to_amputee|S106,S106,ex1,0.6676190476190477,0.5897619047619047,0.07785714285714296,0.04880952380952386,True,False,5,0.675,0.575,,0.10000000000000009,,0.10000000000000009,
db10,db10_mixed_to_amputee,agency_vs_plain_conf_iso_budget,0.15,agency_margin_tau_0.15,plain_conf_threshold_matched_tau_0.15,plain_conf_threshold_iso_budget_curve,safe_episode_rate,db10_mixed_to_amputee|S107,S107,ex1,0.8076190476190476,0.6316666666666667,0.17595238095238086,0.1411904761904761,True,False,5,0.6154761904761905,0.5023809523809524,,0.11309523809523814,,0.11309523809523814,
db10,db10_mixed_to_amputee,agency_vs_plain_conf_iso_budget,0.15,agency_margin_tau_0.15,plain_conf_threshold_matched_tau_0.15,plain_conf_threshold_iso_budget_curve,safe_episode_rate,db10_mixed_to_amputee|S108,S108,ex1,0.9030952380952381,0.49523809523809526,0.4078571428571428,0.3438095238095238,True,False,5,0.5035714285714286,0.3261904761904762,,0.17738095238095236,,0.17738095238095236,
db10,db10_mixed_to_amputee,agency_vs_plain_conf_iso_budget,0.15,agency_margin_tau_0.15,plain_conf_threshold_matched_tau_0.15,plain_conf_threshold_iso_budget_curve,safe_episode_rate,db10_mixed_to_amputee|S109,S109,ex1,0.7304761904761905,0.5916666666666667,0.13880952380952383,0.10571428571428576,True,False,5,0.7273809523809524,0.6392857142857142,,0.08809523809523812,,0.08809523809523812,
db10,db10_mixed_to_amputee,agency_vs_plain_conf_iso_budget,0.15,agency_margin_tau_0.15,plain_conf_threshold_matched_tau_0.15,plain_conf_threshold_iso_budget_curve,safe_episode_rate,db10_mixed_to_amputee|S110,S110,ex1,0.7307142857142858,0.4666666666666667,0.2640476190476191,0.2288095238095239,True,False,5,0.525,0.37142857142857144,,0.15357142857142858,,0.15357142857142858,
db10,db10_mixed_to_amputee,agency_vs_plain_conf_iso_budget,0.15,agency_margin_tau_0.15,plain_conf_threshold_matched_tau_0.15,plain_conf_threshold_iso_budget_curve,safe_episode_rate,db10_mixed_to_amputee|S111,S111,ex1,0.8271428571428572,0.6369047619047619,0.19023809523809532,0.15023809523809528,True,False,5,0.7904761904761904,0.6904761904761905,,0.09999999999999998,,0.09999999999999998,
db10,db10_mixed_to_amputee,agency_vs_plain_conf_iso_budget,0.15,agency_margin_tau_0.15,plain_conf_threshold_matched_tau_0.15,plain_conf_threshold_iso_budget_curve,safe_episode_rate,db10_mixed_to_amputee|S112,S112,ex1,0.7095238095238096,0.5138095238095238,0.19571428571428573,0.1595238095238095,True,False,5,0.5583333333333333,0.48214285714285715,,0.0761904761904762,,0.0761904761904762,
db10,db10_mixed_to_amputee,agency_vs_plain_conf_iso_budget,0.15,agency_margin_tau_0.15,plain_conf_threshold_matched_tau_0.15,plain_conf_threshold_iso_budget_curve,safe_episode_rate,db10_mixed_to_amputee|S113,S113,ex1,0.8145238095238095,0.570952380952381,0.24357142857142855,0.20999999999999996,True,False,5,0.43452380952380953,0.33690476190476193,,0.0976190476190476,,0.0976190476190476,
db10,db10_mixed_to_amputee,agency_vs_plain_conf_iso_budget,0.15,agency_margin_tau_0.15,plain_conf_threshold_matched_tau_0.15,plain_conf_threshold_iso_budget_curve,safe_episode_rate,db10_mixed_to_amputee|S114,S114,ex1,0.7854761904761904,0.6604761904761904,0.125,0.09285714285714286,True,False,5,0.805952380952381,0.719047619047619,,0.08690476190476193,,0.08690476190476193,
db10,db10_mixed_to_amputee,agency_vs_plain_conf_iso_budget,0.15,agency_margin_tau_0.15,plain_conf_threshold_matched_tau_0.15,plain_conf_threshold_iso_budget_curve,safe_episode_rate,db10_mixed_to_amputee|S115,S115,ex1,0.8783333333333333,0.1711904761904762,0.7071428571428571,0.6923809523809523,True,False,5,0.475,0.1880952380952381,,0.2869047619047619,,0.2869047619047619,
db10,db10_mixed_to_amputee,agency_vs_plain_conf_iso_budget,0.20,agency_margin_tau_0.20,plain_conf_threshold_matched_tau_0.20,plain_conf_threshold_iso_budget_curve,safe_episode_rate,db10_mixed_to_amputee|S101,S101,ex1,0.6645238095238095,0.5792857142857143,0.08523809523809522,0.08523809523809522,True,False,5,0.736904761904762,0.675,,0.06190476190476191,,0.06190476190476191,
db10,db10_mixed_to_amputee,agency_vs_plain_conf_iso_budget,0.20,agency_margin_tau_0.20,plain_conf_threshold_matched_tau_0.20,plain_conf_threshold_iso_budget_curve,safe_episode_rate,db10_mixed_to_amputee|S102,S102,ex1,0.7335714285714285,0.5692857142857143,0.16428571428571426,0.16428571428571426,True,False,5,0.7011904761904761,0.6309523809523809,,0.07023809523809521,,0.07023809523809521,
db10,db10_mixed_to_amputee,agency_vs_plain_conf_iso_budget,0.20,agency_margin_tau_0.20,plain_conf_threshold_matched_tau_0.20,plain_conf_threshold_iso_budget_curve,safe_episode_rate,db10_mixed_to_amputee|S103,S103,ex1,0.7378571428571429,0.628095238095238,0.10976190476190484,0.10976190476190484,True,False,5,0.719047619047619,0.669047619047619,,0.050000000000000044,,0.050000000000000044,
db10,db10_mixed_to_amputee,agency_vs_plain_conf_iso_budget,0.20,agency_margin_tau_0.20,plain_conf_threshold_matched_tau_0.20,plain_conf_threshold_iso_budget_curve,safe_episode_rate,db10_mixed_to_amputee|S104,S104,ex1,0.7421428571428571,0.6142857142857143,0.12785714285714278,0.12785714285714278,True,False,5,0.7,0.6404761904761904,,0.059523809523809534,,0.059523809523809534,
db10,db10_mixed_to_amputee,agency_vs_plain_conf_iso_budget,0.20,agency_margin_tau_0.20,plain_conf_threshold_matched_tau_0.20,plain_conf_threshold_iso_budget_curve,safe_episode_rate,db10_mixed_to_amputee|S105,S105,ex1,0.7552380952380953,0.6628571428571428,0.09238095238095245,0.09238095238095245,True,False,5,0.7785714285714286,0.7142857142857143,,0.06428571428571428,,0.06428571428571428,
db10,db10_mixed_to_amputee,agency_vs_plain_conf_iso_budget,0.20,agency_margin_tau_0.20,plain_conf_threshold_matched_tau_0.20,plain_conf_threshold_iso_budget_curve,safe_episode_rate,db10_mixed_to_amputee|S106,S106,ex1,0.709047619047619,0.6188095238095238,0.09023809523809523,0.09023809523809523,True,False,5,0.6738095238095239,0.6011904761904762,,0.0726190476190477,,0.0726190476190477,
db10,db10_mixed_to_amputee,agency_vs_plain_conf_iso_budget,0.20,agency_margin_tau_0.20,plain_conf_threshold_matched_tau_0.20,plain_conf_threshold_iso_budget_curve,safe_episode_rate,db10_mixed_to_amputee|S107,S107,ex1,0.825952380952381,0.6664285714285715,0.1595238095238095,0.1595238095238095,True,False,5,0.6130952380952381,0.5261904761904762,,0.08690476190476193,,0.08690476190476193,
db10,db10_mixed_to_amputee,agency_vs_plain_conf_iso_budget,0.20,agency_margin_tau_0.20,plain_conf_threshold_matched_tau_0.20,plain_conf_threshold_iso_budget_curve,safe_episode_rate,db10_mixed_to_amputee|S108,S108,ex1,0.9997619047619047,0.5592857142857143,0.44047619047619047,0.44047619047619047,True,False,5,0.48928571428571427,0.3726190476190476,,0.11666666666666664,,0.11666666666666664,
db10,db10_mixed_to_amputee,agency_vs_plain_conf_iso_budget,0.20,agency_margin_tau_0.20,plain_conf_threshold_matched_tau_0.20,plain_conf_threshold_iso_budget_curve,safe_episode_rate,db10_mixed_to_amputee|S109,S109,ex1,0.7371428571428571,0.6247619047619047,0.11238095238095236,0.11238095238095236,True,False,5,0.725,0.655952380952381,,0.06904761904761902,,0.06904761904761902,
db10,db10_mixed_to_amputee,agency_vs_plain_conf_iso_budget,0.20,agency_margin_tau_0.20,plain_conf_threshold_matched_tau_0.20,plain_conf_threshold_iso_budget_curve,safe_episode_rate,db10_mixed_to_amputee|S110,S110,ex1,0.7569047619047619,0.5019047619047619,0.255,0.255,True,False,5,0.5261904761904762,0.4011904761904762,,0.125,,0.125,
db10,db10_mixed_to_amputee,agency_vs_plain_conf_iso_budget,0.20,agency_margin_tau_0.20,plain_conf_threshold_matched_tau_0.20,plain_conf_threshold_iso_budget_curve,safe_episode_rate,db10_mixed_to_amputee|S111,S111,ex1,0.8383333333333334,0.6769047619047619,0.16142857142857148,0.16142857142857148,True,False,5,0.7892857142857143,0.7119047619047619,,0.07738095238095233,,0.07738095238095233,
db10,db10_mixed_to_amputee,agency_vs_plain_conf_iso_budget,0.20,agency_margin_tau_0.20,plain_conf_threshold_matched_tau_0.20,plain_conf_threshold_iso_budget_curve,safe_episode_rate,db10_mixed_to_amputee|S112,S112,ex1,0.7214285714285714,0.55,0.17142857142857137,0.17142857142857137,True,False,5,0.5607142857142857,0.5011904761904762,,0.059523809523809534,,0.059523809523809534,
db10,db10_mixed_to_amputee,agency_vs_plain_conf_iso_budget,0.20,agency_margin_tau_0.20,plain_conf_threshold_matched_tau_0.20,plain_conf_threshold_iso_budget_curve,safe_episode_rate,db10_mixed_to_amputee|S113,S113,ex1,0.8321428571428572,0.6045238095238096,0.2276190476190476,0.2276190476190476,True,False,5,0.4392857142857143,0.36428571428571427,,0.07500000000000001,,0.07500000000000001,
db10,db10_mixed_to_amputee,agency_vs_plain_conf_iso_budget,0.20,agency_margin_tau_0.20,plain_conf_threshold_matched_tau_0.20,plain_conf_threshold_iso_budget_curve,safe_episode_rate,db10_mixed_to_amputee|S114,S114,ex1,0.8269047619047619,0.6926190476190476,0.13428571428571434,0.13428571428571434,True,False,5,0.794047619047619,0.7333333333333333,,0.06071428571428572,,0.06071428571428572,
db10,db10_mixed_to_amputee,agency_vs_plain_conf_iso_budget,0.20,agency_margin_tau_0.20,plain_conf_threshold_matched_tau_0.20,plain_conf_threshold_iso_budget_curve,safe_episode_rate,db10_mixed_to_amputee|S115,S115,ex1,0.8897619047619048,0.18595238095238095,0.7038095238095238,0.7038095238095238,True,False,5,0.48095238095238096,0.20952380952380953,,0.27142857142857146,,0.27142857142857146,
db10,db10_mixed_to_amputee,agency_vs_plain_conf_iso_budget,0.02,agency_margin_tau_0.02,plain_conf_threshold_matched_tau_0.02,plain_conf_threshold_iso_budget_curve,stable_safe_episode_rate,db10_mixed_to_amputee|S101,S101,ex1,0.19476190476190477,0.2211904761904762,-0.026428571428571412,0.026428571428571412,True,False,5,0.2833333333333333,0.19404761904761905,,0.08928571428571427,,0.08928571428571427,
db10,db10_mixed_to_amputee,agency_vs_plain_conf_iso_budget,0.02,agency_margin_tau_0.02,plain_conf_threshold_matched_tau_0.02,plain_conf_threshold_iso_budget_curve,stable_safe_episode_rate,db10_mixed_to_amputee|S102,S102,ex1,0.17595238095238094,0.10833333333333334,0.0676190476190476,0.0676190476190476,False,True,5,0.21071428571428572,0.09404761904761905,0.15765392015392016,0.11666666666666667,0.05306036556036556,0.11666666666666667,0.05306036556036556
db10,db10_mixed_to_amputee,agency_vs_plain_conf_iso_budget,0.02,agency_margin_tau_0.02,plain_conf_threshold_matched_tau_0.02,plain_conf_threshold_iso_budget_curve,stable_safe_episode_rate,db10_mixed_to_amputee|S103,S103,ex1,0.23095238095238096,0.1926190476190476,0.03833333333333336,0.03833333333333336,False,True,5,0.2714285714285714,0.13452380952380952,0.1825669053901244,0.1369047619047619,0.088861666038447,0.1369047619047619,0.088861666038447
db10,db10_mixed_to_amputee,agency_vs_plain_conf_iso_budget,0.02,agency_margin_tau_0.02,plain_conf_threshold_matched_tau_0.02,plain_conf_threshold_iso_budget_curve,stable_safe_episode_rate,db10_mixed_to_amputee|S104,S104,ex1,0.3759523809523809,0.16238095238095238,0.21357142857142855,0.03809523809523807,False,True,5,0.37142857142857144,0.15833333333333333,0.41413732631862943,0.21309523809523812,-0.04270875489005799,0.21309523809523812,-0.04270875489005799
db10,db10_mixed_to_amputee,agency_vs_plain_conf_iso_budget,0.02,agency_margin_tau_0.02,plain_conf_threshold_matched_tau_0.02,plain_conf_threshold_iso_budget_curve,stable_safe_episode_rate,db10_mixed_to_amputee|S105,S105,ex1,0.1411904761904762,0.1554761904761905,-0.01428571428571429,0.01428571428571429,True,False,5,0.16547619047619047,0.07738095238095238,,0.08809523809523809,,0.08809523809523809,
db10,db10_mixed_to_amputee,agency_vs_plain_conf_iso_budget,0.02,agency_margin_tau_0.02,plain_conf_threshold_matched_tau_0.02,plain_conf_threshold_iso_budget_curve,stable_safe_episode_rate,db10_mixed_to_amputee|S106,S106,ex1,0.1626190476190476,0.13238095238095238,0.03023809523809523,0.03023809523809523,False,True,5,0.2,0.06428571428571428,0.09487908740519706,0.13571428571428573,0.10512091259480295,0.13571428571428573,0.10512091259480295
db10,db10_mixed_to_amputee,agency_vs_plain_conf_iso_budget,0.02,agency_margin_tau_0.02,plain_conf_threshold_matched_tau_0.02,plain_conf_threshold_iso_budget_curve,stable_safe_episode_rate,db10_mixed_to_amputee|S107,S107,ex1,0.32976190476190476,0.12571428571428572,0.20404761904761903,0.008809523809523823,False,True,5,0.2857142857142857,0.060714285714285714,0.2387424097155641,0.22499999999999998,0.0469718759987216,0.22499999999999998,0.0469718759987216
db10,db10_mixed_to_amputee,agency_vs_plain_conf_iso_budget,0.02,agency_margin_tau_0.02,plain_conf_threshold_matched_tau_0.02,plain_conf_threshold_iso_budget_curve,stable_safe_episode_rate,db10_mixed_to_amputee|S108,S108,ex1,0.0,0.17714285714285713,-0.17714285714285713,0.17714285714285713,True,False,5,0.0,0.0,,0.0,,0.0,
db10,db10_mixed_to_amputee,agency_vs_plain_conf_iso_budget,0.02,agency_margin_tau_0.02,plain_conf_threshold_matched_tau_0.02,plain_conf_threshold_iso_budget_curve,stable_safe_episode_rate,db10_mixed_to_amputee|S109,S109,ex1,0.21023809523809525,0.15142857142857144,0.05880952380952381,0.05880952380952381,False,True,5,0.25952380952380955,0.13214285714285715,0.21055555555555555,0.1273809523809524,0.048968253968253994,0.1273809523809524,0.048968253968253994
db10,db10_mixed_to_amputee,agency_vs_plain_conf_iso_budget,0.02,agency_margin_tau_0.02,plain_conf_threshold_matched_tau_0.02,plain_conf_threshold_iso_budget_curve,stable_safe_episode_rate,db10_mixed_to_amputee|S110,S110,ex1,0.16476190476190475,0.05071428571428571,0.11404761904761904,0.03023809523809526,False,True,5,0.15,0.010714285714285714,0.08034732044633033,0.1392857142857143,0.06965267955366966,0.1392857142857143,0.06965267955366966
db10,db10_mixed_to_amputee,agency_vs_plain_conf_iso_budget,0.02,agency_margin_tau_0.02,plain_conf_threshold_matched_tau_0.02,plain_conf_threshold_iso_budget_curve,stable_safe_episode_rate,db10_mixed_to_amputee|S111,S111,ex1,0.23547619047619048,0.1823809523809524,0.053095238095238084,0.053095238095238084,False,True,5,0.20476190476190476,0.0869047619047619,0.15295472756410255,0.11785714285714285,0.0518071771978022,0.11785714285714285,0.0518071771978022
db10,db10_mixed_to_amputee,agency_vs_plain_conf_iso_budget,0.02,agency_margin_tau_0.02,plain_conf_threshold_matched_tau_0.02,plain_conf_threshold_iso_budget_curve,stable_safe_episode_rate,db10_mixed_to_amputee|S112,S112,ex1,0.2866666666666667,0.08595238095238095,0.20071428571428573,0.06452380952380954,False,True,5,0.21666666666666667,0.055952380952380955,0.25944959802102663,0.16071428571428573,-0.042782931354359954,0.16071428571428573,-0.042782931354359954
db10,db10_mixed_to_amputee,agency_vs_plain_conf_iso_budget,0.02,agency_margin_tau_0.02,plain_conf_threshold_matched_tau_0.02,plain_conf_threshold_iso_budget_curve,stable_safe_episode_rate,db10_mixed_to_amputee|S113,S113,ex1,0.26785714285714285,0.05976190476190476,0.20809523809523808,0.0069047619047619135,False,True,5,0.14047619047619048,0.013095238095238096,0.11139697585195216,0.12738095238095237,0.02907921462423832,0.12738095238095237,0.02907921462423832
db10,db10_mixed_to_amputee,agency_vs_plain_conf_iso_budget,0.02,agency_margin_tau_0.02,plain_conf_threshold_matched_tau_0.02,plain_conf_threshold_iso_budget_curve,stable_safe_episode_rate,db10_mixed_to_amputee|S114,S114,ex1,0.18714285714285714,0.17785714285714285,0.009285714285714286,0.009285714285714286,False,True,5,0.20833333333333334,0.04880952380952381,0.05689635171973784,0.15952380952380954,0.1514369816135955,0.15952380952380954,0.1514369816135955
db10,db10_mixed_to_amputee,agency_vs_plain_conf_iso_budget,0.02,agency_margin_tau_0.02,plain_conf_threshold_matched_tau_0.02,plain_conf_threshold_iso_budget_curve,stable_safe_episode_rate,db10_mixed_to_amputee|S115,S115,ex1,0.19023809523809523,0.012380952380952381,0.17785714285714285,0.004285714285714282,True,False,5,0.0630952380952381,0.0035714285714285713,,0.05952380952380952,,0.05952380952380952,
db10,db10_mixed_to_amputee,agency_vs_plain_conf_iso_budget,0.05,agency_margin_tau_0.05,plain_conf_threshold_matched_tau_0.05,plain_conf_threshold_iso_budget_curve,stable_safe_episode_rate,db10_mixed_to_amputee|S101,S101,ex1,0.4088095238095238,0.35714285714285715,0.05166666666666664,0.05166666666666664,False,True,5,0.41309523809523807,0.3976190476190476,0.46120879120879116,0.015476190476190477,-0.04811355311355309,0.015476190476190477,-0.04811355311355309
db10,db10_mixed_to_amputee,agency_vs_plain_conf_iso_budget,0.05,agency_margin_tau_0.05,plain_conf_threshold_matched_tau_0.05,plain_conf_threshold_iso_budget_curve,stable_safe_episode_rate,db10_mixed_to_amputee|S102,S102,ex1,0.4719047619047619,0.2969047619047619,0.175,0.021428571428571408,False,True,5,0.3464285714285714,0.2714285714285714,0.4614483595046598,0.07500000000000001,-0.11501978807608837,0.07500000000000001,-0.11501978807608837
db10,db10_mixed_to_amputee,agency_vs_plain_conf_iso_budget,0.05,agency_margin_tau_0.05,plain_conf_threshold_matched_tau_0.05,plain_conf_threshold_iso_budget_curve,stable_safe_episode_rate,db10_mixed_to_amputee|S103,S103,ex1,0.4807142857142857,0.3730952380952381,0.10761904761904761,0.03690476190476194,False,True,5,0.4154761904761905,0.3607142857142857,0.4777300541303836,0.05476190476190479,-0.06225386365419311,0.05476190476190479,-0.06225386365419311
db10,db10_mixed_to_amputee,agency_vs_plain_conf_iso_budget,0.05,agency_margin_tau_0.05,plain_conf_threshold_matched_tau_0.05,plain_conf_threshold_iso_budget_curve,stable_safe_episode_rate,db10_mixed_to_amputee|S104,S104,ex1,0.5823809523809523,0.33785714285714286,0.24452380952380948,0.00023809523809525945,False,True,5,0.48928571428571427,0.38095238095238093,0.5760388938183969,0.10833333333333334,-0.08675317953268263,0.10833333333333334,-0.08675317953268263
db10,db10_mixed_to_amputee,agency_vs_plain_conf_iso_budget,0.05,agency_margin_tau_0.05,plain_conf_threshold_matched_tau_0.05,plain_conf_threshold_iso_budget_curve,stable_safe_episode_rate,db10_mixed_to_amputee|S105,S105,ex1,0.36142857142857143,0.3580952380952381,0.003333333333333355,0.003333333333333355,False,True,5,0.3357142857142857,0.2714285714285714,0.27496000984373076,0.06428571428571428,0.06075427587055493,0.06428571428571428,0.06075427587055493
db10,db10_mixed_to_amputee,agency_vs_plain_conf_iso_budget,0.05,agency_margin_tau_0.05,plain_conf_threshold_matched_tau_0.05,plain_conf_threshold_iso_budget_curve,stable_safe_episode_rate,db10_mixed_to_amputee|S106,S106,ex1,0.36238095238095236,0.31476190476190474,0.047619047619047616,0.047619047619047616,False,True,5,0.32976190476190476,0.2488095238095238,0.2939758315386456,0.08095238095238094,0.03578607322325916,0.08095238095238094,0.03578607322325916
db10,db10_mixed_to_amputee,agency_vs_plain_conf_iso_budget,0.05,agency_margin_tau_0.05,plain_conf_threshold_matched_tau_0.05,plain_conf_threshold_iso_budget_curve,stable_safe_episode_rate,db10_mixed_to_amputee|S107,S107,ex1,0.5969047619047619,0.3385714285714286,0.25833333333333336,0.03476190476190477,False,True,5,0.37023809523809526,0.24642857142857144,0.4432161753590325,0.12380952380952381,-0.07297808012093726,0.12380952380952381,-0.07297808012093726
db10,db10_mixed_to_amputee,agency_vs_plain_conf_iso_budget,0.05,agency_margin_tau_0.05,plain_conf_threshold_matched_tau_0.05,plain_conf_threshold_iso_budget_curve,stable_safe_episode_rate,db10_mixed_to_amputee|S108,S108,ex1,0.0004761904761904762,0.21714285714285714,-0.21666666666666667,0.17666666666666667,True,False,5,0.0,0.0,,0.0,,0.0,
db10,db10_mixed_to_amputee,agency_vs_plain_conf_iso_budget,0.05,agency_margin_tau_0.05,plain_conf_threshold_matched_tau_0.05,plain_conf_threshold_iso_budget_curve,stable_safe_episode_rate,db10_mixed_to_amputee|S109,S109,ex1,0.4961904761904762,0.3264285714285714,0.16976190476190478,0.007857142857142896,False,True,5,0.43214285714285716,0.36547619047619045,0.5156676879867228,0.06666666666666671,-0.08352483084386564,0.06666666666666671,-0.08352483084386564
db10,db10_mixed_to_amputee,agency_vs_plain_conf_iso_budget,0.05,agency_margin_tau_0.05,plain_conf_threshold_matched_tau_0.05,plain_conf_threshold_iso_budget_curve,stable_safe_episode_rate,db10_mixed_to_amputee|S110,S110,ex1,0.4038095238095238,0.195,0.20880952380952378,0.03214285714285714,False,True,5,0.2488095238095238,0.0988095238095238,0.2251969208736126,0.15000000000000002,0.02361260293591122,0.15000000000000002,0.02361260293591122
db10,db10_mixed_to_amputee,agency_vs_plain_conf_iso_budget,0.05,agency_margin_tau_0.05,plain_conf_threshold_matched_tau_0.05,plain_conf_threshold_iso_budget_curve,stable_safe_episode_rate,db10_mixed_to_amputee|S111,S111,ex1,0.535,0.38047619047619047,0.15452380952380956,0.0045238095238094855,False,True,5,0.3952380952380952,0.3333333333333333,0.5102954804676362,0.06190476190476191,-0.11505738522954095,0.06190476190476191,-0.11505738522954095
db10,db10_mixed_to_amputee,agency_vs_plain_conf_iso_budget,0.05,agency_margin_tau_0.05,plain_conf_threshold_matched_tau_0.05,plain_conf_threshold_iso_budget_curve,stable_safe_episode_rate,db10_mixed_to_amputee|S112,S112,ex1,0.5523809523809524,0.22214285714285714,0.3302380952380953,0.0023809523809523725,True,False,5,0.3142857142857143,0.20833333333333334,,0.10595238095238094,,0.10595238095238094,
db10,db10_mixed_to_amputee,agency_vs_plain_conf_iso_budget,0.05,agency_margin_tau_0.05,plain_conf_threshold_matched_tau_0.05,plain_conf_threshold_iso_budget_curve,stable_safe_episode_rate,db10_mixed_to_amputee|S113,S113,ex1,0.675952380952381,0.26095238095238094,0.41500000000000004,0.0714285714285714,True,False,5,0.2369047619047619,0.10714285714285714,,0.12976190476190474,,0.12976190476190474,
db10,db10_mixed_to_amputee,agency_vs_plain_conf_iso_budget,0.05,agency_margin_tau_0.05,plain_conf_threshold_matched_tau_0.05,plain_conf_threshold_iso_budget_curve,stable_safe_episode_rate,db10_mixed_to_amputee|S114,S114,ex1,0.3883333333333333,0.37333333333333335,0.014999999999999958,0.014999999999999958,False,True,5,0.35833333333333334,0.21904761904761905,0.23987525242655194,0.1392857142857143,0.1184580809067814,0.1392857142857143,0.1184580809067814
db10,db10_mixed_to_amputee,agency_vs_plain_conf_iso_budget,0.05,agency_margin_tau_0.05,plain_conf_threshold_matched_tau_0.05,plain_conf_threshold_iso_budget_curve,stable_safe_episode_rate,db10_mixed_to_amputee|S115,S115,ex1,0.4766666666666667,0.05857142857142857,0.41809523809523813,0.2907142857142857,True,False,5,0.12023809523809524,0.02619047619047619,,0.09404761904761905,,0.09404761904761905,
db10,db10_mixed_to_amputee,agency_vs_plain_conf_iso_budget,0.10,agency_margin_tau_0.10,plain_conf_threshold_matched_tau_0.10,plain_conf_threshold_iso_budget_curve,stable_safe_episode_rate,db10_mixed_to_amputee|S101,S101,ex1,0.5442857142857143,0.48095238095238096,0.0633333333333333,0.008809523809523823,False,True,5,0.5261904761904762,0.55,0.5991199119911991,-0.023809523809523836,-0.07292943580072286,-0.023809523809523836,-0.07292943580072286
db10,db10_mixed_to_amputee,agency_vs_plain_conf_iso_budget,0.10,agency_margin_tau_0.10,plain_conf_threshold_matched_tau_0.10,plain_conf_threshold_iso_budget_curve,stable_safe_episode_rate,db10_mixed_to_amputee|S102,S102,ex1,0.6221428571428571,0.4504761904761905,0.17166666666666663,0.052857142857142825,True,False,5,0.4726190476190476,0.4488095238095238,,0.02380952380952378,,0.02380952380952378,
db10,db10_mixed_to_amputee,agency_vs_plain_conf_iso_budget,0.10,agency_margin_tau_0.10,plain_conf_threshold_matched_tau_0.10,plain_conf_threshold_iso_budget_curve,stable_safe_episode_rate,db10_mixed_to_amputee|S103,S103,ex1,0.6438095238095238,0.5176190476190476,0.1261904761904762,0.01571428571428579,True,False,5,0.5476190476190477,0.5178571428571429,,0.029761904761904767,,0.029761904761904767,
db10,db10_mixed_to_amputee,agency_vs_plain_conf_iso_budget,0.10,agency_margin_tau_0.10,plain_conf_threshold_matched_tau_0.10,plain_conf_threshold_iso_budget_curve,stable_safe_episode_rate,db10_mixed_to_amputee|S104,S104,ex1,0.7130952380952381,0.5059523809523809,0.20714285714285718,0.09880952380952379,True,False,5,0.6083333333333333,0.5273809523809524,,0.08095238095238089,,0.08095238095238089,
db10,db10_mixed_to_amputee,agency_vs_plain_conf_iso_budget,0.10,agency_margin_tau_0.10,plain_conf_threshold_matched_tau_0.10,plain_conf_threshold_iso_budget_curve,stable_safe_episode_rate,db10_mixed_to_amputee|S105,S105,ex1,0.5757142857142857,0.5423809523809524,0.033333333333333326,0.033333333333333326,False,True,5,0.4797619047619048,0.4666666666666667,0.4979445933869527,0.013095238095238104,-0.018182688625047905,0.013095238095238104,-0.018182688625047905
db10,db10_mixed_to_amputee,agency_vs_plain_conf_iso_budget,0.10,agency_margin_tau_0.10,plain_conf_threshold_matched_tau_0.10,plain_conf_threshold_iso_budget_curve,stable_safe_episode_rate,db10_mixed_to_amputee|S106,S106,ex1,0.5692857142857143,0.5042857142857143,0.06499999999999995,0.020476190476190426,False,True,5,0.4357142857142857,0.42857142857142855,0.4765519299641862,0.007142857142857173,-0.040837644249900495,0.007142857142857173,-0.040837644249900495
db10,db10_mixed_to_amputee,agency_vs_plain_conf_iso_budget,0.10,agency_margin_tau_0.10,plain_conf_threshold_matched_tau_0.10,plain_conf_threshold_iso_budget_curve,stable_safe_episode_rate,db10_mixed_to_amputee|S107,S107,ex1,0.7471428571428571,0.5416666666666666,0.20547619047619048,0.08071428571428563,True,False,5,0.45595238095238094,0.40595238095238095,,0.04999999999999999,,0.04999999999999999,
db10,db10_mixed_to_amputee,agency_vs_plain_conf_iso_budget,0.10,agency_margin_tau_0.10,plain_conf_threshold_matched_tau_0.10,plain_conf_threshold_iso_budget_curve,stable_safe_episode_rate,db10_mixed_to_amputee|S108,S108,ex1,0.02095238095238095,0.37285714285714283,-0.3519047619047619,0.15619047619047619,True,False,5,0.013095238095238096,0.011904761904761904,,0.0011904761904761915,,0.0011904761904761915,
db10,db10_mixed_to_amputee,agency_vs_plain_conf_iso_budget,0.10,agency_margin_tau_0.10,plain_conf_threshold_matched_tau_0.10,plain_conf_threshold_iso_budget_curve,stable_safe_episode_rate,db10_mixed_to_amputee|S109,S109,ex1,0.6923809523809524,0.5040476190476191,0.18833333333333335,0.06761904761904769,True,False,5,0.6214285714285714,0.5226190476190476,,0.09880952380952379,,0.09880952380952379,
db10,db10_mixed_to_amputee,agency_vs_plain_conf_iso_budget,0.10,agency_margin_tau_0.10,plain_conf_threshold_matched_tau_0.10,plain_conf_threshold_iso_budget_curve,stable_safe_episode_rate,db10_mixed_to_amputee|S110,S110,ex1,0.6523809523809524,0.37166666666666665,0.28071428571428575,0.15047619047619054,True,False,5,0.2833333333333333,0.2119047619047619,,0.07142857142857142,,0.07142857142857142,
db10,db10_mixed_to_amputee,agency_vs_plain_conf_iso_budget,0.10,agency_margin_tau_0.10,plain_conf_threshold_matched_tau_0.10,plain_conf_threshold_iso_budget_curve,stable_safe_episode_rate,db10_mixed_to_amputee|S111,S111,ex1,0.7397619047619047,0.5395238095238095,0.20023809523809522,0.06285714285714283,True,False,5,0.5857142857142857,0.5154761904761904,,0.07023809523809532,,0.07023809523809532,
db10,db10_mixed_to_amputee,agency_vs_plain_conf_iso_budget,0.10,agency_margin_tau_0.10,plain_conf_threshold_matched_tau_0.10,plain_conf_threshold_iso_budget_curve,stable_safe_episode_rate,db10_mixed_to_amputee|S112,S112,ex1,0.6676190476190477,0.4054761904761905,0.2621428571428572,0.11761904761904762,True,False,5,0.41904761904761906,0.3535714285714286,,0.06547619047619047,,0.06547619047619047,
db10,db10_mixed_to_amputee,agency_vs_plain_conf_iso_budget,0.10,agency_margin_tau_0.10,plain_conf_threshold_matched_tau_0.10,plain_conf_threshold_iso_budget_curve,stable_safe_episode_rate,db10_mixed_to_amputee|S113,S113,ex1,0.7792857142857142,0.46190476190476193,0.3173809523809523,0.17476190476190467,True,False,5,0.3107142857142857,0.23095238095238096,,0.07976190476190476,,0.07976190476190476,
db10,db10_mixed_to_amputee,agency_vs_plain_conf_iso_budget,0.10,agency_margin_tau_0.10,plain_conf_threshold_matched_tau_0.10,plain_conf_threshold_iso_budget_curve,stable_safe_episode_rate,db10_mixed_to_amputee|S114,S114,ex1,0.6345238095238095,0.5473809523809524,0.08714285714285708,0.02595238095238095,False,True,5,0.513095238095238,0.4607142857142857,0.5322631578947369,0.05238095238095236,-0.019167919799498834,0.05238095238095236,-0.019167919799498834
db10,db10_mixed_to_amputee,agency_vs_plain_conf_iso_budget,0.10,agency_margin_tau_0.10,plain_conf_threshold_matched_tau_0.10,plain_conf_threshold_iso_budget_curve,stable_safe_episode_rate,db10_mixed_to_amputee|S115,S115,ex1,0.7814285714285715,0.12333333333333334,0.6580952380952382,0.5954761904761905,True,False,5,0.19285714285714287,0.06428571428571428,,0.1285714285714286,,0.1285714285714286,
db10,db10_mixed_to_amputee,agency_vs_plain_conf_iso_budget,0.15,agency_margin_tau_0.15,plain_conf_threshold_matched_tau_0.15,plain_conf_threshold_iso_budget_curve,stable_safe_episode_rate,db10_mixed_to_amputee|S101,S101,ex1,0.6326190476190476,0.5530952380952381,0.07952380952380955,0.053333333333333344,True,False,5,0.6190476190476191,0.6059523809523809,,0.01309523809523816,,0.01309523809523816,
db10,db10_mixed_to_amputee,agency_vs_plain_conf_iso_budget,0.15,agency_margin_tau_0.15,plain_conf_threshold_matched_tau_0.15,plain_conf_threshold_iso_budget_curve,stable_safe_episode_rate,db10_mixed_to_amputee|S102,S102,ex1,0.6985714285714286,0.5392857142857143,0.15928571428571436,0.12928571428571434,True,False,5,0.544047619047619,0.5011904761904762,,0.042857142857142816,,0.042857142857142816,
db10,db10_mixed_to_amputee,agency_vs_plain_conf_iso_budget,0.15,agency_margin_tau_0.15,plain_conf_threshold_matched_tau_0.15,plain_conf_threshold_iso_budget_curve,stable_safe_episode_rate,db10_mixed_to_amputee|S103,S103,ex1,0.714047619047619,0.5995238095238096,0.11452380952380947,0.085952380952381,True,False,5,0.6178571428571429,0.5821428571428572,,0.0357142857142857,,0.0357142857142857,
db10,db10_mixed_to_amputee,agency_vs_plain_conf_iso_budget,0.15,agency_margin_tau_0.15,plain_conf_threshold_matched_tau_0.15,plain_conf_threshold_iso_budget_curve,stable_safe_episode_rate,db10_mixed_to_amputee|S104,S104,ex1,0.7385714285714285,0.5826190476190476,0.15595238095238095,0.12428571428571422,True,False,5,0.6333333333333333,0.5761904761904761,,0.05714285714285716,,0.05714285714285716,
db10,db10_mixed_to_amputee,agency_vs_plain_conf_iso_budget,0.15,agency_margin_tau_0.15,plain_conf_threshold_matched_tau_0.15,plain_conf_threshold_iso_budget_curve,stable_safe_episode_rate,db10_mixed_to_amputee|S105,S105,ex1,0.6880952380952381,0.6311904761904762,0.0569047619047619,0.02523809523809528,True,False,5,0.5630952380952381,0.55,,0.013095238095238049,,0.013095238095238049,
db10,db10_mixed_to_amputee,agency_vs_plain_conf_iso_budget,0.15,agency_margin_tau_0.15,plain_conf_threshold_matched_tau_0.15,plain_conf_threshold_iso_budget_curve,stable_safe_episode_rate,db10_mixed_to_amputee|S106,S106,ex1,0.6676190476190477,0.5897619047619047,0.07785714285714296,0.04880952380952386,True,False,5,0.48928571428571427,0.49166666666666664,,-0.0023809523809523725,,-0.0023809523809523725,
db10,db10_mixed_to_amputee,agency_vs_plain_conf_iso_budget,0.15,agency_margin_tau_0.15,plain_conf_threshold_matched_tau_0.15,plain_conf_threshold_iso_budget_curve,stable_safe_episode_rate,db10_mixed_to_amputee|S107,S107,ex1,0.8076190476190476,0.6316666666666667,0.17595238095238086,0.1411904761904761,True,False,5,0.525,0.4666666666666667,,0.05833333333333335,,0.05833333333333335,
db10,db10_mixed_to_amputee,agency_vs_plain_conf_iso_budget,0.15,agency_margin_tau_0.15,plain_conf_threshold_matched_tau_0.15,plain_conf_threshold_iso_budget_curve,stable_safe_episode_rate,db10_mixed_to_amputee|S108,S108,ex1,0.9030952380952381,0.49523809523809526,0.4078571428571428,0.3438095238095238,True,False,5,0.48928571428571427,0.2392857142857143,,0.24999999999999997,,0.24999999999999997,
db10,db10_mixed_to_amputee,agency_vs_plain_conf_iso_budget,0.15,agency_margin_tau_0.15,plain_conf_threshold_matched_tau_0.15,plain_conf_threshold_iso_budget_curve,stable_safe_episode_rate,db10_mixed_to_amputee|S109,S109,ex1,0.7304761904761905,0.5916666666666667,0.13880952380952383,0.10571428571428576,True,False,5,0.6630952380952381,0.5845238095238096,,0.07857142857142851,,0.07857142857142851,
db10,db10_mixed_to_amputee,agency_vs_plain_conf_iso_budget,0.15,agency_margin_tau_0.15,plain_conf_threshold_matched_tau_0.15,plain_conf_threshold_iso_budget_curve,stable_safe_episode_rate,db10_mixed_to_amputee|S110,S110,ex1,0.7307142857142858,0.4666666666666667,0.2640476190476191,0.2288095238095239,True,False,5,0.325,0.2511904761904762,,0.07380952380952382,,0.07380952380952382,
db10,db10_mixed_to_amputee,agency_vs_plain_conf_iso_budget,0.15,agency_margin_tau_0.15,plain_conf_threshold_matched_tau_0.15,plain_conf_threshold_iso_budget_curve,stable_safe_episode_rate,db10_mixed_to_amputee|S111,S111,ex1,0.8271428571428572,0.6369047619047619,0.19023809523809532,0.15023809523809528,True,False,5,0.6607142857142857,0.5928571428571429,,0.06785714285714284,,0.06785714285714284,
db10,db10_mixed_to_amputee,agency_vs_plain_conf_iso_budget,0.15,agency_margin_tau_0.15,plain_conf_threshold_matched_tau_0.15,plain_conf_threshold_iso_budget_curve,stable_safe_episode_rate,db10_mixed_to_amputee|S112,S112,ex1,0.7095238095238096,0.5138095238095238,0.19571428571428573,0.1595238095238095,True,False,5,0.47023809523809523,0.4142857142857143,,0.05595238095238092,,0.05595238095238092,
db10,db10_mixed_to_amputee,agency_vs_plain_conf_iso_budget,0.15,agency_margin_tau_0.15,plain_conf_threshold_matched_tau_0.15,plain_conf_threshold_iso_budget_curve,stable_safe_episode_rate,db10_mixed_to_amputee|S113,S113,ex1,0.8145238095238095,0.570952380952381,0.24357142857142855,0.20999999999999996,True,False,5,0.34285714285714286,0.28095238095238095,,0.06190476190476191,,0.06190476190476191,
db10,db10_mixed_to_amputee,agency_vs_plain_conf_iso_budget,0.15,agency_margin_tau_0.15,plain_conf_threshold_matched_tau_0.15,plain_conf_threshold_iso_budget_curve,stable_safe_episode_rate,db10_mixed_to_amputee|S114,S114,ex1,0.7854761904761904,0.6604761904761904,0.125,0.09285714285714286,True,False,5,0.6154761904761905,0.5535714285714286,,0.06190476190476191,,0.06190476190476191,
db10,db10_mixed_to_amputee,agency_vs_plain_conf_iso_budget,0.15,agency_margin_tau_0.15,plain_conf_threshold_matched_tau_0.15,plain_conf_threshold_iso_budget_curve,stable_safe_episode_rate,db10_mixed_to_amputee|S115,S115,ex1,0.8783333333333333,0.1711904761904762,0.7071428571428571,0.6923809523809523,True,False,5,0.22857142857142856,0.08452380952380953,,0.14404761904761904,,0.14404761904761904,
db10,db10_mixed_to_amputee,agency_vs_plain_conf_iso_budget,0.20,agency_margin_tau_0.20,plain_conf_threshold_matched_tau_0.20,plain_conf_threshold_iso_budget_curve,stable_safe_episode_rate,db10_mixed_to_amputee|S101,S101,ex1,0.6645238095238095,0.5792857142857143,0.08523809523809522,0.08523809523809522,True,False,5,0.6488095238095238,0.6261904761904762,,0.02261904761904765,,0.02261904761904765,
db10,db10_mixed_to_amputee,agency_vs_plain_conf_iso_budget,0.20,agency_margin_tau_0.20,plain_conf_threshold_matched_tau_0.20,plain_conf_threshold_iso_budget_curve,stable_safe_episode_rate,db10_mixed_to_amputee|S102,S102,ex1,0.7335714285714285,0.5692857142857143,0.16428571428571426,0.16428571428571426,True,False,5,0.5916666666666667,0.5190476190476191,,0.07261904761904758,,0.07261904761904758,
db10,db10_mixed_to_amputee,agency_vs_plain_conf_iso_budget,0.20,agency_margin_tau_0.20,plain_conf_threshold_matched_tau_0.20,plain_conf_threshold_iso_budget_curve,stable_safe_episode_rate,db10_mixed_to_amputee|S103,S103,ex1,0.7378571428571429,0.628095238095238,0.10976190476190484,0.10976190476190484,True,False,5,0.6428571428571429,0.5928571428571429,,0.050000000000000044,,0.050000000000000044,
db10,db10_mixed_to_amputee,agency_vs_plain_conf_iso_budget,0.20,agency_margin_tau_0.20,plain_conf_threshold_matched_tau_0.20,plain_conf_threshold_iso_budget_curve,stable_safe_episode_rate,db10_mixed_to_amputee|S104,S104,ex1,0.7421428571428571,0.6142857142857143,0.12785714285714278,0.12785714285714278,True,False,5,0.6392857142857142,0.5904761904761905,,0.04880952380952375,,0.04880952380952375,
db10,db10_mixed_to_amputee,agency_vs_plain_conf_iso_budget,0.20,agency_margin_tau_0.20,plain_conf_threshold_matched_tau_0.20,plain_conf_threshold_iso_budget_curve,stable_safe_episode_rate,db10_mixed_to_amputee|S105,S105,ex1,0.7552380952380953,0.6628571428571428,0.09238095238095245,0.09238095238095245,True,False,5,0.6107142857142858,0.5833333333333334,,0.027380952380952395,,0.027380952380952395,
db10,db10_mixed_to_amputee,agency_vs_plain_conf_iso_budget,0.20,agency_margin_tau_0.20,plain_conf_threshold_matched_tau_0.20,plain_conf_threshold_iso_budget_curve,stable_safe_episode_rate,db10_mixed_to_amputee|S106,S106,ex1,0.709047619047619,0.6188095238095238,0.09023809523809523,0.09023809523809523,True,False,5,0.530952380952381,0.5142857142857142,,0.01666666666666672,,0.01666666666666672,
db10,db10_mixed_to_amputee,agency_vs_plain_conf_iso_budget,0.20,agency_margin_tau_0.20,plain_conf_threshold_matched_tau_0.20,plain_conf_threshold_iso_budget_curve,stable_safe_episode_rate,db10_mixed_to_amputee|S107,S107,ex1,0.825952380952381,0.6664285714285715,0.1595238095238095,0.1595238095238095,True,False,5,0.5452380952380952,0.4869047619047619,,0.05833333333333329,,0.05833333333333329,
db10,db10_mixed_to_amputee,agency_vs_plain_conf_iso_budget,0.20,agency_margin_tau_0.20,plain_conf_threshold_matched_tau_0.20,plain_conf_threshold_iso_budget_curve,stable_safe_episode_rate,db10_mixed_to_amputee|S108,S108,ex1,0.9997619047619047,0.5592857142857143,0.44047619047619047,0.44047619047619047,True,False,5,0.45,0.2714285714285714,,0.1785714285714286,,0.1785714285714286,
db10,db10_mixed_to_amputee,agency_vs_plain_conf_iso_budget,0.20,agency_margin_tau_0.20,plain_conf_threshold_matched_tau_0.20,plain_conf_threshold_iso_budget_curve,stable_safe_episode_rate,db10_mixed_to_amputee|S109,S109,ex1,0.7371428571428571,0.6247619047619047,0.11238095238095236,0.11238095238095236,True,False,5,0.6702380952380952,0.6023809523809524,,0.06785714285714284,,0.06785714285714284,
db10,db10_mixed_to_amputee,agency_vs_plain_conf_iso_budget,0.20,agency_margin_tau_0.20,plain_conf_threshold_matched_tau_0.20,plain_conf_threshold_iso_budget_curve,stable_safe_episode_rate,db10_mixed_to_amputee|S110,S110,ex1,0.7569047619047619,0.5019047619047619,0.255,0.255,True,False,5,0.3488095238095238,0.2714285714285714,,0.07738095238095238,,0.07738095238095238,
db10,db10_mixed_to_amputee,agency_vs_plain_conf_iso_budget,0.20,agency_margin_tau_0.20,plain_conf_threshold_matched_tau_0.20,plain_conf_threshold_iso_budget_curve,stable_safe_episode_rate,db10_mixed_to_amputee|S111,S111,ex1,0.8383333333333334,0.6769047619047619,0.16142857142857148,0.16142857142857148,True,False,5,0.6726190476190477,0.6107142857142858,,0.06190476190476191,,0.06190476190476191,
db10,db10_mixed_to_amputee,agency_vs_plain_conf_iso_budget,0.20,agency_margin_tau_0.20,plain_conf_threshold_matched_tau_0.20,plain_conf_threshold_iso_budget_curve,stable_safe_episode_rate,db10_mixed_to_amputee|S112,S112,ex1,0.7214285714285714,0.55,0.17142857142857137,0.17142857142857137,True,False,5,0.4869047619047619,0.42738095238095236,,0.059523809523809534,,0.059523809523809534,
db10,db10_mixed_to_amputee,agency_vs_plain_conf_iso_budget,0.20,agency_margin_tau_0.20,plain_conf_threshold_matched_tau_0.20,plain_conf_threshold_iso_budget_curve,stable_safe_episode_rate,db10_mixed_to_amputee|S113,S113,ex1,0.8321428571428572,0.6045238095238096,0.2276190476190476,0.2276190476190476,True,False,5,0.35833333333333334,0.3011904761904762,,0.05714285714285716,,0.05714285714285716,
db10,db10_mixed_to_amputee,agency_vs_plain_conf_iso_budget,0.20,agency_margin_tau_0.20,plain_conf_threshold_matched_tau_0.20,plain_conf_threshold_iso_budget_curve,stable_safe_episode_rate,db10_mixed_to_amputee|S114,S114,ex1,0.8269047619047619,0.6926190476190476,0.13428571428571434,0.13428571428571434,True,False,5,0.6428571428571429,0.575,,0.06785714285714295,,0.06785714285714295,
db10,db10_mixed_to_amputee,agency_vs_plain_conf_iso_budget,0.20,agency_margin_tau_0.20,plain_conf_threshold_matched_tau_0.20,plain_conf_threshold_iso_budget_curve,stable_safe_episode_rate,db10_mixed_to_amputee|S115,S115,ex1,0.8897619047619048,0.18595238095238095,0.7038095238095238,0.7038095238095238,True,False,5,0.23452380952380952,0.09047619047619047,,0.14404761904761904,,0.14404761904761904,

