dataset_id,split_family,comparison_family,tau,policy_a,policy_b_same_tau,policy_b,metric,split_id,subject_id,session,agency_intervention_rate,plain_conf_same_tau_intervention_rate,raw_intervention_rate_gap,nearest_curve_budget_gap,curve_budget_extrapolated,curve_supported,curve_metric_point_count,agency_value,plain_conf_same_tau_value,plain_conf_iso_budget_value,delta_same_tau,delta_iso_budget,directional_delta_same_tau,directional_delta_iso_budget
db10,db10_able_to_amputee,agency_vs_plain_conf_iso_budget,0.02,agency_margin_tau_0.02,plain_conf_threshold_matched_tau_0.02,plain_conf_threshold_iso_budget_curve,active_macro_f1,db10_able_to_amputee|S101,S101,ex1,0.23,0.295,-0.06499999999999997,0.06499999999999997,True,False,5,0.18570460086256044,0.48175833352004566,,-0.29605373265748525,,-0.29605373265748525,
db10,db10_able_to_amputee,agency_vs_plain_conf_iso_budget,0.02,agency_margin_tau_0.02,plain_conf_threshold_matched_tau_0.02,plain_conf_threshold_iso_budget_curve,active_macro_f1,db10_able_to_amputee|S102,S102,ex1,0.27476190476190476,0.1980952380952381,0.07666666666666666,0.07666666666666666,False,True,5,0.17118960680374126,0.323260527173679,0.4071125150490798,-0.15207092036993772,-0.23592290824533854,-0.15207092036993772,-0.23592290824533854
db10,db10_able_to_amputee,agency_vs_plain_conf_iso_budget,0.02,agency_margin_tau_0.02,plain_conf_threshold_matched_tau_0.02,plain_conf_threshold_iso_budget_curve,active_macro_f1,db10_able_to_amputee|S103,S103,ex1,0.1711904761904762,0.2342857142857143,-0.0630952380952381,0.0630952380952381,True,False,5,0.13400224543047196,0.46936276608016075,,-0.3353605206496888,,-0.3353605206496888,
db10,db10_able_to_amputee,agency_vs_plain_conf_iso_budget,0.02,agency_margin_tau_0.02,plain_conf_threshold_matched_tau_0.02,plain_conf_threshold_iso_budget_curve,active_macro_f1,db10_able_to_amputee|S104,S104,ex1,0.24952380952380954,0.25452380952380954,-0.0050000000000000044,0.0050000000000000044,True,False,5,0.18520656292586785,0.4847513779172704,,-0.29954481499140256,,-0.29954481499140256,
db10,db10_able_to_amputee,agency_vs_plain_conf_iso_budget,0.02,agency_margin_tau_0.02,plain_conf_threshold_matched_tau_0.02,plain_conf_threshold_iso_budget_curve,active_macro_f1,db10_able_to_amputee|S105,S105,ex1,0.11738095238095238,0.20452380952380952,-0.08714285714285715,0.08714285714285715,True,False,5,0.13182451101640563,0.30133431770251884,,-0.1695098066861132,,-0.1695098066861132,
db10,db10_able_to_amputee,agency_vs_plain_conf_iso_budget,0.02,agency_margin_tau_0.02,plain_conf_threshold_matched_tau_0.02,plain_conf_threshold_iso_budget_curve,active_macro_f1,db10_able_to_amputee|S106,S106,ex1,0.11166666666666666,0.23761904761904762,-0.12595238095238095,0.12595238095238095,True,False,5,0.1630706592711202,0.42969219618030213,,-0.26662153690918194,,-0.26662153690918194,
db10,db10_able_to_amputee,agency_vs_plain_conf_iso_budget,0.02,agency_margin_tau_0.02,plain_conf_threshold_matched_tau_0.02,plain_conf_threshold_iso_budget_curve,active_macro_f1,db10_able_to_amputee|S107,S107,ex1,0.20404761904761906,0.23,-0.02595238095238095,0.02595238095238095,True,False,5,0.1752723568574978,0.4405719111221217,,-0.26529955426462387,,-0.26529955426462387,
db10,db10_able_to_amputee,agency_vs_plain_conf_iso_budget,0.02,agency_margin_tau_0.02,plain_conf_threshold_matched_tau_0.02,plain_conf_threshold_iso_budget_curve,active_macro_f1,db10_able_to_amputee|S108,S108,ex1,0.0,0.005238095238095238,-0.005238095238095238,0.005238095238095238,True,False,5,0.01818181818181818,0.01818181818181818,,0.0,,0.0,
db10,db10_able_to_amputee,agency_vs_plain_conf_iso_budget,0.02,agency_margin_tau_0.02,plain_conf_threshold_matched_tau_0.02,plain_conf_threshold_iso_budget_curve,active_macro_f1,db10_able_to_amputee|S109,S109,ex1,0.17476190476190476,0.2030952380952381,-0.02833333333333335,0.02833333333333335,True,False,5,0.1832651311649231,0.3915937979161922,,-0.2083286667512691,,-0.2083286667512691,
db10,db10_able_to_amputee,agency_vs_plain_conf_iso_budget,0.02,agency_margin_tau_0.02,plain_conf_threshold_matched_tau_0.02,plain_conf_threshold_iso_budget_curve,active_macro_f1,db10_able_to_amputee|S110,S110,ex1,0.06333333333333334,0.06357142857142857,-0.0002380952380952317,0.0002380952380952317,True,False,5,0.12540663865250637,0.17934968510209784,,-0.05394304644959147,,-0.05394304644959147,
db10,db10_able_to_amputee,agency_vs_plain_conf_iso_budget,0.02,agency_margin_tau_0.02,plain_conf_threshold_matched_tau_0.02,plain_conf_threshold_iso_budget_curve,active_macro_f1,db10_able_to_amputee|S111,S111,ex1,0.1473809523809524,0.2342857142857143,-0.0869047619047619,0.0869047619047619,True,False,5,0.16138700665937494,0.34244451991114677,,-0.18105751325177183,,-0.18105751325177183,
db10,db10_able_to_amputee,agency_vs_plain_conf_iso_budget,0.02,agency_margin_tau_0.02,plain_conf_threshold_matched_tau_0.02,plain_conf_threshold_iso_budget_curve,active_macro_f1,db10_able_to_amputee|S112,S112,ex1,0.24095238095238095,0.15904761904761905,0.0819047619047619,0.0819047619047619,False,True,5,0.15933346535766296,0.34940164057353457,0.4288385912037722,-0.1900681752158716,-0.26950512584610925,-0.1900681752158716,-0.26950512584610925
db10,db10_able_to_amputee,agency_vs_plain_conf_iso_budget,0.02,agency_margin_tau_0.02,plain_conf_threshold_matched_tau_0.02,plain_conf_threshold_iso_budget_curve,active_macro_f1,db10_able_to_amputee|S113,S113,ex1,0.19404761904761905,0.11666666666666667,0.07738095238095238,0.07738095238095238,False,True,5,0.14413202173999026,0.2448247625649817,0.3191458722575107,-0.10069274082499144,-0.17501385051752041,-0.10069274082499144,-0.17501385051752041
db10,db10_able_to_amputee,agency_vs_plain_conf_iso_budget,0.02,agency_margin_tau_0.02,plain_conf_threshold_matched_tau_0.02,plain_conf_threshold_iso_budget_curve,active_macro_f1,db10_able_to_amputee|S114,S114,ex1,0.06690476190476191,0.16333333333333333,-0.09642857142857142,0.09642857142857142,True,False,5,0.08299167070859445,0.29445942681219517,,-0.21146775610360072,,-0.21146775610360072,
db10,db10_able_to_amputee,agency_vs_plain_conf_iso_budget,0.02,agency_margin_tau_0.02,plain_conf_threshold_matched_tau_0.02,plain_conf_threshold_iso_budget_curve,active_macro_f1,db10_able_to_amputee|S115,S115,ex1,0.20714285714285716,0.2538095238095238,-0.04666666666666666,0.04666666666666666,True,False,5,0.022894394134883218,0.030127560489366555,,-0.007233166354483338,,-0.007233166354483338,
db10,db10_able_to_amputee,agency_vs_plain_conf_iso_budget,0.05,agency_margin_tau_0.05,plain_conf_threshold_matched_tau_0.05,plain_conf_threshold_iso_budget_curve,active_macro_f1,db10_able_to_amputee|S101,S101,ex1,0.4154761904761905,0.4711904761904762,-0.055714285714285716,0.055714285714285716,False,True,5,0.3337371957426239,0.6518564745900034,0.5980686840354492,-0.3181192788473795,-0.2643314882928253,-0.3181192788473795,-0.2643314882928253
db10,db10_able_to_amputee,agency_vs_plain_conf_iso_budget,0.05,agency_margin_tau_0.05,plain_conf_threshold_matched_tau_0.05,plain_conf_threshold_iso_budget_curve,active_macro_f1,db10_able_to_amputee|S102,S102,ex1,0.51,0.38666666666666666,0.12333333333333335,0.030714285714285694,False,True,5,0.3863588188919215,0.529505168159137,0.6284313957484826,-0.14314634926721548,-0.24207257685656114,-0.14314634926721548,-0.24207257685656114
db10,db10_able_to_amputee,agency_vs_plain_conf_iso_budget,0.05,agency_margin_tau_0.05,plain_conf_threshold_matched_tau_0.05,plain_conf_threshold_iso_budget_curve,active_macro_f1,db10_able_to_amputee|S103,S103,ex1,0.33214285714285713,0.4247619047619048,-0.09261904761904766,0.09261904761904766,False,True,5,0.2861307260533384,0.645189127764423,0.5596935593954505,-0.35905840171108466,-0.2735628333421121,-0.35905840171108466,-0.2735628333421121
db10,db10_able_to_amputee,agency_vs_plain_conf_iso_budget,0.05,agency_margin_tau_0.05,plain_conf_threshold_matched_tau_0.05,plain_conf_threshold_iso_budget_curve,active_macro_f1,db10_able_to_amputee|S104,S104,ex1,0.46,0.4278571428571429,0.03214285714285714,0.03214285714285714,False,True,5,0.35283048496519787,0.6537898159543343,0.6744513005271924,-0.3009593309891364,-0.3216208155619945,-0.3009593309891364,-0.3216208155619945
db10,db10_able_to_amputee,agency_vs_plain_conf_iso_budget,0.05,agency_margin_tau_0.05,plain_conf_threshold_matched_tau_0.05,plain_conf_threshold_iso_budget_curve,active_macro_f1,db10_able_to_amputee|S105,S105,ex1,0.27,0.4319047619047619,-0.16190476190476188,0.0654761904761905,False,True,5,0.28224665022592355,0.5138954711085948,0.3625430267985093,-0.23164882088267125,-0.08029637657258576,-0.23164882088267125,-0.08029637657258576
db10,db10_able_to_amputee,agency_vs_plain_conf_iso_budget,0.05,agency_margin_tau_0.05,plain_conf_threshold_matched_tau_0.05,plain_conf_threshold_iso_budget_curve,active_macro_f1,db10_able_to_amputee|S106,S106,ex1,0.27904761904761904,0.47619047619047616,-0.19714285714285712,0.041428571428571426,False,True,5,0.27144658198442134,0.6288626850123955,0.4642786882529411,-0.35741610302797416,-0.19283210626851977,-0.35741610302797416,-0.19283210626851977
db10,db10_able_to_amputee,agency_vs_plain_conf_iso_budget,0.05,agency_margin_tau_0.05,plain_conf_threshold_matched_tau_0.05,plain_conf_threshold_iso_budget_curve,active_macro_f1,db10_able_to_amputee|S107,S107,ex1,0.43523809523809526,0.46214285714285713,-0.026904761904761876,0.026904761904761876,False,True,5,0.3410716599460131,0.6261489196340657,0.6046410201860148,-0.28507725968805264,-0.26356936024000177,-0.28507725968805264,-0.26356936024000177
db10,db10_able_to_amputee,agency_vs_plain_conf_iso_budget,0.05,agency_margin_tau_0.05,plain_conf_threshold_matched_tau_0.05,plain_conf_threshold_iso_budget_curve,active_macro_f1,db10_able_to_amputee|S108,S108,ex1,0.0,0.04476190476190476,-0.04476190476190476,0.005238095238095238,True,False,5,0.01818181818181818,0.018229623137598596,,-4.780495578041513e-05,,-4.780495578041513e-05,
db10,db10_able_to_amputee,agency_vs_plain_conf_iso_budget,0.05,agency_margin_tau_0.05,plain_conf_threshold_matched_tau_0.05,plain_conf_threshold_iso_budget_curve,active_macro_f1,db10_able_to_amputee|S109,S109,ex1,0.35619047619047617,0.39380952380952383,-0.03761904761904766,0.03761904761904766,False,True,5,0.3043281909138012,0.5839186105173528,0.5459818809405945,-0.27959041960355163,-0.24165369002679332,-0.27959041960355163,-0.24165369002679332
db10,db10_able_to_amputee,agency_vs_plain_conf_iso_budget,0.05,agency_margin_tau_0.05,plain_conf_threshold_matched_tau_0.05,plain_conf_threshold_iso_budget_curve,active_macro_f1,db10_able_to_amputee|S110,S110,ex1,0.15904761904761905,0.22023809523809523,-0.061190476190476184,0.061190476190476184,False,True,5,0.18539153749483506,0.32832783231262036,0.2701403188884497,-0.1429362948177853,-0.08474878139361464,-0.1429362948177853,-0.08474878139361464
db10,db10_able_to_amputee,agency_vs_plain_conf_iso_budget,0.05,agency_margin_tau_0.05,plain_conf_threshold_matched_tau_0.05,plain_conf_threshold_iso_budget_curve,active_macro_f1,db10_able_to_amputee|S111,S111,ex1,0.3433333333333333,0.42238095238095236,-0.07904761904761903,0.07904761904761903,False,True,5,0.3918560233904825,0.5442598199422196,0.45944630144814846,-0.15240379655173714,-0.06759027805766599,-0.15240379655173714,-0.06759027805766599
db10,db10_able_to_amputee,agency_vs_plain_conf_iso_budget,0.05,agency_margin_tau_0.05,plain_conf_threshold_matched_tau_0.05,plain_conf_threshold_iso_budget_curve,active_macro_f1,db10_able_to_amputee|S112,S112,ex1,0.4711904761904762,0.3742857142857143,0.09690476190476194,0.06690476190476186,False,True,5,0.35502321390711894,0.5581545573460196,0.6331500730411748,-0.20313134343890066,-0.2781268591340558,-0.20313134343890066,-0.2781268591340558
db10,db10_able_to_amputee,agency_vs_plain_conf_iso_budget,0.05,agency_margin_tau_0.05,plain_conf_threshold_matched_tau_0.05,plain_conf_threshold_iso_budget_curve,active_macro_f1,db10_able_to_amputee|S113,S113,ex1,0.5102380952380953,0.35523809523809524,0.15500000000000003,0.0423809523809523,False,True,5,0.35548168080414233,0.4739624607554863,0.5741107426148638,-0.11848077995134398,-0.2186290618107215,-0.11848077995134398,-0.2186290618107215
db10,db10_able_to_amputee,agency_vs_plain_conf_iso_budget,0.05,agency_margin_tau_0.05,plain_conf_threshold_matched_tau_0.05,plain_conf_threshold_iso_budget_curve,active_macro_f1,db10_able_to_amputee|S114,S114,ex1,0.18404761904761904,0.31357142857142856,-0.1295238095238095,0.020714285714285713,False,True,5,0.1744162152581674,0.4539194954339655,0.31644520489475303,-0.27950328017579806,-0.14202898963658564,-0.27950328017579806,-0.14202898963658564
db10,db10_able_to_amputee,agency_vs_plain_conf_iso_budget,0.05,agency_margin_tau_0.05,plain_conf_threshold_matched_tau_0.05,plain_conf_threshold_iso_budget_curve,active_macro_f1,db10_able_to_amputee|S115,S115,ex1,0.48857142857142855,0.4895238095238095,-0.0009523809523809823,0.0009523809523809823,False,True,5,0.026779890392043433,0.046341590000948465,0.04627607877059864,-0.019561699608905032,-0.019496188378555206,-0.019561699608905032,-0.019496188378555206
db10,db10_able_to_amputee,agency_vs_plain_conf_iso_budget,0.10,agency_margin_tau_0.10,plain_conf_threshold_matched_tau_0.10,plain_conf_threshold_iso_budget_curve,active_macro_f1,db10_able_to_amputee|S101,S101,ex1,0.5530952380952381,0.5911904761904762,-0.03809523809523807,0.03809523809523807,False,True,5,0.5371642700063137,0.7358840393678026,0.709208621978025,-0.19871976936148883,-0.1720443519717113,-0.19871976936148883,-0.1720443519717113
db10,db10_able_to_amputee,agency_vs_plain_conf_iso_budget,0.10,agency_margin_tau_0.10,plain_conf_threshold_matched_tau_0.10,plain_conf_threshold_iso_budget_curve,active_macro_f1,db10_able_to_amputee|S102,S102,ex1,0.6845238095238095,0.5407142857142857,0.14380952380952383,0.0357142857142857,True,False,5,0.6235462142421362,0.6530674640091498,,-0.029521249767013646,,-0.029521249767013646,
db10,db10_able_to_amputee,agency_vs_plain_conf_iso_budget,0.10,agency_margin_tau_0.10,plain_conf_threshold_matched_tau_0.10,plain_conf_threshold_iso_budget_curve,active_macro_f1,db10_able_to_amputee|S103,S103,ex1,0.47214285714285714,0.5638095238095238,-0.09166666666666662,0.04738095238095236,False,True,5,0.4509745741486709,0.7454935519436989,0.6793682038118133,-0.294518977795028,-0.22839362966314236,-0.294518977795028,-0.22839362966314236
db10,db10_able_to_amputee,agency_vs_plain_conf_iso_budget,0.10,agency_margin_tau_0.10,plain_conf_threshold_matched_tau_0.10,plain_conf_threshold_iso_budget_curve,active_macro_f1,db10_able_to_amputee|S104,S104,ex1,0.6035714285714285,0.5735714285714286,0.029999999999999916,0.029999999999999916,False,True,5,0.5299979241490507,0.7474552126846243,0.7620905962781009,-0.21745728853557367,-0.23209267212905027,-0.21745728853557367,-0.23209267212905027
db10,db10_able_to_amputee,agency_vs_plain_conf_iso_budget,0.10,agency_margin_tau_0.10,plain_conf_threshold_matched_tau_0.10,plain_conf_threshold_iso_budget_curve,active_macro_f1,db10_able_to_amputee|S105,S105,ex1,0.4607142857142857,0.6121428571428571,-0.1514285714285714,0.028809523809523785,False,True,5,0.4794158019799604,0.6429525962247329,0.5345241529303288,-0.16353679424477247,-0.05510835095036842,-0.16353679424477247,-0.05510835095036842
db10,db10_able_to_amputee,agency_vs_plain_conf_iso_budget,0.10,agency_margin_tau_0.10,plain_conf_threshold_matched_tau_0.10,plain_conf_threshold_iso_budget_curve,active_macro_f1,db10_able_to_amputee|S106,S106,ex1,0.5161904761904762,0.6335714285714286,-0.11738095238095236,0.040000000000000036,False,True,5,0.44532148603608135,0.7068113676512595,0.6486741504939827,-0.26148988161517817,-0.20335266445790134,-0.26148988161517817,-0.20335266445790134
db10,db10_able_to_amputee,agency_vs_plain_conf_iso_budget,0.10,agency_margin_tau_0.10,plain_conf_threshold_matched_tau_0.10,plain_conf_threshold_iso_budget_curve,active_macro_f1,db10_able_to_amputee|S107,S107,ex1,0.6466666666666666,0.6030952380952381,0.04357142857142848,0.03214285714285725,False,True,5,0.5591152945811454,0.6954657364027432,0.7096213227695799,-0.13635044182159783,-0.1505060281884345,-0.13635044182159783,-0.1505060281884345
db10,db10_able_to_amputee,agency_vs_plain_conf_iso_budget,0.10,agency_margin_tau_0.10,plain_conf_threshold_matched_tau_0.10,plain_conf_threshold_iso_budget_curve,active_macro_f1,db10_able_to_amputee|S108,S108,ex1,0.0,0.22285714285714286,-0.22285714285714286,0.005238095238095238,True,False,5,0.01818181818181818,0.04191764253120018,,-0.023735824349381998,,-0.023735824349381998,
db10,db10_able_to_amputee,agency_vs_plain_conf_iso_budget,0.10,agency_margin_tau_0.10,plain_conf_threshold_matched_tau_0.10,plain_conf_threshold_iso_budget_curve,active_macro_f1,db10_able_to_amputee|S109,S109,ex1,0.5507142857142857,0.535,0.01571428571428568,0.01571428571428568,False,True,5,0.481910510151237,0.6765587656015069,0.6856981260470663,-0.19464825545026987,-0.20378761589582928,-0.19464825545026987,-0.20378761589582928
db10,db10_able_to_amputee,agency_vs_plain_conf_iso_budget,0.10,agency_margin_tau_0.10,plain_conf_threshold_matched_tau_0.10,plain_conf_threshold_iso_budget_curve,active_macro_f1,db10_able_to_amputee|S110,S110,ex1,0.36,0.3954761904761905,-0.035476190476190494,0.035476190476190494,False,True,5,0.31521023513891455,0.43767299484806044,0.4155365421065107,-0.12246275970914589,-0.10032630696759615,-0.12246275970914589,-0.10032630696759615
db10,db10_able_to_amputee,agency_vs_plain_conf_iso_budget,0.10,agency_margin_tau_0.10,plain_conf_threshold_matched_tau_0.10,plain_conf_threshold_iso_budget_curve,active_macro_f1,db10_able_to_amputee|S111,S111,ex1,0.5092857142857142,0.5788095238095238,-0.06952380952380954,0.06952380952380954,False,True,5,0.5892881279021361,0.6421239754987006,0.5986287952513757,-0.052835847596564456,-0.009340667349239551,-0.052835847596564456,-0.009340667349239551
db10,db10_able_to_amputee,agency_vs_plain_conf_iso_budget,0.10,agency_margin_tau_0.10,plain_conf_threshold_matched_tau_0.10,plain_conf_threshold_iso_budget_curve,active_macro_f1,db10_able_to_amputee|S112,S112,ex1,0.6159523809523809,0.5380952380952381,0.07785714285714285,0.010714285714285787,False,True,5,0.5430432259441716,0.6849283037791074,0.7335194751611602,-0.14188507783493576,-0.19047624921698858,-0.14188507783493576,-0.19047624921698858
db10,db10_able_to_amputee,agency_vs_plain_conf_iso_budget,0.10,agency_margin_tau_0.10,plain_conf_threshold_matched_tau_0.10,plain_conf_threshold_iso_budget_curve,active_macro_f1,db10_able_to_amputee|S113,S113,ex1,0.7209523809523809,0.5526190476190476,0.16833333333333333,0.0473809523809523,True,False,5,0.5403156743830703,0.6014938365794862,,-0.06117816219641592,,-0.06117816219641592,
db10,db10_able_to_amputee,agency_vs_plain_conf_iso_budget,0.10,agency_margin_tau_0.10,plain_conf_threshold_matched_tau_0.10,plain_conf_threshold_iso_budget_curve,active_macro_f1,db10_able_to_amputee|S114,S114,ex1,0.33380952380952383,0.43,-0.09619047619047616,0.020238095238095277,False,True,5,0.3145721685474165,0.5440758240376284,0.4695908408967699,-0.22950365549021196,-0.1550186723493534,-0.22950365549021196,-0.1550186723493534
db10,db10_able_to_amputee,agency_vs_plain_conf_iso_budget,0.10,agency_margin_tau_0.10,plain_conf_threshold_matched_tau_0.10,plain_conf_threshold_iso_budget_curve,active_macro_f1,db10_able_to_amputee|S115,S115,ex1,0.6295238095238095,0.59,0.03952380952380952,0.002619047619047632,False,True,5,0.0952474852049354,0.07982139054854706,0.10334919891056131,0.015426094656388334,-0.008101713705625915,0.015426094656388334,-0.008101713705625915
db10,db10_able_to_amputee,agency_vs_plain_conf_iso_budget,0.15,agency_margin_tau_0.15,plain_conf_threshold_matched_tau_0.15,plain_conf_threshold_iso_budget_curve,active_macro_f1,db10_able_to_amputee|S101,S101,ex1,0.6357142857142857,0.6557142857142857,-0.020000000000000018,0.020000000000000018,False,True,5,0.663667342455884,0.7715123516081789,0.7604688895115309,-0.10784500915229489,-0.09680154705564692,-0.10784500915229489,-0.09680154705564692
db10,db10_able_to_amputee,agency_vs_plain_conf_iso_budget,0.15,agency_margin_tau_0.15,plain_conf_threshold_matched_tau_0.15,plain_conf_threshold_iso_budget_curve,active_macro_f1,db10_able_to_amputee|S102,S102,ex1,0.7626190476190476,0.6226190476190476,0.14,0.1138095238095238,True,False,5,0.7268621904110792,0.7066123128359385,,0.02024987757514074,,0.02024987757514074,
db10,db10_able_to_amputee,agency_vs_plain_conf_iso_budget,0.15,agency_margin_tau_0.15,plain_conf_threshold_matched_tau_0.15,plain_conf_threshold_iso_budget_curve,active_macro_f1,db10_able_to_amputee|S103,S103,ex1,0.5264285714285715,0.6457142857142857,-0.11928571428571422,0.03738095238095229,False,True,5,0.5148101306871706,0.7810191167290738,0.718528150237969,-0.26620898604190313,-0.20371801955079838,-0.26620898604190313,-0.20371801955079838
db10,db10_able_to_amputee,agency_vs_plain_conf_iso_budget,0.15,agency_margin_tau_0.15,plain_conf_threshold_matched_tau_0.15,plain_conf_threshold_iso_budget_curve,active_macro_f1,db10_able_to_amputee|S104,S104,ex1,0.6707142857142857,0.6404761904761904,0.030238095238095286,0.005714285714285672,True,False,5,0.6366387964663331,0.7800944411748381,,-0.14345564470850491,,-0.14345564470850491,
db10,db10_able_to_amputee,agency_vs_plain_conf_iso_budget,0.15,agency_margin_tau_0.15,plain_conf_threshold_matched_tau_0.15,plain_conf_threshold_iso_budget_curve,active_macro_f1,db10_able_to_amputee|S105,S105,ex1,0.5995238095238096,0.7004761904761905,-0.1009523809523809,0.01261904761904753,False,True,5,0.5896353125771668,0.6872416245057784,0.6339168926168659,-0.09760631192861158,-0.044281580039699064,-0.09760631192861158,-0.044281580039699064
db10,db10_able_to_amputee,agency_vs_plain_conf_iso_budget,0.15,agency_margin_tau_0.15,plain_conf_threshold_matched_tau_0.15,plain_conf_threshold_iso_budget_curve,active_macro_f1,db10_able_to_amputee|S106,S106,ex1,0.6335714285714286,0.7157142857142857,-0.08214285714285718,0.0,False,True,5,0.5406489998531011,0.7398696651284506,0.7068113676512595,-0.19922066527534954,-0.1661623677981584,-0.19922066527534954,-0.1661623677981584
db10,db10_able_to_amputee,agency_vs_plain_conf_iso_budget,0.15,agency_margin_tau_0.15,plain_conf_threshold_matched_tau_0.15,plain_conf_threshold_iso_budget_curve,active_macro_f1,db10_able_to_amputee|S107,S107,ex1,0.7421428571428571,0.6788095238095239,0.06333333333333324,0.03523809523809518,True,False,5,0.6593492672662441,0.7200639684500333,,-0.06071470118378919,,-0.06071470118378919,
db10,db10_able_to_amputee,agency_vs_plain_conf_iso_budget,0.15,agency_margin_tau_0.15,plain_conf_threshold_matched_tau_0.15,plain_conf_threshold_iso_budget_curve,active_macro_f1,db10_able_to_amputee|S108,S108,ex1,0.0,0.36214285714285716,-0.36214285714285716,0.005238095238095238,True,False,5,0.01818181818181818,0.04204803205171982,,-0.02386621386990164,,-0.02386621386990164,
db10,db10_able_to_amputee,agency_vs_plain_conf_iso_budget,0.15,agency_margin_tau_0.15,plain_conf_threshold_matched_tau_0.15,plain_conf_threshold_iso_budget_curve,active_macro_f1,db10_able_to_amputee|S109,S109,ex1,0.6645238095238095,0.6135714285714285,0.05095238095238097,0.01571428571428568,True,False,5,0.6295358733962776,0.7222555678293038,,-0.09271969443302619,,-0.09271969443302619,
db10,db10_able_to_amputee,agency_vs_plain_conf_iso_budget,0.15,agency_margin_tau_0.15,plain_conf_threshold_matched_tau_0.15,plain_conf_threshold_iso_budget_curve,active_macro_f1,db10_able_to_amputee|S110,S110,ex1,0.5240476190476191,0.48904761904761906,0.03500000000000003,0.0045238095238095966,True,False,5,0.4134631404520652,0.48142016569719653,,-0.06795702524513131,,-0.06795702524513131,
db10,db10_able_to_amputee,agency_vs_plain_conf_iso_budget,0.15,agency_margin_tau_0.15,plain_conf_threshold_matched_tau_0.15,plain_conf_threshold_iso_budget_curve,active_macro_f1,db10_able_to_amputee|S111,S111,ex1,0.611904761904762,0.6623809523809524,-0.05047619047619045,0.03309523809523818,False,True,5,0.6749665031191021,0.690371974725119,0.6612307330271113,-0.015405471606016907,0.013735770091990784,-0.015405471606016907,0.013735770091990784
db10,db10_able_to_amputee,agency_vs_plain_conf_iso_budget,0.15,agency_margin_tau_0.15,plain_conf_threshold_matched_tau_0.15,plain_conf_threshold_iso_budget_curve,active_macro_f1,db10_able_to_amputee|S112,S112,ex1,0.6695238095238095,0.6266666666666667,0.042857142857142816,0.011428571428571455,True,False,5,0.625327910077998,0.7402063336082317,,-0.1148784235302337,,-0.1148784235302337,
db10,db10_able_to_amputee,agency_vs_plain_conf_iso_budget,0.15,agency_margin_tau_0.15,plain_conf_threshold_matched_tau_0.15,plain_conf_threshold_iso_budget_curve,active_macro_f1,db10_able_to_amputee|S113,S113,ex1,0.78,0.6426190476190476,0.13738095238095238,0.10642857142857143,True,False,5,0.6195719156524352,0.6502602447718158,,-0.030688329119380575,,-0.030688329119380575,
db10,db10_able_to_amputee,agency_vs_plain_conf_iso_budget,0.15,agency_margin_tau_0.15,plain_conf_threshold_matched_tau_0.15,plain_conf_threshold_iso_budget_curve,active_macro_f1,db10_able_to_amputee|S114,S114,ex1,0.4888095238095238,0.49214285714285716,-0.003333333333333355,0.003333333333333355,False,True,5,0.5289726753878707,0.5933143308572977,0.5906731848976219,-0.06434165546942694,-0.061700509509751145,-0.06434165546942694,-0.061700509509751145
db10,db10_able_to_amputee,agency_vs_plain_conf_iso_budget,0.15,agency_margin_tau_0.15,plain_conf_threshold_matched_tau_0.15,plain_conf_threshold_iso_budget_curve,active_macro_f1,db10_able_to_amputee|S115,S115,ex1,0.6930952380952381,0.6321428571428571,0.06095238095238098,0.04738095238095241,True,False,5,0.14634034175808708,0.10490827054900805,,0.04143207120907903,,0.04143207120907903,
db10,db10_able_to_amputee,agency_vs_plain_conf_iso_budget,0.20,agency_margin_tau_0.20,plain_conf_threshold_matched_tau_0.20,plain_conf_threshold_iso_budget_curve,active_macro_f1,db10_able_to_amputee|S101,S101,ex1,0.6969047619047619,0.6764285714285714,0.020476190476190537,0.020476190476190537,True,False,5,0.7453564927736579,0.7826762594046612,,-0.03731976663100334,,-0.03731976663100334,
db10,db10_able_to_amputee,agency_vs_plain_conf_iso_budget,0.20,agency_margin_tau_0.20,plain_conf_threshold_matched_tau_0.20,plain_conf_threshold_iso_budget_curve,active_macro_f1,db10_able_to_amputee|S102,S102,ex1,0.8,0.6488095238095238,0.1511904761904762,0.1511904761904762,True,False,5,0.7766761112016278,0.718807931917037,,0.05786817928459087,,0.05786817928459087,
db10,db10_able_to_amputee,agency_vs_plain_conf_iso_budget,0.20,agency_margin_tau_0.20,plain_conf_threshold_matched_tau_0.20,plain_conf_threshold_iso_budget_curve,active_macro_f1,db10_able_to_amputee|S103,S103,ex1,0.5685714285714286,0.6728571428571428,-0.1042857142857142,0.004761904761904856,False,True,5,0.571442946574021,0.7966834205831511,0.7475589917568022,-0.22524047400913016,-0.17611604518278123,-0.22524047400913016,-0.17611604518278123
db10,db10_able_to_amputee,agency_vs_plain_conf_iso_budget,0.20,agency_margin_tau_0.20,plain_conf_threshold_matched_tau_0.20,plain_conf_threshold_iso_budget_curve,active_macro_f1,db10_able_to_amputee|S104,S104,ex1,0.7197619047619047,0.665,0.05476190476190468,0.05476190476190468,True,False,5,0.7155870973018998,0.7893534168613893,,-0.07376631955948942,,-0.07376631955948942,
db10,db10_able_to_amputee,agency_vs_plain_conf_iso_budget,0.20,agency_margin_tau_0.20,plain_conf_threshold_matched_tau_0.20,plain_conf_threshold_iso_budget_curve,active_macro_f1,db10_able_to_amputee|S105,S105,ex1,0.7119047619047619,0.7314285714285714,-0.0195238095238095,0.011428571428571455,False,True,5,0.6743676145456357,0.7085519532578981,0.6951100535834842,-0.03418433871226245,-0.02074243903784856,-0.03418433871226245,-0.02074243903784856
db10,db10_able_to_amputee,agency_vs_plain_conf_iso_budget,0.20,agency_margin_tau_0.20,plain_conf_threshold_matched_tau_0.20,plain_conf_threshold_iso_budget_curve,active_macro_f1,db10_able_to_amputee|S106,S106,ex1,0.7057142857142857,0.7459523809523809,-0.040238095238095184,0.010000000000000009,False,True,5,0.60839010316795,0.7543576041292095,0.735845176739923,-0.14596750096125954,-0.12745507357197305,-0.14596750096125954,-0.12745507357197305
db10,db10_able_to_amputee,agency_vs_plain_conf_iso_budget,0.20,agency_margin_tau_0.20,plain_conf_threshold_matched_tau_0.20,plain_conf_threshold_iso_budget_curve,active_macro_f1,db10_able_to_amputee|S107,S107,ex1,0.7828571428571428,0.7069047619047619,0.07595238095238088,0.07595238095238088,True,False,5,0.7109239679310082,0.7335190239488686,,-0.022595056017860382,,-0.022595056017860382,
db10,db10_able_to_amputee,agency_vs_plain_conf_iso_budget,0.20,agency_margin_tau_0.20,plain_conf_threshold_matched_tau_0.20,plain_conf_threshold_iso_budget_curve,active_macro_f1,db10_able_to_amputee|S108,S108,ex1,0.0007142857142857143,0.4207142857142857,-0.42,0.004523809523809524,True,False,5,0.02008436610967594,0.04252988047808765,,-0.02244551436841171,,-0.02244551436841171,
db10,db10_able_to_amputee,agency_vs_plain_conf_iso_budget,0.20,agency_margin_tau_0.20,plain_conf_threshold_matched_tau_0.20,plain_conf_threshold_iso_budget_curve,active_macro_f1,db10_able_to_amputee|S109,S109,ex1,0.7242857142857143,0.6488095238095238,0.07547619047619047,0.07547619047619047,True,False,5,0.7234542139852492,0.739526174381538,,-0.016071960396288776,,-0.016071960396288776,
db10,db10_able_to_amputee,agency_vs_plain_conf_iso_budget,0.20,agency_margin_tau_0.20,plain_conf_threshold_matched_tau_0.20,plain_conf_threshold_iso_budget_curve,active_macro_f1,db10_able_to_amputee|S110,S110,ex1,0.6033333333333334,0.5195238095238095,0.08380952380952389,0.08380952380952389,True,False,5,0.4644373898788049,0.4916374885665614,,-0.027200098687756524,,-0.027200098687756524,
db10,db10_able_to_amputee,agency_vs_plain_conf_iso_budget,0.20,agency_margin_tau_0.20,plain_conf_threshold_matched_tau_0.20,plain_conf_threshold_iso_budget_curve,active_macro_f1,db10_able_to_amputee|S111,S111,ex1,0.6783333333333333,0.6921428571428572,-0.013809523809523827,0.013809523809523827,False,True,5,0.7190607400465207,0.7015724902435918,0.6963754510430205,0.017488249802928846,0.022685289003500198,0.017488249802928846,0.022685289003500198
db10,db10_able_to_amputee,agency_vs_plain_conf_iso_budget,0.20,agency_margin_tau_0.20,plain_conf_threshold_matched_tau_0.20,plain_conf_threshold_iso_budget_curve,active_macro_f1,db10_able_to_amputee|S112,S112,ex1,0.7030952380952381,0.6580952380952381,0.04500000000000004,0.04500000000000004,True,False,5,0.6717680754614528,0.7564107470882011,,-0.08464267162674832,,-0.08464267162674832,
db10,db10_able_to_amputee,agency_vs_plain_conf_iso_budget,0.20,agency_margin_tau_0.20,plain_conf_threshold_matched_tau_0.20,plain_conf_threshold_iso_budget_curve,active_macro_f1,db10_able_to_amputee|S113,S113,ex1,0.8121428571428572,0.6735714285714286,0.13857142857142857,0.13857142857142857,True,False,5,0.6731791202116746,0.6687383775183471,,0.004440742693327504,,0.004440742693327504,
db10,db10_able_to_amputee,agency_vs_plain_conf_iso_budget,0.20,agency_margin_tau_0.20,plain_conf_threshold_matched_tau_0.20,plain_conf_threshold_iso_budget_curve,active_macro_f1,db10_able_to_amputee|S114,S114,ex1,0.5923809523809523,0.5157142857142857,0.07666666666666666,0.07666666666666666,True,False,5,0.6420315227685518,0.6088522266666653,,0.033179296101886524,,0.033179296101886524,
db10,db10_able_to_amputee,agency_vs_plain_conf_iso_budget,0.20,agency_margin_tau_0.20,plain_conf_threshold_matched_tau_0.20,plain_conf_threshold_iso_budget_curve,active_macro_f1,db10_able_to_amputee|S115,S115,ex1,0.7014285714285714,0.6457142857142857,0.055714285714285716,0.055714285714285716,True,False,5,0.15113765406539853,0.11233828634409473,,0.038799367721303796,,0.038799367721303796,
db10,db10_able_to_amputee,agency_vs_plain_conf_iso_budget,0.02,agency_margin_tau_0.02,plain_conf_threshold_matched_tau_0.02,plain_conf_threshold_iso_budget_curve,active_risk_coverage_auc,db10_able_to_amputee|S101,S101,ex1,0.23,0.295,-0.06499999999999997,0.06499999999999997,True,False,5,0.5531684837252066,0.19598601301817206,,0.35718247070703446,,-0.35718247070703446,
db10,db10_able_to_amputee,agency_vs_plain_conf_iso_budget,0.02,agency_margin_tau_0.02,plain_conf_threshold_matched_tau_0.02,plain_conf_threshold_iso_budget_curve,active_risk_coverage_auc,db10_able_to_amputee|S102,S102,ex1,0.27476190476190476,0.1980952380952381,0.07666666666666666,0.07666666666666666,False,True,5,0.5760673193056879,0.37324878294519814,0.2887952508358654,0.20281853636048974,0.2872720684698225,-0.20281853636048974,-0.2872720684698225
db10,db10_able_to_amputee,agency_vs_plain_conf_iso_budget,0.02,agency_margin_tau_0.02,plain_conf_threshold_matched_tau_0.02,plain_conf_threshold_iso_budget_curve,active_risk_coverage_auc,db10_able_to_amputee|S103,S103,ex1,0.1711904761904762,0.2342857142857143,-0.0630952380952381,0.0630952380952381,True,False,5,0.5802185366371391,0.2097791022794937,,0.37043943435764537,,-0.37043943435764537,
db10,db10_able_to_amputee,agency_vs_plain_conf_iso_budget,0.02,agency_margin_tau_0.02,plain_conf_threshold_matched_tau_0.02,plain_conf_threshold_iso_budget_curve,active_risk_coverage_auc,db10_able_to_amputee|S104,S104,ex1,0.24952380952380954,0.25452380952380954,-0.0050000000000000044,0.0050000000000000044,True,False,5,0.5640054540562529,0.21555551637078715,,0.3484499376854657,,-0.3484499376854657,
db10,db10_able_to_amputee,agency_vs_plain_conf_iso_budget,0.02,agency_margin_tau_0.02,plain_conf_threshold_matched_tau_0.02,plain_conf_threshold_iso_budget_curve,active_risk_coverage_auc,db10_able_to_amputee|S105,S105,ex1,0.11738095238095238,0.20452380952380952,-0.08714285714285715,0.08714285714285715,True,False,5,0.6256248672027017,0.4279340659095498,,0.19769080129315192,,-0.19769080129315192,
db10,db10_able_to_amputee,agency_vs_plain_conf_iso_budget,0.02,agency_margin_tau_0.02,plain_conf_threshold_matched_tau_0.02,plain_conf_threshold_iso_budget_curve,active_risk_coverage_auc,db10_able_to_amputee|S106,S106,ex1,0.11166666666666666,0.23761904761904762,-0.12595238095238095,0.12595238095238095,True,False,5,0.5704563161174699,0.29106963401049996,,0.27938668210697,,-0.27938668210697,
db10,db10_able_to_amputee,agency_vs_plain_conf_iso_budget,0.02,agency_margin_tau_0.02,plain_conf_threshold_matched_tau_0.02,plain_conf_threshold_iso_budget_curve,active_risk_coverage_auc,db10_able_to_amputee|S107,S107,ex1,0.20404761904761906,0.23,-0.02595238095238095,0.02595238095238095,True,False,5,0.5596578321838409,0.2657897911671762,,0.2938680410166647,,-0.2938680410166647,
db10,db10_able_to_amputee,agency_vs_plain_conf_iso_budget,0.02,agency_margin_tau_0.02,plain_conf_threshold_matched_tau_0.02,plain_conf_threshold_iso_budget_curve,active_risk_coverage_auc,db10_able_to_amputee|S108,S108,ex1,0.0,0.005238095238095238,-0.005238095238095238,0.005238095238095238,True,False,5,0.8947695811742172,0.8947695811742172,,0.0,,0.0,
db10,db10_able_to_amputee,agency_vs_plain_conf_iso_budget,0.02,agency_margin_tau_0.02,plain_conf_threshold_matched_tau_0.02,plain_conf_threshold_iso_budget_curve,active_risk_coverage_auc,db10_able_to_amputee|S109,S109,ex1,0.17476190476190476,0.2030952380952381,-0.02833333333333335,0.02833333333333335,True,False,5,0.5137258031080747,0.2709341909095569,,0.2427916121985178,,-0.2427916121985178,
db10,db10_able_to_amputee,agency_vs_plain_conf_iso_budget,0.02,agency_margin_tau_0.02,plain_conf_threshold_matched_tau_0.02,plain_conf_threshold_iso_budget_curve,active_risk_coverage_auc,db10_able_to_amputee|S110,S110,ex1,0.06333333333333334,0.06357142857142857,-0.0002380952380952317,0.0002380952380952317,True,False,5,0.7156599408731595,0.6814029760123588,,0.034256964860800765,,-0.034256964860800765,
db10,db10_able_to_amputee,agency_vs_plain_conf_iso_budget,0.02,agency_margin_tau_0.02,plain_conf_threshold_matched_tau_0.02,plain_conf_threshold_iso_budget_curve,active_risk_coverage_auc,db10_able_to_amputee|S111,S111,ex1,0.1473809523809524,0.2342857142857143,-0.0869047619047619,0.0869047619047619,True,False,5,0.6176666810192527,0.369754400619353,,0.2479122803998997,,-0.2479122803998997,
db10,db10_able_to_amputee,agency_vs_plain_conf_iso_budget,0.02,agency_margin_tau_0.02,plain_conf_threshold_matched_tau_0.02,plain_conf_threshold_iso_budget_curve,active_risk_coverage_auc,db10_able_to_amputee|S112,S112,ex1,0.24095238095238095,0.15904761904761905,0.0819047619047619,0.0819047619047619,False,True,5,0.5949353907179983,0.33914421566461916,0.2696193983460688,0.2557911750533791,0.3253159923719295,-0.2557911750533791,-0.3253159923719295
db10,db10_able_to_amputee,agency_vs_plain_conf_iso_budget,0.02,agency_margin_tau_0.02,plain_conf_threshold_matched_tau_0.02,plain_conf_threshold_iso_budget_curve,active_risk_coverage_auc,db10_able_to_amputee|S113,S113,ex1,0.19404761904761905,0.11666666666666667,0.07738095238095238,0.07738095238095238,False,True,5,0.6521401245386087,0.5174995037829191,0.4263271246141583,0.1346406207556896,0.22581299992445042,-0.1346406207556896,-0.22581299992445042
db10,db10_able_to_amputee,agency_vs_plain_conf_iso_budget,0.02,agency_margin_tau_0.02,plain_conf_threshold_matched_tau_0.02,plain_conf_threshold_iso_budget_curve,active_risk_coverage_auc,db10_able_to_amputee|S114,S114,ex1,0.06690476190476191,0.16333333333333333,-0.09642857142857142,0.09642857142857142,True,False,5,0.7090197396322608,0.4231541454196599,,0.28586559421260094,,-0.28586559421260094,
db10,db10_able_to_amputee,agency_vs_plain_conf_iso_budget,0.02,agency_margin_tau_0.02,plain_conf_threshold_matched_tau_0.02,plain_conf_threshold_iso_budget_curve,active_risk_coverage_auc,db10_able_to_amputee|S115,S115,ex1,0.20714285714285716,0.2538095238095238,-0.04666666666666666,0.04666666666666666,True,False,5,0.9869902609795931,0.973786858363197,,0.013203402616396076,,-0.013203402616396076,
db10,db10_able_to_amputee,agency_vs_plain_conf_iso_budget,0.05,agency_margin_tau_0.05,plain_conf_threshold_matched_tau_0.05,plain_conf_threshold_iso_budget_curve,active_risk_coverage_auc,db10_able_to_amputee|S101,S101,ex1,0.4154761904761905,0.4711904761904762,-0.055714285714285716,0.055714285714285716,False,True,5,0.3494793982897772,0.0925374566674176,0.12524956772968318,0.2569419416223596,0.22422983056009402,-0.2569419416223596,-0.22422983056009402
db10,db10_able_to_amputee,agency_vs_plain_conf_iso_budget,0.05,agency_margin_tau_0.05,plain_conf_threshold_matched_tau_0.05,plain_conf_threshold_iso_budget_curve,active_risk_coverage_auc,db10_able_to_amputee|S102,S102,ex1,0.51,0.38666666666666666,0.12333333333333335,0.030714285714285694,False,True,5,0.30362768031046716,0.16552456732224305,0.11256092421278498,0.1381031129882241,0.1910667560976822,-0.1381031129882241,-0.1910667560976822
db10,db10_able_to_amputee,agency_vs_plain_conf_iso_budget,0.05,agency_margin_tau_0.05,plain_conf_threshold_matched_tau_0.05,plain_conf_threshold_iso_budget_curve,active_risk_coverage_auc,db10_able_to_amputee|S103,S103,ex1,0.33214285714285713,0.4247619047619048,-0.09261904761904766,0.09261904761904766,False,True,5,0.4018145904400444,0.08784056267339922,0.14713317755686267,0.3139740277666452,0.25468141288318175,-0.3139740277666452,-0.25468141288318175
db10,db10_able_to_amputee,agency_vs_plain_conf_iso_budget,0.05,agency_margin_tau_0.05,plain_conf_threshold_matched_tau_0.05,plain_conf_threshold_iso_budget_curve,active_risk_coverage_auc,db10_able_to_amputee|S104,S104,ex1,0.46,0.4278571428571429,0.03214285714285714,0.03214285714285714,False,True,5,0.3400654572921193,0.1060250306879316,0.09890020538107909,0.23404042660418767,0.2411652519110402,-0.23404042660418767,-0.2411652519110402
db10,db10_able_to_amputee,agency_vs_plain_conf_iso_budget,0.05,agency_margin_tau_0.05,plain_conf_threshold_matched_tau_0.05,plain_conf_threshold_iso_budget_curve,active_risk_coverage_auc,db10_able_to_amputee|S105,S105,ex1,0.27,0.4319047619047619,-0.16190476190476188,0.0654761904761905,False,True,5,0.4079588438470569,0.20600273952644907,0.36402713946415427,0.20195610432060782,0.043931704382902614,-0.20195610432060782,-0.043931704382902614
db10,db10_able_to_amputee,agency_vs_plain_conf_iso_budget,0.05,agency_margin_tau_0.05,plain_conf_threshold_matched_tau_0.05,plain_conf_threshold_iso_budget_curve,active_risk_coverage_auc,db10_able_to_amputee|S106,S106,ex1,0.27904761904761904,0.47619047619047616,-0.19714285714285712,0.041428571428571426,False,True,5,0.4331943714497828,0.15531789875600424,0.26749597938546776,0.2778764726937786,0.16569839206431503,-0.2778764726937786,-0.16569839206431503
db10,db10_able_to_amputee,agency_vs_plain_conf_iso_budget,0.05,agency_margin_tau_0.05,plain_conf_threshold_matched_tau_0.05,plain_conf_threshold_iso_budget_curve,active_risk_coverage_auc,db10_able_to_amputee|S107,S107,ex1,0.43523809523809526,0.46214285714285713,-0.026904761904761876,0.026904761904761876,False,True,5,0.3668037283967656,0.12857780922968348,0.14448032611064415,0.23822591916708213,0.22232340228612146,-0.23822591916708213,-0.22232340228612146
db10,db10_able_to_amputee,agency_vs_plain_conf_iso_budget,0.05,agency_margin_tau_0.05,plain_conf_threshold_matched_tau_0.05,plain_conf_threshold_iso_budget_curve,active_risk_coverage_auc,db10_able_to_amputee|S108,S108,ex1,0.0,0.04476190476190476,-0.04476190476190476,0.005238095238095238,True,False,5,0.8947695811742172,0.901584983903465,,-0.006815402729247744,,0.006815402729247744,
db10,db10_able_to_amputee,agency_vs_plain_conf_iso_budget,0.05,agency_margin_tau_0.05,plain_conf_threshold_matched_tau_0.05,plain_conf_threshold_iso_budget_curve,active_risk_coverage_auc,db10_able_to_amputee|S109,S109,ex1,0.35619047619047617,0.39380952380952383,-0.03761904761904766,0.03761904761904766,False,True,5,0.35654703479554156,0.12261863046485132,0.15187438396081077,0.23392840433069023,0.2046726508347308,-0.23392840433069023,-0.2046726508347308
db10,db10_able_to_amputee,agency_vs_plain_conf_iso_budget,0.05,agency_margin_tau_0.05,plain_conf_threshold_matched_tau_0.05,plain_conf_threshold_iso_budget_curve,active_risk_coverage_auc,db10_able_to_amputee|S110,S110,ex1,0.15904761904761905,0.22023809523809523,-0.061190476190476184,0.061190476190476184,False,True,5,0.6323203193887916,0.5002169150844372,0.5709841151733063,0.1321034043043544,0.06133620421548536,-0.1321034043043544,-0.06133620421548536
db10,db10_able_to_amputee,agency_vs_plain_conf_iso_budget,0.05,agency_margin_tau_0.05,plain_conf_threshold_matched_tau_0.05,plain_conf_threshold_iso_budget_curve,active_risk_coverage_auc,db10_able_to_amputee|S111,S111,ex1,0.3433333333333333,0.42238095238095236,-0.07904761904761903,0.07904761904761903,False,True,5,0.3346592903983104,0.17537514870800622,0.2570636444479646,0.15928414169030417,0.07759564595034579,-0.15928414169030417,-0.07759564595034579
db10,db10_able_to_amputee,agency_vs_plain_conf_iso_budget,0.05,agency_margin_tau_0.05,plain_conf_threshold_matched_tau_0.05,plain_conf_threshold_iso_budget_curve,active_risk_coverage_auc,db10_able_to_amputee|S112,S112,ex1,0.4711904761904762,0.3742857142857143,0.09690476190476194,0.06690476190476186,False,True,5,0.36623216331220915,0.15643946317633559,0.1238521583154296,0.20979270013587356,0.24238000499677953,-0.20979270013587356,-0.24238000499677953
db10,db10_able_to_amputee,agency_vs_plain_conf_iso_budget,0.05,agency_margin_tau_0.05,plain_conf_threshold_matched_tau_0.05,plain_conf_threshold_iso_budget_curve,active_risk_coverage_auc,db10_able_to_amputee|S113,S113,ex1,0.5102380952380953,0.35523809523809524,0.15500000000000003,0.0423809523809523,False,True,5,0.37784071543303765,0.23640804554569347,0.16459308786289734,0.14143266988734418,0.21324762757014032,-0.14143266988734418,-0.21324762757014032
db10,db10_able_to_amputee,agency_vs_plain_conf_iso_budget,0.05,agency_margin_tau_0.05,plain_conf_threshold_matched_tau_0.05,plain_conf_threshold_iso_budget_curve,active_risk_coverage_auc,db10_able_to_amputee|S114,S114,ex1,0.18404761904761904,0.31357142857142856,-0.1295238095238095,0.020714285714285713,False,True,5,0.5620961756866206,0.2707194048303314,0.4021369941815116,0.2913767708562892,0.15995918150510902,-0.2913767708562892,-0.15995918150510902
db10,db10_able_to_amputee,agency_vs_plain_conf_iso_budget,0.05,agency_margin_tau_0.05,plain_conf_threshold_matched_tau_0.05,plain_conf_threshold_iso_budget_curve,active_risk_coverage_auc,db10_able_to_amputee|S115,S115,ex1,0.48857142857142855,0.4895238095238095,-0.0009523809523809823,0.0009523809523809823,False,True,5,0.9936056154154169,0.9758247103535799,0.9758164766081642,0.01778090506183705,0.017789138807252747,-0.01778090506183705,-0.017789138807252747
db10,db10_able_to_amputee,agency_vs_plain_conf_iso_budget,0.10,agency_margin_tau_0.10,plain_conf_threshold_matched_tau_0.10,plain_conf_threshold_iso_budget_curve,active_risk_coverage_auc,db10_able_to_amputee|S101,S101,ex1,0.5530952380952381,0.5911904761904762,-0.03809523809523807,0.03809523809523807,False,True,5,0.15955718554013137,0.06815920968948265,0.0758983357142239,0.09139797585064872,0.08365884982590747,-0.09139797585064872,-0.08365884982590747
db10,db10_able_to_amputee,agency_vs_plain_conf_iso_budget,0.10,agency_margin_tau_0.10,plain_conf_threshold_matched_tau_0.10,plain_conf_threshold_iso_budget_curve,active_risk_coverage_auc,db10_able_to_amputee|S102,S102,ex1,0.6845238095238095,0.5407142857142857,0.14380952380952383,0.0357142857142857,True,False,5,0.12678119024140308,0.09937113664305508,,0.027410053598348,,-0.027410053598348,
db10,db10_able_to_amputee,agency_vs_plain_conf_iso_budget,0.10,agency_margin_tau_0.10,plain_conf_threshold_matched_tau_0.10,plain_conf_threshold_iso_budget_curve,active_risk_coverage_auc,db10_able_to_amputee|S103,S103,ex1,0.47214285714285714,0.5638095238095238,-0.09166666666666662,0.04738095238095236,False,True,5,0.2432706147752076,0.05255965337909785,0.0758184720063342,0.19071096139610974,0.16745214276887338,-0.19071096139610974,-0.16745214276887338
db10,db10_able_to_amputee,agency_vs_plain_conf_iso_budget,0.10,agency_margin_tau_0.10,plain_conf_threshold_matched_tau_0.10,plain_conf_threshold_iso_budget_curve,active_risk_coverage_auc,db10_able_to_amputee|S104,S104,ex1,0.6035714285714285,0.5735714285714286,0.029999999999999916,0.029999999999999916,False,True,5,0.1856863555100627,0.07372582263020018,0.07089758348691438,0.11196053287986253,0.11478877202314833,-0.11196053287986253,-0.11478877202314833
db10,db10_able_to_amputee,agency_vs_plain_conf_iso_budget,0.10,agency_margin_tau_0.10,plain_conf_threshold_matched_tau_0.10,plain_conf_threshold_iso_budget_curve,active_risk_coverage_auc,db10_able_to_amputee|S105,S105,ex1,0.4607142857142857,0.6121428571428571,-0.1514285714285714,0.028809523809523785,False,True,5,0.23845193084453403,0.13600409371335045,0.19481405241497624,0.10244783713118358,0.0436378784295578,-0.10244783713118358,-0.0436378784295578
db10,db10_able_to_amputee,agency_vs_plain_conf_iso_budget,0.10,agency_margin_tau_0.10,plain_conf_threshold_matched_tau_0.10,plain_conf_threshold_iso_budget_curve,active_risk_coverage_auc,db10_able_to_amputee|S106,S106,ex1,0.5161904761904762,0.6335714285714286,-0.11738095238095236,0.040000000000000036,False,True,5,0.26850581924759787,0.13180703580203623,0.14934236929115308,0.13669878344556163,0.11916344995644479,-0.13669878344556163,-0.11916344995644479
db10,db10_able_to_amputee,agency_vs_plain_conf_iso_budget,0.10,agency_margin_tau_0.10,plain_conf_threshold_matched_tau_0.10,plain_conf_threshold_iso_budget_curve,active_risk_coverage_auc,db10_able_to_amputee|S107,S107,ex1,0.6466666666666666,0.6030952380952381,0.04357142857142848,0.03214285714285725,False,True,5,0.18495331608458737,0.10273995159846128,0.09963055512669897,0.0822133644861261,0.0853227609578884,-0.0822133644861261,-0.0853227609578884
db10,db10_able_to_amputee,agency_vs_plain_conf_iso_budget,0.10,agency_margin_tau_0.10,plain_conf_threshold_matched_tau_0.10,plain_conf_threshold_iso_budget_curve,active_risk_coverage_auc,db10_able_to_amputee|S108,S108,ex1,0.0,0.22285714285714286,-0.22285714285714286,0.005238095238095238,True,False,5,0.8947695811742172,0.8769449539945668,,0.017824627179650387,,-0.017824627179650387,
db10,db10_able_to_amputee,agency_vs_plain_conf_iso_budget,0.10,agency_margin_tau_0.10,plain_conf_threshold_matched_tau_0.10,plain_conf_threshold_iso_budget_curve,active_risk_coverage_auc,db10_able_to_amputee|S109,S109,ex1,0.5507142857142857,0.535,0.01571428571428568,0.01571428571428568,False,True,5,0.1985143237830849,0.0887469082048251,0.08658598553100127,0.1097674155782598,0.11192833825208362,-0.1097674155782598,-0.11192833825208362
db10,db10_able_to_amputee,agency_vs_plain_conf_iso_budget,0.10,agency_margin_tau_0.10,plain_conf_threshold_matched_tau_0.10,plain_conf_threshold_iso_budget_curve,active_risk_coverage_auc,db10_able_to_amputee|S110,S110,ex1,0.36,0.3954761904761905,-0.035476190476190494,0.035476190476190494,False,True,5,0.4875578762291592,0.4218757285490614,0.43773556114929374,0.06568214768009778,0.049822315079865453,-0.06568214768009778,-0.049822315079865453
db10,db10_able_to_amputee,agency_vs_plain_conf_iso_budget,0.10,agency_margin_tau_0.10,plain_conf_threshold_matched_tau_0.10,plain_conf_threshold_iso_budget_curve,active_risk_coverage_auc,db10_able_to_amputee|S111,S111,ex1,0.5092857142857142,0.5788095238095238,-0.06952380952380954,0.06952380952380954,False,True,5,0.17666861188307625,0.12235536649083588,0.1459197141429116,0.054313245392240375,0.03074889774016465,-0.054313245392240375,-0.03074889774016465
db10,db10_able_to_amputee,agency_vs_plain_conf_iso_budget,0.10,agency_margin_tau_0.10,plain_conf_threshold_matched_tau_0.10,plain_conf_threshold_iso_budget_curve,active_risk_coverage_auc,db10_able_to_amputee|S112,S112,ex1,0.6159523809523809,0.5380952380952381,0.07785714285714285,0.010714285714285787,False,True,5,0.1987960997083333,0.10135330655642574,0.08968729291430298,0.09744279315190757,0.10910880679403033,-0.09744279315190757,-0.10910880679403033
db10,db10_able_to_amputee,agency_vs_plain_conf_iso_budget,0.10,agency_margin_tau_0.10,plain_conf_threshold_matched_tau_0.10,plain_conf_threshold_iso_budget_curve,active_risk_coverage_auc,db10_able_to_amputee|S113,S113,ex1,0.7209523809523809,0.5526190476190476,0.16833333333333333,0.0473809523809523,True,False,5,0.21591182800676953,0.1449570472061574,,0.07095478080061213,,-0.07095478080061213,
db10,db10_able_to_amputee,agency_vs_plain_conf_iso_budget,0.10,agency_margin_tau_0.10,plain_conf_threshold_matched_tau_0.10,plain_conf_threshold_iso_budget_curve,active_risk_coverage_auc,db10_able_to_amputee|S114,S114,ex1,0.33380952380952383,0.43,-0.09619047619047616,0.020238095238095277,False,True,5,0.4029568666934611,0.2186608857801816,0.2616703780015732,0.18429598091327948,0.14128648869188787,-0.18429598091327948,-0.14128648869188787
db10,db10_able_to_amputee,agency_vs_plain_conf_iso_budget,0.10,agency_margin_tau_0.10,plain_conf_threshold_matched_tau_0.10,plain_conf_threshold_iso_budget_curve,active_risk_coverage_auc,db10_able_to_amputee|S115,S115,ex1,0.6295238095238095,0.59,0.03952380952380952,0.002619047619047632,False,True,5,0.9736790908694966,0.9714044276270161,0.9692496034882134,0.0022746632424804902,0.004429487381283126,-0.0022746632424804902,-0.004429487381283126
db10,db10_able_to_amputee,agency_vs_plain_conf_iso_budget,0.15,agency_margin_tau_0.15,plain_conf_threshold_matched_tau_0.15,plain_conf_threshold_iso_budget_curve,active_risk_coverage_auc,db10_able_to_amputee|S101,S101,ex1,0.6357142857142857,0.6557142857142857,-0.020000000000000018,0.020000000000000018,False,True,5,0.09396027149491644,0.06213105801456793,0.06399956259277029,0.031829213480348506,0.029960708902146152,-0.031829213480348506,-0.029960708902146152
db10,db10_able_to_amputee,agency_vs_plain_conf_iso_budget,0.15,agency_margin_tau_0.15,plain_conf_threshold_matched_tau_0.15,plain_conf_threshold_iso_budget_curve,active_risk_coverage_auc,db10_able_to_amputee|S102,S102,ex1,0.7626190476190476,0.6226190476190476,0.14,0.1138095238095238,True,False,5,0.08696864414415026,0.08193047014976193,,0.005038173994388329,,-0.005038173994388329,
db10,db10_able_to_amputee,agency_vs_plain_conf_iso_budget,0.15,agency_margin_tau_0.15,plain_conf_threshold_matched_tau_0.15,plain_conf_threshold_iso_budget_curve,active_risk_coverage_auc,db10_able_to_amputee|S103,S103,ex1,0.5264285714285715,0.6457142857142857,-0.11928571428571422,0.03738095238095229,False,True,5,0.19444214895172293,0.045079853326532596,0.06204441837773707,0.14936229562519032,0.13239773057398585,-0.14936229562519032,-0.13239773057398585
db10,db10_able_to_amputee,agency_vs_plain_conf_iso_budget,0.15,agency_margin_tau_0.15,plain_conf_threshold_matched_tau_0.15,plain_conf_threshold_iso_budget_curve,active_risk_coverage_auc,db10_able_to_amputee|S104,S104,ex1,0.6707142857142857,0.6404761904761904,0.030238095238095286,0.005714285714285672,True,False,5,0.1282912950453852,0.06741840041382471,,0.06087289463156048,,-0.06087289463156048,
db10,db10_able_to_amputee,agency_vs_plain_conf_iso_budget,0.15,agency_margin_tau_0.15,plain_conf_threshold_matched_tau_0.15,plain_conf_threshold_iso_budget_curve,active_risk_coverage_auc,db10_able_to_amputee|S105,S105,ex1,0.5995238095238096,0.7004761904761905,-0.1009523809523809,0.01261904761904753,False,True,5,0.17340662001026497,0.12286796519878998,0.14090492360515255,0.05053865481147499,0.03250169640511241,-0.05053865481147499,-0.03250169640511241
db10,db10_able_to_amputee,agency_vs_plain_conf_iso_budget,0.15,agency_margin_tau_0.15,plain_conf_threshold_matched_tau_0.15,plain_conf_threshold_iso_budget_curve,active_risk_coverage_auc,db10_able_to_amputee|S106,S106,ex1,0.6335714285714286,0.7157142857142857,-0.08214285714285718,0.0,False,True,5,0.21905457385492544,0.12698717703428186,0.13180703580203623,0.09206739682064358,0.0872475380528892,-0.09206739682064358,-0.0872475380528892
db10,db10_able_to_amputee,agency_vs_plain_conf_iso_budget,0.15,agency_margin_tau_0.15,plain_conf_threshold_matched_tau_0.15,plain_conf_threshold_iso_budget_curve,active_risk_coverage_auc,db10_able_to_amputee|S107,S107,ex1,0.7421428571428571,0.6788095238095239,0.06333333333333324,0.03523809523809518,True,False,5,0.1332761671421232,0.09733673805736609,,0.03593942908475711,,-0.03593942908475711,
db10,db10_able_to_amputee,agency_vs_plain_conf_iso_budget,0.15,agency_margin_tau_0.15,plain_conf_threshold_matched_tau_0.15,plain_conf_threshold_iso_budget_curve,active_risk_coverage_auc,db10_able_to_amputee|S108,S108,ex1,0.0,0.36214285714285716,-0.36214285714285716,0.005238095238095238,True,False,5,0.8947695811742172,0.8804528406979204,,0.01431674047629683,,-0.01431674047629683,
db10,db10_able_to_amputee,agency_vs_plain_conf_iso_budget,0.15,agency_margin_tau_0.15,plain_conf_threshold_matched_tau_0.15,plain_conf_threshold_iso_budget_curve,active_risk_coverage_auc,db10_able_to_amputee|S109,S109,ex1,0.6645238095238095,0.6135714285714285,0.05095238095238097,0.01571428571428568,True,False,5,0.1193586073172652,0.07794229483570597,,0.041416312481559234,,-0.041416312481559234,
db10,db10_able_to_amputee,agency_vs_plain_conf_iso_budget,0.15,agency_margin_tau_0.15,plain_conf_threshold_matched_tau_0.15,plain_conf_threshold_iso_budget_curve,active_risk_coverage_auc,db10_able_to_amputee|S110,S110,ex1,0.5240476190476191,0.48904761904761906,0.03500000000000003,0.0045238095238095966,True,False,5,0.40206203710502925,0.4046297354689544,,-0.002567698363925175,,0.002567698363925175,
db10,db10_able_to_amputee,agency_vs_plain_conf_iso_budget,0.15,agency_margin_tau_0.15,plain_conf_threshold_matched_tau_0.15,plain_conf_threshold_iso_budget_curve,active_risk_coverage_auc,db10_able_to_amputee|S111,S111,ex1,0.611904761904762,0.6623809523809524,-0.05047619047619045,0.03309523809523818,False,True,5,0.1339219978787952,0.10596806241232194,0.11586580732584031,0.027953935466473248,0.018056190552954876,-0.027953935466473248,-0.018056190552954876
db10,db10_able_to_amputee,agency_vs_plain_conf_iso_budget,0.15,agency_margin_tau_0.15,plain_conf_threshold_matched_tau_0.15,plain_conf_threshold_iso_budget_curve,active_risk_coverage_auc,db10_able_to_amputee|S112,S112,ex1,0.6695238095238095,0.6266666666666667,0.042857142857142816,0.011428571428571455,True,False,5,0.1473810283255854,0.08808187819290993,,0.05929915013267546,,-0.05929915013267546,
db10,db10_able_to_amputee,agency_vs_plain_conf_iso_budget,0.15,agency_margin_tau_0.15,plain_conf_threshold_matched_tau_0.15,plain_conf_threshold_iso_budget_curve,active_risk_coverage_auc,db10_able_to_amputee|S113,S113,ex1,0.78,0.6426190476190476,0.13738095238095238,0.10642857142857143,True,False,5,0.16719827284606228,0.12351720802330855,,0.04368106482275373,,-0.04368106482275373,
db10,db10_able_to_amputee,agency_vs_plain_conf_iso_budget,0.15,agency_margin_tau_0.15,plain_conf_threshold_matched_tau_0.15,plain_conf_threshold_iso_budget_curve,active_risk_coverage_auc,db10_able_to_amputee|S114,S114,ex1,0.4888095238095238,0.49214285714285716,-0.003333333333333355,0.003333333333333355,False,True,5,0.259178110807939,0.20282516467627884,0.20367459032936175,0.05635294613166017,0.05550352047857726,-0.05635294613166017,-0.05550352047857726
db10,db10_able_to_amputee,agency_vs_plain_conf_iso_budget,0.15,agency_margin_tau_0.15,plain_conf_threshold_matched_tau_0.15,plain_conf_threshold_iso_budget_curve,active_risk_coverage_auc,db10_able_to_amputee|S115,S115,ex1,0.6930952380952381,0.6321428571428571,0.06095238095238098,0.04738095238095241,True,False,5,0.9669565112018906,0.969106813936847,,-0.002150302734956311,,0.002150302734956311,
db10,db10_able_to_amputee,agency_vs_plain_conf_iso_budget,0.20,agency_margin_tau_0.20,plain_conf_threshold_matched_tau_0.20,plain_conf_threshold_iso_budget_curve,active_risk_coverage_auc,db10_able_to_amputee|S101,S101,ex1,0.6969047619047619,0.6764285714285714,0.020476190476190537,0.020476190476190537,True,False,5,0.06769853223867117,0.0610531648966829,,0.00664536734198827,,-0.00664536734198827,
db10,db10_able_to_amputee,agency_vs_plain_conf_iso_budget,0.20,agency_margin_tau_0.20,plain_conf_threshold_matched_tau_0.20,plain_conf_threshold_iso_budget_curve,active_risk_coverage_auc,db10_able_to_amputee|S102,S102,ex1,0.8,0.6488095238095238,0.1511904761904762,0.1511904761904762,True,False,5,0.07527523805863813,0.07927996643466238,,-0.0040047283760242525,,0.0040047283760242525,
db10,db10_able_to_amputee,agency_vs_plain_conf_iso_budget,0.20,agency_margin_tau_0.20,plain_conf_threshold_matched_tau_0.20,plain_conf_threshold_iso_budget_curve,active_risk_coverage_auc,db10_able_to_amputee|S103,S103,ex1,0.5685714285714286,0.6728571428571428,-0.1042857142857142,0.004761904761904856,False,True,5,0.15878749668481035,0.04274546173062737,0.052124781283018465,0.11604203495418297,0.10666271540179188,-0.11604203495418297,-0.10666271540179188
db10,db10_able_to_amputee,agency_vs_plain_conf_iso_budget,0.20,agency_margin_tau_0.20,plain_conf_threshold_matched_tau_0.20,plain_conf_threshold_iso_budget_curve,active_risk_coverage_auc,db10_able_to_amputee|S104,S104,ex1,0.7197619047619047,0.665,0.05476190476190468,0.05476190476190468,True,False,5,0.09629661973388545,0.0662702623318002,,0.030026357402085257,,-0.030026357402085257,
db10,db10_able_to_amputee,agency_vs_plain_conf_iso_budget,0.20,agency_margin_tau_0.20,plain_conf_threshold_matched_tau_0.20,plain_conf_threshold_iso_budget_curve,active_risk_coverage_auc,db10_able_to_amputee|S105,S105,ex1,0.7119047619047619,0.7314285714285714,-0.0195238095238095,0.011428571428571455,False,True,5,0.14162042090399377,0.11861019055606478,0.12129586379224529,0.023010230347928984,0.02032455711174848,-0.023010230347928984,-0.02032455711174848
db10,db10_able_to_amputee,agency_vs_plain_conf_iso_budget,0.20,agency_margin_tau_0.20,plain_conf_threshold_matched_tau_0.20,plain_conf_threshold_iso_budget_curve,active_risk_coverage_auc,db10_able_to_amputee|S106,S106,ex1,0.7057142857142857,0.7459523809523809,-0.040238095238095184,0.010000000000000009,False,True,5,0.19074216677620026,0.12571472904877934,0.12757394244948675,0.06502743772742092,0.06316822432671351,-0.06502743772742092,-0.06316822432671351
db10,db10_able_to_amputee,agency_vs_plain_conf_iso_budget,0.20,agency_margin_tau_0.20,plain_conf_threshold_matched_tau_0.20,plain_conf_threshold_iso_budget_curve,active_risk_coverage_auc,db10_able_to_amputee|S107,S107,ex1,0.7828571428571428,0.7069047619047619,0.07595238095238088,0.07595238095238088,True,False,5,0.11300058961379422,0.09542164707340184,,0.017578942540392384,,-0.017578942540392384,
db10,db10_able_to_amputee,agency_vs_plain_conf_iso_budget,0.20,agency_margin_tau_0.20,plain_conf_threshold_matched_tau_0.20,plain_conf_threshold_iso_budget_curve,active_risk_coverage_auc,db10_able_to_amputee|S108,S108,ex1,0.0007142857142857143,0.4207142857142857,-0.42,0.004523809523809524,True,False,5,0.8908664258862793,0.8831040659681427,,0.007762359918136563,,-0.007762359918136563,
db10,db10_able_to_amputee,agency_vs_plain_conf_iso_budget,0.20,agency_margin_tau_0.20,plain_conf_threshold_matched_tau_0.20,plain_conf_threshold_iso_budget_curve,active_risk_coverage_auc,db10_able_to_amputee|S109,S109,ex1,0.7242857142857143,0.6488095238095238,0.07547619047619047,0.07547619047619047,True,False,5,0.08817860393873354,0.07518849094266582,,0.012990112996067726,,-0.012990112996067726,
db10,db10_able_to_amputee,agency_vs_plain_conf_iso_budget,0.20,agency_margin_tau_0.20,plain_conf_threshold_matched_tau_0.20,plain_conf_threshold_iso_budget_curve,active_risk_coverage_auc,db10_able_to_amputee|S110,S110,ex1,0.6033333333333334,0.5195238095238095,0.08380952380952389,0.08380952380952389,True,False,5,0.391004428105673,0.4012937452419792,,-0.010289317136306209,,0.010289317136306209,
db10,db10_able_to_amputee,agency_vs_plain_conf_iso_budget,0.20,agency_margin_tau_0.20,plain_conf_threshold_matched_tau_0.20,plain_conf_threshold_iso_budget_curve,active_risk_coverage_auc,db10_able_to_amputee|S111,S111,ex1,0.6783333333333333,0.6921428571428572,-0.013809523809523827,0.013809523809523827,False,True,5,0.11507386030757434,0.10295357010598044,0.1043522945361229,0.0121202902015939,0.010721565771451447,-0.0121202902015939,-0.010721565771451447
db10,db10_able_to_amputee,agency_vs_plain_conf_iso_budget,0.20,agency_margin_tau_0.20,plain_conf_threshold_matched_tau_0.20,plain_conf_threshold_iso_budget_curve,active_risk_coverage_auc,db10_able_to_amputee|S112,S112,ex1,0.7030952380952381,0.6580952380952381,0.04500000000000004,0.04500000000000004,True,False,5,0.1281974146240197,0.08515806463358738,,0.043039349990432324,,-0.043039349990432324,
db10,db10_able_to_amputee,agency_vs_plain_conf_iso_budget,0.20,agency_margin_tau_0.20,plain_conf_threshold_matched_tau_0.20,plain_conf_threshold_iso_budget_curve,active_risk_coverage_auc,db10_able_to_amputee|S113,S113,ex1,0.8121428571428572,0.6735714285714286,0.13857142857142857,0.13857142857142857,True,False,5,0.14229760960875787,0.1181318205769609,,0.024165789031796975,,-0.024165789031796975,
db10,db10_able_to_amputee,agency_vs_plain_conf_iso_budget,0.20,agency_margin_tau_0.20,plain_conf_threshold_matched_tau_0.20,plain_conf_threshold_iso_budget_curve,active_risk_coverage_auc,db10_able_to_amputee|S114,S114,ex1,0.5923809523809523,0.5157142857142857,0.07666666666666666,0.07666666666666666,True,False,5,0.20782037526545807,0.1992278225710059,,0.008592552694452166,,-0.008592552694452166,
db10,db10_able_to_amputee,agency_vs_plain_conf_iso_budget,0.20,agency_margin_tau_0.20,plain_conf_threshold_matched_tau_0.20,plain_conf_threshold_iso_budget_curve,active_risk_coverage_auc,db10_able_to_amputee|S115,S115,ex1,0.7014285714285714,0.6457142857142857,0.055714285714285716,0.055714285714285716,True,False,5,0.9673099746293352,0.9685775483426454,,-0.0012675737133102105,,0.0012675737133102105,
db10,db10_able_to_amputee,agency_vs_plain_conf_iso_budget,0.02,agency_margin_tau_0.02,plain_conf_threshold_matched_tau_0.02,plain_conf_threshold_iso_budget_curve,ece,db10_able_to_amputee|S101,S101,ex1,0.23,0.295,-0.06499999999999997,0.06499999999999997,True,False,5,0.15563462406409762,0.11330495711544913,,0.04232966694864848,,-0.04232966694864848,
db10,db10_able_to_amputee,agency_vs_plain_conf_iso_budget,0.02,agency_margin_tau_0.02,plain_conf_threshold_matched_tau_0.02,plain_conf_threshold_iso_budget_curve,ece,db10_able_to_amputee|S102,S102,ex1,0.27476190476190476,0.1980952380952381,0.07666666666666666,0.07666666666666666,False,True,5,0.193818537615844,0.08614025144289018,0.08408748982497517,0.10767828617295382,0.10973104779086883,-0.10767828617295382,-0.10973104779086883
db10,db10_able_to_amputee,agency_vs_plain_conf_iso_budget,0.02,agency_margin_tau_0.02,plain_conf_threshold_matched_tau_0.02,plain_conf_threshold_iso_budget_curve,ece,db10_able_to_amputee|S103,S103,ex1,0.1711904761904762,0.2342857142857143,-0.0630952380952381,0.0630952380952381,True,False,5,0.2239672461671085,0.18843194502428884,,0.035535301142819664,,-0.035535301142819664,
db10,db10_able_to_amputee,agency_vs_plain_conf_iso_budget,0.02,agency_margin_tau_0.02,plain_conf_threshold_matched_tau_0.02,plain_conf_threshold_iso_budget_curve,ece,db10_able_to_amputee|S104,S104,ex1,0.24952380952380954,0.25452380952380954,-0.0050000000000000044,0.0050000000000000044,True,False,5,0.1648706119454141,0.16188089106846323,,0.0029897208769508743,,-0.0029897208769508743,
db10,db10_able_to_amputee,agency_vs_plain_conf_iso_budget,0.02,agency_margin_tau_0.02,plain_conf_threshold_matched_tau_0.02,plain_conf_threshold_iso_budget_curve,ece,db10_able_to_amputee|S105,S105,ex1,0.11738095238095238,0.20452380952380952,-0.08714285714285715,0.08714285714285715,True,False,5,0.26437349838960533,0.12144351859573764,,0.14292997979386768,,-0.14292997979386768,
db10,db10_able_to_amputee,agency_vs_plain_conf_iso_budget,0.02,agency_margin_tau_0.02,plain_conf_threshold_matched_tau_0.02,plain_conf_threshold_iso_budget_curve,ece,db10_able_to_amputee|S106,S106,ex1,0.11166666666666666,0.23761904761904762,-0.12595238095238095,0.12595238095238095,True,False,5,0.21165299211494193,0.1259170653128164,,0.08573592680212552,,-0.08573592680212552,
db10,db10_able_to_amputee,agency_vs_plain_conf_iso_budget,0.02,agency_margin_tau_0.02,plain_conf_threshold_matched_tau_0.02,plain_conf_threshold_iso_budget_curve,ece,db10_able_to_amputee|S107,S107,ex1,0.20404761904761906,0.23,-0.02595238095238095,0.02595238095238095,True,False,5,0.19122869433252793,0.13771324299416726,,0.053515451338360664,,-0.053515451338360664,
db10,db10_able_to_amputee,agency_vs_plain_conf_iso_budget,0.02,agency_margin_tau_0.02,plain_conf_threshold_matched_tau_0.02,plain_conf_threshold_iso_budget_curve,ece,db10_able_to_amputee|S108,S108,ex1,0.0,0.005238095238095238,-0.005238095238095238,0.005238095238095238,True,False,5,0.38140148629993925,0.37973613915356225,,0.0016653471463770053,,-0.0016653471463770053,
db10,db10_able_to_amputee,agency_vs_plain_conf_iso_budget,0.02,agency_margin_tau_0.02,plain_conf_threshold_matched_tau_0.02,plain_conf_threshold_iso_budget_curve,ece,db10_able_to_amputee|S109,S109,ex1,0.17476190476190476,0.2030952380952381,-0.02833333333333335,0.02833333333333335,True,False,5,0.17957282866151947,0.11538998607390837,,0.0641828425876111,,-0.0641828425876111,
db10,db10_able_to_amputee,agency_vs_plain_conf_iso_budget,0.02,agency_margin_tau_0.02,plain_conf_threshold_matched_tau_0.02,plain_conf_threshold_iso_budget_curve,ece,db10_able_to_amputee|S110,S110,ex1,0.06333333333333334,0.06357142857142857,-0.0002380952380952317,0.0002380952380952317,True,False,5,0.23547702223342504,0.1952689910177768,,0.04020803121564823,,-0.04020803121564823,
db10,db10_able_to_amputee,agency_vs_plain_conf_iso_budget,0.02,agency_margin_tau_0.02,plain_conf_threshold_matched_tau_0.02,plain_conf_threshold_iso_budget_curve,ece,db10_able_to_amputee|S111,S111,ex1,0.1473809523809524,0.2342857142857143,-0.0869047619047619,0.0869047619047619,True,False,5,0.26495260929833564,0.139518942715626,,0.12543366658270963,,-0.12543366658270963,
db10,db10_able_to_amputee,agency_vs_plain_conf_iso_budget,0.02,agency_margin_tau_0.02,plain_conf_threshold_matched_tau_0.02,plain_conf_threshold_iso_budget_curve,ece,db10_able_to_amputee|S112,S112,ex1,0.24095238095238095,0.15904761904761905,0.0819047619047619,0.0819047619047619,False,True,5,0.19194808545097838,0.23963884670713703,0.23313993501096825,-0.04769076125615865,-0.04119184955998986,0.04769076125615865,0.04119184955998986
db10,db10_able_to_amputee,agency_vs_plain_conf_iso_budget,0.02,agency_margin_tau_0.02,plain_conf_threshold_matched_tau_0.02,plain_conf_threshold_iso_budget_curve,ece,db10_able_to_amputee|S113,S113,ex1,0.19404761904761905,0.11666666666666667,0.07738095238095238,0.07738095238095238,False,True,5,0.24165986631483627,0.2922489195565505,0.2954883987310172,-0.050589053241714255,-0.05382853241618091,0.050589053241714255,0.05382853241618091
db10,db10_able_to_amputee,agency_vs_plain_conf_iso_budget,0.02,agency_margin_tau_0.02,plain_conf_threshold_matched_tau_0.02,plain_conf_threshold_iso_budget_curve,ece,db10_able_to_amputee|S114,S114,ex1,0.06690476190476191,0.16333333333333333,-0.09642857142857142,0.09642857142857142,True,False,5,0.1787484855571537,0.09810020087389937,,0.08064828468325433,,-0.08064828468325433,
db10,db10_able_to_amputee,agency_vs_plain_conf_iso_budget,0.02,agency_margin_tau_0.02,plain_conf_threshold_matched_tau_0.02,plain_conf_threshold_iso_budget_curve,ece,db10_able_to_amputee|S115,S115,ex1,0.20714285714285716,0.2538095238095238,-0.04666666666666666,0.04666666666666666,True,False,5,0.3844257259411085,0.17226388110309926,,0.21216184483800926,,-0.21216184483800926,
db10,db10_able_to_amputee,agency_vs_plain_conf_iso_budget,0.05,agency_margin_tau_0.05,plain_conf_threshold_matched_tau_0.05,plain_conf_threshold_iso_budget_curve,ece,db10_able_to_amputee|S101,S101,ex1,0.4154761904761905,0.4711904761904762,-0.055714285714285716,0.055714285714285716,False,True,5,0.12728547614112937,0.09393759462055504,0.1000618687067783,0.03334788152057433,0.027223607434351066,-0.03334788152057433,-0.027223607434351066
db10,db10_able_to_amputee,agency_vs_plain_conf_iso_budget,0.05,agency_margin_tau_0.05,plain_conf_threshold_matched_tau_0.05,plain_conf_threshold_iso_budget_curve,ece,db10_able_to_amputee|S102,S102,ex1,0.51,0.38666666666666666,0.12333333333333335,0.030714285714285694,False,True,5,0.1527168460272757,0.08109122286714893,0.07249704564799686,0.07162562316012677,0.08021980037927884,-0.07162562316012677,-0.08021980037927884
db10,db10_able_to_amputee,agency_vs_plain_conf_iso_budget,0.05,agency_margin_tau_0.05,plain_conf_threshold_matched_tau_0.05,plain_conf_threshold_iso_budget_curve,ece,db10_able_to_amputee|S103,S103,ex1,0.33214285714285713,0.4247619047619048,-0.09261904761904766,0.09261904761904766,False,True,5,0.20245200536436375,0.1513627817089288,0.16938766237102262,0.051089223655434945,0.03306434299334113,-0.051089223655434945,-0.03306434299334113
db10,db10_able_to_amputee,agency_vs_plain_conf_iso_budget,0.05,agency_margin_tau_0.05,plain_conf_threshold_matched_tau_0.05,plain_conf_threshold_iso_budget_curve,ece,db10_able_to_amputee|S104,S104,ex1,0.46,0.4278571428571429,0.03214285714285714,0.03214285714285714,False,True,5,0.15118968537587033,0.14427324346421438,0.13933699675674188,0.006916441911655941,0.011852688619128443,-0.006916441911655941,-0.011852688619128443
db10,db10_able_to_amputee,agency_vs_plain_conf_iso_budget,0.05,agency_margin_tau_0.05,plain_conf_threshold_matched_tau_0.05,plain_conf_threshold_iso_budget_curve,ece,db10_able_to_amputee|S105,S105,ex1,0.27,0.4319047619047619,-0.16190476190476188,0.0654761904761905,False,True,5,0.21367305017876947,0.10743326441394167,0.11740915220830948,0.1062397857648278,0.09626389797045999,-0.1062397857648278,-0.09626389797045999
db10,db10_able_to_amputee,agency_vs_plain_conf_iso_budget,0.05,agency_margin_tau_0.05,plain_conf_threshold_matched_tau_0.05,plain_conf_threshold_iso_budget_curve,ece,db10_able_to_amputee|S106,S106,ex1,0.27904761904761904,0.47619047619047616,-0.19714285714285712,0.041428571428571426,False,True,5,0.21418624890817928,0.14177772143081402,0.12867131098600162,0.07240852747736526,0.08551493792217765,-0.07240852747736526,-0.08551493792217765
db10,db10_able_to_amputee,agency_vs_plain_conf_iso_budget,0.05,agency_margin_tau_0.05,plain_conf_threshold_matched_tau_0.05,plain_conf_threshold_iso_budget_curve,ece,db10_able_to_amputee|S107,S107,ex1,0.43523809523809526,0.46214285714285713,-0.026904761904761876,0.026904761904761876,False,True,5,0.19338679687531274,0.186545934222094,0.1808863505208061,0.006840862653218732,0.012500446354506645,-0.006840862653218732,-0.012500446354506645
db10,db10_able_to_amputee,agency_vs_plain_conf_iso_budget,0.05,agency_margin_tau_0.05,plain_conf_threshold_matched_tau_0.05,plain_conf_threshold_iso_budget_curve,ece,db10_able_to_amputee|S108,S108,ex1,0.0,0.04476190476190476,-0.04476190476190476,0.005238095238095238,True,False,5,0.38140148629993925,0.36648892256899196,,0.014912563730947292,,-0.014912563730947292,
db10,db10_able_to_amputee,agency_vs_plain_conf_iso_budget,0.05,agency_margin_tau_0.05,plain_conf_threshold_matched_tau_0.05,plain_conf_threshold_iso_budget_curve,ece,db10_able_to_amputee|S109,S109,ex1,0.35619047619047617,0.39380952380952383,-0.03761904761904766,0.03761904761904766,False,True,5,0.16850308219311852,0.11614235283715132,0.11599394591006969,0.052360729355967195,0.05250913628304883,-0.052360729355967195,-0.05250913628304883
db10,db10_able_to_amputee,agency_vs_plain_conf_iso_budget,0.05,agency_margin_tau_0.05,plain_conf_threshold_matched_tau_0.05,plain_conf_threshold_iso_budget_curve,ece,db10_able_to_amputee|S110,S110,ex1,0.15904761904761905,0.22023809523809523,-0.061190476190476184,0.061190476190476184,False,True,5,0.2342089795834914,0.19582348907750816,0.19560691460736992,0.03838549050598325,0.03860206497612148,-0.03838549050598325,-0.03860206497612148
db10,db10_able_to_amputee,agency_vs_plain_conf_iso_budget,0.05,agency_margin_tau_0.05,plain_conf_threshold_matched_tau_0.05,plain_conf_threshold_iso_budget_curve,ece,db10_able_to_amputee|S111,S111,ex1,0.3433333333333333,0.42238095238095236,-0.07904761904761903,0.07904761904761903,False,True,5,0.19478477773222683,0.11498420782620178,0.12529500780504843,0.07980056990602505,0.0694897699271784,-0.07980056990602505,-0.0694897699271784
db10,db10_able_to_amputee,agency_vs_plain_conf_iso_budget,0.05,agency_margin_tau_0.05,plain_conf_threshold_matched_tau_0.05,plain_conf_threshold_iso_budget_curve,ece,db10_able_to_amputee|S112,S112,ex1,0.4711904761904762,0.3742857142857143,0.09690476190476194,0.06690476190476186,False,True,5,0.18948496715296462,0.2225603113195307,0.200233504263664,-0.03307534416656607,-0.010748537110699369,0.03307534416656607,0.010748537110699369
db10,db10_able_to_amputee,agency_vs_plain_conf_iso_budget,0.05,agency_margin_tau_0.05,plain_conf_threshold_matched_tau_0.05,plain_conf_threshold_iso_budget_curve,ece,db10_able_to_amputee|S113,S113,ex1,0.5102380952380953,0.35523809523809524,0.15500000000000003,0.0423809523809523,False,True,5,0.2639244878620594,0.3022364830421369,0.2917110114591123,-0.038311995180077496,-0.027786523597052915,0.038311995180077496,0.027786523597052915
db10,db10_able_to_amputee,agency_vs_plain_conf_iso_budget,0.05,agency_margin_tau_0.05,plain_conf_threshold_matched_tau_0.05,plain_conf_threshold_iso_budget_curve,ece,db10_able_to_amputee|S114,S114,ex1,0.18404761904761904,0.31357142857142856,-0.1295238095238095,0.020714285714285713,False,True,5,0.16797356744940178,0.058935315119889496,0.09270028794109611,0.10903825232951228,0.07527327950830567,-0.10903825232951228,-0.07527327950830567
db10,db10_able_to_amputee,agency_vs_plain_conf_iso_budget,0.05,agency_margin_tau_0.05,plain_conf_threshold_matched_tau_0.05,plain_conf_threshold_iso_budget_curve,ece,db10_able_to_amputee|S115,S115,ex1,0.48857142857142855,0.4895238095238095,-0.0009523809523809823,0.0009523809523809823,False,True,5,0.36653723154279655,0.2464348742546124,0.24613519347420226,0.12010235728818414,0.12040203806859429,-0.12010235728818414,-0.12040203806859429
db10,db10_able_to_amputee,agency_vs_plain_conf_iso_budget,0.10,agency_margin_tau_0.10,plain_conf_threshold_matched_tau_0.10,plain_conf_threshold_iso_budget_curve,ece,db10_able_to_amputee|S101,S101,ex1,0.5530952380952381,0.5911904761904762,-0.03809523809523807,0.03809523809523807,False,True,5,0.07984657067407726,0.07594789323969924,0.08165890955108203,0.003898677434378023,-0.001812338877004771,-0.003898677434378023,0.001812338877004771
db10,db10_able_to_amputee,agency_vs_plain_conf_iso_budget,0.10,agency_margin_tau_0.10,plain_conf_threshold_matched_tau_0.10,plain_conf_threshold_iso_budget_curve,ece,db10_able_to_amputee|S102,S102,ex1,0.6845238095238095,0.5407142857142857,0.14380952380952383,0.0357142857142857,True,False,5,0.09626756483267636,0.07035679688106516,,0.025910767951611194,,-0.025910767951611194,
db10,db10_able_to_amputee,agency_vs_plain_conf_iso_budget,0.10,agency_margin_tau_0.10,plain_conf_threshold_matched_tau_0.10,plain_conf_threshold_iso_budget_curve,ece,db10_able_to_amputee|S103,S103,ex1,0.47214285714285714,0.5638095238095238,-0.09166666666666662,0.04738095238095236,False,True,5,0.1846899488041489,0.12373094336592472,0.14194713816396679,0.06095900543822419,0.04274281064018212,-0.06095900543822419,-0.04274281064018212
db10,db10_able_to_amputee,agency_vs_plain_conf_iso_budget,0.10,agency_margin_tau_0.10,plain_conf_threshold_matched_tau_0.10,plain_conf_threshold_iso_budget_curve,ece,db10_able_to_amputee|S104,S104,ex1,0.6035714285714285,0.5735714285714286,0.029999999999999916,0.029999999999999916,False,True,5,0.12936570574448655,0.1218955917236724,0.11507351705766966,0.007470114020814156,0.014292188686816892,-0.007470114020814156,-0.014292188686816892
db10,db10_able_to_amputee,agency_vs_plain_conf_iso_budget,0.10,agency_margin_tau_0.10,plain_conf_threshold_matched_tau_0.10,plain_conf_threshold_iso_budget_curve,ece,db10_able_to_amputee|S105,S105,ex1,0.4607142857142857,0.6121428571428571,-0.1514285714285714,0.028809523809523785,False,True,5,0.1627633177512684,0.08177374394432417,0.10333180869819039,0.08098957380694423,0.05943150905307801,-0.08098957380694423,-0.05943150905307801
db10,db10_able_to_amputee,agency_vs_plain_conf_iso_budget,0.10,agency_margin_tau_0.10,plain_conf_threshold_matched_tau_0.10,plain_conf_threshold_iso_budget_curve,ece,db10_able_to_amputee|S106,S106,ex1,0.5161904761904762,0.6335714285714286,-0.11738095238095236,0.040000000000000036,False,True,5,0.20719930493182456,0.14370288660309868,0.14226702211000286,0.06349641832872588,0.0649322828218217,-0.06349641832872588,-0.0649322828218217
db10,db10_able_to_amputee,agency_vs_plain_conf_iso_budget,0.10,agency_margin_tau_0.10,plain_conf_threshold_matched_tau_0.10,plain_conf_threshold_iso_budget_curve,ece,db10_able_to_amputee|S107,S107,ex1,0.6466666666666666,0.6030952380952381,0.04357142857142848,0.03214285714285725,False,True,5,0.21457316634987011,0.2032385955140917,0.20261689060957047,0.011334570835778407,0.011956275740299643,-0.011334570835778407,-0.011956275740299643
db10,db10_able_to_amputee,agency_vs_plain_conf_iso_budget,0.10,agency_margin_tau_0.10,plain_conf_threshold_matched_tau_0.10,plain_conf_threshold_iso_budget_curve,ece,db10_able_to_amputee|S108,S108,ex1,0.0,0.22285714285714286,-0.22285714285714286,0.005238095238095238,True,False,5,0.38140148629993925,0.3223975236472234,,0.05900396265271585,,-0.05900396265271585,
db10,db10_able_to_amputee,agency_vs_plain_conf_iso_budget,0.10,agency_margin_tau_0.10,plain_conf_threshold_matched_tau_0.10,plain_conf_threshold_iso_budget_curve,ece,db10_able_to_amputee|S109,S109,ex1,0.5507142857142857,0.535,0.01571428571428568,0.01571428571428568,False,True,5,0.1503376664478655,0.10664695848764366,0.10487149646352788,0.04369070796022184,0.045466169984337626,-0.04369070796022184,-0.045466169984337626
db10,db10_able_to_amputee,agency_vs_plain_conf_iso_budget,0.10,agency_margin_tau_0.10,plain_conf_threshold_matched_tau_0.10,plain_conf_threshold_iso_budget_curve,ece,db10_able_to_amputee|S110,S110,ex1,0.36,0.3954761904761905,-0.035476190476190494,0.035476190476190494,False,True,5,0.2178583861176122,0.19081222377182802,0.19182673264485295,0.02704616234578419,0.026031653472759264,-0.02704616234578419,-0.026031653472759264
db10,db10_able_to_amputee,agency_vs_plain_conf_iso_budget,0.10,agency_margin_tau_0.10,plain_conf_threshold_matched_tau_0.10,plain_conf_threshold_iso_budget_curve,ece,db10_able_to_amputee|S111,S111,ex1,0.5092857142857142,0.5788095238095238,-0.06952380952380954,0.06952380952380954,False,True,5,0.12917314556780085,0.084353404107285,0.0979670946490258,0.04481974146051586,0.031206050918775055,-0.04481974146051586,-0.031206050918775055
db10,db10_able_to_amputee,agency_vs_plain_conf_iso_budget,0.10,agency_margin_tau_0.10,plain_conf_threshold_matched_tau_0.10,plain_conf_threshold_iso_budget_curve,ece,db10_able_to_amputee|S112,S112,ex1,0.6159523809523809,0.5380952380952381,0.07785714285714285,0.010714285714285787,False,True,5,0.1725790986720444,0.18481868170175111,0.15990943530360155,-0.012239583029706708,0.012669663368442857,0.012239583029706708,-0.012669663368442857
db10,db10_able_to_amputee,agency_vs_plain_conf_iso_budget,0.10,agency_margin_tau_0.10,plain_conf_threshold_matched_tau_0.10,plain_conf_threshold_iso_budget_curve,ece,db10_able_to_amputee|S113,S113,ex1,0.7209523809523809,0.5526190476190476,0.16833333333333333,0.0473809523809523,True,False,5,0.2760297136698996,0.2888330791368721,,-0.012803365466972527,,0.012803365466972527,
db10,db10_able_to_amputee,agency_vs_plain_conf_iso_budget,0.10,agency_margin_tau_0.10,plain_conf_threshold_matched_tau_0.10,plain_conf_threshold_iso_budget_curve,ece,db10_able_to_amputee|S114,S114,ex1,0.33380952380952383,0.43,-0.09619047619047616,0.020238095238095277,False,True,5,0.1345752552530305,0.030050279165243575,0.05391439884965451,0.10452497608778691,0.08066085640337597,-0.10452497608778691,-0.08066085640337597
db10,db10_able_to_amputee,agency_vs_plain_conf_iso_budget,0.10,agency_margin_tau_0.10,plain_conf_threshold_matched_tau_0.10,plain_conf_threshold_iso_budget_curve,ece,db10_able_to_amputee|S115,S115,ex1,0.6295238095238095,0.59,0.03952380952380952,0.002619047619047632,False,True,5,0.31177377685872093,0.2650189218181978,0.2695408747740117,0.046754855040523124,0.042232902084709256,-0.046754855040523124,-0.042232902084709256
db10,db10_able_to_amputee,agency_vs_plain_conf_iso_budget,0.15,agency_margin_tau_0.15,plain_conf_threshold_matched_tau_0.15,plain_conf_threshold_iso_budget_curve,ece,db10_able_to_amputee|S101,S101,ex1,0.6357142857142857,0.6557142857142857,-0.020000000000000018,0.020000000000000018,False,True,5,0.05567254586384326,0.056529333258739,0.06254837030080786,-0.0008567873948957389,-0.006875824436964599,0.0008567873948957389,0.006875824436964599
db10,db10_able_to_amputee,agency_vs_plain_conf_iso_budget,0.15,agency_margin_tau_0.15,plain_conf_threshold_matched_tau_0.15,plain_conf_threshold_iso_budget_curve,ece,db10_able_to_amputee|S102,S102,ex1,0.7626190476190476,0.6226190476190476,0.14,0.1138095238095238,True,False,5,0.062283895591685165,0.06475659493332829,,-0.0024726993416431253,,0.0024726993416431253,
db10,db10_able_to_amputee,agency_vs_plain_conf_iso_budget,0.15,agency_margin_tau_0.15,plain_conf_threshold_matched_tau_0.15,plain_conf_threshold_iso_budget_curve,ece,db10_able_to_amputee|S103,S103,ex1,0.5264285714285715,0.6457142857142857,-0.11928571428571422,0.03738095238095229,False,True,5,0.17007253440545905,0.1083422288881327,0.1311593656601912,0.06173030551732635,0.038913168745267845,-0.06173030551732635,-0.038913168745267845
db10,db10_able_to_amputee,agency_vs_plain_conf_iso_budget,0.15,agency_margin_tau_0.15,plain_conf_threshold_matched_tau_0.15,plain_conf_threshold_iso_budget_curve,ece,db10_able_to_amputee|S104,S104,ex1,0.6707142857142857,0.6404761904761904,0.030238095238095286,0.005714285714285672,True,False,5,0.1106080560171312,0.10668128234949167,,0.0039267736676395215,,-0.0039267736676395215,
db10,db10_able_to_amputee,agency_vs_plain_conf_iso_budget,0.15,agency_margin_tau_0.15,plain_conf_threshold_matched_tau_0.15,plain_conf_threshold_iso_budget_curve,ece,db10_able_to_amputee|S105,S105,ex1,0.5995238095238096,0.7004761904761905,-0.1009523809523809,0.01261904761904753,False,True,5,0.12367015921762664,0.07333534821040685,0.08357024934047967,0.05033481100721979,0.04009990987714697,-0.05033481100721979,-0.04009990987714697
db10,db10_able_to_amputee,agency_vs_plain_conf_iso_budget,0.15,agency_margin_tau_0.15,plain_conf_threshold_matched_tau_0.15,plain_conf_threshold_iso_budget_curve,ece,db10_able_to_amputee|S106,S106,ex1,0.6335714285714286,0.7157142857142857,-0.08214285714285718,0.0,False,True,5,0.19094489737299508,0.13412553140440034,0.14370288660309868,0.05681936596859474,0.0472420107698964,-0.05681936596859474,-0.0472420107698964
db10,db10_able_to_amputee,agency_vs_plain_conf_iso_budget,0.15,agency_margin_tau_0.15,plain_conf_threshold_matched_tau_0.15,plain_conf_threshold_iso_budget_curve,ece,db10_able_to_amputee|S107,S107,ex1,0.7421428571428571,0.6788095238095239,0.06333333333333324,0.03523809523809518,True,False,5,0.22300763532696571,0.20215825584394007,,0.02084937948302565,,-0.02084937948302565,
db10,db10_able_to_amputee,agency_vs_plain_conf_iso_budget,0.15,agency_margin_tau_0.15,plain_conf_threshold_matched_tau_0.15,plain_conf_threshold_iso_budget_curve,ece,db10_able_to_amputee|S108,S108,ex1,0.0,0.36214285714285716,-0.36214285714285716,0.005238095238095238,True,False,5,0.38140148629993925,0.2867213386167264,,0.09468014768321287,,-0.09468014768321287,
db10,db10_able_to_amputee,agency_vs_plain_conf_iso_budget,0.15,agency_margin_tau_0.15,plain_conf_threshold_matched_tau_0.15,plain_conf_threshold_iso_budget_curve,ece,db10_able_to_amputee|S109,S109,ex1,0.6645238095238095,0.6135714285714285,0.05095238095238097,0.01571428571428568,True,False,5,0.12415133869076832,0.09776964836706473,,0.02638169032370359,,-0.02638169032370359,
db10,db10_able_to_amputee,agency_vs_plain_conf_iso_budget,0.15,agency_margin_tau_0.15,plain_conf_threshold_matched_tau_0.15,plain_conf_threshold_iso_budget_curve,ece,db10_able_to_amputee|S110,S110,ex1,0.5240476190476191,0.48904761904761906,0.03500000000000003,0.0045238095238095966,True,False,5,0.19951837646572623,0.17898745493994506,,0.020530921525781176,,-0.020530921525781176,
db10,db10_able_to_amputee,agency_vs_plain_conf_iso_budget,0.15,agency_margin_tau_0.15,plain_conf_threshold_matched_tau_0.15,plain_conf_threshold_iso_budget_curve,ece,db10_able_to_amputee|S111,S111,ex1,0.611904761904762,0.6623809523809524,-0.05047619047619045,0.03309523809523818,False,True,5,0.10281826899896745,0.06757319588492833,0.07770825042378761,0.03524507311403913,0.025110018575179846,-0.03524507311403913,-0.025110018575179846
db10,db10_able_to_amputee,agency_vs_plain_conf_iso_budget,0.15,agency_margin_tau_0.15,plain_conf_threshold_matched_tau_0.15,plain_conf_threshold_iso_budget_curve,ece,db10_able_to_amputee|S112,S112,ex1,0.6695238095238095,0.6266666666666667,0.042857142857142816,0.011428571428571455,True,False,5,0.1528424125431622,0.15648155735890204,,-0.0036391448157398476,,0.0036391448157398476,
db10,db10_able_to_amputee,agency_vs_plain_conf_iso_budget,0.15,agency_margin_tau_0.15,plain_conf_threshold_matched_tau_0.15,plain_conf_threshold_iso_budget_curve,ece,db10_able_to_amputee|S113,S113,ex1,0.78,0.6426190476190476,0.13738095238095238,0.10642857142857143,True,False,5,0.25271750390783343,0.26768776490793367,,-0.014970261000100238,,0.014970261000100238,
db10,db10_able_to_amputee,agency_vs_plain_conf_iso_budget,0.15,agency_margin_tau_0.15,plain_conf_threshold_matched_tau_0.15,plain_conf_threshold_iso_budget_curve,ece,db10_able_to_amputee|S114,S114,ex1,0.4888095238095238,0.49214285714285716,-0.003333333333333355,0.003333333333333355,False,True,5,0.07301025721119436,0.021320878019581074,0.02178912175919516,0.05168937919161329,0.0512211354519992,-0.05168937919161329,-0.0512211354519992
db10,db10_able_to_amputee,agency_vs_plain_conf_iso_budget,0.15,agency_margin_tau_0.15,plain_conf_threshold_matched_tau_0.15,plain_conf_threshold_iso_budget_curve,ece,db10_able_to_amputee|S115,S115,ex1,0.6930952380952381,0.6321428571428571,0.06095238095238098,0.04738095238095241,True,False,5,0.28264093209138247,0.2698405222590355,,0.012800409832346982,,-0.012800409832346982,
db10,db10_able_to_amputee,agency_vs_plain_conf_iso_budget,0.20,agency_margin_tau_0.20,plain_conf_threshold_matched_tau_0.20,plain_conf_threshold_iso_budget_curve,ece,db10_able_to_amputee|S101,S101,ex1,0.6969047619047619,0.6764285714285714,0.020476190476190537,0.020476190476190537,True,False,5,0.042326809167419856,0.04996571330768849,,-0.007638904140268632,,0.007638904140268632,
db10,db10_able_to_amputee,agency_vs_plain_conf_iso_budget,0.20,agency_margin_tau_0.20,plain_conf_threshold_matched_tau_0.20,plain_conf_threshold_iso_budget_curve,ece,db10_able_to_amputee|S102,S102,ex1,0.8,0.6488095238095238,0.1511904761904762,0.1511904761904762,True,False,5,0.04917261882001191,0.06236326364569804,,-0.013190644825686132,,0.013190644825686132,
db10,db10_able_to_amputee,agency_vs_plain_conf_iso_budget,0.20,agency_margin_tau_0.20,plain_conf_threshold_matched_tau_0.20,plain_conf_threshold_iso_budget_curve,ece,db10_able_to_amputee|S103,S103,ex1,0.5685714285714286,0.6728571428571428,-0.1042857142857142,0.004761904761904856,False,True,5,0.15749173238704225,0.09722139699892743,0.12283625066372748,0.060270335388114826,0.03465548172331477,-0.060270335388114826,-0.03465548172331477
db10,db10_able_to_amputee,agency_vs_plain_conf_iso_budget,0.20,agency_margin_tau_0.20,plain_conf_threshold_matched_tau_0.20,plain_conf_threshold_iso_budget_curve,ece,db10_able_to_amputee|S104,S104,ex1,0.7197619047619047,0.665,0.05476190476190468,0.05476190476190468,True,False,5,0.09959212020691086,0.10122067957886118,,-0.0016285593719503194,,0.0016285593719503194,
db10,db10_able_to_amputee,agency_vs_plain_conf_iso_budget,0.20,agency_margin_tau_0.20,plain_conf_threshold_matched_tau_0.20,plain_conf_threshold_iso_budget_curve,ece,db10_able_to_amputee|S105,S105,ex1,0.7119047619047619,0.7314285714285714,-0.0195238095238095,0.011428571428571455,False,True,5,0.0940807213749453,0.06933582750239693,0.07185860210283396,0.02474489387254837,0.022222119272111346,-0.02474489387254837,-0.022222119272111346
db10,db10_able_to_amputee,agency_vs_plain_conf_iso_budget,0.20,agency_margin_tau_0.20,plain_conf_threshold_matched_tau_0.20,plain_conf_threshold_iso_budget_curve,ece,db10_able_to_amputee|S106,S106,ex1,0.7057142857142857,0.7459523809523809,-0.040238095238095184,0.010000000000000009,False,True,5,0.17708958681464843,0.13050075248489443,0.13529147029815491,0.046588834329754,0.04179811651649351,-0.046588834329754,-0.04179811651649351
db10,db10_able_to_amputee,agency_vs_plain_conf_iso_budget,0.20,agency_margin_tau_0.20,plain_conf_threshold_matched_tau_0.20,plain_conf_threshold_iso_budget_curve,ece,db10_able_to_amputee|S107,S107,ex1,0.7828571428571428,0.7069047619047619,0.07595238095238088,0.07595238095238088,True,False,5,0.21615938688368694,0.20233588192663532,,0.013823504957051619,,-0.013823504957051619,
db10,db10_able_to_amputee,agency_vs_plain_conf_iso_budget,0.20,agency_margin_tau_0.20,plain_conf_threshold_matched_tau_0.20,plain_conf_threshold_iso_budget_curve,ece,db10_able_to_amputee|S108,S108,ex1,0.0007142857142857143,0.4207142857142857,-0.42,0.004523809523809524,True,False,5,0.38136337529341385,0.26728593484074326,,0.1140774404526706,,-0.1140774404526706,
db10,db10_able_to_amputee,agency_vs_plain_conf_iso_budget,0.20,agency_margin_tau_0.20,plain_conf_threshold_matched_tau_0.20,plain_conf_threshold_iso_budget_curve,ece,db10_able_to_amputee|S109,S109,ex1,0.7242857142857143,0.6488095238095238,0.07547619047619047,0.07547619047619047,True,False,5,0.10157082292145866,0.09149883798915759,,0.010071984932301076,,-0.010071984932301076,
db10,db10_able_to_amputee,agency_vs_plain_conf_iso_budget,0.20,agency_margin_tau_0.20,plain_conf_threshold_matched_tau_0.20,plain_conf_threshold_iso_budget_curve,ece,db10_able_to_amputee|S110,S110,ex1,0.6033333333333334,0.5195238095238095,0.08380952380952389,0.08380952380952389,True,False,5,0.19296813025138582,0.17615819236452862,,0.016809937886857196,,-0.016809937886857196,
db10,db10_able_to_amputee,agency_vs_plain_conf_iso_budget,0.20,agency_margin_tau_0.20,plain_conf_threshold_matched_tau_0.20,plain_conf_threshold_iso_budget_curve,ece,db10_able_to_amputee|S111,S111,ex1,0.6783333333333333,0.6921428571428572,-0.013809523809523827,0.013809523809523827,False,True,5,0.08194137702568854,0.05746360033141119,0.06215445266824315,0.024477776694277358,0.019786924357445397,-0.024477776694277358,-0.019786924357445397
db10,db10_able_to_amputee,agency_vs_plain_conf_iso_budget,0.20,agency_margin_tau_0.20,plain_conf_threshold_matched_tau_0.20,plain_conf_threshold_iso_budget_curve,ece,db10_able_to_amputee|S112,S112,ex1,0.7030952380952381,0.6580952380952381,0.04500000000000004,0.04500000000000004,True,False,5,0.1418388672645997,0.14445977200480373,,-0.0026209047402040164,,0.0026209047402040164,
db10,db10_able_to_amputee,agency_vs_plain_conf_iso_budget,0.20,agency_margin_tau_0.20,plain_conf_threshold_matched_tau_0.20,plain_conf_threshold_iso_budget_curve,ece,db10_able_to_amputee|S113,S113,ex1,0.8121428571428572,0.6735714285714286,0.13857142857142857,0.13857142857142857,True,False,5,0.23639082521424584,0.26009134703874837,,-0.023700521824502524,,0.023700521824502524,
db10,db10_able_to_amputee,agency_vs_plain_conf_iso_budget,0.20,agency_margin_tau_0.20,plain_conf_threshold_matched_tau_0.20,plain_conf_threshold_iso_budget_curve,ece,db10_able_to_amputee|S114,S114,ex1,0.5923809523809523,0.5157142857142857,0.07666666666666666,0.07666666666666666,True,False,5,0.03756740455541136,0.017261892432976884,,0.020305512122434477,,-0.020305512122434477,
db10,db10_able_to_amputee,agency_vs_plain_conf_iso_budget,0.20,agency_margin_tau_0.20,plain_conf_threshold_matched_tau_0.20,plain_conf_threshold_iso_budget_curve,ece,db10_able_to_amputee|S115,S115,ex1,0.7014285714285714,0.6457142857142857,0.055714285714285716,0.055714285714285716,True,False,5,0.2730677155620735,0.2718487920165702,,0.001218923545503292,,-0.001218923545503292,
db10,db10_able_to_amputee,agency_vs_plain_conf_iso_budget,0.02,agency_margin_tau_0.02,plain_conf_threshold_matched_tau_0.02,plain_conf_threshold_iso_budget_curve,mean_ali,db10_able_to_amputee|S101,S101,ex1,0.23,0.295,-0.06499999999999997,0.06499999999999997,True,False,5,0.0022738739949111153,0.02466912904888845,,-0.022395255053977336,,0.022395255053977336,
db10,db10_able_to_amputee,agency_vs_plain_conf_iso_budget,0.02,agency_margin_tau_0.02,plain_conf_threshold_matched_tau_0.02,plain_conf_threshold_iso_budget_curve,mean_ali,db10_able_to_amputee|S102,S102,ex1,0.27476190476190476,0.1980952380952381,0.07666666666666666,0.07666666666666666,False,True,5,0.002759266459839949,0.01072131200582337,0.015387288019603335,-0.00796204554598342,-0.012628021559763386,0.00796204554598342,0.012628021559763386
db10,db10_able_to_amputee,agency_vs_plain_conf_iso_budget,0.02,agency_margin_tau_0.02,plain_conf_threshold_matched_tau_0.02,plain_conf_threshold_iso_budget_curve,mean_ali,db10_able_to_amputee|S103,S103,ex1,0.1711904761904762,0.2342857142857143,-0.0630952380952381,0.0630952380952381,True,False,5,0.0017183899657361443,0.04261159767088465,,-0.0408932077051485,,0.0408932077051485,
db10,db10_able_to_amputee,agency_vs_plain_conf_iso_budget,0.02,agency_margin_tau_0.02,plain_conf_threshold_matched_tau_0.02,plain_conf_threshold_iso_budget_curve,mean_ali,db10_able_to_amputee|S104,S104,ex1,0.24952380952380954,0.25452380952380954,-0.0050000000000000044,0.0050000000000000044,True,False,5,0.0023312600781032963,0.02557690230143898,,-0.023245642223335684,,0.023245642223335684,
db10,db10_able_to_amputee,agency_vs_plain_conf_iso_budget,0.02,agency_margin_tau_0.02,plain_conf_threshold_matched_tau_0.02,plain_conf_threshold_iso_budget_curve,mean_ali,db10_able_to_amputee|S105,S105,ex1,0.11738095238095238,0.20452380952380952,-0.08714285714285715,0.08714285714285715,True,False,5,0.0011744431601605253,0.027515837740438163,,-0.02634139458027764,,0.02634139458027764,
db10,db10_able_to_amputee,agency_vs_plain_conf_iso_budget,0.02,agency_margin_tau_0.02,plain_conf_threshold_matched_tau_0.02,plain_conf_threshold_iso_budget_curve,mean_ali,db10_able_to_amputee|S106,S106,ex1,0.11166666666666666,0.23761904761904762,-0.12595238095238095,0.12595238095238095,True,False,5,0.001176007197109198,0.031245760784315315,,-0.030069753587206118,,0.030069753587206118,
db10,db10_able_to_amputee,agency_vs_plain_conf_iso_budget,0.02,agency_margin_tau_0.02,plain_conf_threshold_matched_tau_0.02,plain_conf_threshold_iso_budget_curve,mean_ali,db10_able_to_amputee|S107,S107,ex1,0.20404761904761906,0.23,-0.02595238095238095,0.02595238095238095,True,False,5,0.002252161626160919,0.023263514998964178,,-0.021011353372803257,,0.021011353372803257,
db10,db10_able_to_amputee,agency_vs_plain_conf_iso_budget,0.02,agency_margin_tau_0.02,plain_conf_threshold_matched_tau_0.02,plain_conf_threshold_iso_budget_curve,mean_ali,db10_able_to_amputee|S108,S108,ex1,0.0,0.005238095238095238,-0.005238095238095238,0.005238095238095238,True,False,5,0.0,0.001998392160778419,,-0.001998392160778419,,0.001998392160778419,
db10,db10_able_to_amputee,agency_vs_plain_conf_iso_budget,0.02,agency_margin_tau_0.02,plain_conf_threshold_matched_tau_0.02,plain_conf_threshold_iso_budget_curve,mean_ali,db10_able_to_amputee|S109,S109,ex1,0.17476190476190476,0.2030952380952381,-0.02833333333333335,0.02833333333333335,True,False,5,0.0017352319164064777,0.018241618766577032,,-0.016506386850170553,,0.016506386850170553,
db10,db10_able_to_amputee,agency_vs_plain_conf_iso_budget,0.02,agency_margin_tau_0.02,plain_conf_threshold_matched_tau_0.02,plain_conf_threshold_iso_budget_curve,mean_ali,db10_able_to_amputee|S110,S110,ex1,0.06333333333333334,0.06357142857142857,-0.0002380952380952317,0.0002380952380952317,True,False,5,0.0006394230477997058,0.009510269563076256,,-0.00887084651527655,,0.00887084651527655,
db10,db10_able_to_amputee,agency_vs_plain_conf_iso_budget,0.02,agency_margin_tau_0.02,plain_conf_threshold_matched_tau_0.02,plain_conf_threshold_iso_budget_curve,mean_ali,db10_able_to_amputee|S111,S111,ex1,0.1473809523809524,0.2342857142857143,-0.0869047619047619,0.0869047619047619,True,False,5,0.0015317559105418618,0.032847166315082645,,-0.031315410404540785,,0.031315410404540785,
db10,db10_able_to_amputee,agency_vs_plain_conf_iso_budget,0.02,agency_margin_tau_0.02,plain_conf_threshold_matched_tau_0.02,plain_conf_threshold_iso_budget_curve,mean_ali,db10_able_to_amputee|S112,S112,ex1,0.24095238095238095,0.15904761904761905,0.0819047619047619,0.0819047619047619,False,True,5,0.0023039202949039165,0.0205954680670213,0.0283543747027021,-0.018291547772117382,-0.026050454407798185,0.018291547772117382,0.026050454407798185
db10,db10_able_to_amputee,agency_vs_plain_conf_iso_budget,0.02,agency_margin_tau_0.02,plain_conf_threshold_matched_tau_0.02,plain_conf_threshold_iso_budget_curve,mean_ali,db10_able_to_amputee|S113,S113,ex1,0.19404761904761905,0.11666666666666667,0.07738095238095238,0.07738095238095238,False,True,5,0.0019186532677132606,0.011191910956347272,0.017168020713321644,-0.009273257688634011,-0.015249367445608383,0.009273257688634011,0.015249367445608383
db10,db10_able_to_amputee,agency_vs_plain_conf_iso_budget,0.02,agency_margin_tau_0.02,plain_conf_threshold_matched_tau_0.02,plain_conf_threshold_iso_budget_curve,mean_ali,db10_able_to_amputee|S114,S114,ex1,0.06690476190476191,0.16333333333333333,-0.09642857142857142,0.09642857142857142,True,False,5,0.0006977233768028848,0.015354544582595917,,-0.014656821205793032,,0.014656821205793032,
db10,db10_able_to_amputee,agency_vs_plain_conf_iso_budget,0.02,agency_margin_tau_0.02,plain_conf_threshold_matched_tau_0.02,plain_conf_threshold_iso_budget_curve,mean_ali,db10_able_to_amputee|S115,S115,ex1,0.20714285714285716,0.2538095238095238,-0.04666666666666666,0.04666666666666666,True,False,5,0.002429249788427935,0.010265573798438676,,-0.007836324010010741,,0.007836324010010741,
db10,db10_able_to_amputee,agency_vs_plain_conf_iso_budget,0.05,agency_margin_tau_0.05,plain_conf_threshold_matched_tau_0.05,plain_conf_threshold_iso_budget_curve,mean_ali,db10_able_to_amputee|S101,S101,ex1,0.4154761904761905,0.4711904761904762,-0.055714285714285716,0.055714285714285716,False,True,5,0.009515312333223187,0.03987228553790214,0.03506480091840322,-0.030356973204678953,-0.025549488585180035,0.030356973204678953,0.025549488585180035
db10,db10_able_to_amputee,agency_vs_plain_conf_iso_budget,0.05,agency_margin_tau_0.05,plain_conf_threshold_matched_tau_0.05,plain_conf_threshold_iso_budget_curve,mean_ali,db10_able_to_amputee|S102,S102,ex1,0.51,0.38666666666666666,0.12333333333333335,0.030714285714285694,False,True,5,0.012054542031470253,0.02219787412667347,0.02980983405733345,-0.010143332095203217,-0.0177552920258632,0.010143332095203217,0.0177552920258632
db10,db10_able_to_amputee,agency_vs_plain_conf_iso_budget,0.05,agency_margin_tau_0.05,plain_conf_threshold_matched_tau_0.05,plain_conf_threshold_iso_budget_curve,mean_ali,db10_able_to_amputee|S103,S103,ex1,0.33214285714285713,0.4247619047619048,-0.09261904761904766,0.09261904761904766,False,True,5,0.00790153203460934,0.06922493504970892,0.05628419974925561,-0.06132340301509958,-0.04838266771464627,0.06132340301509958,0.04838266771464627
db10,db10_able_to_amputee,agency_vs_plain_conf_iso_budget,0.05,agency_margin_tau_0.05,plain_conf_threshold_matched_tau_0.05,plain_conf_threshold_iso_budget_curve,mean_ali,db10_able_to_amputee|S104,S104,ex1,0.46,0.4278571428571429,0.03214285714285714,0.03214285714285714,False,True,5,0.010931634550014845,0.03901853446625721,0.041200819975909894,-0.028086899916242362,-0.03026918542589505,0.028086899916242362,0.03026918542589505
db10,db10_able_to_amputee,agency_vs_plain_conf_iso_budget,0.05,agency_margin_tau_0.05,plain_conf_threshold_matched_tau_0.05,plain_conf_threshold_iso_budget_curve,mean_ali,db10_able_to_amputee|S105,S105,ex1,0.27,0.4319047619047619,-0.16190476190476188,0.0654761904761905,False,True,5,0.007178277766275357,0.05438681934107152,0.03525355495528023,-0.04720854157479616,-0.028075277189004873,0.04720854157479616,0.028075277189004873
db10,db10_able_to_amputee,agency_vs_plain_conf_iso_budget,0.05,agency_margin_tau_0.05,plain_conf_threshold_matched_tau_0.05,plain_conf_threshold_iso_budget_curve,mean_ali,db10_able_to_amputee|S106,S106,ex1,0.27904761904761904,0.47619047619047616,-0.19714285714285712,0.041428571428571426,False,True,5,0.007540588436851167,0.05868423418795246,0.036010525626863084,-0.051143645751101294,-0.028469937190011917,0.051143645751101294,0.028469937190011917
db10,db10_able_to_amputee,agency_vs_plain_conf_iso_budget,0.05,agency_margin_tau_0.05,plain_conf_threshold_matched_tau_0.05,plain_conf_threshold_iso_budget_curve,mean_ali,db10_able_to_amputee|S107,S107,ex1,0.43523809523809526,0.46214285714285713,-0.026904761904761876,0.026904761904761876,False,True,5,0.011448961351676298,0.04168746561305273,0.03955217697777888,-0.030238504261376427,-0.02810321562610258,0.030238504261376427,0.02810321562610258
db10,db10_able_to_amputee,agency_vs_plain_conf_iso_budget,0.05,agency_margin_tau_0.05,plain_conf_threshold_matched_tau_0.05,plain_conf_threshold_iso_budget_curve,mean_ali,db10_able_to_amputee|S108,S108,ex1,0.0,0.04476190476190476,-0.04476190476190476,0.005238095238095238,True,False,5,0.0,0.017102559739944907,,-0.017102559739944907,,0.017102559739944907,
db10,db10_able_to_amputee,agency_vs_plain_conf_iso_budget,0.05,agency_margin_tau_0.05,plain_conf_threshold_matched_tau_0.05,plain_conf_threshold_iso_budget_curve,mean_ali,db10_able_to_amputee|S109,S109,ex1,0.35619047619047617,0.39380952380952383,-0.03761904761904766,0.03761904761904766,False,True,5,0.008845817787309087,0.03395683111303097,0.03085695152409249,-0.02511101332572189,-0.0220111337367834,0.02511101332572189,0.0220111337367834
db10,db10_able_to_amputee,agency_vs_plain_conf_iso_budget,0.05,agency_margin_tau_0.05,plain_conf_threshold_matched_tau_0.05,plain_conf_threshold_iso_budget_curve,mean_ali,db10_able_to_amputee|S110,S110,ex1,0.15904761904761905,0.22023809523809523,-0.061190476190476184,0.061190476190476184,False,True,5,0.004094276305639122,0.029061485961427387,0.021425220590034925,-0.024967209655788265,-0.017330944284395803,0.024967209655788265,0.017330944284395803
db10,db10_able_to_amputee,agency_vs_plain_conf_iso_budget,0.05,agency_margin_tau_0.05,plain_conf_threshold_matched_tau_0.05,plain_conf_threshold_iso_budget_curve,mean_ali,db10_able_to_amputee|S111,S111,ex1,0.3433333333333333,0.42238095238095236,-0.07904761904761903,0.07904761904761903,False,True,5,0.00918303718979749,0.0516306336970301,0.04373682208841421,-0.042447596507232614,-0.03455378489861672,0.042447596507232614,0.03455378489861672
db10,db10_able_to_amputee,agency_vs_plain_conf_iso_budget,0.05,agency_margin_tau_0.05,plain_conf_threshold_matched_tau_0.05,plain_conf_threshold_iso_budget_curve,mean_ali,db10_able_to_amputee|S112,S112,ex1,0.4711904761904762,0.3742857142857143,0.09690476190476194,0.06690476190476186,False,True,5,0.011546697960664752,0.040985152946833636,0.04973741793174513,-0.029438454986168885,-0.03819071997108038,0.029438454986168885,0.03819071997108038
db10,db10_able_to_amputee,agency_vs_plain_conf_iso_budget,0.05,agency_margin_tau_0.05,plain_conf_threshold_matched_tau_0.05,plain_conf_threshold_iso_budget_curve,mean_ali,db10_able_to_amputee|S113,S113,ex1,0.5102380952380953,0.35523809523809524,0.15500000000000003,0.0423809523809523,False,True,5,0.014648325040342667,0.029616717037849797,0.04007972459656113,-0.01496839199750713,-0.025431399556218464,0.01496839199750713,0.025431399556218464
db10,db10_able_to_amputee,agency_vs_plain_conf_iso_budget,0.05,agency_margin_tau_0.05,plain_conf_threshold_matched_tau_0.05,plain_conf_threshold_iso_budget_curve,mean_ali,db10_able_to_amputee|S114,S114,ex1,0.18404761904761904,0.31357142857142856,-0.1295238095238095,0.020714285714285713,False,True,5,0.0049301023446304765,0.03139479184467108,0.01756611591666967,-0.026464689500040606,-0.012636013572039195,0.026464689500040606,0.012636013572039195
db10,db10_able_to_amputee,agency_vs_plain_conf_iso_budget,0.05,agency_margin_tau_0.05,plain_conf_threshold_matched_tau_0.05,plain_conf_threshold_iso_budget_curve,mean_ali,db10_able_to_amputee|S115,S115,ex1,0.48857142857142855,0.4895238095238095,-0.0009523809523809823,0.0009523809523809823,False,True,5,0.011870567368966401,0.01904305351187306,0.019007588947374334,-0.0071724861429066575,-0.007137021578407933,0.0071724861429066575,0.007137021578407933
db10,db10_able_to_amputee,agency_vs_plain_conf_iso_budget,0.10,agency_margin_tau_0.10,plain_conf_threshold_matched_tau_0.10,plain_conf_threshold_iso_budget_curve,mean_ali,db10_able_to_amputee|S101,S101,ex1,0.5530952380952381,0.5911904761904762,-0.03809523809523807,0.03809523809523807,False,True,5,0.021136015613168118,0.049450801936061904,0.04641000307950325,-0.028314786322893786,-0.02527398746633513,0.028314786322893786,0.02527398746633513
db10,db10_able_to_amputee,agency_vs_plain_conf_iso_budget,0.10,agency_margin_tau_0.10,plain_conf_threshold_matched_tau_0.10,plain_conf_threshold_iso_budget_curve,mean_ali,db10_able_to_amputee|S102,S102,ex1,0.6845238095238095,0.5407142857142857,0.14380952380952383,0.0357142857142857,True,False,5,0.02745689126290132,0.031705476588327924,,-0.004248585325426605,,0.004248585325426605,
db10,db10_able_to_amputee,agency_vs_plain_conf_iso_budget,0.10,agency_margin_tau_0.10,plain_conf_threshold_matched_tau_0.10,plain_conf_threshold_iso_budget_curve,mean_ali,db10_able_to_amputee|S103,S103,ex1,0.47214285714285714,0.5638095238095238,-0.09166666666666662,0.04738095238095236,False,True,5,0.020288910821159144,0.08809497611021527,0.07565496616450475,-0.06780606528905612,-0.0553660553433456,0.06780606528905612,0.0553660553433456
db10,db10_able_to_amputee,agency_vs_plain_conf_iso_budget,0.10,agency_margin_tau_0.10,plain_conf_threshold_matched_tau_0.10,plain_conf_threshold_iso_budget_curve,mean_ali,db10_able_to_amputee|S104,S104,ex1,0.6035714285714285,0.5735714285714286,0.029999999999999916,0.029999999999999916,False,True,5,0.023178937680203474,0.04891156211001607,0.05075750598205076,-0.025732624429812598,-0.027578568301847288,0.025732624429812598,0.027578568301847288
db10,db10_able_to_amputee,agency_vs_plain_conf_iso_budget,0.10,agency_margin_tau_0.10,plain_conf_threshold_matched_tau_0.10,plain_conf_threshold_iso_budget_curve,mean_ali,db10_able_to_amputee|S105,S105,ex1,0.4607142857142857,0.6121428571428571,-0.1514285714285714,0.028809523809523785,False,True,5,0.023174757405382718,0.07541764988771187,0.05774841841127427,-0.05224289248232915,-0.03457366100589155,0.05224289248232915,0.03457366100589155
db10,db10_able_to_amputee,agency_vs_plain_conf_iso_budget,0.10,agency_margin_tau_0.10,plain_conf_threshold_matched_tau_0.10,plain_conf_threshold_iso_budget_curve,mean_ali,db10_able_to_amputee|S106,S106,ex1,0.5161904761904762,0.6335714285714286,-0.11738095238095236,0.040000000000000036,False,True,5,0.02709319674476451,0.07660057642957122,0.0632378582372595,-0.0495073796848067,-0.036144661492494984,0.0495073796848067,0.036144661492494984
db10,db10_able_to_amputee,agency_vs_plain_conf_iso_budget,0.10,agency_margin_tau_0.10,plain_conf_threshold_matched_tau_0.10,plain_conf_threshold_iso_budget_curve,mean_ali,db10_able_to_amputee|S107,S107,ex1,0.6466666666666666,0.6030952380952381,0.04357142857142848,0.03214285714285725,False,True,5,0.030789792325266085,0.052848007749153776,0.05578213719549492,-0.02205821542388769,-0.024992344870228837,0.02205821542388769,0.024992344870228837
db10,db10_able_to_amputee,agency_vs_plain_conf_iso_budget,0.10,agency_margin_tau_0.10,plain_conf_threshold_matched_tau_0.10,plain_conf_threshold_iso_budget_curve,mean_ali,db10_able_to_amputee|S108,S108,ex1,0.0,0.22285714285714286,-0.22285714285714286,0.005238095238095238,True,False,5,0.0,0.08203148798264441,,-0.08203148798264441,,0.08203148798264441,
db10,db10_able_to_amputee,agency_vs_plain_conf_iso_budget,0.10,agency_margin_tau_0.10,plain_conf_threshold_matched_tau_0.10,plain_conf_threshold_iso_budget_curve,mean_ali,db10_able_to_amputee|S109,S109,ex1,0.5507142857142857,0.535,0.01571428571428568,0.01571428571428568,False,True,5,0.024752344855492207,0.045672272232264485,0.046968954655965484,-0.020919927376772278,-0.022216609800473276,0.020919927376772278,0.022216609800473276
db10,db10_able_to_amputee,agency_vs_plain_conf_iso_budget,0.10,agency_margin_tau_0.10,plain_conf_threshold_matched_tau_0.10,plain_conf_threshold_iso_budget_curve,mean_ali,db10_able_to_amputee|S110,S110,ex1,0.36,0.3954761904761905,-0.035476190476190494,0.035476190476190494,False,True,5,0.020875262625077867,0.050481641458991686,0.04614522410962065,-0.02960637883391382,-0.025269961484542785,0.02960637883391382,0.025269961484542785
db10,db10_able_to_amputee,agency_vs_plain_conf_iso_budget,0.10,agency_margin_tau_0.10,plain_conf_threshold_matched_tau_0.10,plain_conf_threshold_iso_budget_curve,mean_ali,db10_able_to_amputee|S111,S111,ex1,0.5092857142857142,0.5788095238095238,-0.06952380952380954,0.06952380952380954,False,True,5,0.023083161325836408,0.06752785381418817,0.060462422651006806,-0.04444469248835177,-0.0373792613251704,0.04444469248835177,0.0373792613251704
db10,db10_able_to_amputee,agency_vs_plain_conf_iso_budget,0.10,agency_margin_tau_0.10,plain_conf_threshold_matched_tau_0.10,plain_conf_threshold_iso_budget_curve,mean_ali,db10_able_to_amputee|S112,S112,ex1,0.6159523809523809,0.5380952380952381,0.07785714285714285,0.010714285714285787,False,True,5,0.024424410166965026,0.05578013650855135,0.06204044039791015,-0.03135572634158632,-0.037616030230945126,0.03135572634158632,0.037616030230945126
db10,db10_able_to_amputee,agency_vs_plain_conf_iso_budget,0.10,agency_margin_tau_0.10,plain_conf_threshold_matched_tau_0.10,plain_conf_threshold_iso_budget_curve,mean_ali,db10_able_to_amputee|S113,S113,ex1,0.7209523809523809,0.5526190476190476,0.16833333333333333,0.0473809523809523,True,False,5,0.03242033858056688,0.042940577661769445,,-0.010520239081202566,,0.010520239081202566,
db10,db10_able_to_amputee,agency_vs_plain_conf_iso_budget,0.10,agency_margin_tau_0.10,plain_conf_threshold_matched_tau_0.10,plain_conf_threshold_iso_budget_curve,mean_ali,db10_able_to_amputee|S114,S114,ex1,0.33380952380952383,0.43,-0.09619047619047616,0.020238095238095277,False,True,5,0.016619408864883452,0.04561723205615166,0.03386699515341515,-0.02899782319126821,-0.0172475862885317,0.02899782319126821,0.0172475862885317
db10,db10_able_to_amputee,agency_vs_plain_conf_iso_budget,0.10,agency_margin_tau_0.10,plain_conf_threshold_matched_tau_0.10,plain_conf_threshold_iso_budget_curve,mean_ali,db10_able_to_amputee|S115,S115,ex1,0.6295238095238095,0.59,0.03952380952380952,0.002619047619047632,False,True,5,0.022424118529976195,0.02437247453098716,0.02671251909415988,-0.001948356001010964,-0.004288400564183684,0.001948356001010964,0.004288400564183684
db10,db10_able_to_amputee,agency_vs_plain_conf_iso_budget,0.15,agency_margin_tau_0.15,plain_conf_threshold_matched_tau_0.15,plain_conf_threshold_iso_budget_curve,mean_ali,db10_able_to_amputee|S101,S101,ex1,0.6357142857142857,0.6557142857142857,-0.020000000000000018,0.020000000000000018,False,True,5,0.03223593414472535,0.05414531155300167,0.052690186800887495,-0.021909377408276316,-0.020454252656162145,0.021909377408276316,0.020454252656162145
db10,db10_able_to_amputee,agency_vs_plain_conf_iso_budget,0.15,agency_margin_tau_0.15,plain_conf_threshold_matched_tau_0.15,plain_conf_threshold_iso_budget_curve,mean_ali,db10_able_to_amputee|S102,S102,ex1,0.7626190476190476,0.6226190476190476,0.14,0.1138095238095238,True,False,5,0.03797046229445375,0.036434259030829905,,0.0015362032636238449,,-0.0015362032636238449,
db10,db10_able_to_amputee,agency_vs_plain_conf_iso_budget,0.15,agency_margin_tau_0.15,plain_conf_threshold_matched_tau_0.15,plain_conf_threshold_iso_budget_curve,mean_ali,db10_able_to_amputee|S103,S103,ex1,0.5264285714285715,0.6457142857142857,-0.11928571428571422,0.03738095238095229,False,True,5,0.02789209007030584,0.09794767954815096,0.08302203698949696,-0.07005558947784513,-0.055129946919191125,0.07005558947784513,0.055129946919191125
db10,db10_able_to_amputee,agency_vs_plain_conf_iso_budget,0.15,agency_margin_tau_0.15,plain_conf_threshold_matched_tau_0.15,plain_conf_threshold_iso_budget_curve,mean_ali,db10_able_to_amputee|S104,S104,ex1,0.6707142857142857,0.6404761904761904,0.030238095238095286,0.005714285714285672,True,False,5,0.03213153082953059,0.05302830995161725,,-0.020896779122086664,,0.020896779122086664,
db10,db10_able_to_amputee,agency_vs_plain_conf_iso_budget,0.15,agency_margin_tau_0.15,plain_conf_threshold_matched_tau_0.15,plain_conf_threshold_iso_budget_curve,mean_ali,db10_able_to_amputee|S105,S105,ex1,0.5995238095238096,0.7004761904761905,-0.1009523809523809,0.01261904761904753,False,True,5,0.04190267342388374,0.08563360529309126,0.07394521393134207,-0.04373093186920752,-0.03204254050745833,0.04373093186920752,0.03204254050745833
db10,db10_able_to_amputee,agency_vs_plain_conf_iso_budget,0.15,agency_margin_tau_0.15,plain_conf_threshold_matched_tau_0.15,plain_conf_threshold_iso_budget_curve,mean_ali,db10_able_to_amputee|S106,S106,ex1,0.6335714285714286,0.7157142857142857,-0.08214285714285718,0.0,False,True,5,0.043485836035500415,0.0855891276497799,0.07660057642957122,-0.04210329161427948,-0.0331147403940708,0.04210329161427948,0.0331147403940708
db10,db10_able_to_amputee,agency_vs_plain_conf_iso_budget,0.15,agency_margin_tau_0.15,plain_conf_threshold_matched_tau_0.15,plain_conf_threshold_iso_budget_curve,mean_ali,db10_able_to_amputee|S107,S107,ex1,0.7421428571428571,0.6788095238095239,0.06333333333333324,0.03523809523809518,True,False,5,0.04400749387693318,0.057946658918205614,,-0.013939165041272433,,0.013939165041272433,
db10,db10_able_to_amputee,agency_vs_plain_conf_iso_budget,0.15,agency_margin_tau_0.15,plain_conf_threshold_matched_tau_0.15,plain_conf_threshold_iso_budget_curve,mean_ali,db10_able_to_amputee|S108,S108,ex1,0.0,0.36214285714285716,-0.36214285714285716,0.005238095238095238,True,False,5,0.0,0.13252484941431047,,-0.13252484941431047,,0.13252484941431047,
db10,db10_able_to_amputee,agency_vs_plain_conf_iso_budget,0.15,agency_margin_tau_0.15,plain_conf_threshold_matched_tau_0.15,plain_conf_threshold_iso_budget_curve,mean_ali,db10_able_to_amputee|S109,S109,ex1,0.6645238095238095,0.6135714285714285,0.05095238095238097,0.01571428571428568,True,False,5,0.040551373973222754,0.05215568435076948,,-0.011604310377546723,,0.011604310377546723,
db10,db10_able_to_amputee,agency_vs_plain_conf_iso_budget,0.15,agency_margin_tau_0.15,plain_conf_threshold_matched_tau_0.15,plain_conf_threshold_iso_budget_curve,mean_ali,db10_able_to_amputee|S110,S110,ex1,0.5240476190476191,0.48904761904761906,0.03500000000000003,0.0045238095238095966,True,False,5,0.043074922716985535,0.06390766723932295,,-0.020832744522337417,,0.020832744522337417,
db10,db10_able_to_amputee,agency_vs_plain_conf_iso_budget,0.15,agency_margin_tau_0.15,plain_conf_threshold_matched_tau_0.15,plain_conf_threshold_iso_budget_curve,mean_ali,db10_able_to_amputee|S111,S111,ex1,0.611904761904762,0.6623809523809524,-0.05047619047619045,0.03309523809523818,False,True,5,0.03627570417931094,0.07583365310972756,0.07081704498820521,-0.03955794893041662,-0.03454134080889427,0.03955794893041662,0.03454134080889427
db10,db10_able_to_amputee,agency_vs_plain_conf_iso_budget,0.15,agency_margin_tau_0.15,plain_conf_threshold_matched_tau_0.15,plain_conf_threshold_iso_budget_curve,mean_ali,db10_able_to_amputee|S112,S112,ex1,0.6695238095238095,0.6266666666666667,0.042857142857142816,0.011428571428571455,True,False,5,0.03205323636604629,0.06290195010745495,,-0.030848713741408657,,0.030848713741408657,
db10,db10_able_to_amputee,agency_vs_plain_conf_iso_budget,0.15,agency_margin_tau_0.15,plain_conf_threshold_matched_tau_0.15,plain_conf_threshold_iso_budget_curve,mean_ali,db10_able_to_amputee|S113,S113,ex1,0.78,0.6426190476190476,0.13738095238095238,0.10642857142857143,True,False,5,0.04061383439523121,0.04936943179566311,,-0.0087555974004319,,0.0087555974004319,
db10,db10_able_to_amputee,agency_vs_plain_conf_iso_budget,0.15,agency_margin_tau_0.15,plain_conf_threshold_matched_tau_0.15,plain_conf_threshold_iso_budget_curve,mean_ali,db10_able_to_amputee|S114,S114,ex1,0.4888095238095238,0.49214285714285716,-0.003333333333333355,0.003333333333333355,False,True,5,0.03769209248690145,0.05243629507416225,0.052070521578943284,-0.014744202587260793,-0.01437842909204183,0.014744202587260793,0.01437842909204183
db10,db10_able_to_amputee,agency_vs_plain_conf_iso_budget,0.15,agency_margin_tau_0.15,plain_conf_threshold_matched_tau_0.15,plain_conf_threshold_iso_budget_curve,mean_ali,db10_able_to_amputee|S115,S115,ex1,0.6930952380952381,0.6321428571428571,0.06095238095238098,0.04738095238095241,True,False,5,0.030406486510131052,0.026867582288105058,,0.0035389042220259938,,-0.0035389042220259938,
db10,db10_able_to_amputee,agency_vs_plain_conf_iso_budget,0.20,agency_margin_tau_0.20,plain_conf_threshold_matched_tau_0.20,plain_conf_threshold_iso_budget_curve,mean_ali,db10_able_to_amputee|S101,S101,ex1,0.6969047619047619,0.6764285714285714,0.020476190476190537,0.020476190476190537,True,False,5,0.04373089335781677,0.0557882713949411,,-0.012057378037124332,,0.012057378037124332,
db10,db10_able_to_amputee,agency_vs_plain_conf_iso_budget,0.20,agency_margin_tau_0.20,plain_conf_threshold_matched_tau_0.20,plain_conf_threshold_iso_budget_curve,mean_ali,db10_able_to_amputee|S102,S102,ex1,0.8,0.6488095238095238,0.1511904761904762,0.1511904761904762,True,False,5,0.044628436083209835,0.037815859776717,,0.006812576306492839,,-0.006812576306492839,
db10,db10_able_to_amputee,agency_vs_plain_conf_iso_budget,0.20,agency_margin_tau_0.20,plain_conf_threshold_matched_tau_0.20,plain_conf_threshold_iso_budget_curve,mean_ali,db10_able_to_amputee|S103,S103,ex1,0.5685714285714286,0.6728571428571428,-0.1042857142857142,0.004761904761904856,False,True,5,0.03587774240255672,0.10151859205141779,0.08866780770544411,-0.06564084964886108,-0.052790065302887386,0.06564084964886108,0.052790065302887386
db10,db10_able_to_amputee,agency_vs_plain_conf_iso_budget,0.20,agency_margin_tau_0.20,plain_conf_threshold_matched_tau_0.20,plain_conf_threshold_iso_budget_curve,mean_ali,db10_able_to_amputee|S104,S104,ex1,0.7197619047619047,0.665,0.05476190476190468,0.05476190476190468,True,False,5,0.04089047252928105,0.05469357854408196,,-0.013803106014800913,,0.013803106014800913,
db10,db10_able_to_amputee,agency_vs_plain_conf_iso_budget,0.20,agency_margin_tau_0.20,plain_conf_threshold_matched_tau_0.20,plain_conf_threshold_iso_budget_curve,mean_ali,db10_able_to_amputee|S105,S105,ex1,0.7119047619047619,0.7314285714285714,-0.0195238095238095,0.011428571428571455,False,True,5,0.06283940854958442,0.08884687231106898,0.08682004234588304,-0.026007463761484564,-0.023980633796298625,0.026007463761484564,0.023980633796298625
db10,db10_able_to_amputee,agency_vs_plain_conf_iso_budget,0.20,agency_margin_tau_0.20,plain_conf_threshold_matched_tau_0.20,plain_conf_threshold_iso_budget_curve,mean_ali,db10_able_to_amputee|S106,S106,ex1,0.7057142857142857,0.7459523809523809,-0.040238095238095184,0.010000000000000009,False,True,5,0.05706839241699451,0.08854821436249252,0.08449486924036319,-0.03147982194549801,-0.027426476823368677,0.03147982194549801,0.027426476823368677
db10,db10_able_to_amputee,agency_vs_plain_conf_iso_budget,0.20,agency_margin_tau_0.20,plain_conf_threshold_matched_tau_0.20,plain_conf_threshold_iso_budget_curve,mean_ali,db10_able_to_amputee|S107,S107,ex1,0.7828571428571428,0.7069047619047619,0.07595238095238088,0.07595238095238088,True,False,5,0.051654644145117334,0.0599127713964828,,-0.008258127251365467,,0.008258127251365467,
db10,db10_able_to_amputee,agency_vs_plain_conf_iso_budget,0.20,agency_margin_tau_0.20,plain_conf_threshold_matched_tau_0.20,plain_conf_threshold_iso_budget_curve,mean_ali,db10_able_to_amputee|S108,S108,ex1,0.0007142857142857143,0.4207142857142857,-0.42,0.004523809523809524,True,False,5,0.00013578347594441967,0.15412664135163856,,-0.15399085787569414,,0.15399085787569414,
db10,db10_able_to_amputee,agency_vs_plain_conf_iso_budget,0.20,agency_margin_tau_0.20,plain_conf_threshold_matched_tau_0.20,plain_conf_threshold_iso_budget_curve,mean_ali,db10_able_to_amputee|S109,S109,ex1,0.7242857142857143,0.6488095238095238,0.07547619047619047,0.07547619047619047,True,False,5,0.051800487378539775,0.05516905655590661,,-0.0033685691773668383,,0.0033685691773668383,
db10,db10_able_to_amputee,agency_vs_plain_conf_iso_budget,0.20,agency_margin_tau_0.20,plain_conf_threshold_matched_tau_0.20,plain_conf_threshold_iso_budget_curve,mean_ali,db10_able_to_amputee|S110,S110,ex1,0.6033333333333334,0.5195238095238095,0.08380952380952389,0.08380952380952389,True,False,5,0.05760074714025092,0.06764500816498124,,-0.01004426102473032,,0.01004426102473032,
db10,db10_able_to_amputee,agency_vs_plain_conf_iso_budget,0.20,agency_margin_tau_0.20,plain_conf_threshold_matched_tau_0.20,plain_conf_threshold_iso_budget_curve,mean_ali,db10_able_to_amputee|S111,S111,ex1,0.6783333333333333,0.6921428571428572,-0.013809523809523827,0.013809523809523827,False,True,5,0.048486872390686594,0.07879072098485866,0.07741864149079783,-0.030303848594172067,-0.028931769100111235,0.030303848594172067,0.028931769100111235
db10,db10_able_to_amputee,agency_vs_plain_conf_iso_budget,0.20,agency_margin_tau_0.20,plain_conf_threshold_matched_tau_0.20,plain_conf_threshold_iso_budget_curve,mean_ali,db10_able_to_amputee|S112,S112,ex1,0.7030952380952381,0.6580952380952381,0.04500000000000004,0.04500000000000004,True,False,5,0.03836273991031584,0.06555357556668967,,-0.027190835656373827,,0.027190835656373827,
db10,db10_able_to_amputee,agency_vs_plain_conf_iso_budget,0.20,agency_margin_tau_0.20,plain_conf_threshold_matched_tau_0.20,plain_conf_threshold_iso_budget_curve,mean_ali,db10_able_to_amputee|S113,S113,ex1,0.8121428571428572,0.6735714285714286,0.13857142857142857,0.13857142857142857,True,False,5,0.046851043544812475,0.05201490611393341,,-0.005163862569120936,,0.005163862569120936,
db10,db10_able_to_amputee,agency_vs_plain_conf_iso_budget,0.20,agency_margin_tau_0.20,plain_conf_threshold_matched_tau_0.20,plain_conf_threshold_iso_budget_curve,mean_ali,db10_able_to_amputee|S114,S114,ex1,0.5923809523809523,0.5157142857142857,0.07666666666666666,0.07666666666666666,True,False,5,0.05682799802375887,0.05531210114358234,,0.0015158968801765246,,-0.0015158968801765246,
db10,db10_able_to_amputee,agency_vs_plain_conf_iso_budget,0.20,agency_margin_tau_0.20,plain_conf_threshold_matched_tau_0.20,plain_conf_threshold_iso_budget_curve,mean_ali,db10_able_to_amputee|S115,S115,ex1,0.7014285714285714,0.6457142857142857,0.055714285714285716,0.055714285714285716,True,False,5,0.03193799077590175,0.02782082492898987,,0.004117165846911883,,-0.004117165846911883,
db10,db10_amputee_loso,agency_vs_plain_conf_iso_budget,0.02,agency_margin_tau_0.02,plain_conf_threshold_matched_tau_0.02,plain_conf_threshold_iso_budget_curve,active_macro_f1,db10_amputee_loso|S101,S101,ex1,0.2311904761904762,0.2292857142857143,0.001904761904761909,0.001904761904761909,False,True,5,0.20191134840704422,0.34432027747720506,0.3466712261580773,-0.14240892907016084,-0.14475987775103305,-0.14240892907016084,-0.14475987775103305
db10,db10_amputee_loso,agency_vs_plain_conf_iso_budget,0.02,agency_margin_tau_0.02,plain_conf_threshold_matched_tau_0.02,plain_conf_threshold_iso_budget_curve,active_macro_f1,db10_amputee_loso|S102,S102,ex1,0.2180952380952381,0.01904761904761905,0.19904761904761903,0.04642857142857143,False,True,5,0.1881969266966834,0.0947105099354456,0.3894502673470426,0.0934864167612378,-0.20125334065035919,0.0934864167612378,-0.20125334065035919
db10,db10_amputee_loso,agency_vs_plain_conf_iso_budget,0.02,agency_margin_tau_0.02,plain_conf_threshold_matched_tau_0.02,plain_conf_threshold_iso_budget_curve,active_macro_f1,db10_amputee_loso|S103,S103,ex1,0.31976190476190475,0.12785714285714286,0.19190476190476188,0.029047619047619044,False,True,5,0.3078824173663671,0.2577640731268089,0.4855226020412106,0.05011834423955824,-0.1776401846748435,0.05011834423955824,-0.1776401846748435
db10,db10_amputee_loso,agency_vs_plain_conf_iso_budget,0.02,agency_margin_tau_0.02,plain_conf_threshold_matched_tau_0.02,plain_conf_threshold_iso_budget_curve,active_macro_f1,db10_amputee_loso|S104,S104,ex1,0.21,0.09952380952380953,0.11047619047619046,0.08976190476190479,False,True,5,0.15094063249243178,0.2015210798500001,0.35363783852349123,-0.05058044735756831,-0.20269720603105945,-0.05058044735756831,-0.20269720603105945
db10,db10_amputee_loso,agency_vs_plain_conf_iso_budget,0.02,agency_margin_tau_0.02,plain_conf_threshold_matched_tau_0.02,plain_conf_threshold_iso_budget_curve,active_macro_f1,db10_amputee_loso|S105,S105,ex1,0.11357142857142857,0.02976190476190476,0.0838095238095238,0.07547619047619047,False,True,5,0.14220792386863626,0.09980446621741965,0.20416979654845646,0.042403457651216614,-0.0619618726798202,0.042403457651216614,-0.0619618726798202
db10,db10_amputee_loso,agency_vs_plain_conf_iso_budget,0.02,agency_margin_tau_0.02,plain_conf_threshold_matched_tau_0.02,plain_conf_threshold_iso_budget_curve,active_macro_f1,db10_amputee_loso|S106,S106,ex1,0.08761904761904762,0.11047619047619048,-0.022857142857142854,0.022857142857142854,True,False,5,0.16402399366020862,0.3098352438919557,,-0.1458112502317471,,-0.1458112502317471,
db10,db10_amputee_loso,agency_vs_plain_conf_iso_budget,0.02,agency_margin_tau_0.02,plain_conf_threshold_matched_tau_0.02,plain_conf_threshold_iso_budget_curve,active_macro_f1,db10_amputee_loso|S107,S107,ex1,0.23976190476190476,0.02761904761904762,0.21214285714285713,0.03547619047619047,False,True,5,0.1725588869969977,0.13159739443719123,0.4261307553257011,0.04096149255980647,-0.2535718683287034,0.04096149255980647,-0.2535718683287034
db10,db10_amputee_loso,agency_vs_plain_conf_iso_budget,0.02,agency_margin_tau_0.02,plain_conf_threshold_matched_tau_0.02,plain_conf_threshold_iso_budget_curve,active_macro_f1,db10_amputee_loso|S108,S108,ex1,0.0,0.0038095238095238095,-0.0038095238095238095,0.0038095238095238095,True,False,5,0.01818181818181818,0.018150238818931828,,3.157936288635324e-05,,3.157936288635324e-05,
db10,db10_amputee_loso,agency_vs_plain_conf_iso_budget,0.02,agency_margin_tau_0.02,plain_conf_threshold_matched_tau_0.02,plain_conf_threshold_iso_budget_curve,active_macro_f1,db10_amputee_loso|S109,S109,ex1,0.1895238095238095,0.09095238095238095,0.09857142857142856,0.09857142857142856,False,True,5,0.21506839904374525,0.19690172836273995,0.33839027626313456,0.018166670681005304,-0.12332187721938931,0.018166670681005304,-0.12332187721938931
db10,db10_amputee_loso,agency_vs_plain_conf_iso_budget,0.02,agency_margin_tau_0.02,plain_conf_threshold_matched_tau_0.02,plain_conf_threshold_iso_budget_curve,active_macro_f1,db10_amputee_loso|S110,S110,ex1,0.13047619047619047,0.056428571428571425,0.07404761904761904,0.07404761904761904,False,True,5,0.1035163375849418,0.12034513504062001,0.17283017566473266,-0.01682879745567821,-0.06931383807979086,-0.01682879745567821,-0.06931383807979086
db10,db10_amputee_loso,agency_vs_plain_conf_iso_budget,0.02,agency_margin_tau_0.02,plain_conf_threshold_matched_tau_0.02,plain_conf_threshold_iso_budget_curve,active_macro_f1,db10_amputee_loso|S111,S111,ex1,0.18071428571428572,0.04023809523809524,0.14047619047619048,0.04261904761904761,False,True,5,0.21407622106741067,0.09065494430092559,0.23388184373787413,0.12342127676648508,-0.019805622670463457,0.12342127676648508,-0.019805622670463457
db10,db10_amputee_loso,agency_vs_plain_conf_iso_budget,0.02,agency_margin_tau_0.02,plain_conf_threshold_matched_tau_0.02,plain_conf_threshold_iso_budget_curve,active_macro_f1,db10_amputee_loso|S112,S112,ex1,0.3426190476190476,0.07095238095238095,0.27166666666666667,0.0811904761904762,False,True,5,0.28341619867512285,0.22591430436748658,0.5532773705060837,0.057501894307636275,-0.26986117183096087,0.057501894307636275,-0.26986117183096087
db10,db10_amputee_loso,agency_vs_plain_conf_iso_budget,0.02,agency_margin_tau_0.02,plain_conf_threshold_matched_tau_0.02,plain_conf_threshold_iso_budget_curve,active_macro_f1,db10_amputee_loso|S113,S113,ex1,0.19952380952380952,0.002619047619047619,0.1969047619047619,0.053571428571428575,False,True,5,0.1603699794110673,0.0722289256266001,0.30216120180199424,0.08814105378446718,-0.14179122239092695,0.08814105378446718,-0.14179122239092695
db10,db10_amputee_loso,agency_vs_plain_conf_iso_budget,0.02,agency_margin_tau_0.02,plain_conf_threshold_matched_tau_0.02,plain_conf_threshold_iso_budget_curve,active_macro_f1,db10_amputee_loso|S114,S114,ex1,0.13333333333333333,0.0,0.13333333333333333,0.09238095238095237,False,True,5,0.0950576568000823,0.06045245054009023,0.22660450121288844,0.03460520625999207,-0.13154684441280615,0.03460520625999207,-0.13154684441280615
db10,db10_amputee_loso,agency_vs_plain_conf_iso_budget,0.02,agency_margin_tau_0.02,plain_conf_threshold_matched_tau_0.02,plain_conf_threshold_iso_budget_curve,active_macro_f1,db10_amputee_loso|S115,S115,ex1,0.06,0.0,0.06,0.022142857142857138,True,False,5,0.060865336848524645,0.06139995300012909,,-0.0005346161516044459,,-0.0005346161516044459,
db10,db10_amputee_loso,agency_vs_plain_conf_iso_budget,0.05,agency_margin_tau_0.05,plain_conf_threshold_matched_tau_0.05,plain_conf_threshold_iso_budget_curve,active_macro_f1,db10_amputee_loso|S101,S101,ex1,0.43857142857142856,0.44023809523809526,-0.0016666666666667052,0.0016666666666667052,False,True,5,0.3943190879021593,0.604687843883799,0.6026307637880358,-0.21036875598163973,-0.2083116758858765,-0.21036875598163973,-0.2083116758858765
db10,db10_amputee_loso,agency_vs_plain_conf_iso_budget,0.05,agency_margin_tau_0.05,plain_conf_threshold_matched_tau_0.05,plain_conf_threshold_iso_budget_curve,active_macro_f1,db10_amputee_loso|S102,S102,ex1,0.5464285714285714,0.17166666666666666,0.37476190476190474,0.07404761904761897,True,False,5,0.5330966369419727,0.3421264403135195,,0.19097019662845321,,0.19097019662845321,
db10,db10_amputee_loso,agency_vs_plain_conf_iso_budget,0.05,agency_margin_tau_0.05,plain_conf_threshold_matched_tau_0.05,plain_conf_threshold_iso_budget_curve,active_macro_f1,db10_amputee_loso|S103,S103,ex1,0.5964285714285714,0.3488095238095238,0.24761904761904763,0.006190476190476191,False,True,5,0.6166888736430749,0.5199972180803633,0.732238746505831,0.09669165556271164,-0.11554987286275609,0.09669165556271164,-0.11554987286275609
db10,db10_amputee_loso,agency_vs_plain_conf_iso_budget,0.05,agency_margin_tau_0.05,plain_conf_threshold_matched_tau_0.05,plain_conf_threshold_iso_budget_curve,active_macro_f1,db10_amputee_loso|S104,S104,ex1,0.439047619047619,0.2997619047619048,0.13928571428571423,0.05261904761904762,False,True,5,0.33996553962415577,0.4772327049457029,0.6126885723279638,-0.13726716532154715,-0.27272303270380804,-0.13726716532154715,-0.27272303270380804
db10,db10_amputee_loso,agency_vs_plain_conf_iso_budget,0.05,agency_margin_tau_0.05,plain_conf_threshold_matched_tau_0.05,plain_conf_threshold_iso_budget_curve,active_macro_f1,db10_amputee_loso|S105,S105,ex1,0.28476190476190477,0.18904761904761905,0.09571428571428572,0.09571428571428572,False,True,5,0.26546749455686836,0.29815789232953227,0.39073799270703224,-0.032690397772663915,-0.1252704981501639,-0.032690397772663915,-0.1252704981501639
db10,db10_amputee_loso,agency_vs_plain_conf_iso_budget,0.05,agency_margin_tau_0.05,plain_conf_threshold_matched_tau_0.05,plain_conf_threshold_iso_budget_curve,active_macro_f1,db10_amputee_loso|S106,S106,ex1,0.24095238095238095,0.3607142857142857,-0.11976190476190476,0.11976190476190476,False,True,5,0.24355119830621522,0.5895617943110343,0.45568695619419647,-0.3460105960048191,-0.21213575788798125,-0.3460105960048191,-0.21213575788798125
db10,db10_amputee_loso,agency_vs_plain_conf_iso_budget,0.05,agency_margin_tau_0.05,plain_conf_threshold_matched_tau_0.05,plain_conf_threshold_iso_budget_curve,active_macro_f1,db10_amputee_loso|S107,S107,ex1,0.4988095238095238,0.2042857142857143,0.2945238095238095,0.044047619047619,False,True,5,0.39736915703942455,0.39686532546045805,0.6188461388580774,0.000503831578966496,-0.22147698181865283,0.000503831578966496,-0.22147698181865283
db10,db10_amputee_loso,agency_vs_plain_conf_iso_budget,0.05,agency_margin_tau_0.05,plain_conf_threshold_matched_tau_0.05,plain_conf_threshold_iso_budget_curve,active_macro_f1,db10_amputee_loso|S108,S108,ex1,0.0030952380952380953,0.07761904761904762,-0.07452380952380952,0.0007142857142857142,True,False,5,0.019158741053044416,0.017473118279569894,,0.0016856227734745217,,0.0016856227734745217,
db10,db10_amputee_loso,agency_vs_plain_conf_iso_budget,0.05,agency_margin_tau_0.05,plain_conf_threshold_matched_tau_0.05,plain_conf_threshold_iso_budget_curve,active_macro_f1,db10_amputee_loso|S109,S109,ex1,0.44,0.31523809523809526,0.12476190476190474,0.04857142857142854,False,True,5,0.44978519968414077,0.5188394388027684,0.6593915923098796,-0.06905423911862762,-0.20960639262573888,-0.06905423911862762,-0.20960639262573888
db10,db10_amputee_loso,agency_vs_plain_conf_iso_budget,0.05,agency_margin_tau_0.05,plain_conf_threshold_matched_tau_0.05,plain_conf_threshold_iso_budget_curve,active_macro_f1,db10_amputee_loso|S110,S110,ex1,0.3254761904761905,0.30214285714285716,0.023333333333333317,0.023333333333333317,False,True,5,0.17726218412996825,0.294507713574653,0.3073053620182576,-0.11724552944468475,-0.13004317788828934,-0.11724552944468475,-0.13004317788828934
db10,db10_amputee_loso,agency_vs_plain_conf_iso_budget,0.05,agency_margin_tau_0.05,plain_conf_threshold_matched_tau_0.05,plain_conf_threshold_iso_budget_curve,active_macro_f1,db10_amputee_loso|S111,S111,ex1,0.42547619047619045,0.22333333333333333,0.20214285714285712,0.014999999999999958,False,True,5,0.51465216730998,0.27733542848230425,0.46646834424071654,0.23731673882767573,0.04818382306926344,0.23731673882767573,0.04818382306926344
db10,db10_amputee_loso,agency_vs_plain_conf_iso_budget,0.05,agency_margin_tau_0.05,plain_conf_threshold_matched_tau_0.05,plain_conf_threshold_iso_budget_curve,active_macro_f1,db10_amputee_loso|S112,S112,ex1,0.5628571428571428,0.2342857142857143,0.3285714285714285,0.008095238095238044,True,False,5,0.5457241626287451,0.45775877043155033,,0.08796539219719479,,0.08796539219719479,
db10,db10_amputee_loso,agency_vs_plain_conf_iso_budget,0.05,agency_margin_tau_0.05,plain_conf_threshold_matched_tau_0.05,plain_conf_threshold_iso_budget_curve,active_macro_f1,db10_amputee_loso|S113,S113,ex1,0.5719047619047619,0.14595238095238094,0.42595238095238097,0.024761904761904763,True,False,5,0.4130165246429313,0.24919416258481078,,0.16382236205812054,,0.16382236205812054,
db10,db10_amputee_loso,agency_vs_plain_conf_iso_budget,0.05,agency_margin_tau_0.05,plain_conf_threshold_matched_tau_0.05,plain_conf_threshold_iso_budget_curve,active_macro_f1,db10_amputee_loso|S114,S114,ex1,0.32095238095238093,0.040952380952380955,0.27999999999999997,0.055714285714285716,False,True,5,0.19466906867748154,0.10819830242945494,0.4419276527623213,0.0864707662480266,-0.24725858408483978,0.0864707662480266,-0.24725858408483978
db10,db10_amputee_loso,agency_vs_plain_conf_iso_budget,0.05,agency_margin_tau_0.05,plain_conf_threshold_matched_tau_0.05,plain_conf_threshold_iso_budget_curve,active_macro_f1,db10_amputee_loso|S115,S115,ex1,0.20023809523809524,0.0002380952380952381,0.2,0.16238095238095238,True,False,5,0.0570820690958291,0.06141745015684112,,-0.004335381061012021,,-0.004335381061012021,
db10,db10_amputee_loso,agency_vs_plain_conf_iso_budget,0.10,agency_margin_tau_0.10,plain_conf_threshold_matched_tau_0.10,plain_conf_threshold_iso_budget_curve,active_macro_f1,db10_amputee_loso|S101,S101,ex1,0.6145238095238095,0.5754761904761905,0.039047619047619,0.017142857142857237,False,True,5,0.6521776781802893,0.7241158178344393,0.7541453586120247,-0.07193813965415008,-0.10196768043173543,-0.07193813965415008,-0.10196768043173543
db10,db10_amputee_loso,agency_vs_plain_conf_iso_budget,0.10,agency_margin_tau_0.10,plain_conf_threshold_matched_tau_0.10,plain_conf_threshold_iso_budget_curve,active_macro_f1,db10_amputee_loso|S102,S102,ex1,0.695,0.355,0.33999999999999997,0.22261904761904755,True,False,5,0.7329324867498292,0.5289948855228157,,0.20393760122701354,,0.20393760122701354,
db10,db10_amputee_loso,agency_vs_plain_conf_iso_budget,0.10,agency_margin_tau_0.10,plain_conf_threshold_matched_tau_0.10,plain_conf_threshold_iso_budget_curve,active_macro_f1,db10_amputee_loso|S103,S103,ex1,0.7459523809523809,0.5045238095238095,0.24142857142857144,0.12857142857142856,True,False,5,0.8186042079295971,0.6598895239333322,,0.15871468399626487,,0.15871468399626487,
db10,db10_amputee_loso,agency_vs_plain_conf_iso_budget,0.10,agency_margin_tau_0.10,plain_conf_threshold_matched_tau_0.10,plain_conf_threshold_iso_budget_curve,active_macro_f1,db10_amputee_loso|S104,S104,ex1,0.6073809523809524,0.49166666666666664,0.11571428571428571,0.005714285714285783,False,True,5,0.5521002333387889,0.6638607888945957,0.7238089422626683,-0.11176055555580677,-0.17170870892387946,-0.11176055555580677,-0.17170870892387946
db10,db10_amputee_loso,agency_vs_plain_conf_iso_budget,0.10,agency_margin_tau_0.10,plain_conf_threshold_matched_tau_0.10,plain_conf_threshold_iso_budget_curve,active_macro_f1,db10_amputee_loso|S105,S105,ex1,0.539047619047619,0.38785714285714284,0.15119047619047615,0.03404761904761899,True,False,5,0.4885765090490584,0.49045735455642897,,-0.0018808455073705543,,-0.0018808455073705543,
db10,db10_amputee_loso,agency_vs_plain_conf_iso_budget,0.10,agency_margin_tau_0.10,plain_conf_threshold_matched_tau_0.10,plain_conf_threshold_iso_budget_curve,active_macro_f1,db10_amputee_loso|S106,S106,ex1,0.5230952380952381,0.5771428571428572,-0.05404761904761912,0.05404761904761912,False,True,5,0.45267777750680355,0.7189108662211906,0.686609172795882,-0.26623308871438706,-0.23393139528907841,-0.26623308871438706,-0.23393139528907841
db10,db10_amputee_loso,agency_vs_plain_conf_iso_budget,0.10,agency_margin_tau_0.10,plain_conf_threshold_matched_tau_0.10,plain_conf_threshold_iso_budget_curve,active_macro_f1,db10_amputee_loso|S107,S107,ex1,0.6966666666666667,0.43166666666666664,0.265,0.11357142857142855,True,False,5,0.6116250726102643,0.5844390537913782,,0.02718601881888616,,0.02718601881888616,
db10,db10_amputee_loso,agency_vs_plain_conf_iso_budget,0.10,agency_margin_tau_0.10,plain_conf_threshold_matched_tau_0.10,plain_conf_threshold_iso_budget_curve,active_macro_f1,db10_amputee_loso|S108,S108,ex1,0.9990476190476191,0.2969047619047619,0.7021428571428572,0.45833333333333337,True,False,5,0.00582716049382716,0.017431725740848343,,-0.011604565247021182,,-0.011604565247021182,
db10,db10_amputee_loso,agency_vs_plain_conf_iso_budget,0.10,agency_margin_tau_0.10,plain_conf_threshold_matched_tau_0.10,plain_conf_threshold_iso_budget_curve,active_macro_f1,db10_amputee_loso|S109,S109,ex1,0.6478571428571429,0.48857142857142855,0.15928571428571436,0.046666666666666745,True,False,5,0.7224845953959956,0.7141103696294421,,0.008374225766553556,,0.008374225766553556,
db10,db10_amputee_loso,agency_vs_plain_conf_iso_budget,0.10,agency_margin_tau_0.10,plain_conf_threshold_matched_tau_0.10,plain_conf_threshold_iso_budget_curve,active_macro_f1,db10_amputee_loso|S110,S110,ex1,0.5678571428571428,0.4990476190476191,0.06880952380952376,0.02880952380952384,False,True,5,0.36149773789601103,0.40250419584874486,0.44245109778738145,-0.04100645795273383,-0.08095335989137042,-0.04100645795273383,-0.08095335989137042
db10,db10_amputee_loso,agency_vs_plain_conf_iso_budget,0.10,agency_margin_tau_0.10,plain_conf_threshold_matched_tau_0.10,plain_conf_threshold_iso_budget_curve,active_macro_f1,db10_amputee_loso|S111,S111,ex1,0.6523809523809524,0.4104761904761905,0.2419047619047619,0.1133333333333334,True,False,5,0.6819075491076104,0.45403836557082977,,0.22786918353678065,,0.22786918353678065,
db10,db10_amputee_loso,agency_vs_plain_conf_iso_budget,0.10,agency_margin_tau_0.10,plain_conf_threshold_matched_tau_0.10,plain_conf_threshold_iso_budget_curve,active_macro_f1,db10_amputee_loso|S112,S112,ex1,0.6942857142857143,0.4238095238095238,0.2704761904761905,0.1395238095238095,True,False,5,0.7388486697668917,0.62486383781469,,0.11398483195220166,,0.11398483195220166,
db10,db10_amputee_loso,agency_vs_plain_conf_iso_budget,0.10,agency_margin_tau_0.10,plain_conf_threshold_matched_tau_0.10,plain_conf_threshold_iso_budget_curve,active_macro_f1,db10_amputee_loso|S113,S113,ex1,0.775952380952381,0.3892857142857143,0.38666666666666666,0.2288095238095238,True,False,5,0.6373793319747022,0.48978222516241754,,0.14759710681228466,,0.14759710681228466,
db10,db10_amputee_loso,agency_vs_plain_conf_iso_budget,0.10,agency_margin_tau_0.10,plain_conf_threshold_matched_tau_0.10,plain_conf_threshold_iso_budget_curve,active_macro_f1,db10_amputee_loso|S114,S114,ex1,0.59,0.24166666666666667,0.3483333333333333,0.16476190476190472,True,False,5,0.4553579352705026,0.3654571312295437,,0.0899008040409589,,0.0899008040409589,
db10,db10_amputee_loso,agency_vs_plain_conf_iso_budget,0.10,agency_margin_tau_0.10,plain_conf_threshold_matched_tau_0.10,plain_conf_threshold_iso_budget_curve,active_macro_f1,db10_amputee_loso|S115,S115,ex1,0.5302380952380953,0.0038095238095238095,0.5264285714285715,0.4923809523809524,True,False,5,0.045686106658706885,0.061483073161006395,,-0.01579696650229951,,-0.01579696650229951,
db10,db10_amputee_loso,agency_vs_plain_conf_iso_budget,0.15,agency_margin_tau_0.15,plain_conf_threshold_matched_tau_0.15,plain_conf_threshold_iso_budget_curve,active_macro_f1,db10_amputee_loso|S101,S101,ex1,0.6935714285714286,0.6316666666666667,0.06190476190476191,0.03857142857142859,True,False,5,0.756265128494361,0.7673290594412087,,-0.011063930946847655,,-0.011063930946847655,
db10,db10_amputee_loso,agency_vs_plain_conf_iso_budget,0.15,agency_margin_tau_0.15,plain_conf_threshold_matched_tau_0.15,plain_conf_threshold_iso_budget_curve,active_macro_f1,db10_amputee_loso|S102,S102,ex1,0.715952380952381,0.439047619047619,0.276904761904762,0.2435714285714286,True,False,5,0.7669330808630497,0.5989704849461496,,0.1679625959169001,,0.1679625959169001,
db10,db10_amputee_loso,agency_vs_plain_conf_iso_budget,0.15,agency_margin_tau_0.15,plain_conf_threshold_matched_tau_0.15,plain_conf_threshold_iso_budget_curve,active_macro_f1,db10_amputee_loso|S103,S103,ex1,0.758095238095238,0.5902380952380952,0.16785714285714282,0.14071428571428568,True,False,5,0.8418789010482961,0.7277840820391679,,0.11409481900912821,,0.11409481900912821,
db10,db10_amputee_loso,agency_vs_plain_conf_iso_budget,0.15,agency_margin_tau_0.15,plain_conf_threshold_matched_tau_0.15,plain_conf_threshold_iso_budget_curve,active_macro_f1,db10_amputee_loso|S104,S104,ex1,0.7121428571428572,0.5830952380952381,0.12904761904761908,0.09904761904761905,True,False,5,0.6998302035339774,0.7132034510751329,,-0.013373247541155542,,-0.013373247541155542,
db10,db10_amputee_loso,agency_vs_plain_conf_iso_budget,0.15,agency_margin_tau_0.15,plain_conf_threshold_matched_tau_0.15,plain_conf_threshold_iso_budget_curve,active_macro_f1,db10_amputee_loso|S105,S105,ex1,0.7038095238095238,0.4745238095238095,0.22928571428571426,0.19880952380952377,True,False,5,0.6282141867497287,0.5537545111832968,,0.07445967556643196,,0.07445967556643196,
db10,db10_amputee_loso,agency_vs_plain_conf_iso_budget,0.15,agency_margin_tau_0.15,plain_conf_threshold_matched_tau_0.15,plain_conf_threshold_iso_budget_curve,active_macro_f1,db10_amputee_loso|S106,S106,ex1,0.7019047619047619,0.6716666666666666,0.030238095238095286,0.00023809523809525945,True,False,5,0.633522481683815,0.7589540620437412,,-0.1254315803599262,,-0.1254315803599262,
db10,db10_amputee_loso,agency_vs_plain_conf_iso_budget,0.15,agency_margin_tau_0.15,plain_conf_threshold_matched_tau_0.15,plain_conf_threshold_iso_budget_curve,active_macro_f1,db10_amputee_loso|S107,S107,ex1,0.784047619047619,0.5428571428571428,0.24119047619047618,0.20095238095238088,True,False,5,0.7366522587757451,0.6414181627493516,,0.09523409602639354,,0.09523409602639354,
db10,db10_amputee_loso,agency_vs_plain_conf_iso_budget,0.15,agency_margin_tau_0.15,plain_conf_threshold_matched_tau_0.15,plain_conf_threshold_iso_budget_curve,active_macro_f1,db10_amputee_loso|S108,S108,ex1,1.0,0.4780952380952381,0.5219047619047619,0.4592857142857143,True,False,5,0.001702127659574468,0.01800947867298578,,-0.01630735101341131,,-0.01630735101341131,
db10,db10_amputee_loso,agency_vs_plain_conf_iso_budget,0.15,agency_margin_tau_0.15,plain_conf_threshold_matched_tau_0.15,plain_conf_threshold_iso_budget_curve,active_macro_f1,db10_amputee_loso|S109,S109,ex1,0.7173809523809523,0.574047619047619,0.1433333333333333,0.11619047619047618,True,False,5,0.8314571550174975,0.7713988712900679,,0.06005828372742961,,0.06005828372742961,
db10,db10_amputee_loso,agency_vs_plain_conf_iso_budget,0.15,agency_margin_tau_0.15,plain_conf_threshold_matched_tau_0.15,plain_conf_threshold_iso_budget_curve,active_macro_f1,db10_amputee_loso|S110,S110,ex1,0.7326190476190476,0.5966666666666667,0.13595238095238094,0.10595238095238091,True,False,5,0.47588656870973767,0.45917627126341964,,0.016710297446318023,,0.016710297446318023,
db10,db10_amputee_loso,agency_vs_plain_conf_iso_budget,0.15,agency_margin_tau_0.15,plain_conf_threshold_matched_tau_0.15,plain_conf_threshold_iso_budget_curve,active_macro_f1,db10_amputee_loso|S111,S111,ex1,0.7583333333333333,0.5092857142857142,0.24904761904761907,0.2192857142857143,True,False,5,0.7372880266286476,0.5359183837930998,,0.2013696428355478,,0.2013696428355478,
db10,db10_amputee_loso,agency_vs_plain_conf_iso_budget,0.15,agency_margin_tau_0.15,plain_conf_threshold_matched_tau_0.15,plain_conf_threshold_iso_budget_curve,active_macro_f1,db10_amputee_loso|S112,S112,ex1,0.7283333333333334,0.5228571428571429,0.20547619047619048,0.1735714285714286,True,False,5,0.7973047016898857,0.6893890300290076,,0.10791567166087801,,0.10791567166087801,
db10,db10_amputee_loso,agency_vs_plain_conf_iso_budget,0.15,agency_margin_tau_0.15,plain_conf_threshold_matched_tau_0.15,plain_conf_threshold_iso_budget_curve,active_macro_f1,db10_amputee_loso|S113,S113,ex1,0.8292857142857143,0.5052380952380953,0.32404761904761903,0.28214285714285714,True,False,5,0.7442874643691548,0.5848568060676201,,0.1594306583015347,,0.1594306583015347,
db10,db10_amputee_loso,agency_vs_plain_conf_iso_budget,0.15,agency_margin_tau_0.15,plain_conf_threshold_matched_tau_0.15,plain_conf_threshold_iso_budget_curve,active_macro_f1,db10_amputee_loso|S114,S114,ex1,0.7402380952380953,0.37666666666666665,0.3635714285714286,0.315,True,False,5,0.6589645495935825,0.4956636949204894,,0.16330085467309313,,0.16330085467309313,
db10,db10_amputee_loso,agency_vs_plain_conf_iso_budget,0.15,agency_margin_tau_0.15,plain_conf_threshold_matched_tau_0.15,plain_conf_threshold_iso_budget_curve,active_macro_f1,db10_amputee_loso|S115,S115,ex1,0.8811904761904762,0.012380952380952381,0.8688095238095238,0.8433333333333334,True,False,5,0.03621336870857288,0.06148091319865948,,-0.025267544490086606,,-0.025267544490086606,
db10,db10_amputee_loso,agency_vs_plain_conf_iso_budget,0.20,agency_margin_tau_0.20,plain_conf_threshold_matched_tau_0.20,plain_conf_threshold_iso_budget_curve,active_macro_f1,db10_amputee_loso|S101,S101,ex1,0.7235714285714285,0.655,0.0685714285714285,0.0685714285714285,True,False,5,0.7930174110959828,0.7833281924015824,,0.009689218694400425,,0.009689218694400425,
db10,db10_amputee_loso,agency_vs_plain_conf_iso_budget,0.20,agency_margin_tau_0.20,plain_conf_threshold_matched_tau_0.20,plain_conf_threshold_iso_budget_curve,active_macro_f1,db10_amputee_loso|S102,S102,ex1,0.719047619047619,0.4723809523809524,0.24666666666666665,0.24666666666666665,True,False,5,0.7709693121901792,0.628391208315219,,0.14257810387496017,,0.14257810387496017,
db10,db10_amputee_loso,agency_vs_plain_conf_iso_budget,0.20,agency_margin_tau_0.20,plain_conf_threshold_matched_tau_0.20,plain_conf_threshold_iso_budget_curve,active_macro_f1,db10_amputee_loso|S103,S103,ex1,0.7588095238095238,0.6173809523809524,0.14142857142857146,0.14142857142857146,True,False,5,0.8436702183631531,0.7473160723929985,,0.09635414597015468,,0.09635414597015468,
db10,db10_amputee_loso,agency_vs_plain_conf_iso_budget,0.20,agency_margin_tau_0.20,plain_conf_threshold_matched_tau_0.20,plain_conf_threshold_iso_budget_curve,active_macro_f1,db10_amputee_loso|S104,S104,ex1,0.7547619047619047,0.6130952380952381,0.1416666666666666,0.1416666666666666,True,False,5,0.7684275751390485,0.7263043519538532,,0.042123223185195235,,0.042123223185195235,
db10,db10_amputee_loso,agency_vs_plain_conf_iso_budget,0.20,agency_margin_tau_0.20,plain_conf_threshold_matched_tau_0.20,plain_conf_threshold_iso_budget_curve,active_macro_f1,db10_amputee_loso|S105,S105,ex1,0.7504761904761905,0.505,0.24547619047619051,0.24547619047619051,True,False,5,0.6785381198733271,0.5718530886113065,,0.10668503126202067,,0.10668503126202067,
db10,db10_amputee_loso,agency_vs_plain_conf_iso_budget,0.20,agency_margin_tau_0.20,plain_conf_threshold_matched_tau_0.20,plain_conf_threshold_iso_budget_curve,active_macro_f1,db10_amputee_loso|S106,S106,ex1,0.7995238095238095,0.7016666666666667,0.09785714285714286,0.09785714285714286,True,False,5,0.751079415031967,0.7687241230480497,,-0.017644708016082755,,-0.017644708016082755,
db10,db10_amputee_loso,agency_vs_plain_conf_iso_budget,0.20,agency_margin_tau_0.20,plain_conf_threshold_matched_tau_0.20,plain_conf_threshold_iso_budget_curve,active_macro_f1,db10_amputee_loso|S107,S107,ex1,0.8142857142857143,0.5830952380952381,0.23119047619047617,0.23119047619047617,True,False,5,0.776151029441152,0.6592246641663312,,0.11692636527482081,,0.11692636527482081,
db10,db10_amputee_loso,agency_vs_plain_conf_iso_budget,0.20,agency_margin_tau_0.20,plain_conf_threshold_matched_tau_0.20,plain_conf_threshold_iso_budget_curve,active_macro_f1,db10_amputee_loso|S108,S108,ex1,1.0,0.5407142857142857,0.4592857142857143,0.4592857142857143,True,False,5,0.001702127659574468,0.017853922452660053,,-0.016151794793085584,,-0.016151794793085584,
db10,db10_amputee_loso,agency_vs_plain_conf_iso_budget,0.20,agency_margin_tau_0.20,plain_conf_threshold_matched_tau_0.20,plain_conf_threshold_iso_budget_curve,active_macro_f1,db10_amputee_loso|S109,S109,ex1,0.7297619047619047,0.6011904761904762,0.12857142857142856,0.12857142857142856,True,False,5,0.8515994223881066,0.7845907620615885,,0.06700866032651809,,0.06700866032651809,
db10,db10_amputee_loso,agency_vs_plain_conf_iso_budget,0.20,agency_margin_tau_0.20,plain_conf_threshold_matched_tau_0.20,plain_conf_threshold_iso_budget_curve,active_macro_f1,db10_amputee_loso|S110,S110,ex1,0.8252380952380952,0.6266666666666667,0.1985714285714285,0.1985714285714285,True,False,5,0.5600612368569162,0.4758558177834026,,0.08420541907351364,,0.08420541907351364,
db10,db10_amputee_loso,agency_vs_plain_conf_iso_budget,0.20,agency_margin_tau_0.20,plain_conf_threshold_matched_tau_0.20,plain_conf_threshold_iso_budget_curve,active_macro_f1,db10_amputee_loso|S111,S111,ex1,0.7728571428571429,0.539047619047619,0.2338095238095239,0.2338095238095239,True,False,5,0.7464076696553864,0.5616516125277972,,0.18475605712758925,,0.18475605712758925,
db10,db10_amputee_loso,agency_vs_plain_conf_iso_budget,0.20,agency_margin_tau_0.20,plain_conf_threshold_matched_tau_0.20,plain_conf_threshold_iso_budget_curve,active_macro_f1,db10_amputee_loso|S112,S112,ex1,0.7323809523809524,0.5547619047619048,0.17761904761904757,0.17761904761904757,True,False,5,0.8080548661469716,0.7125940407964143,,0.09546082535055733,,0.09546082535055733,
db10,db10_amputee_loso,agency_vs_plain_conf_iso_budget,0.20,agency_margin_tau_0.20,plain_conf_threshold_matched_tau_0.20,plain_conf_threshold_iso_budget_curve,active_macro_f1,db10_amputee_loso|S113,S113,ex1,0.8397619047619047,0.5471428571428572,0.29261904761904756,0.29261904761904756,True,False,5,0.7636965527240417,0.6125194401344412,,0.15117711258960054,,0.15117711258960054,
db10,db10_amputee_loso,agency_vs_plain_conf_iso_budget,0.20,agency_margin_tau_0.20,plain_conf_threshold_matched_tau_0.20,plain_conf_threshold_iso_budget_curve,active_macro_f1,db10_amputee_loso|S114,S114,ex1,0.785,0.42523809523809525,0.3597619047619048,0.3597619047619048,True,False,5,0.7233211700896196,0.5343640963458912,,0.1889570737437284,,0.1889570737437284,
db10,db10_amputee_loso,agency_vs_plain_conf_iso_budget,0.20,agency_margin_tau_0.20,plain_conf_threshold_matched_tau_0.20,plain_conf_threshold_iso_budget_curve,active_macro_f1,db10_amputee_loso|S115,S115,ex1,0.9747619047619047,0.03785714285714286,0.9369047619047619,0.9369047619047619,True,False,5,0.029321090620579117,0.06248033718906678,,-0.03315924656848766,,-0.03315924656848766,
db10,db10_amputee_loso,agency_vs_plain_conf_iso_budget,0.02,agency_margin_tau_0.02,plain_conf_threshold_matched_tau_0.02,plain_conf_threshold_iso_budget_curve,active_risk_coverage_auc,db10_amputee_loso|S101,S101,ex1,0.2311904761904762,0.2292857142857143,0.001904761904761909,0.001904761904761909,False,True,5,0.5097124007784168,0.34961668314658895,0.3476076161974568,0.1600957176318279,0.16210478458096006,-0.1600957176318279,-0.16210478458096006
db10,db10_amputee_loso,agency_vs_plain_conf_iso_budget,0.02,agency_margin_tau_0.02,plain_conf_threshold_matched_tau_0.02,plain_conf_threshold_iso_budget_curve,active_risk_coverage_auc,db10_amputee_loso|S102,S102,ex1,0.2180952380952381,0.01904761904761905,0.19904761904761903,0.04642857142857143,False,True,5,0.5826053910412977,0.8172590764892461,0.325587025791516,-0.2346536854479484,0.2570183652497817,0.2346536854479484,-0.2570183652497817
db10,db10_amputee_loso,agency_vs_plain_conf_iso_budget,0.02,agency_margin_tau_0.02,plain_conf_threshold_matched_tau_0.02,plain_conf_threshold_iso_budget_curve,active_risk_coverage_auc,db10_amputee_loso|S103,S103,ex1,0.31976190476190475,0.12785714285714286,0.19190476190476188,0.029047619047619044,False,True,5,0.3724715716788083,0.48678121046287437,0.21907393849373946,-0.11430963878406608,0.15339763318506883,0.11430963878406608,-0.15339763318506883
db10,db10_amputee_loso,agency_vs_plain_conf_iso_budget,0.02,agency_margin_tau_0.02,plain_conf_threshold_matched_tau_0.02,plain_conf_threshold_iso_budget_curve,active_risk_coverage_auc,db10_amputee_loso|S104,S104,ex1,0.21,0.09952380952380953,0.11047619047619046,0.08976190476190479,False,True,5,0.6239356316455599,0.5712528671907534,0.3762931955273168,0.05268276445480646,0.24764243611824305,-0.05268276445480646,-0.24764243611824305
db10,db10_amputee_loso,agency_vs_plain_conf_iso_budget,0.02,agency_margin_tau_0.02,plain_conf_threshold_matched_tau_0.02,plain_conf_threshold_iso_budget_curve,active_risk_coverage_auc,db10_amputee_loso|S105,S105,ex1,0.11357142857142857,0.02976190476190476,0.0838095238095238,0.07547619047619047,False,True,5,0.770687982156363,0.8630572797950203,0.6868957669264656,-0.09236929763865731,0.08379221522989744,0.09236929763865731,-0.08379221522989744
db10,db10_amputee_loso,agency_vs_plain_conf_iso_budget,0.02,agency_margin_tau_0.02,plain_conf_threshold_matched_tau_0.02,plain_conf_threshold_iso_budget_curve,active_risk_coverage_auc,db10_amputee_loso|S106,S106,ex1,0.08761904761904762,0.11047619047619048,-0.022857142857142854,0.022857142857142854,True,False,5,0.5765575694234975,0.43928215734627307,,0.13727541207722438,,-0.13727541207722438,
db10,db10_amputee_loso,agency_vs_plain_conf_iso_budget,0.02,agency_margin_tau_0.02,plain_conf_threshold_matched_tau_0.02,plain_conf_threshold_iso_budget_curve,active_risk_coverage_auc,db10_amputee_loso|S107,S107,ex1,0.23976190476190476,0.02761904761904762,0.21214285714285713,0.03547619047619047,False,True,5,0.5640423536667749,0.7106272965514644,0.2816699265789062,-0.14658494288468948,0.2823724270878687,0.14658494288468948,-0.2823724270878687
db10,db10_amputee_loso,agency_vs_plain_conf_iso_budget,0.02,agency_margin_tau_0.02,plain_conf_threshold_matched_tau_0.02,plain_conf_threshold_iso_budget_curve,active_risk_coverage_auc,db10_amputee_loso|S108,S108,ex1,0.0,0.0038095238095238095,-0.0038095238095238095,0.0038095238095238095,True,False,5,0.918207513318023,0.9185157783748847,,-0.0003082650568617673,,0.0003082650568617673,
db10,db10_amputee_loso,agency_vs_plain_conf_iso_budget,0.02,agency_margin_tau_0.02,plain_conf_threshold_matched_tau_0.02,plain_conf_threshold_iso_budget_curve,active_risk_coverage_auc,db10_amputee_loso|S109,S109,ex1,0.1895238095238095,0.09095238095238095,0.09857142857142856,0.09857142857142856,False,True,5,0.4871422729396336,0.5864365735895724,0.4086916665299772,-0.09929430064993877,0.0784506064096564,0.09929430064993877,-0.0784506064096564
db10,db10_amputee_loso,agency_vs_plain_conf_iso_budget,0.02,agency_margin_tau_0.02,plain_conf_threshold_matched_tau_0.02,plain_conf_threshold_iso_budget_curve,active_risk_coverage_auc,db10_amputee_loso|S110,S110,ex1,0.13047619047619047,0.056428571428571425,0.07404761904761904,0.07404761904761904,False,True,5,0.750301926412915,0.7399575750408174,0.6637616464476757,0.01034435137209766,0.08654027996523939,-0.01034435137209766,-0.08654027996523939
db10,db10_amputee_loso,agency_vs_plain_conf_iso_budget,0.02,agency_margin_tau_0.02,plain_conf_threshold_matched_tau_0.02,plain_conf_threshold_iso_budget_curve,active_risk_coverage_auc,db10_amputee_loso|S111,S111,ex1,0.18071428571428572,0.04023809523809524,0.14047619047619048,0.04261904761904761,False,True,5,0.6406154609808428,0.8615467283260099,0.5720016722944161,-0.2209312673451671,0.06861378868642665,0.2209312673451671,-0.06861378868642665
db10,db10_amputee_loso,agency_vs_plain_conf_iso_budget,0.02,agency_margin_tau_0.02,plain_conf_threshold_matched_tau_0.02,plain_conf_threshold_iso_budget_curve,active_risk_coverage_auc,db10_amputee_loso|S112,S112,ex1,0.3426190476190476,0.07095238095238095,0.27166666666666667,0.0811904761904762,False,True,5,0.4288974329094012,0.5641964035726954,0.1945421499815052,-0.13529897066329422,0.23435528292789598,0.13529897066329422,-0.23435528292789598
db10,db10_amputee_loso,agency_vs_plain_conf_iso_budget,0.02,agency_margin_tau_0.02,plain_conf_threshold_matched_tau_0.02,plain_conf_threshold_iso_budget_curve,active_risk_coverage_auc,db10_amputee_loso|S113,S113,ex1,0.19952380952380952,0.002619047619047619,0.1969047619047619,0.053571428571428575,False,True,5,0.6239461929600065,0.8816549768714504,0.41916873234076485,-0.2577087839114439,0.20477746061924168,0.2577087839114439,-0.20477746061924168
db10,db10_amputee_loso,agency_vs_plain_conf_iso_budget,0.02,agency_margin_tau_0.02,plain_conf_threshold_matched_tau_0.02,plain_conf_threshold_iso_budget_curve,active_risk_coverage_auc,db10_amputee_loso|S114,S114,ex1,0.13333333333333333,0.0,0.13333333333333333,0.09238095238095237,False,True,5,0.7023471990667121,0.9191183759142639,0.5652985261863807,-0.21677117684755187,0.1370486728803314,0.21677117684755187,-0.1370486728803314
db10,db10_amputee_loso,agency_vs_plain_conf_iso_budget,0.02,agency_margin_tau_0.02,plain_conf_threshold_matched_tau_0.02,plain_conf_threshold_iso_budget_curve,active_risk_coverage_auc,db10_amputee_loso|S115,S115,ex1,0.06,0.0,0.06,0.022142857142857138,True,False,5,0.9127383930643516,0.909675479502581,,0.003062913561770575,,-0.003062913561770575,
db10,db10_amputee_loso,agency_vs_plain_conf_iso_budget,0.05,agency_margin_tau_0.05,plain_conf_threshold_matched_tau_0.05,plain_conf_threshold_iso_budget_curve,active_risk_coverage_auc,db10_amputee_loso|S101,S101,ex1,0.43857142857142856,0.44023809523809526,-0.0016666666666667052,0.0016666666666667052,False,True,5,0.2839801405898561,0.12711251853020095,0.12887045211069162,0.15686762205965515,0.15510968847916448,-0.15686762205965515,-0.15510968847916448
db10,db10_amputee_loso,agency_vs_plain_conf_iso_budget,0.05,agency_margin_tau_0.05,plain_conf_threshold_matched_tau_0.05,plain_conf_threshold_iso_budget_curve,active_risk_coverage_auc,db10_amputee_loso|S102,S102,ex1,0.5464285714285714,0.17166666666666666,0.37476190476190474,0.07404761904761897,True,False,5,0.22466483344408997,0.3700671906490424,,-0.14540235720495245,,0.14540235720495245,
db10,db10_amputee_loso,agency_vs_plain_conf_iso_budget,0.05,agency_margin_tau_0.05,plain_conf_threshold_matched_tau_0.05,plain_conf_threshold_iso_budget_curve,active_risk_coverage_auc,db10_amputee_loso|S103,S103,ex1,0.5964285714285714,0.3488095238095238,0.24761904761904763,0.006190476190476191,False,True,5,0.1310561971820511,0.17855249037930465,0.08539876657875656,-0.04749629319725354,0.04565743060329455,0.04749629319725354,-0.04565743060329455
db10,db10_amputee_loso,agency_vs_plain_conf_iso_budget,0.05,agency_margin_tau_0.05,plain_conf_threshold_matched_tau_0.05,plain_conf_threshold_iso_budget_curve,active_risk_coverage_auc,db10_amputee_loso|S104,S104,ex1,0.439047619047619,0.2997619047619048,0.13928571428571423,0.05261904761904762,False,True,5,0.36390075957159634,0.21788846230077455,0.13876801856056023,0.1460122972708218,0.2251327410110361,-0.1460122972708218,-0.2251327410110361
db10,db10_amputee_loso,agency_vs_plain_conf_iso_budget,0.05,agency_margin_tau_0.05,plain_conf_threshold_matched_tau_0.05,plain_conf_threshold_iso_budget_curve,active_risk_coverage_auc,db10_amputee_loso|S105,S105,ex1,0.28476190476190477,0.18904761904761905,0.09571428571428572,0.09571428571428572,False,True,5,0.6132004737425814,0.528250313576091,0.4521969712353106,0.08495016016649037,0.16100350250727075,-0.08495016016649037,-0.16100350250727075
db10,db10_amputee_loso,agency_vs_plain_conf_iso_budget,0.05,agency_margin_tau_0.05,plain_conf_threshold_matched_tau_0.05,plain_conf_threshold_iso_budget_curve,active_risk_coverage_auc,db10_amputee_loso|S106,S106,ex1,0.24095238095238095,0.3607142857142857,-0.11976190476190476,0.11976190476190476,False,True,5,0.452925394562551,0.1416562789032331,0.28409758894780884,0.3112691156593179,0.16882780561474214,-0.3112691156593179,-0.16882780561474214
db10,db10_amputee_loso,agency_vs_plain_conf_iso_budget,0.05,agency_margin_tau_0.05,plain_conf_threshold_matched_tau_0.05,plain_conf_threshold_iso_budget_curve,active_risk_coverage_auc,db10_amputee_loso|S107,S107,ex1,0.4988095238095238,0.2042857142857143,0.2945238095238095,0.044047619047619,False,True,5,0.31235657622924173,0.30472989390627,0.14074158803357265,0.007626682322971756,0.1716149881956691,-0.007626682322971756,-0.1716149881956691
db10,db10_amputee_loso,agency_vs_plain_conf_iso_budget,0.05,agency_margin_tau_0.05,plain_conf_threshold_matched_tau_0.05,plain_conf_threshold_iso_budget_curve,active_risk_coverage_auc,db10_amputee_loso|S108,S108,ex1,0.0030952380952380953,0.07761904761904762,-0.07452380952380952,0.0007142857142857142,True,False,5,0.9173876003969235,0.9313765936559445,,-0.013988993259021032,,0.013988993259021032,
db10,db10_amputee_loso,agency_vs_plain_conf_iso_budget,0.05,agency_margin_tau_0.05,plain_conf_threshold_matched_tau_0.05,plain_conf_threshold_iso_budget_curve,active_risk_coverage_auc,db10_amputee_loso|S109,S109,ex1,0.44,0.31523809523809526,0.12476190476190474,0.04857142857142854,False,True,5,0.24752030819838355,0.18200250970034845,0.11427516419084284,0.0655177984980351,0.13324514400754073,-0.0655177984980351,-0.13324514400754073
db10,db10_amputee_loso,agency_vs_plain_conf_iso_budget,0.05,agency_margin_tau_0.05,plain_conf_threshold_matched_tau_0.05,plain_conf_threshold_iso_budget_curve,active_risk_coverage_auc,db10_amputee_loso|S110,S110,ex1,0.3254761904761905,0.30214285714285716,0.023333333333333317,0.023333333333333317,False,True,5,0.6442993439973813,0.4871144936642186,0.477947068753,0.1571848503331627,0.1663522752443813,-0.1571848503331627,-0.1663522752443813
db10,db10_amputee_loso,agency_vs_plain_conf_iso_budget,0.05,agency_margin_tau_0.05,plain_conf_threshold_matched_tau_0.05,plain_conf_threshold_iso_budget_curve,active_risk_coverage_auc,db10_amputee_loso|S111,S111,ex1,0.42547619047619045,0.22333333333333333,0.20214285714285712,0.014999999999999958,False,True,5,0.33245594582842763,0.4841566468204241,0.3002150975670924,-0.15170070099199645,0.03224084826133522,0.15170070099199645,-0.03224084826133522
db10,db10_amputee_loso,agency_vs_plain_conf_iso_budget,0.05,agency_margin_tau_0.05,plain_conf_threshold_matched_tau_0.05,plain_conf_threshold_iso_budget_curve,active_risk_coverage_auc,db10_amputee_loso|S112,S112,ex1,0.5628571428571428,0.2342857142857143,0.3285714285714285,0.008095238095238044,True,False,5,0.21218599619482045,0.2628548989818906,,-0.05066890278707012,,0.05066890278707012,
db10,db10_amputee_loso,agency_vs_plain_conf_iso_budget,0.05,agency_margin_tau_0.05,plain_conf_threshold_matched_tau_0.05,plain_conf_threshold_iso_budget_curve,active_risk_coverage_auc,db10_amputee_loso|S113,S113,ex1,0.5719047619047619,0.14595238095238094,0.42595238095238097,0.024761904761904763,True,False,5,0.3149890666200626,0.4729175880955994,,-0.15792852147553682,,0.15792852147553682,
db10,db10_amputee_loso,agency_vs_plain_conf_iso_budget,0.05,agency_margin_tau_0.05,plain_conf_threshold_matched_tau_0.05,plain_conf_threshold_iso_budget_curve,active_risk_coverage_auc,db10_amputee_loso|S114,S114,ex1,0.32095238095238093,0.040952380952380955,0.27999999999999997,0.055714285714285716,False,True,5,0.5522307069654318,0.7671568568677645,0.2590318653445397,-0.21492614990233272,0.29319884162089205,0.21492614990233272,-0.29319884162089205
db10,db10_amputee_loso,agency_vs_plain_conf_iso_budget,0.05,agency_margin_tau_0.05,plain_conf_threshold_matched_tau_0.05,plain_conf_threshold_iso_budget_curve,active_risk_coverage_auc,db10_amputee_loso|S115,S115,ex1,0.20023809523809524,0.0002380952380952381,0.2,0.16238095238095238,True,False,5,0.9224531477632308,0.9098325862989052,,0.012620561464325664,,-0.012620561464325664,
db10,db10_amputee_loso,agency_vs_plain_conf_iso_budget,0.10,agency_margin_tau_0.10,plain_conf_threshold_matched_tau_0.10,plain_conf_threshold_iso_budget_curve,active_risk_coverage_auc,db10_amputee_loso|S101,S101,ex1,0.6145238095238095,0.5754761904761905,0.039047619047619,0.017142857142857237,False,True,5,0.11414245895422108,0.08123687212821773,0.07535394979049574,0.03290558682600335,0.03878850916372534,-0.03290558682600335,-0.03878850916372534
db10,db10_amputee_loso,agency_vs_plain_conf_iso_budget,0.10,agency_margin_tau_0.10,plain_conf_threshold_matched_tau_0.10,plain_conf_threshold_iso_budget_curve,active_risk_coverage_auc,db10_amputee_loso|S102,S102,ex1,0.695,0.355,0.33999999999999997,0.22261904761904755,True,False,5,0.13172432654166544,0.1944275653141945,,-0.06270323877252906,,0.06270323877252906,
db10,db10_amputee_loso,agency_vs_plain_conf_iso_budget,0.10,agency_margin_tau_0.10,plain_conf_threshold_matched_tau_0.10,plain_conf_threshold_iso_budget_curve,active_risk_coverage_auc,db10_amputee_loso|S103,S103,ex1,0.7459523809523809,0.5045238095238095,0.24142857142857144,0.12857142857142856,True,False,5,0.07506421379332218,0.10494723287104017,,-0.029883019077717995,,0.029883019077717995,
db10,db10_amputee_loso,agency_vs_plain_conf_iso_budget,0.10,agency_margin_tau_0.10,plain_conf_threshold_matched_tau_0.10,plain_conf_threshold_iso_budget_curve,active_risk_coverage_auc,db10_amputee_loso|S104,S104,ex1,0.6073809523809524,0.49166666666666664,0.11571428571428571,0.005714285714285783,False,True,5,0.18050509358415062,0.10887807314759035,0.09231457838043414,0.07162702043656027,0.08819051520371649,-0.07162702043656027,-0.08819051520371649
db10,db10_amputee_loso,agency_vs_plain_conf_iso_budget,0.10,agency_margin_tau_0.10,plain_conf_threshold_matched_tau_0.10,plain_conf_threshold_iso_budget_curve,active_risk_coverage_auc,db10_amputee_loso|S105,S105,ex1,0.539047619047619,0.38785714285714284,0.15119047619047615,0.03404761904761899,True,False,5,0.4177879210887807,0.37027881891302733,,0.04750910217575338,,-0.04750910217575338,
db10,db10_amputee_loso,agency_vs_plain_conf_iso_budget,0.10,agency_margin_tau_0.10,plain_conf_threshold_matched_tau_0.10,plain_conf_threshold_iso_budget_curve,active_risk_coverage_auc,db10_amputee_loso|S106,S106,ex1,0.5230952380952381,0.5771428571428572,-0.05404761904761912,0.05404761904761912,False,True,5,0.23806272680483717,0.07513305674382671,0.09174556656801292,0.16292967006101045,0.14631716023682426,-0.16292967006101045,-0.14631716023682426
db10,db10_amputee_loso,agency_vs_plain_conf_iso_budget,0.10,agency_margin_tau_0.10,plain_conf_threshold_matched_tau_0.10,plain_conf_threshold_iso_budget_curve,active_risk_coverage_auc,db10_amputee_loso|S107,S107,ex1,0.6966666666666667,0.43166666666666664,0.265,0.11357142857142855,True,False,5,0.16898336469893532,0.1569294321771935,,0.012053932521741834,,-0.012053932521741834,
db10,db10_amputee_loso,agency_vs_plain_conf_iso_budget,0.10,agency_margin_tau_0.10,plain_conf_threshold_matched_tau_0.10,plain_conf_threshold_iso_budget_curve,active_risk_coverage_auc,db10_amputee_loso|S108,S108,ex1,0.9990476190476191,0.2969047619047619,0.7021428571428572,0.45833333333333337,True,False,5,0.9999341147398761,0.9678922894999806,,0.032041825239895516,,-0.032041825239895516,
db10,db10_amputee_loso,agency_vs_plain_conf_iso_budget,0.10,agency_margin_tau_0.10,plain_conf_threshold_matched_tau_0.10,plain_conf_threshold_iso_budget_curve,active_risk_coverage_auc,db10_amputee_loso|S109,S109,ex1,0.6478571428571429,0.48857142857142855,0.15928571428571436,0.046666666666666745,True,False,5,0.1052431671044259,0.08790802967950861,,0.017335137424917282,,-0.017335137424917282,
db10,db10_amputee_loso,agency_vs_plain_conf_iso_budget,0.10,agency_margin_tau_0.10,plain_conf_threshold_matched_tau_0.10,plain_conf_threshold_iso_budget_curve,active_risk_coverage_auc,db10_amputee_loso|S110,S110,ex1,0.5678571428571428,0.4990476190476191,0.06880952380952376,0.02880952380952384,False,True,5,0.43898489169992766,0.40975265283179235,0.3922165950142421,0.029232238868135307,0.04676829668568555,-0.029232238868135307,-0.04676829668568555
db10,db10_amputee_loso,agency_vs_plain_conf_iso_budget,0.10,agency_margin_tau_0.10,plain_conf_threshold_matched_tau_0.10,plain_conf_threshold_iso_budget_curve,active_risk_coverage_auc,db10_amputee_loso|S111,S111,ex1,0.6523809523809524,0.4104761904761905,0.2419047619047619,0.1133333333333334,True,False,5,0.23532205189271463,0.3078407496518731,,-0.07251869775915845,,0.07251869775915845,
db10,db10_amputee_loso,agency_vs_plain_conf_iso_budget,0.10,agency_margin_tau_0.10,plain_conf_threshold_matched_tau_0.10,plain_conf_threshold_iso_budget_curve,active_risk_coverage_auc,db10_amputee_loso|S112,S112,ex1,0.6942857142857143,0.4238095238095238,0.2704761904761905,0.1395238095238095,True,False,5,0.11872002103304288,0.1433451227086889,,-0.02462510167564602,,0.02462510167564602,
db10,db10_amputee_loso,agency_vs_plain_conf_iso_budget,0.10,agency_margin_tau_0.10,plain_conf_threshold_matched_tau_0.10,plain_conf_threshold_iso_budget_curve,active_risk_coverage_auc,db10_amputee_loso|S113,S113,ex1,0.775952380952381,0.3892857142857143,0.38666666666666666,0.2288095238095238,True,False,5,0.17712960302869676,0.2287783410669731,,-0.051648738038276326,,0.051648738038276326,
db10,db10_amputee_loso,agency_vs_plain_conf_iso_budget,0.10,agency_margin_tau_0.10,plain_conf_threshold_matched_tau_0.10,plain_conf_threshold_iso_budget_curve,active_risk_coverage_auc,db10_amputee_loso|S114,S114,ex1,0.59,0.24166666666666667,0.3483333333333333,0.16476190476190472,True,False,5,0.2944243952898212,0.3285832157223868,,-0.03415882043256563,,0.03415882043256563,
db10,db10_amputee_loso,agency_vs_plain_conf_iso_budget,0.10,agency_margin_tau_0.10,plain_conf_threshold_matched_tau_0.10,plain_conf_threshold_iso_budget_curve,active_risk_coverage_auc,db10_amputee_loso|S115,S115,ex1,0.5302380952380953,0.0038095238095238095,0.5264285714285715,0.4923809523809524,True,False,5,0.938760010591814,0.9103483130993639,,0.028411697492450094,,-0.028411697492450094,
db10,db10_amputee_loso,agency_vs_plain_conf_iso_budget,0.15,agency_margin_tau_0.15,plain_conf_threshold_matched_tau_0.15,plain_conf_threshold_iso_budget_curve,active_risk_coverage_auc,db10_amputee_loso|S101,S101,ex1,0.6935714285714286,0.6316666666666667,0.06190476190476191,0.03857142857142859,True,False,5,0.0817439240507472,0.07277120339832509,,0.008972720652422106,,-0.008972720652422106,
db10,db10_amputee_loso,agency_vs_plain_conf_iso_budget,0.15,agency_margin_tau_0.15,plain_conf_threshold_matched_tau_0.15,plain_conf_threshold_iso_budget_curve,active_risk_coverage_auc,db10_amputee_loso|S102,S102,ex1,0.715952380952381,0.439047619047619,0.276904761904762,0.2435714285714286,True,False,5,0.12155087146469101,0.15559928185427496,,-0.03404841038958395,,0.03404841038958395,
db10,db10_amputee_loso,agency_vs_plain_conf_iso_budget,0.15,agency_margin_tau_0.15,plain_conf_threshold_matched_tau_0.15,plain_conf_threshold_iso_budget_curve,active_risk_coverage_auc,db10_amputee_loso|S103,S103,ex1,0.758095238095238,0.5902380952380952,0.16785714285714282,0.14071428571428568,True,False,5,0.0723487554475108,0.08636923099834326,,-0.014020475550832454,,0.014020475550832454,
db10,db10_amputee_loso,agency_vs_plain_conf_iso_budget,0.15,agency_margin_tau_0.15,plain_conf_threshold_matched_tau_0.15,plain_conf_threshold_iso_budget_curve,active_risk_coverage_auc,db10_amputee_loso|S104,S104,ex1,0.7121428571428572,0.5830952380952381,0.12904761904761908,0.09904761904761905,True,False,5,0.11130385866777985,0.09473299924696345,,0.016570859420816403,,-0.016570859420816403,
db10,db10_amputee_loso,agency_vs_plain_conf_iso_budget,0.15,agency_margin_tau_0.15,plain_conf_threshold_matched_tau_0.15,plain_conf_threshold_iso_budget_curve,active_risk_coverage_auc,db10_amputee_loso|S105,S105,ex1,0.7038095238095238,0.4745238095238095,0.22928571428571426,0.19880952380952377,True,False,5,0.34612878896479915,0.34425945875517305,,0.0018693302096260966,,-0.0018693302096260966,
db10,db10_amputee_loso,agency_vs_plain_conf_iso_budget,0.15,agency_margin_tau_0.15,plain_conf_threshold_matched_tau_0.15,plain_conf_threshold_iso_budget_curve,active_risk_coverage_auc,db10_amputee_loso|S106,S106,ex1,0.7019047619047619,0.6716666666666666,0.030238095238095286,0.00023809523809525945,True,False,5,0.12282246758547558,0.06445578482924515,,0.05836668275623043,,-0.05836668275623043,
db10,db10_amputee_loso,agency_vs_plain_conf_iso_budget,0.15,agency_margin_tau_0.15,plain_conf_threshold_matched_tau_0.15,plain_conf_threshold_iso_budget_curve,active_risk_coverage_auc,db10_amputee_loso|S107,S107,ex1,0.784047619047619,0.5428571428571428,0.24119047619047618,0.20095238095238088,True,False,5,0.12105882535617637,0.1301219030457363,,-0.009063077689559912,,0.009063077689559912,
db10,db10_amputee_loso,agency_vs_plain_conf_iso_budget,0.15,agency_margin_tau_0.15,plain_conf_threshold_matched_tau_0.15,plain_conf_threshold_iso_budget_curve,active_risk_coverage_auc,db10_amputee_loso|S108,S108,ex1,1.0,0.4780952380952381,0.5219047619047619,0.4592857142857143,True,False,5,0.9999700600580854,0.9853998823475879,,0.014570177710497512,,-0.014570177710497512,
db10,db10_amputee_loso,agency_vs_plain_conf_iso_budget,0.15,agency_margin_tau_0.15,plain_conf_threshold_matched_tau_0.15,plain_conf_threshold_iso_budget_curve,active_risk_coverage_auc,db10_amputee_loso|S109,S109,ex1,0.7173809523809523,0.574047619047619,0.1433333333333333,0.11619047619047618,True,False,5,0.07212931024238968,0.07466057459340643,,-0.0025312643510167487,,0.0025312643510167487,
db10,db10_amputee_loso,agency_vs_plain_conf_iso_budget,0.15,agency_margin_tau_0.15,plain_conf_threshold_matched_tau_0.15,plain_conf_threshold_iso_budget_curve,active_risk_coverage_auc,db10_amputee_loso|S110,S110,ex1,0.7326190476190476,0.5966666666666667,0.13595238095238094,0.10595238095238091,True,False,5,0.37924949699023747,0.384874508523157,,-0.005625011532919555,,0.005625011532919555,
db10,db10_amputee_loso,agency_vs_plain_conf_iso_budget,0.15,agency_margin_tau_0.15,plain_conf_threshold_matched_tau_0.15,plain_conf_threshold_iso_budget_curve,active_risk_coverage_auc,db10_amputee_loso|S111,S111,ex1,0.7583333333333333,0.5092857142857142,0.24904761904761907,0.2192857142857143,True,False,5,0.2119273488325976,0.2576082795695876,,-0.045680930736990005,,0.045680930736990005,
db10,db10_amputee_loso,agency_vs_plain_conf_iso_budget,0.15,agency_margin_tau_0.15,plain_conf_threshold_matched_tau_0.15,plain_conf_threshold_iso_budget_curve,active_risk_coverage_auc,db10_amputee_loso|S112,S112,ex1,0.7283333333333334,0.5228571428571429,0.20547619047619048,0.1735714285714286,True,False,5,0.10156803016066701,0.11788465028113958,,-0.016316620120472566,,0.016316620120472566,
db10,db10_amputee_loso,agency_vs_plain_conf_iso_budget,0.15,agency_margin_tau_0.15,plain_conf_threshold_matched_tau_0.15,plain_conf_threshold_iso_budget_curve,active_risk_coverage_auc,db10_amputee_loso|S113,S113,ex1,0.8292857142857143,0.5052380952380953,0.32404761904761903,0.28214285714285714,True,False,5,0.14027713062287306,0.17564513641982618,,-0.03536800579695312,,0.03536800579695312,
db10,db10_amputee_loso,agency_vs_plain_conf_iso_budget,0.15,agency_margin_tau_0.15,plain_conf_threshold_matched_tau_0.15,plain_conf_threshold_iso_budget_curve,active_risk_coverage_auc,db10_amputee_loso|S114,S114,ex1,0.7402380952380953,0.37666666666666665,0.3635714285714286,0.315,True,False,5,0.17249657043593306,0.2101579434574039,,-0.03766137302147085,,0.03766137302147085,
db10,db10_amputee_loso,agency_vs_plain_conf_iso_budget,0.15,agency_margin_tau_0.15,plain_conf_threshold_matched_tau_0.15,plain_conf_threshold_iso_budget_curve,active_risk_coverage_auc,db10_amputee_loso|S115,S115,ex1,0.8811904761904762,0.012380952380952381,0.8688095238095238,0.8433333333333334,True,False,5,0.9299862674098045,0.9130158255674734,,0.016970441842331097,,-0.016970441842331097,
db10,db10_amputee_loso,agency_vs_plain_conf_iso_budget,0.20,agency_margin_tau_0.20,plain_conf_threshold_matched_tau_0.20,plain_conf_threshold_iso_budget_curve,active_risk_coverage_auc,db10_amputee_loso|S101,S101,ex1,0.7235714285714285,0.655,0.0685714285714285,0.0685714285714285,True,False,5,0.07379367326587363,0.07048656335925318,,0.003307109906620448,,-0.003307109906620448,
db10,db10_amputee_loso,agency_vs_plain_conf_iso_budget,0.20,agency_margin_tau_0.20,plain_conf_threshold_matched_tau_0.20,plain_conf_threshold_iso_budget_curve,active_risk_coverage_auc,db10_amputee_loso|S102,S102,ex1,0.719047619047619,0.4723809523809524,0.24666666666666665,0.24666666666666665,True,False,5,0.1204517872427378,0.14464039962123332,,-0.02418861237849551,,0.02418861237849551,
db10,db10_amputee_loso,agency_vs_plain_conf_iso_budget,0.20,agency_margin_tau_0.20,plain_conf_threshold_matched_tau_0.20,plain_conf_threshold_iso_budget_curve,active_risk_coverage_auc,db10_amputee_loso|S103,S103,ex1,0.7588095238095238,0.6173809523809524,0.14142857142857146,0.14142857142857146,True,False,5,0.07198903464168183,0.08211411777400156,,-0.010125083132319732,,0.010125083132319732,
db10,db10_amputee_loso,agency_vs_plain_conf_iso_budget,0.20,agency_margin_tau_0.20,plain_conf_threshold_matched_tau_0.20,plain_conf_threshold_iso_budget_curve,active_risk_coverage_auc,db10_amputee_loso|S104,S104,ex1,0.7547619047619047,0.6130952380952381,0.1416666666666666,0.1416666666666666,True,False,5,0.09283334484050154,0.09174553817654488,,0.0010878066639566641,,-0.0010878066639566641,
db10,db10_amputee_loso,agency_vs_plain_conf_iso_budget,0.20,agency_margin_tau_0.20,plain_conf_threshold_matched_tau_0.20,plain_conf_threshold_iso_budget_curve,active_risk_coverage_auc,db10_amputee_loso|S105,S105,ex1,0.7504761904761905,0.505,0.24547619047619051,0.24547619047619051,True,False,5,0.32490986230440255,0.3385421332457489,,-0.013632270941346336,,0.013632270941346336,
db10,db10_amputee_loso,agency_vs_plain_conf_iso_budget,0.20,agency_margin_tau_0.20,plain_conf_threshold_matched_tau_0.20,plain_conf_threshold_iso_budget_curve,active_risk_coverage_auc,db10_amputee_loso|S106,S106,ex1,0.7995238095238095,0.7016666666666667,0.09785714285714286,0.09785714285714286,True,False,5,0.07671656635229591,0.06239269594633405,,0.014323870405961864,,-0.014323870405961864,
db10,db10_amputee_loso,agency_vs_plain_conf_iso_budget,0.20,agency_margin_tau_0.20,plain_conf_threshold_matched_tau_0.20,plain_conf_threshold_iso_budget_curve,active_risk_coverage_auc,db10_amputee_loso|S107,S107,ex1,0.8142857142857143,0.5830952380952381,0.23119047619047617,0.23119047619047617,True,False,5,0.10921044093799462,0.12366070979438594,,-0.014450268856391321,,0.014450268856391321,
db10,db10_amputee_loso,agency_vs_plain_conf_iso_budget,0.20,agency_margin_tau_0.20,plain_conf_threshold_matched_tau_0.20,plain_conf_threshold_iso_budget_curve,active_risk_coverage_auc,db10_amputee_loso|S108,S108,ex1,1.0,0.5407142857142857,0.4592857142857143,0.4592857142857143,True,False,5,0.9999700600580854,0.9895962577213561,,0.010373802336729354,,-0.010373802336729354,
db10,db10_amputee_loso,agency_vs_plain_conf_iso_budget,0.20,agency_margin_tau_0.20,plain_conf_threshold_matched_tau_0.20,plain_conf_threshold_iso_budget_curve,active_risk_coverage_auc,db10_amputee_loso|S109,S109,ex1,0.7297619047619047,0.6011904761904762,0.12857142857142856,0.12857142857142856,True,False,5,0.06798473615705558,0.07271881139345512,,-0.004734075236399543,,0.004734075236399543,
db10,db10_amputee_loso,agency_vs_plain_conf_iso_budget,0.20,agency_margin_tau_0.20,plain_conf_threshold_matched_tau_0.20,plain_conf_threshold_iso_budget_curve,active_risk_coverage_auc,db10_amputee_loso|S110,S110,ex1,0.8252380952380952,0.6266666666666667,0.1985714285714285,0.1985714285714285,True,False,5,0.3577346826008436,0.3791283529600028,,-0.021393670359159178,,0.021393670359159178,
db10,db10_amputee_loso,agency_vs_plain_conf_iso_budget,0.20,agency_margin_tau_0.20,plain_conf_threshold_matched_tau_0.20,plain_conf_threshold_iso_budget_curve,active_risk_coverage_auc,db10_amputee_loso|S111,S111,ex1,0.7728571428571429,0.539047619047619,0.2338095238095239,0.2338095238095239,True,False,5,0.20933923348666392,0.24538965173891775,,-0.03605041825225383,,0.03605041825225383,
db10,db10_amputee_loso,agency_vs_plain_conf_iso_budget,0.20,agency_margin_tau_0.20,plain_conf_threshold_matched_tau_0.20,plain_conf_threshold_iso_budget_curve,active_risk_coverage_auc,db10_amputee_loso|S112,S112,ex1,0.7323809523809524,0.5547619047619048,0.17761904761904757,0.17761904761904757,True,False,5,0.09942870768506139,0.11158513291773453,,-0.012156425232673143,,0.012156425232673143,
db10,db10_amputee_loso,agency_vs_plain_conf_iso_budget,0.20,agency_margin_tau_0.20,plain_conf_threshold_matched_tau_0.20,plain_conf_threshold_iso_budget_curve,active_risk_coverage_auc,db10_amputee_loso|S113,S113,ex1,0.8397619047619047,0.5471428571428572,0.29261904761904756,0.29261904761904756,True,False,5,0.13475445633722274,0.1643621575568774,,-0.029607701219654642,,0.029607701219654642,
db10,db10_amputee_loso,agency_vs_plain_conf_iso_budget,0.20,agency_margin_tau_0.20,plain_conf_threshold_matched_tau_0.20,plain_conf_threshold_iso_budget_curve,active_risk_coverage_auc,db10_amputee_loso|S114,S114,ex1,0.785,0.42523809523809525,0.3597619047619048,0.3597619047619048,True,False,5,0.14311992517408564,0.1840703735156275,,-0.04095044834154185,,0.04095044834154185,
db10,db10_amputee_loso,agency_vs_plain_conf_iso_budget,0.20,agency_margin_tau_0.20,plain_conf_threshold_matched_tau_0.20,plain_conf_threshold_iso_budget_curve,active_risk_coverage_auc,db10_amputee_loso|S115,S115,ex1,0.9747619047619047,0.03785714285714286,0.9369047619047619,0.9369047619047619,True,False,5,0.9285138707250822,0.9156033533598208,,0.012910517365261387,,-0.012910517365261387,
db10,db10_amputee_loso,agency_vs_plain_conf_iso_budget,0.02,agency_margin_tau_0.02,plain_conf_threshold_matched_tau_0.02,plain_conf_threshold_iso_budget_curve,ece,db10_amputee_loso|S101,S101,ex1,0.2311904761904762,0.2292857142857143,0.001904761904761909,0.001904761904761909,False,True,5,0.14683575609304955,0.11246855454157904,0.11234491303357341,0.03436720155147051,0.03449084305947614,-0.03436720155147051,-0.03449084305947614
db10,db10_amputee_loso,agency_vs_plain_conf_iso_budget,0.02,agency_margin_tau_0.02,plain_conf_threshold_matched_tau_0.02,plain_conf_threshold_iso_budget_curve,ece,db10_amputee_loso|S102,S102,ex1,0.2180952380952381,0.01904761904761905,0.19904761904761903,0.04642857142857143,False,True,5,0.18167965282036028,0.20325104322424242,0.17100187339827483,-0.021571390403882146,0.010677779422085448,0.021571390403882146,-0.010677779422085448
db10,db10_amputee_loso,agency_vs_plain_conf_iso_budget,0.02,agency_margin_tau_0.02,plain_conf_threshold_matched_tau_0.02,plain_conf_threshold_iso_budget_curve,ece,db10_amputee_loso|S103,S103,ex1,0.31976190476190475,0.12785714285714286,0.19190476190476188,0.029047619047619044,False,True,5,0.0991570513709695,0.13983466662777524,0.127335778116158,-0.040677615256805744,-0.02817872674518851,0.040677615256805744,0.02817872674518851
db10,db10_amputee_loso,agency_vs_plain_conf_iso_budget,0.02,agency_margin_tau_0.02,plain_conf_threshold_matched_tau_0.02,plain_conf_threshold_iso_budget_curve,ece,db10_amputee_loso|S104,S104,ex1,0.21,0.09952380952380953,0.11047619047619046,0.08976190476190479,False,True,5,0.15908522041843653,0.15905900922297736,0.14908510113826026,2.621119545917483e-05,0.010000119280176273,-2.621119545917483e-05,-0.010000119280176273
db10,db10_amputee_loso,agency_vs_plain_conf_iso_budget,0.02,agency_margin_tau_0.02,plain_conf_threshold_matched_tau_0.02,plain_conf_threshold_iso_budget_curve,ece,db10_amputee_loso|S105,S105,ex1,0.11357142857142857,0.02976190476190476,0.0838095238095238,0.07547619047619047,False,True,5,0.28630863154296066,0.027519488473235543,0.03423087114912379,0.2587891430697251,0.2520777603938369,-0.2587891430697251,-0.2520777603938369
db10,db10_amputee_loso,agency_vs_plain_conf_iso_budget,0.02,agency_margin_tau_0.02,plain_conf_threshold_matched_tau_0.02,plain_conf_threshold_iso_budget_curve,ece,db10_amputee_loso|S106,S106,ex1,0.08761904761904762,0.11047619047619048,-0.022857142857142854,0.022857142857142854,True,False,5,0.2241380256410616,0.07072359227609118,,0.15341443336497043,,-0.15341443336497043,
db10,db10_amputee_loso,agency_vs_plain_conf_iso_budget,0.02,agency_margin_tau_0.02,plain_conf_threshold_matched_tau_0.02,plain_conf_threshold_iso_budget_curve,ece,db10_amputee_loso|S107,S107,ex1,0.23976190476190476,0.02761904761904762,0.21214285714285713,0.03547619047619047,False,True,5,0.19403934503544662,0.11071353176566161,0.09725179568312102,0.08332581326978501,0.0967875493523256,-0.08332581326978501,-0.0967875493523256
db10,db10_amputee_loso,agency_vs_plain_conf_iso_budget,0.02,agency_margin_tau_0.02,plain_conf_threshold_matched_tau_0.02,plain_conf_threshold_iso_budget_curve,ece,db10_amputee_loso|S108,S108,ex1,0.0,0.0038095238095238095,-0.0038095238095238095,0.0038095238095238095,True,False,5,0.11289683574939509,0.11071689579625342,,0.0021799399531416686,,-0.0021799399531416686,
db10,db10_amputee_loso,agency_vs_plain_conf_iso_budget,0.02,agency_margin_tau_0.02,plain_conf_threshold_matched_tau_0.02,plain_conf_threshold_iso_budget_curve,ece,db10_amputee_loso|S109,S109,ex1,0.1895238095238095,0.09095238095238095,0.09857142857142856,0.09857142857142856,False,True,5,0.17856479865473324,0.10747802016548,0.11416044270741692,0.07108677848925324,0.06440435594731632,-0.07108677848925324,-0.06440435594731632
db10,db10_amputee_loso,agency_vs_plain_conf_iso_budget,0.02,agency_margin_tau_0.02,plain_conf_threshold_matched_tau_0.02,plain_conf_threshold_iso_budget_curve,ece,db10_amputee_loso|S110,S110,ex1,0.13047619047619047,0.056428571428571425,0.07404761904761904,0.07404761904761904,False,True,5,0.2273624548367819,0.05774164004811295,0.07085515391761885,0.16962081478866897,0.15650730091916307,-0.16962081478866897,-0.15650730091916307
db10,db10_amputee_loso,agency_vs_plain_conf_iso_budget,0.02,agency_margin_tau_0.02,plain_conf_threshold_matched_tau_0.02,plain_conf_threshold_iso_budget_curve,ece,db10_amputee_loso|S111,S111,ex1,0.18071428571428572,0.04023809523809524,0.14047619047619048,0.04261904761904761,False,True,5,0.22037567010290815,0.1208700306984684,0.1252413255900919,0.09950563940443975,0.09513434451281624,-0.09950563940443975,-0.09513434451281624
db10,db10_amputee_loso,agency_vs_plain_conf_iso_budget,0.02,agency_margin_tau_0.02,plain_conf_threshold_matched_tau_0.02,plain_conf_threshold_iso_budget_curve,ece,db10_amputee_loso|S112,S112,ex1,0.3426190476190476,0.07095238095238095,0.27166666666666667,0.0811904761904762,False,True,5,0.10164801814765115,0.20615479631408665,0.16121634746366006,-0.1045067781664355,-0.05956832931600892,0.1045067781664355,0.05956832931600892
db10,db10_amputee_loso,agency_vs_plain_conf_iso_budget,0.02,agency_margin_tau_0.02,plain_conf_threshold_matched_tau_0.02,plain_conf_threshold_iso_budget_curve,ece,db10_amputee_loso|S113,S113,ex1,0.19952380952380952,0.002619047619047619,0.1969047619047619,0.053571428571428575,False,True,5,0.1758202613620105,0.2474981832249217,0.23368207221844314,-0.07167792186291119,-0.05786181085643263,0.07167792186291119,0.05786181085643263
db10,db10_amputee_loso,agency_vs_plain_conf_iso_budget,0.02,agency_margin_tau_0.02,plain_conf_threshold_matched_tau_0.02,plain_conf_threshold_iso_budget_curve,ece,db10_amputee_loso|S114,S114,ex1,0.13333333333333333,0.0,0.13333333333333333,0.09238095238095237,False,True,5,0.19709885030619498,0.06871579514257695,0.09789423052232196,0.12838305516361803,0.09920461978387302,-0.12838305516361803,-0.09920461978387302
db10,db10_amputee_loso,agency_vs_plain_conf_iso_budget,0.02,agency_margin_tau_0.02,plain_conf_threshold_matched_tau_0.02,plain_conf_threshold_iso_budget_curve,ece,db10_amputee_loso|S115,S115,ex1,0.06,0.0,0.06,0.022142857142857138,True,False,5,0.15124970402928187,0.10003667318569251,,0.05121303084358936,,-0.05121303084358936,
db10,db10_amputee_loso,agency_vs_plain_conf_iso_budget,0.05,agency_margin_tau_0.05,plain_conf_threshold_matched_tau_0.05,plain_conf_threshold_iso_budget_curve,ece,db10_amputee_loso|S101,S101,ex1,0.43857142857142856,0.44023809523809526,-0.0016666666666667052,0.0016666666666667052,False,True,5,0.07844037211167962,0.09877525752995578,0.09888344384946071,-0.02033488541827616,-0.020443071737781093,0.02033488541827616,0.020443071737781093
db10,db10_amputee_loso,agency_vs_plain_conf_iso_budget,0.05,agency_margin_tau_0.05,plain_conf_threshold_matched_tau_0.05,plain_conf_threshold_iso_budget_curve,ece,db10_amputee_loso|S102,S102,ex1,0.5464285714285714,0.17166666666666666,0.37476190476190474,0.07404761904761897,True,False,5,0.04653892005775603,0.17857932230094944,,-0.1320404022431934,,0.1320404022431934,
db10,db10_amputee_loso,agency_vs_plain_conf_iso_budget,0.05,agency_margin_tau_0.05,plain_conf_threshold_matched_tau_0.05,plain_conf_threshold_iso_budget_curve,ece,db10_amputee_loso|S103,S103,ex1,0.5964285714285714,0.3488095238095238,0.24761904761904763,0.006190476190476191,False,True,5,0.06726009032794292,0.12544388680298518,0.0949147214727565,-0.058183796475042265,-0.027654631144813577,0.058183796475042265,0.027654631144813577
db10,db10_amputee_loso,agency_vs_plain_conf_iso_budget,0.05,agency_margin_tau_0.05,plain_conf_threshold_matched_tau_0.05,plain_conf_threshold_iso_budget_curve,ece,db10_amputee_loso|S104,S104,ex1,0.439047619047619,0.2997619047619048,0.13928571428571423,0.05261904761904762,False,True,5,0.09796239012913137,0.1409813008194276,0.12054690904774293,-0.043018910690296244,-0.02258451891861156,0.043018910690296244,0.02258451891861156
db10,db10_amputee_loso,agency_vs_plain_conf_iso_budget,0.05,agency_margin_tau_0.05,plain_conf_threshold_matched_tau_0.05,plain_conf_threshold_iso_budget_curve,ece,db10_amputee_loso|S105,S105,ex1,0.28476190476190477,0.18904761904761905,0.09571428571428572,0.09571428571428572,False,True,5,0.2563741818918823,0.04027492884303452,0.04503244158524071,0.2160992530488478,0.2113417403066416,-0.2160992530488478,-0.2113417403066416
db10,db10_amputee_loso,agency_vs_plain_conf_iso_budget,0.05,agency_margin_tau_0.05,plain_conf_threshold_matched_tau_0.05,plain_conf_threshold_iso_budget_curve,ece,db10_amputee_loso|S106,S106,ex1,0.24095238095238095,0.3607142857142857,-0.11976190476190476,0.11976190476190476,False,True,5,0.20940584384882166,0.05747528076928633,0.06381581424970768,0.15193056307953534,0.145590029599114,-0.15193056307953534,-0.145590029599114
db10,db10_amputee_loso,agency_vs_plain_conf_iso_budget,0.05,agency_margin_tau_0.05,plain_conf_threshold_matched_tau_0.05,plain_conf_threshold_iso_budget_curve,ece,db10_amputee_loso|S107,S107,ex1,0.4988095238095238,0.2042857142857143,0.2945238095238095,0.044047619047619,False,True,5,0.13556848152819984,0.1011018650448971,0.07111465162394817,0.03446661648330274,0.06445382990425166,-0.03446661648330274,-0.06445382990425166
db10,db10_amputee_loso,agency_vs_plain_conf_iso_budget,0.05,agency_margin_tau_0.05,plain_conf_threshold_matched_tau_0.05,plain_conf_threshold_iso_budget_curve,ece,db10_amputee_loso|S108,S108,ex1,0.0030952380952380953,0.07761904761904762,-0.07452380952380952,0.0007142857142857142,True,False,5,0.11466640199699725,0.10231180571643225,,0.012354596280564997,,-0.012354596280564997,
db10,db10_amputee_loso,agency_vs_plain_conf_iso_budget,0.05,agency_margin_tau_0.05,plain_conf_threshold_matched_tau_0.05,plain_conf_threshold_iso_budget_curve,ece,db10_amputee_loso|S109,S109,ex1,0.44,0.31523809523809526,0.12476190476190474,0.04857142857142854,False,True,5,0.0950658556675825,0.12268295261597414,0.12409942480675053,-0.02761709694839165,-0.029033569139168033,0.02761709694839165,0.029033569139168033
db10,db10_amputee_loso,agency_vs_plain_conf_iso_budget,0.05,agency_margin_tau_0.05,plain_conf_threshold_matched_tau_0.05,plain_conf_threshold_iso_budget_curve,ece,db10_amputee_loso|S110,S110,ex1,0.3254761904761905,0.30214285714285716,0.023333333333333317,0.023333333333333317,False,True,5,0.21710930185668625,0.10125657996235758,0.10409869634725585,0.11585272189432867,0.1130106055094304,-0.11585272189432867,-0.1130106055094304
db10,db10_amputee_loso,agency_vs_plain_conf_iso_budget,0.05,agency_margin_tau_0.05,plain_conf_threshold_matched_tau_0.05,plain_conf_threshold_iso_budget_curve,ece,db10_amputee_loso|S111,S111,ex1,0.42547619047619045,0.22333333333333333,0.20214285714285712,0.014999999999999958,False,True,5,0.09695316111964095,0.12656753200636411,0.13250731790147238,-0.029614370886723168,-0.035554156781831436,0.029614370886723168,0.035554156781831436
db10,db10_amputee_loso,agency_vs_plain_conf_iso_budget,0.05,agency_margin_tau_0.05,plain_conf_threshold_matched_tau_0.05,plain_conf_threshold_iso_budget_curve,ece,db10_amputee_loso|S112,S112,ex1,0.5628571428571428,0.2342857142857143,0.3285714285714285,0.008095238095238044,True,False,5,0.06355270999984514,0.1844112779983048,,-0.12085856799845968,,0.12085856799845968,
db10,db10_amputee_loso,agency_vs_plain_conf_iso_budget,0.05,agency_margin_tau_0.05,plain_conf_threshold_matched_tau_0.05,plain_conf_threshold_iso_budget_curve,ece,db10_amputee_loso|S113,S113,ex1,0.5719047619047619,0.14595238095238094,0.42595238095238097,0.024761904761904763,True,False,5,0.143628119230669,0.2406260764644234,,-0.0969979572337544,,0.0969979572337544,
db10,db10_amputee_loso,agency_vs_plain_conf_iso_budget,0.05,agency_margin_tau_0.05,plain_conf_threshold_matched_tau_0.05,plain_conf_threshold_iso_budget_curve,ece,db10_amputee_loso|S114,S114,ex1,0.32095238095238093,0.040952380952380955,0.27999999999999997,0.055714285714285716,False,True,5,0.13363923121895788,0.07505653221410283,0.13599767273487076,0.05858269900485505,-0.0023584415159128846,-0.05858269900485505,0.0023584415159128846
db10,db10_amputee_loso,agency_vs_plain_conf_iso_budget,0.05,agency_margin_tau_0.05,plain_conf_threshold_matched_tau_0.05,plain_conf_threshold_iso_budget_curve,ece,db10_amputee_loso|S115,S115,ex1,0.20023809523809524,0.0002380952380952381,0.2,0.16238095238095238,True,False,5,0.2254973817119519,0.10017064678517976,,0.12532673492677215,,-0.12532673492677215,
db10,db10_amputee_loso,agency_vs_plain_conf_iso_budget,0.10,agency_margin_tau_0.10,plain_conf_threshold_matched_tau_0.10,plain_conf_threshold_iso_budget_curve,ece,db10_amputee_loso|S101,S101,ex1,0.6145238095238095,0.5754761904761905,0.039047619047619,0.017142857142857237,False,True,5,0.07331032931028134,0.08452301309504322,0.08000332071086194,-0.011212683784761882,-0.006692991400580606,0.011212683784761882,0.006692991400580606
db10,db10_amputee_loso,agency_vs_plain_conf_iso_budget,0.10,agency_margin_tau_0.10,plain_conf_threshold_matched_tau_0.10,plain_conf_threshold_iso_budget_curve,ece,db10_amputee_loso|S102,S102,ex1,0.695,0.355,0.33999999999999997,0.22261904761904755,True,False,5,0.07759714837669059,0.14865811381346508,,-0.0710609654367745,,0.0710609654367745,
db10,db10_amputee_loso,agency_vs_plain_conf_iso_budget,0.10,agency_margin_tau_0.10,plain_conf_threshold_matched_tau_0.10,plain_conf_threshold_iso_budget_curve,ece,db10_amputee_loso|S103,S103,ex1,0.7459523809523809,0.5045238095238095,0.24142857142857144,0.12857142857142856,True,False,5,0.07801342591949843,0.10413730085001308,,-0.026123874930514643,,0.026123874930514643,
db10,db10_amputee_loso,agency_vs_plain_conf_iso_budget,0.10,agency_margin_tau_0.10,plain_conf_threshold_matched_tau_0.10,plain_conf_threshold_iso_budget_curve,ece,db10_amputee_loso|S104,S104,ex1,0.6073809523809524,0.49166666666666664,0.11571428571428571,0.005714285714285783,False,True,5,0.06277892825380653,0.11282724993399537,0.08887102754308905,-0.05004832168018884,-0.026092099289282522,0.05004832168018884,0.026092099289282522
db10,db10_amputee_loso,agency_vs_plain_conf_iso_budget,0.10,agency_margin_tau_0.10,plain_conf_threshold_matched_tau_0.10,plain_conf_threshold_iso_budget_curve,ece,db10_amputee_loso|S105,S105,ex1,0.539047619047619,0.38785714285714284,0.15119047619047615,0.03404761904761899,True,False,5,0.17641355322858202,0.0501568272006021,,0.1262567260279799,,-0.1262567260279799,
db10,db10_amputee_loso,agency_vs_plain_conf_iso_budget,0.10,agency_margin_tau_0.10,plain_conf_threshold_matched_tau_0.10,plain_conf_threshold_iso_budget_curve,ece,db10_amputee_loso|S106,S106,ex1,0.5230952380952381,0.5771428571428572,-0.05404761904761912,0.05404761904761912,False,True,5,0.1428475344366424,0.05659743096550116,0.05681665198360813,0.08625010347114123,0.08603088245303425,-0.08625010347114123,-0.08603088245303425
db10,db10_amputee_loso,agency_vs_plain_conf_iso_budget,0.10,agency_margin_tau_0.10,plain_conf_threshold_matched_tau_0.10,plain_conf_threshold_iso_budget_curve,ece,db10_amputee_loso|S107,S107,ex1,0.6966666666666667,0.43166666666666664,0.265,0.11357142857142855,True,False,5,0.06757771549588487,0.07642524598116453,,-0.008847530485279656,,0.008847530485279656,
db10,db10_amputee_loso,agency_vs_plain_conf_iso_budget,0.10,agency_margin_tau_0.10,plain_conf_threshold_matched_tau_0.10,plain_conf_threshold_iso_budget_curve,ece,db10_amputee_loso|S108,S108,ex1,0.9990476190476191,0.2969047619047619,0.7021428571428572,0.45833333333333337,True,False,5,0.14868205097379059,0.11900416065619321,,0.029677890317597377,,-0.029677890317597377,
db10,db10_amputee_loso,agency_vs_plain_conf_iso_budget,0.10,agency_margin_tau_0.10,plain_conf_threshold_matched_tau_0.10,plain_conf_threshold_iso_budget_curve,ece,db10_amputee_loso|S109,S109,ex1,0.6478571428571429,0.48857142857142855,0.15928571428571436,0.046666666666666745,True,False,5,0.06972780536708728,0.12465087581231996,,-0.054923070445232675,,0.054923070445232675,
db10,db10_amputee_loso,agency_vs_plain_conf_iso_budget,0.10,agency_margin_tau_0.10,plain_conf_threshold_matched_tau_0.10,plain_conf_threshold_iso_budget_curve,ece,db10_amputee_loso|S110,S110,ex1,0.5678571428571428,0.4990476190476191,0.06880952380952376,0.02880952380952384,False,True,5,0.18074912292783474,0.12524056210838688,0.12870631297490753,0.055508560819447855,0.052042809952927205,-0.055508560819447855,-0.052042809952927205
db10,db10_amputee_loso,agency_vs_plain_conf_iso_budget,0.10,agency_margin_tau_0.10,plain_conf_threshold_matched_tau_0.10,plain_conf_threshold_iso_budget_curve,ece,db10_amputee_loso|S111,S111,ex1,0.6523809523809524,0.4104761904761905,0.2419047619047619,0.1133333333333334,True,False,5,0.09328052801149918,0.13263437498654604,,-0.03935384697504686,,0.03935384697504686,
db10,db10_amputee_loso,agency_vs_plain_conf_iso_budget,0.10,agency_margin_tau_0.10,plain_conf_threshold_matched_tau_0.10,plain_conf_threshold_iso_budget_curve,ece,db10_amputee_loso|S112,S112,ex1,0.6942857142857143,0.4238095238095238,0.2704761904761905,0.1395238095238095,True,False,5,0.05489101335269972,0.14383289403000324,,-0.08894188067730352,,0.08894188067730352,
db10,db10_amputee_loso,agency_vs_plain_conf_iso_budget,0.10,agency_margin_tau_0.10,plain_conf_threshold_matched_tau_0.10,plain_conf_threshold_iso_budget_curve,ece,db10_amputee_loso|S113,S113,ex1,0.775952380952381,0.3892857142857143,0.38666666666666666,0.2288095238095238,True,False,5,0.11327939096932949,0.20908486606712637,,-0.09580547509779688,,0.09580547509779688,
db10,db10_amputee_loso,agency_vs_plain_conf_iso_budget,0.10,agency_margin_tau_0.10,plain_conf_threshold_matched_tau_0.10,plain_conf_threshold_iso_budget_curve,ece,db10_amputee_loso|S114,S114,ex1,0.59,0.24166666666666667,0.3483333333333333,0.16476190476190472,True,False,5,0.089768078442263,0.12467555199201193,,-0.03490747354974892,,0.03490747354974892,
db10,db10_amputee_loso,agency_vs_plain_conf_iso_budget,0.10,agency_margin_tau_0.10,plain_conf_threshold_matched_tau_0.10,plain_conf_threshold_iso_budget_curve,ece,db10_amputee_loso|S115,S115,ex1,0.5302380952380953,0.0038095238095238095,0.5264285714285715,0.4923809523809524,True,False,5,0.3104668711169885,0.10185803345733269,,0.20860883765965582,,-0.20860883765965582,
db10,db10_amputee_loso,agency_vs_plain_conf_iso_budget,0.15,agency_margin_tau_0.15,plain_conf_threshold_matched_tau_0.15,plain_conf_threshold_iso_budget_curve,ece,db10_amputee_loso|S101,S101,ex1,0.6935714285714286,0.6316666666666667,0.06190476190476191,0.03857142857142859,True,False,5,0.06624418012921733,0.07801906551780674,,-0.01177488538858941,,0.01177488538858941,
db10,db10_amputee_loso,agency_vs_plain_conf_iso_budget,0.15,agency_margin_tau_0.15,plain_conf_threshold_matched_tau_0.15,plain_conf_threshold_iso_budget_curve,ece,db10_amputee_loso|S102,S102,ex1,0.715952380952381,0.439047619047619,0.276904761904762,0.2435714285714286,True,False,5,0.09035026692863148,0.12784770200882795,,-0.03749743508019647,,0.03749743508019647,
db10,db10_amputee_loso,agency_vs_plain_conf_iso_budget,0.15,agency_margin_tau_0.15,plain_conf_threshold_matched_tau_0.15,plain_conf_threshold_iso_budget_curve,ece,db10_amputee_loso|S103,S103,ex1,0.758095238095238,0.5902380952380952,0.16785714285714282,0.14071428571428568,True,False,5,0.08197618416916826,0.09568457977075408,,-0.013708395601585821,,0.013708395601585821,
db10,db10_amputee_loso,agency_vs_plain_conf_iso_budget,0.15,agency_margin_tau_0.15,plain_conf_threshold_matched_tau_0.15,plain_conf_threshold_iso_budget_curve,ece,db10_amputee_loso|S104,S104,ex1,0.7121428571428572,0.5830952380952381,0.12904761904761908,0.09904761904761905,True,False,5,0.053003973096202285,0.09418676297950118,,-0.0411827898832989,,0.0411827898832989,
db10,db10_amputee_loso,agency_vs_plain_conf_iso_budget,0.15,agency_margin_tau_0.15,plain_conf_threshold_matched_tau_0.15,plain_conf_threshold_iso_budget_curve,ece,db10_amputee_loso|S105,S105,ex1,0.7038095238095238,0.4745238095238095,0.22928571428571426,0.19880952380952377,True,False,5,0.08069811050492934,0.05825828445237612,,0.022439826052553215,,-0.022439826052553215,
db10,db10_amputee_loso,agency_vs_plain_conf_iso_budget,0.15,agency_margin_tau_0.15,plain_conf_threshold_matched_tau_0.15,plain_conf_threshold_iso_budget_curve,ece,db10_amputee_loso|S106,S106,ex1,0.7019047619047619,0.6716666666666666,0.030238095238095286,0.00023809523809525945,True,False,5,0.08130164936135972,0.05209894755569713,,0.029202701805662597,,-0.029202701805662597,
db10,db10_amputee_loso,agency_vs_plain_conf_iso_budget,0.15,agency_margin_tau_0.15,plain_conf_threshold_matched_tau_0.15,plain_conf_threshold_iso_budget_curve,ece,db10_amputee_loso|S107,S107,ex1,0.784047619047619,0.5428571428571428,0.24119047619047618,0.20095238095238088,True,False,5,0.026404274383140247,0.06763075107045517,,-0.041226476687314925,,0.041226476687314925,
db10,db10_amputee_loso,agency_vs_plain_conf_iso_budget,0.15,agency_margin_tau_0.15,plain_conf_threshold_matched_tau_0.15,plain_conf_threshold_iso_budget_curve,ece,db10_amputee_loso|S108,S108,ex1,1.0,0.4780952380952381,0.5219047619047619,0.4592857142857143,True,False,5,0.1307625426813903,0.12478446007974359,,0.0059780826016467,,-0.0059780826016467,
db10,db10_amputee_loso,agency_vs_plain_conf_iso_budget,0.15,agency_margin_tau_0.15,plain_conf_threshold_matched_tau_0.15,plain_conf_threshold_iso_budget_curve,ece,db10_amputee_loso|S109,S109,ex1,0.7173809523809523,0.574047619047619,0.1433333333333333,0.11619047619047618,True,False,5,0.08508542209272665,0.11071559998572389,,-0.025630177892997236,,0.025630177892997236,
db10,db10_amputee_loso,agency_vs_plain_conf_iso_budget,0.15,agency_margin_tau_0.15,plain_conf_threshold_matched_tau_0.15,plain_conf_threshold_iso_budget_curve,ece,db10_amputee_loso|S110,S110,ex1,0.7326190476190476,0.5966666666666667,0.13595238095238094,0.10595238095238091,True,False,5,0.15486901693323754,0.13015737129618435,,0.024711645637053192,,-0.024711645637053192,
db10,db10_amputee_loso,agency_vs_plain_conf_iso_budget,0.15,agency_margin_tau_0.15,plain_conf_threshold_matched_tau_0.15,plain_conf_threshold_iso_budget_curve,ece,db10_amputee_loso|S111,S111,ex1,0.7583333333333333,0.5092857142857142,0.24904761904761907,0.2192857142857143,True,False,5,0.13366489447360422,0.1317974116483624,,0.001867482825241823,,-0.001867482825241823,
db10,db10_amputee_loso,agency_vs_plain_conf_iso_budget,0.15,agency_margin_tau_0.15,plain_conf_threshold_matched_tau_0.15,plain_conf_threshold_iso_budget_curve,ece,db10_amputee_loso|S112,S112,ex1,0.7283333333333334,0.5228571428571429,0.20547619047619048,0.1735714285714286,True,False,5,0.06444435637614326,0.11636323258565956,,-0.051918876209516296,,0.051918876209516296,
db10,db10_amputee_loso,agency_vs_plain_conf_iso_budget,0.15,agency_margin_tau_0.15,plain_conf_threshold_matched_tau_0.15,plain_conf_threshold_iso_budget_curve,ece,db10_amputee_loso|S113,S113,ex1,0.8292857142857143,0.5052380952380953,0.32404761904761903,0.28214285714285714,True,False,5,0.07802955315954291,0.1817842558053878,,-0.10375470264584488,,0.10375470264584488,
db10,db10_amputee_loso,agency_vs_plain_conf_iso_budget,0.15,agency_margin_tau_0.15,plain_conf_threshold_matched_tau_0.15,plain_conf_threshold_iso_budget_curve,ece,db10_amputee_loso|S114,S114,ex1,0.7402380952380953,0.37666666666666665,0.3635714285714286,0.315,True,False,5,0.12695793663879348,0.14395375758120402,,-0.016995820942410533,,0.016995820942410533,
db10,db10_amputee_loso,agency_vs_plain_conf_iso_budget,0.15,agency_margin_tau_0.15,plain_conf_threshold_matched_tau_0.15,plain_conf_threshold_iso_budget_curve,ece,db10_amputee_loso|S115,S115,ex1,0.8811904761904762,0.012380952380952381,0.8688095238095238,0.8433333333333334,True,False,5,0.31622925496552284,0.1054711680392513,,0.21075808692627154,,-0.21075808692627154,
db10,db10_amputee_loso,agency_vs_plain_conf_iso_budget,0.20,agency_margin_tau_0.20,plain_conf_threshold_matched_tau_0.20,plain_conf_threshold_iso_budget_curve,ece,db10_amputee_loso|S101,S101,ex1,0.7235714285714285,0.655,0.0685714285714285,0.0685714285714285,True,False,5,0.06445383864613792,0.07404023116377692,,-0.009586392517639,,0.009586392517639,
db10,db10_amputee_loso,agency_vs_plain_conf_iso_budget,0.20,agency_margin_tau_0.20,plain_conf_threshold_matched_tau_0.20,plain_conf_threshold_iso_budget_curve,ece,db10_amputee_loso|S102,S102,ex1,0.719047619047619,0.4723809523809524,0.24666666666666665,0.24666666666666665,True,False,5,0.09250188617569127,0.1213466841846922,,-0.02884479800900093,,0.02884479800900093,
db10,db10_amputee_loso,agency_vs_plain_conf_iso_budget,0.20,agency_margin_tau_0.20,plain_conf_threshold_matched_tau_0.20,plain_conf_threshold_iso_budget_curve,ece,db10_amputee_loso|S103,S103,ex1,0.7588095238095238,0.6173809523809524,0.14142857142857146,0.14142857142857146,True,False,5,0.08248030145513374,0.09230904723338007,,-0.009828745778246328,,0.009828745778246328,
db10,db10_amputee_loso,agency_vs_plain_conf_iso_budget,0.20,agency_margin_tau_0.20,plain_conf_threshold_matched_tau_0.20,plain_conf_threshold_iso_budget_curve,ece,db10_amputee_loso|S104,S104,ex1,0.7547619047619047,0.6130952380952381,0.1416666666666666,0.1416666666666666,True,False,5,0.054011032168683824,0.08762026626393324,,-0.033609234095249414,,0.033609234095249414,
db10,db10_amputee_loso,agency_vs_plain_conf_iso_budget,0.20,agency_margin_tau_0.20,plain_conf_threshold_matched_tau_0.20,plain_conf_threshold_iso_budget_curve,ece,db10_amputee_loso|S105,S105,ex1,0.7504761904761905,0.505,0.24547619047619051,0.24547619047619051,True,False,5,0.04986558459010086,0.05821215815586054,,-0.008346573565759678,,0.008346573565759678,
db10,db10_amputee_loso,agency_vs_plain_conf_iso_budget,0.20,agency_margin_tau_0.20,plain_conf_threshold_matched_tau_0.20,plain_conf_threshold_iso_budget_curve,ece,db10_amputee_loso|S106,S106,ex1,0.7995238095238095,0.7016666666666667,0.09785714285714286,0.09785714285714286,True,False,5,0.04699637473093498,0.04682866717124651,,0.00016770755968847223,,-0.00016770755968847223,
db10,db10_amputee_loso,agency_vs_plain_conf_iso_budget,0.20,agency_margin_tau_0.20,plain_conf_threshold_matched_tau_0.20,plain_conf_threshold_iso_budget_curve,ece,db10_amputee_loso|S107,S107,ex1,0.8142857142857143,0.5830952380952381,0.23119047619047617,0.23119047619047617,True,False,5,0.024767027301878707,0.06366406850268377,,-0.03889704120080507,,0.03889704120080507,
db10,db10_amputee_loso,agency_vs_plain_conf_iso_budget,0.20,agency_margin_tau_0.20,plain_conf_threshold_matched_tau_0.20,plain_conf_threshold_iso_budget_curve,ece,db10_amputee_loso|S108,S108,ex1,1.0,0.5407142857142857,0.4592857142857143,0.4592857142857143,True,False,5,0.1307625426813903,0.12457887142934819,,0.006183671252042097,,-0.006183671252042097,
db10,db10_amputee_loso,agency_vs_plain_conf_iso_budget,0.20,agency_margin_tau_0.20,plain_conf_threshold_matched_tau_0.20,plain_conf_threshold_iso_budget_curve,ece,db10_amputee_loso|S109,S109,ex1,0.7297619047619047,0.6011904761904762,0.12857142857142856,0.12857142857142856,True,False,5,0.09044811408125274,0.10642444313498889,,-0.015976329053736152,,0.015976329053736152,
db10,db10_amputee_loso,agency_vs_plain_conf_iso_budget,0.20,agency_margin_tau_0.20,plain_conf_threshold_matched_tau_0.20,plain_conf_threshold_iso_budget_curve,ece,db10_amputee_loso|S110,S110,ex1,0.8252380952380952,0.6266666666666667,0.1985714285714285,0.1985714285714285,True,False,5,0.12304960098044017,0.13225097429899885,,-0.009201373318558678,,0.009201373318558678,
db10,db10_amputee_loso,agency_vs_plain_conf_iso_budget,0.20,agency_margin_tau_0.20,plain_conf_threshold_matched_tau_0.20,plain_conf_threshold_iso_budget_curve,ece,db10_amputee_loso|S111,S111,ex1,0.7728571428571429,0.539047619047619,0.2338095238095239,0.2338095238095239,True,False,5,0.14326066568367607,0.13153683245839015,,0.011723833225285918,,-0.011723833225285918,
db10,db10_amputee_loso,agency_vs_plain_conf_iso_budget,0.20,agency_margin_tau_0.20,plain_conf_threshold_matched_tau_0.20,plain_conf_threshold_iso_budget_curve,ece,db10_amputee_loso|S112,S112,ex1,0.7323809523809524,0.5547619047619048,0.17761904761904757,0.17761904761904757,True,False,5,0.06966878043984268,0.11058925868899397,,-0.04092047824915129,,0.04092047824915129,
db10,db10_amputee_loso,agency_vs_plain_conf_iso_budget,0.20,agency_margin_tau_0.20,plain_conf_threshold_matched_tau_0.20,plain_conf_threshold_iso_budget_curve,ece,db10_amputee_loso|S113,S113,ex1,0.8397619047619047,0.5471428571428572,0.29261904761904756,0.29261904761904756,True,False,5,0.07422571379786128,0.17154767439783739,,-0.09732196059997611,,0.09732196059997611,
db10,db10_amputee_loso,agency_vs_plain_conf_iso_budget,0.20,agency_margin_tau_0.20,plain_conf_threshold_matched_tau_0.20,plain_conf_threshold_iso_budget_curve,ece,db10_amputee_loso|S114,S114,ex1,0.785,0.42523809523809525,0.3597619047619048,0.3597619047619048,True,False,5,0.15153954612372955,0.15524046129585758,,-0.003700915172128033,,0.003700915172128033,
db10,db10_amputee_loso,agency_vs_plain_conf_iso_budget,0.20,agency_margin_tau_0.20,plain_conf_threshold_matched_tau_0.20,plain_conf_threshold_iso_budget_curve,ece,db10_amputee_loso|S115,S115,ex1,0.9747619047619047,0.03785714285714286,0.9369047619047619,0.9369047619047619,True,False,5,0.3117633592597176,0.11465040668961587,,0.19711295257010172,,-0.19711295257010172,
db10,db10_amputee_loso,agency_vs_plain_conf_iso_budget,0.02,agency_margin_tau_0.02,plain_conf_threshold_matched_tau_0.02,plain_conf_threshold_iso_budget_curve,mean_ali,db10_amputee_loso|S101,S101,ex1,0.2311904761904762,0.2292857142857143,0.001904761904761909,0.001904761904761909,False,True,5,0.0022203131150078945,0.01421684411391082,0.014347649921789192,-0.011996530998902924,-0.012127336806781297,0.011996530998902924,0.012127336806781297
db10,db10_amputee_loso,agency_vs_plain_conf_iso_budget,0.02,agency_margin_tau_0.02,plain_conf_threshold_matched_tau_0.02,plain_conf_threshold_iso_budget_curve,mean_ali,db10_amputee_loso|S102,S102,ex1,0.2180952380952381,0.01904761904761905,0.19904761904761903,0.04642857142857143,False,True,5,0.0022450631240220876,0.0006042870370685462,0.008807123092852621,0.0016407760869535414,-0.0065620599688305335,-0.0016407760869535414,0.0065620599688305335
db10,db10_amputee_loso,agency_vs_plain_conf_iso_budget,0.02,agency_margin_tau_0.02,plain_conf_threshold_matched_tau_0.02,plain_conf_threshold_iso_budget_curve,mean_ali,db10_amputee_loso|S103,S103,ex1,0.31976190476190475,0.12785714285714286,0.19190476190476188,0.029047619047619044,False,True,5,0.003400945765322745,0.0046459305332392405,0.011561194351577653,-0.0012449847679164953,-0.008160248586254908,0.0012449847679164953,0.008160248586254908
db10,db10_amputee_loso,agency_vs_plain_conf_iso_budget,0.02,agency_margin_tau_0.02,plain_conf_threshold_matched_tau_0.02,plain_conf_threshold_iso_budget_curve,mean_ali,db10_amputee_loso|S104,S104,ex1,0.21,0.09952380952380953,0.11047619047619046,0.08976190476190479,False,True,5,0.002099075602103972,0.007452721021579557,0.016389041260347514,-0.005353645419475585,-0.014289965658243543,0.005353645419475585,0.014289965658243543
db10,db10_amputee_loso,agency_vs_plain_conf_iso_budget,0.02,agency_margin_tau_0.02,plain_conf_threshold_matched_tau_0.02,plain_conf_threshold_iso_budget_curve,mean_ali,db10_amputee_loso|S105,S105,ex1,0.11357142857142857,0.02976190476190476,0.0838095238095238,0.07547619047619047,False,True,5,0.0011762883227211622,0.0021050999913648726,0.008419229161425804,-0.0009288116686437104,-0.007242940838704641,0.0009288116686437104,0.007242940838704641
db10,db10_amputee_loso,agency_vs_plain_conf_iso_budget,0.02,agency_margin_tau_0.02,plain_conf_threshold_matched_tau_0.02,plain_conf_threshold_iso_budget_curve,mean_ali,db10_amputee_loso|S106,S106,ex1,0.08761904761904762,0.11047619047619048,-0.022857142857142854,0.022857142857142854,True,False,5,0.0008778260747597442,0.011605954839951114,,-0.01072812876519137,,0.01072812876519137,
db10,db10_amputee_loso,agency_vs_plain_conf_iso_budget,0.02,agency_margin_tau_0.02,plain_conf_threshold_matched_tau_0.02,plain_conf_threshold_iso_budget_curve,mean_ali,db10_amputee_loso|S107,S107,ex1,0.23976190476190476,0.02761904761904762,0.21214285714285713,0.03547619047619047,False,True,5,0.002446284964051254,0.001796215149707036,0.01688753924452955,0.0006500698143442182,-0.014441254280478296,-0.0006500698143442182,0.014441254280478296
db10,db10_amputee_loso,agency_vs_plain_conf_iso_budget,0.02,agency_margin_tau_0.02,plain_conf_threshold_matched_tau_0.02,plain_conf_threshold_iso_budget_curve,mean_ali,db10_amputee_loso|S108,S108,ex1,0.0,0.0038095238095238095,-0.0038095238095238095,0.0038095238095238095,True,False,5,0.0,0.00031486495544056096,,-0.00031486495544056096,,0.00031486495544056096,
db10,db10_amputee_loso,agency_vs_plain_conf_iso_budget,0.02,agency_margin_tau_0.02,plain_conf_threshold_matched_tau_0.02,plain_conf_threshold_iso_budget_curve,mean_ali,db10_amputee_loso|S109,S109,ex1,0.1895238095238095,0.09095238095238095,0.09857142857142856,0.09857142857142856,False,True,5,0.0019035749924048958,0.004180629661631196,0.01009049810537523,-0.0022770546692263,-0.008186923112970333,0.0022770546692263,0.008186923112970333
db10,db10_amputee_loso,agency_vs_plain_conf_iso_budget,0.02,agency_margin_tau_0.02,plain_conf_threshold_matched_tau_0.02,plain_conf_threshold_iso_budget_curve,mean_ali,db10_amputee_loso|S110,S110,ex1,0.13047619047619047,0.056428571428571425,0.07404761904761904,0.07404761904761904,False,True,5,0.001372109883542186,0.005262114980298197,0.01191947656924566,-0.0038900050967560105,-0.010547366685703474,0.0038900050967560105,0.010547366685703474
db10,db10_amputee_loso,agency_vs_plain_conf_iso_budget,0.02,agency_margin_tau_0.02,plain_conf_threshold_matched_tau_0.02,plain_conf_threshold_iso_budget_curve,mean_ali,db10_amputee_loso|S111,S111,ex1,0.18071428571428572,0.04023809523809524,0.14047619047619048,0.04261904761904761,False,True,5,0.0018461118558110896,0.0031863225219646075,0.013220733417511727,-0.0013402106661535179,-0.011374621561700637,0.0013402106661535179,0.011374621561700637
db10,db10_amputee_loso,agency_vs_plain_conf_iso_budget,0.02,agency_margin_tau_0.02,plain_conf_threshold_matched_tau_0.02,plain_conf_threshold_iso_budget_curve,mean_ali,db10_amputee_loso|S112,S112,ex1,0.3426190476190476,0.07095238095238095,0.27166666666666667,0.0811904761904762,False,True,5,0.003360803707116196,0.0027459913933590686,0.013789331162440677,0.0006148123137571277,-0.010428527455324481,-0.0006148123137571277,0.010428527455324481
db10,db10_amputee_loso,agency_vs_plain_conf_iso_budget,0.02,agency_margin_tau_0.02,plain_conf_threshold_matched_tau_0.02,plain_conf_threshold_iso_budget_curve,mean_ali,db10_amputee_loso|S113,S113,ex1,0.19952380952380952,0.002619047619047619,0.1969047619047619,0.053571428571428575,False,True,5,0.0020653612062865143,0.00015726436936940247,0.01068818023740577,0.0019080968369171118,-0.008622819031119257,-0.0019080968369171118,0.008622819031119257
db10,db10_amputee_loso,agency_vs_plain_conf_iso_budget,0.02,agency_margin_tau_0.02,plain_conf_threshold_matched_tau_0.02,plain_conf_threshold_iso_budget_curve,mean_ali,db10_amputee_loso|S114,S114,ex1,0.13333333333333333,0.0,0.13333333333333333,0.09238095238095237,False,True,5,0.0014027789277592131,0.0,0.011805572187806498,0.0014027789277592131,-0.010402793260047285,-0.0014027789277592131,0.010402793260047285
db10,db10_amputee_loso,agency_vs_plain_conf_iso_budget,0.02,agency_margin_tau_0.02,plain_conf_threshold_matched_tau_0.02,plain_conf_threshold_iso_budget_curve,mean_ali,db10_amputee_loso|S115,S115,ex1,0.06,0.0,0.06,0.022142857142857138,True,False,5,0.0006947518772237932,0.0,,0.0006947518772237932,,-0.0006947518772237932,
db10,db10_amputee_loso,agency_vs_plain_conf_iso_budget,0.05,agency_margin_tau_0.05,plain_conf_threshold_matched_tau_0.05,plain_conf_threshold_iso_budget_curve,mean_ali,db10_amputee_loso|S101,S101,ex1,0.43857142857142856,0.44023809523809526,-0.0016666666666667052,0.0016666666666667052,False,True,5,0.010108196361041946,0.02870358733644062,0.02858913225454704,-0.018595390975398675,-0.018480935893505093,0.018595390975398675,0.018480935893505093
db10,db10_amputee_loso,agency_vs_plain_conf_iso_budget,0.05,agency_margin_tau_0.05,plain_conf_threshold_matched_tau_0.05,plain_conf_threshold_iso_budget_curve,mean_ali,db10_amputee_loso|S102,S102,ex1,0.5464285714285714,0.17166666666666666,0.37476190476190474,0.07404761904761897,True,False,5,0.014613283853951681,0.006932648420737598,,0.007680635433214083,,-0.007680635433214083,
db10,db10_amputee_loso,agency_vs_plain_conf_iso_budget,0.05,agency_margin_tau_0.05,plain_conf_threshold_matched_tau_0.05,plain_conf_threshold_iso_budget_curve,mean_ali,db10_amputee_loso|S103,S103,ex1,0.5964285714285714,0.3488095238095238,0.24761904761904763,0.006190476190476191,False,True,5,0.013879245352915483,0.012607921629291408,0.021671577220633443,0.0012713237236240751,-0.0077923318677179595,-0.0012713237236240751,0.0077923318677179595
db10,db10_amputee_loso,agency_vs_plain_conf_iso_budget,0.05,agency_margin_tau_0.05,plain_conf_threshold_matched_tau_0.05,plain_conf_threshold_iso_budget_curve,mean_ali,db10_amputee_loso|S104,S104,ex1,0.439047619047619,0.2997619047619048,0.13928571428571423,0.05261904761904762,False,True,5,0.011360688769359724,0.023649801454346486,0.03246542288702884,-0.012289112684986761,-0.021104734117669117,0.012289112684986761,0.021104734117669117
db10,db10_amputee_loso,agency_vs_plain_conf_iso_budget,0.05,agency_margin_tau_0.05,plain_conf_threshold_matched_tau_0.05,plain_conf_threshold_iso_budget_curve,mean_ali,db10_amputee_loso|S105,S105,ex1,0.28476190476190477,0.18904761904761905,0.09571428571428572,0.09571428571428572,False,True,5,0.007780919072481159,0.014105532987872722,0.02138997635417398,-0.006324613915391563,-0.013609057281692821,0.006324613915391563,0.013609057281692821
db10,db10_amputee_loso,agency_vs_plain_conf_iso_budget,0.05,agency_margin_tau_0.05,plain_conf_threshold_matched_tau_0.05,plain_conf_threshold_iso_budget_curve,mean_ali,db10_amputee_loso|S106,S106,ex1,0.24095238095238095,0.3607142857142857,-0.11976190476190476,0.11976190476190476,False,True,5,0.006462149142427249,0.03898673500756334,0.025882517667592884,-0.03252458586513609,-0.019420368525165634,0.03252458586513609,0.019420368525165634
db10,db10_amputee_loso,agency_vs_plain_conf_iso_budget,0.05,agency_margin_tau_0.05,plain_conf_threshold_matched_tau_0.05,plain_conf_threshold_iso_budget_curve,mean_ali,db10_amputee_loso|S107,S107,ex1,0.4988095238095238,0.2042857142857143,0.2945238095238095,0.044047619047619,False,True,5,0.013080553182404054,0.014841699364232576,0.03178481247042639,-0.0017611461818285226,-0.018704259288022336,0.0017611461818285226,0.018704259288022336
db10,db10_amputee_loso,agency_vs_plain_conf_iso_budget,0.05,agency_margin_tau_0.05,plain_conf_threshold_matched_tau_0.05,plain_conf_threshold_iso_budget_curve,mean_ali,db10_amputee_loso|S108,S108,ex1,0.0030952380952380953,0.07761904761904762,-0.07452380952380952,0.0007142857142857142,True,False,5,0.00014884809074631062,0.006404006069186731,,-0.006255157978440421,,0.006255157978440421,
db10,db10_amputee_loso,agency_vs_plain_conf_iso_budget,0.05,agency_margin_tau_0.05,plain_conf_threshold_matched_tau_0.05,plain_conf_threshold_iso_budget_curve,mean_ali,db10_amputee_loso|S109,S109,ex1,0.44,0.31523809523809526,0.12476190476190474,0.04857142857142854,False,True,5,0.0114785673659731,0.01762772162783139,0.024982323719535408,-0.006149154261858291,-0.013503756353562308,0.006149154261858291,0.013503756353562308
db10,db10_amputee_loso,agency_vs_plain_conf_iso_budget,0.05,agency_margin_tau_0.05,plain_conf_threshold_matched_tau_0.05,plain_conf_threshold_iso_budget_curve,mean_ali,db10_amputee_loso|S110,S110,ex1,0.3254761904761905,0.30214285714285716,0.023333333333333317,0.023333333333333317,False,True,5,0.008604374243577786,0.02735342417577659,0.02938676876107655,-0.0187490499321988,-0.020782394517498762,0.0187490499321988,0.020782394517498762
db10,db10_amputee_loso,agency_vs_plain_conf_iso_budget,0.05,agency_margin_tau_0.05,plain_conf_threshold_matched_tau_0.05,plain_conf_threshold_iso_budget_curve,mean_ali,db10_amputee_loso|S111,S111,ex1,0.42547619047619045,0.22333333333333333,0.20214285714285712,0.014999999999999958,False,True,5,0.010968657537147769,0.01626507163836416,0.028353651537749405,-0.0052964141012163905,-0.017384994000601638,0.0052964141012163905,0.017384994000601638
db10,db10_amputee_loso,agency_vs_plain_conf_iso_budget,0.05,agency_margin_tau_0.05,plain_conf_threshold_matched_tau_0.05,plain_conf_threshold_iso_budget_curve,mean_ali,db10_amputee_loso|S112,S112,ex1,0.5628571428571428,0.2342857142857143,0.3285714285714285,0.008095238095238044,True,False,5,0.011657407981041989,0.009816968109995753,,0.0018404398710462361,,-0.0018404398710462361,
db10,db10_amputee_loso,agency_vs_plain_conf_iso_budget,0.05,agency_margin_tau_0.05,plain_conf_threshold_matched_tau_0.05,plain_conf_threshold_iso_budget_curve,mean_ali,db10_amputee_loso|S113,S113,ex1,0.5719047619047619,0.14595238095238094,0.42595238095238097,0.024761904761904763,True,False,5,0.016848242975371446,0.007908748481029005,,0.008939494494342441,,-0.008939494494342441,
db10,db10_amputee_loso,agency_vs_plain_conf_iso_budget,0.05,agency_margin_tau_0.05,plain_conf_threshold_matched_tau_0.05,plain_conf_threshold_iso_budget_curve,mean_ali,db10_amputee_loso|S114,S114,ex1,0.32095238095238093,0.040952380952380955,0.27999999999999997,0.055714285714285716,False,True,5,0.008538732063865328,0.002920271951683298,0.03013037556315952,0.00561846011218203,-0.02159164349929419,-0.00561846011218203,0.02159164349929419
db10,db10_amputee_loso,agency_vs_plain_conf_iso_budget,0.05,agency_margin_tau_0.05,plain_conf_threshold_matched_tau_0.05,plain_conf_threshold_iso_budget_curve,mean_ali,db10_amputee_loso|S115,S115,ex1,0.20023809523809524,0.0002380952380952381,0.2,0.16238095238095238,True,False,5,0.005640908120646536,2.3285085136892807e-05,,0.005617623035509643,,-0.005617623035509643,
db10,db10_amputee_loso,agency_vs_plain_conf_iso_budget,0.10,agency_margin_tau_0.10,plain_conf_threshold_matched_tau_0.10,plain_conf_threshold_iso_budget_curve,mean_ali,db10_amputee_loso|S101,S101,ex1,0.6145238095238095,0.5754761904761905,0.039047619047619,0.017142857142857237,False,True,5,0.024137362352203547,0.037189206187323735,0.039657328884939655,-0.013051843835120189,-0.015519966532736108,0.013051843835120189,0.015519966532736108
db10,db10_amputee_loso,agency_vs_plain_conf_iso_budget,0.10,agency_margin_tau_0.10,plain_conf_threshold_matched_tau_0.10,plain_conf_threshold_iso_budget_curve,mean_ali,db10_amputee_loso|S102,S102,ex1,0.695,0.355,0.33999999999999997,0.22261904761904755,True,False,5,0.027144291273375486,0.014334420202935383,,0.012809871070440104,,-0.012809871070440104,
db10,db10_amputee_loso,agency_vs_plain_conf_iso_budget,0.10,agency_margin_tau_0.10,plain_conf_threshold_matched_tau_0.10,plain_conf_threshold_iso_budget_curve,mean_ali,db10_amputee_loso|S103,S103,ex1,0.7459523809523809,0.5045238095238095,0.24142857142857144,0.12857142857142856,True,False,5,0.025452241021245027,0.018284251430971947,,0.00716798959027308,,-0.00716798959027308,
db10,db10_amputee_loso,agency_vs_plain_conf_iso_budget,0.10,agency_margin_tau_0.10,plain_conf_threshold_matched_tau_0.10,plain_conf_threshold_iso_budget_curve,mean_ali,db10_amputee_loso|S104,S104,ex1,0.6073809523809524,0.49166666666666664,0.11571428571428571,0.005714285714285783,False,True,5,0.025217157612031346,0.035795768761597735,0.04233136731674807,-0.010578611149566389,-0.01711420970471672,0.010578611149566389,0.01711420970471672
db10,db10_amputee_loso,agency_vs_plain_conf_iso_budget,0.10,agency_margin_tau_0.10,plain_conf_threshold_matched_tau_0.10,plain_conf_threshold_iso_budget_curve,mean_ali,db10_amputee_loso|S105,S105,ex1,0.539047619047619,0.38785714285714284,0.15119047619047615,0.03404761904761899,True,False,5,0.029022205624555316,0.0292361554029512,,-0.00021394977839588394,,0.00021394977839588394,
db10,db10_amputee_loso,agency_vs_plain_conf_iso_budget,0.10,agency_margin_tau_0.10,plain_conf_threshold_matched_tau_0.10,plain_conf_threshold_iso_budget_curve,mean_ali,db10_amputee_loso|S106,S106,ex1,0.5230952380952381,0.5771428571428572,-0.05404761904761912,0.05404761904761912,False,True,5,0.029817098613053667,0.06127442138245454,0.055708629515457506,-0.03145732276940087,-0.02589153090240384,0.03145732276940087,0.02589153090240384
db10,db10_amputee_loso,agency_vs_plain_conf_iso_budget,0.10,agency_margin_tau_0.10,plain_conf_threshold_matched_tau_0.10,plain_conf_threshold_iso_budget_curve,mean_ali,db10_amputee_loso|S107,S107,ex1,0.6966666666666667,0.43166666666666664,0.265,0.11357142857142855,True,False,5,0.03003283888042367,0.027954297254726593,,0.002078541625697077,,-0.002078541625697077,
db10,db10_amputee_loso,agency_vs_plain_conf_iso_budget,0.10,agency_margin_tau_0.10,plain_conf_threshold_matched_tau_0.10,plain_conf_threshold_iso_budget_curve,mean_ali,db10_amputee_loso|S108,S108,ex1,0.9990476190476191,0.2969047619047619,0.7021428571428572,0.45833333333333337,True,False,5,0.08245850804169806,0.024513730235994874,,0.05794477780570319,,-0.05794477780570319,
db10,db10_amputee_loso,agency_vs_plain_conf_iso_budget,0.10,agency_margin_tau_0.10,plain_conf_threshold_matched_tau_0.10,plain_conf_threshold_iso_budget_curve,mean_ali,db10_amputee_loso|S109,S109,ex1,0.6478571428571429,0.48857142857142855,0.15928571428571436,0.046666666666666745,True,False,5,0.02853782424660302,0.02784556575523697,,0.0006922584913660497,,-0.0006922584913660497,
db10,db10_amputee_loso,agency_vs_plain_conf_iso_budget,0.10,agency_margin_tau_0.10,plain_conf_threshold_matched_tau_0.10,plain_conf_threshold_iso_budget_curve,mean_ali,db10_amputee_loso|S110,S110,ex1,0.5678571428571428,0.4990476190476191,0.06880952380952376,0.02880952380952384,False,True,5,0.029635520264257864,0.04451236266601198,0.05078098651356373,-0.014876842401754117,-0.02114546624930587,0.014876842401754117,0.02114546624930587
db10,db10_amputee_loso,agency_vs_plain_conf_iso_budget,0.10,agency_margin_tau_0.10,plain_conf_threshold_matched_tau_0.10,plain_conf_threshold_iso_budget_curve,mean_ali,db10_amputee_loso|S111,S111,ex1,0.6523809523809524,0.4104761904761905,0.2419047619047619,0.1133333333333334,True,False,5,0.029645907126631798,0.02751705312355754,,0.002128854003074259,,-0.002128854003074259,
db10,db10_amputee_loso,agency_vs_plain_conf_iso_budget,0.10,agency_margin_tau_0.10,plain_conf_threshold_matched_tau_0.10,plain_conf_threshold_iso_budget_curve,mean_ali,db10_amputee_loso|S112,S112,ex1,0.6942857142857143,0.4238095238095238,0.2704761904761905,0.1395238095238095,True,False,5,0.022293826350950036,0.016766420834712588,,0.005527405516237448,,-0.005527405516237448,
db10,db10_amputee_loso,agency_vs_plain_conf_iso_budget,0.10,agency_margin_tau_0.10,plain_conf_threshold_matched_tau_0.10,plain_conf_threshold_iso_budget_curve,mean_ali,db10_amputee_loso|S113,S113,ex1,0.775952380952381,0.3892857142857143,0.38666666666666666,0.2288095238095238,True,False,5,0.03382845016192909,0.020533545169993693,,0.013294904991935398,,-0.013294904991935398,
db10,db10_amputee_loso,agency_vs_plain_conf_iso_budget,0.10,agency_margin_tau_0.10,plain_conf_threshold_matched_tau_0.10,plain_conf_threshold_iso_budget_curve,mean_ali,db10_amputee_loso|S114,S114,ex1,0.59,0.24166666666666667,0.3483333333333333,0.16476190476190472,True,False,5,0.03165282543912918,0.022225189732744784,,0.009427635706384396,,-0.009427635706384396,
db10,db10_amputee_loso,agency_vs_plain_conf_iso_budget,0.10,agency_margin_tau_0.10,plain_conf_threshold_matched_tau_0.10,plain_conf_threshold_iso_budget_curve,mean_ali,db10_amputee_loso|S115,S115,ex1,0.5302380952380953,0.0038095238095238095,0.5264285714285715,0.4923809523809524,True,False,5,0.032138716878046356,0.00047945476553462363,,0.03165926211251173,,-0.03165926211251173,
db10,db10_amputee_loso,agency_vs_plain_conf_iso_budget,0.15,agency_margin_tau_0.15,plain_conf_threshold_matched_tau_0.15,plain_conf_threshold_iso_budget_curve,mean_ali,db10_amputee_loso|S101,S101,ex1,0.6935714285714286,0.6316666666666667,0.06190476190476191,0.03857142857142859,True,False,5,0.034358863730632024,0.04074089494730763,,-0.006382031216675604,,0.006382031216675604,
db10,db10_amputee_loso,agency_vs_plain_conf_iso_budget,0.15,agency_margin_tau_0.15,plain_conf_threshold_matched_tau_0.15,plain_conf_threshold_iso_budget_curve,mean_ali,db10_amputee_loso|S102,S102,ex1,0.715952380952381,0.439047619047619,0.276904761904762,0.2435714285714286,True,False,5,0.030122347545147345,0.017980807706310227,,0.012141539838837118,,-0.012141539838837118,
db10,db10_amputee_loso,agency_vs_plain_conf_iso_budget,0.15,agency_margin_tau_0.15,plain_conf_threshold_matched_tau_0.15,plain_conf_threshold_iso_budget_curve,mean_ali,db10_amputee_loso|S103,S103,ex1,0.758095238095238,0.5902380952380952,0.16785714285714282,0.14071428571428568,True,False,5,0.027102444761385975,0.02147610839621697,,0.005626336365169005,,-0.005626336365169005,
db10,db10_amputee_loso,agency_vs_plain_conf_iso_budget,0.15,agency_margin_tau_0.15,plain_conf_threshold_matched_tau_0.15,plain_conf_threshold_iso_budget_curve,mean_ali,db10_amputee_loso|S104,S104,ex1,0.7121428571428572,0.5830952380952381,0.12904761904761908,0.09904761904761905,True,False,5,0.039138942841947834,0.041058571223399516,,-0.0019196283814516824,,0.0019196283814516824,
db10,db10_amputee_loso,agency_vs_plain_conf_iso_budget,0.15,agency_margin_tau_0.15,plain_conf_threshold_matched_tau_0.15,plain_conf_threshold_iso_budget_curve,mean_ali,db10_amputee_loso|S105,S105,ex1,0.7038095238095238,0.4745238095238095,0.22928571428571426,0.19880952380952377,True,False,5,0.05122995300380461,0.03702155350988117,,0.01420839949392344,,-0.01420839949392344,
db10,db10_amputee_loso,agency_vs_plain_conf_iso_budget,0.15,agency_margin_tau_0.15,plain_conf_threshold_matched_tau_0.15,plain_conf_threshold_iso_budget_curve,mean_ali,db10_amputee_loso|S106,S106,ex1,0.7019047619047619,0.6716666666666666,0.030238095238095286,0.00023809523809525945,True,False,5,0.054348494362353436,0.07107668609144839,,-0.016728191729094954,,0.016728191729094954,
db10,db10_amputee_loso,agency_vs_plain_conf_iso_budget,0.15,agency_margin_tau_0.15,plain_conf_threshold_matched_tau_0.15,plain_conf_threshold_iso_budget_curve,mean_ali,db10_amputee_loso|S107,S107,ex1,0.784047619047619,0.5428571428571428,0.24119047619047618,0.20095238095238088,True,False,5,0.04194321770039757,0.03429773911902377,,0.0076454785813738005,,-0.0076454785813738005,
db10,db10_amputee_loso,agency_vs_plain_conf_iso_budget,0.15,agency_margin_tau_0.15,plain_conf_threshold_matched_tau_0.15,plain_conf_threshold_iso_budget_curve,mean_ali,db10_amputee_loso|S108,S108,ex1,1.0,0.4780952380952381,0.5219047619047619,0.4592857142857143,True,False,5,0.08301222860805829,0.03949918477076105,,0.04351304383729724,,-0.04351304383729724,
db10,db10_amputee_loso,agency_vs_plain_conf_iso_budget,0.15,agency_margin_tau_0.15,plain_conf_threshold_matched_tau_0.15,plain_conf_threshold_iso_budget_curve,mean_ali,db10_amputee_loso|S109,S109,ex1,0.7173809523809523,0.574047619047619,0.1433333333333333,0.11619047619047618,True,False,5,0.038273982076125375,0.032340413240584856,,0.005933568835540519,,-0.005933568835540519,
db10,db10_amputee_loso,agency_vs_plain_conf_iso_budget,0.15,agency_margin_tau_0.15,plain_conf_threshold_matched_tau_0.15,plain_conf_threshold_iso_budget_curve,mean_ali,db10_amputee_loso|S110,S110,ex1,0.7326190476190476,0.5966666666666667,0.13595238095238094,0.10595238095238091,True,False,5,0.05171200436202099,0.05340556604835184,,-0.0016935616863308495,,0.0016935616863308495,
db10,db10_amputee_loso,agency_vs_plain_conf_iso_budget,0.15,agency_margin_tau_0.15,plain_conf_threshold_matched_tau_0.15,plain_conf_threshold_iso_budget_curve,mean_ali,db10_amputee_loso|S111,S111,ex1,0.7583333333333333,0.5092857142857142,0.24904761904761907,0.2192857142857143,True,False,5,0.04367330114715276,0.03302797918529761,,0.01064532196185515,,-0.01064532196185515,
db10,db10_amputee_loso,agency_vs_plain_conf_iso_budget,0.15,agency_margin_tau_0.15,plain_conf_threshold_matched_tau_0.15,plain_conf_threshold_iso_budget_curve,mean_ali,db10_amputee_loso|S112,S112,ex1,0.7283333333333334,0.5228571428571429,0.20547619047619048,0.1735714285714286,True,False,5,0.02668967097172702,0.02036049170793913,,0.006329179263787892,,-0.006329179263787892,
db10,db10_amputee_loso,agency_vs_plain_conf_iso_budget,0.15,agency_margin_tau_0.15,plain_conf_threshold_matched_tau_0.15,plain_conf_threshold_iso_budget_curve,mean_ali,db10_amputee_loso|S113,S113,ex1,0.8292857142857143,0.5052380952380953,0.32404761904761903,0.28214285714285714,True,False,5,0.04170027469016545,0.02657292509833547,,0.015127349591829979,,-0.015127349591829979,
db10,db10_amputee_loso,agency_vs_plain_conf_iso_budget,0.15,agency_margin_tau_0.15,plain_conf_threshold_matched_tau_0.15,plain_conf_threshold_iso_budget_curve,mean_ali,db10_amputee_loso|S114,S114,ex1,0.7402380952380953,0.37666666666666665,0.3635714285714286,0.315,True,False,5,0.05285992268333922,0.03568537101155907,,0.017174551671780156,,-0.017174551671780156,
db10,db10_amputee_loso,agency_vs_plain_conf_iso_budget,0.15,agency_margin_tau_0.15,plain_conf_threshold_matched_tau_0.15,plain_conf_threshold_iso_budget_curve,mean_ali,db10_amputee_loso|S115,S115,ex1,0.8811904761904762,0.012380952380952381,0.8688095238095238,0.8433333333333334,True,False,5,0.07685439740456286,0.0014690776125643081,,0.07538531979199856,,-0.07538531979199856,
db10,db10_amputee_loso,agency_vs_plain_conf_iso_budget,0.20,agency_margin_tau_0.20,plain_conf_threshold_matched_tau_0.20,plain_conf_threshold_iso_budget_curve,mean_ali,db10_amputee_loso|S101,S101,ex1,0.7235714285714285,0.655,0.0685714285714285,0.0685714285714285,True,False,5,0.03959781402744826,0.041867300203667177,,-0.0022694861762189156,,0.0022694861762189156,
db10,db10_amputee_loso,agency_vs_plain_conf_iso_budget,0.20,agency_margin_tau_0.20,plain_conf_threshold_matched_tau_0.20,plain_conf_threshold_iso_budget_curve,mean_ali,db10_amputee_loso|S102,S102,ex1,0.719047619047619,0.4723809523809524,0.24666666666666665,0.24666666666666665,True,False,5,0.030649018959696128,0.019380014958575074,,0.011269004001121054,,-0.011269004001121054,
db10,db10_amputee_loso,agency_vs_plain_conf_iso_budget,0.20,agency_margin_tau_0.20,plain_conf_threshold_matched_tau_0.20,plain_conf_threshold_iso_budget_curve,mean_ali,db10_amputee_loso|S103,S103,ex1,0.7588095238095238,0.6173809523809524,0.14142857142857146,0.14142857142857146,True,False,5,0.02723702318249528,0.022333164010966123,,0.0049038591715291555,,-0.0049038591715291555,
db10,db10_amputee_loso,agency_vs_plain_conf_iso_budget,0.20,agency_margin_tau_0.20,plain_conf_threshold_matched_tau_0.20,plain_conf_threshold_iso_budget_curve,mean_ali,db10_amputee_loso|S104,S104,ex1,0.7547619047619047,0.6130952380952381,0.1416666666666666,0.1416666666666666,True,False,5,0.04660633090863565,0.04263084875047714,,0.0039754821581585095,,-0.0039754821581585095,
db10,db10_amputee_loso,agency_vs_plain_conf_iso_budget,0.20,agency_margin_tau_0.20,plain_conf_threshold_matched_tau_0.20,plain_conf_threshold_iso_budget_curve,mean_ali,db10_amputee_loso|S105,S105,ex1,0.7504761904761905,0.505,0.24547619047619051,0.24547619047619051,True,False,5,0.060037681295923545,0.03962343177812286,,0.020414249517800687,,-0.020414249517800687,
db10,db10_amputee_loso,agency_vs_plain_conf_iso_budget,0.20,agency_margin_tau_0.20,plain_conf_threshold_matched_tau_0.20,plain_conf_threshold_iso_budget_curve,mean_ali,db10_amputee_loso|S106,S106,ex1,0.7995238095238095,0.7016666666666667,0.09785714285714286,0.09785714285714286,True,False,5,0.07280021686538707,0.07404587168486693,,-0.0012456548194798578,,0.0012456548194798578,
db10,db10_amputee_loso,agency_vs_plain_conf_iso_budget,0.20,agency_margin_tau_0.20,plain_conf_threshold_matched_tau_0.20,plain_conf_threshold_iso_budget_curve,mean_ali,db10_amputee_loso|S107,S107,ex1,0.8142857142857143,0.5830952380952381,0.23119047619047617,0.23119047619047617,True,False,5,0.04735285908943786,0.03642241910715236,,0.010930439982285496,,-0.010930439982285496,
db10,db10_amputee_loso,agency_vs_plain_conf_iso_budget,0.20,agency_margin_tau_0.20,plain_conf_threshold_matched_tau_0.20,plain_conf_threshold_iso_budget_curve,mean_ali,db10_amputee_loso|S108,S108,ex1,1.0,0.5407142857142857,0.4592857142857143,0.4592857142857143,True,False,5,0.08301222860805829,0.04470037469183377,,0.03831185391622452,,-0.03831185391622452,
db10,db10_amputee_loso,agency_vs_plain_conf_iso_budget,0.20,agency_margin_tau_0.20,plain_conf_threshold_matched_tau_0.20,plain_conf_threshold_iso_budget_curve,mean_ali,db10_amputee_loso|S109,S109,ex1,0.7297619047619047,0.6011904761904762,0.12857142857142856,0.12857142857142856,True,False,5,0.04047642970072914,0.0336071826418382,,0.006869247058890943,,-0.006869247058890943,
db10,db10_amputee_loso,agency_vs_plain_conf_iso_budget,0.20,agency_margin_tau_0.20,plain_conf_threshold_matched_tau_0.20,plain_conf_threshold_iso_budget_curve,mean_ali,db10_amputee_loso|S110,S110,ex1,0.8252380952380952,0.6266666666666667,0.1985714285714285,0.1985714285714285,True,False,5,0.06827912849461377,0.05595596191472886,,0.012323166579884914,,-0.012323166579884914,
db10,db10_amputee_loso,agency_vs_plain_conf_iso_budget,0.20,agency_margin_tau_0.20,plain_conf_threshold_matched_tau_0.20,plain_conf_threshold_iso_budget_curve,mean_ali,db10_amputee_loso|S111,S111,ex1,0.7728571428571429,0.539047619047619,0.2338095238095239,0.2338095238095239,True,False,5,0.04621369434856855,0.0345820155707941,,0.011631678777774448,,-0.011631678777774448,
db10,db10_amputee_loso,agency_vs_plain_conf_iso_budget,0.20,agency_margin_tau_0.20,plain_conf_threshold_matched_tau_0.20,plain_conf_threshold_iso_budget_curve,mean_ali,db10_amputee_loso|S112,S112,ex1,0.7323809523809524,0.5547619047619048,0.17761904761904757,0.17761904761904757,True,False,5,0.027418068649038976,0.021615002969195152,,0.005803065679843823,,-0.005803065679843823,
db10,db10_amputee_loso,agency_vs_plain_conf_iso_budget,0.20,agency_margin_tau_0.20,plain_conf_threshold_matched_tau_0.20,plain_conf_threshold_iso_budget_curve,mean_ali,db10_amputee_loso|S113,S113,ex1,0.8397619047619047,0.5471428571428572,0.29261904761904756,0.29261904761904756,True,False,5,0.04354438693108855,0.028638117461879883,,0.014906269469208668,,-0.014906269469208668,
db10,db10_amputee_loso,agency_vs_plain_conf_iso_budget,0.20,agency_margin_tau_0.20,plain_conf_threshold_matched_tau_0.20,plain_conf_threshold_iso_budget_curve,mean_ali,db10_amputee_loso|S114,S114,ex1,0.785,0.42523809523809525,0.3597619047619048,0.3597619047619048,True,False,5,0.06103811347842945,0.04049754441834233,,0.020540569060087117,,-0.020540569060087117,
db10,db10_amputee_loso,agency_vs_plain_conf_iso_budget,0.20,agency_margin_tau_0.20,plain_conf_threshold_matched_tau_0.20,plain_conf_threshold_iso_budget_curve,mean_ali,db10_amputee_loso|S115,S115,ex1,0.9747619047619047,0.03785714285714286,0.9369047619047619,0.9369047619047619,True,False,5,0.09342847132243935,0.004471673644405791,,0.08895679767803356,,-0.08895679767803356,
db10,db10_mixed_to_amputee,agency_vs_plain_conf_iso_budget,0.02,agency_margin_tau_0.02,plain_conf_threshold_matched_tau_0.02,plain_conf_threshold_iso_budget_curve,active_macro_f1,db10_mixed_to_amputee|S101,S101,ex1,0.19476190476190477,0.2211904761904762,-0.026428571428571412,0.026428571428571412,True,False,5,0.20082781543487388,0.44444022682215556,,-0.24361241138728168,,-0.24361241138728168,
db10,db10_mixed_to_amputee,agency_vs_plain_conf_iso_budget,0.02,agency_margin_tau_0.02,plain_conf_threshold_matched_tau_0.02,plain_conf_threshold_iso_budget_curve,active_macro_f1,db10_mixed_to_amputee|S102,S102,ex1,0.17595238095238094,0.10833333333333334,0.0676190476190476,0.0676190476190476,False,True,5,0.17617457757121913,0.25088889973503725,0.3500590166134689,-0.07471432216381813,-0.17388443904224976,-0.07471432216381813,-0.17388443904224976
db10,db10_mixed_to_amputee,agency_vs_plain_conf_iso_budget,0.02,agency_margin_tau_0.02,plain_conf_threshold_matched_tau_0.02,plain_conf_threshold_iso_budget_curve,active_macro_f1,db10_mixed_to_amputee|S103,S103,ex1,0.23095238095238096,0.1926190476190476,0.03833333333333336,0.03833333333333336,False,True,5,0.2092894419247242,0.41482724235388374,0.4565759779234111,-0.20553780042915953,-0.24728653599868688,-0.20553780042915953,-0.24728653599868688
db10,db10_mixed_to_amputee,agency_vs_plain_conf_iso_budget,0.02,agency_margin_tau_0.02,plain_conf_threshold_matched_tau_0.02,plain_conf_threshold_iso_budget_curve,active_macro_f1,db10_mixed_to_amputee|S104,S104,ex1,0.3759523809523809,0.16238095238095238,0.21357142857142855,0.03809523809523807,False,True,5,0.33083544521864716,0.34997572760928775,0.6102195904027804,-0.019140282390640584,-0.27938414518413324,-0.019140282390640584,-0.27938414518413324
db10,db10_mixed_to_amputee,agency_vs_plain_conf_iso_budget,0.02,agency_margin_tau_0.02,plain_conf_threshold_matched_tau_0.02,plain_conf_threshold_iso_budget_curve,active_macro_f1,db10_mixed_to_amputee|S105,S105,ex1,0.1411904761904762,0.1554761904761905,-0.01428571428571429,0.01428571428571429,True,False,5,0.15230715142440604,0.2398875469446497,,-0.08758039552024366,,-0.08758039552024366,
db10,db10_mixed_to_amputee,agency_vs_plain_conf_iso_budget,0.02,agency_margin_tau_0.02,plain_conf_threshold_matched_tau_0.02,plain_conf_threshold_iso_budget_curve,active_macro_f1,db10_mixed_to_amputee|S106,S106,ex1,0.1626190476190476,0.13238095238095238,0.03023809523809523,0.03023809523809523,False,True,5,0.22821382543159877,0.376037859224266,0.41079528588188446,-0.14782403379266726,-0.1825814604502857,-0.14782403379266726,-0.1825814604502857
db10,db10_mixed_to_amputee,agency_vs_plain_conf_iso_budget,0.02,agency_margin_tau_0.02,plain_conf_threshold_matched_tau_0.02,plain_conf_threshold_iso_budget_curve,active_macro_f1,db10_mixed_to_amputee|S107,S107,ex1,0.32976190476190476,0.12571428571428572,0.20404761904761903,0.008809523809523823,False,True,5,0.2915463176280078,0.34199375730927534,0.5464371305051845,-0.050447439681267525,-0.2548908128771767,-0.050447439681267525,-0.2548908128771767
db10,db10_mixed_to_amputee,agency_vs_plain_conf_iso_budget,0.02,agency_margin_tau_0.02,plain_conf_threshold_matched_tau_0.02,plain_conf_threshold_iso_budget_curve,active_macro_f1,db10_mixed_to_amputee|S108,S108,ex1,0.0,0.17714285714285713,-0.17714285714285713,0.17714285714285713,True,False,5,0.03009578770945711,0.02999139000598956,,0.0001043977034675507,,0.0001043977034675507,
db10,db10_mixed_to_amputee,agency_vs_plain_conf_iso_budget,0.02,agency_margin_tau_0.02,plain_conf_threshold_matched_tau_0.02,plain_conf_threshold_iso_budget_curve,active_macro_f1,db10_mixed_to_amputee|S109,S109,ex1,0.21023809523809525,0.15142857142857144,0.05880952380952381,0.05880952380952381,False,True,5,0.2346830687948592,0.3056148539511977,0.37842926352887263,-0.0709317851563385,-0.14374619473401343,-0.0709317851563385,-0.14374619473401343
db10,db10_mixed_to_amputee,agency_vs_plain_conf_iso_budget,0.02,agency_margin_tau_0.02,plain_conf_threshold_matched_tau_0.02,plain_conf_threshold_iso_budget_curve,active_macro_f1,db10_mixed_to_amputee|S110,S110,ex1,0.16476190476190475,0.05071428571428571,0.11404761904761904,0.03023809523809526,False,True,5,0.15452278745640025,0.17318297634485058,0.27995244550289966,-0.018660188888450335,-0.12542965804649941,-0.018660188888450335,-0.12542965804649941
db10,db10_mixed_to_amputee,agency_vs_plain_conf_iso_budget,0.02,agency_margin_tau_0.02,plain_conf_threshold_matched_tau_0.02,plain_conf_threshold_iso_budget_curve,active_macro_f1,db10_mixed_to_amputee|S111,S111,ex1,0.23547619047619048,0.1823809523809524,0.053095238095238084,0.053095238095238084,False,True,5,0.26247736615566875,0.2782110243212711,0.34719564399495983,-0.01573365816560235,-0.08471827783929109,-0.01573365816560235,-0.08471827783929109
db10,db10_mixed_to_amputee,agency_vs_plain_conf_iso_budget,0.02,agency_margin_tau_0.02,plain_conf_threshold_matched_tau_0.02,plain_conf_threshold_iso_budget_curve,active_macro_f1,db10_mixed_to_amputee|S112,S112,ex1,0.2866666666666667,0.08595238095238095,0.20071428571428573,0.06452380952380954,False,True,5,0.28975307044366494,0.2936251836605832,0.5507442039741157,-0.0038721132169182715,-0.2609911335304508,-0.0038721132169182715,-0.2609911335304508
db10,db10_mixed_to_amputee,agency_vs_plain_conf_iso_budget,0.02,agency_margin_tau_0.02,plain_conf_threshold_matched_tau_0.02,plain_conf_threshold_iso_budget_curve,active_macro_f1,db10_mixed_to_amputee|S113,S113,ex1,0.26785714285714285,0.05976190476190476,0.20809523809523808,0.0069047619047619135,False,True,5,0.21467291390858673,0.18106375319748286,0.38656915812498505,0.03360916071110387,-0.17189624421639832,0.03360916071110387,-0.17189624421639832
db10,db10_mixed_to_amputee,agency_vs_plain_conf_iso_budget,0.02,agency_margin_tau_0.02,plain_conf_threshold_matched_tau_0.02,plain_conf_threshold_iso_budget_curve,active_macro_f1,db10_mixed_to_amputee|S114,S114,ex1,0.18714285714285714,0.17785714285714285,0.009285714285714286,0.009285714285714286,False,True,5,0.1177368989650438,0.29276554812182004,0.3017464392015738,-0.17502864915677624,-0.18400954023653,-0.17502864915677624,-0.18400954023653
db10,db10_mixed_to_amputee,agency_vs_plain_conf_iso_budget,0.02,agency_margin_tau_0.02,plain_conf_threshold_matched_tau_0.02,plain_conf_threshold_iso_budget_curve,active_macro_f1,db10_mixed_to_amputee|S115,S115,ex1,0.19023809523809523,0.012380952380952381,0.17785714285714285,0.004285714285714282,True,False,5,0.10262847645300581,0.08201257759993705,,0.020615898853068762,,0.020615898853068762,
db10,db10_mixed_to_amputee,agency_vs_plain_conf_iso_budget,0.05,agency_margin_tau_0.05,plain_conf_threshold_matched_tau_0.05,plain_conf_threshold_iso_budget_curve,active_macro_f1,db10_mixed_to_amputee|S101,S101,ex1,0.4088095238095238,0.35714285714285715,0.05166666666666664,0.05166666666666664,False,True,5,0.4522788563515423,0.6167581151874899,0.6569369834006838,-0.1644792588359476,-0.20465812704914155,-0.1644792588359476,-0.20465812704914155
db10,db10_mixed_to_amputee,agency_vs_plain_conf_iso_budget,0.05,agency_margin_tau_0.05,plain_conf_threshold_matched_tau_0.05,plain_conf_threshold_iso_budget_curve,active_macro_f1,db10_mixed_to_amputee|S102,S102,ex1,0.4719047619047619,0.2969047619047619,0.175,0.021428571428571408,False,True,5,0.4851402022777325,0.5274478172270015,0.685340324987307,-0.04230761494926899,-0.2002001227095745,-0.04230761494926899,-0.2002001227095745
db10,db10_mixed_to_amputee,agency_vs_plain_conf_iso_budget,0.05,agency_margin_tau_0.05,plain_conf_threshold_matched_tau_0.05,plain_conf_threshold_iso_budget_curve,active_macro_f1,db10_mixed_to_amputee|S103,S103,ex1,0.4807142857142857,0.3730952380952381,0.10761904761904761,0.03690476190476194,False,True,5,0.44699041776781623,0.6113834011222172,0.6819261936416358,-0.164392983354401,-0.23493577587381953,-0.164392983354401,-0.23493577587381953
db10,db10_mixed_to_amputee,agency_vs_plain_conf_iso_budget,0.05,agency_margin_tau_0.05,plain_conf_threshold_matched_tau_0.05,plain_conf_threshold_iso_budget_curve,active_macro_f1,db10_mixed_to_amputee|S104,S104,ex1,0.5823809523809523,0.33785714285714286,0.24452380952380948,0.00023809523809525945,False,True,5,0.5604609384847246,0.5792721175441558,0.7596683831911145,-0.018811179059431193,-0.19920744470638996,-0.018811179059431193,-0.19920744470638996
db10,db10_mixed_to_amputee,agency_vs_plain_conf_iso_budget,0.05,agency_margin_tau_0.05,plain_conf_threshold_matched_tau_0.05,plain_conf_threshold_iso_budget_curve,active_macro_f1,db10_mixed_to_amputee|S105,S105,ex1,0.36142857142857143,0.3580952380952381,0.003333333333333355,0.003333333333333355,False,True,5,0.3732464648239368,0.47025218096520555,0.4727431984408265,-0.09700571614126874,-0.09949673361688971,-0.09700571614126874,-0.09949673361688971
db10,db10_mixed_to_amputee,agency_vs_plain_conf_iso_budget,0.05,agency_margin_tau_0.05,plain_conf_threshold_matched_tau_0.05,plain_conf_threshold_iso_budget_curve,active_macro_f1,db10_mixed_to_amputee|S106,S106,ex1,0.36238095238095236,0.31476190476190474,0.047619047619047616,0.047619047619047616,False,True,5,0.37903545228684343,0.5856771412694294,0.6143605541779362,-0.20664168898258595,-0.2353251018910928,-0.20664168898258595,-0.2353251018910928
db10,db10_mixed_to_amputee,agency_vs_plain_conf_iso_budget,0.05,agency_margin_tau_0.05,plain_conf_threshold_matched_tau_0.05,plain_conf_threshold_iso_budget_curve,active_macro_f1,db10_mixed_to_amputee|S107,S107,ex1,0.5969047619047619,0.3385714285714286,0.25833333333333336,0.03476190476190477,False,True,5,0.5343853966899393,0.5552637405498153,0.7059635598715253,-0.02087834385987597,-0.17157816318158592,-0.02087834385987597,-0.17157816318158592
db10,db10_mixed_to_amputee,agency_vs_plain_conf_iso_budget,0.05,agency_margin_tau_0.05,plain_conf_threshold_matched_tau_0.05,plain_conf_threshold_iso_budget_curve,active_macro_f1,db10_mixed_to_amputee|S108,S108,ex1,0.0004761904761904762,0.21714285714285714,-0.21666666666666667,0.17666666666666667,True,False,5,0.03009578770945711,0.029881452796257684,,0.00021433491319942585,,0.00021433491319942585,
db10,db10_mixed_to_amputee,agency_vs_plain_conf_iso_budget,0.05,agency_margin_tau_0.05,plain_conf_threshold_matched_tau_0.05,plain_conf_threshold_iso_budget_curve,active_macro_f1,db10_mixed_to_amputee|S109,S109,ex1,0.4961904761904762,0.3264285714285714,0.16976190476190478,0.007857142857142896,False,True,5,0.4986922241660735,0.5222893116013638,0.6634396221435074,-0.02359708743529032,-0.16474739797743387,-0.02359708743529032,-0.16474739797743387
db10,db10_mixed_to_amputee,agency_vs_plain_conf_iso_budget,0.05,agency_margin_tau_0.05,plain_conf_threshold_matched_tau_0.05,plain_conf_threshold_iso_budget_curve,active_macro_f1,db10_mixed_to_amputee|S110,S110,ex1,0.4038095238095238,0.195,0.20880952380952378,0.03214285714285714,False,True,5,0.3118496789150367,0.30826084337987725,0.4405033411207633,0.003588835535159429,-0.1286536622057266,0.003588835535159429,-0.1286536622057266
db10,db10_mixed_to_amputee,agency_vs_plain_conf_iso_budget,0.05,agency_margin_tau_0.05,plain_conf_threshold_matched_tau_0.05,plain_conf_threshold_iso_budget_curve,active_macro_f1,db10_mixed_to_amputee|S111,S111,ex1,0.535,0.38047619047619047,0.15452380952380956,0.0045238095238094855,False,True,5,0.5900439291318454,0.53558861879889,0.6532573957791876,0.054455310332955476,-0.06321346664734218,0.054455310332955476,-0.06321346664734218
db10,db10_mixed_to_amputee,agency_vs_plain_conf_iso_budget,0.05,agency_margin_tau_0.05,plain_conf_threshold_matched_tau_0.05,plain_conf_threshold_iso_budget_curve,active_macro_f1,db10_mixed_to_amputee|S112,S112,ex1,0.5523809523809524,0.22214285714285714,0.3302380952380953,0.0023809523809523725,True,False,5,0.5578942254825384,0.49216707810819954,,0.06572714737433888,,0.06572714737433888,
db10,db10_mixed_to_amputee,agency_vs_plain_conf_iso_budget,0.05,agency_margin_tau_0.05,plain_conf_threshold_matched_tau_0.05,plain_conf_threshold_iso_budget_curve,active_macro_f1,db10_mixed_to_amputee|S113,S113,ex1,0.675952380952381,0.26095238095238094,0.41500000000000004,0.0714285714285714,True,False,5,0.4903562438760427,0.38111473273658325,,0.10924151113945946,,0.10924151113945946,
db10,db10_mixed_to_amputee,agency_vs_plain_conf_iso_budget,0.05,agency_margin_tau_0.05,plain_conf_threshold_matched_tau_0.05,plain_conf_threshold_iso_budget_curve,active_macro_f1,db10_mixed_to_amputee|S114,S114,ex1,0.3883333333333333,0.37333333333333335,0.014999999999999958,0.014999999999999958,False,True,5,0.24839813753009277,0.4818248193135594,0.49256071987913874,-0.23342668178346665,-0.24416258234904598,-0.23342668178346665,-0.24416258234904598
db10,db10_mixed_to_amputee,agency_vs_plain_conf_iso_budget,0.05,agency_margin_tau_0.05,plain_conf_threshold_matched_tau_0.05,plain_conf_threshold_iso_budget_curve,active_macro_f1,db10_mixed_to_amputee|S115,S115,ex1,0.4766666666666667,0.05857142857142857,0.41809523809523813,0.2907142857142857,True,False,5,0.19742233835022496,0.1283536403078571,,0.06906869804236787,,0.06906869804236787,
db10,db10_mixed_to_amputee,agency_vs_plain_conf_iso_budget,0.10,agency_margin_tau_0.10,plain_conf_threshold_matched_tau_0.10,plain_conf_threshold_iso_budget_curve,active_macro_f1,db10_mixed_to_amputee|S101,S101,ex1,0.5442857142857143,0.48095238095238096,0.0633333333333333,0.008809523809523823,False,True,5,0.6584974801034533,0.7130392740393832,0.7499380287821565,-0.05454179393592984,-0.09144054867870322,-0.05454179393592984,-0.09144054867870322
db10,db10_mixed_to_amputee,agency_vs_plain_conf_iso_budget,0.10,agency_margin_tau_0.10,plain_conf_threshold_matched_tau_0.10,plain_conf_threshold_iso_budget_curve,active_macro_f1,db10_mixed_to_amputee|S102,S102,ex1,0.6221428571428571,0.4504761904761905,0.17166666666666663,0.052857142857142825,True,False,5,0.6570733529233043,0.670921932749039,,-0.01384857982573473,,-0.01384857982573473,
db10,db10_mixed_to_amputee,agency_vs_plain_conf_iso_budget,0.10,agency_margin_tau_0.10,plain_conf_threshold_matched_tau_0.10,plain_conf_threshold_iso_budget_curve,active_macro_f1,db10_mixed_to_amputee|S103,S103,ex1,0.6438095238095238,0.5176190476190476,0.1261904761904762,0.01571428571428579,True,False,5,0.6641837364527914,0.7061167530232948,,-0.04193301657050341,,-0.04193301657050341,
db10,db10_mixed_to_amputee,agency_vs_plain_conf_iso_budget,0.10,agency_margin_tau_0.10,plain_conf_threshold_matched_tau_0.10,plain_conf_threshold_iso_budget_curve,active_macro_f1,db10_mixed_to_amputee|S104,S104,ex1,0.7130952380952381,0.5059523809523809,0.20714285714285718,0.09880952380952379,True,False,5,0.7655527299528476,0.7158278415328373,,0.04972488842001033,,0.04972488842001033,
db10,db10_mixed_to_amputee,agency_vs_plain_conf_iso_budget,0.10,agency_margin_tau_0.10,plain_conf_threshold_matched_tau_0.10,plain_conf_threshold_iso_budget_curve,active_macro_f1,db10_mixed_to_amputee|S105,S105,ex1,0.5757142857142857,0.5423809523809524,0.033333333333333326,0.033333333333333326,False,True,5,0.5823456686144903,0.6079698614031075,0.629841829597156,-0.02562419278861716,-0.047496160982665625,-0.02562419278861716,-0.047496160982665625
db10,db10_mixed_to_amputee,agency_vs_plain_conf_iso_budget,0.10,agency_margin_tau_0.10,plain_conf_threshold_matched_tau_0.10,plain_conf_threshold_iso_budget_curve,active_macro_f1,db10_mixed_to_amputee|S106,S106,ex1,0.5692857142857143,0.5042857142857143,0.06499999999999995,0.020476190476190426,False,True,5,0.5890021378864314,0.6998371246452868,0.7278131675065748,-0.11083498675885539,-0.13881102962014336,-0.11083498675885539,-0.13881102962014336
db10,db10_mixed_to_amputee,agency_vs_plain_conf_iso_budget,0.10,agency_margin_tau_0.10,plain_conf_threshold_matched_tau_0.10,plain_conf_threshold_iso_budget_curve,active_macro_f1,db10_mixed_to_amputee|S107,S107,ex1,0.7471428571428571,0.5416666666666666,0.20547619047619048,0.08071428571428563,True,False,5,0.699754989789692,0.6795453229103205,,0.020209666879371424,,0.020209666879371424,
db10,db10_mixed_to_amputee,agency_vs_plain_conf_iso_budget,0.10,agency_margin_tau_0.10,plain_conf_threshold_matched_tau_0.10,plain_conf_threshold_iso_budget_curve,active_macro_f1,db10_mixed_to_amputee|S108,S108,ex1,0.02095238095238095,0.37285714285714283,-0.3519047619047619,0.15619047619047619,True,False,5,0.03319221947460847,0.04253901427349475,,-0.009346794798886275,,-0.009346794798886275,
db10,db10_mixed_to_amputee,agency_vs_plain_conf_iso_budget,0.10,agency_margin_tau_0.10,plain_conf_threshold_matched_tau_0.10,plain_conf_threshold_iso_budget_curve,active_macro_f1,db10_mixed_to_amputee|S109,S109,ex1,0.6923809523809524,0.5040476190476191,0.18833333333333335,0.06761904761904769,True,False,5,0.759051945988216,0.6699725257169867,,0.08907942027122928,,0.08907942027122928,
db10,db10_mixed_to_amputee,agency_vs_plain_conf_iso_budget,0.10,agency_margin_tau_0.10,plain_conf_threshold_matched_tau_0.10,plain_conf_threshold_iso_budget_curve,active_macro_f1,db10_mixed_to_amputee|S110,S110,ex1,0.6523809523809524,0.37166666666666665,0.28071428571428575,0.15047619047619054,True,False,5,0.4841662757075039,0.42471671937952554,,0.05944955632797838,,0.05944955632797838,
db10,db10_mixed_to_amputee,agency_vs_plain_conf_iso_budget,0.10,agency_margin_tau_0.10,plain_conf_threshold_matched_tau_0.10,plain_conf_threshold_iso_budget_curve,active_macro_f1,db10_mixed_to_amputee|S111,S111,ex1,0.7397619047619047,0.5395238095238095,0.20023809523809522,0.06285714285714283,True,False,5,0.731333685402606,0.6567022444118927,,0.07463144099071328,,0.07463144099071328,
db10,db10_mixed_to_amputee,agency_vs_plain_conf_iso_budget,0.10,agency_margin_tau_0.10,plain_conf_threshold_matched_tau_0.10,plain_conf_threshold_iso_budget_curve,active_macro_f1,db10_mixed_to_amputee|S112,S112,ex1,0.6676190476190477,0.4054761904761905,0.2621428571428572,0.11761904761904762,True,False,5,0.7276657243534677,0.6586039301995482,,0.06906179415391944,,0.06906179415391944,
db10,db10_mixed_to_amputee,agency_vs_plain_conf_iso_budget,0.10,agency_margin_tau_0.10,plain_conf_threshold_matched_tau_0.10,plain_conf_threshold_iso_budget_curve,active_macro_f1,db10_mixed_to_amputee|S113,S113,ex1,0.7792857142857142,0.46190476190476193,0.3173809523809523,0.17476190476190467,True,False,5,0.6309282905563941,0.5398573199024836,,0.09107097065391045,,0.09107097065391045,
db10,db10_mixed_to_amputee,agency_vs_plain_conf_iso_budget,0.10,agency_margin_tau_0.10,plain_conf_threshold_matched_tau_0.10,plain_conf_threshold_iso_budget_curve,active_macro_f1,db10_mixed_to_amputee|S114,S114,ex1,0.6345238095238095,0.5473809523809524,0.08714285714285708,0.02595238095238095,False,True,5,0.5087098401682135,0.606395348098298,0.6580982758257914,-0.09768550793008446,-0.14938843565757787,-0.09768550793008446,-0.14938843565757787
db10,db10_mixed_to_amputee,agency_vs_plain_conf_iso_budget,0.10,agency_margin_tau_0.10,plain_conf_threshold_matched_tau_0.10,plain_conf_threshold_iso_budget_curve,active_macro_f1,db10_mixed_to_amputee|S115,S115,ex1,0.7814285714285715,0.12333333333333334,0.6580952380952382,0.5954761904761905,True,False,5,0.2865162642604691,0.18836226980022772,,0.0981539944602414,,0.0981539944602414,
db10,db10_mixed_to_amputee,agency_vs_plain_conf_iso_budget,0.15,agency_margin_tau_0.15,plain_conf_threshold_matched_tau_0.15,plain_conf_threshold_iso_budget_curve,active_macro_f1,db10_mixed_to_amputee|S101,S101,ex1,0.6326190476190476,0.5530952380952381,0.07952380952380955,0.053333333333333344,True,False,5,0.7686114195641871,0.7550705623366024,,0.01354085722758469,,0.01354085722758469,
db10,db10_mixed_to_amputee,agency_vs_plain_conf_iso_budget,0.15,agency_margin_tau_0.15,plain_conf_threshold_matched_tau_0.15,plain_conf_threshold_iso_budget_curve,active_macro_f1,db10_mixed_to_amputee|S102,S102,ex1,0.6985714285714286,0.5392857142857143,0.15928571428571436,0.12928571428571434,True,False,5,0.7579716543662164,0.73067815835875,,0.027293496007466334,,0.027293496007466334,
db10,db10_mixed_to_amputee,agency_vs_plain_conf_iso_budget,0.15,agency_margin_tau_0.15,plain_conf_threshold_matched_tau_0.15,plain_conf_threshold_iso_budget_curve,active_macro_f1,db10_mixed_to_amputee|S103,S103,ex1,0.714047619047619,0.5995238095238096,0.11452380952380947,0.085952380952381,True,False,5,0.7692227777584222,0.7531768207072005,,0.016045957051221693,,0.016045957051221693,
db10,db10_mixed_to_amputee,agency_vs_plain_conf_iso_budget,0.15,agency_margin_tau_0.15,plain_conf_threshold_matched_tau_0.15,plain_conf_threshold_iso_budget_curve,active_macro_f1,db10_mixed_to_amputee|S104,S104,ex1,0.7385714285714285,0.5826190476190476,0.15595238095238095,0.12428571428571422,True,False,5,0.8122303655477376,0.7598049580872462,,0.0524254074604914,,0.0524254074604914,
db10,db10_mixed_to_amputee,agency_vs_plain_conf_iso_budget,0.15,agency_margin_tau_0.15,plain_conf_threshold_matched_tau_0.15,plain_conf_threshold_iso_budget_curve,active_macro_f1,db10_mixed_to_amputee|S105,S105,ex1,0.6880952380952381,0.6311904761904762,0.0569047619047619,0.02523809523809528,True,False,5,0.6806841644198712,0.6662430338058224,,0.014441130614048836,,0.014441130614048836,
db10,db10_mixed_to_amputee,agency_vs_plain_conf_iso_budget,0.15,agency_margin_tau_0.15,plain_conf_threshold_matched_tau_0.15,plain_conf_threshold_iso_budget_curve,active_macro_f1,db10_mixed_to_amputee|S106,S106,ex1,0.6676190476190477,0.5897619047619047,0.07785714285714296,0.04880952380952386,True,False,5,0.6970522021878928,0.7366261333896178,,-0.03957393120172503,,-0.03957393120172503,
db10,db10_mixed_to_amputee,agency_vs_plain_conf_iso_budget,0.15,agency_margin_tau_0.15,plain_conf_threshold_matched_tau_0.15,plain_conf_threshold_iso_budget_curve,active_macro_f1,db10_mixed_to_amputee|S107,S107,ex1,0.8076190476190476,0.6316666666666667,0.17595238095238086,0.1411904761904761,True,False,5,0.770196034714147,0.7225888296833178,,0.04760720503082916,,0.04760720503082916,
db10,db10_mixed_to_amputee,agency_vs_plain_conf_iso_budget,0.15,agency_margin_tau_0.15,plain_conf_threshold_matched_tau_0.15,plain_conf_threshold_iso_budget_curve,active_macro_f1,db10_mixed_to_amputee|S108,S108,ex1,0.9030952380952381,0.49523809523809526,0.4078571428571428,0.3438095238095238,True,False,5,0.029281059393961306,0.05085082854690698,,-0.021569769152945673,,-0.021569769152945673,
db10,db10_mixed_to_amputee,agency_vs_plain_conf_iso_budget,0.15,agency_margin_tau_0.15,plain_conf_threshold_matched_tau_0.15,plain_conf_threshold_iso_budget_curve,active_macro_f1,db10_mixed_to_amputee|S109,S109,ex1,0.7304761904761905,0.5916666666666667,0.13880952380952383,0.10571428571428576,True,False,5,0.8282294335976419,0.7408297288792454,,0.08739970471839653,,0.08739970471839653,
db10,db10_mixed_to_amputee,agency_vs_plain_conf_iso_budget,0.15,agency_margin_tau_0.15,plain_conf_threshold_matched_tau_0.15,plain_conf_threshold_iso_budget_curve,active_macro_f1,db10_mixed_to_amputee|S110,S110,ex1,0.7307142857142858,0.4666666666666667,0.2640476190476191,0.2288095238095239,True,False,5,0.5641878594298528,0.47137495697029486,,0.09281290245955798,,0.09281290245955798,
db10,db10_mixed_to_amputee,agency_vs_plain_conf_iso_budget,0.15,agency_margin_tau_0.15,plain_conf_threshold_matched_tau_0.15,plain_conf_threshold_iso_budget_curve,active_macro_f1,db10_mixed_to_amputee|S111,S111,ex1,0.8271428571428572,0.6369047619047619,0.19023809523809532,0.15023809523809528,True,False,5,0.7965663322020184,0.7167807541575145,,0.07978557804450392,,0.07978557804450392,
db10,db10_mixed_to_amputee,agency_vs_plain_conf_iso_budget,0.15,agency_margin_tau_0.15,plain_conf_threshold_matched_tau_0.15,plain_conf_threshold_iso_budget_curve,active_macro_f1,db10_mixed_to_amputee|S112,S112,ex1,0.7095238095238096,0.5138095238095238,0.19571428571428573,0.1595238095238095,True,False,5,0.7960868168481564,0.7291200526520423,,0.06696676419611414,,0.06696676419611414,
db10,db10_mixed_to_amputee,agency_vs_plain_conf_iso_budget,0.15,agency_margin_tau_0.15,plain_conf_threshold_matched_tau_0.15,plain_conf_threshold_iso_budget_curve,active_macro_f1,db10_mixed_to_amputee|S113,S113,ex1,0.8145238095238095,0.570952380952381,0.24357142857142855,0.20999999999999996,True,False,5,0.6889056437468937,0.6097091140177828,,0.07919652972911084,,0.07919652972911084,
db10,db10_mixed_to_amputee,agency_vs_plain_conf_iso_budget,0.15,agency_margin_tau_0.15,plain_conf_threshold_matched_tau_0.15,plain_conf_threshold_iso_budget_curve,active_macro_f1,db10_mixed_to_amputee|S114,S114,ex1,0.7854761904761904,0.6604761904761904,0.125,0.09285714285714286,True,False,5,0.7020011913487363,0.6734961422801542,,0.02850504906858209,,0.02850504906858209,
db10,db10_mixed_to_amputee,agency_vs_plain_conf_iso_budget,0.15,agency_margin_tau_0.15,plain_conf_threshold_matched_tau_0.15,plain_conf_threshold_iso_budget_curve,active_macro_f1,db10_mixed_to_amputee|S115,S115,ex1,0.8783333333333333,0.1711904761904762,0.7071428571428571,0.6923809523809523,True,False,5,0.3050498806143441,0.2250506213082608,,0.07999925930608331,,0.07999925930608331,
db10,db10_mixed_to_amputee,agency_vs_plain_conf_iso_budget,0.20,agency_margin_tau_0.20,plain_conf_threshold_matched_tau_0.20,plain_conf_threshold_iso_budget_curve,active_macro_f1,db10_mixed_to_amputee|S101,S101,ex1,0.6645238095238095,0.5792857142857143,0.08523809523809522,0.08523809523809522,True,False,5,0.8040870862045809,0.7701209866861515,,0.03396609951842944,,0.03396609951842944,
db10,db10_mixed_to_amputee,agency_vs_plain_conf_iso_budget,0.20,agency_margin_tau_0.20,plain_conf_threshold_matched_tau_0.20,plain_conf_threshold_iso_budget_curve,active_macro_f1,db10_mixed_to_amputee|S102,S102,ex1,0.7335714285714285,0.5692857142857143,0.16428571428571426,0.16428571428571426,True,False,5,0.8060962986760808,0.7459488123204523,,0.0601474863556285,,0.0601474863556285,
db10,db10_mixed_to_amputee,agency_vs_plain_conf_iso_budget,0.20,agency_margin_tau_0.20,plain_conf_threshold_matched_tau_0.20,plain_conf_threshold_iso_budget_curve,active_macro_f1,db10_mixed_to_amputee|S103,S103,ex1,0.7378571428571429,0.628095238095238,0.10976190476190484,0.10976190476190484,True,False,5,0.8097426971955366,0.7687730902633112,,0.0409696069322254,,0.0409696069322254,
db10,db10_mixed_to_amputee,agency_vs_plain_conf_iso_budget,0.20,agency_margin_tau_0.20,plain_conf_threshold_matched_tau_0.20,plain_conf_threshold_iso_budget_curve,active_macro_f1,db10_mixed_to_amputee|S104,S104,ex1,0.7421428571428571,0.6142857142857143,0.12785714285714278,0.12785714285714278,True,False,5,0.8194170784696656,0.7735151208119385,,0.04590195765772709,,0.04590195765772709,
db10,db10_mixed_to_amputee,agency_vs_plain_conf_iso_budget,0.20,agency_margin_tau_0.20,plain_conf_threshold_matched_tau_0.20,plain_conf_threshold_iso_budget_curve,active_macro_f1,db10_mixed_to_amputee|S105,S105,ex1,0.7552380952380953,0.6628571428571428,0.09238095238095245,0.09238095238095245,True,False,5,0.7312597998029399,0.6849225494112716,,0.04633725039166825,,0.04633725039166825,
db10,db10_mixed_to_amputee,agency_vs_plain_conf_iso_budget,0.20,agency_margin_tau_0.20,plain_conf_threshold_matched_tau_0.20,plain_conf_threshold_iso_budget_curve,active_macro_f1,db10_mixed_to_amputee|S106,S106,ex1,0.709047619047619,0.6188095238095238,0.09023809523809523,0.09023809523809523,True,False,5,0.7555228649981547,0.7465660673198438,,0.008956797678310924,,0.008956797678310924,
db10,db10_mixed_to_amputee,agency_vs_plain_conf_iso_budget,0.20,agency_margin_tau_0.20,plain_conf_threshold_matched_tau_0.20,plain_conf_threshold_iso_budget_curve,active_macro_f1,db10_mixed_to_amputee|S107,S107,ex1,0.825952380952381,0.6664285714285715,0.1595238095238095,0.1595238095238095,True,False,5,0.7976440509606288,0.7374935044955884,,0.06015054646504048,,0.06015054646504048,
db10,db10_mixed_to_amputee,agency_vs_plain_conf_iso_budget,0.20,agency_margin_tau_0.20,plain_conf_threshold_matched_tau_0.20,plain_conf_threshold_iso_budget_curve,active_macro_f1,db10_mixed_to_amputee|S108,S108,ex1,0.9997619047619047,0.5592857142857143,0.44047619047619047,0.44047619047619047,True,False,5,0.02280668323906698,0.050622063314371,,-0.027815380075304024,,-0.027815380075304024,
db10,db10_mixed_to_amputee,agency_vs_plain_conf_iso_budget,0.20,agency_margin_tau_0.20,plain_conf_threshold_matched_tau_0.20,plain_conf_threshold_iso_budget_curve,active_macro_f1,db10_mixed_to_amputee|S109,S109,ex1,0.7371428571428571,0.6247619047619047,0.11238095238095236,0.11238095238095236,True,False,5,0.8398366337305234,0.765264580199635,,0.07457205353088847,,0.07457205353088847,
db10,db10_mixed_to_amputee,agency_vs_plain_conf_iso_budget,0.20,agency_margin_tau_0.20,plain_conf_threshold_matched_tau_0.20,plain_conf_threshold_iso_budget_curve,active_macro_f1,db10_mixed_to_amputee|S110,S110,ex1,0.7569047619047619,0.5019047619047619,0.255,0.255,True,False,5,0.5987558951889188,0.4915269873088417,,0.1072289078800771,,0.1072289078800771,
db10,db10_mixed_to_amputee,agency_vs_plain_conf_iso_budget,0.20,agency_margin_tau_0.20,plain_conf_threshold_matched_tau_0.20,plain_conf_threshold_iso_budget_curve,active_macro_f1,db10_mixed_to_amputee|S111,S111,ex1,0.8383333333333334,0.6769047619047619,0.16142857142857148,0.16142857142857148,True,False,5,0.8088526589215475,0.7341110065235826,,0.07474165239796482,,0.07474165239796482,
db10,db10_mixed_to_amputee,agency_vs_plain_conf_iso_budget,0.20,agency_margin_tau_0.20,plain_conf_threshold_matched_tau_0.20,plain_conf_threshold_iso_budget_curve,active_macro_f1,db10_mixed_to_amputee|S112,S112,ex1,0.7214285714285714,0.55,0.17142857142857137,0.17142857142857137,True,False,5,0.8202296143089793,0.7525560171525016,,0.0676735971564777,,0.0676735971564777,
db10,db10_mixed_to_amputee,agency_vs_plain_conf_iso_budget,0.20,agency_margin_tau_0.20,plain_conf_threshold_matched_tau_0.20,plain_conf_threshold_iso_budget_curve,active_macro_f1,db10_mixed_to_amputee|S113,S113,ex1,0.8321428571428572,0.6045238095238096,0.2276190476190476,0.2276190476190476,True,False,5,0.7164704290055364,0.6285947703786999,,0.08787565862683644,,0.08787565862683644,
db10,db10_mixed_to_amputee,agency_vs_plain_conf_iso_budget,0.20,agency_margin_tau_0.20,plain_conf_threshold_matched_tau_0.20,plain_conf_threshold_iso_budget_curve,active_macro_f1,db10_mixed_to_amputee|S114,S114,ex1,0.8269047619047619,0.6926190476190476,0.13428571428571434,0.13428571428571434,True,False,5,0.7624464431786528,0.6906181443794289,,0.07182829879922392,,0.07182829879922392,
db10,db10_mixed_to_amputee,agency_vs_plain_conf_iso_budget,0.20,agency_margin_tau_0.20,plain_conf_threshold_matched_tau_0.20,plain_conf_threshold_iso_budget_curve,active_macro_f1,db10_mixed_to_amputee|S115,S115,ex1,0.8897619047619048,0.18595238095238095,0.7038095238095238,0.7038095238095238,True,False,5,0.31358520456638556,0.2334882546432046,,0.08009694992318095,,0.08009694992318095,
db10,db10_mixed_to_amputee,agency_vs_plain_conf_iso_budget,0.02,agency_margin_tau_0.02,plain_conf_threshold_matched_tau_0.02,plain_conf_threshold_iso_budget_curve,active_risk_coverage_auc,db10_mixed_to_amputee|S101,S101,ex1,0.19476190476190477,0.2211904761904762,-0.026428571428571412,0.026428571428571412,True,False,5,0.5324843364554714,0.254100867408876,,0.27838346904659544,,-0.27838346904659544,
db10,db10_mixed_to_amputee,agency_vs_plain_conf_iso_budget,0.02,agency_margin_tau_0.02,plain_conf_threshold_matched_tau_0.02,plain_conf_threshold_iso_budget_curve,active_risk_coverage_auc,db10_mixed_to_amputee|S102,S102,ex1,0.17595238095238094,0.10833333333333334,0.0676190476190476,0.0676190476190476,False,True,5,0.5820310902594873,0.5083249166285854,0.3943901290096583,0.07370617363090193,0.18764096124982899,-0.07370617363090193,-0.18764096124982899
db10,db10_mixed_to_amputee,agency_vs_plain_conf_iso_budget,0.02,agency_margin_tau_0.02,plain_conf_threshold_matched_tau_0.02,plain_conf_threshold_iso_budget_curve,active_risk_coverage_auc,db10_mixed_to_amputee|S103,S103,ex1,0.23095238095238096,0.1926190476190476,0.03833333333333336,0.03833333333333336,False,True,5,0.5142021300403606,0.270629646953728,0.23701273894916608,0.24357248308663265,0.27718939109119456,-0.24357248308663265,-0.27718939109119456
db10,db10_mixed_to_amputee,agency_vs_plain_conf_iso_budget,0.02,agency_margin_tau_0.02,plain_conf_threshold_matched_tau_0.02,plain_conf_threshold_iso_budget_curve,active_risk_coverage_auc,db10_mixed_to_amputee|S104,S104,ex1,0.3759523809523809,0.16238095238095238,0.21357142857142855,0.03809523809523807,False,True,5,0.3605262991810801,0.3510590743866551,0.1414926772608695,0.009467224794424967,0.21903362192021059,-0.009467224794424967,-0.21903362192021059
db10,db10_mixed_to_amputee,agency_vs_plain_conf_iso_budget,0.02,agency_margin_tau_0.02,plain_conf_threshold_matched_tau_0.02,plain_conf_threshold_iso_budget_curve,active_risk_coverage_auc,db10_mixed_to_amputee|S105,S105,ex1,0.1411904761904762,0.1554761904761905,-0.01428571428571429,0.01428571428571429,True,False,5,0.6026765694784691,0.5132781351997941,,0.089398434278675,,-0.089398434278675,
db10,db10_mixed_to_amputee,agency_vs_plain_conf_iso_budget,0.02,agency_margin_tau_0.02,plain_conf_threshold_matched_tau_0.02,plain_conf_threshold_iso_budget_curve,active_risk_coverage_auc,db10_mixed_to_amputee|S106,S106,ex1,0.1626190476190476,0.13238095238095238,0.03023809523809523,0.03023809523809523,False,True,5,0.48226336976538237,0.3320071306988289,0.30176769166575185,0.15025623906655344,0.18049567809963052,-0.15025623906655344,-0.18049567809963052
db10,db10_mixed_to_amputee,agency_vs_plain_conf_iso_budget,0.02,agency_margin_tau_0.02,plain_conf_threshold_matched_tau_0.02,plain_conf_threshold_iso_budget_curve,active_risk_coverage_auc,db10_mixed_to_amputee|S107,S107,ex1,0.32976190476190476,0.12571428571428572,0.20404761904761903,0.008809523809523823,False,True,5,0.38822930335164463,0.3667021962892269,0.17206655834815215,0.021527107062417727,0.21616274500349247,-0.021527107062417727,-0.21616274500349247
db10,db10_mixed_to_amputee,agency_vs_plain_conf_iso_budget,0.02,agency_margin_tau_0.02,plain_conf_threshold_matched_tau_0.02,plain_conf_threshold_iso_budget_curve,active_risk_coverage_auc,db10_mixed_to_amputee|S108,S108,ex1,0.0,0.17714285714285713,-0.17714285714285713,0.17714285714285713,True,False,5,0.8890666101299518,0.9210250489321312,,-0.03195843880217941,,0.03195843880217941,
db10,db10_mixed_to_amputee,agency_vs_plain_conf_iso_budget,0.02,agency_margin_tau_0.02,plain_conf_threshold_matched_tau_0.02,plain_conf_threshold_iso_budget_curve,active_risk_coverage_auc,db10_mixed_to_amputee|S109,S109,ex1,0.21023809523809525,0.15142857142857144,0.05880952380952381,0.05880952380952381,False,True,5,0.45053312748637026,0.376996269746567,0.3062785421308199,0.07353685773980323,0.14425458535555036,-0.07353685773980323,-0.14425458535555036
db10,db10_mixed_to_amputee,agency_vs_plain_conf_iso_budget,0.02,agency_margin_tau_0.02,plain_conf_threshold_matched_tau_0.02,plain_conf_threshold_iso_budget_curve,active_risk_coverage_auc,db10_mixed_to_amputee|S110,S110,ex1,0.16476190476190475,0.05071428571428571,0.11404761904761904,0.03023809523809526,False,True,5,0.6645399283675906,0.654804954994044,0.503386745967795,0.009734973373546563,0.1611531823997956,-0.009734973373546563,-0.1611531823997956
db10,db10_mixed_to_amputee,agency_vs_plain_conf_iso_budget,0.02,agency_margin_tau_0.02,plain_conf_threshold_matched_tau_0.02,plain_conf_threshold_iso_budget_curve,active_risk_coverage_auc,db10_mixed_to_amputee|S111,S111,ex1,0.23547619047619048,0.1823809523809524,0.053095238095238084,0.053095238095238084,False,True,5,0.4822781814654551,0.47020812760004377,0.39518257872487855,0.012070053865411323,0.08709560274057654,-0.012070053865411323,-0.08709560274057654
db10,db10_mixed_to_amputee,agency_vs_plain_conf_iso_budget,0.02,agency_margin_tau_0.02,plain_conf_threshold_matched_tau_0.02,plain_conf_threshold_iso_budget_curve,active_risk_coverage_auc,db10_mixed_to_amputee|S112,S112,ex1,0.2866666666666667,0.08595238095238095,0.20071428571428573,0.06452380952380954,False,True,5,0.4154217570541957,0.4523601468464474,0.19579777985362523,-0.03693838979225167,0.21962397720057047,0.03693838979225167,-0.21962397720057047
db10,db10_mixed_to_amputee,agency_vs_plain_conf_iso_budget,0.02,agency_margin_tau_0.02,plain_conf_threshold_matched_tau_0.02,plain_conf_threshold_iso_budget_curve,active_risk_coverage_auc,db10_mixed_to_amputee|S113,S113,ex1,0.26785714285714285,0.05976190476190476,0.20809523809523808,0.0069047619047619135,False,True,5,0.5715187924940323,0.6299681339034171,0.3209281958626091,-0.05844934140938485,0.25059059663142313,0.05844934140938485,-0.25059059663142313
db10,db10_mixed_to_amputee,agency_vs_plain_conf_iso_budget,0.02,agency_margin_tau_0.02,plain_conf_threshold_matched_tau_0.02,plain_conf_threshold_iso_budget_curve,active_risk_coverage_auc,db10_mixed_to_amputee|S114,S114,ex1,0.18714285714285714,0.17785714285714285,0.009285714285714286,0.009285714285714286,False,True,5,0.6163234602232827,0.4328701498515434,0.4230816741639004,0.1834533103717393,0.19324178605938225,-0.1834533103717393,-0.19324178605938225
db10,db10_mixed_to_amputee,agency_vs_plain_conf_iso_budget,0.02,agency_margin_tau_0.02,plain_conf_threshold_matched_tau_0.02,plain_conf_threshold_iso_budget_curve,active_risk_coverage_auc,db10_mixed_to_amputee|S115,S115,ex1,0.19023809523809523,0.012380952380952381,0.17785714285714285,0.004285714285714282,True,False,5,0.8049387512405822,0.8620003250043881,,-0.05706157376380583,,0.05706157376380583,
db10,db10_mixed_to_amputee,agency_vs_plain_conf_iso_budget,0.05,agency_margin_tau_0.05,plain_conf_threshold_matched_tau_0.05,plain_conf_threshold_iso_budget_curve,active_risk_coverage_auc,db10_mixed_to_amputee|S101,S101,ex1,0.4088095238095238,0.35714285714285715,0.05166666666666664,0.05166666666666664,False,True,5,0.23787500479708695,0.12516779951236975,0.10859964617870282,0.1127072052847172,0.12927535861838413,-0.1127072052847172,-0.12927535861838413
db10,db10_mixed_to_amputee,agency_vs_plain_conf_iso_budget,0.05,agency_margin_tau_0.05,plain_conf_threshold_matched_tau_0.05,plain_conf_threshold_iso_budget_curve,active_risk_coverage_auc,db10_mixed_to_amputee|S102,S102,ex1,0.4719047619047619,0.2969047619047619,0.175,0.021428571428571408,False,True,5,0.22170123107552245,0.19059128355045066,0.10167954554745604,0.03110994752507179,0.12002168552806641,-0.03110994752507179,-0.12002168552806641
db10,db10_mixed_to_amputee,agency_vs_plain_conf_iso_budget,0.05,agency_margin_tau_0.05,plain_conf_threshold_matched_tau_0.05,plain_conf_threshold_iso_budget_curve,active_risk_coverage_auc,db10_mixed_to_amputee|S103,S103,ex1,0.4807142857142857,0.3730952380952381,0.10761904761904761,0.03690476190476194,False,True,5,0.24207643503037252,0.11235873846020063,0.0813559184873275,0.1297176965701719,0.16072051654304503,-0.1297176965701719,-0.16072051654304503
db10,db10_mixed_to_amputee,agency_vs_plain_conf_iso_budget,0.05,agency_margin_tau_0.05,plain_conf_threshold_matched_tau_0.05,plain_conf_threshold_iso_budget_curve,active_risk_coverage_auc,db10_mixed_to_amputee|S104,S104,ex1,0.5823809523809523,0.33785714285714286,0.24452380952380948,0.00023809523809525945,False,True,5,0.17561671204116855,0.1542045766251631,0.08858871337619599,0.02141213541600545,0.08702799866497256,-0.02141213541600545,-0.08702799866497256
db10,db10_mixed_to_amputee,agency_vs_plain_conf_iso_budget,0.05,agency_margin_tau_0.05,plain_conf_threshold_matched_tau_0.05,plain_conf_threshold_iso_budget_curve,active_risk_coverage_auc,db10_mixed_to_amputee|S105,S105,ex1,0.36142857142857143,0.3580952380952381,0.003333333333333355,0.003333333333333355,False,True,5,0.33145941501853365,0.24451432448438426,0.24293003829961443,0.0869450905341494,0.08852937671891922,-0.0869450905341494,-0.08852937671891922
db10,db10_mixed_to_amputee,agency_vs_plain_conf_iso_budget,0.05,agency_margin_tau_0.05,plain_conf_threshold_matched_tau_0.05,plain_conf_threshold_iso_budget_curve,active_risk_coverage_auc,db10_mixed_to_amputee|S106,S106,ex1,0.36238095238095236,0.31476190476190474,0.047619047619047616,0.047619047619047616,False,True,5,0.305551080460716,0.14961807322373402,0.13777064655381907,0.15593300723698197,0.16778043390689693,-0.15593300723698197,-0.16778043390689693
db10,db10_mixed_to_amputee,agency_vs_plain_conf_iso_budget,0.05,agency_margin_tau_0.05,plain_conf_threshold_matched_tau_0.05,plain_conf_threshold_iso_budget_curve,active_risk_coverage_auc,db10_mixed_to_amputee|S107,S107,ex1,0.5969047619047619,0.3385714285714286,0.25833333333333336,0.03476190476190477,False,True,5,0.1857678232658418,0.1636633861149902,0.09237555286117488,0.022104437150851586,0.09339227040466691,-0.022104437150851586,-0.09339227040466691
db10,db10_mixed_to_amputee,agency_vs_plain_conf_iso_budget,0.05,agency_margin_tau_0.05,plain_conf_threshold_matched_tau_0.05,plain_conf_threshold_iso_budget_curve,active_risk_coverage_auc,db10_mixed_to_amputee|S108,S108,ex1,0.0004761904761904762,0.21714285714285714,-0.21666666666666667,0.17666666666666667,True,False,5,0.8890666101299518,0.9276915777581238,,-0.038624967628172024,,0.038624967628172024,
db10,db10_mixed_to_amputee,agency_vs_plain_conf_iso_budget,0.05,agency_margin_tau_0.05,plain_conf_threshold_matched_tau_0.05,plain_conf_threshold_iso_budget_curve,active_risk_coverage_auc,db10_mixed_to_amputee|S109,S109,ex1,0.4961904761904762,0.3264285714285714,0.16976190476190478,0.007857142857142896,False,True,5,0.1985881278823211,0.16656092643655038,0.0937347659127522,0.03202720144577073,0.1048533619695689,-0.03202720144577073,-0.1048533619695689
db10,db10_mixed_to_amputee,agency_vs_plain_conf_iso_budget,0.05,agency_margin_tau_0.05,plain_conf_threshold_matched_tau_0.05,plain_conf_threshold_iso_budget_curve,active_risk_coverage_auc,db10_mixed_to_amputee|S110,S110,ex1,0.4038095238095238,0.195,0.20880952380952378,0.03214285714285714,False,True,5,0.46983799963691936,0.4632403732197081,0.35469017294461197,0.006597626417211233,0.11514782669230739,-0.006597626417211233,-0.11514782669230739
db10,db10_mixed_to_amputee,agency_vs_plain_conf_iso_budget,0.05,agency_margin_tau_0.05,plain_conf_threshold_matched_tau_0.05,plain_conf_threshold_iso_budget_curve,active_risk_coverage_auc,db10_mixed_to_amputee|S111,S111,ex1,0.535,0.38047619047619047,0.15452380952380956,0.0045238095238094855,False,True,5,0.1645473332503893,0.19029217843350807,0.11556996917621318,-0.02574484518311876,0.04897736407417613,0.02574484518311876,-0.04897736407417613
db10,db10_mixed_to_amputee,agency_vs_plain_conf_iso_budget,0.05,agency_margin_tau_0.05,plain_conf_threshold_matched_tau_0.05,plain_conf_threshold_iso_budget_curve,active_risk_coverage_auc,db10_mixed_to_amputee|S112,S112,ex1,0.5523809523809524,0.22214285714285714,0.3302380952380953,0.0023809523809523725,True,False,5,0.19784518174606872,0.23026748363042737,,-0.032422301884358656,,0.032422301884358656,
db10,db10_mixed_to_amputee,agency_vs_plain_conf_iso_budget,0.05,agency_margin_tau_0.05,plain_conf_threshold_matched_tau_0.05,plain_conf_threshold_iso_budget_curve,active_risk_coverage_auc,db10_mixed_to_amputee|S113,S113,ex1,0.675952380952381,0.26095238095238094,0.41500000000000004,0.0714285714285714,True,False,5,0.25893384310987433,0.3257559698256656,,-0.0668221267157913,,0.0668221267157913,
db10,db10_mixed_to_amputee,agency_vs_plain_conf_iso_budget,0.05,agency_margin_tau_0.05,plain_conf_threshold_matched_tau_0.05,plain_conf_threshold_iso_budget_curve,active_risk_coverage_auc,db10_mixed_to_amputee|S114,S114,ex1,0.3883333333333333,0.37333333333333335,0.014999999999999958,0.014999999999999958,False,True,5,0.47228988855104387,0.22681018729885377,0.22075378707974908,0.2454797012521901,0.2515361014712948,-0.2454797012521901,-0.2515361014712948
db10,db10_mixed_to_amputee,agency_vs_plain_conf_iso_budget,0.05,agency_margin_tau_0.05,plain_conf_threshold_matched_tau_0.05,plain_conf_threshold_iso_budget_curve,active_risk_coverage_auc,db10_mixed_to_amputee|S115,S115,ex1,0.4766666666666667,0.05857142857142857,0.41809523809523813,0.2907142857142857,True,False,5,0.6491463097629967,0.7386624242851401,,-0.08951611452214336,,0.08951611452214336,
db10,db10_mixed_to_amputee,agency_vs_plain_conf_iso_budget,0.10,agency_margin_tau_0.10,plain_conf_threshold_matched_tau_0.10,plain_conf_threshold_iso_budget_curve,active_risk_coverage_auc,db10_mixed_to_amputee|S101,S101,ex1,0.5442857142857143,0.48095238095238096,0.0633333333333333,0.008809523809523823,False,True,5,0.11023651925260117,0.08546531226118631,0.07693786390765056,0.024771206991414857,0.033298655344950606,-0.024771206991414857,-0.033298655344950606
db10,db10_mixed_to_amputee,agency_vs_plain_conf_iso_budget,0.10,agency_margin_tau_0.10,plain_conf_threshold_matched_tau_0.10,plain_conf_threshold_iso_budget_curve,active_risk_coverage_auc,db10_mixed_to_amputee|S102,S102,ex1,0.6221428571428571,0.4504761904761905,0.17166666666666663,0.052857142857142825,True,False,5,0.11990832556168665,0.1064603248227156,,0.013448000738971053,,-0.013448000738971053,
db10,db10_mixed_to_amputee,agency_vs_plain_conf_iso_budget,0.10,agency_margin_tau_0.10,plain_conf_threshold_matched_tau_0.10,plain_conf_threshold_iso_budget_curve,active_risk_coverage_auc,db10_mixed_to_amputee|S103,S103,ex1,0.6438095238095238,0.5176190476190476,0.1261904761904762,0.01571428571428579,True,False,5,0.09976014319643528,0.07072442048778028,,0.029035722708654996,,-0.029035722708654996,
db10,db10_mixed_to_amputee,agency_vs_plain_conf_iso_budget,0.10,agency_margin_tau_0.10,plain_conf_threshold_matched_tau_0.10,plain_conf_threshold_iso_budget_curve,active_risk_coverage_auc,db10_mixed_to_amputee|S104,S104,ex1,0.7130952380952381,0.5059523809523809,0.20714285714285718,0.09880952380952379,True,False,5,0.09772811441556321,0.09811332068021754,,-0.0003852062646543253,,0.0003852062646543253,
db10,db10_mixed_to_amputee,agency_vs_plain_conf_iso_budget,0.10,agency_margin_tau_0.10,plain_conf_threshold_matched_tau_0.10,plain_conf_threshold_iso_budget_curve,active_risk_coverage_auc,db10_mixed_to_amputee|S105,S105,ex1,0.5757142857142857,0.5423809523809524,0.033333333333333326,0.033333333333333326,False,True,5,0.18906444498521588,0.15692593112639594,0.1488298042158769,0.03213851385881994,0.04023464076933897,-0.03213851385881994,-0.04023464076933897
db10,db10_mixed_to_amputee,agency_vs_plain_conf_iso_budget,0.10,agency_margin_tau_0.10,plain_conf_threshold_matched_tau_0.10,plain_conf_threshold_iso_budget_curve,active_risk_coverage_auc,db10_mixed_to_amputee|S106,S106,ex1,0.5692857142857143,0.5042857142857143,0.06499999999999995,0.020476190476190426,False,True,5,0.1516177628864523,0.10246531507747245,0.09684302176721334,0.04915244780897984,0.054774741119238954,-0.04915244780897984,-0.054774741119238954
db10,db10_mixed_to_amputee,agency_vs_plain_conf_iso_budget,0.10,agency_margin_tau_0.10,plain_conf_threshold_matched_tau_0.10,plain_conf_threshold_iso_budget_curve,active_risk_coverage_auc,db10_mixed_to_amputee|S107,S107,ex1,0.7471428571428571,0.5416666666666666,0.20547619047619048,0.08071428571428563,True,False,5,0.11130153181949247,0.09924476919062276,,0.012056762628869705,,-0.012056762628869705,
db10,db10_mixed_to_amputee,agency_vs_plain_conf_iso_budget,0.10,agency_margin_tau_0.10,plain_conf_threshold_matched_tau_0.10,plain_conf_threshold_iso_budget_curve,active_risk_coverage_auc,db10_mixed_to_amputee|S108,S108,ex1,0.02095238095238095,0.37285714285714283,-0.3519047619047619,0.15619047619047619,True,False,5,0.8894665727112679,0.9220658629723528,,-0.03259929026108488,,0.03259929026108488,
db10,db10_mixed_to_amputee,agency_vs_plain_conf_iso_budget,0.10,agency_margin_tau_0.10,plain_conf_threshold_matched_tau_0.10,plain_conf_threshold_iso_budget_curve,active_risk_coverage_auc,db10_mixed_to_amputee|S109,S109,ex1,0.6923809523809524,0.5040476190476191,0.18833333333333335,0.06761904761904769,True,False,5,0.0796221011026819,0.09036413015218368,,-0.010742029049501778,,0.010742029049501778,
db10,db10_mixed_to_amputee,agency_vs_plain_conf_iso_budget,0.10,agency_margin_tau_0.10,plain_conf_threshold_matched_tau_0.10,plain_conf_threshold_iso_budget_curve,active_risk_coverage_auc,db10_mixed_to_amputee|S110,S110,ex1,0.6523809523809524,0.37166666666666665,0.28071428571428575,0.15047619047619054,True,False,5,0.3437209187115548,0.3625762592432973,,-0.01885534053174248,,0.01885534053174248,
db10,db10_mixed_to_amputee,agency_vs_plain_conf_iso_budget,0.10,agency_margin_tau_0.10,plain_conf_threshold_matched_tau_0.10,plain_conf_threshold_iso_budget_curve,active_risk_coverage_auc,db10_mixed_to_amputee|S111,S111,ex1,0.7397619047619047,0.5395238095238095,0.20023809523809522,0.06285714285714283,True,False,5,0.09728833112733282,0.11338241605465911,,-0.016094084927326294,,0.016094084927326294,
db10,db10_mixed_to_amputee,agency_vs_plain_conf_iso_budget,0.10,agency_margin_tau_0.10,plain_conf_threshold_matched_tau_0.10,plain_conf_threshold_iso_budget_curve,active_risk_coverage_auc,db10_mixed_to_amputee|S112,S112,ex1,0.6676190476190477,0.4054761904761905,0.2621428571428572,0.11761904761904762,True,False,5,0.11754376155609636,0.1323277348919121,,-0.014783973335815742,,0.014783973335815742,
db10,db10_mixed_to_amputee,agency_vs_plain_conf_iso_budget,0.10,agency_margin_tau_0.10,plain_conf_threshold_matched_tau_0.10,plain_conf_threshold_iso_budget_curve,active_risk_coverage_auc,db10_mixed_to_amputee|S113,S113,ex1,0.7792857142857142,0.46190476190476193,0.3173809523809523,0.17476190476190467,True,False,5,0.16940479329644736,0.18525110000429698,,-0.015846306707849617,,0.015846306707849617,
db10,db10_mixed_to_amputee,agency_vs_plain_conf_iso_budget,0.10,agency_margin_tau_0.10,plain_conf_threshold_matched_tau_0.10,plain_conf_threshold_iso_budget_curve,active_risk_coverage_auc,db10_mixed_to_amputee|S114,S114,ex1,0.6345238095238095,0.5473809523809524,0.08714285714285708,0.02595238095238095,False,True,5,0.248035577436423,0.15653671808987682,0.13906879563775937,0.09149885934654617,0.10896678179866362,-0.09149885934654617,-0.10896678179866362
db10,db10_mixed_to_amputee,agency_vs_plain_conf_iso_budget,0.10,agency_margin_tau_0.10,plain_conf_threshold_matched_tau_0.10,plain_conf_threshold_iso_budget_curve,active_risk_coverage_auc,db10_mixed_to_amputee|S115,S115,ex1,0.7814285714285715,0.12333333333333334,0.6580952380952382,0.5954761904761905,True,False,5,0.5330924837781188,0.6422868778878408,,-0.10919439410972198,,0.10919439410972198,
db10,db10_mixed_to_amputee,agency_vs_plain_conf_iso_budget,0.15,agency_margin_tau_0.15,plain_conf_threshold_matched_tau_0.15,plain_conf_threshold_iso_budget_curve,active_risk_coverage_auc,db10_mixed_to_amputee|S101,S101,ex1,0.6326190476190476,0.5530952380952381,0.07952380952380955,0.053333333333333344,True,False,5,0.07600745313452825,0.07575171507651965,,0.0002557380580086033,,-0.0002557380580086033,
db10,db10_mixed_to_amputee,agency_vs_plain_conf_iso_budget,0.15,agency_margin_tau_0.15,plain_conf_threshold_matched_tau_0.15,plain_conf_threshold_iso_budget_curve,active_risk_coverage_auc,db10_mixed_to_amputee|S102,S102,ex1,0.6985714285714286,0.5392857142857143,0.15928571428571436,0.12928571428571434,True,False,5,0.08555481011590882,0.08664665071525093,,-0.0010918405993421143,,0.0010918405993421143,
db10,db10_mixed_to_amputee,agency_vs_plain_conf_iso_budget,0.15,agency_margin_tau_0.15,plain_conf_threshold_matched_tau_0.15,plain_conf_threshold_iso_budget_curve,active_risk_coverage_auc,db10_mixed_to_amputee|S103,S103,ex1,0.714047619047619,0.5995238095238096,0.11452380952380947,0.085952380952381,True,False,5,0.0628953273968992,0.05962460605830294,,0.0032707213385962525,,-0.0032707213385962525,
db10,db10_mixed_to_amputee,agency_vs_plain_conf_iso_budget,0.15,agency_margin_tau_0.15,plain_conf_threshold_matched_tau_0.15,plain_conf_threshold_iso_budget_curve,active_risk_coverage_auc,db10_mixed_to_amputee|S104,S104,ex1,0.7385714285714285,0.5826190476190476,0.15595238095238095,0.12428571428571422,True,False,5,0.08567138698979497,0.08855904170235168,,-0.0028876547125567115,,0.0028876547125567115,
db10,db10_mixed_to_amputee,agency_vs_plain_conf_iso_budget,0.15,agency_margin_tau_0.15,plain_conf_threshold_matched_tau_0.15,plain_conf_threshold_iso_budget_curve,active_risk_coverage_auc,db10_mixed_to_amputee|S105,S105,ex1,0.6880952380952381,0.6311904761904762,0.0569047619047619,0.02523809523809528,True,False,5,0.14856281269661162,0.13535553585765597,,0.013207276838955645,,-0.013207276838955645,
db10,db10_mixed_to_amputee,agency_vs_plain_conf_iso_budget,0.15,agency_margin_tau_0.15,plain_conf_threshold_matched_tau_0.15,plain_conf_threshold_iso_budget_curve,active_risk_coverage_auc,db10_mixed_to_amputee|S106,S106,ex1,0.6676190476190477,0.5897619047619047,0.07785714285714296,0.04880952380952386,True,False,5,0.10949067166548164,0.09507189640207676,,0.014418775263404876,,-0.014418775263404876,
db10,db10_mixed_to_amputee,agency_vs_plain_conf_iso_budget,0.15,agency_margin_tau_0.15,plain_conf_threshold_matched_tau_0.15,plain_conf_threshold_iso_budget_curve,active_risk_coverage_auc,db10_mixed_to_amputee|S107,S107,ex1,0.8076190476190476,0.6316666666666667,0.17595238095238086,0.1411904761904761,True,False,5,0.0879746032954334,0.08805268396419476,,-7.808066876136e-05,,7.808066876136e-05,
db10,db10_mixed_to_amputee,agency_vs_plain_conf_iso_budget,0.15,agency_margin_tau_0.15,plain_conf_threshold_matched_tau_0.15,plain_conf_threshold_iso_budget_curve,active_risk_coverage_auc,db10_mixed_to_amputee|S108,S108,ex1,0.9030952380952381,0.49523809523809526,0.4078571428571428,0.3438095238095238,True,False,5,0.9860703757290273,0.9118899300775148,,0.0741804456515125,,-0.0741804456515125,
db10,db10_mixed_to_amputee,agency_vs_plain_conf_iso_budget,0.15,agency_margin_tau_0.15,plain_conf_threshold_matched_tau_0.15,plain_conf_threshold_iso_budget_curve,active_risk_coverage_auc,db10_mixed_to_amputee|S109,S109,ex1,0.7304761904761905,0.5916666666666667,0.13880952380952383,0.10571428571428576,True,False,5,0.06305817028891225,0.0712442030656871,,-0.008186032776774849,,0.008186032776774849,
db10,db10_mixed_to_amputee,agency_vs_plain_conf_iso_budget,0.15,agency_margin_tau_0.15,plain_conf_threshold_matched_tau_0.15,plain_conf_threshold_iso_budget_curve,active_risk_coverage_auc,db10_mixed_to_amputee|S110,S110,ex1,0.7307142857142858,0.4666666666666667,0.2640476190476191,0.2288095238095239,True,False,5,0.31813521384727256,0.3392684930716274,,-0.021133279224354817,,0.021133279224354817,
db10,db10_mixed_to_amputee,agency_vs_plain_conf_iso_budget,0.15,agency_margin_tau_0.15,plain_conf_threshold_matched_tau_0.15,plain_conf_threshold_iso_budget_curve,active_risk_coverage_auc,db10_mixed_to_amputee|S111,S111,ex1,0.8271428571428572,0.6369047619047619,0.19023809523809532,0.15023809523809528,True,False,5,0.07706565377837467,0.0903025485933898,,-0.013236894815015138,,0.013236894815015138,
db10,db10_mixed_to_amputee,agency_vs_plain_conf_iso_budget,0.15,agency_margin_tau_0.15,plain_conf_threshold_matched_tau_0.15,plain_conf_threshold_iso_budget_curve,active_risk_coverage_auc,db10_mixed_to_amputee|S112,S112,ex1,0.7095238095238096,0.5138095238095238,0.19571428571428573,0.1595238095238095,True,False,5,0.10115592230822106,0.10933591488439016,,-0.00817999257616911,,0.00817999257616911,
db10,db10_mixed_to_amputee,agency_vs_plain_conf_iso_budget,0.15,agency_margin_tau_0.15,plain_conf_threshold_matched_tau_0.15,plain_conf_threshold_iso_budget_curve,active_risk_coverage_auc,db10_mixed_to_amputee|S113,S113,ex1,0.8145238095238095,0.570952380952381,0.24357142857142855,0.20999999999999996,True,False,5,0.14113190326697556,0.14821592149211615,,-0.007084018225140598,,0.007084018225140598,
db10,db10_mixed_to_amputee,agency_vs_plain_conf_iso_budget,0.15,agency_margin_tau_0.15,plain_conf_threshold_matched_tau_0.15,plain_conf_threshold_iso_budget_curve,active_risk_coverage_auc,db10_mixed_to_amputee|S114,S114,ex1,0.7854761904761904,0.6604761904761904,0.125,0.09285714285714286,True,False,5,0.14598884684862468,0.13386660015338558,,0.012122246695239092,,-0.012122246695239092,
db10,db10_mixed_to_amputee,agency_vs_plain_conf_iso_budget,0.15,agency_margin_tau_0.15,plain_conf_threshold_matched_tau_0.15,plain_conf_threshold_iso_budget_curve,active_risk_coverage_auc,db10_mixed_to_amputee|S115,S115,ex1,0.8783333333333333,0.1711904761904762,0.7071428571428571,0.6923809523809523,True,False,5,0.5268195672487214,0.5933264879184388,,-0.06650692066971742,,0.06650692066971742,
db10,db10_mixed_to_amputee,agency_vs_plain_conf_iso_budget,0.20,agency_margin_tau_0.20,plain_conf_threshold_matched_tau_0.20,plain_conf_threshold_iso_budget_curve,active_risk_coverage_auc,db10_mixed_to_amputee|S101,S101,ex1,0.6645238095238095,0.5792857142857143,0.08523809523809522,0.08523809523809522,True,False,5,0.07118792425473527,0.07331338391868207,,-0.0021254596639467965,,0.0021254596639467965,
db10,db10_mixed_to_amputee,agency_vs_plain_conf_iso_budget,0.20,agency_margin_tau_0.20,plain_conf_threshold_matched_tau_0.20,plain_conf_threshold_iso_budget_curve,active_risk_coverage_auc,db10_mixed_to_amputee|S102,S102,ex1,0.7335714285714285,0.5692857142857143,0.16428571428571426,0.16428571428571426,True,False,5,0.07671727413141319,0.082174722936817,,-0.005457448805403817,,0.005457448805403817,
db10,db10_mixed_to_amputee,agency_vs_plain_conf_iso_budget,0.20,agency_margin_tau_0.20,plain_conf_threshold_matched_tau_0.20,plain_conf_threshold_iso_budget_curve,active_risk_coverage_auc,db10_mixed_to_amputee|S103,S103,ex1,0.7378571428571429,0.628095238095238,0.10976190476190484,0.10976190476190484,True,False,5,0.05320887542934646,0.0567156886380856,,-0.0035068132087391415,,0.0035068132087391415,
db10,db10_mixed_to_amputee,agency_vs_plain_conf_iso_budget,0.20,agency_margin_tau_0.20,plain_conf_threshold_matched_tau_0.20,plain_conf_threshold_iso_budget_curve,active_risk_coverage_auc,db10_mixed_to_amputee|S104,S104,ex1,0.7421428571428571,0.6142857142857143,0.12785714285714278,0.12785714285714278,True,False,5,0.08350756291650865,0.08664130936896156,,-0.0031337464524529013,,0.0031337464524529013,
db10,db10_mixed_to_amputee,agency_vs_plain_conf_iso_budget,0.20,agency_margin_tau_0.20,plain_conf_threshold_matched_tau_0.20,plain_conf_threshold_iso_budget_curve,active_risk_coverage_auc,db10_mixed_to_amputee|S105,S105,ex1,0.7552380952380953,0.6628571428571428,0.09238095238095245,0.09238095238095245,True,False,5,0.13080322553936596,0.13037004647514228,,0.0004331790642236877,,-0.0004331790642236877,
db10,db10_mixed_to_amputee,agency_vs_plain_conf_iso_budget,0.20,agency_margin_tau_0.20,plain_conf_threshold_matched_tau_0.20,plain_conf_threshold_iso_budget_curve,active_risk_coverage_auc,db10_mixed_to_amputee|S106,S106,ex1,0.709047619047619,0.6188095238095238,0.09023809523809523,0.09023809523809523,True,False,5,0.09409678957228147,0.0936295716051224,,0.00046721796715906705,,-0.00046721796715906705,
db10,db10_mixed_to_amputee,agency_vs_plain_conf_iso_budget,0.20,agency_margin_tau_0.20,plain_conf_threshold_matched_tau_0.20,plain_conf_threshold_iso_budget_curve,active_risk_coverage_auc,db10_mixed_to_amputee|S107,S107,ex1,0.825952380952381,0.6664285714285715,0.1595238095238095,0.1595238095238095,True,False,5,0.08179819464696786,0.08565937925772167,,-0.0038611846107538123,,0.0038611846107538123,
db10,db10_mixed_to_amputee,agency_vs_plain_conf_iso_budget,0.20,agency_margin_tau_0.20,plain_conf_threshold_matched_tau_0.20,plain_conf_threshold_iso_budget_curve,active_risk_coverage_auc,db10_mixed_to_amputee|S108,S108,ex1,0.9997619047619047,0.5592857142857143,0.44047619047619047,0.44047619047619047,True,False,5,0.9286792887828257,0.9138159623449682,,0.014863326437857483,,-0.014863326437857483,
db10,db10_mixed_to_amputee,agency_vs_plain_conf_iso_budget,0.20,agency_margin_tau_0.20,plain_conf_threshold_matched_tau_0.20,plain_conf_threshold_iso_budget_curve,active_risk_coverage_auc,db10_mixed_to_amputee|S109,S109,ex1,0.7371428571428571,0.6247619047619047,0.11238095238095236,0.11238095238095236,True,False,5,0.060950151916192526,0.06717444063767816,,-0.0062242887214856366,,0.0062242887214856366,
db10,db10_mixed_to_amputee,agency_vs_plain_conf_iso_budget,0.20,agency_margin_tau_0.20,plain_conf_threshold_matched_tau_0.20,plain_conf_threshold_iso_budget_curve,active_risk_coverage_auc,db10_mixed_to_amputee|S110,S110,ex1,0.7569047619047619,0.5019047619047619,0.255,0.255,True,False,5,0.31547873679682725,0.3314050628199085,,-0.01592632602308125,,0.01592632602308125,
db10,db10_mixed_to_amputee,agency_vs_plain_conf_iso_budget,0.20,agency_margin_tau_0.20,plain_conf_threshold_matched_tau_0.20,plain_conf_threshold_iso_budget_curve,active_risk_coverage_auc,db10_mixed_to_amputee|S111,S111,ex1,0.8383333333333334,0.6769047619047619,0.16142857142857148,0.16142857142857148,True,False,5,0.07414537460960723,0.08490714955992561,,-0.010761774950318381,,0.010761774950318381,
db10,db10_mixed_to_amputee,agency_vs_plain_conf_iso_budget,0.20,agency_margin_tau_0.20,plain_conf_threshold_matched_tau_0.20,plain_conf_threshold_iso_budget_curve,active_risk_coverage_auc,db10_mixed_to_amputee|S112,S112,ex1,0.7214285714285714,0.55,0.17142857142857137,0.17142857142857137,True,False,5,0.09658423764671623,0.10427382171893303,,-0.007689584072216801,,0.007689584072216801,
db10,db10_mixed_to_amputee,agency_vs_plain_conf_iso_budget,0.20,agency_margin_tau_0.20,plain_conf_threshold_matched_tau_0.20,plain_conf_threshold_iso_budget_curve,active_risk_coverage_auc,db10_mixed_to_amputee|S113,S113,ex1,0.8321428571428572,0.6045238095238096,0.2276190476190476,0.2276190476190476,True,False,5,0.12887263208895713,0.1396566145936789,,-0.010783982504721762,,0.010783982504721762,
db10,db10_mixed_to_amputee,agency_vs_plain_conf_iso_budget,0.20,agency_margin_tau_0.20,plain_conf_threshold_matched_tau_0.20,plain_conf_threshold_iso_budget_curve,active_risk_coverage_auc,db10_mixed_to_amputee|S114,S114,ex1,0.8269047619047619,0.6926190476190476,0.13428571428571434,0.13428571428571434,True,False,5,0.1260811970440068,0.13028327304992873,,-0.004202076005921929,,0.004202076005921929,
db10,db10_mixed_to_amputee,agency_vs_plain_conf_iso_budget,0.20,agency_margin_tau_0.20,plain_conf_threshold_matched_tau_0.20,plain_conf_threshold_iso_budget_curve,active_risk_coverage_auc,db10_mixed_to_amputee|S115,S115,ex1,0.8897619047619048,0.18595238095238095,0.7038095238095238,0.7038095238095238,True,False,5,0.5198133378550379,0.5835071355289487,,-0.06369379767391081,,0.06369379767391081,
db10,db10_mixed_to_amputee,agency_vs_plain_conf_iso_budget,0.02,agency_margin_tau_0.02,plain_conf_threshold_matched_tau_0.02,plain_conf_threshold_iso_budget_curve,ece,db10_mixed_to_amputee|S101,S101,ex1,0.19476190476190477,0.2211904761904762,-0.026428571428571412,0.026428571428571412,True,False,5,0.14734257997771216,0.18451023278836726,,-0.037167652810655094,,0.037167652810655094,
db10,db10_mixed_to_amputee,agency_vs_plain_conf_iso_budget,0.02,agency_margin_tau_0.02,plain_conf_threshold_matched_tau_0.02,plain_conf_threshold_iso_budget_curve,ece,db10_mixed_to_amputee|S102,S102,ex1,0.17595238095238094,0.10833333333333334,0.0676190476190476,0.0676190476190476,False,True,5,0.1773014755972795,0.18343581493265426,0.17299409612363792,-0.006134339335374772,0.0043073794736415705,0.006134339335374772,-0.0043073794736415705
db10,db10_mixed_to_amputee,agency_vs_plain_conf_iso_budget,0.02,agency_margin_tau_0.02,plain_conf_threshold_matched_tau_0.02,plain_conf_threshold_iso_budget_curve,ece,db10_mixed_to_amputee|S103,S103,ex1,0.23095238095238096,0.1926190476190476,0.03833333333333336,0.03833333333333336,False,True,5,0.1523506963035412,0.16711226121223455,0.15928971541573733,-0.014761564908693348,-0.006939019112196132,0.014761564908693348,0.006939019112196132
db10,db10_mixed_to_amputee,agency_vs_plain_conf_iso_budget,0.02,agency_margin_tau_0.02,plain_conf_threshold_matched_tau_0.02,plain_conf_threshold_iso_budget_curve,ece,db10_mixed_to_amputee|S104,S104,ex1,0.3759523809523809,0.16238095238095238,0.21357142857142855,0.03809523809523807,False,True,5,0.10533383259550427,0.20709489487697436,0.16127933064492167,-0.10176106228147008,-0.0559454980494174,0.10176106228147008,0.0559454980494174
db10,db10_mixed_to_amputee,agency_vs_plain_conf_iso_budget,0.02,agency_margin_tau_0.02,plain_conf_threshold_matched_tau_0.02,plain_conf_threshold_iso_budget_curve,ece,db10_mixed_to_amputee|S105,S105,ex1,0.1411904761904762,0.1554761904761905,-0.01428571428571429,0.01428571428571429,True,False,5,0.27008167354071516,0.06679896844126659,,0.20328270509944857,,-0.20328270509944857,
db10,db10_mixed_to_amputee,agency_vs_plain_conf_iso_budget,0.02,agency_margin_tau_0.02,plain_conf_threshold_matched_tau_0.02,plain_conf_threshold_iso_budget_curve,ece,db10_mixed_to_amputee|S106,S106,ex1,0.1626190476190476,0.13238095238095238,0.03023809523809523,0.03023809523809523,False,True,5,0.18224626184741216,0.14002780089707348,0.13530664245271815,0.04221846095033868,0.046939619394694015,-0.04221846095033868,-0.046939619394694015
db10,db10_mixed_to_amputee,agency_vs_plain_conf_iso_budget,0.02,agency_margin_tau_0.02,plain_conf_threshold_matched_tau_0.02,plain_conf_threshold_iso_budget_curve,ece,db10_mixed_to_amputee|S107,S107,ex1,0.32976190476190476,0.12571428571428572,0.20404761904761903,0.008809523809523823,False,True,5,0.15301445592480503,0.18969369806111958,0.1851528791715787,-0.036679242136314544,-0.032138423246773656,0.036679242136314544,0.032138423246773656
db10,db10_mixed_to_amputee,agency_vs_plain_conf_iso_budget,0.02,agency_margin_tau_0.02,plain_conf_threshold_matched_tau_0.02,plain_conf_threshold_iso_budget_curve,ece,db10_mixed_to_amputee|S108,S108,ex1,0.0,0.17714285714285713,-0.17714285714285713,0.17714285714285713,True,False,5,0.1516186355074277,0.149131853749012,,0.0024867817584157126,,-0.0024867817584157126,
db10,db10_mixed_to_amputee,agency_vs_plain_conf_iso_budget,0.02,agency_margin_tau_0.02,plain_conf_threshold_matched_tau_0.02,plain_conf_threshold_iso_budget_curve,ece,db10_mixed_to_amputee|S109,S109,ex1,0.21023809523809525,0.15142857142857144,0.05880952380952381,0.05880952380952381,False,True,5,0.15228348149803056,0.15599778735395115,0.15030133826911465,-0.0037143058559205855,0.0019821432289159058,0.0037143058559205855,-0.0019821432289159058
db10,db10_mixed_to_amputee,agency_vs_plain_conf_iso_budget,0.02,agency_margin_tau_0.02,plain_conf_threshold_matched_tau_0.02,plain_conf_threshold_iso_budget_curve,ece,db10_mixed_to_amputee|S110,S110,ex1,0.16476190476190475,0.05071428571428571,0.11404761904761904,0.03023809523809526,False,True,5,0.2392341300180374,0.1562509588312949,0.15834078436459958,0.0829831711867425,0.08089334565343781,-0.0829831711867425,-0.08089334565343781
db10,db10_mixed_to_amputee,agency_vs_plain_conf_iso_budget,0.02,agency_margin_tau_0.02,plain_conf_threshold_matched_tau_0.02,plain_conf_threshold_iso_budget_curve,ece,db10_mixed_to_amputee|S111,S111,ex1,0.23547619047619048,0.1823809523809524,0.053095238095238084,0.053095238095238084,False,True,5,0.20159138039332306,0.1315500742942254,0.13256363039436475,0.07004130609909764,0.0690277499989583,-0.07004130609909764,-0.0690277499989583
db10,db10_mixed_to_amputee,agency_vs_plain_conf_iso_budget,0.02,agency_margin_tau_0.02,plain_conf_threshold_matched_tau_0.02,plain_conf_threshold_iso_budget_curve,ece,db10_mixed_to_amputee|S112,S112,ex1,0.2866666666666667,0.08595238095238095,0.20071428571428573,0.06452380952380954,False,True,5,0.1354791406038861,0.3213022967797131,0.24576204763839732,-0.185823156175827,-0.11028290703451121,0.185823156175827,0.11028290703451121
db10,db10_mixed_to_amputee,agency_vs_plain_conf_iso_budget,0.02,agency_margin_tau_0.02,plain_conf_threshold_matched_tau_0.02,plain_conf_threshold_iso_budget_curve,ece,db10_mixed_to_amputee|S113,S113,ex1,0.26785714285714285,0.05976190476190476,0.20809523809523808,0.0069047619047619135,False,True,5,0.24296044730195676,0.3346078210000397,0.32344054296330915,-0.09164737369808296,-0.08048009566135239,0.09164737369808296,0.08048009566135239
db10,db10_mixed_to_amputee,agency_vs_plain_conf_iso_budget,0.02,agency_margin_tau_0.02,plain_conf_threshold_matched_tau_0.02,plain_conf_threshold_iso_budget_curve,ece,db10_mixed_to_amputee|S114,S114,ex1,0.18714285714285714,0.17785714285714285,0.009285714285714286,0.009285714285714286,False,True,5,0.19005704642326138,0.06347037397919919,0.06409711356726198,0.1265866724440622,0.12595993285599938,-0.1265866724440622,-0.12595993285599938
db10,db10_mixed_to_amputee,agency_vs_plain_conf_iso_budget,0.02,agency_margin_tau_0.02,plain_conf_threshold_matched_tau_0.02,plain_conf_threshold_iso_budget_curve,ece,db10_mixed_to_amputee|S115,S115,ex1,0.19023809523809523,0.012380952380952381,0.17785714285714285,0.004285714285714282,True,False,5,0.23967214900391842,0.06783348211466673,,0.1718386668892517,,-0.1718386668892517,
db10,db10_mixed_to_amputee,agency_vs_plain_conf_iso_budget,0.05,agency_margin_tau_0.05,plain_conf_threshold_matched_tau_0.05,plain_conf_threshold_iso_budget_curve,ece,db10_mixed_to_amputee|S101,S101,ex1,0.4088095238095238,0.35714285714285715,0.05166666666666664,0.05166666666666664,False,True,5,0.07129153028663929,0.1423355537506516,0.12319503730961068,-0.07104402346401231,-0.05190350702297139,0.07104402346401231,0.05190350702297139
db10,db10_mixed_to_amputee,agency_vs_plain_conf_iso_budget,0.05,agency_margin_tau_0.05,plain_conf_threshold_matched_tau_0.05,plain_conf_threshold_iso_budget_curve,ece,db10_mixed_to_amputee|S102,S102,ex1,0.4719047619047619,0.2969047619047619,0.175,0.021428571428571408,False,True,5,0.09779261843487429,0.15431665543708756,0.11386177388791739,-0.05652403700221327,-0.016069155453043105,0.05652403700221327,0.016069155453043105
db10,db10_mixed_to_amputee,agency_vs_plain_conf_iso_budget,0.05,agency_margin_tau_0.05,plain_conf_threshold_matched_tau_0.05,plain_conf_threshold_iso_budget_curve,ece,db10_mixed_to_amputee|S103,S103,ex1,0.4807142857142857,0.3730952380952381,0.10761904761904761,0.03690476190476194,False,True,5,0.09884301137101784,0.130283132555434,0.10260865489927373,-0.031440121184416164,-0.0037656435282558964,0.031440121184416164,0.0037656435282558964
db10,db10_mixed_to_amputee,agency_vs_plain_conf_iso_budget,0.05,agency_margin_tau_0.05,plain_conf_threshold_matched_tau_0.05,plain_conf_threshold_iso_budget_curve,ece,db10_mixed_to_amputee|S104,S104,ex1,0.5823809523809523,0.33785714285714286,0.24452380952380948,0.00023809523809525945,False,True,5,0.06815875099224451,0.17250749986342492,0.09973870820885058,-0.10434874887118041,-0.03157995721660607,0.10434874887118041,0.03157995721660607
db10,db10_mixed_to_amputee,agency_vs_plain_conf_iso_budget,0.05,agency_margin_tau_0.05,plain_conf_threshold_matched_tau_0.05,plain_conf_threshold_iso_budget_curve,ece,db10_mixed_to_amputee|S105,S105,ex1,0.36142857142857143,0.3580952380952381,0.003333333333333355,0.003333333333333355,False,True,5,0.18622297858182119,0.057625004164966846,0.057324544213528075,0.12859797441685433,0.12889843436829312,-0.12859797441685433,-0.12889843436829312
db10,db10_mixed_to_amputee,agency_vs_plain_conf_iso_budget,0.05,agency_margin_tau_0.05,plain_conf_threshold_matched_tau_0.05,plain_conf_threshold_iso_budget_curve,ece,db10_mixed_to_amputee|S106,S106,ex1,0.36238095238095236,0.31476190476190474,0.047619047619047616,0.047619047619047616,False,True,5,0.15435425080233459,0.11155215232718224,0.10788150415915966,0.042802098475152345,0.046472746643174925,-0.042802098475152345,-0.046472746643174925
db10,db10_mixed_to_amputee,agency_vs_plain_conf_iso_budget,0.05,agency_margin_tau_0.05,plain_conf_threshold_matched_tau_0.05,plain_conf_threshold_iso_budget_curve,ece,db10_mixed_to_amputee|S107,S107,ex1,0.5969047619047619,0.3385714285714286,0.25833333333333336,0.03476190476190477,False,True,5,0.14691201680400806,0.18495683448206526,0.15404317868433576,-0.0380448176780572,-0.007131161880327697,0.0380448176780572,0.007131161880327697
db10,db10_mixed_to_amputee,agency_vs_plain_conf_iso_budget,0.05,agency_margin_tau_0.05,plain_conf_threshold_matched_tau_0.05,plain_conf_threshold_iso_budget_curve,ece,db10_mixed_to_amputee|S108,S108,ex1,0.0004761904761904762,0.21714285714285714,-0.21666666666666667,0.17666666666666667,True,False,5,0.15160486488573952,0.1461335003531389,,0.005471364532600609,,-0.005471364532600609,
db10,db10_mixed_to_amputee,agency_vs_plain_conf_iso_budget,0.05,agency_margin_tau_0.05,plain_conf_threshold_matched_tau_0.05,plain_conf_threshold_iso_budget_curve,ece,db10_mixed_to_amputee|S109,S109,ex1,0.4961904761904762,0.3264285714285714,0.16976190476190478,0.007857142857142896,False,True,5,0.08847702852229482,0.1390468153808547,0.09966585378711684,-0.05056978685855988,-0.011188825264822025,0.05056978685855988,0.011188825264822025
db10,db10_mixed_to_amputee,agency_vs_plain_conf_iso_budget,0.05,agency_margin_tau_0.05,plain_conf_threshold_matched_tau_0.05,plain_conf_threshold_iso_budget_curve,ece,db10_mixed_to_amputee|S110,S110,ex1,0.4038095238095238,0.195,0.20880952380952378,0.03214285714285714,False,True,5,0.19889470990813823,0.15889487171894134,0.16057458006733924,0.03999983818919689,0.038320129840798994,-0.03999983818919689,-0.038320129840798994
db10,db10_mixed_to_amputee,agency_vs_plain_conf_iso_budget,0.05,agency_margin_tau_0.05,plain_conf_threshold_matched_tau_0.05,plain_conf_threshold_iso_budget_curve,ece,db10_mixed_to_amputee|S111,S111,ex1,0.535,0.38047619047619047,0.15452380952380956,0.0045238095238094855,False,True,5,0.09308790809797518,0.13533159301761521,0.10990953794488605,-0.042243684919640034,-0.016821629846910865,0.042243684919640034,0.016821629846910865
db10,db10_mixed_to_amputee,agency_vs_plain_conf_iso_budget,0.05,agency_margin_tau_0.05,plain_conf_threshold_matched_tau_0.05,plain_conf_threshold_iso_budget_curve,ece,db10_mixed_to_amputee|S112,S112,ex1,0.5523809523809524,0.22214285714285714,0.3302380952380953,0.0023809523809523725,True,False,5,0.0849778648692373,0.2725760785110327,,-0.1875982136417954,,0.1875982136417954,
db10,db10_mixed_to_amputee,agency_vs_plain_conf_iso_budget,0.05,agency_margin_tau_0.05,plain_conf_threshold_matched_tau_0.05,plain_conf_threshold_iso_budget_curve,ece,db10_mixed_to_amputee|S113,S113,ex1,0.675952380952381,0.26095238095238094,0.41500000000000004,0.0714285714285714,True,False,5,0.22424678546734542,0.3246785668674887,,-0.10043178140014328,,0.10043178140014328,
db10,db10_mixed_to_amputee,agency_vs_plain_conf_iso_budget,0.05,agency_margin_tau_0.05,plain_conf_threshold_matched_tau_0.05,plain_conf_threshold_iso_budget_curve,ece,db10_mixed_to_amputee|S114,S114,ex1,0.3883333333333333,0.37333333333333335,0.014999999999999958,0.014999999999999958,False,True,5,0.14711732087600704,0.07666404582021351,0.07604856800579578,0.07045327505579353,0.07106875287021126,-0.07045327505579353,-0.07106875287021126
db10,db10_mixed_to_amputee,agency_vs_plain_conf_iso_budget,0.05,agency_margin_tau_0.05,plain_conf_threshold_matched_tau_0.05,plain_conf_threshold_iso_budget_curve,ece,db10_mixed_to_amputee|S115,S115,ex1,0.4766666666666667,0.05857142857142857,0.41809523809523813,0.2907142857142857,True,False,5,0.2059963308396195,0.07175040284628782,,0.13424592799333168,,-0.13424592799333168,
db10,db10_mixed_to_amputee,agency_vs_plain_conf_iso_budget,0.10,agency_margin_tau_0.10,plain_conf_threshold_matched_tau_0.10,plain_conf_threshold_iso_budget_curve,ece,db10_mixed_to_amputee|S101,S101,ex1,0.5442857142857143,0.48095238095238096,0.0633333333333333,0.008809523809523823,False,True,5,0.045116883391049016,0.09646887840806505,0.07143575687513253,-0.05135199501701603,-0.02631887348408351,0.05135199501701603,0.02631887348408351
db10,db10_mixed_to_amputee,agency_vs_plain_conf_iso_budget,0.10,agency_margin_tau_0.10,plain_conf_threshold_matched_tau_0.10,plain_conf_threshold_iso_budget_curve,ece,db10_mixed_to_amputee|S102,S102,ex1,0.6221428571428571,0.4504761904761905,0.17166666666666663,0.052857142857142825,True,False,5,0.055341120198663156,0.11914746675730774,,-0.06380634655864459,,0.06380634655864459,
db10,db10_mixed_to_amputee,agency_vs_plain_conf_iso_budget,0.10,agency_margin_tau_0.10,plain_conf_threshold_matched_tau_0.10,plain_conf_threshold_iso_budget_curve,ece,db10_mixed_to_amputee|S103,S103,ex1,0.6438095238095238,0.5176190476190476,0.1261904761904762,0.01571428571428579,True,False,5,0.06089063979194277,0.09311851322514797,,-0.0322278734332052,,0.0322278734332052,
db10,db10_mixed_to_amputee,agency_vs_plain_conf_iso_budget,0.10,agency_margin_tau_0.10,plain_conf_threshold_matched_tau_0.10,plain_conf_threshold_iso_budget_curve,ece,db10_mixed_to_amputee|S104,S104,ex1,0.7130952380952381,0.5059523809523809,0.20714285714285718,0.09880952380952379,True,False,5,0.053686569302449215,0.12296320318677931,,-0.06927663388433009,,0.06927663388433009,
db10,db10_mixed_to_amputee,agency_vs_plain_conf_iso_budget,0.10,agency_margin_tau_0.10,plain_conf_threshold_matched_tau_0.10,plain_conf_threshold_iso_budget_curve,ece,db10_mixed_to_amputee|S105,S105,ex1,0.5757142857142857,0.5423809523809524,0.033333333333333326,0.033333333333333326,False,True,5,0.11494531339539832,0.04101386113542351,0.038021557783223525,0.0739314522599748,0.0769237556121748,-0.0739314522599748,-0.0769237556121748
db10,db10_mixed_to_amputee,agency_vs_plain_conf_iso_budget,0.10,agency_margin_tau_0.10,plain_conf_threshold_matched_tau_0.10,plain_conf_threshold_iso_budget_curve,ece,db10_mixed_to_amputee|S106,S106,ex1,0.5692857142857143,0.5042857142857143,0.06499999999999995,0.020476190476190426,False,True,5,0.09654875937983662,0.09694297261845236,0.08226861263909464,-0.00039421323861574264,0.014280146740741975,0.00039421323861574264,-0.014280146740741975
db10,db10_mixed_to_amputee,agency_vs_plain_conf_iso_budget,0.10,agency_margin_tau_0.10,plain_conf_threshold_matched_tau_0.10,plain_conf_threshold_iso_budget_curve,ece,db10_mixed_to_amputee|S107,S107,ex1,0.7471428571428571,0.5416666666666666,0.20547619047619048,0.08071428571428563,True,False,5,0.13287696330829527,0.16276000296595783,,-0.029883039657662563,,0.029883039657662563,
db10,db10_mixed_to_amputee,agency_vs_plain_conf_iso_budget,0.10,agency_margin_tau_0.10,plain_conf_threshold_matched_tau_0.10,plain_conf_threshold_iso_budget_curve,ece,db10_mixed_to_amputee|S108,S108,ex1,0.02095238095238095,0.37285714285714283,-0.3519047619047619,0.15619047619047619,True,False,5,0.15177886856515022,0.17887988991722834,,-0.02710102135207812,,0.02710102135207812,
db10,db10_mixed_to_amputee,agency_vs_plain_conf_iso_budget,0.10,agency_margin_tau_0.10,plain_conf_threshold_matched_tau_0.10,plain_conf_threshold_iso_budget_curve,ece,db10_mixed_to_amputee|S109,S109,ex1,0.6923809523809524,0.5040476190476191,0.18833333333333335,0.06761904761904769,True,False,5,0.04220095764323721,0.09784317253523275,,-0.05564221489199554,,0.05564221489199554,
db10,db10_mixed_to_amputee,agency_vs_plain_conf_iso_budget,0.10,agency_margin_tau_0.10,plain_conf_threshold_matched_tau_0.10,plain_conf_threshold_iso_budget_curve,ece,db10_mixed_to_amputee|S110,S110,ex1,0.6523809523809524,0.37166666666666665,0.28071428571428575,0.15047619047619054,True,False,5,0.17531731848375195,0.16134174891796993,,0.013975569565782026,,-0.013975569565782026,
db10,db10_mixed_to_amputee,agency_vs_plain_conf_iso_budget,0.10,agency_margin_tau_0.10,plain_conf_threshold_matched_tau_0.10,plain_conf_threshold_iso_budget_curve,ece,db10_mixed_to_amputee|S111,S111,ex1,0.7397619047619047,0.5395238095238095,0.20023809523809522,0.06285714285714283,True,False,5,0.053174959893164314,0.10916528671779537,,-0.05599032682463105,,0.05599032682463105,
db10,db10_mixed_to_amputee,agency_vs_plain_conf_iso_budget,0.10,agency_margin_tau_0.10,plain_conf_threshold_matched_tau_0.10,plain_conf_threshold_iso_budget_curve,ece,db10_mixed_to_amputee|S112,S112,ex1,0.6676190476190477,0.4054761904761905,0.2621428571428572,0.11761904761904762,True,False,5,0.053132168186033064,0.19638861071793584,,-0.14325644253190278,,0.14325644253190278,
db10,db10_mixed_to_amputee,agency_vs_plain_conf_iso_budget,0.10,agency_margin_tau_0.10,plain_conf_threshold_matched_tau_0.10,plain_conf_threshold_iso_budget_curve,ece,db10_mixed_to_amputee|S113,S113,ex1,0.7792857142857142,0.46190476190476193,0.3173809523809523,0.17476190476190467,True,False,5,0.19138561310968208,0.28864780220791886,,-0.09726218909823678,,0.09726218909823678,
db10,db10_mixed_to_amputee,agency_vs_plain_conf_iso_budget,0.10,agency_margin_tau_0.10,plain_conf_threshold_matched_tau_0.10,plain_conf_threshold_iso_budget_curve,ece,db10_mixed_to_amputee|S114,S114,ex1,0.6345238095238095,0.5473809523809524,0.08714285714285708,0.02595238095238095,False,True,5,0.07246979001314816,0.06952254927514433,0.06444120541888478,0.0029472407380038285,0.00802858459426338,-0.0029472407380038285,-0.00802858459426338
db10,db10_mixed_to_amputee,agency_vs_plain_conf_iso_budget,0.10,agency_margin_tau_0.10,plain_conf_threshold_matched_tau_0.10,plain_conf_threshold_iso_budget_curve,ece,db10_mixed_to_amputee|S115,S115,ex1,0.7814285714285715,0.12333333333333334,0.6580952380952382,0.5954761904761905,True,False,5,0.12783820806659799,0.07650271673377708,,0.05133549133282091,,-0.05133549133282091,
db10,db10_mixed_to_amputee,agency_vs_plain_conf_iso_budget,0.15,agency_margin_tau_0.15,plain_conf_threshold_matched_tau_0.15,plain_conf_threshold_iso_budget_curve,ece,db10_mixed_to_amputee|S101,S101,ex1,0.6326190476190476,0.5530952380952381,0.07952380952380955,0.053333333333333344,True,False,5,0.03546293351572736,0.06795370613558928,,-0.03249077261986192,,0.03249077261986192,
db10,db10_mixed_to_amputee,agency_vs_plain_conf_iso_budget,0.15,agency_margin_tau_0.15,plain_conf_threshold_matched_tau_0.15,plain_conf_threshold_iso_budget_curve,ece,db10_mixed_to_amputee|S102,S102,ex1,0.6985714285714286,0.5392857142857143,0.15928571428571436,0.12928571428571434,True,False,5,0.0450870322443876,0.09724120630972329,,-0.052154174065335686,,0.052154174065335686,
db10,db10_mixed_to_amputee,agency_vs_plain_conf_iso_budget,0.15,agency_margin_tau_0.15,plain_conf_threshold_matched_tau_0.15,plain_conf_threshold_iso_budget_curve,ece,db10_mixed_to_amputee|S103,S103,ex1,0.714047619047619,0.5995238095238096,0.11452380952380947,0.085952380952381,True,False,5,0.04655456481038739,0.07050143610522938,,-0.023946871294841993,,0.023946871294841993,
db10,db10_mixed_to_amputee,agency_vs_plain_conf_iso_budget,0.15,agency_margin_tau_0.15,plain_conf_threshold_matched_tau_0.15,plain_conf_threshold_iso_budget_curve,ece,db10_mixed_to_amputee|S104,S104,ex1,0.7385714285714285,0.5826190476190476,0.15595238095238095,0.12428571428571422,True,False,5,0.05172968519733103,0.09966635775720595,,-0.04793667255987492,,0.04793667255987492,
db10,db10_mixed_to_amputee,agency_vs_plain_conf_iso_budget,0.15,agency_margin_tau_0.15,plain_conf_threshold_matched_tau_0.15,plain_conf_threshold_iso_budget_curve,ece,db10_mixed_to_amputee|S105,S105,ex1,0.6880952380952381,0.6311904761904762,0.0569047619047619,0.02523809523809528,True,False,5,0.06993962027570419,0.03304151006134784,,0.03689811021435635,,-0.03689811021435635,
db10,db10_mixed_to_amputee,agency_vs_plain_conf_iso_budget,0.15,agency_margin_tau_0.15,plain_conf_threshold_matched_tau_0.15,plain_conf_threshold_iso_budget_curve,ece,db10_mixed_to_amputee|S106,S106,ex1,0.6676190476190477,0.5897619047619047,0.07785714285714296,0.04880952380952386,True,False,5,0.06429853781842097,0.07764592048442519,,-0.013347382666004215,,0.013347382666004215,
db10,db10_mixed_to_amputee,agency_vs_plain_conf_iso_budget,0.15,agency_margin_tau_0.15,plain_conf_threshold_matched_tau_0.15,plain_conf_threshold_iso_budget_curve,ece,db10_mixed_to_amputee|S107,S107,ex1,0.8076190476190476,0.6316666666666667,0.17595238095238086,0.1411904761904761,True,False,5,0.11730354462120546,0.1485575909898667,,-0.03125404636866125,,0.03125404636866125,
db10,db10_mixed_to_amputee,agency_vs_plain_conf_iso_budget,0.15,agency_margin_tau_0.15,plain_conf_threshold_matched_tau_0.15,plain_conf_threshold_iso_budget_curve,ece,db10_mixed_to_amputee|S108,S108,ex1,0.9030952380952381,0.49523809523809526,0.4078571428571428,0.3438095238095238,True,False,5,0.25113515989983587,0.17041737097962997,,0.0807177889202059,,-0.0807177889202059,
db10,db10_mixed_to_amputee,agency_vs_plain_conf_iso_budget,0.15,agency_margin_tau_0.15,plain_conf_threshold_matched_tau_0.15,plain_conf_threshold_iso_budget_curve,ece,db10_mixed_to_amputee|S109,S109,ex1,0.7304761904761905,0.5916666666666667,0.13880952380952383,0.10571428571428576,True,False,5,0.055649492925818035,0.08041275106585653,,-0.024763258140038498,,0.024763258140038498,
db10,db10_mixed_to_amputee,agency_vs_plain_conf_iso_budget,0.15,agency_margin_tau_0.15,plain_conf_threshold_matched_tau_0.15,plain_conf_threshold_iso_budget_curve,ece,db10_mixed_to_amputee|S110,S110,ex1,0.7307142857142858,0.4666666666666667,0.2640476190476191,0.2288095238095239,True,False,5,0.1479556613532227,0.15907433875943922,,-0.011118677406216526,,0.011118677406216526,
db10,db10_mixed_to_amputee,agency_vs_plain_conf_iso_budget,0.15,agency_margin_tau_0.15,plain_conf_threshold_matched_tau_0.15,plain_conf_threshold_iso_budget_curve,ece,db10_mixed_to_amputee|S111,S111,ex1,0.8271428571428572,0.6369047619047619,0.19023809523809532,0.15023809523809528,True,False,5,0.05142565665938207,0.09290071483715123,,-0.04147505817776916,,0.04147505817776916,
db10,db10_mixed_to_amputee,agency_vs_plain_conf_iso_budget,0.15,agency_margin_tau_0.15,plain_conf_threshold_matched_tau_0.15,plain_conf_threshold_iso_budget_curve,ece,db10_mixed_to_amputee|S112,S112,ex1,0.7095238095238096,0.5138095238095238,0.19571428571428573,0.1595238095238095,True,False,5,0.044540538333581084,0.1502164320646004,,-0.10567589373101931,,0.10567589373101931,
db10,db10_mixed_to_amputee,agency_vs_plain_conf_iso_budget,0.15,agency_margin_tau_0.15,plain_conf_threshold_matched_tau_0.15,plain_conf_threshold_iso_budget_curve,ece,db10_mixed_to_amputee|S113,S113,ex1,0.8145238095238095,0.570952380952381,0.24357142857142855,0.20999999999999996,True,False,5,0.1708711004588098,0.26350793206071527,,-0.09263683160190547,,0.09263683160190547,
db10,db10_mixed_to_amputee,agency_vs_plain_conf_iso_budget,0.15,agency_margin_tau_0.15,plain_conf_threshold_matched_tau_0.15,plain_conf_threshold_iso_budget_curve,ece,db10_mixed_to_amputee|S114,S114,ex1,0.7854761904761904,0.6604761904761904,0.125,0.09285714285714286,True,False,5,0.03801284938229826,0.06292790902453425,,-0.024915059642235997,,0.024915059642235997,
db10,db10_mixed_to_amputee,agency_vs_plain_conf_iso_budget,0.15,agency_margin_tau_0.15,plain_conf_threshold_matched_tau_0.15,plain_conf_threshold_iso_budget_curve,ece,db10_mixed_to_amputee|S115,S115,ex1,0.8783333333333333,0.1711904761904762,0.7071428571428571,0.6923809523809523,True,False,5,0.09532613353965744,0.07900397422948788,,0.01632215931016956,,-0.01632215931016956,
db10,db10_mixed_to_amputee,agency_vs_plain_conf_iso_budget,0.20,agency_margin_tau_0.20,plain_conf_threshold_matched_tau_0.20,plain_conf_threshold_iso_budget_curve,ece,db10_mixed_to_amputee|S101,S101,ex1,0.6645238095238095,0.5792857142857143,0.08523809523809522,0.08523809523809522,True,False,5,0.030613624866061916,0.06048978376558528,,-0.029876158899523365,,0.029876158899523365,
db10,db10_mixed_to_amputee,agency_vs_plain_conf_iso_budget,0.20,agency_margin_tau_0.20,plain_conf_threshold_matched_tau_0.20,plain_conf_threshold_iso_budget_curve,ece,db10_mixed_to_amputee|S102,S102,ex1,0.7335714285714285,0.5692857142857143,0.16428571428571426,0.16428571428571426,True,False,5,0.04227142200553102,0.0913385005028369,,-0.04906707849730588,,0.04906707849730588,
db10,db10_mixed_to_amputee,agency_vs_plain_conf_iso_budget,0.20,agency_margin_tau_0.20,plain_conf_threshold_matched_tau_0.20,plain_conf_threshold_iso_budget_curve,ece,db10_mixed_to_amputee|S103,S103,ex1,0.7378571428571429,0.628095238095238,0.10976190476190484,0.10976190476190484,True,False,5,0.04032017462082288,0.06579490726444287,,-0.02547473264361999,,0.02547473264361999,
db10,db10_mixed_to_amputee,agency_vs_plain_conf_iso_budget,0.20,agency_margin_tau_0.20,plain_conf_threshold_matched_tau_0.20,plain_conf_threshold_iso_budget_curve,ece,db10_mixed_to_amputee|S104,S104,ex1,0.7421428571428571,0.6142857142857143,0.12785714285714278,0.12785714285714278,True,False,5,0.05136341543260972,0.08918775877713032,,-0.0378243433445206,,0.0378243433445206,
db10,db10_mixed_to_amputee,agency_vs_plain_conf_iso_budget,0.20,agency_margin_tau_0.20,plain_conf_threshold_matched_tau_0.20,plain_conf_threshold_iso_budget_curve,ece,db10_mixed_to_amputee|S105,S105,ex1,0.7552380952380953,0.6628571428571428,0.09238095238095245,0.09238095238095245,True,False,5,0.03882163232498953,0.031861096997835944,,0.006960535327153586,,-0.006960535327153586,
db10,db10_mixed_to_amputee,agency_vs_plain_conf_iso_budget,0.20,agency_margin_tau_0.20,plain_conf_threshold_matched_tau_0.20,plain_conf_threshold_iso_budget_curve,ece,db10_mixed_to_amputee|S106,S106,ex1,0.709047619047619,0.6188095238095238,0.09023809523809523,0.09023809523809523,True,False,5,0.04917507327362844,0.07015962062930002,,-0.02098454735567158,,0.02098454735567158,
db10,db10_mixed_to_amputee,agency_vs_plain_conf_iso_budget,0.20,agency_margin_tau_0.20,plain_conf_threshold_matched_tau_0.20,plain_conf_threshold_iso_budget_curve,ece,db10_mixed_to_amputee|S107,S107,ex1,0.825952380952381,0.6664285714285715,0.1595238095238095,0.1595238095238095,True,False,5,0.10921227761940881,0.14186938085435036,,-0.032657103234941545,,0.032657103234941545,
db10,db10_mixed_to_amputee,agency_vs_plain_conf_iso_budget,0.20,agency_margin_tau_0.20,plain_conf_threshold_matched_tau_0.20,plain_conf_threshold_iso_budget_curve,ece,db10_mixed_to_amputee|S108,S108,ex1,0.9997619047619047,0.5592857142857143,0.44047619047619047,0.44047619047619047,True,False,5,0.13701026888587708,0.16498614400178327,,-0.027975875115906185,,0.027975875115906185,
db10,db10_mixed_to_amputee,agency_vs_plain_conf_iso_budget,0.20,agency_margin_tau_0.20,plain_conf_threshold_matched_tau_0.20,plain_conf_threshold_iso_budget_curve,ece,db10_mixed_to_amputee|S109,S109,ex1,0.7371428571428571,0.6247619047619047,0.11238095238095236,0.11238095238095236,True,False,5,0.053824063108329774,0.07396223331050077,,-0.020138170202170992,,0.020138170202170992,
db10,db10_mixed_to_amputee,agency_vs_plain_conf_iso_budget,0.20,agency_margin_tau_0.20,plain_conf_threshold_matched_tau_0.20,plain_conf_threshold_iso_budget_curve,ece,db10_mixed_to_amputee|S110,S110,ex1,0.7569047619047619,0.5019047619047619,0.255,0.255,True,False,5,0.13690444125649534,0.1553954892158111,,-0.01849104795931575,,0.01849104795931575,
db10,db10_mixed_to_amputee,agency_vs_plain_conf_iso_budget,0.20,agency_margin_tau_0.20,plain_conf_threshold_matched_tau_0.20,plain_conf_threshold_iso_budget_curve,ece,db10_mixed_to_amputee|S111,S111,ex1,0.8383333333333334,0.6769047619047619,0.16142857142857148,0.16142857142857148,True,False,5,0.0546890425089907,0.08605888330697424,,-0.03136984079798354,,0.03136984079798354,
db10,db10_mixed_to_amputee,agency_vs_plain_conf_iso_budget,0.20,agency_margin_tau_0.20,plain_conf_threshold_matched_tau_0.20,plain_conf_threshold_iso_budget_curve,ece,db10_mixed_to_amputee|S112,S112,ex1,0.7214285714285714,0.55,0.17142857142857137,0.17142857142857137,True,False,5,0.04176804988969775,0.12938658342337706,,-0.08761853353367931,,0.08761853353367931,
db10,db10_mixed_to_amputee,agency_vs_plain_conf_iso_budget,0.20,agency_margin_tau_0.20,plain_conf_threshold_matched_tau_0.20,plain_conf_threshold_iso_budget_curve,ece,db10_mixed_to_amputee|S113,S113,ex1,0.8321428571428572,0.6045238095238096,0.2276190476190476,0.2276190476190476,True,False,5,0.16296180020058837,0.2516942709890616,,-0.08873247078847324,,0.08873247078847324,
db10,db10_mixed_to_amputee,agency_vs_plain_conf_iso_budget,0.20,agency_margin_tau_0.20,plain_conf_threshold_matched_tau_0.20,plain_conf_threshold_iso_budget_curve,ece,db10_mixed_to_amputee|S114,S114,ex1,0.8269047619047619,0.6926190476190476,0.13428571428571434,0.13428571428571434,True,False,5,0.044576410040195955,0.05986911463500341,,-0.015292704594807457,,0.015292704594807457,
db10,db10_mixed_to_amputee,agency_vs_plain_conf_iso_budget,0.20,agency_margin_tau_0.20,plain_conf_threshold_matched_tau_0.20,plain_conf_threshold_iso_budget_curve,ece,db10_mixed_to_amputee|S115,S115,ex1,0.8897619047619048,0.18595238095238095,0.7038095238095238,0.7038095238095238,True,False,5,0.08414026978863053,0.07894051777769902,,0.005199752010931508,,-0.005199752010931508,
db10,db10_mixed_to_amputee,agency_vs_plain_conf_iso_budget,0.02,agency_margin_tau_0.02,plain_conf_threshold_matched_tau_0.02,plain_conf_threshold_iso_budget_curve,mean_ali,db10_mixed_to_amputee|S101,S101,ex1,0.19476190476190477,0.2211904761904762,-0.026428571428571412,0.026428571428571412,True,False,5,0.001835028788893667,0.014365929637316246,,-0.01253090084842258,,0.01253090084842258,
db10,db10_mixed_to_amputee,agency_vs_plain_conf_iso_budget,0.02,agency_margin_tau_0.02,plain_conf_threshold_matched_tau_0.02,plain_conf_threshold_iso_budget_curve,mean_ali,db10_mixed_to_amputee|S102,S102,ex1,0.17595238095238094,0.10833333333333334,0.0676190476190476,0.0676190476190476,False,True,5,0.001818065890491326,0.005500783091218062,0.009523928716791127,-0.003682717200726736,-0.007705862826299801,0.003682717200726736,0.007705862826299801
db10,db10_mixed_to_amputee,agency_vs_plain_conf_iso_budget,0.02,agency_margin_tau_0.02,plain_conf_threshold_matched_tau_0.02,plain_conf_threshold_iso_budget_curve,mean_ali,db10_mixed_to_amputee|S103,S103,ex1,0.23095238095238096,0.1926190476190476,0.03833333333333336,0.03833333333333336,False,True,5,0.0023371524745833777,0.012477804190042146,0.014778856064028338,-0.010140651715458767,-0.01244170358944496,0.010140651715458767,0.01244170358944496
db10,db10_mixed_to_amputee,agency_vs_plain_conf_iso_budget,0.02,agency_margin_tau_0.02,plain_conf_threshold_matched_tau_0.02,plain_conf_threshold_iso_budget_curve,mean_ali,db10_mixed_to_amputee|S104,S104,ex1,0.3759523809523809,0.16238095238095238,0.21357142857142855,0.03809523809523807,False,True,5,0.0038766601262045274,0.007316023994553577,0.015153918697789232,-0.0034393638683490498,-0.011277258571584705,0.0034393638683490498,0.011277258571584705
db10,db10_mixed_to_amputee,agency_vs_plain_conf_iso_budget,0.02,agency_margin_tau_0.02,plain_conf_threshold_matched_tau_0.02,plain_conf_threshold_iso_budget_curve,mean_ali,db10_mixed_to_amputee|S105,S105,ex1,0.1411904761904762,0.1554761904761905,-0.01428571428571429,0.01428571428571429,True,False,5,0.001441501233229,0.01512936360940229,,-0.01368786237617329,,0.01368786237617329,
db10,db10_mixed_to_amputee,agency_vs_plain_conf_iso_budget,0.02,agency_margin_tau_0.02,plain_conf_threshold_matched_tau_0.02,plain_conf_threshold_iso_budget_curve,mean_ali,db10_mixed_to_amputee|S106,S106,ex1,0.1626190476190476,0.13238095238095238,0.03023809523809523,0.03023809523809523,False,True,5,0.0016413838320535697,0.009998269182961018,0.012384721937790198,-0.008356885350907449,-0.010743338105736628,0.008356885350907449,0.010743338105736628
db10,db10_mixed_to_amputee,agency_vs_plain_conf_iso_budget,0.02,agency_margin_tau_0.02,plain_conf_threshold_matched_tau_0.02,plain_conf_threshold_iso_budget_curve,mean_ali,db10_mixed_to_amputee|S107,S107,ex1,0.32976190476190476,0.12571428571428572,0.20404761904761903,0.008809523809523823,False,True,5,0.003532255585099772,0.007527503660750502,0.01797691094177256,-0.00399524807565073,-0.01444465535667279,0.00399524807565073,0.01444465535667279
db10,db10_mixed_to_amputee,agency_vs_plain_conf_iso_budget,0.02,agency_margin_tau_0.02,plain_conf_threshold_matched_tau_0.02,plain_conf_threshold_iso_budget_curve,mean_ali,db10_mixed_to_amputee|S108,S108,ex1,0.0,0.17714285714285713,-0.17714285714285713,0.17714285714285713,True,False,5,0.0,0.020600429089234346,,-0.020600429089234346,,0.020600429089234346,
db10,db10_mixed_to_amputee,agency_vs_plain_conf_iso_budget,0.02,agency_margin_tau_0.02,plain_conf_threshold_matched_tau_0.02,plain_conf_threshold_iso_budget_curve,mean_ali,db10_mixed_to_amputee|S109,S109,ex1,0.21023809523809525,0.15142857142857144,0.05880952380952381,0.05880952380952381,False,True,5,0.0021699195198603863,0.007200755960296258,0.010073999186690863,-0.005030836440435872,-0.007904079666830476,0.005030836440435872,0.007904079666830476
db10,db10_mixed_to_amputee,agency_vs_plain_conf_iso_budget,0.02,agency_margin_tau_0.02,plain_conf_threshold_matched_tau_0.02,plain_conf_threshold_iso_budget_curve,mean_ali,db10_mixed_to_amputee|S110,S110,ex1,0.16476190476190475,0.05071428571428571,0.11404761904761904,0.03023809523809526,False,True,5,0.001626057557047162,0.004354611574978836,0.011266042653215999,-0.0027285540179316737,-0.009639985096168837,0.0027285540179316737,0.009639985096168837
db10,db10_mixed_to_amputee,agency_vs_plain_conf_iso_budget,0.02,agency_margin_tau_0.02,plain_conf_threshold_matched_tau_0.02,plain_conf_threshold_iso_budget_curve,mean_ali,db10_mixed_to_amputee|S111,S111,ex1,0.23547619047619048,0.1823809523809524,0.053095238095238084,0.053095238095238084,False,True,5,0.0026219980104398386,0.012341898044864444,0.015230126943550491,-0.009719900034424606,-0.012608128933110653,0.009719900034424606,0.012608128933110653
db10,db10_mixed_to_amputee,agency_vs_plain_conf_iso_budget,0.02,agency_margin_tau_0.02,plain_conf_threshold_matched_tau_0.02,plain_conf_threshold_iso_budget_curve,mean_ali,db10_mixed_to_amputee|S112,S112,ex1,0.2866666666666667,0.08595238095238095,0.20071428571428573,0.06452380952380954,False,True,5,0.0031816657417004413,0.004240665217054775,0.014244588295371056,-0.0010589994753543342,-0.011062922553670616,0.0010589994753543342,0.011062922553670616
db10,db10_mixed_to_amputee,agency_vs_plain_conf_iso_budget,0.02,agency_margin_tau_0.02,plain_conf_threshold_matched_tau_0.02,plain_conf_threshold_iso_budget_curve,mean_ali,db10_mixed_to_amputee|S113,S113,ex1,0.26785714285714285,0.05976190476190476,0.20809523809523808,0.0069047619047619135,False,True,5,0.003103020292997974,0.004202248855518363,0.013756646712936952,-0.001099228562520389,-0.010653626419938977,0.001099228562520389,0.010653626419938977
db10,db10_mixed_to_amputee,agency_vs_plain_conf_iso_budget,0.02,agency_margin_tau_0.02,plain_conf_threshold_matched_tau_0.02,plain_conf_threshold_iso_budget_curve,mean_ali,db10_mixed_to_amputee|S114,S114,ex1,0.18714285714285714,0.17785714285714285,0.009285714285714286,0.009285714285714286,False,True,5,0.0018829937072842359,0.013722751401687614,0.014412333555755547,-0.011839757694403378,-0.012529339848471311,0.011839757694403378,0.012529339848471311
db10,db10_mixed_to_amputee,agency_vs_plain_conf_iso_budget,0.02,agency_margin_tau_0.02,plain_conf_threshold_matched_tau_0.02,plain_conf_threshold_iso_budget_curve,mean_ali,db10_mixed_to_amputee|S115,S115,ex1,0.19023809523809523,0.012380952380952381,0.17785714285714285,0.004285714285714282,True,False,5,0.0020734791915680965,0.0005542436946858229,,0.0015192354968822735,,-0.0015192354968822735,
db10,db10_mixed_to_amputee,agency_vs_plain_conf_iso_budget,0.05,agency_margin_tau_0.05,plain_conf_threshold_matched_tau_0.05,plain_conf_threshold_iso_budget_curve,mean_ali,db10_mixed_to_amputee|S101,S101,ex1,0.4088095238095238,0.35714285714285715,0.05166666666666664,0.05166666666666664,False,True,5,0.009748035077904385,0.02303206507141325,0.02635314353433118,-0.013284029993508866,-0.016605108456426793,0.013284029993508866,0.016605108456426793
db10,db10_mixed_to_amputee,agency_vs_plain_conf_iso_budget,0.05,agency_margin_tau_0.05,plain_conf_threshold_matched_tau_0.05,plain_conf_threshold_iso_budget_curve,mean_ali,db10_mixed_to_amputee|S102,S102,ex1,0.4719047619047619,0.2969047619047619,0.175,0.021428571428571408,False,True,5,0.012760243026984525,0.016720259624506333,0.027227813091256763,-0.003960016597521808,-0.014467570064272238,0.003960016597521808,0.014467570064272238
db10,db10_mixed_to_amputee,agency_vs_plain_conf_iso_budget,0.05,agency_margin_tau_0.05,plain_conf_threshold_matched_tau_0.05,plain_conf_threshold_iso_budget_curve,mean_ali,db10_mixed_to_amputee|S103,S103,ex1,0.4807142857142857,0.3730952380952381,0.10761904761904761,0.03690476190476194,False,True,5,0.012102643358488908,0.023311327919741106,0.02932176398708745,-0.011208684561252198,-0.017219120628598542,0.011208684561252198,0.017219120628598542
db10,db10_mixed_to_amputee,agency_vs_plain_conf_iso_budget,0.05,agency_margin_tau_0.05,plain_conf_threshold_matched_tau_0.05,plain_conf_threshold_iso_budget_curve,mean_ali,db10_mixed_to_amputee|S104,S104,ex1,0.5823809523809523,0.33785714285714286,0.24452380952380948,0.00023809523809525945,False,True,5,0.011543458871210522,0.01403663662094615,0.02131635646038195,-0.0024931777497356287,-0.009772897589171428,0.0024931777497356287,0.009772897589171428
db10,db10_mixed_to_amputee,agency_vs_plain_conf_iso_budget,0.05,agency_margin_tau_0.05,plain_conf_threshold_matched_tau_0.05,plain_conf_threshold_iso_budget_curve,mean_ali,db10_mixed_to_amputee|S105,S105,ex1,0.36142857142857143,0.3580952380952381,0.003333333333333355,0.003333333333333355,False,True,5,0.009822777978214403,0.032619593333363076,0.03290648538307653,-0.022796815355148672,-0.023083707404862125,0.022796815355148672,0.023083707404862125
db10,db10_mixed_to_amputee,agency_vs_plain_conf_iso_budget,0.05,agency_margin_tau_0.05,plain_conf_threshold_matched_tau_0.05,plain_conf_threshold_iso_budget_curve,mean_ali,db10_mixed_to_amputee|S106,S106,ex1,0.36238095238095236,0.31476190476190474,0.047619047619047616,0.047619047619047616,False,True,5,0.00949605806016828,0.024392149578229924,0.027947956118350353,-0.014896091518061644,-0.01845189805818207,0.014896091518061644,0.01845189805818207
db10,db10_mixed_to_amputee,agency_vs_plain_conf_iso_budget,0.05,agency_margin_tau_0.05,plain_conf_threshold_matched_tau_0.05,plain_conf_threshold_iso_budget_curve,mean_ali,db10_mixed_to_amputee|S107,S107,ex1,0.5969047619047619,0.3385714285714286,0.25833333333333336,0.03476190476190477,False,True,5,0.0141789723116386,0.018428052212948545,0.029626768845999834,-0.0042490799013099444,-0.015447796534361234,0.0042490799013099444,0.015447796534361234
db10,db10_mixed_to_amputee,agency_vs_plain_conf_iso_budget,0.05,agency_margin_tau_0.05,plain_conf_threshold_matched_tau_0.05,plain_conf_threshold_iso_budget_curve,mean_ali,db10_mixed_to_amputee|S108,S108,ex1,0.0004761904761904762,0.21714285714285714,-0.21666666666666667,0.17666666666666667,True,False,5,2.109135803021731e-05,0.02525058601873783,,-0.025229494660707612,,0.025229494660707612,
db10,db10_mixed_to_amputee,agency_vs_plain_conf_iso_budget,0.05,agency_margin_tau_0.05,plain_conf_threshold_matched_tau_0.05,plain_conf_threshold_iso_budget_curve,mean_ali,db10_mixed_to_amputee|S109,S109,ex1,0.4961904761904762,0.3264285714285714,0.16976190476190478,0.007857142857142896,False,True,5,0.012867525358920434,0.01575069025746239,0.02393330013079916,-0.002883164898541955,-0.011065774771878726,0.002883164898541955,0.011065774771878726
db10,db10_mixed_to_amputee,agency_vs_plain_conf_iso_budget,0.05,agency_margin_tau_0.05,plain_conf_threshold_matched_tau_0.05,plain_conf_threshold_iso_budget_curve,mean_ali,db10_mixed_to_amputee|S110,S110,ex1,0.4038095238095238,0.195,0.20880952380952378,0.03214285714285714,False,True,5,0.011088855462101898,0.013098509765817503,0.02755076755273117,-0.0020096543037156044,-0.01646191209062927,0.0020096543037156044,0.01646191209062927
db10,db10_mixed_to_amputee,agency_vs_plain_conf_iso_budget,0.05,agency_margin_tau_0.05,plain_conf_threshold_matched_tau_0.05,plain_conf_threshold_iso_budget_curve,mean_ali,db10_mixed_to_amputee|S111,S111,ex1,0.535,0.38047619047619047,0.15452380952380956,0.0045238095238094855,False,True,5,0.013951159909510367,0.02311771169377382,0.030980943665168494,-0.009166551784263451,-0.017029783755658126,0.009166551784263451,0.017029783755658126
db10,db10_mixed_to_amputee,agency_vs_plain_conf_iso_budget,0.05,agency_margin_tau_0.05,plain_conf_threshold_matched_tau_0.05,plain_conf_threshold_iso_budget_curve,mean_ali,db10_mixed_to_amputee|S112,S112,ex1,0.5523809523809524,0.22214285714285714,0.3302380952380953,0.0023809523809523725,True,False,5,0.012742759241621172,0.011753253584532594,,0.000989505657088578,,-0.000989505657088578,
db10,db10_mixed_to_amputee,agency_vs_plain_conf_iso_budget,0.05,agency_margin_tau_0.05,plain_conf_threshold_matched_tau_0.05,plain_conf_threshold_iso_budget_curve,mean_ali,db10_mixed_to_amputee|S113,S113,ex1,0.675952380952381,0.26095238095238094,0.41500000000000004,0.0714285714285714,True,False,5,0.01754178847953607,0.01347963329249337,,0.0040621551870427,,-0.0040621551870427,
db10,db10_mixed_to_amputee,agency_vs_plain_conf_iso_budget,0.05,agency_margin_tau_0.05,plain_conf_threshold_matched_tau_0.05,plain_conf_threshold_iso_budget_curve,mean_ali,db10_mixed_to_amputee|S114,S114,ex1,0.3883333333333333,0.37333333333333335,0.014999999999999958,0.014999999999999958,False,True,5,0.009697016774533659,0.028239339824502323,0.029324186101383348,-0.018542323049968664,-0.01962716932684969,0.018542323049968664,0.01962716932684969
db10,db10_mixed_to_amputee,agency_vs_plain_conf_iso_budget,0.05,agency_margin_tau_0.05,plain_conf_threshold_matched_tau_0.05,plain_conf_threshold_iso_budget_curve,mean_ali,db10_mixed_to_amputee|S115,S115,ex1,0.4766666666666667,0.05857142857142857,0.41809523809523813,0.2907142857142857,True,False,5,0.01364758374240248,0.00274077727037364,,0.01090680647202884,,-0.01090680647202884,
db10,db10_mixed_to_amputee,agency_vs_plain_conf_iso_budget,0.10,agency_margin_tau_0.10,plain_conf_threshold_matched_tau_0.10,plain_conf_threshold_iso_budget_curve,mean_ali,db10_mixed_to_amputee|S101,S101,ex1,0.5442857142857143,0.48095238095238096,0.0633333333333333,0.008809523809523823,False,True,5,0.02088501414048734,0.030990409775179716,0.03451163391283946,-0.010105395634692375,-0.013626619772352116,0.010105395634692375,0.013626619772352116
db10,db10_mixed_to_amputee,agency_vs_plain_conf_iso_budget,0.10,agency_margin_tau_0.10,plain_conf_threshold_matched_tau_0.10,plain_conf_threshold_iso_budget_curve,mean_ali,db10_mixed_to_amputee|S102,S102,ex1,0.6221428571428571,0.4504761904761905,0.17166666666666663,0.052857142857142825,True,False,5,0.02508334981227434,0.025930763271178426,,-0.0008474134589040866,,0.0008474134589040866,
db10,db10_mixed_to_amputee,agency_vs_plain_conf_iso_budget,0.10,agency_margin_tau_0.10,plain_conf_threshold_matched_tau_0.10,plain_conf_threshold_iso_budget_curve,mean_ali,db10_mixed_to_amputee|S103,S103,ex1,0.6438095238095238,0.5176190476190476,0.1261904761904762,0.01571428571428579,True,False,5,0.025894571112401534,0.03138286485088985,,-0.005488293738488314,,0.005488293738488314,
db10,db10_mixed_to_amputee,agency_vs_plain_conf_iso_budget,0.10,agency_margin_tau_0.10,plain_conf_threshold_matched_tau_0.10,plain_conf_threshold_iso_budget_curve,mean_ali,db10_mixed_to_amputee|S104,S104,ex1,0.7130952380952381,0.5059523809523809,0.20714285714285718,0.09880952380952379,True,False,5,0.021537766260464487,0.01896664378501625,,0.002571122475448235,,-0.002571122475448235,
db10,db10_mixed_to_amputee,agency_vs_plain_conf_iso_budget,0.10,agency_margin_tau_0.10,plain_conf_threshold_matched_tau_0.10,plain_conf_threshold_iso_budget_curve,mean_ali,db10_mixed_to_amputee|S105,S105,ex1,0.5757142857142857,0.5423809523809524,0.033333333333333326,0.033333333333333326,False,True,5,0.027556055470843204,0.04848062522466369,0.051091340775403504,-0.020924569753820486,-0.0235352853045603,0.020924569753820486,0.0235352853045603
db10,db10_mixed_to_amputee,agency_vs_plain_conf_iso_budget,0.10,agency_margin_tau_0.10,plain_conf_threshold_matched_tau_0.10,plain_conf_threshold_iso_budget_curve,mean_ali,db10_mixed_to_amputee|S106,S106,ex1,0.5692857142857143,0.5042857142857143,0.06499999999999995,0.020476190476190426,False,True,5,0.027100837615792177,0.038544259607909234,0.04265542616380929,-0.011443421992117057,-0.015554588548017112,0.011443421992117057,0.015554588548017112
db10,db10_mixed_to_amputee,agency_vs_plain_conf_iso_budget,0.10,agency_margin_tau_0.10,plain_conf_threshold_matched_tau_0.10,plain_conf_threshold_iso_budget_curve,mean_ali,db10_mixed_to_amputee|S107,S107,ex1,0.7471428571428571,0.5416666666666666,0.20547619047619048,0.08071428571428563,True,False,5,0.026973666979303788,0.027123287060856677,,-0.00014962008155288906,,0.00014962008155288906,
db10,db10_mixed_to_amputee,agency_vs_plain_conf_iso_budget,0.10,agency_margin_tau_0.10,plain_conf_threshold_matched_tau_0.10,plain_conf_threshold_iso_budget_curve,mean_ali,db10_mixed_to_amputee|S108,S108,ex1,0.02095238095238095,0.37285714285714283,-0.3519047619047619,0.15619047619047619,True,False,5,0.001850927544394488,0.04920642856737094,,-0.04735550102297645,,0.04735550102297645,
db10,db10_mixed_to_amputee,agency_vs_plain_conf_iso_budget,0.10,agency_margin_tau_0.10,plain_conf_threshold_matched_tau_0.10,plain_conf_threshold_iso_budget_curve,mean_ali,db10_mixed_to_amputee|S109,S109,ex1,0.6923809523809524,0.5040476190476191,0.18833333333333335,0.06761904761904769,True,False,5,0.02850497979661813,0.024312018399831582,,0.004192961396786547,,-0.004192961396786547,
db10,db10_mixed_to_amputee,agency_vs_plain_conf_iso_budget,0.10,agency_margin_tau_0.10,plain_conf_threshold_matched_tau_0.10,plain_conf_threshold_iso_budget_curve,mean_ali,db10_mixed_to_amputee|S110,S110,ex1,0.6523809523809524,0.37166666666666665,0.28071428571428575,0.15047619047619054,True,False,5,0.03223005399743267,0.025335948013211623,,0.0068941059842210495,,-0.0068941059842210495,
db10,db10_mixed_to_amputee,agency_vs_plain_conf_iso_budget,0.10,agency_margin_tau_0.10,plain_conf_threshold_matched_tau_0.10,plain_conf_threshold_iso_budget_curve,mean_ali,db10_mixed_to_amputee|S111,S111,ex1,0.7397619047619047,0.5395238095238095,0.20023809523809522,0.06285714285714283,True,False,5,0.030653720835645416,0.031211146141988985,,-0.0005574253063435688,,0.0005574253063435688,
db10,db10_mixed_to_amputee,agency_vs_plain_conf_iso_budget,0.10,agency_margin_tau_0.10,plain_conf_threshold_matched_tau_0.10,plain_conf_threshold_iso_budget_curve,mean_ali,db10_mixed_to_amputee|S112,S112,ex1,0.6676190476190477,0.4054761904761905,0.2621428571428572,0.11761904761904762,True,False,5,0.022203294045716138,0.018831953685438926,,0.0033713403602772113,,-0.0033713403602772113,
db10,db10_mixed_to_amputee,agency_vs_plain_conf_iso_budget,0.10,agency_margin_tau_0.10,plain_conf_threshold_matched_tau_0.10,plain_conf_threshold_iso_budget_curve,mean_ali,db10_mixed_to_amputee|S113,S113,ex1,0.7792857142857142,0.46190476190476193,0.3173809523809523,0.17476190476190467,True,False,5,0.02613300204968046,0.02154167904609278,,0.00459132300358768,,-0.00459132300358768,
db10,db10_mixed_to_amputee,agency_vs_plain_conf_iso_budget,0.10,agency_margin_tau_0.10,plain_conf_threshold_matched_tau_0.10,plain_conf_threshold_iso_budget_curve,mean_ali,db10_mixed_to_amputee|S114,S114,ex1,0.6345238095238095,0.5473809523809524,0.08714285714285708,0.02595238095238095,False,True,5,0.030957649336222956,0.0408270005927568,0.0471092327031675,-0.009869351256533841,-0.01615158336694454,0.009869351256533841,0.01615158336694454
db10,db10_mixed_to_amputee,agency_vs_plain_conf_iso_budget,0.10,agency_margin_tau_0.10,plain_conf_threshold_matched_tau_0.10,plain_conf_threshold_iso_budget_curve,mean_ali,db10_mixed_to_amputee|S115,S115,ex1,0.7814285714285715,0.12333333333333334,0.6580952380952382,0.5954761904761905,True,False,5,0.039757025574507075,0.0064750918866220124,,0.03328193368788506,,-0.03328193368788506,
db10,db10_mixed_to_amputee,agency_vs_plain_conf_iso_budget,0.15,agency_margin_tau_0.15,plain_conf_threshold_matched_tau_0.15,plain_conf_threshold_iso_budget_curve,mean_ali,db10_mixed_to_amputee|S101,S101,ex1,0.6326190476190476,0.5530952380952381,0.07952380952380955,0.053333333333333344,True,False,5,0.03279509326209693,0.03500142824777709,,-0.00220633498568016,,0.00220633498568016,
db10,db10_mixed_to_amputee,agency_vs_plain_conf_iso_budget,0.15,agency_margin_tau_0.15,plain_conf_threshold_matched_tau_0.15,plain_conf_threshold_iso_budget_curve,mean_ali,db10_mixed_to_amputee|S102,S102,ex1,0.6985714285714286,0.5392857142857143,0.15928571428571436,0.12928571428571434,True,False,5,0.03580956158051615,0.03130631419216976,,0.004503247388346392,,-0.004503247388346392,
db10,db10_mixed_to_amputee,agency_vs_plain_conf_iso_budget,0.15,agency_margin_tau_0.15,plain_conf_threshold_matched_tau_0.15,plain_conf_threshold_iso_budget_curve,mean_ali,db10_mixed_to_amputee|S103,S103,ex1,0.714047619047619,0.5995238095238096,0.11452380952380947,0.085952380952381,True,False,5,0.03529795924555899,0.03586166245516723,,-0.0005637032096082462,,0.0005637032096082462,
db10,db10_mixed_to_amputee,agency_vs_plain_conf_iso_budget,0.15,agency_margin_tau_0.15,plain_conf_threshold_matched_tau_0.15,plain_conf_threshold_iso_budget_curve,mean_ali,db10_mixed_to_amputee|S104,S104,ex1,0.7385714285714285,0.5826190476190476,0.15595238095238095,0.12428571428571422,True,False,5,0.0247149674401108,0.021323676437563777,,0.0033912910025470228,,-0.0033912910025470228,
db10,db10_mixed_to_amputee,agency_vs_plain_conf_iso_budget,0.15,agency_margin_tau_0.15,plain_conf_threshold_matched_tau_0.15,plain_conf_threshold_iso_budget_curve,mean_ali,db10_mixed_to_amputee|S105,S105,ex1,0.6880952380952381,0.6311904761904762,0.0569047619047619,0.02523809523809528,True,False,5,0.04292990542779181,0.05543631737056334,,-0.01250641194277153,,0.01250641194277153,
db10,db10_mixed_to_amputee,agency_vs_plain_conf_iso_budget,0.15,agency_margin_tau_0.15,plain_conf_threshold_matched_tau_0.15,plain_conf_threshold_iso_budget_curve,mean_ali,db10_mixed_to_amputee|S106,S106,ex1,0.6676190476190477,0.5897619047619047,0.07785714285714296,0.04880952380952386,True,False,5,0.04047515899059191,0.04395051892500857,,-0.0034753599344166594,,0.0034753599344166594,
db10,db10_mixed_to_amputee,agency_vs_plain_conf_iso_budget,0.15,agency_margin_tau_0.15,plain_conf_threshold_matched_tau_0.15,plain_conf_threshold_iso_budget_curve,mean_ali,db10_mixed_to_amputee|S107,S107,ex1,0.8076190476190476,0.6316666666666667,0.17595238095238086,0.1411904761904761,True,False,5,0.03509487623126486,0.031202235831477854,,0.003892640399787005,,-0.003892640399787005,
db10,db10_mixed_to_amputee,agency_vs_plain_conf_iso_budget,0.15,agency_margin_tau_0.15,plain_conf_threshold_matched_tau_0.15,plain_conf_threshold_iso_budget_curve,mean_ali,db10_mixed_to_amputee|S108,S108,ex1,0.9030952380952381,0.49523809523809526,0.4078571428571428,0.3438095238095238,True,False,5,0.10542174464163087,0.0664620701777388,,0.03895967446389208,,-0.03895967446389208,
db10,db10_mixed_to_amputee,agency_vs_plain_conf_iso_budget,0.15,agency_margin_tau_0.15,plain_conf_threshold_matched_tau_0.15,plain_conf_threshold_iso_budget_curve,mean_ali,db10_mixed_to_amputee|S109,S109,ex1,0.7304761904761905,0.5916666666666667,0.13880952380952383,0.10571428571428576,True,False,5,0.03385466697506047,0.028481961406753947,,0.005372705568306522,,-0.005372705568306522,
db10,db10_mixed_to_amputee,agency_vs_plain_conf_iso_budget,0.15,agency_margin_tau_0.15,plain_conf_threshold_matched_tau_0.15,plain_conf_threshold_iso_budget_curve,mean_ali,db10_mixed_to_amputee|S110,S110,ex1,0.7307142857142858,0.4666666666666667,0.2640476190476191,0.2288095238095239,True,False,5,0.04306483619746786,0.03188197020779162,,0.011182865989676237,,-0.011182865989676237,
db10,db10_mixed_to_amputee,agency_vs_plain_conf_iso_budget,0.15,agency_margin_tau_0.15,plain_conf_threshold_matched_tau_0.15,plain_conf_threshold_iso_budget_curve,mean_ali,db10_mixed_to_amputee|S111,S111,ex1,0.8271428571428572,0.6369047619047619,0.19023809523809532,0.15023809523809528,True,False,5,0.04227882287334659,0.0361149465738712,,0.006163876299475388,,-0.006163876299475388,
db10,db10_mixed_to_amputee,agency_vs_plain_conf_iso_budget,0.15,agency_margin_tau_0.15,plain_conf_threshold_matched_tau_0.15,plain_conf_threshold_iso_budget_curve,mean_ali,db10_mixed_to_amputee|S112,S112,ex1,0.7095238095238096,0.5138095238095238,0.19571428571428573,0.1595238095238095,True,False,5,0.027615145088790632,0.022850173388507086,,0.004764971700283546,,-0.004764971700283546,
db10,db10_mixed_to_amputee,agency_vs_plain_conf_iso_budget,0.15,agency_margin_tau_0.15,plain_conf_threshold_matched_tau_0.15,plain_conf_threshold_iso_budget_curve,mean_ali,db10_mixed_to_amputee|S113,S113,ex1,0.8145238095238095,0.570952380952381,0.24357142857142855,0.20999999999999996,True,False,5,0.030895699271160967,0.025888695440031643,,0.0050070038311293245,,-0.0050070038311293245,
db10,db10_mixed_to_amputee,agency_vs_plain_conf_iso_budget,0.15,agency_margin_tau_0.15,plain_conf_threshold_matched_tau_0.15,plain_conf_threshold_iso_budget_curve,mean_ali,db10_mixed_to_amputee|S114,S114,ex1,0.7854761904761904,0.6604761904761904,0.125,0.09285714285714286,True,False,5,0.051934107232005026,0.04898017068140456,,0.0029539365506004653,,-0.0029539365506004653,
db10,db10_mixed_to_amputee,agency_vs_plain_conf_iso_budget,0.15,agency_margin_tau_0.15,plain_conf_threshold_matched_tau_0.15,plain_conf_threshold_iso_budget_curve,mean_ali,db10_mixed_to_amputee|S115,S115,ex1,0.8783333333333333,0.1711904761904762,0.7071428571428571,0.6923809523809523,True,False,5,0.052688111018682704,0.009437809606526942,,0.04325030141215576,,-0.04325030141215576,
db10,db10_mixed_to_amputee,agency_vs_plain_conf_iso_budget,0.20,agency_margin_tau_0.20,plain_conf_threshold_matched_tau_0.20,plain_conf_threshold_iso_budget_curve,mean_ali,db10_mixed_to_amputee|S101,S101,ex1,0.6645238095238095,0.5792857142857143,0.08523809523809522,0.08523809523809522,True,False,5,0.03881918750800049,0.036531793143530625,,0.002287394364469862,,-0.002287394364469862,
db10,db10_mixed_to_amputee,agency_vs_plain_conf_iso_budget,0.20,agency_margin_tau_0.20,plain_conf_threshold_matched_tau_0.20,plain_conf_threshold_iso_budget_curve,mean_ali,db10_mixed_to_amputee|S102,S102,ex1,0.7335714285714285,0.5692857142857143,0.16428571428571426,0.16428571428571426,True,False,5,0.04222873978081723,0.03289478941873594,,0.00933395036208129,,-0.00933395036208129,
db10,db10_mixed_to_amputee,agency_vs_plain_conf_iso_budget,0.20,agency_margin_tau_0.20,plain_conf_threshold_matched_tau_0.20,plain_conf_threshold_iso_budget_curve,mean_ali,db10_mixed_to_amputee|S103,S103,ex1,0.7378571428571429,0.628095238095238,0.10976190476190484,0.10976190476190484,True,False,5,0.03973414819328484,0.03754907244224128,,0.0021850757510435623,,-0.0021850757510435623,
db10,db10_mixed_to_amputee,agency_vs_plain_conf_iso_budget,0.20,agency_margin_tau_0.20,plain_conf_threshold_matched_tau_0.20,plain_conf_threshold_iso_budget_curve,mean_ali,db10_mixed_to_amputee|S104,S104,ex1,0.7421428571428571,0.6142857142857143,0.12785714285714278,0.12785714285714278,True,False,5,0.025299828836576162,0.0222505072434452,,0.0030493215931309617,,-0.0030493215931309617,
db10,db10_mixed_to_amputee,agency_vs_plain_conf_iso_budget,0.20,agency_margin_tau_0.20,plain_conf_threshold_matched_tau_0.20,plain_conf_threshold_iso_budget_curve,mean_ali,db10_mixed_to_amputee|S105,S105,ex1,0.7552380952380953,0.6628571428571428,0.09238095238095245,0.09238095238095245,True,False,5,0.05519745520593034,0.058190784369351364,,-0.0029933291634210227,,0.0029933291634210227,
db10,db10_mixed_to_amputee,agency_vs_plain_conf_iso_budget,0.20,agency_margin_tau_0.20,plain_conf_threshold_matched_tau_0.20,plain_conf_threshold_iso_budget_curve,mean_ali,db10_mixed_to_amputee|S106,S106,ex1,0.709047619047619,0.6188095238095238,0.09023809523809523,0.09023809523809523,True,False,5,0.04807921707266192,0.04568507776524918,,0.0023941393074127376,,-0.0023941393074127376,
db10,db10_mixed_to_amputee,agency_vs_plain_conf_iso_budget,0.20,agency_margin_tau_0.20,plain_conf_threshold_matched_tau_0.20,plain_conf_threshold_iso_budget_curve,mean_ali,db10_mixed_to_amputee|S107,S107,ex1,0.825952380952381,0.6664285714285715,0.1595238095238095,0.1595238095238095,True,False,5,0.038321418310064796,0.03283041364629756,,0.005491004663767236,,-0.005491004663767236,
db10,db10_mixed_to_amputee,agency_vs_plain_conf_iso_budget,0.20,agency_margin_tau_0.20,plain_conf_threshold_matched_tau_0.20,plain_conf_threshold_iso_budget_curve,mean_ali,db10_mixed_to_amputee|S108,S108,ex1,0.9997619047619047,0.5592857142857143,0.44047619047619047,0.44047619047619047,True,False,5,0.13160924927357656,0.0750385236323967,,0.05657072564117986,,-0.05657072564117986,
db10,db10_mixed_to_amputee,agency_vs_plain_conf_iso_budget,0.20,agency_margin_tau_0.20,plain_conf_threshold_matched_tau_0.20,plain_conf_threshold_iso_budget_curve,mean_ali,db10_mixed_to_amputee|S109,S109,ex1,0.7371428571428571,0.6247619047619047,0.11238095238095236,0.11238095238095236,True,False,5,0.035182000807634686,0.030128434704939217,,0.005053566102695469,,-0.005053566102695469,
db10,db10_mixed_to_amputee,agency_vs_plain_conf_iso_budget,0.20,agency_margin_tau_0.20,plain_conf_threshold_matched_tau_0.20,plain_conf_threshold_iso_budget_curve,mean_ali,db10_mixed_to_amputee|S110,S110,ex1,0.7569047619047619,0.5019047619047619,0.255,0.255,True,False,5,0.04784685837448142,0.034067505650059636,,0.013779352724421781,,-0.013779352724421781,
db10,db10_mixed_to_amputee,agency_vs_plain_conf_iso_budget,0.20,agency_margin_tau_0.20,plain_conf_threshold_matched_tau_0.20,plain_conf_threshold_iso_budget_curve,mean_ali,db10_mixed_to_amputee|S111,S111,ex1,0.8383333333333334,0.6769047619047619,0.16142857142857148,0.16142857142857148,True,False,5,0.04438667379563832,0.038064002895038876,,0.006322670900599445,,-0.006322670900599445,
db10,db10_mixed_to_amputee,agency_vs_plain_conf_iso_budget,0.20,agency_margin_tau_0.20,plain_conf_threshold_matched_tau_0.20,plain_conf_threshold_iso_budget_curve,mean_ali,db10_mixed_to_amputee|S112,S112,ex1,0.7214285714285714,0.55,0.17142857142857137,0.17142857142857137,True,False,5,0.0297117612586255,0.024256542495189198,,0.0054552187634363015,,-0.0054552187634363015,
db10,db10_mixed_to_amputee,agency_vs_plain_conf_iso_budget,0.20,agency_margin_tau_0.20,plain_conf_threshold_matched_tau_0.20,plain_conf_threshold_iso_budget_curve,mean_ali,db10_mixed_to_amputee|S113,S113,ex1,0.8321428571428572,0.6045238095238096,0.2276190476190476,0.2276190476190476,True,False,5,0.034011740826567806,0.02710130319407875,,0.006910437632489056,,-0.006910437632489056,
db10,db10_mixed_to_amputee,agency_vs_plain_conf_iso_budget,0.20,agency_margin_tau_0.20,plain_conf_threshold_matched_tau_0.20,plain_conf_threshold_iso_budget_curve,mean_ali,db10_mixed_to_amputee|S114,S114,ex1,0.8269047619047619,0.6926190476190476,0.13428571428571434,0.13428571428571434,True,False,5,0.060196791990026983,0.051401631286936325,,0.008795160703090658,,-0.008795160703090658,
db10,db10_mixed_to_amputee,agency_vs_plain_conf_iso_budget,0.20,agency_margin_tau_0.20,plain_conf_threshold_matched_tau_0.20,plain_conf_threshold_iso_budget_curve,mean_ali,db10_mixed_to_amputee|S115,S115,ex1,0.8897619047619048,0.18595238095238095,0.7038095238095238,0.7038095238095238,True,False,5,0.05474115645358741,0.010340884017074904,,0.044400272436512504,,-0.044400272436512504,

