dataset_id,split_family,split_id,policy,subject_id,session,day,n_episodes,safe_episode_rate,stable_safe_episode_rate,final_correct_rate,median_earliest_intervene_s,median_earliest_correct_s,median_earliest_safe_s,median_earliest_stable_safe_s
hyser,hyser_subject_logo,hyser_subject_logo|subject01,agency_margin_tau_0.02,subject01,session1,session1,202,0.019801980198019802,0.009900990099009901,0.4405940594059406,0.6,0.4,0.6000000000000001,0.9
hyser,hyser_subject_logo,hyser_subject_logo|subject01,agency_margin_tau_0.02,subject01,session2,session2,197,0.025380710659898477,0.02030456852791878,0.467005076142132,0.7,0.4,1.0,1.0
hyser,hyser_subject_logo,hyser_subject_logo|subject01,agency_margin_tau_0.05,subject01,session1,session1,202,0.054455445544554455,0.024752475247524754,0.44554455445544555,0.6,0.6,0.6,1.0
hyser,hyser_subject_logo,hyser_subject_logo|subject01,agency_margin_tau_0.05,subject01,session2,session2,197,0.03553299492385787,0.025380710659898477,0.467005076142132,0.4,0.4,0.8,1.0
hyser,hyser_subject_logo,hyser_subject_logo|subject01,agency_margin_tau_0.10,subject01,session1,session1,202,0.10396039603960396,0.06435643564356436,0.44554455445544555,0.6,0.4,0.8,1.0
hyser,hyser_subject_logo,hyser_subject_logo|subject01,agency_margin_tau_0.10,subject01,session2,session2,197,0.08121827411167512,0.06091370558375635,0.48223350253807107,0.6,0.4,0.9,1.0
hyser,hyser_subject_logo,hyser_subject_logo|subject01,agency_margin_tau_0.15,subject01,session1,session1,202,0.12376237623762376,0.07920792079207921,0.44554455445544555,0.6,0.4,0.6,1.0
hyser,hyser_subject_logo,hyser_subject_logo|subject01,agency_margin_tau_0.15,subject01,session2,session2,197,0.1218274111675127,0.09137055837563451,0.49746192893401014,0.6,0.4,0.8,1.0
hyser,hyser_subject_logo,hyser_subject_logo|subject01,agency_margin_tau_0.20,subject01,session1,session1,202,0.15346534653465346,0.0891089108910891,0.4405940594059406,0.6,0.4,0.6,1.0
hyser,hyser_subject_logo,hyser_subject_logo|subject01,agency_margin_tau_0.20,subject01,session2,session2,197,0.14720812182741116,0.1065989847715736,0.5126903553299492,0.6,0.4,0.8,1.0
hyser,hyser_subject_logo,hyser_subject_logo|subject01,assist_only,subject01,session1,session1,202,0.39603960396039606,0.18811881188118812,0.31683168316831684,0.2,0.4,0.4,0.6
hyser,hyser_subject_logo,hyser_subject_logo|subject01,assist_only,subject01,session2,session2,197,0.3096446700507614,0.22842639593908629,0.39086294416243655,0.2,0.4,0.6,0.6
hyser,hyser_subject_logo,hyser_subject_logo|subject01,confidence_blend_alpha_0.25,subject01,session1,session1,202,0.12376237623762376,0.08415841584158416,0.43564356435643564,0.6,0.4,0.8,1.0
hyser,hyser_subject_logo,hyser_subject_logo|subject01,confidence_blend_alpha_0.25,subject01,session2,session2,197,0.1116751269035533,0.09137055837563451,0.49238578680203043,0.8,0.4,0.8,0.9
hyser,hyser_subject_logo,hyser_subject_logo|subject01,confidence_blend_alpha_0.50,subject01,session1,session1,202,0.2376237623762376,0.1485148514851485,0.45544554455445546,0.4,0.4,0.6,0.8
hyser,hyser_subject_logo,hyser_subject_logo|subject01,confidence_blend_alpha_0.50,subject01,session2,session2,197,0.233502538071066,0.19796954314720813,0.5126903553299492,0.4,0.4,0.7,0.8
hyser,hyser_subject_logo,hyser_subject_logo|subject01,confidence_blend_alpha_0.75,subject01,session1,session1,202,0.35148514851485146,0.17326732673267325,0.4158415841584158,0.2,0.4,0.4,0.6
hyser,hyser_subject_logo,hyser_subject_logo|subject01,confidence_blend_alpha_0.75,subject01,session2,session2,197,0.2893401015228426,0.2233502538071066,0.47715736040609136,0.2,0.4,0.6,0.6
hyser,hyser_subject_logo,hyser_subject_logo|subject01,plain_conf_threshold_matched_tau_0.02,subject01,session1,session1,202,0.0,0.0,0.4306930693069307,0.7,0.4,,
hyser,hyser_subject_logo,hyser_subject_logo|subject01,plain_conf_threshold_matched_tau_0.02,subject01,session2,session2,197,0.005076142131979695,0.005076142131979695,0.47715736040609136,1.0,0.4,1.0,1.0
hyser,hyser_subject_logo,hyser_subject_logo|subject01,plain_conf_threshold_matched_tau_0.05,subject01,session1,session1,202,0.0049504950495049506,0.0049504950495049506,0.4207920792079208,0.8,0.4,0.6,0.6
hyser,hyser_subject_logo,hyser_subject_logo|subject01,plain_conf_threshold_matched_tau_0.05,subject01,session2,session2,197,0.015228426395939087,0.015228426395939087,0.4873096446700508,0.8,0.4,1.0,1.0
hyser,hyser_subject_logo,hyser_subject_logo|subject01,plain_conf_threshold_matched_tau_0.10,subject01,session1,session1,202,0.024752475247524754,0.024752475247524754,0.4207920792079208,0.8,0.4,0.8,0.8
hyser,hyser_subject_logo,hyser_subject_logo|subject01,plain_conf_threshold_matched_tau_0.10,subject01,session2,session2,197,0.03553299492385787,0.03553299492385787,0.49746192893401014,0.8,0.4,1.0,1.0
hyser,hyser_subject_logo,hyser_subject_logo|subject01,plain_conf_threshold_matched_tau_0.15,subject01,session1,session1,202,0.04950495049504951,0.04455445544554455,0.42574257425742573,0.8,0.4,0.8,0.8
hyser,hyser_subject_logo,hyser_subject_logo|subject01,plain_conf_threshold_matched_tau_0.15,subject01,session2,session2,197,0.04568527918781726,0.04568527918781726,0.5025380710659898,0.8,0.4,1.0,1.0
hyser,hyser_subject_logo,hyser_subject_logo|subject01,plain_conf_threshold_matched_tau_0.20,subject01,session1,session1,202,0.0594059405940594,0.0594059405940594,0.42574257425742573,0.8,0.4,0.9,0.9
hyser,hyser_subject_logo,hyser_subject_logo|subject01,plain_conf_threshold_matched_tau_0.20,subject01,session2,session2,197,0.06598984771573604,0.06598984771573604,0.5076142131979695,0.8,0.4,1.0,1.0
hyser,hyser_subject_logo,hyser_subject_logo|subject01,selective_prediction,subject01,session1,session1,202,0.024752475247524754,0.0049504950495049506,0.4306930693069307,0.8,0.4,0.8,0.6
hyser,hyser_subject_logo,hyser_subject_logo|subject01,selective_prediction,subject01,session2,session2,197,0.05583756345177665,0.030456852791878174,0.47715736040609136,0.8,0.4,1.0,1.0
hyser,hyser_subject_logo,hyser_subject_logo|subject01,set_acsa_tau_0.02,subject01,session1,session1,202,0.019801980198019802,0.009900990099009901,0.4405940594059406,0.7,0.4,0.6000000000000001,0.9
hyser,hyser_subject_logo,hyser_subject_logo|subject01,set_acsa_tau_0.02,subject01,session2,session2,197,0.02030456852791878,0.015228426395939087,0.467005076142132,0.8,0.4,1.0,1.0
hyser,hyser_subject_logo,hyser_subject_logo|subject01,set_acsa_tau_0.05,subject01,session1,session1,202,0.04950495049504951,0.024752475247524754,0.44554455445544555,0.7,0.5,0.6,1.0
hyser,hyser_subject_logo,hyser_subject_logo|subject01,set_acsa_tau_0.05,subject01,session2,session2,197,0.03553299492385787,0.025380710659898477,0.467005076142132,0.5,0.4,0.8,1.0
hyser,hyser_subject_logo,hyser_subject_logo|subject01,set_acsa_tau_0.10,subject01,session1,session1,202,0.09405940594059406,0.0594059405940594,0.44554455445544555,0.6,0.4,0.8,1.0
hyser,hyser_subject_logo,hyser_subject_logo|subject01,set_acsa_tau_0.10,subject01,session2,session2,197,0.08121827411167512,0.06091370558375635,0.48223350253807107,0.6,0.4,0.9,1.0
hyser,hyser_subject_logo,hyser_subject_logo|subject01,set_acsa_tau_0.15,subject01,session1,session1,202,0.12376237623762376,0.07920792079207921,0.44554455445544555,0.6,0.4,0.6,1.0
hyser,hyser_subject_logo,hyser_subject_logo|subject01,set_acsa_tau_0.15,subject01,session2,session2,197,0.1218274111675127,0.09137055837563451,0.49746192893401014,0.6,0.4,0.8,1.0
hyser,hyser_subject_logo,hyser_subject_logo|subject01,set_acsa_tau_0.20,subject01,session1,session1,202,0.15346534653465346,0.0891089108910891,0.4405940594059406,0.6,0.4,0.6,1.0
hyser,hyser_subject_logo,hyser_subject_logo|subject01,set_acsa_tau_0.20,subject01,session2,session2,197,0.14720812182741116,0.1065989847715736,0.5126903553299492,0.6,0.4,0.8,1.0
hyser,hyser_subject_logo,hyser_subject_logo|subject01,user_only,subject01,session1,session1,202,0.0,0.0,0.4405940594059406,,0.4,,
hyser,hyser_subject_logo,hyser_subject_logo|subject01,user_only,subject01,session2,session2,197,0.0,0.0,0.4517766497461929,,0.4,,
hyser,hyser_subject_logo,hyser_subject_logo|subject02,agency_margin_tau_0.02,subject02,session1,session1,203,0.034482758620689655,0.014778325123152709,0.4039408866995074,0.30000000000000004,0.4,0.6,1.0
hyser,hyser_subject_logo,hyser_subject_logo|subject02,agency_margin_tau_0.02,subject02,session2,session2,202,0.034653465346534656,0.009900990099009901,0.3564356435643564,0.7,0.5,0.6,1.0
hyser,hyser_subject_logo,hyser_subject_logo|subject02,agency_margin_tau_0.05,subject02,session1,session1,203,0.04926108374384237,0.014778325123152709,0.4039408866995074,0.2,0.4,0.30000000000000004,1.0
hyser,hyser_subject_logo,hyser_subject_logo|subject02,agency_margin_tau_0.05,subject02,session2,session2,202,0.06930693069306931,0.034653465346534656,0.36633663366336633,0.6,0.4,0.6,1.0
hyser,hyser_subject_logo,hyser_subject_logo|subject02,agency_margin_tau_0.10,subject02,session1,session1,203,0.09852216748768473,0.029556650246305417,0.39408866995073893,0.2,0.4,0.4,1.0
hyser,hyser_subject_logo,hyser_subject_logo|subject02,agency_margin_tau_0.10,subject02,session2,session2,202,0.11386138613861387,0.054455445544554455,0.3811881188118812,0.6,0.4,0.6,1.0
hyser,hyser_subject_logo,hyser_subject_logo|subject02,agency_margin_tau_0.15,subject02,session1,session1,203,0.12315270935960591,0.04926108374384237,0.4039408866995074,0.4,0.4,0.4,0.9
hyser,hyser_subject_logo,hyser_subject_logo|subject02,agency_margin_tau_0.15,subject02,session2,session2,202,0.18811881188118812,0.10891089108910891,0.42574257425742573,0.4,0.4,0.8,1.0
hyser,hyser_subject_logo,hyser_subject_logo|subject02,agency_margin_tau_0.20,subject02,session1,session1,203,0.1477832512315271,0.059113300492610835,0.4088669950738916,0.4,0.4,0.4,0.9
hyser,hyser_subject_logo,hyser_subject_logo|subject02,agency_margin_tau_0.20,subject02,session2,session2,202,0.24257425742574257,0.15841584158415842,0.4603960396039604,0.4,0.6,0.8,1.0
hyser,hyser_subject_logo,hyser_subject_logo|subject02,assist_only,subject02,session1,session1,203,0.3448275862068966,0.2019704433497537,0.3251231527093596,0.2,0.4,0.6,0.6
hyser,hyser_subject_logo,hyser_subject_logo|subject02,assist_only,subject02,session2,session2,202,0.5,0.33663366336633666,0.48514851485148514,0.2,0.4,0.4,0.6
hyser,hyser_subject_logo,hyser_subject_logo|subject02,confidence_blend_alpha_0.25,subject02,session1,session1,203,0.13793103448275862,0.059113300492610835,0.4187192118226601,0.4,0.4,0.6,0.8
hyser,hyser_subject_logo,hyser_subject_logo|subject02,confidence_blend_alpha_0.25,subject02,session2,session2,202,0.18316831683168316,0.11386138613861387,0.42574257425742573,0.6,0.4,0.6,1.0
hyser,hyser_subject_logo,hyser_subject_logo|subject02,confidence_blend_alpha_0.50,subject02,session1,session1,203,0.23645320197044334,0.1625615763546798,0.42857142857142855,0.4,0.4,0.6,0.6
hyser,hyser_subject_logo,hyser_subject_logo|subject02,confidence_blend_alpha_0.50,subject02,session2,session2,202,0.3712871287128713,0.26732673267326734,0.5297029702970297,0.4,0.4,0.6,0.7
hyser,hyser_subject_logo,hyser_subject_logo|subject02,confidence_blend_alpha_0.75,subject02,session1,session1,203,0.29064039408866993,0.1921182266009852,0.35960591133004927,0.2,0.4,0.4,0.6
hyser,hyser_subject_logo,hyser_subject_logo|subject02,confidence_blend_alpha_0.75,subject02,session2,session2,202,0.47029702970297027,0.3316831683168317,0.5247524752475248,0.2,0.4,0.4,0.6
hyser,hyser_subject_logo,hyser_subject_logo|subject02,plain_conf_threshold_matched_tau_0.02,subject02,session1,session1,203,0.0,0.0,0.4187192118226601,1.0,0.4,,
hyser,hyser_subject_logo,hyser_subject_logo|subject02,plain_conf_threshold_matched_tau_0.02,subject02,session2,session2,202,0.01485148514851485,0.01485148514851485,0.3811881188118812,0.8,0.6,1.0,1.0
hyser,hyser_subject_logo,hyser_subject_logo|subject02,plain_conf_threshold_matched_tau_0.05,subject02,session1,session1,203,0.0049261083743842365,0.0049261083743842365,0.43349753694581283,0.8,0.4,0.8,0.8
hyser,hyser_subject_logo,hyser_subject_logo|subject02,plain_conf_threshold_matched_tau_0.05,subject02,session2,session2,202,0.024752475247524754,0.024752475247524754,0.400990099009901,0.6,0.6,1.0,1.0
hyser,hyser_subject_logo,hyser_subject_logo|subject02,plain_conf_threshold_matched_tau_0.10,subject02,session1,session1,203,0.019704433497536946,0.014778325123152709,0.43349753694581283,0.6,0.4,0.9,1.0
hyser,hyser_subject_logo,hyser_subject_logo|subject02,plain_conf_threshold_matched_tau_0.10,subject02,session2,session2,202,0.034653465346534656,0.034653465346534656,0.41089108910891087,0.6,0.4,1.0,1.0
hyser,hyser_subject_logo,hyser_subject_logo|subject02,plain_conf_threshold_matched_tau_0.15,subject02,session1,session1,203,0.04433497536945813,0.034482758620689655,0.4433497536945813,0.6,0.4,0.8,0.8
hyser,hyser_subject_logo,hyser_subject_logo|subject02,plain_conf_threshold_matched_tau_0.15,subject02,session2,session2,202,0.06930693069306931,0.06930693069306931,0.43564356435643564,0.7,0.4,1.0,1.0
hyser,hyser_subject_logo,hyser_subject_logo|subject02,plain_conf_threshold_matched_tau_0.20,subject02,session1,session1,203,0.06403940886699508,0.054187192118226604,0.4482758620689655,0.6,0.4,0.8,0.8
hyser,hyser_subject_logo,hyser_subject_logo|subject02,plain_conf_threshold_matched_tau_0.20,subject02,session2,session2,202,0.10396039603960396,0.10396039603960396,0.44554455445544555,0.6,0.4,0.8,0.8
hyser,hyser_subject_logo,hyser_subject_logo|subject02,selective_prediction,subject02,session1,session1,203,0.06896551724137931,0.024630541871921183,0.4187192118226601,0.8,0.4,0.8,1.0
hyser,hyser_subject_logo,hyser_subject_logo|subject02,selective_prediction,subject02,session2,session2,202,0.08415841584158416,0.04455445544554455,0.3811881188118812,0.6,0.4,0.6,0.8
hyser,hyser_subject_logo,hyser_subject_logo|subject02,set_acsa_tau_0.02,subject02,session1,session1,203,0.024630541871921183,0.014778325123152709,0.4039408866995074,0.2,0.4,0.8,1.0
hyser,hyser_subject_logo,hyser_subject_logo|subject02,set_acsa_tau_0.02,subject02,session2,session2,202,0.0297029702970297,0.009900990099009901,0.3564356435643564,0.8,0.4,0.4,1.0
hyser,hyser_subject_logo,hyser_subject_logo|subject02,set_acsa_tau_0.05,subject02,session1,session1,203,0.04433497536945813,0.014778325123152709,0.4039408866995074,0.2,0.4,0.4,1.0
hyser,hyser_subject_logo,hyser_subject_logo|subject02,set_acsa_tau_0.05,subject02,session2,session2,202,0.0594059405940594,0.034653465346534656,0.36633663366336633,0.7,0.4,0.7,1.0
hyser,hyser_subject_logo,hyser_subject_logo|subject02,set_acsa_tau_0.10,subject02,session1,session1,203,0.08866995073891626,0.029556650246305417,0.39901477832512317,0.2,0.4,0.4,1.0
hyser,hyser_subject_logo,hyser_subject_logo|subject02,set_acsa_tau_0.10,subject02,session2,session2,202,0.10891089108910891,0.054455445544554455,0.3811881188118812,0.5,0.4,0.6,1.0
hyser,hyser_subject_logo,hyser_subject_logo|subject02,set_acsa_tau_0.15,subject02,session1,session1,203,0.12315270935960591,0.04926108374384237,0.4039408866995074,0.4,0.4,0.4,0.9
hyser,hyser_subject_logo,hyser_subject_logo|subject02,set_acsa_tau_0.15,subject02,session2,session2,202,0.18811881188118812,0.10891089108910891,0.42574257425742573,0.4,0.4,0.7,1.0
hyser,hyser_subject_logo,hyser_subject_logo|subject02,set_acsa_tau_0.20,subject02,session1,session1,203,0.1477832512315271,0.059113300492610835,0.4088669950738916,0.4,0.4,0.4,0.9
hyser,hyser_subject_logo,hyser_subject_logo|subject02,set_acsa_tau_0.20,subject02,session2,session2,202,0.24257425742574257,0.15841584158415842,0.4603960396039604,0.4,0.6,0.6,1.0
hyser,hyser_subject_logo,hyser_subject_logo|subject02,user_only,subject02,session1,session1,203,0.0,0.0,0.39408866995073893,,0.4,,
hyser,hyser_subject_logo,hyser_subject_logo|subject02,user_only,subject02,session2,session2,202,0.0,0.0,0.3465346534653465,,0.6,,
hyser,hyser_subject_logo,hyser_subject_logo|subject03,agency_margin_tau_0.02,subject03,session1,session1,196,0.015306122448979591,0.00510204081632653,0.25510204081632654,0.6,0.4,0.6,0.2
hyser,hyser_subject_logo,hyser_subject_logo|subject03,agency_margin_tau_0.02,subject03,session2,session2,197,0.01015228426395939,0.005076142131979695,0.36548223350253806,0.6,0.4,0.8,1.0
hyser,hyser_subject_logo,hyser_subject_logo|subject03,agency_margin_tau_0.05,subject03,session1,session1,196,0.02040816326530612,0.00510204081632653,0.25510204081632654,0.6,0.4,0.7,0.2
hyser,hyser_subject_logo,hyser_subject_logo|subject03,agency_margin_tau_0.05,subject03,session2,session2,197,0.02030456852791878,0.005076142131979695,0.3604060913705584,0.6,0.4,0.6000000000000001,1.0
hyser,hyser_subject_logo,hyser_subject_logo|subject03,agency_margin_tau_0.10,subject03,session1,session1,196,0.061224489795918366,0.015306122448979591,0.2602040816326531,0.6,0.4,0.7,0.8
hyser,hyser_subject_logo,hyser_subject_logo|subject03,agency_margin_tau_0.10,subject03,session2,session2,197,0.04060913705583756,0.015228426395939087,0.3553299492385787,0.6,0.4,0.6000000000000001,1.0
hyser,hyser_subject_logo,hyser_subject_logo|subject03,agency_margin_tau_0.15,subject03,session1,session1,196,0.08163265306122448,0.030612244897959183,0.27040816326530615,0.6,0.4,0.8,0.9
hyser,hyser_subject_logo,hyser_subject_logo|subject03,agency_margin_tau_0.15,subject03,session2,session2,197,0.06598984771573604,0.030456852791878174,0.3604060913705584,0.4,0.4,0.4,1.0
hyser,hyser_subject_logo,hyser_subject_logo|subject03,agency_margin_tau_0.20,subject03,session1,session1,196,0.10714285714285714,0.03571428571428571,0.2755102040816326,0.6,0.4,0.8,1.0
hyser,hyser_subject_logo,hyser_subject_logo|subject03,agency_margin_tau_0.20,subject03,session2,session2,197,0.08121827411167512,0.03553299492385787,0.3553299492385787,0.4,0.4,0.4,1.0
hyser,hyser_subject_logo,hyser_subject_logo|subject03,assist_only,subject03,session1,session1,196,0.37755102040816324,0.20408163265306123,0.23979591836734693,0.2,0.4,0.4,0.6
hyser,hyser_subject_logo,hyser_subject_logo|subject03,assist_only,subject03,session2,session2,197,0.2893401015228426,0.18274111675126903,0.34517766497461927,0.2,0.4,0.4,0.8
hyser,hyser_subject_logo,hyser_subject_logo|subject03,confidence_blend_alpha_0.25,subject03,session1,session1,196,0.07653061224489796,0.030612244897959183,0.2653061224489796,0.6,0.4,0.6,0.9
hyser,hyser_subject_logo,hyser_subject_logo|subject03,confidence_blend_alpha_0.25,subject03,session2,session2,197,0.06598984771573604,0.030456852791878174,0.37055837563451777,0.6,0.4,0.8,1.0
hyser,hyser_subject_logo,hyser_subject_logo|subject03,confidence_blend_alpha_0.50,subject03,session1,session1,196,0.1989795918367347,0.11224489795918367,0.32653061224489793,0.4,0.4,0.6,0.8
hyser,hyser_subject_logo,hyser_subject_logo|subject03,confidence_blend_alpha_0.50,subject03,session2,session2,197,0.15228426395939088,0.09644670050761421,0.38071065989847713,0.4,0.4,0.4,1.0
hyser,hyser_subject_logo,hyser_subject_logo|subject03,confidence_blend_alpha_0.75,subject03,session1,session1,196,0.336734693877551,0.17857142857142858,0.29591836734693877,0.2,0.4,0.6,0.6
hyser,hyser_subject_logo,hyser_subject_logo|subject03,confidence_blend_alpha_0.75,subject03,session2,session2,197,0.27411167512690354,0.15228426395939088,0.39086294416243655,0.2,0.4,0.4,0.8
hyser,hyser_subject_logo,hyser_subject_logo|subject03,plain_conf_threshold_matched_tau_0.02,subject03,session1,session1,196,0.0,0.0,0.25510204081632654,0.4,0.4,,
hyser,hyser_subject_logo,hyser_subject_logo|subject03,plain_conf_threshold_matched_tau_0.02,subject03,session2,session2,197,0.0,0.0,0.3604060913705584,,0.4,,
hyser,hyser_subject_logo,hyser_subject_logo|subject03,plain_conf_threshold_matched_tau_0.05,subject03,session1,session1,196,0.0,0.0,0.25510204081632654,0.4,0.4,,
hyser,hyser_subject_logo,hyser_subject_logo|subject03,plain_conf_threshold_matched_tau_0.05,subject03,session2,session2,197,0.0,0.0,0.3604060913705584,,0.4,,
hyser,hyser_subject_logo,hyser_subject_logo|subject03,plain_conf_threshold_matched_tau_0.10,subject03,session1,session1,196,0.00510204081632653,0.0,0.25510204081632654,0.4,0.4,0.2,
hyser,hyser_subject_logo,hyser_subject_logo|subject03,plain_conf_threshold_matched_tau_0.10,subject03,session2,session2,197,0.0,0.0,0.3604060913705584,0.4,0.4,,
hyser,hyser_subject_logo,hyser_subject_logo|subject03,plain_conf_threshold_matched_tau_0.15,subject03,session1,session1,196,0.00510204081632653,0.0,0.25510204081632654,0.4,0.4,0.2,
hyser,hyser_subject_logo,hyser_subject_logo|subject03,plain_conf_threshold_matched_tau_0.15,subject03,session2,session2,197,0.005076142131979695,0.005076142131979695,0.3604060913705584,0.4,0.4,0.2,0.2
hyser,hyser_subject_logo,hyser_subject_logo|subject03,plain_conf_threshold_matched_tau_0.20,subject03,session1,session1,196,0.01020408163265306,0.0,0.25510204081632654,0.4,0.4,0.30000000000000004,
hyser,hyser_subject_logo,hyser_subject_logo|subject03,plain_conf_threshold_matched_tau_0.20,subject03,session2,session2,197,0.005076142131979695,0.005076142131979695,0.3553299492385787,0.4,0.4,0.2,0.2
hyser,hyser_subject_logo,hyser_subject_logo|subject03,selective_prediction,subject03,session1,session1,196,0.00510204081632653,0.0,0.25510204081632654,0.4,0.4,0.2,
hyser,hyser_subject_logo,hyser_subject_logo|subject03,selective_prediction,subject03,session2,session2,197,0.0,0.0,0.3604060913705584,0.2,0.4,,
hyser,hyser_subject_logo,hyser_subject_logo|subject03,set_acsa_tau_0.02,subject03,session1,session1,196,0.01020408163265306,0.00510204081632653,0.25510204081632654,0.6,0.4,0.5,0.2
hyser,hyser_subject_logo,hyser_subject_logo|subject03,set_acsa_tau_0.02,subject03,session2,session2,197,0.01015228426395939,0.005076142131979695,0.36548223350253806,0.6,0.4,0.8,1.0
hyser,hyser_subject_logo,hyser_subject_logo|subject03,set_acsa_tau_0.05,subject03,session1,session1,196,0.015306122448979591,0.00510204081632653,0.25510204081632654,0.6,0.4,0.8,0.2
hyser,hyser_subject_logo,hyser_subject_logo|subject03,set_acsa_tau_0.05,subject03,session2,session2,197,0.02030456852791878,0.005076142131979695,0.3604060913705584,0.6,0.4,0.6000000000000001,1.0
hyser,hyser_subject_logo,hyser_subject_logo|subject03,set_acsa_tau_0.10,subject03,session1,session1,196,0.05612244897959184,0.015306122448979591,0.2602040816326531,0.6,0.4,0.8,0.8
hyser,hyser_subject_logo,hyser_subject_logo|subject03,set_acsa_tau_0.10,subject03,session2,session2,197,0.04060913705583756,0.015228426395939087,0.3553299492385787,0.6,0.4,0.6000000000000001,1.0
hyser,hyser_subject_logo,hyser_subject_logo|subject03,set_acsa_tau_0.15,subject03,session1,session1,196,0.08163265306122448,0.030612244897959183,0.27040816326530615,0.6,0.4,0.8,0.9
hyser,hyser_subject_logo,hyser_subject_logo|subject03,set_acsa_tau_0.15,subject03,session2,session2,197,0.06598984771573604,0.030456852791878174,0.3604060913705584,0.4,0.4,0.4,1.0
hyser,hyser_subject_logo,hyser_subject_logo|subject03,set_acsa_tau_0.20,subject03,session1,session1,196,0.10714285714285714,0.03571428571428571,0.2755102040816326,0.6,0.4,0.8,1.0
hyser,hyser_subject_logo,hyser_subject_logo|subject03,set_acsa_tau_0.20,subject03,session2,session2,197,0.08121827411167512,0.03553299492385787,0.3553299492385787,0.4,0.4,0.4,1.0
hyser,hyser_subject_logo,hyser_subject_logo|subject03,user_only,subject03,session1,session1,196,0.0,0.0,0.25510204081632654,,0.4,,
hyser,hyser_subject_logo,hyser_subject_logo|subject03,user_only,subject03,session2,session2,197,0.0,0.0,0.3604060913705584,,0.4,,
hyser,hyser_subject_logo,hyser_subject_logo|subject04,agency_margin_tau_0.02,subject04,session1,session1,202,0.01485148514851485,0.0049504950495049506,0.5841584158415841,0.8,0.4,0.6,1.0
hyser,hyser_subject_logo,hyser_subject_logo|subject04,agency_margin_tau_0.02,subject04,session2,session2,204,0.0196078431372549,0.004901960784313725,0.31862745098039214,0.8,0.2,0.7,1.0
hyser,hyser_subject_logo,hyser_subject_logo|subject04,agency_margin_tau_0.05,subject04,session1,session1,202,0.0594059405940594,0.0297029702970297,0.599009900990099,0.8,0.4,0.7,1.0
hyser,hyser_subject_logo,hyser_subject_logo|subject04,agency_margin_tau_0.05,subject04,session2,session2,204,0.06862745098039216,0.024509803921568627,0.3333333333333333,0.8,0.2,0.8,1.0
hyser,hyser_subject_logo,hyser_subject_logo|subject04,agency_margin_tau_0.10,subject04,session1,session1,202,0.10891089108910891,0.04950495049504951,0.6089108910891089,0.6,0.4,0.6,1.0
hyser,hyser_subject_logo,hyser_subject_logo|subject04,agency_margin_tau_0.10,subject04,session2,session2,204,0.10784313725490197,0.049019607843137254,0.35784313725490197,0.8,0.2,0.8,1.0
hyser,hyser_subject_logo,hyser_subject_logo|subject04,agency_margin_tau_0.15,subject04,session1,session1,202,0.13861386138613863,0.07920792079207921,0.6287128712871287,0.6,0.4,0.6,1.0
hyser,hyser_subject_logo,hyser_subject_logo|subject04,agency_margin_tau_0.15,subject04,session2,session2,204,0.14215686274509803,0.058823529411764705,0.35784313725490197,0.6,0.2,0.6,1.0
hyser,hyser_subject_logo,hyser_subject_logo|subject04,agency_margin_tau_0.20,subject04,session1,session1,202,0.15841584158415842,0.10396039603960396,0.6386138613861386,0.6,0.4,0.6,0.8
hyser,hyser_subject_logo,hyser_subject_logo|subject04,agency_margin_tau_0.20,subject04,session2,session2,204,0.20098039215686275,0.09313725490196079,0.3872549019607843,0.6,0.2,0.6,1.0
hyser,hyser_subject_logo,hyser_subject_logo|subject04,assist_only,subject04,session1,session1,202,0.4405940594059406,0.2623762376237624,0.5495049504950495,0.2,0.4,0.4,0.4
hyser,hyser_subject_logo,hyser_subject_logo|subject04,assist_only,subject04,session2,session2,204,0.46568627450980393,0.29901960784313725,0.46078431372549017,0.2,0.2,0.4,0.6
hyser,hyser_subject_logo,hyser_subject_logo|subject04,confidence_blend_alpha_0.25,subject04,session1,session1,202,0.16831683168316833,0.1188118811881188,0.6485148514851485,0.6,0.4,0.6,0.9
hyser,hyser_subject_logo,hyser_subject_logo|subject04,confidence_blend_alpha_0.25,subject04,session2,session2,204,0.11764705882352941,0.06372549019607843,0.36764705882352944,0.8,0.2,0.8,1.0
hyser,hyser_subject_logo,hyser_subject_logo|subject04,confidence_blend_alpha_0.50,subject04,session1,session1,202,0.31683168316831684,0.25742574257425743,0.6782178217821783,0.4,0.4,0.6,0.6
hyser,hyser_subject_logo,hyser_subject_logo|subject04,confidence_blend_alpha_0.50,subject04,session2,session2,204,0.3235294117647059,0.17647058823529413,0.4215686274509804,0.6,0.2,0.6,0.9
hyser,hyser_subject_logo,hyser_subject_logo|subject04,confidence_blend_alpha_0.75,subject04,session1,session1,202,0.44554455445544555,0.28217821782178215,0.6386138613861386,0.2,0.4,0.4,0.6
hyser,hyser_subject_logo,hyser_subject_logo|subject04,confidence_blend_alpha_0.75,subject04,session2,session2,204,0.4411764705882353,0.25980392156862747,0.4803921568627451,0.2,0.2,0.4,0.8
hyser,hyser_subject_logo,hyser_subject_logo|subject04,plain_conf_threshold_matched_tau_0.02,subject04,session1,session1,202,0.0,0.0,0.5891089108910891,1.0,0.4,,
hyser,hyser_subject_logo,hyser_subject_logo|subject04,plain_conf_threshold_matched_tau_0.02,subject04,session2,session2,204,0.0,0.0,0.31862745098039214,0.8,0.2,,
hyser,hyser_subject_logo,hyser_subject_logo|subject04,plain_conf_threshold_matched_tau_0.05,subject04,session1,session1,202,0.009900990099009901,0.0049504950495049506,0.5792079207920792,0.8,0.4,0.7,1.0
hyser,hyser_subject_logo,hyser_subject_logo|subject04,plain_conf_threshold_matched_tau_0.05,subject04,session2,session2,204,0.004901960784313725,0.0,0.3382352941176471,1.0,0.2,0.6,
hyser,hyser_subject_logo,hyser_subject_logo|subject04,plain_conf_threshold_matched_tau_0.10,subject04,session1,session1,202,0.019801980198019802,0.01485148514851485,0.599009900990099,0.8,0.4,0.6,0.6
hyser,hyser_subject_logo,hyser_subject_logo|subject04,plain_conf_threshold_matched_tau_0.10,subject04,session2,session2,204,0.03431372549019608,0.024509803921568627,0.36764705882352944,0.8,0.2,1.0,1.0
hyser,hyser_subject_logo,hyser_subject_logo|subject04,plain_conf_threshold_matched_tau_0.15,subject04,session1,session1,202,0.04950495049504951,0.04455445544554455,0.6188118811881188,0.8,0.4,0.7,0.8
hyser,hyser_subject_logo,hyser_subject_logo|subject04,plain_conf_threshold_matched_tau_0.15,subject04,session2,session2,204,0.05392156862745098,0.03431372549019608,0.37254901960784315,0.8,0.2,1.0,1.0
hyser,hyser_subject_logo,hyser_subject_logo|subject04,plain_conf_threshold_matched_tau_0.20,subject04,session1,session1,202,0.07920792079207921,0.07425742574257425,0.6287128712871287,0.8,0.4,0.8,0.8
hyser,hyser_subject_logo,hyser_subject_logo|subject04,plain_conf_threshold_matched_tau_0.20,subject04,session2,session2,204,0.0784313725490196,0.05392156862745098,0.37745098039215685,0.6,0.2,0.9,1.0
hyser,hyser_subject_logo,hyser_subject_logo|subject04,selective_prediction,subject04,session1,session1,202,0.039603960396039604,0.009900990099009901,0.5891089108910891,0.8,0.4,0.7,1.0
hyser,hyser_subject_logo,hyser_subject_logo|subject04,selective_prediction,subject04,session2,session2,204,0.058823529411764705,0.004901960784313725,0.31862745098039214,0.8,0.2,1.0,0.6
hyser,hyser_subject_logo,hyser_subject_logo|subject04,set_acsa_tau_0.02,subject04,session1,session1,202,0.01485148514851485,0.0049504950495049506,0.5891089108910891,0.6,0.4,0.6,1.0
hyser,hyser_subject_logo,hyser_subject_logo|subject04,set_acsa_tau_0.02,subject04,session2,session2,204,0.014705882352941176,0.0,0.3137254901960784,0.7,0.2,0.6,
hyser,hyser_subject_logo,hyser_subject_logo|subject04,set_acsa_tau_0.05,subject04,session1,session1,202,0.04950495049504951,0.0297029702970297,0.6039603960396039,0.7,0.4,0.7,1.0
hyser,hyser_subject_logo,hyser_subject_logo|subject04,set_acsa_tau_0.05,subject04,session2,session2,204,0.06372549019607843,0.0196078431372549,0.3284313725490196,0.6,0.2,0.8,1.0
hyser,hyser_subject_logo,hyser_subject_logo|subject04,set_acsa_tau_0.10,subject04,session1,session1,202,0.09900990099009901,0.04950495049504951,0.6089108910891089,0.6,0.4,0.6,1.0
hyser,hyser_subject_logo,hyser_subject_logo|subject04,set_acsa_tau_0.10,subject04,session2,session2,204,0.09803921568627451,0.04411764705882353,0.35294117647058826,0.8,0.2,0.8,1.0
hyser,hyser_subject_logo,hyser_subject_logo|subject04,set_acsa_tau_0.15,subject04,session1,session1,202,0.13861386138613863,0.07920792079207921,0.6287128712871287,0.6,0.4,0.6,1.0
hyser,hyser_subject_logo,hyser_subject_logo|subject04,set_acsa_tau_0.15,subject04,session2,session2,204,0.13725490196078433,0.05392156862745098,0.35294117647058826,0.6,0.2,0.6,1.0
hyser,hyser_subject_logo,hyser_subject_logo|subject04,set_acsa_tau_0.20,subject04,session1,session1,202,0.15841584158415842,0.10396039603960396,0.6386138613861386,0.6,0.4,0.6,0.8
hyser,hyser_subject_logo,hyser_subject_logo|subject04,set_acsa_tau_0.20,subject04,session2,session2,204,0.20098039215686275,0.09313725490196079,0.3872549019607843,0.6,0.2,0.6,1.0
hyser,hyser_subject_logo,hyser_subject_logo|subject04,user_only,subject04,session1,session1,202,0.0,0.0,0.5841584158415841,,0.4,,
hyser,hyser_subject_logo,hyser_subject_logo|subject04,user_only,subject04,session2,session2,204,0.0,0.0,0.31862745098039214,,0.2,,
hyser,hyser_subject_logo,hyser_subject_logo|subject05,agency_margin_tau_0.02,subject05,session1,session1,195,0.005128205128205128,0.005128205128205128,0.29743589743589743,0.5,0.4,0.4,0.4
hyser,hyser_subject_logo,hyser_subject_logo|subject05,agency_margin_tau_0.02,subject05,session2,session2,204,0.00980392156862745,0.004901960784313725,0.15196078431372548,0.7,0.6,0.5,0.6
hyser,hyser_subject_logo,hyser_subject_logo|subject05,agency_margin_tau_0.05,subject05,session1,session1,195,0.015384615384615385,0.015384615384615385,0.30256410256410254,0.4,0.4,0.4,0.4
hyser,hyser_subject_logo,hyser_subject_logo|subject05,agency_margin_tau_0.05,subject05,session2,session2,204,0.0392156862745098,0.014705882352941176,0.14705882352941177,0.6,0.6,0.5,0.6
hyser,hyser_subject_logo,hyser_subject_logo|subject05,agency_margin_tau_0.10,subject05,session1,session1,195,0.03076923076923077,0.03076923076923077,0.3076923076923077,0.4,0.4,0.4,0.4
hyser,hyser_subject_logo,hyser_subject_logo|subject05,agency_margin_tau_0.10,subject05,session2,session2,204,0.06372549019607843,0.03431372549019608,0.1568627450980392,0.6,0.6,0.4,0.6
hyser,hyser_subject_logo,hyser_subject_logo|subject05,agency_margin_tau_0.15,subject05,session1,session1,195,0.05641025641025641,0.041025641025641026,0.3128205128205128,0.4,0.4,0.4,0.5
hyser,hyser_subject_logo,hyser_subject_logo|subject05,agency_margin_tau_0.15,subject05,session2,session2,204,0.0784313725490196,0.0392156862745098,0.1568627450980392,0.6,0.4,0.4,0.5
hyser,hyser_subject_logo,hyser_subject_logo|subject05,agency_margin_tau_0.20,subject05,session1,session1,195,0.05641025641025641,0.041025641025641026,0.3128205128205128,0.4,0.4,0.4,0.4
hyser,hyser_subject_logo,hyser_subject_logo|subject05,agency_margin_tau_0.20,subject05,session2,session2,204,0.10294117647058823,0.05392156862745098,0.1715686274509804,0.6,0.6,0.6,0.6
hyser,hyser_subject_logo,hyser_subject_logo|subject05,assist_only,subject05,session1,session1,195,0.3641025641025641,0.21025641025641026,0.3641025641025641,0.2,0.4,0.4,0.6
hyser,hyser_subject_logo,hyser_subject_logo|subject05,assist_only,subject05,session2,session2,204,0.28921568627450983,0.17647058823529413,0.20588235294117646,0.2,0.4,0.6,0.8
hyser,hyser_subject_logo,hyser_subject_logo|subject05,confidence_blend_alpha_0.25,subject05,session1,session1,195,0.05641025641025641,0.041025641025641026,0.30256410256410254,0.6,0.4,0.8,0.6000000000000001
hyser,hyser_subject_logo,hyser_subject_logo|subject05,confidence_blend_alpha_0.25,subject05,session2,session2,204,0.0784313725490196,0.029411764705882353,0.15196078431372548,0.6,0.4,0.4,0.5
hyser,hyser_subject_logo,hyser_subject_logo|subject05,confidence_blend_alpha_0.50,subject05,session1,session1,195,0.15897435897435896,0.09743589743589744,0.3230769230769231,0.4,0.4,0.6,0.8
hyser,hyser_subject_logo,hyser_subject_logo|subject05,confidence_blend_alpha_0.50,subject05,session2,session2,204,0.18627450980392157,0.09803921568627451,0.17647058823529413,0.4,0.4,0.6,0.6
hyser,hyser_subject_logo,hyser_subject_logo|subject05,confidence_blend_alpha_0.75,subject05,session1,session1,195,0.28205128205128205,0.18974358974358974,0.3487179487179487,0.2,0.4,0.4,0.6
hyser,hyser_subject_logo,hyser_subject_logo|subject05,confidence_blend_alpha_0.75,subject05,session2,session2,204,0.24509803921568626,0.1323529411764706,0.16176470588235295,0.2,0.4,0.5,0.8
hyser,hyser_subject_logo,hyser_subject_logo|subject05,plain_conf_threshold_matched_tau_0.02,subject05,session1,session1,195,0.0,0.0,0.29743589743589743,,0.4,,
hyser,hyser_subject_logo,hyser_subject_logo|subject05,plain_conf_threshold_matched_tau_0.02,subject05,session2,session2,204,0.0,0.0,0.1568627450980392,,0.6,,
hyser,hyser_subject_logo,hyser_subject_logo|subject05,plain_conf_threshold_matched_tau_0.05,subject05,session1,session1,195,0.0,0.0,0.29743589743589743,0.8,0.4,,
hyser,hyser_subject_logo,hyser_subject_logo|subject05,plain_conf_threshold_matched_tau_0.05,subject05,session2,session2,204,0.0,0.0,0.15196078431372548,0.8,0.6,,
hyser,hyser_subject_logo,hyser_subject_logo|subject05,plain_conf_threshold_matched_tau_0.10,subject05,session1,session1,195,0.005128205128205128,0.005128205128205128,0.2923076923076923,0.8,0.4,0.4,0.4
hyser,hyser_subject_logo,hyser_subject_logo|subject05,plain_conf_threshold_matched_tau_0.10,subject05,session2,session2,204,0.004901960784313725,0.0,0.12745098039215685,0.8,0.6,0.4,
hyser,hyser_subject_logo,hyser_subject_logo|subject05,plain_conf_threshold_matched_tau_0.15,subject05,session1,session1,195,0.005128205128205128,0.005128205128205128,0.28205128205128205,0.8,0.4,0.4,0.4
hyser,hyser_subject_logo,hyser_subject_logo|subject05,plain_conf_threshold_matched_tau_0.15,subject05,session2,session2,204,0.00980392156862745,0.004901960784313725,0.12745098039215685,0.8,0.6,0.6000000000000001,0.8
hyser,hyser_subject_logo,hyser_subject_logo|subject05,plain_conf_threshold_matched_tau_0.20,subject05,session1,session1,195,0.005128205128205128,0.005128205128205128,0.28717948717948716,0.7,0.4,0.4,0.4
hyser,hyser_subject_logo,hyser_subject_logo|subject05,plain_conf_threshold_matched_tau_0.20,subject05,session2,session2,204,0.0196078431372549,0.00980392156862745,0.13725490196078433,0.6,0.6,0.6,0.9
hyser,hyser_subject_logo,hyser_subject_logo|subject05,selective_prediction,subject05,session1,session1,195,0.005128205128205128,0.0,0.29743589743589743,0.8,0.4,0.8,
hyser,hyser_subject_logo,hyser_subject_logo|subject05,selective_prediction,subject05,session2,session2,204,0.0,0.0,0.1568627450980392,0.6,0.6,,
hyser,hyser_subject_logo,hyser_subject_logo|subject05,set_acsa_tau_0.02,subject05,session1,session1,195,0.005128205128205128,0.005128205128205128,0.29743589743589743,0.6,0.4,0.4,0.4
hyser,hyser_subject_logo,hyser_subject_logo|subject05,set_acsa_tau_0.02,subject05,session2,session2,204,0.00980392156862745,0.004901960784313725,0.15196078431372548,0.6,0.6,0.5,0.6
hyser,hyser_subject_logo,hyser_subject_logo|subject05,set_acsa_tau_0.05,subject05,session1,session1,195,0.015384615384615385,0.015384615384615385,0.30256410256410254,0.4,0.4,0.4,0.4
hyser,hyser_subject_logo,hyser_subject_logo|subject05,set_acsa_tau_0.05,subject05,session2,session2,204,0.0392156862745098,0.014705882352941176,0.14705882352941177,0.6,0.6,0.5,0.6
hyser,hyser_subject_logo,hyser_subject_logo|subject05,set_acsa_tau_0.10,subject05,session1,session1,195,0.03076923076923077,0.03076923076923077,0.3076923076923077,0.4,0.4,0.4,0.4
hyser,hyser_subject_logo,hyser_subject_logo|subject05,set_acsa_tau_0.10,subject05,session2,session2,204,0.058823529411764705,0.03431372549019608,0.1568627450980392,0.6,0.6,0.5,0.6
hyser,hyser_subject_logo,hyser_subject_logo|subject05,set_acsa_tau_0.15,subject05,session1,session1,195,0.05128205128205128,0.035897435897435895,0.3128205128205128,0.4,0.4,0.4,0.4
hyser,hyser_subject_logo,hyser_subject_logo|subject05,set_acsa_tau_0.15,subject05,session2,session2,204,0.07352941176470588,0.0392156862745098,0.1568627450980392,0.6,0.4,0.4,0.5
hyser,hyser_subject_logo,hyser_subject_logo|subject05,set_acsa_tau_0.20,subject05,session1,session1,195,0.05641025641025641,0.041025641025641026,0.3128205128205128,0.4,0.4,0.4,0.4
hyser,hyser_subject_logo,hyser_subject_logo|subject05,set_acsa_tau_0.20,subject05,session2,session2,204,0.09803921568627451,0.05392156862745098,0.1715686274509804,0.6,0.6,0.6,0.6
hyser,hyser_subject_logo,hyser_subject_logo|subject05,user_only,subject05,session1,session1,195,0.0,0.0,0.29743589743589743,,0.4,,
hyser,hyser_subject_logo,hyser_subject_logo|subject05,user_only,subject05,session2,session2,204,0.0,0.0,0.1568627450980392,,0.6,,
hyser,hyser_subject_logo,hyser_subject_logo|subject06,agency_margin_tau_0.02,subject06,session1,session1,204,0.0,0.0,0.4852941176470588,1.0,0.4,,
hyser,hyser_subject_logo,hyser_subject_logo|subject06,agency_margin_tau_0.02,subject06,session2,session2,201,0.0,0.0,0.4975124378109453,0.2,0.4,,
hyser,hyser_subject_logo,hyser_subject_logo|subject06,agency_margin_tau_0.05,subject06,session1,session1,204,0.014705882352941176,0.004901960784313725,0.4852941176470588,0.6,0.4,0.4,1.0
hyser,hyser_subject_logo,hyser_subject_logo|subject06,agency_margin_tau_0.05,subject06,session2,session2,201,0.009950248756218905,0.004975124378109453,0.4975124378109453,0.4,0.4,0.4,0.2
hyser,hyser_subject_logo,hyser_subject_logo|subject06,agency_margin_tau_0.10,subject06,session1,session1,204,0.0392156862745098,0.014705882352941176,0.4950980392156863,0.7,0.4,0.8,1.0
hyser,hyser_subject_logo,hyser_subject_logo|subject06,agency_margin_tau_0.10,subject06,session2,session2,201,0.03482587064676617,0.01990049751243781,0.5024875621890548,0.4,0.4,0.6,0.5
hyser,hyser_subject_logo,hyser_subject_logo|subject06,agency_margin_tau_0.15,subject06,session1,session1,204,0.049019607843137254,0.024509803921568627,0.4803921568627451,0.8,0.4,0.8,0.8
hyser,hyser_subject_logo,hyser_subject_logo|subject06,agency_margin_tau_0.15,subject06,session2,session2,201,0.0845771144278607,0.03482587064676617,0.5124378109452736,0.4,0.4,0.6,0.8
hyser,hyser_subject_logo,hyser_subject_logo|subject06,agency_margin_tau_0.20,subject06,session1,session1,204,0.06372549019607843,0.029411764705882353,0.4803921568627451,0.6,0.4,0.6,0.8
hyser,hyser_subject_logo,hyser_subject_logo|subject06,agency_margin_tau_0.20,subject06,session2,session2,201,0.09950248756218906,0.04975124378109453,0.5223880597014925,0.4,0.4,0.6,0.8
hyser,hyser_subject_logo,hyser_subject_logo|subject06,assist_only,subject06,session1,session1,204,0.2549019607843137,0.1568627450980392,0.3284313725490196,0.2,0.4,0.6,0.6
hyser,hyser_subject_logo,hyser_subject_logo|subject06,assist_only,subject06,session2,session2,201,0.3383084577114428,0.18407960199004975,0.34328358208955223,0.2,0.4,0.2,0.4
hyser,hyser_subject_logo,hyser_subject_logo|subject06,confidence_blend_alpha_0.25,subject06,session1,session1,204,0.07352941176470588,0.04411764705882353,0.49019607843137253,0.6,0.4,0.8,0.8
hyser,hyser_subject_logo,hyser_subject_logo|subject06,confidence_blend_alpha_0.25,subject06,session2,session2,201,0.07462686567164178,0.04477611940298507,0.5024875621890548,0.5,0.4,0.6,0.6
hyser,hyser_subject_logo,hyser_subject_logo|subject06,confidence_blend_alpha_0.50,subject06,session1,session1,204,0.16666666666666666,0.10784313725490197,0.5049019607843137,0.4,0.4,0.7,0.8
hyser,hyser_subject_logo,hyser_subject_logo|subject06,confidence_blend_alpha_0.50,subject06,session2,session2,201,0.19900497512437812,0.13432835820895522,0.5373134328358209,0.4,0.4,0.6,0.6
hyser,hyser_subject_logo,hyser_subject_logo|subject06,confidence_blend_alpha_0.75,subject06,session1,session1,204,0.23039215686274508,0.1715686274509804,0.45588235294117646,0.4,0.4,0.6,0.8
hyser,hyser_subject_logo,hyser_subject_logo|subject06,confidence_blend_alpha_0.75,subject06,session2,session2,201,0.31343283582089554,0.208955223880597,0.5323383084577115,0.2,0.4,0.4,0.5
hyser,hyser_subject_logo,hyser_subject_logo|subject06,plain_conf_threshold_matched_tau_0.02,subject06,session1,session1,204,0.0,0.0,0.4852941176470588,,0.4,,
hyser,hyser_subject_logo,hyser_subject_logo|subject06,plain_conf_threshold_matched_tau_0.02,subject06,session2,session2,201,0.0,0.0,0.4975124378109453,0.6,0.4,,
hyser,hyser_subject_logo,hyser_subject_logo|subject06,plain_conf_threshold_matched_tau_0.05,subject06,session1,session1,204,0.0,0.0,0.4852941176470588,0.9,0.4,,
hyser,hyser_subject_logo,hyser_subject_logo|subject06,plain_conf_threshold_matched_tau_0.05,subject06,session2,session2,201,0.004975124378109453,0.0,0.4975124378109453,0.6,0.4,0.6,
hyser,hyser_subject_logo,hyser_subject_logo|subject06,plain_conf_threshold_matched_tau_0.10,subject06,session1,session1,204,0.004901960784313725,0.004901960784313725,0.4803921568627451,0.8,0.4,0.8,0.8
hyser,hyser_subject_logo,hyser_subject_logo|subject06,plain_conf_threshold_matched_tau_0.10,subject06,session2,session2,201,0.004975124378109453,0.0,0.5124378109452736,0.6,0.4,0.6,
hyser,hyser_subject_logo,hyser_subject_logo|subject06,plain_conf_threshold_matched_tau_0.15,subject06,session1,session1,204,0.014705882352941176,0.014705882352941176,0.4803921568627451,0.8,0.4,0.8,0.8
hyser,hyser_subject_logo,hyser_subject_logo|subject06,plain_conf_threshold_matched_tau_0.15,subject06,session2,session2,201,0.014925373134328358,0.009950248756218905,0.5223880597014925,0.6,0.4,0.6,0.8
hyser,hyser_subject_logo,hyser_subject_logo|subject06,plain_conf_threshold_matched_tau_0.20,subject06,session1,session1,204,0.0196078431372549,0.0196078431372549,0.4803921568627451,0.8,0.4,0.8,0.8
hyser,hyser_subject_logo,hyser_subject_logo|subject06,plain_conf_threshold_matched_tau_0.20,subject06,session2,session2,201,0.024875621890547265,0.014925373134328358,0.5223880597014925,0.6,0.4,0.8,1.0
hyser,hyser_subject_logo,hyser_subject_logo|subject06,selective_prediction,subject06,session1,session1,204,0.00980392156862745,0.0,0.4852941176470588,0.8,0.4,0.8,
hyser,hyser_subject_logo,hyser_subject_logo|subject06,selective_prediction,subject06,session2,session2,201,0.029850746268656716,0.0,0.4975124378109453,0.6,0.4,0.6,
hyser,hyser_subject_logo,hyser_subject_logo|subject06,set_acsa_tau_0.02,subject06,session1,session1,204,0.0,0.0,0.4852941176470588,1.0,0.4,,
hyser,hyser_subject_logo,hyser_subject_logo|subject06,set_acsa_tau_0.02,subject06,session2,session2,201,0.0,0.0,0.4975124378109453,0.2,0.4,,
hyser,hyser_subject_logo,hyser_subject_logo|subject06,set_acsa_tau_0.05,subject06,session1,session1,204,0.00980392156862745,0.0,0.4803921568627451,0.6,0.4,0.30000000000000004,
hyser,hyser_subject_logo,hyser_subject_logo|subject06,set_acsa_tau_0.05,subject06,session2,session2,201,0.009950248756218905,0.004975124378109453,0.4975124378109453,0.6,0.4,0.4,0.2
hyser,hyser_subject_logo,hyser_subject_logo|subject06,set_acsa_tau_0.10,subject06,session1,session1,204,0.03431372549019608,0.00980392156862745,0.49019607843137253,0.6,0.4,0.8,1.0
hyser,hyser_subject_logo,hyser_subject_logo|subject06,set_acsa_tau_0.10,subject06,session2,session2,201,0.03482587064676617,0.01990049751243781,0.5024875621890548,0.4,0.4,0.6,0.5
hyser,hyser_subject_logo,hyser_subject_logo|subject06,set_acsa_tau_0.15,subject06,session1,session1,204,0.049019607843137254,0.024509803921568627,0.4803921568627451,0.8,0.4,0.8,0.8
hyser,hyser_subject_logo,hyser_subject_logo|subject06,set_acsa_tau_0.15,subject06,session2,session2,201,0.0845771144278607,0.03482587064676617,0.5124378109452736,0.4,0.4,0.6,0.8
hyser,hyser_subject_logo,hyser_subject_logo|subject06,set_acsa_tau_0.20,subject06,session1,session1,204,0.06372549019607843,0.029411764705882353,0.4803921568627451,0.6,0.4,0.6,0.8
hyser,hyser_subject_logo,hyser_subject_logo|subject06,set_acsa_tau_0.20,subject06,session2,session2,201,0.09950248756218906,0.04975124378109453,0.5223880597014925,0.4,0.4,0.6,0.8
hyser,hyser_subject_logo,hyser_subject_logo|subject06,user_only,subject06,session1,session1,204,0.0,0.0,0.4852941176470588,,0.4,,
hyser,hyser_subject_logo,hyser_subject_logo|subject06,user_only,subject06,session2,session2,201,0.0,0.0,0.4975124378109453,,0.4,,
hyser,hyser_subject_logo,hyser_subject_logo|subject07,agency_margin_tau_0.02,subject07,session1,session1,204,0.014705882352941176,0.00980392156862745,0.45588235294117646,0.8,0.4,1.0,1.0
hyser,hyser_subject_logo,hyser_subject_logo|subject07,agency_margin_tau_0.02,subject07,session2,session2,204,0.00980392156862745,0.0,0.46568627450980393,0.6,0.4,0.5,
hyser,hyser_subject_logo,hyser_subject_logo|subject07,agency_margin_tau_0.05,subject07,session1,session1,204,0.03431372549019608,0.014705882352941176,0.45098039215686275,0.6,0.4,0.6,1.0
hyser,hyser_subject_logo,hyser_subject_logo|subject07,agency_margin_tau_0.05,subject07,session2,session2,204,0.04411764705882353,0.0196078431372549,0.47058823529411764,0.6,0.4,0.6,0.9
hyser,hyser_subject_logo,hyser_subject_logo|subject07,agency_margin_tau_0.10,subject07,session1,session1,204,0.06862745098039216,0.0392156862745098,0.45098039215686275,0.6,0.4,0.6,0.7
hyser,hyser_subject_logo,hyser_subject_logo|subject07,agency_margin_tau_0.10,subject07,session2,session2,204,0.08333333333333333,0.049019607843137254,0.4803921568627451,0.6,0.4,0.8,0.9
hyser,hyser_subject_logo,hyser_subject_logo|subject07,agency_margin_tau_0.15,subject07,session1,session1,204,0.10294117647058823,0.049019607843137254,0.4411764705882353,0.4,0.4,0.6,0.7
hyser,hyser_subject_logo,hyser_subject_logo|subject07,agency_margin_tau_0.15,subject07,session2,session2,204,0.11274509803921569,0.07352941176470588,0.4950980392156863,0.4,0.4,0.8,0.8
hyser,hyser_subject_logo,hyser_subject_logo|subject07,agency_margin_tau_0.20,subject07,session1,session1,204,0.11764705882352941,0.06372549019607843,0.45098039215686275,0.4,0.4,0.6,0.8
hyser,hyser_subject_logo,hyser_subject_logo|subject07,agency_margin_tau_0.20,subject07,session2,session2,204,0.11764705882352941,0.07352941176470588,0.4852941176470588,0.4,0.4,0.7,0.8
hyser,hyser_subject_logo,hyser_subject_logo|subject07,assist_only,subject07,session1,session1,204,0.35294117647058826,0.20588235294117646,0.4166666666666667,0.2,0.4,0.4,0.7
hyser,hyser_subject_logo,hyser_subject_logo|subject07,assist_only,subject07,session2,session2,204,0.36764705882352944,0.23039215686274508,0.4264705882352941,0.2,0.4,0.6,0.8
hyser,hyser_subject_logo,hyser_subject_logo|subject07,confidence_blend_alpha_0.25,subject07,session1,session1,204,0.08333333333333333,0.03431372549019608,0.44607843137254904,0.6,0.4,0.6,0.8
hyser,hyser_subject_logo,hyser_subject_logo|subject07,confidence_blend_alpha_0.25,subject07,session2,session2,204,0.11764705882352941,0.0784313725490196,0.5,0.6,0.4,0.8,0.9
hyser,hyser_subject_logo,hyser_subject_logo|subject07,confidence_blend_alpha_0.50,subject07,session1,session1,204,0.25,0.13725490196078433,0.46078431372549017,0.4,0.4,0.6,0.6
hyser,hyser_subject_logo,hyser_subject_logo|subject07,confidence_blend_alpha_0.50,subject07,session2,session2,204,0.23039215686274508,0.14705882352941177,0.4950980392156863,0.4,0.4,0.6,0.8
hyser,hyser_subject_logo,hyser_subject_logo|subject07,confidence_blend_alpha_0.75,subject07,session1,session1,204,0.3088235294117647,0.2107843137254902,0.47549019607843135,0.2,0.4,0.4,0.6
hyser,hyser_subject_logo,hyser_subject_logo|subject07,confidence_blend_alpha_0.75,subject07,session2,session2,204,0.35784313725490197,0.24019607843137256,0.4803921568627451,0.2,0.4,0.6,0.8
hyser,hyser_subject_logo,hyser_subject_logo|subject07,plain_conf_threshold_matched_tau_0.02,subject07,session1,session1,204,0.0,0.0,0.45588235294117646,0.8,0.4,,
hyser,hyser_subject_logo,hyser_subject_logo|subject07,plain_conf_threshold_matched_tau_0.02,subject07,session2,session2,204,0.0,0.0,0.46568627450980393,,0.4,,
hyser,hyser_subject_logo,hyser_subject_logo|subject07,plain_conf_threshold_matched_tau_0.05,subject07,session1,session1,204,0.004901960784313725,0.004901960784313725,0.45588235294117646,0.8,0.4,0.6,0.6
hyser,hyser_subject_logo,hyser_subject_logo|subject07,plain_conf_threshold_matched_tau_0.05,subject07,session2,session2,204,0.0,0.0,0.45588235294117646,0.8,0.4,,
hyser,hyser_subject_logo,hyser_subject_logo|subject07,plain_conf_threshold_matched_tau_0.10,subject07,session1,session1,204,0.014705882352941176,0.004901960784313725,0.45588235294117646,0.8,0.4,0.6,0.6
hyser,hyser_subject_logo,hyser_subject_logo|subject07,plain_conf_threshold_matched_tau_0.10,subject07,session2,session2,204,0.004901960784313725,0.004901960784313725,0.4411764705882353,0.8,0.4,1.0,1.0
hyser,hyser_subject_logo,hyser_subject_logo|subject07,plain_conf_threshold_matched_tau_0.15,subject07,session1,session1,204,0.03431372549019608,0.014705882352941176,0.45588235294117646,0.8,0.4,0.6,0.8
hyser,hyser_subject_logo,hyser_subject_logo|subject07,plain_conf_threshold_matched_tau_0.15,subject07,session2,session2,204,0.03431372549019608,0.029411764705882353,0.44607843137254904,0.8,0.4,0.8,0.7
hyser,hyser_subject_logo,hyser_subject_logo|subject07,plain_conf_threshold_matched_tau_0.20,subject07,session1,session1,204,0.05392156862745098,0.03431372549019608,0.47058823529411764,0.8,0.4,0.6,0.8
hyser,hyser_subject_logo,hyser_subject_logo|subject07,plain_conf_threshold_matched_tau_0.20,subject07,session2,session2,204,0.04411764705882353,0.0392156862745098,0.44607843137254904,0.8,0.4,0.8,0.8
hyser,hyser_subject_logo,hyser_subject_logo|subject07,selective_prediction,subject07,session1,session1,204,0.0392156862745098,0.004901960784313725,0.45588235294117646,0.8,0.4,0.7,1.0
hyser,hyser_subject_logo,hyser_subject_logo|subject07,selective_prediction,subject07,session2,session2,204,0.004901960784313725,0.0,0.46568627450980393,1.0,0.4,1.0,
hyser,hyser_subject_logo,hyser_subject_logo|subject07,set_acsa_tau_0.02,subject07,session1,session1,204,0.014705882352941176,0.00980392156862745,0.45588235294117646,0.9,0.4,1.0,1.0
hyser,hyser_subject_logo,hyser_subject_logo|subject07,set_acsa_tau_0.02,subject07,session2,session2,204,0.00980392156862745,0.0,0.46568627450980393,0.6,0.4,0.5,
hyser,hyser_subject_logo,hyser_subject_logo|subject07,set_acsa_tau_0.05,subject07,session1,session1,204,0.03431372549019608,0.014705882352941176,0.45098039215686275,0.7,0.4,0.6,1.0
hyser,hyser_subject_logo,hyser_subject_logo|subject07,set_acsa_tau_0.05,subject07,session2,session2,204,0.03431372549019608,0.00980392156862745,0.46568627450980393,0.6,0.4,0.6,0.9
hyser,hyser_subject_logo,hyser_subject_logo|subject07,set_acsa_tau_0.10,subject07,session1,session1,204,0.06862745098039216,0.0392156862745098,0.45098039215686275,0.6,0.4,0.6,0.7
hyser,hyser_subject_logo,hyser_subject_logo|subject07,set_acsa_tau_0.10,subject07,session2,session2,204,0.0784313725490196,0.04411764705882353,0.4803921568627451,0.6,0.4,0.8,1.0
hyser,hyser_subject_logo,hyser_subject_logo|subject07,set_acsa_tau_0.15,subject07,session1,session1,204,0.10294117647058823,0.049019607843137254,0.4411764705882353,0.4,0.4,0.6,0.7
hyser,hyser_subject_logo,hyser_subject_logo|subject07,set_acsa_tau_0.15,subject07,session2,session2,204,0.11274509803921569,0.07352941176470588,0.4950980392156863,0.4,0.4,0.8,0.8
hyser,hyser_subject_logo,hyser_subject_logo|subject07,set_acsa_tau_0.20,subject07,session1,session1,204,0.11764705882352941,0.06372549019607843,0.45098039215686275,0.4,0.4,0.6,0.8
hyser,hyser_subject_logo,hyser_subject_logo|subject07,set_acsa_tau_0.20,subject07,session2,session2,204,0.11764705882352941,0.07352941176470588,0.4852941176470588,0.4,0.4,0.7,0.8
hyser,hyser_subject_logo,hyser_subject_logo|subject07,user_only,subject07,session1,session1,204,0.0,0.0,0.45588235294117646,,0.4,,
hyser,hyser_subject_logo,hyser_subject_logo|subject07,user_only,subject07,session2,session2,204,0.0,0.0,0.46568627450980393,,0.4,,
hyser,hyser_subject_logo,hyser_subject_logo|subject08,agency_margin_tau_0.02,subject08,session1,session1,204,0.004901960784313725,0.004901960784313725,0.31862745098039214,0.8,0.6,1.0,1.0
hyser,hyser_subject_logo,hyser_subject_logo|subject08,agency_margin_tau_0.02,subject08,session2,session2,203,0.0049261083743842365,0.0,0.43349753694581283,0.2,0.4,0.8,
hyser,hyser_subject_logo,hyser_subject_logo|subject08,agency_margin_tau_0.05,subject08,session1,session1,204,0.0392156862745098,0.014705882352941176,0.3235294117647059,0.5,0.6,0.6,1.0
hyser,hyser_subject_logo,hyser_subject_logo|subject08,agency_margin_tau_0.05,subject08,session2,session2,203,0.034482758620689655,0.024630541871921183,0.43349753694581283,0.4,0.4,0.8,0.8
hyser,hyser_subject_logo,hyser_subject_logo|subject08,agency_margin_tau_0.10,subject08,session1,session1,204,0.0784313725490196,0.03431372549019608,0.3333333333333333,0.4,0.6,0.6,1.0
hyser,hyser_subject_logo,hyser_subject_logo|subject08,agency_margin_tau_0.10,subject08,session2,session2,203,0.11822660098522167,0.07389162561576355,0.45320197044334976,0.2,0.4,0.6,0.4
hyser,hyser_subject_logo,hyser_subject_logo|subject08,agency_margin_tau_0.15,subject08,session1,session1,204,0.11274509803921569,0.058823529411764705,0.3480392156862745,0.5,0.6,0.6,1.0
hyser,hyser_subject_logo,hyser_subject_logo|subject08,agency_margin_tau_0.15,subject08,session2,session2,203,0.1477832512315271,0.07881773399014778,0.45320197044334976,0.2,0.4,0.4,0.2
hyser,hyser_subject_logo,hyser_subject_logo|subject08,agency_margin_tau_0.20,subject08,session1,session1,204,0.14215686274509803,0.06372549019607843,0.3480392156862745,0.6,0.6,0.6,1.0
hyser,hyser_subject_logo,hyser_subject_logo|subject08,agency_margin_tau_0.20,subject08,session2,session2,203,0.1625615763546798,0.08866995073891626,0.4630541871921182,0.2,0.4,0.4,0.30000000000000004
hyser,hyser_subject_logo,hyser_subject_logo|subject08,assist_only,subject08,session1,session1,204,0.44607843137254904,0.2549019607843137,0.29411764705882354,0.2,0.5,0.6,0.7
hyser,hyser_subject_logo,hyser_subject_logo|subject08,assist_only,subject08,session2,session2,203,0.39408866995073893,0.2315270935960591,0.4187192118226601,0.2,0.4,0.4,0.6
hyser,hyser_subject_logo,hyser_subject_logo|subject08,confidence_blend_alpha_0.25,subject08,session1,session1,204,0.10294117647058823,0.05392156862745098,0.3333333333333333,0.6,0.6,0.6,0.8
hyser,hyser_subject_logo,hyser_subject_logo|subject08,confidence_blend_alpha_0.25,subject08,session2,session2,203,0.15270935960591134,0.10837438423645321,0.4630541871921182,0.4,0.4,0.6,0.6
hyser,hyser_subject_logo,hyser_subject_logo|subject08,confidence_blend_alpha_0.50,subject08,session1,session1,204,0.22549019607843138,0.12745098039215685,0.35784313725490197,0.4,0.6,0.6,0.8
hyser,hyser_subject_logo,hyser_subject_logo|subject08,confidence_blend_alpha_0.50,subject08,session2,session2,203,0.2512315270935961,0.15763546798029557,0.47783251231527096,0.2,0.4,0.4,0.6
hyser,hyser_subject_logo,hyser_subject_logo|subject08,confidence_blend_alpha_0.75,subject08,session1,session1,204,0.37745098039215685,0.22058823529411764,0.3382352941176471,0.2,0.6,0.6,0.8
hyser,hyser_subject_logo,hyser_subject_logo|subject08,confidence_blend_alpha_0.75,subject08,session2,session2,203,0.3448275862068966,0.22167487684729065,0.43842364532019706,0.2,0.4,0.4,0.6
hyser,hyser_subject_logo,hyser_subject_logo|subject08,plain_conf_threshold_matched_tau_0.02,subject08,session1,session1,204,0.0,0.0,0.3137254901960784,,0.6,,
hyser,hyser_subject_logo,hyser_subject_logo|subject08,plain_conf_threshold_matched_tau_0.02,subject08,session2,session2,203,0.0,0.0,0.458128078817734,0.8,0.4,,
hyser,hyser_subject_logo,hyser_subject_logo|subject08,plain_conf_threshold_matched_tau_0.05,subject08,session1,session1,204,0.004901960784313725,0.004901960784313725,0.31862745098039214,0.6,0.6,1.0,1.0
hyser,hyser_subject_logo,hyser_subject_logo|subject08,plain_conf_threshold_matched_tau_0.05,subject08,session2,session2,203,0.0049261083743842365,0.0049261083743842365,0.458128078817734,0.8,0.4,0.8,0.8
hyser,hyser_subject_logo,hyser_subject_logo|subject08,plain_conf_threshold_matched_tau_0.10,subject08,session1,session1,204,0.004901960784313725,0.004901960784313725,0.3235294117647059,0.6,0.6,1.0,1.0
hyser,hyser_subject_logo,hyser_subject_logo|subject08,plain_conf_threshold_matched_tau_0.10,subject08,session2,session2,203,0.034482758620689655,0.034482758620689655,0.4630541871921182,0.8,0.4,0.8,0.8
hyser,hyser_subject_logo,hyser_subject_logo|subject08,plain_conf_threshold_matched_tau_0.15,subject08,session1,session1,204,0.00980392156862745,0.00980392156862745,0.3137254901960784,0.8,0.6,1.0,1.0
hyser,hyser_subject_logo,hyser_subject_logo|subject08,plain_conf_threshold_matched_tau_0.15,subject08,session2,session2,203,0.04433497536945813,0.04433497536945813,0.458128078817734,0.6,0.4,0.6,0.6
hyser,hyser_subject_logo,hyser_subject_logo|subject08,plain_conf_threshold_matched_tau_0.20,subject08,session1,session1,204,0.0196078431372549,0.0196078431372549,0.31862745098039214,0.6,0.6,1.0,1.0
hyser,hyser_subject_logo,hyser_subject_logo|subject08,plain_conf_threshold_matched_tau_0.20,subject08,session2,session2,203,0.059113300492610835,0.059113300492610835,0.4630541871921182,0.6,0.4,0.6,0.6
hyser,hyser_subject_logo,hyser_subject_logo|subject08,selective_prediction,subject08,session1,session1,204,0.024509803921568627,0.0,0.3137254901960784,0.6,0.6,0.6,
hyser,hyser_subject_logo,hyser_subject_logo|subject08,selective_prediction,subject08,session2,session2,203,0.04433497536945813,0.019704433497536946,0.458128078817734,0.7,0.4,0.8,0.9
hyser,hyser_subject_logo,hyser_subject_logo|subject08,set_acsa_tau_0.02,subject08,session1,session1,204,0.004901960784313725,0.004901960784313725,0.31862745098039214,0.9,0.6,1.0,1.0
hyser,hyser_subject_logo,hyser_subject_logo|subject08,set_acsa_tau_0.02,subject08,session2,session2,203,0.0049261083743842365,0.0,0.43349753694581283,0.2,0.4,0.8,
hyser,hyser_subject_logo,hyser_subject_logo|subject08,set_acsa_tau_0.05,subject08,session1,session1,204,0.0392156862745098,0.014705882352941176,0.3235294117647059,0.4,0.6,0.6,1.0
hyser,hyser_subject_logo,hyser_subject_logo|subject08,set_acsa_tau_0.05,subject08,session2,session2,203,0.029556650246305417,0.019704433497536946,0.43349753694581283,0.4,0.4,0.8,0.8
hyser,hyser_subject_logo,hyser_subject_logo|subject08,set_acsa_tau_0.10,subject08,session1,session1,204,0.06862745098039216,0.029411764705882353,0.3284313725490196,0.4,0.6,0.6,1.0
hyser,hyser_subject_logo,hyser_subject_logo|subject08,set_acsa_tau_0.10,subject08,session2,session2,203,0.11330049261083744,0.06896551724137931,0.45320197044334976,0.2,0.4,0.6,0.4
hyser,hyser_subject_logo,hyser_subject_logo|subject08,set_acsa_tau_0.15,subject08,session1,session1,204,0.10784313725490197,0.05392156862745098,0.3431372549019608,0.4,0.6,0.6,1.0
hyser,hyser_subject_logo,hyser_subject_logo|subject08,set_acsa_tau_0.15,subject08,session2,session2,203,0.1477832512315271,0.07881773399014778,0.45320197044334976,0.2,0.4,0.4,0.2
hyser,hyser_subject_logo,hyser_subject_logo|subject08,set_acsa_tau_0.20,subject08,session1,session1,204,0.14215686274509803,0.058823529411764705,0.3431372549019608,0.6,0.6,0.6,1.0
hyser,hyser_subject_logo,hyser_subject_logo|subject08,set_acsa_tau_0.20,subject08,session2,session2,203,0.1625615763546798,0.08866995073891626,0.4630541871921182,0.2,0.4,0.4,0.30000000000000004
hyser,hyser_subject_logo,hyser_subject_logo|subject08,user_only,subject08,session1,session1,204,0.0,0.0,0.3137254901960784,,0.6,,
hyser,hyser_subject_logo,hyser_subject_logo|subject08,user_only,subject08,session2,session2,203,0.0,0.0,0.4433497536945813,,0.4,,
hyser,hyser_subject_logo,hyser_subject_logo|subject09,agency_margin_tau_0.02,subject09,session1,session1,204,0.029411764705882353,0.0196078431372549,0.4166666666666667,0.6,0.4,0.9,1.0
hyser,hyser_subject_logo,hyser_subject_logo|subject09,agency_margin_tau_0.02,subject09,session2,session2,204,0.029411764705882353,0.0196078431372549,0.3431372549019608,0.6,0.6,0.8,0.9
hyser,hyser_subject_logo,hyser_subject_logo|subject09,agency_margin_tau_0.05,subject09,session1,session1,204,0.06372549019607843,0.0392156862745098,0.4215686274509804,0.4,0.4,0.8,1.0
hyser,hyser_subject_logo,hyser_subject_logo|subject09,agency_margin_tau_0.05,subject09,session2,session2,204,0.08823529411764706,0.049019607843137254,0.3480392156862745,0.6,0.6,0.7,0.7
hyser,hyser_subject_logo,hyser_subject_logo|subject09,agency_margin_tau_0.10,subject09,session1,session1,204,0.11274509803921569,0.06372549019607843,0.4362745098039216,0.2,0.4,0.8,1.0
hyser,hyser_subject_logo,hyser_subject_logo|subject09,agency_margin_tau_0.10,subject09,session2,session2,204,0.16176470588235295,0.08823529411764706,0.36764705882352944,0.6,0.6,0.8,0.9
hyser,hyser_subject_logo,hyser_subject_logo|subject09,agency_margin_tau_0.15,subject09,session1,session1,204,0.1323529411764706,0.08333333333333333,0.4264705882352941,0.2,0.4,0.6,0.8
hyser,hyser_subject_logo,hyser_subject_logo|subject09,agency_margin_tau_0.15,subject09,session2,session2,204,0.23039215686274508,0.16666666666666666,0.4068627450980392,0.6,0.6,0.6,0.9
hyser,hyser_subject_logo,hyser_subject_logo|subject09,agency_margin_tau_0.20,subject09,session1,session1,204,0.14215686274509803,0.09313725490196079,0.4264705882352941,0.2,0.4,0.6,0.8
hyser,hyser_subject_logo,hyser_subject_logo|subject09,agency_margin_tau_0.20,subject09,session2,session2,204,0.24019607843137256,0.19117647058823528,0.4264705882352941,0.6,0.6,0.6,0.8
hyser,hyser_subject_logo,hyser_subject_logo|subject09,assist_only,subject09,session1,session1,204,0.3284313725490196,0.19117647058823528,0.3480392156862745,0.2,0.4,0.4,0.4
hyser,hyser_subject_logo,hyser_subject_logo|subject09,assist_only,subject09,session2,session2,204,0.39705882352941174,0.27450980392156865,0.35294117647058826,0.2,0.4,0.6,0.6
hyser,hyser_subject_logo,hyser_subject_logo|subject09,confidence_blend_alpha_0.25,subject09,session1,session1,204,0.14215686274509803,0.10784313725490197,0.43137254901960786,0.6,0.4,0.8,0.8
hyser,hyser_subject_logo,hyser_subject_logo|subject09,confidence_blend_alpha_0.25,subject09,session2,session2,204,0.23529411764705882,0.16176470588235295,0.4117647058823529,0.6,0.6,0.8,1.0
hyser,hyser_subject_logo,hyser_subject_logo|subject09,confidence_blend_alpha_0.50,subject09,session1,session1,204,0.18627450980392157,0.13725490196078433,0.4068627450980392,0.4,0.4,0.5,0.8
hyser,hyser_subject_logo,hyser_subject_logo|subject09,confidence_blend_alpha_0.50,subject09,session2,session2,204,0.30392156862745096,0.2647058823529412,0.44607843137254904,0.4,0.6,0.6,0.6
hyser,hyser_subject_logo,hyser_subject_logo|subject09,confidence_blend_alpha_0.75,subject09,session1,session1,204,0.2647058823529412,0.16666666666666666,0.37745098039215685,0.2,0.4,0.4,0.6
hyser,hyser_subject_logo,hyser_subject_logo|subject09,confidence_blend_alpha_0.75,subject09,session2,session2,204,0.3627450980392157,0.3088235294117647,0.39705882352941174,0.2,0.4,0.6,0.6
hyser,hyser_subject_logo,hyser_subject_logo|subject09,plain_conf_threshold_matched_tau_0.02,subject09,session1,session1,204,0.0,0.0,0.4215686274509804,1.0,0.4,,
hyser,hyser_subject_logo,hyser_subject_logo|subject09,plain_conf_threshold_matched_tau_0.02,subject09,session2,session2,204,0.004901960784313725,0.004901960784313725,0.3333333333333333,0.8,0.6,0.6,0.6
hyser,hyser_subject_logo,hyser_subject_logo|subject09,plain_conf_threshold_matched_tau_0.05,subject09,session1,session1,204,0.014705882352941176,0.00980392156862745,0.4166666666666667,0.8,0.4,1.0,1.0
hyser,hyser_subject_logo,hyser_subject_logo|subject09,plain_conf_threshold_matched_tau_0.05,subject09,session2,session2,204,0.014705882352941176,0.00980392156862745,0.35294117647058826,0.6,0.6,0.6,0.8
hyser,hyser_subject_logo,hyser_subject_logo|subject09,plain_conf_threshold_matched_tau_0.10,subject09,session1,session1,204,0.03431372549019608,0.029411764705882353,0.4117647058823529,0.8,0.4,1.0,1.0
hyser,hyser_subject_logo,hyser_subject_logo|subject09,plain_conf_threshold_matched_tau_0.10,subject09,session2,session2,204,0.049019607843137254,0.03431372549019608,0.35784313725490197,0.6,0.6,0.7,0.8
hyser,hyser_subject_logo,hyser_subject_logo|subject09,plain_conf_threshold_matched_tau_0.15,subject09,session1,session1,204,0.058823529411764705,0.04411764705882353,0.4068627450980392,0.8,0.4,0.8,1.0
hyser,hyser_subject_logo,hyser_subject_logo|subject09,plain_conf_threshold_matched_tau_0.15,subject09,session2,session2,204,0.10294117647058823,0.08333333333333333,0.3480392156862745,0.6,0.6,0.6,0.8
hyser,hyser_subject_logo,hyser_subject_logo|subject09,plain_conf_threshold_matched_tau_0.20,subject09,session1,session1,204,0.07352941176470588,0.06372549019607843,0.4019607843137255,0.8,0.4,0.8,0.8
hyser,hyser_subject_logo,hyser_subject_logo|subject09,plain_conf_threshold_matched_tau_0.20,subject09,session2,session2,204,0.12254901960784313,0.09803921568627451,0.3480392156862745,0.6,0.6,0.6,0.8
hyser,hyser_subject_logo,hyser_subject_logo|subject09,selective_prediction,subject09,session1,session1,204,0.04411764705882353,0.024509803921568627,0.4264705882352941,0.8,0.4,0.8,1.0
hyser,hyser_subject_logo,hyser_subject_logo|subject09,selective_prediction,subject09,session2,session2,204,0.11274509803921569,0.029411764705882353,0.3333333333333333,0.6,0.6,0.6,0.8
hyser,hyser_subject_logo,hyser_subject_logo|subject09,set_acsa_tau_0.02,subject09,session1,session1,204,0.0196078431372549,0.014705882352941176,0.4117647058823529,0.6,0.4,0.9,1.0
hyser,hyser_subject_logo,hyser_subject_logo|subject09,set_acsa_tau_0.02,subject09,session2,session2,204,0.029411764705882353,0.0196078431372549,0.3431372549019608,0.6,0.6,0.8,0.9
hyser,hyser_subject_logo,hyser_subject_logo|subject09,set_acsa_tau_0.05,subject09,session1,session1,204,0.05392156862745098,0.03431372549019608,0.4166666666666667,0.4,0.4,0.8,1.0
hyser,hyser_subject_logo,hyser_subject_logo|subject09,set_acsa_tau_0.05,subject09,session2,session2,204,0.08823529411764706,0.04411764705882353,0.3431372549019608,0.6,0.6,0.7,0.8
hyser,hyser_subject_logo,hyser_subject_logo|subject09,set_acsa_tau_0.10,subject09,session1,session1,204,0.10294117647058823,0.05392156862745098,0.4264705882352941,0.2,0.4,0.6,1.0
hyser,hyser_subject_logo,hyser_subject_logo|subject09,set_acsa_tau_0.10,subject09,session2,session2,204,0.16176470588235295,0.08333333333333333,0.3627450980392157,0.6,0.6,0.8,1.0
hyser,hyser_subject_logo,hyser_subject_logo|subject09,set_acsa_tau_0.15,subject09,session1,session1,204,0.1323529411764706,0.08333333333333333,0.4264705882352941,0.2,0.4,0.6,0.8
hyser,hyser_subject_logo,hyser_subject_logo|subject09,set_acsa_tau_0.15,subject09,session2,session2,204,0.22549019607843138,0.1568627450980392,0.4019607843137255,0.6,0.6,0.6,1.0
hyser,hyser_subject_logo,hyser_subject_logo|subject09,set_acsa_tau_0.20,subject09,session1,session1,204,0.14215686274509803,0.09313725490196079,0.4264705882352941,0.2,0.4,0.6,0.8
hyser,hyser_subject_logo,hyser_subject_logo|subject09,set_acsa_tau_0.20,subject09,session2,session2,204,0.24019607843137256,0.18627450980392157,0.4215686274509804,0.6,0.6,0.6,0.8
hyser,hyser_subject_logo,hyser_subject_logo|subject09,user_only,subject09,session1,session1,204,0.0,0.0,0.4068627450980392,,0.4,,
hyser,hyser_subject_logo,hyser_subject_logo|subject09,user_only,subject09,session2,session2,204,0.0,0.0,0.3333333333333333,,0.6,,
hyser,hyser_subject_logo,hyser_subject_logo|subject10,agency_margin_tau_0.02,subject10,session1,session1,203,0.0049261083743842365,0.0049261083743842365,0.6305418719211823,0.7,0.6,1.0,1.0
hyser,hyser_subject_logo,hyser_subject_logo|subject10,agency_margin_tau_0.02,subject10,session2,session2,200,0.015,0.005,0.555,0.4,0.4,0.4,0.4
hyser,hyser_subject_logo,hyser_subject_logo|subject10,agency_margin_tau_0.05,subject10,session1,session1,203,0.019704433497536946,0.014778325123152709,0.6354679802955665,0.8,0.6,1.0,1.0
hyser,hyser_subject_logo,hyser_subject_logo|subject10,agency_margin_tau_0.05,subject10,session2,session2,200,0.035,0.015,0.55,0.4,0.4,0.4,0.4
hyser,hyser_subject_logo,hyser_subject_logo|subject10,agency_margin_tau_0.10,subject10,session1,session1,203,0.04926108374384237,0.034482758620689655,0.6354679802955665,0.4,0.6,0.5,1.0
hyser,hyser_subject_logo,hyser_subject_logo|subject10,agency_margin_tau_0.10,subject10,session2,session2,200,0.06,0.025,0.55,0.4,0.4,0.30000000000000004,0.6
hyser,hyser_subject_logo,hyser_subject_logo|subject10,agency_margin_tau_0.15,subject10,session1,session1,203,0.059113300492610835,0.04926108374384237,0.6403940886699507,0.4,0.6,0.6,1.0
hyser,hyser_subject_logo,hyser_subject_logo|subject10,agency_margin_tau_0.15,subject10,session2,session2,200,0.065,0.03,0.555,0.4,0.4,0.4,0.7
hyser,hyser_subject_logo,hyser_subject_logo|subject10,agency_margin_tau_0.20,subject10,session1,session1,203,0.08866995073891626,0.06896551724137931,0.6403940886699507,0.4,0.6,0.6,0.8
hyser,hyser_subject_logo,hyser_subject_logo|subject10,agency_margin_tau_0.20,subject10,session2,session2,200,0.08,0.04,0.55,0.4,0.4,0.30000000000000004,0.5
hyser,hyser_subject_logo,hyser_subject_logo|subject10,assist_only,subject10,session1,session1,203,0.35467980295566504,0.22167487684729065,0.5665024630541872,0.2,0.4,0.4,0.4
hyser,hyser_subject_logo,hyser_subject_logo|subject10,assist_only,subject10,session2,session2,200,0.235,0.115,0.335,0.2,0.4,0.2,0.4
hyser,hyser_subject_logo,hyser_subject_logo|subject10,confidence_blend_alpha_0.25,subject10,session1,session1,203,0.04926108374384237,0.03940886699507389,0.6403940886699507,0.6,0.6,0.8,0.9
hyser,hyser_subject_logo,hyser_subject_logo|subject10,confidence_blend_alpha_0.25,subject10,session2,session2,200,0.06,0.04,0.555,0.4,0.4,0.6,0.7
hyser,hyser_subject_logo,hyser_subject_logo|subject10,confidence_blend_alpha_0.50,subject10,session1,session1,203,0.21182266009852216,0.15763546798029557,0.6502463054187192,0.4,0.4,0.6,0.6
hyser,hyser_subject_logo,hyser_subject_logo|subject10,confidence_blend_alpha_0.50,subject10,session2,session2,200,0.125,0.09,0.525,0.4,0.4,0.2,0.5
hyser,hyser_subject_logo,hyser_subject_logo|subject10,confidence_blend_alpha_0.75,subject10,session1,session1,203,0.2955665024630542,0.20689655172413793,0.6157635467980296,0.2,0.4,0.4,0.4
hyser,hyser_subject_logo,hyser_subject_logo|subject10,confidence_blend_alpha_0.75,subject10,session2,session2,200,0.185,0.12,0.445,0.2,0.4,0.2,0.30000000000000004
hyser,hyser_subject_logo,hyser_subject_logo|subject10,plain_conf_threshold_matched_tau_0.02,subject10,session1,session1,203,0.0,0.0,0.6305418719211823,,0.6,,
hyser,hyser_subject_logo,hyser_subject_logo|subject10,plain_conf_threshold_matched_tau_0.02,subject10,session2,session2,200,0.0,0.0,0.555,,0.4,,
hyser,hyser_subject_logo,hyser_subject_logo|subject10,plain_conf_threshold_matched_tau_0.05,subject10,session1,session1,203,0.0,0.0,0.6206896551724138,0.8,0.6,,
hyser,hyser_subject_logo,hyser_subject_logo|subject10,plain_conf_threshold_matched_tau_0.05,subject10,session2,session2,200,0.0,0.0,0.555,0.8,0.4,,
hyser,hyser_subject_logo,hyser_subject_logo|subject10,plain_conf_threshold_matched_tau_0.10,subject10,session1,session1,203,0.0,0.0,0.6206896551724138,0.6,0.4,,
hyser,hyser_subject_logo,hyser_subject_logo|subject10,plain_conf_threshold_matched_tau_0.10,subject10,session2,session2,200,0.015,0.015,0.56,0.8,0.4,0.8,0.8
hyser,hyser_subject_logo,hyser_subject_logo|subject10,plain_conf_threshold_matched_tau_0.15,subject10,session1,session1,203,0.0,0.0,0.6157635467980296,0.6,0.4,,
hyser,hyser_subject_logo,hyser_subject_logo|subject10,plain_conf_threshold_matched_tau_0.15,subject10,session2,session2,200,0.02,0.02,0.555,0.8,0.4,0.8,0.8
hyser,hyser_subject_logo,hyser_subject_logo|subject10,plain_conf_threshold_matched_tau_0.20,subject10,session1,session1,203,0.019704433497536946,0.014778325123152709,0.6059113300492611,0.6,0.4,0.6,0.6
hyser,hyser_subject_logo,hyser_subject_logo|subject10,plain_conf_threshold_matched_tau_0.20,subject10,session2,session2,200,0.02,0.02,0.55,0.8,0.4,0.8,0.8
hyser,hyser_subject_logo,hyser_subject_logo|subject10,selective_prediction,subject10,session1,session1,203,0.0049261083743842365,0.0,0.6305418719211823,0.7,0.5,0.4,
hyser,hyser_subject_logo,hyser_subject_logo|subject10,selective_prediction,subject10,session2,session2,200,0.01,0.0,0.555,0.8,0.4,0.9,
hyser,hyser_subject_logo,hyser_subject_logo|subject10,set_acsa_tau_0.02,subject10,session1,session1,203,0.0049261083743842365,0.0049261083743842365,0.6305418719211823,0.7,0.6,1.0,1.0
hyser,hyser_subject_logo,hyser_subject_logo|subject10,set_acsa_tau_0.02,subject10,session2,session2,200,0.01,0.0,0.555,0.4,0.4,0.5,
hyser,hyser_subject_logo,hyser_subject_logo|subject10,set_acsa_tau_0.05,subject10,session1,session1,203,0.019704433497536946,0.014778325123152709,0.6354679802955665,0.8,0.6,1.0,1.0
hyser,hyser_subject_logo,hyser_subject_logo|subject10,set_acsa_tau_0.05,subject10,session2,session2,200,0.03,0.01,0.55,0.5,0.4,0.4,0.5
hyser,hyser_subject_logo,hyser_subject_logo|subject10,set_acsa_tau_0.10,subject10,session1,session1,203,0.04926108374384237,0.034482758620689655,0.6354679802955665,0.4,0.6,0.5,1.0
hyser,hyser_subject_logo,hyser_subject_logo|subject10,set_acsa_tau_0.10,subject10,session2,session2,200,0.055,0.02,0.55,0.4,0.4,0.2,0.7
hyser,hyser_subject_logo,hyser_subject_logo|subject10,set_acsa_tau_0.15,subject10,session1,session1,203,0.059113300492610835,0.04926108374384237,0.6403940886699507,0.4,0.6,0.6,1.0
hyser,hyser_subject_logo,hyser_subject_logo|subject10,set_acsa_tau_0.15,subject10,session2,session2,200,0.06,0.025,0.555,0.4,0.4,0.4,0.8
hyser,hyser_subject_logo,hyser_subject_logo|subject10,set_acsa_tau_0.20,subject10,session1,session1,203,0.08866995073891626,0.06896551724137931,0.6403940886699507,0.4,0.6,0.6,0.8
hyser,hyser_subject_logo,hyser_subject_logo|subject10,set_acsa_tau_0.20,subject10,session2,session2,200,0.075,0.035,0.55,0.4,0.4,0.2,0.6
hyser,hyser_subject_logo,hyser_subject_logo|subject10,user_only,subject10,session1,session1,203,0.0,0.0,0.6305418719211823,,0.6,,
hyser,hyser_subject_logo,hyser_subject_logo|subject10,user_only,subject10,session2,session2,200,0.0,0.0,0.555,,0.4,,
hyser,hyser_subject_logo,hyser_subject_logo|subject11,agency_margin_tau_0.02,subject11,session1,session1,195,0.041025641025641026,0.020512820512820513,0.37435897435897436,0.6,0.4,0.6,0.7
hyser,hyser_subject_logo,hyser_subject_logo|subject11,agency_margin_tau_0.02,subject11,session2,session2,203,0.014778325123152709,0.0049261083743842365,0.458128078817734,0.5,0.4,0.6,0.6
hyser,hyser_subject_logo,hyser_subject_logo|subject11,agency_margin_tau_0.05,subject11,session1,session1,195,0.08205128205128205,0.046153846153846156,0.37435897435897436,0.6,0.4,0.6,0.8
hyser,hyser_subject_logo,hyser_subject_logo|subject11,agency_margin_tau_0.05,subject11,session2,session2,203,0.054187192118226604,0.024630541871921183,0.46798029556650245,0.6,0.4,0.8,1.0
hyser,hyser_subject_logo,hyser_subject_logo|subject11,agency_margin_tau_0.10,subject11,session1,session1,195,0.12307692307692308,0.07179487179487179,0.38974358974358975,0.6,0.4,0.6,0.7
hyser,hyser_subject_logo,hyser_subject_logo|subject11,agency_margin_tau_0.10,subject11,session2,session2,203,0.09852216748768473,0.04926108374384237,0.47783251231527096,0.6,0.4,0.8,0.9
hyser,hyser_subject_logo,hyser_subject_logo|subject11,agency_margin_tau_0.15,subject11,session1,session1,195,0.17435897435897435,0.08717948717948718,0.37948717948717947,0.4,0.4,0.6,0.6
hyser,hyser_subject_logo,hyser_subject_logo|subject11,agency_margin_tau_0.15,subject11,session2,session2,203,0.12807881773399016,0.06896551724137931,0.4876847290640394,0.6,0.4,0.8,0.9
hyser,hyser_subject_logo,hyser_subject_logo|subject11,agency_margin_tau_0.20,subject11,session1,session1,195,0.2,0.10256410256410256,0.38461538461538464,0.6,0.4,0.6,0.6
hyser,hyser_subject_logo,hyser_subject_logo|subject11,agency_margin_tau_0.20,subject11,session2,session2,203,0.14285714285714285,0.08866995073891626,0.5073891625615764,0.6,0.4,0.8,0.8
hyser,hyser_subject_logo,hyser_subject_logo|subject11,assist_only,subject11,session1,session1,195,0.517948717948718,0.24615384615384617,0.3333333333333333,0.2,0.4,0.4,0.6
hyser,hyser_subject_logo,hyser_subject_logo|subject11,assist_only,subject11,session2,session2,203,0.4236453201970443,0.24630541871921183,0.42857142857142855,0.2,0.4,0.4,0.6
hyser,hyser_subject_logo,hyser_subject_logo|subject11,confidence_blend_alpha_0.25,subject11,session1,session1,195,0.15384615384615385,0.09743589743589744,0.38974358974358975,0.6,0.4,0.6,0.8
hyser,hyser_subject_logo,hyser_subject_logo|subject11,confidence_blend_alpha_0.25,subject11,session2,session2,203,0.13793103448275862,0.059113300492610835,0.458128078817734,0.6,0.4,0.6,0.8
hyser,hyser_subject_logo,hyser_subject_logo|subject11,confidence_blend_alpha_0.50,subject11,session1,session1,195,0.3435897435897436,0.19487179487179487,0.4205128205128205,0.4,0.4,0.4,0.6
hyser,hyser_subject_logo,hyser_subject_logo|subject11,confidence_blend_alpha_0.50,subject11,session2,session2,203,0.26108374384236455,0.15763546798029557,0.5221674876847291,0.4,0.4,0.6,0.8
hyser,hyser_subject_logo,hyser_subject_logo|subject11,confidence_blend_alpha_0.75,subject11,session1,session1,195,0.4461538461538462,0.2358974358974359,0.37948717948717947,0.2,0.4,0.4,0.6
hyser,hyser_subject_logo,hyser_subject_logo|subject11,confidence_blend_alpha_0.75,subject11,session2,session2,203,0.35960591133004927,0.23645320197044334,0.5123152709359606,0.2,0.4,0.4,0.6
hyser,hyser_subject_logo,hyser_subject_logo|subject11,plain_conf_threshold_matched_tau_0.02,subject11,session1,session1,195,0.0,0.0,0.38461538461538464,1.0,0.4,,
hyser,hyser_subject_logo,hyser_subject_logo|subject11,plain_conf_threshold_matched_tau_0.02,subject11,session2,session2,203,0.0,0.0,0.4630541871921182,0.8,0.4,,
hyser,hyser_subject_logo,hyser_subject_logo|subject11,plain_conf_threshold_matched_tau_0.05,subject11,session1,session1,195,0.015384615384615385,0.010256410256410256,0.37435897435897436,1.0,0.4,1.0,1.0
hyser,hyser_subject_logo,hyser_subject_logo|subject11,plain_conf_threshold_matched_tau_0.05,subject11,session2,session2,203,0.0,0.0,0.4630541871921182,0.8,0.4,,
hyser,hyser_subject_logo,hyser_subject_logo|subject11,plain_conf_threshold_matched_tau_0.10,subject11,session1,session1,195,0.035897435897435895,0.03076923076923077,0.39487179487179486,0.8,0.4,1.0,1.0
hyser,hyser_subject_logo,hyser_subject_logo|subject11,plain_conf_threshold_matched_tau_0.10,subject11,session2,session2,203,0.009852216748768473,0.009852216748768473,0.4630541871921182,0.8,0.4,0.8,0.8
hyser,hyser_subject_logo,hyser_subject_logo|subject11,plain_conf_threshold_matched_tau_0.15,subject11,session1,session1,195,0.05128205128205128,0.041025641025641026,0.38461538461538464,0.8,0.4,0.8,0.8
hyser,hyser_subject_logo,hyser_subject_logo|subject11,plain_conf_threshold_matched_tau_0.15,subject11,session2,session2,203,0.024630541871921183,0.024630541871921183,0.4827586206896552,0.8,0.4,0.8,0.8
hyser,hyser_subject_logo,hyser_subject_logo|subject11,plain_conf_threshold_matched_tau_0.20,subject11,session1,session1,195,0.06153846153846154,0.041025641025641026,0.37435897435897436,0.8,0.4,0.6,0.6
hyser,hyser_subject_logo,hyser_subject_logo|subject11,plain_conf_threshold_matched_tau_0.20,subject11,session2,session2,203,0.04926108374384237,0.034482758620689655,0.4827586206896552,0.6,0.4,0.7,0.8
hyser,hyser_subject_logo,hyser_subject_logo|subject11,selective_prediction,subject11,session1,session1,195,0.02564102564102564,0.010256410256410256,0.38461538461538464,0.8,0.4,0.8,1.0
hyser,hyser_subject_logo,hyser_subject_logo|subject11,selective_prediction,subject11,session2,session2,203,0.019704433497536946,0.014778325123152709,0.4630541871921182,0.8,0.4,0.8,0.8
hyser,hyser_subject_logo,hyser_subject_logo|subject11,set_acsa_tau_0.02,subject11,session1,session1,195,0.041025641025641026,0.020512820512820513,0.37435897435897436,0.6,0.4,0.6,0.7
hyser,hyser_subject_logo,hyser_subject_logo|subject11,set_acsa_tau_0.02,subject11,session2,session2,203,0.014778325123152709,0.0049261083743842365,0.458128078817734,0.5,0.4,0.6,0.6
hyser,hyser_subject_logo,hyser_subject_logo|subject11,set_acsa_tau_0.05,subject11,session1,session1,195,0.08205128205128205,0.046153846153846156,0.37435897435897436,0.6,0.4,0.6,0.8
hyser,hyser_subject_logo,hyser_subject_logo|subject11,set_acsa_tau_0.05,subject11,session2,session2,203,0.054187192118226604,0.024630541871921183,0.46798029556650245,0.6,0.4,0.8,1.0
hyser,hyser_subject_logo,hyser_subject_logo|subject11,set_acsa_tau_0.10,subject11,session1,session1,195,0.12307692307692308,0.07179487179487179,0.38974358974358975,0.6,0.4,0.6,0.7
hyser,hyser_subject_logo,hyser_subject_logo|subject11,set_acsa_tau_0.10,subject11,session2,session2,203,0.09852216748768473,0.04926108374384237,0.47783251231527096,0.6,0.4,0.8,0.9
hyser,hyser_subject_logo,hyser_subject_logo|subject11,set_acsa_tau_0.15,subject11,session1,session1,195,0.16923076923076924,0.08205128205128205,0.37435897435897436,0.4,0.4,0.6,0.6
hyser,hyser_subject_logo,hyser_subject_logo|subject11,set_acsa_tau_0.15,subject11,session2,session2,203,0.12807881773399016,0.06896551724137931,0.4876847290640394,0.6,0.4,0.8,0.9
hyser,hyser_subject_logo,hyser_subject_logo|subject11,set_acsa_tau_0.20,subject11,session1,session1,195,0.19487179487179487,0.09743589743589744,0.37948717948717947,0.6,0.4,0.6,0.6
hyser,hyser_subject_logo,hyser_subject_logo|subject11,set_acsa_tau_0.20,subject11,session2,session2,203,0.14285714285714285,0.08866995073891626,0.5073891625615764,0.6,0.4,0.8,0.8
hyser,hyser_subject_logo,hyser_subject_logo|subject11,user_only,subject11,session1,session1,195,0.0,0.0,0.37435897435897436,,0.4,,
hyser,hyser_subject_logo,hyser_subject_logo|subject11,user_only,subject11,session2,session2,203,0.0,0.0,0.458128078817734,,0.4,,
hyser,hyser_subject_logo,hyser_subject_logo|subject12,agency_margin_tau_0.02,subject12,session1,session1,202,0.009900990099009901,0.0049504950495049506,0.4801980198019802,0.4,0.6,0.7,1.0
hyser,hyser_subject_logo,hyser_subject_logo|subject12,agency_margin_tau_0.02,subject12,session2,session2,203,0.034482758620689655,0.014778325123152709,0.46798029556650245,0.6,0.6,0.6,1.0
hyser,hyser_subject_logo,hyser_subject_logo|subject12,agency_margin_tau_0.05,subject12,session1,session1,202,0.024752475247524754,0.01485148514851485,0.4801980198019802,0.4,0.6,0.4,0.8
hyser,hyser_subject_logo,hyser_subject_logo|subject12,agency_margin_tau_0.05,subject12,session2,session2,203,0.054187192118226604,0.029556650246305417,0.46798029556650245,0.6,0.6,0.6,0.8
hyser,hyser_subject_logo,hyser_subject_logo|subject12,agency_margin_tau_0.10,subject12,session1,session1,202,0.04455445544554455,0.0297029702970297,0.49504950495049505,0.4,0.6,0.8,1.0
hyser,hyser_subject_logo,hyser_subject_logo|subject12,agency_margin_tau_0.10,subject12,session2,session2,203,0.07389162561576355,0.04926108374384237,0.4729064039408867,0.4,0.6,0.8,0.8
hyser,hyser_subject_logo,hyser_subject_logo|subject12,agency_margin_tau_0.15,subject12,session1,session1,202,0.08415841584158416,0.04455445544554455,0.5,0.4,0.6,0.6,1.0
hyser,hyser_subject_logo,hyser_subject_logo|subject12,agency_margin_tau_0.15,subject12,session2,session2,203,0.09852216748768473,0.06896551724137931,0.4827586206896552,0.4,0.6,0.7,0.8
hyser,hyser_subject_logo,hyser_subject_logo|subject12,agency_margin_tau_0.20,subject12,session1,session1,202,0.0891089108910891,0.04950495049504951,0.5,0.4,0.6,0.7,0.9
hyser,hyser_subject_logo,hyser_subject_logo|subject12,agency_margin_tau_0.20,subject12,session2,session2,203,0.12807881773399016,0.08374384236453201,0.4975369458128079,0.4,0.6,0.8,0.8
hyser,hyser_subject_logo,hyser_subject_logo|subject12,assist_only,subject12,session1,session1,202,0.5,0.39603960396039606,0.5742574257425742,0.2,0.6,0.6,0.6
hyser,hyser_subject_logo,hyser_subject_logo|subject12,assist_only,subject12,session2,session2,203,0.4236453201970443,0.26108374384236455,0.4630541871921182,0.2,0.6,0.6,0.8
hyser,hyser_subject_logo,hyser_subject_logo|subject12,confidence_blend_alpha_0.25,subject12,session1,session1,202,0.09405940594059406,0.06930693069306931,0.49504950495049505,0.4,0.6,0.8,0.8
hyser,hyser_subject_logo,hyser_subject_logo|subject12,confidence_blend_alpha_0.25,subject12,session2,session2,203,0.10344827586206896,0.06403940886699508,0.47783251231527096,0.6,0.6,0.6,0.8
hyser,hyser_subject_logo,hyser_subject_logo|subject12,confidence_blend_alpha_0.50,subject12,session1,session1,202,0.28217821782178215,0.20297029702970298,0.5693069306930693,0.4,0.6,0.6,0.6
hyser,hyser_subject_logo,hyser_subject_logo|subject12,confidence_blend_alpha_0.50,subject12,session2,session2,203,0.2561576354679803,0.18226600985221675,0.5369458128078818,0.4,0.6,0.6,0.8
hyser,hyser_subject_logo,hyser_subject_logo|subject12,confidence_blend_alpha_0.75,subject12,session1,session1,202,0.47029702970297027,0.4207920792079208,0.7029702970297029,0.2,0.6,0.6,0.6
hyser,hyser_subject_logo,hyser_subject_logo|subject12,confidence_blend_alpha_0.75,subject12,session2,session2,203,0.41379310344827586,0.28078817733990147,0.5665024630541872,0.2,0.6,0.6,0.8
hyser,hyser_subject_logo,hyser_subject_logo|subject12,plain_conf_threshold_matched_tau_0.02,subject12,session1,session1,202,0.0,0.0,0.48514851485148514,0.9,0.6,,
hyser,hyser_subject_logo,hyser_subject_logo|subject12,plain_conf_threshold_matched_tau_0.02,subject12,session2,session2,203,0.0,0.0,0.458128078817734,0.6,0.6,,
hyser,hyser_subject_logo,hyser_subject_logo|subject12,plain_conf_threshold_matched_tau_0.05,subject12,session1,session1,202,0.0,0.0,0.5148514851485149,0.8,0.6,,
hyser,hyser_subject_logo,hyser_subject_logo|subject12,plain_conf_threshold_matched_tau_0.05,subject12,session2,session2,203,0.0,0.0,0.458128078817734,0.8,0.6,,
hyser,hyser_subject_logo,hyser_subject_logo|subject12,plain_conf_threshold_matched_tau_0.10,subject12,session1,session1,202,0.019801980198019802,0.019801980198019802,0.5297029702970297,0.8,0.6,0.8,0.8
hyser,hyser_subject_logo,hyser_subject_logo|subject12,plain_conf_threshold_matched_tau_0.10,subject12,session2,session2,203,0.0049261083743842365,0.0049261083743842365,0.458128078817734,0.8,0.6,0.8,0.8
hyser,hyser_subject_logo,hyser_subject_logo|subject12,plain_conf_threshold_matched_tau_0.15,subject12,session1,session1,202,0.0297029702970297,0.0297029702970297,0.5643564356435643,0.8,0.6,0.8,0.8
hyser,hyser_subject_logo,hyser_subject_logo|subject12,plain_conf_threshold_matched_tau_0.15,subject12,session2,session2,203,0.019704433497536946,0.014778325123152709,0.4630541871921182,0.6,0.6,0.8,0.8
hyser,hyser_subject_logo,hyser_subject_logo|subject12,plain_conf_threshold_matched_tau_0.20,subject12,session1,session1,202,0.039603960396039604,0.039603960396039604,0.5792079207920792,0.8,0.6,0.8,0.8
hyser,hyser_subject_logo,hyser_subject_logo|subject12,plain_conf_threshold_matched_tau_0.20,subject12,session2,session2,203,0.024630541871921183,0.019704433497536946,0.46798029556650245,0.7,0.6,0.8,0.7
hyser,hyser_subject_logo,hyser_subject_logo|subject12,selective_prediction,subject12,session1,session1,202,0.0891089108910891,0.009900990099009901,0.4801980198019802,0.8,0.6,0.8,0.9
hyser,hyser_subject_logo,hyser_subject_logo|subject12,selective_prediction,subject12,session2,session2,203,0.019704433497536946,0.0,0.458128078817734,0.8,0.6,0.7,
hyser,hyser_subject_logo,hyser_subject_logo|subject12,set_acsa_tau_0.02,subject12,session1,session1,202,0.009900990099009901,0.0049504950495049506,0.4801980198019802,0.6000000000000001,0.6,0.7,1.0
hyser,hyser_subject_logo,hyser_subject_logo|subject12,set_acsa_tau_0.02,subject12,session2,session2,203,0.029556650246305417,0.014778325123152709,0.46798029556650245,0.6,0.6,0.7,1.0
hyser,hyser_subject_logo,hyser_subject_logo|subject12,set_acsa_tau_0.05,subject12,session1,session1,202,0.024752475247524754,0.01485148514851485,0.4801980198019802,0.4,0.6,0.4,0.8
hyser,hyser_subject_logo,hyser_subject_logo|subject12,set_acsa_tau_0.05,subject12,session2,session2,203,0.03940886699507389,0.019704433497536946,0.46798029556650245,0.6,0.6,0.8,0.9
hyser,hyser_subject_logo,hyser_subject_logo|subject12,set_acsa_tau_0.10,subject12,session1,session1,202,0.04455445544554455,0.0297029702970297,0.49504950495049505,0.4,0.6,0.8,1.0
hyser,hyser_subject_logo,hyser_subject_logo|subject12,set_acsa_tau_0.10,subject12,session2,session2,203,0.059113300492610835,0.034482758620689655,0.46798029556650245,0.4,0.6,0.8,0.8
hyser,hyser_subject_logo,hyser_subject_logo|subject12,set_acsa_tau_0.15,subject12,session1,session1,202,0.07920792079207921,0.04455445544554455,0.5,0.4,0.6,0.7,1.0
hyser,hyser_subject_logo,hyser_subject_logo|subject12,set_acsa_tau_0.15,subject12,session2,session2,203,0.08866995073891626,0.059113300492610835,0.4827586206896552,0.4,0.6,0.8,0.8
hyser,hyser_subject_logo,hyser_subject_logo|subject12,set_acsa_tau_0.20,subject12,session1,session1,202,0.0891089108910891,0.04950495049504951,0.5,0.4,0.6,0.7,0.9
hyser,hyser_subject_logo,hyser_subject_logo|subject12,set_acsa_tau_0.20,subject12,session2,session2,203,0.12807881773399016,0.08374384236453201,0.4975369458128079,0.4,0.6,0.8,0.8
hyser,hyser_subject_logo,hyser_subject_logo|subject12,user_only,subject12,session1,session1,202,0.0,0.0,0.4752475247524752,,0.6,,
hyser,hyser_subject_logo,hyser_subject_logo|subject12,user_only,subject12,session2,session2,203,0.0,0.0,0.458128078817734,,0.6,,
hyser,hyser_subject_logo,hyser_subject_logo|subject13,agency_margin_tau_0.02,subject13,session1,session1,201,0.04975124378109453,0.029850746268656716,0.5323383084577115,0.7,0.6,1.0,1.0
hyser,hyser_subject_logo,hyser_subject_logo|subject13,agency_margin_tau_0.02,subject13,session2,session2,204,0.029411764705882353,0.024509803921568627,0.6225490196078431,0.4,0.4,0.8,0.8
hyser,hyser_subject_logo,hyser_subject_logo|subject13,agency_margin_tau_0.05,subject13,session1,session1,201,0.06965174129353234,0.03482587064676617,0.5323383084577115,0.6,0.4,0.6,1.0
hyser,hyser_subject_logo,hyser_subject_logo|subject13,agency_margin_tau_0.05,subject13,session2,session2,204,0.06862745098039216,0.049019607843137254,0.6274509803921569,0.4,0.4,0.7,0.8
hyser,hyser_subject_logo,hyser_subject_logo|subject13,agency_margin_tau_0.10,subject13,session1,session1,201,0.14427860696517414,0.06467661691542288,0.527363184079602,0.4,0.4,0.6,0.8
hyser,hyser_subject_logo,hyser_subject_logo|subject13,agency_margin_tau_0.10,subject13,session2,session2,204,0.11764705882352941,0.06372549019607843,0.6421568627450981,0.4,0.4,0.5,0.8
hyser,hyser_subject_logo,hyser_subject_logo|subject13,agency_margin_tau_0.15,subject13,session1,session1,201,0.17412935323383086,0.0845771144278607,0.5373134328358209,0.4,0.4,0.6,0.8
hyser,hyser_subject_logo,hyser_subject_logo|subject13,agency_margin_tau_0.15,subject13,session2,session2,204,0.16176470588235295,0.0784313725490196,0.6470588235294118,0.4,0.4,0.6,0.8
hyser,hyser_subject_logo,hyser_subject_logo|subject13,agency_margin_tau_0.20,subject13,session1,session1,201,0.21890547263681592,0.10945273631840796,0.5323383084577115,0.4,0.4,0.6,0.8
hyser,hyser_subject_logo,hyser_subject_logo|subject13,agency_margin_tau_0.20,subject13,session2,session2,204,0.19607843137254902,0.10784313725490197,0.6715686274509803,0.4,0.4,0.6,0.8
hyser,hyser_subject_logo,hyser_subject_logo|subject13,assist_only,subject13,session1,session1,201,0.5223880597014925,0.34328358208955223,0.5174129353233831,0.2,0.4,0.4,0.6
hyser,hyser_subject_logo,hyser_subject_logo|subject13,assist_only,subject13,session2,session2,204,0.3872549019607843,0.25,0.5294117647058824,0.2,0.4,0.4,0.6
hyser,hyser_subject_logo,hyser_subject_logo|subject13,confidence_blend_alpha_0.25,subject13,session1,session1,201,0.1890547263681592,0.08955223880597014,0.5472636815920398,0.6,0.4,0.6,0.8
hyser,hyser_subject_logo,hyser_subject_logo|subject13,confidence_blend_alpha_0.25,subject13,session2,session2,204,0.1568627450980392,0.08823529411764706,0.6519607843137255,0.4,0.4,0.6,0.8
hyser,hyser_subject_logo,hyser_subject_logo|subject13,confidence_blend_alpha_0.50,subject13,session1,session1,201,0.3582089552238806,0.22885572139303484,0.5970149253731343,0.4,0.4,0.6,0.8
hyser,hyser_subject_logo,hyser_subject_logo|subject13,confidence_blend_alpha_0.50,subject13,session2,session2,204,0.3088235294117647,0.18627450980392157,0.7009803921568627,0.2,0.4,0.4,0.6
hyser,hyser_subject_logo,hyser_subject_logo|subject13,confidence_blend_alpha_0.75,subject13,session1,session1,201,0.4925373134328358,0.32338308457711445,0.582089552238806,0.2,0.4,0.6,0.6
hyser,hyser_subject_logo,hyser_subject_logo|subject13,confidence_blend_alpha_0.75,subject13,session2,session2,204,0.37254901960784315,0.25,0.6715686274509803,0.2,0.4,0.4,0.6
hyser,hyser_subject_logo,hyser_subject_logo|subject13,plain_conf_threshold_matched_tau_0.02,subject13,session1,session1,201,0.009950248756218905,0.004975124378109453,0.5074626865671642,0.8,0.5,0.9,1.0
hyser,hyser_subject_logo,hyser_subject_logo|subject13,plain_conf_threshold_matched_tau_0.02,subject13,session2,session2,204,0.0,0.0,0.6323529411764706,0.7,0.4,,
hyser,hyser_subject_logo,hyser_subject_logo|subject13,plain_conf_threshold_matched_tau_0.05,subject13,session1,session1,201,0.014925373134328358,0.014925373134328358,0.5373134328358209,0.8,0.5,0.8,0.8
hyser,hyser_subject_logo,hyser_subject_logo|subject13,plain_conf_threshold_matched_tau_0.05,subject13,session2,session2,204,0.00980392156862745,0.00980392156862745,0.6323529411764706,0.8,0.4,0.9,0.9
hyser,hyser_subject_logo,hyser_subject_logo|subject13,plain_conf_threshold_matched_tau_0.10,subject13,session1,session1,201,0.04477611940298507,0.04477611940298507,0.572139303482587,0.8,0.6,0.8,0.8
hyser,hyser_subject_logo,hyser_subject_logo|subject13,plain_conf_threshold_matched_tau_0.10,subject13,session2,session2,204,0.0196078431372549,0.0196078431372549,0.6323529411764706,0.8,0.4,0.9,0.9
hyser,hyser_subject_logo,hyser_subject_logo|subject13,plain_conf_threshold_matched_tau_0.15,subject13,session1,session1,201,0.06965174129353234,0.05472636815920398,0.5671641791044776,0.8,0.6,0.8,0.8
hyser,hyser_subject_logo,hyser_subject_logo|subject13,plain_conf_threshold_matched_tau_0.15,subject13,session2,session2,204,0.04411764705882353,0.03431372549019608,0.6176470588235294,0.8,0.4,0.8,0.8
hyser,hyser_subject_logo,hyser_subject_logo|subject13,plain_conf_threshold_matched_tau_0.20,subject13,session1,session1,201,0.0845771144278607,0.05970149253731343,0.5572139303482587,0.6,0.6,0.8,0.8
hyser,hyser_subject_logo,hyser_subject_logo|subject13,plain_conf_threshold_matched_tau_0.20,subject13,session2,session2,204,0.10784313725490197,0.0784313725490196,0.6372549019607843,0.6,0.4,0.8,0.8
hyser,hyser_subject_logo,hyser_subject_logo|subject13,selective_prediction,subject13,session1,session1,201,0.08955223880597014,0.009950248756218905,0.5074626865671642,0.8,0.6,0.8,0.9
hyser,hyser_subject_logo,hyser_subject_logo|subject13,selective_prediction,subject13,session2,session2,204,0.0392156862745098,0.00980392156862745,0.6323529411764706,0.8,0.4,0.8,0.7
hyser,hyser_subject_logo,hyser_subject_logo|subject13,set_acsa_tau_0.02,subject13,session1,session1,201,0.04477611940298507,0.029850746268656716,0.5323383084577115,0.8,0.6,1.0,1.0
hyser,hyser_subject_logo,hyser_subject_logo|subject13,set_acsa_tau_0.02,subject13,session2,session2,204,0.024509803921568627,0.024509803921568627,0.6225490196078431,0.6,0.4,0.8,0.8
hyser,hyser_subject_logo,hyser_subject_logo|subject13,set_acsa_tau_0.05,subject13,session1,session1,201,0.06467661691542288,0.03482587064676617,0.5323383084577115,0.6,0.4,0.8,1.0
hyser,hyser_subject_logo,hyser_subject_logo|subject13,set_acsa_tau_0.05,subject13,session2,session2,204,0.06372549019607843,0.049019607843137254,0.6274509803921569,0.4,0.4,0.8,0.8
hyser,hyser_subject_logo,hyser_subject_logo|subject13,set_acsa_tau_0.10,subject13,session1,session1,201,0.13930348258706468,0.06467661691542288,0.527363184079602,0.4,0.4,0.6,0.8
hyser,hyser_subject_logo,hyser_subject_logo|subject13,set_acsa_tau_0.10,subject13,session2,session2,204,0.10784313725490197,0.06372549019607843,0.6421568627450981,0.4,0.4,0.6,0.8
hyser,hyser_subject_logo,hyser_subject_logo|subject13,set_acsa_tau_0.15,subject13,session1,session1,201,0.1691542288557214,0.0845771144278607,0.5373134328358209,0.4,0.4,0.6,0.8
hyser,hyser_subject_logo,hyser_subject_logo|subject13,set_acsa_tau_0.15,subject13,session2,session2,204,0.1568627450980392,0.07352941176470588,0.6470588235294118,0.4,0.4,0.6,0.8
hyser,hyser_subject_logo,hyser_subject_logo|subject13,set_acsa_tau_0.20,subject13,session1,session1,201,0.21393034825870647,0.10945273631840796,0.5323383084577115,0.4,0.4,0.6,0.8
hyser,hyser_subject_logo,hyser_subject_logo|subject13,set_acsa_tau_0.20,subject13,session2,session2,204,0.19607843137254902,0.10784313725490197,0.6715686274509803,0.4,0.4,0.6,0.8
hyser,hyser_subject_logo,hyser_subject_logo|subject13,user_only,subject13,session1,session1,201,0.0,0.0,0.5024875621890548,,0.5,,
hyser,hyser_subject_logo,hyser_subject_logo|subject13,user_only,subject13,session2,session2,204,0.0,0.0,0.6225490196078431,,0.4,,
hyser,hyser_subject_logo,hyser_subject_logo|subject14,agency_margin_tau_0.02,subject14,session1,session1,202,0.0049504950495049506,0.0,0.33663366336633666,0.4,0.6,0.4,
hyser,hyser_subject_logo,hyser_subject_logo|subject14,agency_margin_tau_0.02,subject14,session2,session2,201,0.009950248756218905,0.009950248756218905,0.46766169154228854,0.6000000000000001,0.6,1.0,1.0
hyser,hyser_subject_logo,hyser_subject_logo|subject14,agency_margin_tau_0.05,subject14,session1,session1,202,0.0297029702970297,0.009900990099009901,0.3415841584158416,0.4,0.6,0.8,0.9
hyser,hyser_subject_logo,hyser_subject_logo|subject14,agency_margin_tau_0.05,subject14,session2,session2,201,0.024875621890547265,0.009950248756218905,0.46766169154228854,0.4,0.6,0.8,1.0
hyser,hyser_subject_logo,hyser_subject_logo|subject14,agency_margin_tau_0.10,subject14,session1,session1,202,0.04455445544554455,0.01485148514851485,0.3415841584158416,0.4,0.6,0.6,0.6
hyser,hyser_subject_logo,hyser_subject_logo|subject14,agency_margin_tau_0.10,subject14,session2,session2,201,0.04975124378109453,0.024875621890547265,0.47761194029850745,0.4,0.6,0.9,1.0
hyser,hyser_subject_logo,hyser_subject_logo|subject14,agency_margin_tau_0.15,subject14,session1,session1,202,0.054455445544554455,0.019801980198019802,0.3415841584158416,0.4,0.6,0.6,0.5
hyser,hyser_subject_logo,hyser_subject_logo|subject14,agency_margin_tau_0.15,subject14,session2,session2,201,0.05970149253731343,0.024875621890547265,0.47761194029850745,0.4,0.6,0.6,1.0
hyser,hyser_subject_logo,hyser_subject_logo|subject14,agency_margin_tau_0.20,subject14,session1,session1,202,0.07920792079207921,0.024752475247524754,0.3415841584158416,0.4,0.6,0.4,0.4
hyser,hyser_subject_logo,hyser_subject_logo|subject14,agency_margin_tau_0.20,subject14,session2,session2,201,0.0845771144278607,0.03980099502487562,0.48258706467661694,0.4,0.6,0.6,0.9
hyser,hyser_subject_logo,hyser_subject_logo|subject14,assist_only,subject14,session1,session1,202,0.32673267326732675,0.19801980198019803,0.3465346534653465,0.2,0.6,0.4,0.6
hyser,hyser_subject_logo,hyser_subject_logo|subject14,assist_only,subject14,session2,session2,201,0.3034825870646766,0.18407960199004975,0.42786069651741293,0.2,0.6,0.4,0.8
hyser,hyser_subject_logo,hyser_subject_logo|subject14,confidence_blend_alpha_0.25,subject14,session1,session1,202,0.054455445544554455,0.034653465346534656,0.33663366336633666,0.6,0.6,0.8,0.8
hyser,hyser_subject_logo,hyser_subject_logo|subject14,confidence_blend_alpha_0.25,subject14,session2,session2,201,0.0945273631840796,0.05472636815920398,0.4975124378109453,0.4,0.6,0.8,1.0
hyser,hyser_subject_logo,hyser_subject_logo|subject14,confidence_blend_alpha_0.50,subject14,session1,session1,202,0.16831683168316833,0.08415841584158416,0.3613861386138614,0.4,0.6,0.6,0.8
hyser,hyser_subject_logo,hyser_subject_logo|subject14,confidence_blend_alpha_0.50,subject14,session2,session2,201,0.15920398009950248,0.0945273631840796,0.5024875621890548,0.4,0.6,0.6,0.8
hyser,hyser_subject_logo,hyser_subject_logo|subject14,confidence_blend_alpha_0.75,subject14,session1,session1,202,0.3118811881188119,0.18811881188118812,0.38613861386138615,0.2,0.4,0.6,0.6
hyser,hyser_subject_logo,hyser_subject_logo|subject14,confidence_blend_alpha_0.75,subject14,session2,session2,201,0.2537313432835821,0.14925373134328357,0.472636815920398,0.2,0.6,0.4,0.6
hyser,hyser_subject_logo,hyser_subject_logo|subject14,plain_conf_threshold_matched_tau_0.02,subject14,session1,session1,202,0.0,0.0,0.3415841584158416,0.6,0.6,,
hyser,hyser_subject_logo,hyser_subject_logo|subject14,plain_conf_threshold_matched_tau_0.02,subject14,session2,session2,201,0.0,0.0,0.4626865671641791,0.8,0.6,,
hyser,hyser_subject_logo,hyser_subject_logo|subject14,plain_conf_threshold_matched_tau_0.05,subject14,session1,session1,202,0.0,0.0,0.3564356435643564,0.9,0.6,,
hyser,hyser_subject_logo,hyser_subject_logo|subject14,plain_conf_threshold_matched_tau_0.05,subject14,session2,session2,201,0.0,0.0,0.472636815920398,0.9,0.6,,
hyser,hyser_subject_logo,hyser_subject_logo|subject14,plain_conf_threshold_matched_tau_0.10,subject14,session1,session1,202,0.0,0.0,0.37623762376237624,0.9,0.6,,
hyser,hyser_subject_logo,hyser_subject_logo|subject14,plain_conf_threshold_matched_tau_0.10,subject14,session2,session2,201,0.014925373134328358,0.009950248756218905,0.472636815920398,0.8,0.6,1.0,1.0
hyser,hyser_subject_logo,hyser_subject_logo|subject14,plain_conf_threshold_matched_tau_0.15,subject14,session1,session1,202,0.0,0.0,0.3811881188118812,0.8,0.6,,
hyser,hyser_subject_logo,hyser_subject_logo|subject14,plain_conf_threshold_matched_tau_0.15,subject14,session2,session2,201,0.014925373134328358,0.009950248756218905,0.472636815920398,0.8,0.6,1.0,1.0
hyser,hyser_subject_logo,hyser_subject_logo|subject14,plain_conf_threshold_matched_tau_0.20,subject14,session1,session1,202,0.009900990099009901,0.009900990099009901,0.3811881188118812,0.8,0.6,0.8,0.8
hyser,hyser_subject_logo,hyser_subject_logo|subject14,plain_conf_threshold_matched_tau_0.20,subject14,session2,session2,201,0.03482587064676617,0.024875621890547265,0.46766169154228854,0.8,0.6,1.0,1.0
hyser,hyser_subject_logo,hyser_subject_logo|subject14,selective_prediction,subject14,session1,session1,202,0.01485148514851485,0.0,0.33663366336633666,0.8,0.6,0.8,
hyser,hyser_subject_logo,hyser_subject_logo|subject14,selective_prediction,subject14,session2,session2,201,0.01990049751243781,0.004975124378109453,0.4626865671641791,0.8,0.6,0.8,1.0
hyser,hyser_subject_logo,hyser_subject_logo|subject14,set_acsa_tau_0.02,subject14,session1,session1,202,0.0,0.0,0.33663366336633666,0.5,0.6,,
hyser,hyser_subject_logo,hyser_subject_logo|subject14,set_acsa_tau_0.02,subject14,session2,session2,201,0.009950248756218905,0.009950248756218905,0.46766169154228854,0.4,0.6,1.0,1.0
hyser,hyser_subject_logo,hyser_subject_logo|subject14,set_acsa_tau_0.05,subject14,session1,session1,202,0.0297029702970297,0.009900990099009901,0.3415841584158416,0.4,0.6,0.8,0.9
hyser,hyser_subject_logo,hyser_subject_logo|subject14,set_acsa_tau_0.05,subject14,session2,session2,201,0.024875621890547265,0.009950248756218905,0.46766169154228854,0.4,0.6,0.8,1.0
hyser,hyser_subject_logo,hyser_subject_logo|subject14,set_acsa_tau_0.10,subject14,session1,session1,202,0.04455445544554455,0.01485148514851485,0.3415841584158416,0.4,0.6,0.6,0.6
hyser,hyser_subject_logo,hyser_subject_logo|subject14,set_acsa_tau_0.10,subject14,session2,session2,201,0.04975124378109453,0.024875621890547265,0.47761194029850745,0.4,0.6,0.9,1.0
hyser,hyser_subject_logo,hyser_subject_logo|subject14,set_acsa_tau_0.15,subject14,session1,session1,202,0.054455445544554455,0.019801980198019802,0.3415841584158416,0.4,0.6,0.6,0.5
hyser,hyser_subject_logo,hyser_subject_logo|subject14,set_acsa_tau_0.15,subject14,session2,session2,201,0.05970149253731343,0.024875621890547265,0.47761194029850745,0.4,0.6,0.6,1.0
hyser,hyser_subject_logo,hyser_subject_logo|subject14,set_acsa_tau_0.20,subject14,session1,session1,202,0.07920792079207921,0.024752475247524754,0.3415841584158416,0.4,0.6,0.4,0.4
hyser,hyser_subject_logo,hyser_subject_logo|subject14,set_acsa_tau_0.20,subject14,session2,session2,201,0.0845771144278607,0.03980099502487562,0.48258706467661694,0.4,0.6,0.6,0.9
hyser,hyser_subject_logo,hyser_subject_logo|subject14,user_only,subject14,session1,session1,202,0.0,0.0,0.33663366336633666,,0.6,,
hyser,hyser_subject_logo,hyser_subject_logo|subject14,user_only,subject14,session2,session2,201,0.0,0.0,0.4577114427860697,,0.6,,
hyser,hyser_subject_logo,hyser_subject_logo|subject15,agency_margin_tau_0.02,subject15,session1,session1,204,0.004901960784313725,0.0,0.4019607843137255,0.30000000000000004,0.6,0.6,
hyser,hyser_subject_logo,hyser_subject_logo|subject15,agency_margin_tau_0.02,subject15,session2,session2,201,0.03482587064676617,0.029850746268656716,0.4925373134328358,0.6,0.4,0.8,0.8
hyser,hyser_subject_logo,hyser_subject_logo|subject15,agency_margin_tau_0.05,subject15,session1,session1,204,0.024509803921568627,0.00980392156862745,0.4068627450980392,0.4,0.6,0.6,0.8
hyser,hyser_subject_logo,hyser_subject_logo|subject15,agency_margin_tau_0.05,subject15,session2,session2,201,0.06467661691542288,0.04477611940298507,0.48756218905472637,0.6,0.4,0.6,0.6
hyser,hyser_subject_logo,hyser_subject_logo|subject15,agency_margin_tau_0.10,subject15,session1,session1,204,0.0784313725490196,0.03431372549019608,0.4264705882352941,0.4,0.6,0.7,1.0
hyser,hyser_subject_logo,hyser_subject_logo|subject15,agency_margin_tau_0.10,subject15,session2,session2,201,0.09950248756218906,0.07462686567164178,0.4925373134328358,0.4,0.4,0.4,0.6
hyser,hyser_subject_logo,hyser_subject_logo|subject15,agency_margin_tau_0.15,subject15,session1,session1,204,0.11764705882352941,0.058823529411764705,0.45098039215686275,0.4,0.6,0.6,0.9
hyser,hyser_subject_logo,hyser_subject_logo|subject15,agency_margin_tau_0.15,subject15,session2,session2,201,0.1044776119402985,0.07462686567164178,0.48258706467661694,0.4,0.4,0.4,0.6
hyser,hyser_subject_logo,hyser_subject_logo|subject15,agency_margin_tau_0.20,subject15,session1,session1,204,0.16666666666666666,0.08333333333333333,0.46078431372549017,0.4,0.6,0.6,0.8
hyser,hyser_subject_logo,hyser_subject_logo|subject15,agency_margin_tau_0.20,subject15,session2,session2,201,0.10945273631840796,0.07462686567164178,0.48258706467661694,0.4,0.4,0.4,0.6
hyser,hyser_subject_logo,hyser_subject_logo|subject15,assist_only,subject15,session1,session1,204,0.4166666666666667,0.28431372549019607,0.4117647058823529,0.2,0.4,0.4,0.4
hyser,hyser_subject_logo,hyser_subject_logo|subject15,assist_only,subject15,session2,session2,201,0.23383084577114427,0.14427860696517414,0.29850746268656714,0.2,0.4,0.4,0.6
hyser,hyser_subject_logo,hyser_subject_logo|subject15,confidence_blend_alpha_0.25,subject15,session1,session1,204,0.12254901960784313,0.0784313725490196,0.45588235294117646,0.5,0.6,0.8,1.0
hyser,hyser_subject_logo,hyser_subject_logo|subject15,confidence_blend_alpha_0.25,subject15,session2,session2,201,0.11940298507462686,0.07462686567164178,0.48258706467661694,0.4,0.4,0.4,0.6
hyser,hyser_subject_logo,hyser_subject_logo|subject15,confidence_blend_alpha_0.50,subject15,session1,session1,204,0.27450980392156865,0.18627450980392157,0.5343137254901961,0.4,0.6,0.4,0.6
hyser,hyser_subject_logo,hyser_subject_logo|subject15,confidence_blend_alpha_0.50,subject15,session2,session2,201,0.1890547263681592,0.13432835820895522,0.4975124378109453,0.4,0.4,0.4,0.6
hyser,hyser_subject_logo,hyser_subject_logo|subject15,confidence_blend_alpha_0.75,subject15,session1,session1,204,0.39215686274509803,0.27941176470588236,0.5245098039215687,0.2,0.4,0.4,0.4
hyser,hyser_subject_logo,hyser_subject_logo|subject15,confidence_blend_alpha_0.75,subject15,session2,session2,201,0.23383084577114427,0.15920398009950248,0.4129353233830846,0.2,0.4,0.4,0.6
hyser,hyser_subject_logo,hyser_subject_logo|subject15,plain_conf_threshold_matched_tau_0.02,subject15,session1,session1,204,0.0,0.0,0.4019607843137255,0.8,0.6,,
hyser,hyser_subject_logo,hyser_subject_logo|subject15,plain_conf_threshold_matched_tau_0.02,subject15,session2,session2,201,0.0,0.0,0.48756218905472637,1.0,0.4,,
hyser,hyser_subject_logo,hyser_subject_logo|subject15,plain_conf_threshold_matched_tau_0.05,subject15,session1,session1,204,0.0,0.0,0.4411764705882353,0.8,0.6,,
hyser,hyser_subject_logo,hyser_subject_logo|subject15,plain_conf_threshold_matched_tau_0.05,subject15,session2,session2,201,0.004975124378109453,0.0,0.48258706467661694,0.7,0.4,0.6,
hyser,hyser_subject_logo,hyser_subject_logo|subject15,plain_conf_threshold_matched_tau_0.10,subject15,session1,session1,204,0.024509803921568627,0.0196078431372549,0.46078431372549017,0.6,0.6,0.8,0.9
hyser,hyser_subject_logo,hyser_subject_logo|subject15,plain_conf_threshold_matched_tau_0.10,subject15,session2,session2,201,0.009950248756218905,0.009950248756218905,0.47761194029850745,0.8,0.4,0.5,0.5
hyser,hyser_subject_logo,hyser_subject_logo|subject15,plain_conf_threshold_matched_tau_0.15,subject15,session1,session1,204,0.03431372549019608,0.029411764705882353,0.46568627450980393,0.6,0.6,0.8,0.9
hyser,hyser_subject_logo,hyser_subject_logo|subject15,plain_conf_threshold_matched_tau_0.15,subject15,session2,session2,201,0.014925373134328358,0.014925373134328358,0.4577114427860697,0.8,0.4,0.4,0.4
hyser,hyser_subject_logo,hyser_subject_logo|subject15,plain_conf_threshold_matched_tau_0.20,subject15,session1,session1,204,0.06862745098039216,0.058823529411764705,0.46568627450980393,0.6,0.6,0.8,0.8
hyser,hyser_subject_logo,hyser_subject_logo|subject15,plain_conf_threshold_matched_tau_0.20,subject15,session2,session2,201,0.024875621890547265,0.024875621890547265,0.4577114427860697,0.7,0.4,0.4,0.4
hyser,hyser_subject_logo,hyser_subject_logo|subject15,selective_prediction,subject15,session1,session1,204,0.05392156862745098,0.004901960784313725,0.4019607843137255,0.8,0.6,1.0,1.0
hyser,hyser_subject_logo,hyser_subject_logo|subject15,selective_prediction,subject15,session2,session2,201,0.01990049751243781,0.0,0.48756218905472637,0.8,0.4,0.6,
hyser,hyser_subject_logo,hyser_subject_logo|subject15,set_acsa_tau_0.02,subject15,session1,session1,204,0.004901960784313725,0.0,0.4019607843137255,0.30000000000000004,0.6,0.6,
hyser,hyser_subject_logo,hyser_subject_logo|subject15,set_acsa_tau_0.02,subject15,session2,session2,201,0.029850746268656716,0.024875621890547265,0.48756218905472637,0.6,0.4,0.7,0.8
hyser,hyser_subject_logo,hyser_subject_logo|subject15,set_acsa_tau_0.05,subject15,session1,session1,204,0.024509803921568627,0.00980392156862745,0.4068627450980392,0.4,0.6,0.6,0.8
hyser,hyser_subject_logo,hyser_subject_logo|subject15,set_acsa_tau_0.05,subject15,session2,session2,201,0.05472636815920398,0.03980099502487562,0.48258706467661694,0.6,0.4,0.6,0.6
hyser,hyser_subject_logo,hyser_subject_logo|subject15,set_acsa_tau_0.10,subject15,session1,session1,204,0.07352941176470588,0.03431372549019608,0.4264705882352941,0.4,0.6,0.8,1.0
hyser,hyser_subject_logo,hyser_subject_logo|subject15,set_acsa_tau_0.10,subject15,session2,session2,201,0.0845771144278607,0.06467661691542288,0.48756218905472637,0.4,0.4,0.4,0.6
hyser,hyser_subject_logo,hyser_subject_logo|subject15,set_acsa_tau_0.15,subject15,session1,session1,204,0.11274509803921569,0.05392156862745098,0.44607843137254904,0.4,0.6,0.6,1.0
hyser,hyser_subject_logo,hyser_subject_logo|subject15,set_acsa_tau_0.15,subject15,session2,session2,201,0.09950248756218906,0.06965174129353234,0.48258706467661694,0.4,0.4,0.4,0.6
hyser,hyser_subject_logo,hyser_subject_logo|subject15,set_acsa_tau_0.20,subject15,session1,session1,204,0.16176470588235295,0.0784313725490196,0.45588235294117646,0.4,0.6,0.6,0.9
hyser,hyser_subject_logo,hyser_subject_logo|subject15,set_acsa_tau_0.20,subject15,session2,session2,201,0.10945273631840796,0.07462686567164178,0.48258706467661694,0.4,0.4,0.4,0.6
hyser,hyser_subject_logo,hyser_subject_logo|subject15,user_only,subject15,session1,session1,204,0.0,0.0,0.4019607843137255,,0.6,,
hyser,hyser_subject_logo,hyser_subject_logo|subject15,user_only,subject15,session2,session2,201,0.0,0.0,0.48756218905472637,,0.4,,
hyser,hyser_subject_logo,hyser_subject_logo|subject16,agency_margin_tau_0.02,subject16,session1,session1,199,0.010050251256281407,0.0,0.2663316582914573,0.4,0.6,0.6,
hyser,hyser_subject_logo,hyser_subject_logo|subject16,agency_margin_tau_0.02,subject16,session2,session2,204,0.014705882352941176,0.0,0.5931372549019608,0.2,0.4,0.2,
hyser,hyser_subject_logo,hyser_subject_logo|subject16,agency_margin_tau_0.05,subject16,session1,session1,199,0.04522613065326633,0.005025125628140704,0.2663316582914573,0.4,0.6,0.6,0.6
hyser,hyser_subject_logo,hyser_subject_logo|subject16,agency_margin_tau_0.05,subject16,session2,session2,204,0.03431372549019608,0.004901960784313725,0.5931372549019608,0.4,0.4,0.2,0.4
hyser,hyser_subject_logo,hyser_subject_logo|subject16,agency_margin_tau_0.10,subject16,session1,session1,199,0.07537688442211055,0.01507537688442211,0.2663316582914573,0.4,0.6,0.6,0.6
hyser,hyser_subject_logo,hyser_subject_logo|subject16,agency_margin_tau_0.10,subject16,session2,session2,204,0.09313725490196079,0.024509803921568627,0.5882352941176471,0.4,0.4,0.4,0.4
hyser,hyser_subject_logo,hyser_subject_logo|subject16,agency_margin_tau_0.15,subject16,session1,session1,199,0.09045226130653267,0.03015075376884422,0.27638190954773867,0.4,0.6,0.6,0.9
hyser,hyser_subject_logo,hyser_subject_logo|subject16,agency_margin_tau_0.15,subject16,session2,session2,204,0.12254901960784313,0.04411764705882353,0.5980392156862745,0.4,0.4,0.4,0.4
hyser,hyser_subject_logo,hyser_subject_logo|subject16,agency_margin_tau_0.20,subject16,session1,session1,199,0.09547738693467336,0.03015075376884422,0.271356783919598,0.4,0.6,0.6,0.9
hyser,hyser_subject_logo,hyser_subject_logo|subject16,agency_margin_tau_0.20,subject16,session2,session2,204,0.12254901960784313,0.04411764705882353,0.5931372549019608,0.4,0.4,0.4,0.4
hyser,hyser_subject_logo,hyser_subject_logo|subject16,assist_only,subject16,session1,session1,199,0.271356783919598,0.18592964824120603,0.34673366834170855,0.2,0.6,0.5,0.8
hyser,hyser_subject_logo,hyser_subject_logo|subject16,assist_only,subject16,session2,session2,204,0.3627450980392157,0.18627450980392157,0.44607843137254904,0.2,0.4,0.4,0.6
hyser,hyser_subject_logo,hyser_subject_logo|subject16,confidence_blend_alpha_0.25,subject16,session1,session1,199,0.09045226130653267,0.04522613065326633,0.27638190954773867,0.4,0.6,0.7,0.8
hyser,hyser_subject_logo,hyser_subject_logo|subject16,confidence_blend_alpha_0.25,subject16,session2,session2,204,0.10784313725490197,0.0392156862745098,0.5931372549019608,0.4,0.4,0.4,0.4
hyser,hyser_subject_logo,hyser_subject_logo|subject16,confidence_blend_alpha_0.50,subject16,session1,session1,199,0.16080402010050251,0.09547738693467336,0.3065326633165829,0.4,0.6,0.6,0.6
hyser,hyser_subject_logo,hyser_subject_logo|subject16,confidence_blend_alpha_0.50,subject16,session2,session2,204,0.27450980392156865,0.11274509803921569,0.553921568627451,0.4,0.4,0.4,0.4
hyser,hyser_subject_logo,hyser_subject_logo|subject16,confidence_blend_alpha_0.75,subject16,session1,session1,199,0.23618090452261306,0.1658291457286432,0.34673366834170855,0.2,0.6,0.6,0.6
hyser,hyser_subject_logo,hyser_subject_logo|subject16,confidence_blend_alpha_0.75,subject16,session2,session2,204,0.38235294117647056,0.20588235294117646,0.5441176470588235,0.2,0.4,0.4,0.4
hyser,hyser_subject_logo,hyser_subject_logo|subject16,plain_conf_threshold_matched_tau_0.02,subject16,session1,session1,199,0.0,0.0,0.271356783919598,1.0,0.6,,
hyser,hyser_subject_logo,hyser_subject_logo|subject16,plain_conf_threshold_matched_tau_0.02,subject16,session2,session2,204,0.0,0.0,0.5931372549019608,,0.4,,
hyser,hyser_subject_logo,hyser_subject_logo|subject16,plain_conf_threshold_matched_tau_0.05,subject16,session1,session1,199,0.0,0.0,0.2914572864321608,0.8,0.6,,
hyser,hyser_subject_logo,hyser_subject_logo|subject16,plain_conf_threshold_matched_tau_0.05,subject16,session2,session2,204,0.0,0.0,0.6078431372549019,0.8,0.4,,
hyser,hyser_subject_logo,hyser_subject_logo|subject16,plain_conf_threshold_matched_tau_0.10,subject16,session1,session1,199,0.005025125628140704,0.005025125628140704,0.2964824120603015,0.6,0.6,0.6,0.6
hyser,hyser_subject_logo,hyser_subject_logo|subject16,plain_conf_threshold_matched_tau_0.10,subject16,session2,session2,204,0.00980392156862745,0.004901960784313725,0.6029411764705882,0.8,0.4,0.8,1.0
hyser,hyser_subject_logo,hyser_subject_logo|subject16,plain_conf_threshold_matched_tau_0.15,subject16,session1,session1,199,0.01507537688442211,0.01507537688442211,0.3065326633165829,0.6,0.6,1.0,1.0
hyser,hyser_subject_logo,hyser_subject_logo|subject16,plain_conf_threshold_matched_tau_0.15,subject16,session2,session2,204,0.00980392156862745,0.004901960784313725,0.5882352941176471,0.8,0.4,0.8,1.0
hyser,hyser_subject_logo,hyser_subject_logo|subject16,plain_conf_threshold_matched_tau_0.20,subject16,session1,session1,199,0.020100502512562814,0.020100502512562814,0.32160804020100503,0.6,0.6,0.8,0.8
hyser,hyser_subject_logo,hyser_subject_logo|subject16,plain_conf_threshold_matched_tau_0.20,subject16,session2,session2,204,0.014705882352941176,0.00980392156862745,0.5882352941176471,0.8,0.4,0.6,0.6
hyser,hyser_subject_logo,hyser_subject_logo|subject16,selective_prediction,subject16,session1,session1,199,0.03015075376884422,0.005025125628140704,0.271356783919598,0.8,0.6,0.8,1.0
hyser,hyser_subject_logo,hyser_subject_logo|subject16,selective_prediction,subject16,session2,session2,204,0.024509803921568627,0.0,0.5931372549019608,1.0,0.4,1.0,
hyser,hyser_subject_logo,hyser_subject_logo|subject16,set_acsa_tau_0.02,subject16,session1,session1,199,0.005025125628140704,0.0,0.2663316582914573,0.4,0.6,0.6,
hyser,hyser_subject_logo,hyser_subject_logo|subject16,set_acsa_tau_0.02,subject16,session2,session2,204,0.014705882352941176,0.0,0.5931372549019608,0.2,0.4,0.2,
hyser,hyser_subject_logo,hyser_subject_logo|subject16,set_acsa_tau_0.05,subject16,session1,session1,199,0.04020100502512563,0.005025125628140704,0.2663316582914573,0.4,0.6,0.6,0.6
hyser,hyser_subject_logo,hyser_subject_logo|subject16,set_acsa_tau_0.05,subject16,session2,session2,204,0.029411764705882353,0.004901960784313725,0.5931372549019608,0.30000000000000004,0.4,0.2,0.4
hyser,hyser_subject_logo,hyser_subject_logo|subject16,set_acsa_tau_0.10,subject16,session1,session1,199,0.07035175879396985,0.01507537688442211,0.2663316582914573,0.4,0.6,0.6,0.6
hyser,hyser_subject_logo,hyser_subject_logo|subject16,set_acsa_tau_0.10,subject16,session2,session2,204,0.08333333333333333,0.024509803921568627,0.5882352941176471,0.4,0.4,0.4,0.4
hyser,hyser_subject_logo,hyser_subject_logo|subject16,set_acsa_tau_0.15,subject16,session1,session1,199,0.09045226130653267,0.03015075376884422,0.27638190954773867,0.4,0.6,0.6,0.9
hyser,hyser_subject_logo,hyser_subject_logo|subject16,set_acsa_tau_0.15,subject16,session2,session2,204,0.11764705882352941,0.04411764705882353,0.5980392156862745,0.4,0.4,0.4,0.4
hyser,hyser_subject_logo,hyser_subject_logo|subject16,set_acsa_tau_0.20,subject16,session1,session1,199,0.09547738693467336,0.03015075376884422,0.271356783919598,0.4,0.6,0.6,0.9
hyser,hyser_subject_logo,hyser_subject_logo|subject16,set_acsa_tau_0.20,subject16,session2,session2,204,0.12254901960784313,0.04411764705882353,0.5931372549019608,0.4,0.4,0.4,0.4
hyser,hyser_subject_logo,hyser_subject_logo|subject16,user_only,subject16,session1,session1,199,0.0,0.0,0.2663316582914573,,0.6,,
hyser,hyser_subject_logo,hyser_subject_logo|subject16,user_only,subject16,session2,session2,204,0.0,0.0,0.5931372549019608,,0.4,,
hyser,hyser_subject_logo,hyser_subject_logo|subject17,agency_margin_tau_0.02,subject17,session1,session1,201,0.009950248756218905,0.004975124378109453,0.23880597014925373,0.6,0.4,0.5,0.6
hyser,hyser_subject_logo,hyser_subject_logo|subject17,agency_margin_tau_0.02,subject17,session2,session2,202,0.01485148514851485,0.0,0.32673267326732675,0.6,0.4,0.6,
hyser,hyser_subject_logo,hyser_subject_logo|subject17,agency_margin_tau_0.05,subject17,session1,session1,201,0.029850746268656716,0.009950248756218905,0.24378109452736318,0.6,0.4,0.7,0.8
hyser,hyser_subject_logo,hyser_subject_logo|subject17,agency_margin_tau_0.05,subject17,session2,session2,202,0.039603960396039604,0.019801980198019802,0.3465346534653465,0.6,0.4,0.8,1.0
hyser,hyser_subject_logo,hyser_subject_logo|subject17,agency_margin_tau_0.10,subject17,session1,session1,201,0.0845771144278607,0.04975124378109453,0.26865671641791045,0.6,0.4,0.8,0.9
hyser,hyser_subject_logo,hyser_subject_logo|subject17,agency_margin_tau_0.10,subject17,session2,session2,202,0.09405940594059406,0.0594059405940594,0.3811881188118812,0.6,0.4,0.8,1.0
hyser,hyser_subject_logo,hyser_subject_logo|subject17,agency_margin_tau_0.15,subject17,session1,session1,201,0.1044776119402985,0.05472636815920398,0.2736318407960199,0.6,0.4,0.8,0.8
hyser,hyser_subject_logo,hyser_subject_logo|subject17,agency_margin_tau_0.15,subject17,session2,session2,202,0.12376237623762376,0.08415841584158416,0.38613861386138615,0.4,0.4,0.8,0.8
hyser,hyser_subject_logo,hyser_subject_logo|subject17,agency_margin_tau_0.20,subject17,session1,session1,201,0.10945273631840796,0.07462686567164178,0.2885572139303483,0.6,0.4,0.8,0.8
hyser,hyser_subject_logo,hyser_subject_logo|subject17,agency_margin_tau_0.20,subject17,session2,session2,202,0.15841584158415842,0.08415841584158416,0.3811881188118812,0.4,0.4,0.6,0.8
hyser,hyser_subject_logo,hyser_subject_logo|subject17,assist_only,subject17,session1,session1,201,0.40298507462686567,0.26865671641791045,0.3383084577114428,0.2,0.4,0.4,0.6
hyser,hyser_subject_logo,hyser_subject_logo|subject17,assist_only,subject17,session2,session2,202,0.3564356435643564,0.23267326732673269,0.3465346534653465,0.2,0.4,0.5,0.6
hyser,hyser_subject_logo,hyser_subject_logo|subject17,confidence_blend_alpha_0.25,subject17,session1,session1,201,0.08955223880597014,0.04975124378109453,0.263681592039801,0.6,0.4,0.8,0.8
hyser,hyser_subject_logo,hyser_subject_logo|subject17,confidence_blend_alpha_0.25,subject17,session2,session2,202,0.09900990099009901,0.04455445544554455,0.35148514851485146,0.6,0.4,0.6,0.8
hyser,hyser_subject_logo,hyser_subject_logo|subject17,confidence_blend_alpha_0.50,subject17,session1,session1,201,0.18407960199004975,0.13930348258706468,0.3034825870646766,0.4,0.4,0.6,0.8
hyser,hyser_subject_logo,hyser_subject_logo|subject17,confidence_blend_alpha_0.50,subject17,session2,session2,202,0.22277227722772278,0.16336633663366337,0.4158415841584158,0.4,0.4,0.6,0.8
hyser,hyser_subject_logo,hyser_subject_logo|subject17,confidence_blend_alpha_0.75,subject17,session1,session1,201,0.2835820895522388,0.19900497512437812,0.3283582089552239,0.2,0.4,0.6,0.6
hyser,hyser_subject_logo,hyser_subject_logo|subject17,confidence_blend_alpha_0.75,subject17,session2,session2,202,0.33663366336633666,0.2623762376237624,0.44554455445544555,0.2,0.4,0.6,0.6
hyser,hyser_subject_logo,hyser_subject_logo|subject17,plain_conf_threshold_matched_tau_0.02,subject17,session1,session1,201,0.0,0.0,0.24378109452736318,0.8,0.4,,
hyser,hyser_subject_logo,hyser_subject_logo|subject17,plain_conf_threshold_matched_tau_0.02,subject17,session2,session2,202,0.0,0.0,0.32673267326732675,,0.4,,
hyser,hyser_subject_logo,hyser_subject_logo|subject17,plain_conf_threshold_matched_tau_0.05,subject17,session1,session1,201,0.0,0.0,0.25870646766169153,0.6,0.4,,
hyser,hyser_subject_logo,hyser_subject_logo|subject17,plain_conf_threshold_matched_tau_0.05,subject17,session2,session2,202,0.0,0.0,0.32673267326732675,,0.4,,
hyser,hyser_subject_logo,hyser_subject_logo|subject17,plain_conf_threshold_matched_tau_0.10,subject17,session1,session1,201,0.024875621890547265,0.01990049751243781,0.2736318407960199,0.7,0.4,1.0,1.0
hyser,hyser_subject_logo,hyser_subject_logo|subject17,plain_conf_threshold_matched_tau_0.10,subject17,session2,session2,202,0.0,0.0,0.32673267326732675,0.6,0.4,,
hyser,hyser_subject_logo,hyser_subject_logo|subject17,plain_conf_threshold_matched_tau_0.15,subject17,session1,session1,201,0.024875621890547265,0.01990049751243781,0.2736318407960199,0.6,0.4,1.0,1.0
hyser,hyser_subject_logo,hyser_subject_logo|subject17,plain_conf_threshold_matched_tau_0.15,subject17,session2,session2,202,0.01485148514851485,0.009900990099009901,0.3415841584158416,0.6,0.4,0.8,0.7
hyser,hyser_subject_logo,hyser_subject_logo|subject17,plain_conf_threshold_matched_tau_0.20,subject17,session1,session1,201,0.03482587064676617,0.03482587064676617,0.2935323383084577,0.8,0.4,1.0,1.0
hyser,hyser_subject_logo,hyser_subject_logo|subject17,plain_conf_threshold_matched_tau_0.20,subject17,session2,session2,202,0.0297029702970297,0.019801980198019802,0.3564356435643564,0.8,0.4,0.9,1.0
hyser,hyser_subject_logo,hyser_subject_logo|subject17,selective_prediction,subject17,session1,session1,201,0.03980099502487562,0.0,0.24378109452736318,0.6,0.4,0.6,
hyser,hyser_subject_logo,hyser_subject_logo|subject17,selective_prediction,subject17,session2,session2,202,0.0,0.0,0.32673267326732675,0.6000000000000001,0.4,,
hyser,hyser_subject_logo,hyser_subject_logo|subject17,set_acsa_tau_0.02,subject17,session1,session1,201,0.009950248756218905,0.004975124378109453,0.24378109452736318,0.6,0.4,0.5,0.6
hyser,hyser_subject_logo,hyser_subject_logo|subject17,set_acsa_tau_0.02,subject17,session2,session2,202,0.01485148514851485,0.0,0.32673267326732675,0.4,0.4,0.6,
hyser,hyser_subject_logo,hyser_subject_logo|subject17,set_acsa_tau_0.05,subject17,session1,session1,201,0.024875621890547265,0.009950248756218905,0.24875621890547264,0.6,0.4,0.8,0.8
hyser,hyser_subject_logo,hyser_subject_logo|subject17,set_acsa_tau_0.05,subject17,session2,session2,202,0.039603960396039604,0.019801980198019802,0.3465346534653465,0.6,0.4,0.8,1.0
hyser,hyser_subject_logo,hyser_subject_logo|subject17,set_acsa_tau_0.10,subject17,session1,session1,201,0.0845771144278607,0.04975124378109453,0.26865671641791045,0.6,0.4,0.8,0.9
hyser,hyser_subject_logo,hyser_subject_logo|subject17,set_acsa_tau_0.10,subject17,session2,session2,202,0.09405940594059406,0.054455445544554455,0.37623762376237624,0.6,0.4,0.8,1.0
hyser,hyser_subject_logo,hyser_subject_logo|subject17,set_acsa_tau_0.15,subject17,session1,session1,201,0.1044776119402985,0.05472636815920398,0.2736318407960199,0.6,0.4,0.8,0.8
hyser,hyser_subject_logo,hyser_subject_logo|subject17,set_acsa_tau_0.15,subject17,session2,session2,202,0.12376237623762376,0.07920792079207921,0.3811881188118812,0.4,0.4,0.8,0.8
hyser,hyser_subject_logo,hyser_subject_logo|subject17,set_acsa_tau_0.20,subject17,session1,session1,201,0.10945273631840796,0.07462686567164178,0.2885572139303483,0.6,0.4,0.8,0.8
hyser,hyser_subject_logo,hyser_subject_logo|subject17,set_acsa_tau_0.20,subject17,session2,session2,202,0.15841584158415842,0.08415841584158416,0.3811881188118812,0.4,0.4,0.6,0.8
hyser,hyser_subject_logo,hyser_subject_logo|subject17,user_only,subject17,session1,session1,201,0.0,0.0,0.24378109452736318,,0.4,,
hyser,hyser_subject_logo,hyser_subject_logo|subject17,user_only,subject17,session2,session2,202,0.0,0.0,0.32673267326732675,,0.4,,
hyser,hyser_subject_logo,hyser_subject_logo|subject18,agency_margin_tau_0.02,subject18,session1,session1,204,0.004901960784313725,0.004901960784313725,0.5,0.2,0.6,0.8,0.8
hyser,hyser_subject_logo,hyser_subject_logo|subject18,agency_margin_tau_0.02,subject18,session2,session2,203,0.024630541871921183,0.014778325123152709,0.5960591133004927,0.4,0.4,0.4,0.6
hyser,hyser_subject_logo,hyser_subject_logo|subject18,agency_margin_tau_0.05,subject18,session1,session1,204,0.0196078431372549,0.00980392156862745,0.4852941176470588,0.4,0.6,0.7,0.9
hyser,hyser_subject_logo,hyser_subject_logo|subject18,agency_margin_tau_0.05,subject18,session2,session2,203,0.04926108374384237,0.029556650246305417,0.5911330049261084,0.4,0.4,0.4,0.5
hyser,hyser_subject_logo,hyser_subject_logo|subject18,agency_margin_tau_0.10,subject18,session1,session1,204,0.03431372549019608,0.0196078431372549,0.4803921568627451,0.4,0.6,0.6,0.8
hyser,hyser_subject_logo,hyser_subject_logo|subject18,agency_margin_tau_0.10,subject18,session2,session2,203,0.07881773399014778,0.03940886699507389,0.5862068965517241,0.4,0.4,0.4,0.6
hyser,hyser_subject_logo,hyser_subject_logo|subject18,agency_margin_tau_0.15,subject18,session1,session1,204,0.049019607843137254,0.024509803921568627,0.47058823529411764,0.4,0.6,0.5,0.8
hyser,hyser_subject_logo,hyser_subject_logo|subject18,agency_margin_tau_0.15,subject18,session2,session2,203,0.09852216748768473,0.04926108374384237,0.5862068965517241,0.4,0.4,0.4,0.6
hyser,hyser_subject_logo,hyser_subject_logo|subject18,agency_margin_tau_0.20,subject18,session1,session1,204,0.049019607843137254,0.024509803921568627,0.47058823529411764,0.4,0.6,0.5,0.8
hyser,hyser_subject_logo,hyser_subject_logo|subject18,agency_margin_tau_0.20,subject18,session2,session2,203,0.10837438423645321,0.04926108374384237,0.5862068965517241,0.4,0.4,0.4,0.6
hyser,hyser_subject_logo,hyser_subject_logo|subject18,assist_only,subject18,session1,session1,204,0.14705882352941177,0.04411764705882353,0.27450980392156865,0.2,0.6,0.4,0.8
hyser,hyser_subject_logo,hyser_subject_logo|subject18,assist_only,subject18,session2,session2,203,0.3103448275862069,0.15763546798029557,0.4039408866995074,0.2,0.4,0.4,0.6
hyser,hyser_subject_logo,hyser_subject_logo|subject18,confidence_blend_alpha_0.25,subject18,session1,session1,204,0.06372549019607843,0.03431372549019608,0.4803921568627451,0.4,0.6,0.6,0.8
hyser,hyser_subject_logo,hyser_subject_logo|subject18,confidence_blend_alpha_0.25,subject18,session2,session2,203,0.10344827586206896,0.06403940886699508,0.5763546798029556,0.4,0.4,0.4,0.4
hyser,hyser_subject_logo,hyser_subject_logo|subject18,confidence_blend_alpha_0.50,subject18,session1,session1,204,0.10784313725490197,0.049019607843137254,0.44607843137254904,0.2,0.6,0.5,0.6000000000000001
hyser,hyser_subject_logo,hyser_subject_logo|subject18,confidence_blend_alpha_0.50,subject18,session2,session2,203,0.2019704433497537,0.11330049261083744,0.5665024630541872,0.4,0.4,0.4,0.6
hyser,hyser_subject_logo,hyser_subject_logo|subject18,confidence_blend_alpha_0.75,subject18,session1,session1,204,0.1568627450980392,0.06862745098039216,0.4068627450980392,0.2,0.6,0.4,0.5
hyser,hyser_subject_logo,hyser_subject_logo|subject18,confidence_blend_alpha_0.75,subject18,session2,session2,203,0.28078817733990147,0.13793103448275862,0.5172413793103449,0.2,0.4,0.4,0.6
hyser,hyser_subject_logo,hyser_subject_logo|subject18,plain_conf_threshold_matched_tau_0.02,subject18,session1,session1,204,0.0,0.0,0.5,,0.6,,
hyser,hyser_subject_logo,hyser_subject_logo|subject18,plain_conf_threshold_matched_tau_0.02,subject18,session2,session2,203,0.0,0.0,0.5911330049261084,,0.4,,
hyser,hyser_subject_logo,hyser_subject_logo|subject18,plain_conf_threshold_matched_tau_0.05,subject18,session1,session1,204,0.0,0.0,0.5,0.6,0.6,,
hyser,hyser_subject_logo,hyser_subject_logo|subject18,plain_conf_threshold_matched_tau_0.05,subject18,session2,session2,203,0.0,0.0,0.5911330049261084,,0.4,,
hyser,hyser_subject_logo,hyser_subject_logo|subject18,plain_conf_threshold_matched_tau_0.10,subject18,session1,session1,204,0.0,0.0,0.4950980392156863,0.8,0.6,,
hyser,hyser_subject_logo,hyser_subject_logo|subject18,plain_conf_threshold_matched_tau_0.10,subject18,session2,session2,203,0.0,0.0,0.5862068965517241,0.8,0.4,,
hyser,hyser_subject_logo,hyser_subject_logo|subject18,plain_conf_threshold_matched_tau_0.15,subject18,session1,session1,204,0.00980392156862745,0.004901960784313725,0.4950980392156863,0.8,0.6,0.8,0.8
hyser,hyser_subject_logo,hyser_subject_logo|subject18,plain_conf_threshold_matched_tau_0.15,subject18,session2,session2,203,0.0,0.0,0.5960591133004927,0.8,0.4,,
hyser,hyser_subject_logo,hyser_subject_logo|subject18,plain_conf_threshold_matched_tau_0.20,subject18,session1,session1,204,0.014705882352941176,0.00980392156862745,0.49019607843137253,0.8,0.6,0.8,0.8
hyser,hyser_subject_logo,hyser_subject_logo|subject18,plain_conf_threshold_matched_tau_0.20,subject18,session2,session2,203,0.009852216748768473,0.0,0.5911330049261084,0.8,0.4,0.6,
hyser,hyser_subject_logo,hyser_subject_logo|subject18,selective_prediction,subject18,session1,session1,204,0.0,0.0,0.5,0.6,0.6,,
hyser,hyser_subject_logo,hyser_subject_logo|subject18,selective_prediction,subject18,session2,session2,203,0.0,0.0,0.5911330049261084,0.8,0.4,,
hyser,hyser_subject_logo,hyser_subject_logo|subject18,set_acsa_tau_0.02,subject18,session1,session1,204,0.004901960784313725,0.004901960784313725,0.5,0.4,0.6,0.8,0.8
hyser,hyser_subject_logo,hyser_subject_logo|subject18,set_acsa_tau_0.02,subject18,session2,session2,203,0.024630541871921183,0.014778325123152709,0.5960591133004927,0.4,0.4,0.4,0.6
hyser,hyser_subject_logo,hyser_subject_logo|subject18,set_acsa_tau_0.05,subject18,session1,session1,204,0.0196078431372549,0.00980392156862745,0.4852941176470588,0.4,0.6,0.7,0.9
hyser,hyser_subject_logo,hyser_subject_logo|subject18,set_acsa_tau_0.05,subject18,session2,session2,203,0.04433497536945813,0.024630541871921183,0.5911330049261084,0.4,0.4,0.4,0.4
hyser,hyser_subject_logo,hyser_subject_logo|subject18,set_acsa_tau_0.10,subject18,session1,session1,204,0.03431372549019608,0.0196078431372549,0.4803921568627451,0.4,0.6,0.6,0.8
hyser,hyser_subject_logo,hyser_subject_logo|subject18,set_acsa_tau_0.10,subject18,session2,session2,203,0.07389162561576355,0.034482758620689655,0.5862068965517241,0.4,0.4,0.4,0.6
hyser,hyser_subject_logo,hyser_subject_logo|subject18,set_acsa_tau_0.15,subject18,session1,session1,204,0.049019607843137254,0.024509803921568627,0.47058823529411764,0.4,0.6,0.5,0.8
hyser,hyser_subject_logo,hyser_subject_logo|subject18,set_acsa_tau_0.15,subject18,session2,session2,203,0.09852216748768473,0.04926108374384237,0.5862068965517241,0.4,0.4,0.4,0.6
hyser,hyser_subject_logo,hyser_subject_logo|subject18,set_acsa_tau_0.20,subject18,session1,session1,204,0.049019607843137254,0.024509803921568627,0.47058823529411764,0.4,0.6,0.5,0.8
hyser,hyser_subject_logo,hyser_subject_logo|subject18,set_acsa_tau_0.20,subject18,session2,session2,203,0.10837438423645321,0.04926108374384237,0.5862068965517241,0.4,0.4,0.4,0.6
hyser,hyser_subject_logo,hyser_subject_logo|subject18,user_only,subject18,session1,session1,204,0.0,0.0,0.5,,0.6,,
hyser,hyser_subject_logo,hyser_subject_logo|subject18,user_only,subject18,session2,session2,203,0.0,0.0,0.5911330049261084,,0.4,,
hyser,hyser_subject_logo,hyser_subject_logo|subject19,agency_margin_tau_0.02,subject19,session1,session1,204,0.0196078431372549,0.014705882352941176,0.4411764705882353,0.6,0.6,0.6,0.6
hyser,hyser_subject_logo,hyser_subject_logo|subject19,agency_margin_tau_0.02,subject19,session2,session2,197,0.03553299492385787,0.015228426395939087,0.49238578680203043,0.4,0.6,0.4,1.0
hyser,hyser_subject_logo,hyser_subject_logo|subject19,agency_margin_tau_0.05,subject19,session1,session1,204,0.049019607843137254,0.029411764705882353,0.44607843137254904,0.4,0.6,0.6,0.6
hyser,hyser_subject_logo,hyser_subject_logo|subject19,agency_margin_tau_0.05,subject19,session2,session2,197,0.06091370558375635,0.030456852791878174,0.49238578680203043,0.4,0.6,0.4,0.9
hyser,hyser_subject_logo,hyser_subject_logo|subject19,agency_margin_tau_0.10,subject19,session1,session1,204,0.09313725490196079,0.05392156862745098,0.4264705882352941,0.4,0.6,0.6,0.6
hyser,hyser_subject_logo,hyser_subject_logo|subject19,agency_margin_tau_0.10,subject19,session2,session2,197,0.1065989847715736,0.06598984771573604,0.4873096446700508,0.4,0.5,0.4,0.6
hyser,hyser_subject_logo,hyser_subject_logo|subject19,agency_margin_tau_0.15,subject19,session1,session1,204,0.15196078431372548,0.0784313725490196,0.4166666666666667,0.4,0.6,0.6,0.6
hyser,hyser_subject_logo,hyser_subject_logo|subject19,agency_margin_tau_0.15,subject19,session2,session2,197,0.1218274111675127,0.08121827411167512,0.4873096446700508,0.4,0.4,0.4,0.5
hyser,hyser_subject_logo,hyser_subject_logo|subject19,agency_margin_tau_0.20,subject19,session1,session1,204,0.1715686274509804,0.10294117647058823,0.4264705882352941,0.4,0.5,0.6,0.6
hyser,hyser_subject_logo,hyser_subject_logo|subject19,agency_margin_tau_0.20,subject19,session2,session2,197,0.15228426395939088,0.09137055837563451,0.4720812182741117,0.4,0.4,0.4,0.6
hyser,hyser_subject_logo,hyser_subject_logo|subject19,assist_only,subject19,session1,session1,204,0.3333333333333333,0.1323529411764706,0.28431372549019607,0.2,0.6,0.4,0.6
hyser,hyser_subject_logo,hyser_subject_logo|subject19,assist_only,subject19,session2,session2,197,0.39593908629441626,0.20304568527918782,0.39086294416243655,0.2,0.4,0.4,0.6
hyser,hyser_subject_logo,hyser_subject_logo|subject19,confidence_blend_alpha_0.25,subject19,session1,session1,204,0.10294117647058823,0.06372549019607843,0.4166666666666667,0.4,0.4,0.6,0.6
hyser,hyser_subject_logo,hyser_subject_logo|subject19,confidence_blend_alpha_0.25,subject19,session2,session2,197,0.15736040609137056,0.08121827411167512,0.49238578680203043,0.4,0.4,0.6,0.6
hyser,hyser_subject_logo,hyser_subject_logo|subject19,confidence_blend_alpha_0.50,subject19,session1,session1,204,0.23039215686274508,0.11274509803921569,0.37745098039215685,0.2,0.4,0.4,0.6
hyser,hyser_subject_logo,hyser_subject_logo|subject19,confidence_blend_alpha_0.50,subject19,session2,session2,197,0.27411167512690354,0.14720812182741116,0.47715736040609136,0.4,0.4,0.4,0.6
hyser,hyser_subject_logo,hyser_subject_logo|subject19,confidence_blend_alpha_0.75,subject19,session1,session1,204,0.31862745098039214,0.1568627450980392,0.3235294117647059,0.2,0.4,0.4,0.6
hyser,hyser_subject_logo,hyser_subject_logo|subject19,confidence_blend_alpha_0.75,subject19,session2,session2,197,0.36548223350253806,0.19289340101522842,0.4517766497461929,0.2,0.4,0.6,0.6
hyser,hyser_subject_logo,hyser_subject_logo|subject19,plain_conf_threshold_matched_tau_0.02,subject19,session1,session1,204,0.0,0.0,0.4411764705882353,0.8,0.6,,
hyser,hyser_subject_logo,hyser_subject_logo|subject19,plain_conf_threshold_matched_tau_0.02,subject19,session2,session2,197,0.0,0.0,0.48223350253807107,0.9,0.6,,
hyser,hyser_subject_logo,hyser_subject_logo|subject19,plain_conf_threshold_matched_tau_0.05,subject19,session1,session1,204,0.004901960784313725,0.004901960784313725,0.45098039215686275,0.8,0.6,0.4,0.4
hyser,hyser_subject_logo,hyser_subject_logo|subject19,plain_conf_threshold_matched_tau_0.05,subject19,session2,session2,197,0.0,0.0,0.4873096446700508,0.8,0.6,,
hyser,hyser_subject_logo,hyser_subject_logo|subject19,plain_conf_threshold_matched_tau_0.10,subject19,session1,session1,204,0.014705882352941176,0.014705882352941176,0.43137254901960786,0.8,0.6,0.6,0.6
hyser,hyser_subject_logo,hyser_subject_logo|subject19,plain_conf_threshold_matched_tau_0.10,subject19,session2,session2,197,0.025380710659898477,0.015228426395939087,0.5025380710659898,0.8,0.6,1.0,1.0
hyser,hyser_subject_logo,hyser_subject_logo|subject19,plain_conf_threshold_matched_tau_0.15,subject19,session1,session1,204,0.0392156862745098,0.029411764705882353,0.4117647058823529,0.8,0.6,0.8,0.8
hyser,hyser_subject_logo,hyser_subject_logo|subject19,plain_conf_threshold_matched_tau_0.15,subject19,session2,session2,197,0.03553299492385787,0.025380710659898477,0.49746192893401014,0.8,0.6,0.6,1.0
hyser,hyser_subject_logo,hyser_subject_logo|subject19,plain_conf_threshold_matched_tau_0.20,subject19,session1,session1,204,0.06862745098039216,0.05392156862745098,0.4117647058823529,0.8,0.6,0.8,0.8
hyser,hyser_subject_logo,hyser_subject_logo|subject19,plain_conf_threshold_matched_tau_0.20,subject19,session2,session2,197,0.08121827411167512,0.06091370558375635,0.5076142131979695,0.8,0.6,0.6,0.8
hyser,hyser_subject_logo,hyser_subject_logo|subject19,selective_prediction,subject19,session1,session1,204,0.029411764705882353,0.004901960784313725,0.4411764705882353,0.8,0.6,0.8,0.8
hyser,hyser_subject_logo,hyser_subject_logo|subject19,selective_prediction,subject19,session2,session2,197,0.05583756345177665,0.005076142131979695,0.48223350253807107,0.8,0.6,0.8,1.0
hyser,hyser_subject_logo,hyser_subject_logo|subject19,set_acsa_tau_0.02,subject19,session1,session1,204,0.0196078431372549,0.014705882352941176,0.44607843137254904,0.6,0.6,0.6,0.6
hyser,hyser_subject_logo,hyser_subject_logo|subject19,set_acsa_tau_0.02,subject19,session2,session2,197,0.030456852791878174,0.01015228426395939,0.4873096446700508,0.4,0.6,0.4,0.7
hyser,hyser_subject_logo,hyser_subject_logo|subject19,set_acsa_tau_0.05,subject19,session1,session1,204,0.04411764705882353,0.029411764705882353,0.44607843137254904,0.4,0.6,0.6,0.6
hyser,hyser_subject_logo,hyser_subject_logo|subject19,set_acsa_tau_0.05,subject19,session2,session2,197,0.05583756345177665,0.025380710659898477,0.4873096446700508,0.4,0.6,0.4,0.8
hyser,hyser_subject_logo,hyser_subject_logo|subject19,set_acsa_tau_0.10,subject19,session1,session1,204,0.09313725490196079,0.05392156862745098,0.4264705882352941,0.4,0.6,0.6,0.6
hyser,hyser_subject_logo,hyser_subject_logo|subject19,set_acsa_tau_0.10,subject19,session2,session2,197,0.10152284263959391,0.06091370558375635,0.49238578680203043,0.4,0.4,0.4,0.6
hyser,hyser_subject_logo,hyser_subject_logo|subject19,set_acsa_tau_0.15,subject19,session1,session1,204,0.15196078431372548,0.0784313725490196,0.4166666666666667,0.4,0.6,0.6,0.6
hyser,hyser_subject_logo,hyser_subject_logo|subject19,set_acsa_tau_0.15,subject19,session2,session2,197,0.1218274111675127,0.08121827411167512,0.49238578680203043,0.4,0.4,0.4,0.5
hyser,hyser_subject_logo,hyser_subject_logo|subject19,set_acsa_tau_0.20,subject19,session1,session1,204,0.1715686274509804,0.10294117647058823,0.4264705882352941,0.4,0.5,0.6,0.6
hyser,hyser_subject_logo,hyser_subject_logo|subject19,set_acsa_tau_0.20,subject19,session2,session2,197,0.15228426395939088,0.09137055837563451,0.47715736040609136,0.4,0.4,0.4,0.6
hyser,hyser_subject_logo,hyser_subject_logo|subject19,user_only,subject19,session1,session1,204,0.0,0.0,0.4411764705882353,,0.6,,
hyser,hyser_subject_logo,hyser_subject_logo|subject19,user_only,subject19,session2,session2,197,0.0,0.0,0.48223350253807107,,0.6,,
hyser,hyser_subject_logo,hyser_subject_logo|subject20,agency_margin_tau_0.02,subject20,session1,session1,201,0.029850746268656716,0.009950248756218905,0.5920398009950248,0.2,0.4,0.2,0.2
hyser,hyser_subject_logo,hyser_subject_logo|subject20,agency_margin_tau_0.02,subject20,session2,session2,204,0.014705882352941176,0.00980392156862745,0.6715686274509803,0.6,0.4,0.8,0.9
hyser,hyser_subject_logo,hyser_subject_logo|subject20,agency_margin_tau_0.05,subject20,session1,session1,201,0.05970149253731343,0.03980099502487562,0.5970149253731343,0.2,0.4,0.5,0.6000000000000001
hyser,hyser_subject_logo,hyser_subject_logo|subject20,agency_margin_tau_0.05,subject20,session2,session2,204,0.049019607843137254,0.04411764705882353,0.6813725490196079,0.6,0.4,0.8,1.0
hyser,hyser_subject_logo,hyser_subject_logo|subject20,agency_margin_tau_0.10,subject20,session1,session1,201,0.0945273631840796,0.06965174129353234,0.5970149253731343,0.30000000000000004,0.4,0.6,0.5
hyser,hyser_subject_logo,hyser_subject_logo|subject20,agency_margin_tau_0.10,subject20,session2,session2,204,0.08333333333333333,0.058823529411764705,0.6764705882352942,0.4,0.4,0.6,1.0
hyser,hyser_subject_logo,hyser_subject_logo|subject20,agency_margin_tau_0.15,subject20,session1,session1,201,0.13432835820895522,0.1044776119402985,0.5920398009950248,0.4,0.4,0.6,0.6
hyser,hyser_subject_logo,hyser_subject_logo|subject20,agency_margin_tau_0.15,subject20,session2,session2,204,0.11764705882352941,0.08333333333333333,0.6764705882352942,0.4,0.4,0.5,0.8
hyser,hyser_subject_logo,hyser_subject_logo|subject20,agency_margin_tau_0.20,subject20,session1,session1,201,0.14925373134328357,0.11940298507462686,0.5870646766169154,0.4,0.4,0.6,0.6
hyser,hyser_subject_logo,hyser_subject_logo|subject20,agency_margin_tau_0.20,subject20,session2,session2,204,0.12254901960784313,0.0784313725490196,0.6568627450980392,0.4,0.4,0.4,0.7
hyser,hyser_subject_logo,hyser_subject_logo|subject20,assist_only,subject20,session1,session1,201,0.3681592039800995,0.25870646766169153,0.48258706467661694,0.2,0.4,0.4,0.4
hyser,hyser_subject_logo,hyser_subject_logo|subject20,assist_only,subject20,session2,session2,204,0.27941176470588236,0.1568627450980392,0.5,0.2,0.4,0.4,0.8
hyser,hyser_subject_logo,hyser_subject_logo|subject20,confidence_blend_alpha_0.25,subject20,session1,session1,201,0.13930348258706468,0.0845771144278607,0.6069651741293532,0.4,0.4,0.6,0.6
hyser,hyser_subject_logo,hyser_subject_logo|subject20,confidence_blend_alpha_0.25,subject20,session2,session2,204,0.11764705882352941,0.08823529411764706,0.6862745098039216,0.6,0.4,0.7,0.8
hyser,hyser_subject_logo,hyser_subject_logo|subject20,confidence_blend_alpha_0.50,subject20,session1,session1,201,0.263681592039801,0.19402985074626866,0.6218905472636815,0.4,0.4,0.6,0.6
hyser,hyser_subject_logo,hyser_subject_logo|subject20,confidence_blend_alpha_0.50,subject20,session2,session2,204,0.19607843137254902,0.15196078431372548,0.6764705882352942,0.2,0.4,0.6,0.8
hyser,hyser_subject_logo,hyser_subject_logo|subject20,confidence_blend_alpha_0.75,subject20,session1,session1,201,0.3283582089552239,0.2537313432835821,0.572139303482587,0.2,0.4,0.4,0.6
hyser,hyser_subject_logo,hyser_subject_logo|subject20,confidence_blend_alpha_0.75,subject20,session2,session2,204,0.2549019607843137,0.18137254901960784,0.6225490196078431,0.2,0.4,0.4,0.6
hyser,hyser_subject_logo,hyser_subject_logo|subject20,plain_conf_threshold_matched_tau_0.02,subject20,session1,session1,201,0.0,0.0,0.5920398009950248,,0.4,,
hyser,hyser_subject_logo,hyser_subject_logo|subject20,plain_conf_threshold_matched_tau_0.02,subject20,session2,session2,204,0.0,0.0,0.6764705882352942,,0.4,,
hyser,hyser_subject_logo,hyser_subject_logo|subject20,plain_conf_threshold_matched_tau_0.05,subject20,session1,session1,201,0.0,0.0,0.5920398009950248,0.8,0.4,,
hyser,hyser_subject_logo,hyser_subject_logo|subject20,plain_conf_threshold_matched_tau_0.05,subject20,session2,session2,204,0.00980392156862745,0.00980392156862745,0.6813725490196079,1.0,0.4,1.0,1.0
hyser,hyser_subject_logo,hyser_subject_logo|subject20,plain_conf_threshold_matched_tau_0.10,subject20,session1,session1,201,0.014925373134328358,0.014925373134328358,0.6019900497512438,0.8,0.4,0.8,0.8
hyser,hyser_subject_logo,hyser_subject_logo|subject20,plain_conf_threshold_matched_tau_0.10,subject20,session2,session2,204,0.0196078431372549,0.0196078431372549,0.6813725490196079,0.8,0.4,1.0,1.0
hyser,hyser_subject_logo,hyser_subject_logo|subject20,plain_conf_threshold_matched_tau_0.15,subject20,session1,session1,201,0.024875621890547265,0.01990049751243781,0.6019900497512438,0.6,0.4,0.6,0.7
hyser,hyser_subject_logo,hyser_subject_logo|subject20,plain_conf_threshold_matched_tau_0.15,subject20,session2,session2,204,0.029411764705882353,0.024509803921568627,0.6764705882352942,0.8,0.4,0.9,1.0
hyser,hyser_subject_logo,hyser_subject_logo|subject20,plain_conf_threshold_matched_tau_0.20,subject20,session1,session1,201,0.04975124378109453,0.04477611940298507,0.6019900497512438,0.6,0.4,0.7,0.8
hyser,hyser_subject_logo,hyser_subject_logo|subject20,plain_conf_threshold_matched_tau_0.20,subject20,session2,session2,204,0.03431372549019608,0.029411764705882353,0.6666666666666666,0.8,0.4,1.0,1.0
hyser,hyser_subject_logo,hyser_subject_logo|subject20,selective_prediction,subject20,session1,session1,201,0.029850746268656716,0.0,0.5920398009950248,0.8,0.4,0.8,
hyser,hyser_subject_logo,hyser_subject_logo|subject20,selective_prediction,subject20,session2,session2,204,0.0196078431372549,0.0,0.6764705882352942,0.8,0.4,1.0,
hyser,hyser_subject_logo,hyser_subject_logo|subject20,set_acsa_tau_0.02,subject20,session1,session1,201,0.024875621890547265,0.009950248756218905,0.5920398009950248,0.2,0.4,0.2,0.2
hyser,hyser_subject_logo,hyser_subject_logo|subject20,set_acsa_tau_0.02,subject20,session2,session2,204,0.014705882352941176,0.00980392156862745,0.6715686274509803,0.6,0.4,0.8,0.9
hyser,hyser_subject_logo,hyser_subject_logo|subject20,set_acsa_tau_0.05,subject20,session1,session1,201,0.04975124378109453,0.03482587064676617,0.5920398009950248,0.2,0.4,0.5,0.4
hyser,hyser_subject_logo,hyser_subject_logo|subject20,set_acsa_tau_0.05,subject20,session2,session2,204,0.049019607843137254,0.04411764705882353,0.6813725490196079,0.6,0.4,0.8,1.0
hyser,hyser_subject_logo,hyser_subject_logo|subject20,set_acsa_tau_0.10,subject20,session1,session1,201,0.08955223880597014,0.06467661691542288,0.5970149253731343,0.2,0.4,0.5,0.4
hyser,hyser_subject_logo,hyser_subject_logo|subject20,set_acsa_tau_0.10,subject20,session2,session2,204,0.0784313725490196,0.05392156862745098,0.6715686274509803,0.4,0.4,0.5,1.0
hyser,hyser_subject_logo,hyser_subject_logo|subject20,set_acsa_tau_0.15,subject20,session1,session1,201,0.12935323383084577,0.09950248756218906,0.5970149253731343,0.30000000000000004,0.4,0.6,0.6
hyser,hyser_subject_logo,hyser_subject_logo|subject20,set_acsa_tau_0.15,subject20,session2,session2,204,0.11274509803921569,0.0784313725490196,0.6715686274509803,0.4,0.4,0.4,0.7
hyser,hyser_subject_logo,hyser_subject_logo|subject20,set_acsa_tau_0.20,subject20,session1,session1,201,0.14427860696517414,0.11442786069651742,0.5870646766169154,0.4,0.4,0.6,0.6
hyser,hyser_subject_logo,hyser_subject_logo|subject20,set_acsa_tau_0.20,subject20,session2,session2,204,0.12254901960784313,0.0784313725490196,0.6568627450980392,0.4,0.4,0.4,0.7
hyser,hyser_subject_logo,hyser_subject_logo|subject20,user_only,subject20,session1,session1,201,0.0,0.0,0.5920398009950248,,0.4,,
hyser,hyser_subject_logo,hyser_subject_logo|subject20,user_only,subject20,session2,session2,204,0.0,0.0,0.6764705882352942,,0.4,,
hyser,hyser_within_subject_dayshift,hyser_within_subject_dayshift|session2,agency_margin_tau_0.02,subject01,session2,session2,197,0.050761421319796954,0.03553299492385787,0.700507614213198,0.4,0.4,0.4,0.6
hyser,hyser_within_subject_dayshift,hyser_within_subject_dayshift|session2,agency_margin_tau_0.02,subject02,session2,session2,202,0.054455445544554455,0.01485148514851485,0.4306930693069307,0.6,0.4,0.6,0.6
hyser,hyser_within_subject_dayshift,hyser_within_subject_dayshift|session2,agency_margin_tau_0.02,subject03,session2,session2,197,0.050761421319796954,0.025380710659898477,0.4416243654822335,0.6,0.4,0.6,0.8
hyser,hyser_within_subject_dayshift,hyser_within_subject_dayshift|session2,agency_margin_tau_0.02,subject04,session2,session2,204,0.06372549019607843,0.0196078431372549,0.36764705882352944,0.7,0.2,0.8,0.7
hyser,hyser_within_subject_dayshift,hyser_within_subject_dayshift|session2,agency_margin_tau_0.02,subject05,session2,session2,204,0.0392156862745098,0.0196078431372549,0.21568627450980393,0.6,0.6,0.9,1.0
hyser,hyser_within_subject_dayshift,hyser_within_subject_dayshift|session2,agency_margin_tau_0.02,subject06,session2,session2,201,0.03980099502487562,0.01990049751243781,0.6517412935323383,0.6,0.4,0.5,0.7
hyser,hyser_within_subject_dayshift,hyser_within_subject_dayshift|session2,agency_margin_tau_0.02,subject07,session2,session2,204,0.058823529411764705,0.024509803921568627,0.6862745098039216,0.6,0.4,0.7,0.8
hyser,hyser_within_subject_dayshift,hyser_within_subject_dayshift|session2,agency_margin_tau_0.02,subject08,session2,session2,203,0.059113300492610835,0.03940886699507389,0.4876847290640394,0.4,0.4,0.8,1.0
hyser,hyser_within_subject_dayshift,hyser_within_subject_dayshift|session2,agency_margin_tau_0.02,subject09,session2,session2,204,0.06372549019607843,0.049019607843137254,0.6372549019607843,0.6,0.4,0.6,0.7
hyser,hyser_within_subject_dayshift,hyser_within_subject_dayshift|session2,agency_margin_tau_0.02,subject10,session2,session2,200,0.03,0.025,0.52,0.4,0.4,0.5,0.2
hyser,hyser_within_subject_dayshift,hyser_within_subject_dayshift|session2,agency_margin_tau_0.02,subject11,session2,session2,203,0.054187192118226604,0.019704433497536946,0.32019704433497537,0.6,0.4,0.6,1.0
hyser,hyser_within_subject_dayshift,hyser_within_subject_dayshift|session2,agency_margin_tau_0.02,subject12,session2,session2,203,0.029556650246305417,0.014778325123152709,0.4088669950738916,0.4,0.6,0.7,0.8
hyser,hyser_within_subject_dayshift,hyser_within_subject_dayshift|session2,agency_margin_tau_0.02,subject13,session2,session2,204,0.049019607843137254,0.024509803921568627,0.7009803921568627,0.4,0.4,0.8,0.8
hyser,hyser_within_subject_dayshift,hyser_within_subject_dayshift|session2,agency_margin_tau_0.02,subject14,session2,session2,201,0.024875621890547265,0.014925373134328358,0.5970149253731343,0.4,0.6,0.6,0.8
hyser,hyser_within_subject_dayshift,hyser_within_subject_dayshift|session2,agency_margin_tau_0.02,subject15,session2,session2,201,0.01990049751243781,0.014925373134328358,0.527363184079602,0.4,0.4,0.4,0.4
hyser,hyser_within_subject_dayshift,hyser_within_subject_dayshift|session2,agency_margin_tau_0.02,subject16,session2,session2,204,0.014705882352941176,0.00980392156862745,0.5980392156862745,0.6,0.4,0.4,0.5
hyser,hyser_within_subject_dayshift,hyser_within_subject_dayshift|session2,agency_margin_tau_0.02,subject17,session2,session2,202,0.024752475247524754,0.009900990099009901,0.32673267326732675,0.6,0.4,0.6,0.6
hyser,hyser_within_subject_dayshift,hyser_within_subject_dayshift|session2,agency_margin_tau_0.02,subject18,session2,session2,203,0.0049261083743842365,0.0,0.47783251231527096,0.30000000000000004,0.4,0.2,
hyser,hyser_within_subject_dayshift,hyser_within_subject_dayshift|session2,agency_margin_tau_0.02,subject19,session2,session2,197,0.015228426395939087,0.01015228426395939,0.4365482233502538,0.7,0.4,0.8,0.9
hyser,hyser_within_subject_dayshift,hyser_within_subject_dayshift|session2,agency_margin_tau_0.02,subject20,session2,session2,204,0.024509803921568627,0.024509803921568627,0.6225490196078431,0.8,0.4,1.0,1.0
hyser,hyser_within_subject_dayshift,hyser_within_subject_dayshift|session2,agency_margin_tau_0.05,subject01,session2,session2,197,0.1319796954314721,0.08629441624365482,0.7208121827411168,0.4,0.4,0.6,0.8
hyser,hyser_within_subject_dayshift,hyser_within_subject_dayshift|session2,agency_margin_tau_0.05,subject02,session2,session2,202,0.11386138613861387,0.04455445544554455,0.4504950495049505,0.6,0.4,0.8,1.0
hyser,hyser_within_subject_dayshift,hyser_within_subject_dayshift|session2,agency_margin_tau_0.05,subject03,session2,session2,197,0.1116751269035533,0.06598984771573604,0.4720812182741117,0.6,0.4,0.7,0.8
hyser,hyser_within_subject_dayshift,hyser_within_subject_dayshift|session2,agency_margin_tau_0.05,subject04,session2,session2,204,0.16666666666666666,0.08823529411764706,0.4215686274509804,0.8,0.2,0.8,1.0
hyser,hyser_within_subject_dayshift,hyser_within_subject_dayshift|session2,agency_margin_tau_0.05,subject05,session2,session2,204,0.10784313725490197,0.06372549019607843,0.24509803921568626,0.6,0.6,0.8,1.0
hyser,hyser_within_subject_dayshift,hyser_within_subject_dayshift|session2,agency_margin_tau_0.05,subject06,session2,session2,201,0.08955223880597014,0.05970149253731343,0.6766169154228856,0.6,0.4,0.7,0.9
hyser,hyser_within_subject_dayshift,hyser_within_subject_dayshift|session2,agency_margin_tau_0.05,subject07,session2,session2,204,0.09803921568627451,0.049019607843137254,0.6911764705882353,0.4,0.4,0.6,0.8
hyser,hyser_within_subject_dayshift,hyser_within_subject_dayshift|session2,agency_margin_tau_0.05,subject08,session2,session2,203,0.10344827586206896,0.06403940886699508,0.4975369458128079,0.4,0.4,0.8,1.0
hyser,hyser_within_subject_dayshift,hyser_within_subject_dayshift|session2,agency_margin_tau_0.05,subject09,session2,session2,204,0.1715686274509804,0.14215686274509803,0.6715686274509803,0.6,0.4,0.6,0.8
hyser,hyser_within_subject_dayshift,hyser_within_subject_dayshift|session2,agency_margin_tau_0.05,subject10,session2,session2,200,0.09,0.065,0.53,0.4,0.4,0.8,0.8
hyser,hyser_within_subject_dayshift,hyser_within_subject_dayshift|session2,agency_margin_tau_0.05,subject11,session2,session2,203,0.10837438423645321,0.019704433497536946,0.32019704433497537,0.6,0.4,0.6,1.0
hyser,hyser_within_subject_dayshift,hyser_within_subject_dayshift|session2,agency_margin_tau_0.05,subject12,session2,session2,203,0.07389162561576355,0.03940886699507389,0.4187192118226601,0.6,0.6,0.6,0.8
hyser,hyser_within_subject_dayshift,hyser_within_subject_dayshift|session2,agency_margin_tau_0.05,subject13,session2,session2,204,0.08823529411764706,0.06372549019607843,0.7107843137254902,0.4,0.4,0.8,0.8
hyser,hyser_within_subject_dayshift,hyser_within_subject_dayshift|session2,agency_margin_tau_0.05,subject14,session2,session2,201,0.07462686567164178,0.03482587064676617,0.5970149253731343,0.4,0.6,0.6,0.8
hyser,hyser_within_subject_dayshift,hyser_within_subject_dayshift|session2,agency_margin_tau_0.05,subject15,session2,session2,201,0.04975124378109453,0.029850746268656716,0.5124378109452736,0.4,0.4,0.4,0.6000000000000001
hyser,hyser_within_subject_dayshift,hyser_within_subject_dayshift|session2,agency_margin_tau_0.05,subject16,session2,session2,204,0.06862745098039216,0.024509803921568627,0.5931372549019608,0.4,0.4,0.4,0.4
hyser,hyser_within_subject_dayshift,hyser_within_subject_dayshift|session2,agency_margin_tau_0.05,subject17,session2,session2,202,0.0594059405940594,0.019801980198019802,0.3217821782178218,0.5,0.4,0.6,0.9
hyser,hyser_within_subject_dayshift,hyser_within_subject_dayshift|session2,agency_margin_tau_0.05,subject18,session2,session2,203,0.009852216748768473,0.0049261083743842365,0.4827586206896552,0.4,0.4,0.6,1.0
hyser,hyser_within_subject_dayshift,hyser_within_subject_dayshift|session2,agency_margin_tau_0.05,subject19,session2,session2,197,0.04060913705583756,0.015228426395939087,0.4263959390862944,0.6,0.4,0.8,0.8
hyser,hyser_within_subject_dayshift,hyser_within_subject_dayshift|session2,agency_margin_tau_0.05,subject20,session2,session2,204,0.05392156862745098,0.049019607843137254,0.6274509803921569,0.6,0.4,0.8,0.9
hyser,hyser_within_subject_dayshift,hyser_within_subject_dayshift|session2,agency_margin_tau_0.10,subject01,session2,session2,197,0.20304568527918782,0.14720812182741116,0.7411167512690355,0.4,0.4,0.6,0.8
hyser,hyser_within_subject_dayshift,hyser_within_subject_dayshift|session2,agency_margin_tau_0.10,subject02,session2,session2,202,0.24257425742574257,0.12871287128712872,0.5198019801980198,0.6,0.4,0.8,1.0
hyser,hyser_within_subject_dayshift,hyser_within_subject_dayshift|session2,agency_margin_tau_0.10,subject03,session2,session2,197,0.18274111675126903,0.1218274111675127,0.49238578680203043,0.6,0.4,0.6,0.8
hyser,hyser_within_subject_dayshift,hyser_within_subject_dayshift|session2,agency_margin_tau_0.10,subject04,session2,session2,204,0.28431372549019607,0.16176470588235295,0.49019607843137253,0.8,0.2,0.8,1.0
hyser,hyser_within_subject_dayshift,hyser_within_subject_dayshift|session2,agency_margin_tau_0.10,subject05,session2,session2,204,0.22549019607843138,0.13725490196078433,0.28431372549019607,0.6,0.6,0.7,1.0
hyser,hyser_within_subject_dayshift,hyser_within_subject_dayshift|session2,agency_margin_tau_0.10,subject06,session2,session2,201,0.14925373134328357,0.09950248756218906,0.6915422885572139,0.6,0.4,0.7,0.8
hyser,hyser_within_subject_dayshift,hyser_within_subject_dayshift|session2,agency_margin_tau_0.10,subject07,session2,session2,204,0.15196078431372548,0.08823529411764706,0.7009803921568627,0.4,0.4,0.6,0.8
hyser,hyser_within_subject_dayshift,hyser_within_subject_dayshift|session2,agency_margin_tau_0.10,subject08,session2,session2,203,0.14285714285714285,0.09359605911330049,0.5123152709359606,0.4,0.4,0.6,0.8
hyser,hyser_within_subject_dayshift,hyser_within_subject_dayshift|session2,agency_margin_tau_0.10,subject09,session2,session2,204,0.29411764705882354,0.21568627450980393,0.7009803921568627,0.4,0.4,0.6,0.6
hyser,hyser_within_subject_dayshift,hyser_within_subject_dayshift|session2,agency_margin_tau_0.10,subject10,session2,session2,200,0.15,0.11,0.525,0.4,0.4,0.7,0.7
hyser,hyser_within_subject_dayshift,hyser_within_subject_dayshift|session2,agency_margin_tau_0.10,subject11,session2,session2,203,0.18226600985221675,0.08374384236453201,0.3645320197044335,0.6,0.4,0.6,1.0
hyser,hyser_within_subject_dayshift,hyser_within_subject_dayshift|session2,agency_margin_tau_0.10,subject12,session2,session2,203,0.14285714285714285,0.08374384236453201,0.4433497536945813,0.4,0.6,0.8,0.8
hyser,hyser_within_subject_dayshift,hyser_within_subject_dayshift|session2,agency_margin_tau_0.10,subject13,session2,session2,204,0.14215686274509803,0.0784313725490196,0.7009803921568627,0.2,0.4,0.6,0.7
hyser,hyser_within_subject_dayshift,hyser_within_subject_dayshift|session2,agency_margin_tau_0.10,subject14,session2,session2,201,0.1044776119402985,0.05472636815920398,0.6019900497512438,0.2,0.6,0.4,0.6
hyser,hyser_within_subject_dayshift,hyser_within_subject_dayshift|session2,agency_margin_tau_0.10,subject15,session2,session2,201,0.09950248756218906,0.03980099502487562,0.5174129353233831,0.30000000000000004,0.4,0.5,0.8
hyser,hyser_within_subject_dayshift,hyser_within_subject_dayshift|session2,agency_margin_tau_0.10,subject16,session2,session2,204,0.10784313725490197,0.03431372549019608,0.5882352941176471,0.4,0.4,0.4,0.4
hyser,hyser_within_subject_dayshift,hyser_within_subject_dayshift|session2,agency_margin_tau_0.10,subject17,session2,session2,202,0.12871287128712872,0.06930693069306931,0.3316831683168317,0.5,0.4,0.7,0.8
hyser,hyser_within_subject_dayshift,hyser_within_subject_dayshift|session2,agency_margin_tau_0.10,subject18,session2,session2,203,0.014778325123152709,0.009852216748768473,0.4827586206896552,0.4,0.4,1.0,1.0
hyser,hyser_within_subject_dayshift,hyser_within_subject_dayshift|session2,agency_margin_tau_0.10,subject19,session2,session2,197,0.08629441624365482,0.04060913705583756,0.4467005076142132,0.6,0.4,0.8,0.8
hyser,hyser_within_subject_dayshift,hyser_within_subject_dayshift|session2,agency_margin_tau_0.10,subject20,session2,session2,204,0.09803921568627451,0.07352941176470588,0.6127450980392157,0.6,0.4,0.8,0.8
hyser,hyser_within_subject_dayshift,hyser_within_subject_dayshift|session2,agency_margin_tau_0.15,subject01,session2,session2,197,0.22842639593908629,0.16243654822335024,0.7208121827411168,0.4,0.4,0.6,0.6
hyser,hyser_within_subject_dayshift,hyser_within_subject_dayshift|session2,agency_margin_tau_0.15,subject02,session2,session2,202,0.27722772277227725,0.16336633663366337,0.5495049504950495,0.6,0.4,0.8,1.0
hyser,hyser_within_subject_dayshift,hyser_within_subject_dayshift|session2,agency_margin_tau_0.15,subject03,session2,session2,197,0.23857868020304568,0.15736040609137056,0.5126903553299492,0.4,0.4,0.6,0.8
hyser,hyser_within_subject_dayshift,hyser_within_subject_dayshift|session2,agency_margin_tau_0.15,subject04,session2,session2,204,0.3480392156862745,0.21568627450980393,0.5343137254901961,0.6,0.2,0.8,1.0
hyser,hyser_within_subject_dayshift,hyser_within_subject_dayshift|session2,agency_margin_tau_0.15,subject05,session2,session2,204,0.24509803921568626,0.16176470588235295,0.3088235294117647,0.6,0.6,0.6,0.8
hyser,hyser_within_subject_dayshift,hyser_within_subject_dayshift|session2,agency_margin_tau_0.15,subject06,session2,session2,201,0.20398009950248755,0.12935323383084577,0.6915422885572139,0.5,0.4,0.6,0.7
hyser,hyser_within_subject_dayshift,hyser_within_subject_dayshift|session2,agency_margin_tau_0.15,subject07,session2,session2,204,0.19117647058823528,0.12745098039215685,0.7156862745098039,0.4,0.4,0.6,0.8
hyser,hyser_within_subject_dayshift,hyser_within_subject_dayshift|session2,agency_margin_tau_0.15,subject08,session2,session2,203,0.1724137931034483,0.10344827586206896,0.5172413793103449,0.4,0.4,0.6,0.8
hyser,hyser_within_subject_dayshift,hyser_within_subject_dayshift|session2,agency_margin_tau_0.15,subject09,session2,session2,204,0.3284313725490196,0.25980392156862747,0.7352941176470589,0.4,0.4,0.6,0.6
hyser,hyser_within_subject_dayshift,hyser_within_subject_dayshift|session2,agency_margin_tau_0.15,subject10,session2,session2,200,0.175,0.13,0.54,0.4,0.4,0.6,0.8
hyser,hyser_within_subject_dayshift,hyser_within_subject_dayshift|session2,agency_margin_tau_0.15,subject11,session2,session2,203,0.21674876847290642,0.10344827586206896,0.3891625615763547,0.6,0.4,0.6,0.8
hyser,hyser_within_subject_dayshift,hyser_within_subject_dayshift|session2,agency_margin_tau_0.15,subject12,session2,session2,203,0.22167487684729065,0.11822660098522167,0.45320197044334976,0.2,0.6,0.6,0.8
hyser,hyser_within_subject_dayshift,hyser_within_subject_dayshift|session2,agency_margin_tau_0.15,subject13,session2,session2,204,0.1715686274509804,0.09313725490196079,0.7058823529411765,0.2,0.4,0.6,0.6
hyser,hyser_within_subject_dayshift,hyser_within_subject_dayshift|session2,agency_margin_tau_0.15,subject14,session2,session2,201,0.12437810945273632,0.06965174129353234,0.6119402985074627,0.2,0.6,0.4,0.7
hyser,hyser_within_subject_dayshift,hyser_within_subject_dayshift|session2,agency_margin_tau_0.15,subject15,session2,session2,201,0.12437810945273632,0.05970149253731343,0.527363184079602,0.2,0.4,0.4,0.8
hyser,hyser_within_subject_dayshift,hyser_within_subject_dayshift|session2,agency_margin_tau_0.15,subject16,session2,session2,204,0.11764705882352941,0.04411764705882353,0.5882352941176471,0.4,0.4,0.30000000000000004,0.4
hyser,hyser_within_subject_dayshift,hyser_within_subject_dayshift|session2,agency_margin_tau_0.15,subject17,session2,session2,202,0.16336633663366337,0.08415841584158416,0.3415841584158416,0.4,0.4,0.6,0.8
hyser,hyser_within_subject_dayshift,hyser_within_subject_dayshift|session2,agency_margin_tau_0.15,subject18,session2,session2,203,0.014778325123152709,0.009852216748768473,0.47783251231527096,0.4,0.4,1.0,1.0
hyser,hyser_within_subject_dayshift,hyser_within_subject_dayshift|session2,agency_margin_tau_0.15,subject19,session2,session2,197,0.1065989847715736,0.06091370558375635,0.45685279187817257,0.6,0.4,0.6,0.8
hyser,hyser_within_subject_dayshift,hyser_within_subject_dayshift|session2,agency_margin_tau_0.15,subject20,session2,session2,204,0.12745098039215685,0.08333333333333333,0.6078431372549019,0.4,0.4,0.4,0.8
hyser,hyser_within_subject_dayshift,hyser_within_subject_dayshift|session2,agency_margin_tau_0.20,subject01,session2,session2,197,0.2436548223350254,0.16243654822335024,0.7208121827411168,0.4,0.4,0.6,0.6
hyser,hyser_within_subject_dayshift,hyser_within_subject_dayshift|session2,agency_margin_tau_0.20,subject02,session2,session2,202,0.29207920792079206,0.19306930693069307,0.5792079207920792,0.6,0.4,0.8,0.8
hyser,hyser_within_subject_dayshift,hyser_within_subject_dayshift|session2,agency_margin_tau_0.20,subject03,session2,session2,197,0.23857868020304568,0.17258883248730963,0.5329949238578681,0.4,0.4,0.6,0.7
hyser,hyser_within_subject_dayshift,hyser_within_subject_dayshift|session2,agency_margin_tau_0.20,subject04,session2,session2,204,0.37745098039215685,0.2696078431372549,0.5686274509803921,0.6,0.2,0.8,1.0
hyser,hyser_within_subject_dayshift,hyser_within_subject_dayshift|session2,agency_margin_tau_0.20,subject05,session2,session2,204,0.27941176470588236,0.20098039215686275,0.3284313725490196,0.6,0.6,0.6,0.8
hyser,hyser_within_subject_dayshift,hyser_within_subject_dayshift|session2,agency_margin_tau_0.20,subject06,session2,session2,201,0.22885572139303484,0.15422885572139303,0.7164179104477612,0.6,0.4,0.6,0.8
hyser,hyser_within_subject_dayshift,hyser_within_subject_dayshift|session2,agency_margin_tau_0.20,subject07,session2,session2,204,0.20588235294117646,0.14705882352941177,0.7254901960784313,0.4,0.4,0.6,0.8
hyser,hyser_within_subject_dayshift,hyser_within_subject_dayshift|session2,agency_margin_tau_0.20,subject08,session2,session2,203,0.17733990147783252,0.11822660098522167,0.5270935960591133,0.4,0.4,0.6,0.8
hyser,hyser_within_subject_dayshift,hyser_within_subject_dayshift|session2,agency_margin_tau_0.20,subject09,session2,session2,204,0.3627450980392157,0.27450980392156865,0.7401960784313726,0.4,0.4,0.6,0.6
hyser,hyser_within_subject_dayshift,hyser_within_subject_dayshift|session2,agency_margin_tau_0.20,subject10,session2,session2,200,0.18,0.13,0.54,0.4,0.4,0.6,0.8
hyser,hyser_within_subject_dayshift,hyser_within_subject_dayshift|session2,agency_margin_tau_0.20,subject11,session2,session2,203,0.22167487684729065,0.12315270935960591,0.39901477832512317,0.6,0.4,0.6,0.8
hyser,hyser_within_subject_dayshift,hyser_within_subject_dayshift|session2,agency_margin_tau_0.20,subject12,session2,session2,203,0.2512315270935961,0.12807881773399016,0.458128078817734,0.2,0.6,0.6,0.7
hyser,hyser_within_subject_dayshift,hyser_within_subject_dayshift|session2,agency_margin_tau_0.20,subject13,session2,session2,204,0.20098039215686275,0.11274509803921569,0.7107843137254902,0.2,0.4,0.6,0.6
hyser,hyser_within_subject_dayshift,hyser_within_subject_dayshift|session2,agency_margin_tau_0.20,subject14,session2,session2,201,0.13432835820895522,0.0845771144278607,0.6019900497512438,0.2,0.6,0.4,0.6
hyser,hyser_within_subject_dayshift,hyser_within_subject_dayshift|session2,agency_margin_tau_0.20,subject15,session2,session2,201,0.13930348258706468,0.06965174129353234,0.5373134328358209,0.4,0.4,0.5,0.8
hyser,hyser_within_subject_dayshift,hyser_within_subject_dayshift|session2,agency_margin_tau_0.20,subject16,session2,session2,204,0.1323529411764706,0.049019607843137254,0.5833333333333334,0.4,0.4,0.2,0.4
hyser,hyser_within_subject_dayshift,hyser_within_subject_dayshift|session2,agency_margin_tau_0.20,subject17,session2,session2,202,0.1782178217821782,0.10396039603960396,0.3564356435643564,0.4,0.4,0.6,0.8
hyser,hyser_within_subject_dayshift,hyser_within_subject_dayshift|session2,agency_margin_tau_0.20,subject18,session2,session2,203,0.019704433497536946,0.014778325123152709,0.47783251231527096,0.4,0.4,1.0,1.0
hyser,hyser_within_subject_dayshift,hyser_within_subject_dayshift|session2,agency_margin_tau_0.20,subject19,session2,session2,197,0.1319796954314721,0.06598984771573604,0.45685279187817257,0.6,0.4,0.6,0.8
hyser,hyser_within_subject_dayshift,hyser_within_subject_dayshift|session2,agency_margin_tau_0.20,subject20,session2,session2,204,0.1323529411764706,0.08333333333333333,0.6029411764705882,0.4,0.4,0.4,0.8
hyser,hyser_within_subject_dayshift,hyser_within_subject_dayshift|session2,assist_only,subject01,session2,session2,197,0.41624365482233505,0.3350253807106599,0.6395939086294417,0.2,0.4,0.4,0.6
hyser,hyser_within_subject_dayshift,hyser_within_subject_dayshift|session2,assist_only,subject02,session2,session2,202,0.5297029702970297,0.39603960396039606,0.6138613861386139,0.2,0.4,0.4,0.6
hyser,hyser_within_subject_dayshift,hyser_within_subject_dayshift|session2,assist_only,subject03,session2,session2,197,0.4873096446700508,0.3756345177664975,0.5634517766497462,0.2,0.4,0.4,0.6
hyser,hyser_within_subject_dayshift,hyser_within_subject_dayshift|session2,assist_only,subject04,session2,session2,204,0.5588235294117647,0.43137254901960786,0.6715686274509803,0.2,0.2,0.6,0.8
hyser,hyser_within_subject_dayshift,hyser_within_subject_dayshift|session2,assist_only,subject05,session2,session2,204,0.45588235294117646,0.3088235294117647,0.4068627450980392,0.2,0.6,0.6,0.6
hyser,hyser_within_subject_dayshift,hyser_within_subject_dayshift|session2,assist_only,subject06,session2,session2,201,0.5422885572139303,0.44776119402985076,0.7960199004975125,0.2,0.4,0.4,0.4
hyser,hyser_within_subject_dayshift,hyser_within_subject_dayshift|session2,assist_only,subject07,session2,session2,204,0.4362745098039216,0.29901960784313725,0.5833333333333334,0.2,0.4,0.4,0.6
hyser,hyser_within_subject_dayshift,hyser_within_subject_dayshift|session2,assist_only,subject08,session2,session2,203,0.43842364532019706,0.26108374384236455,0.541871921182266,0.2,0.4,0.4,0.6
hyser,hyser_within_subject_dayshift,hyser_within_subject_dayshift|session2,assist_only,subject09,session2,session2,204,0.5588235294117647,0.4264705882352941,0.7450980392156863,0.2,0.4,0.4,0.4
hyser,hyser_within_subject_dayshift,hyser_within_subject_dayshift|session2,assist_only,subject10,session2,session2,200,0.35,0.26,0.495,0.2,0.4,0.4,0.6
hyser,hyser_within_subject_dayshift,hyser_within_subject_dayshift|session2,assist_only,subject11,session2,session2,203,0.4482758620689655,0.24630541871921183,0.3891625615763547,0.2,0.4,0.4,0.4
hyser,hyser_within_subject_dayshift,hyser_within_subject_dayshift|session2,assist_only,subject12,session2,session2,203,0.4827586206896552,0.3054187192118227,0.4876847290640394,0.2,0.6,0.6,0.7
hyser,hyser_within_subject_dayshift,hyser_within_subject_dayshift|session2,assist_only,subject13,session2,session2,204,0.46078431372549017,0.31862745098039214,0.696078431372549,0.2,0.4,0.4,0.6
hyser,hyser_within_subject_dayshift,hyser_within_subject_dayshift|session2,assist_only,subject14,session2,session2,201,0.3880597014925373,0.26865671641791045,0.5373134328358209,0.2,0.6,0.6,0.6
hyser,hyser_within_subject_dayshift,hyser_within_subject_dayshift|session2,assist_only,subject15,session2,session2,201,0.2835820895522388,0.15422885572139303,0.3880597014925373,0.2,0.4,0.4,0.8
hyser,hyser_within_subject_dayshift,hyser_within_subject_dayshift|session2,assist_only,subject16,session2,session2,204,0.3284313725490196,0.11764705882352941,0.39215686274509803,0.2,0.4,0.4,0.6
hyser,hyser_within_subject_dayshift,hyser_within_subject_dayshift|session2,assist_only,subject17,session2,session2,202,0.36633663366336633,0.2524752475247525,0.3465346534653465,0.2,0.4,0.4,0.6
hyser,hyser_within_subject_dayshift,hyser_within_subject_dayshift|session2,assist_only,subject18,session2,session2,203,0.2660098522167488,0.08866995073891626,0.31527093596059114,0.2,0.4,0.4,0.9
hyser,hyser_within_subject_dayshift,hyser_within_subject_dayshift|session2,assist_only,subject19,session2,session2,197,0.3248730964467005,0.15228426395939088,0.3350253807106599,0.2,0.6,0.6,0.6
hyser,hyser_within_subject_dayshift,hyser_within_subject_dayshift|session2,assist_only,subject20,session2,session2,204,0.3382352941176471,0.14705882352941177,0.37254901960784315,0.2,0.4,0.4,0.8
hyser,hyser_within_subject_dayshift,hyser_within_subject_dayshift|session2,confidence_blend_alpha_0.25,subject01,session2,session2,197,0.20304568527918782,0.15736040609137056,0.7411167512690355,0.4,0.4,0.6,0.6
hyser,hyser_within_subject_dayshift,hyser_within_subject_dayshift|session2,confidence_blend_alpha_0.25,subject02,session2,session2,202,0.17326732673267325,0.09405940594059406,0.47029702970297027,0.6,0.4,0.8,1.0
hyser,hyser_within_subject_dayshift,hyser_within_subject_dayshift|session2,confidence_blend_alpha_0.25,subject03,session2,session2,197,0.18781725888324874,0.10152284263959391,0.49238578680203043,0.6,0.4,0.6,0.8
hyser,hyser_within_subject_dayshift,hyser_within_subject_dayshift|session2,confidence_blend_alpha_0.25,subject04,session2,session2,204,0.2549019607843137,0.1323529411764706,0.45588235294117646,0.6,0.2,0.7,1.0
hyser,hyser_within_subject_dayshift,hyser_within_subject_dayshift|session2,confidence_blend_alpha_0.25,subject05,session2,session2,204,0.16176470588235295,0.10294117647058823,0.27941176470588236,0.6,0.6,0.6,0.8
hyser,hyser_within_subject_dayshift,hyser_within_subject_dayshift|session2,confidence_blend_alpha_0.25,subject06,session2,session2,201,0.208955223880597,0.14925373134328357,0.7114427860696517,0.6,0.4,0.8,0.8
hyser,hyser_within_subject_dayshift,hyser_within_subject_dayshift|session2,confidence_blend_alpha_0.25,subject07,session2,session2,204,0.17647058823529413,0.09803921568627451,0.7107843137254902,0.4,0.4,0.6,0.8
hyser,hyser_within_subject_dayshift,hyser_within_subject_dayshift|session2,confidence_blend_alpha_0.25,subject08,session2,session2,203,0.1724137931034483,0.09359605911330049,0.5024630541871922,0.4,0.4,0.6,0.8
hyser,hyser_within_subject_dayshift,hyser_within_subject_dayshift|session2,confidence_blend_alpha_0.25,subject09,session2,session2,204,0.3235294117647059,0.2647058823529412,0.7254901960784313,0.6,0.4,0.6,0.6
hyser,hyser_within_subject_dayshift,hyser_within_subject_dayshift|session2,confidence_blend_alpha_0.25,subject10,session2,session2,200,0.125,0.08,0.52,0.4,0.4,0.8,0.8
hyser,hyser_within_subject_dayshift,hyser_within_subject_dayshift|session2,confidence_blend_alpha_0.25,subject11,session2,session2,203,0.1724137931034483,0.08866995073891626,0.3645320197044335,0.6,0.4,0.6,0.8
hyser,hyser_within_subject_dayshift,hyser_within_subject_dayshift|session2,confidence_blend_alpha_0.25,subject12,session2,session2,203,0.15270935960591134,0.07881773399014778,0.4433497536945813,0.4,0.6,0.8,0.8
hyser,hyser_within_subject_dayshift,hyser_within_subject_dayshift|session2,confidence_blend_alpha_0.25,subject13,session2,session2,204,0.1323529411764706,0.09313725490196079,0.7205882352941176,0.4,0.4,0.6,0.6
hyser,hyser_within_subject_dayshift,hyser_within_subject_dayshift|session2,confidence_blend_alpha_0.25,subject14,session2,session2,201,0.11442786069651742,0.06965174129353234,0.6019900497512438,0.4,0.6,0.6,0.6
hyser,hyser_within_subject_dayshift,hyser_within_subject_dayshift|session2,confidence_blend_alpha_0.25,subject15,session2,session2,201,0.1044776119402985,0.05970149253731343,0.5124378109452736,0.4,0.4,0.4,0.6
hyser,hyser_within_subject_dayshift,hyser_within_subject_dayshift|session2,confidence_blend_alpha_0.25,subject16,session2,session2,204,0.11764705882352941,0.058823529411764705,0.5833333333333334,0.4,0.4,0.4,0.4
hyser,hyser_within_subject_dayshift,hyser_within_subject_dayshift|session2,confidence_blend_alpha_0.25,subject17,session2,session2,202,0.10396039603960396,0.04455445544554455,0.33663366336633666,0.4,0.4,0.6,0.8
hyser,hyser_within_subject_dayshift,hyser_within_subject_dayshift|session2,confidence_blend_alpha_0.25,subject18,session2,session2,203,0.024630541871921183,0.014778325123152709,0.4729064039408867,0.4,0.4,0.4,0.4
hyser,hyser_within_subject_dayshift,hyser_within_subject_dayshift|session2,confidence_blend_alpha_0.25,subject19,session2,session2,197,0.10152284263959391,0.050761421319796954,0.45685279187817257,0.6,0.4,0.8,0.8
hyser,hyser_within_subject_dayshift,hyser_within_subject_dayshift|session2,confidence_blend_alpha_0.25,subject20,session2,session2,204,0.10294117647058823,0.0784313725490196,0.6225490196078431,0.6,0.4,0.8,0.8
hyser,hyser_within_subject_dayshift,hyser_within_subject_dayshift|session2,confidence_blend_alpha_0.50,subject01,session2,session2,197,0.3401015228426396,0.25888324873096447,0.7258883248730964,0.4,0.4,0.6,0.6
hyser,hyser_within_subject_dayshift,hyser_within_subject_dayshift|session2,confidence_blend_alpha_0.50,subject02,session2,session2,202,0.33663366336633666,0.23267326732673269,0.5792079207920792,0.4,0.4,0.7,0.8
hyser,hyser_within_subject_dayshift,hyser_within_subject_dayshift|session2,confidence_blend_alpha_0.50,subject03,session2,session2,197,0.3553299492385787,0.2639593908629442,0.5939086294416244,0.4,0.4,0.6,0.8
hyser,hyser_within_subject_dayshift,hyser_within_subject_dayshift|session2,confidence_blend_alpha_0.50,subject04,session2,session2,204,0.46568627450980393,0.3284313725490196,0.6127450980392157,0.4,0.2,0.8,1.0
hyser,hyser_within_subject_dayshift,hyser_within_subject_dayshift|session2,confidence_blend_alpha_0.50,subject05,session2,session2,204,0.27941176470588236,0.2107843137254902,0.3431372549019608,0.4,0.6,0.6,0.8
hyser,hyser_within_subject_dayshift,hyser_within_subject_dayshift|session2,confidence_blend_alpha_0.50,subject06,session2,session2,201,0.38308457711442784,0.29850746268656714,0.7910447761194029,0.4,0.4,0.6,0.8
hyser,hyser_within_subject_dayshift,hyser_within_subject_dayshift|session2,confidence_blend_alpha_0.50,subject07,session2,session2,204,0.30392156862745096,0.22058823529411764,0.7401960784313726,0.2,0.4,0.4,0.8
hyser,hyser_within_subject_dayshift,hyser_within_subject_dayshift|session2,confidence_blend_alpha_0.50,subject08,session2,session2,203,0.2857142857142857,0.16748768472906403,0.5467980295566502,0.4,0.4,0.5,0.6
hyser,hyser_within_subject_dayshift,hyser_within_subject_dayshift|session2,confidence_blend_alpha_0.50,subject09,session2,session2,204,0.4264705882352941,0.3431372549019608,0.7450980392156863,0.4,0.4,0.4,0.6
hyser,hyser_within_subject_dayshift,hyser_within_subject_dayshift|session2,confidence_blend_alpha_0.50,subject10,session2,session2,200,0.235,0.16,0.53,0.4,0.4,0.6,0.6
hyser,hyser_within_subject_dayshift,hyser_within_subject_dayshift|session2,confidence_blend_alpha_0.50,subject11,session2,session2,203,0.29064039408866993,0.17733990147783252,0.42857142857142855,0.4,0.4,0.6,0.6
hyser,hyser_within_subject_dayshift,hyser_within_subject_dayshift|session2,confidence_blend_alpha_0.50,subject12,session2,session2,203,0.3448275862068966,0.22660098522167488,0.5172413793103449,0.2,0.6,0.6,0.8
hyser,hyser_within_subject_dayshift,hyser_within_subject_dayshift|session2,confidence_blend_alpha_0.50,subject13,session2,session2,204,0.3088235294117647,0.20588235294117646,0.7303921568627451,0.2,0.4,0.6,0.6
hyser,hyser_within_subject_dayshift,hyser_within_subject_dayshift|session2,confidence_blend_alpha_0.50,subject14,session2,session2,201,0.2537313432835821,0.1890547263681592,0.6268656716417911,0.2,0.6,0.6,0.6
hyser,hyser_within_subject_dayshift,hyser_within_subject_dayshift|session2,confidence_blend_alpha_0.50,subject15,session2,session2,201,0.20398009950248755,0.11442786069651742,0.5422885572139303,0.4,0.4,0.4,0.8
hyser,hyser_within_subject_dayshift,hyser_within_subject_dayshift|session2,confidence_blend_alpha_0.50,subject16,session2,session2,204,0.2647058823529412,0.12254901960784313,0.5686274509803921,0.4,0.4,0.4,0.4
hyser,hyser_within_subject_dayshift,hyser_within_subject_dayshift|session2,confidence_blend_alpha_0.50,subject17,session2,session2,202,0.24752475247524752,0.1485148514851485,0.39603960396039606,0.4,0.4,0.6,0.8
hyser,hyser_within_subject_dayshift,hyser_within_subject_dayshift|session2,confidence_blend_alpha_0.50,subject18,session2,session2,203,0.08866995073891626,0.03940886699507389,0.4630541871921182,0.4,0.4,0.4,1.0
hyser,hyser_within_subject_dayshift,hyser_within_subject_dayshift|session2,confidence_blend_alpha_0.50,subject19,session2,session2,197,0.2131979695431472,0.1218274111675127,0.4619289340101523,0.4,0.4,0.6,0.8
hyser,hyser_within_subject_dayshift,hyser_within_subject_dayshift|session2,confidence_blend_alpha_0.50,subject20,session2,session2,204,0.19607843137254902,0.14705882352941177,0.6176470588235294,0.4,0.4,0.5,0.8
hyser,hyser_within_subject_dayshift,hyser_within_subject_dayshift|session2,confidence_blend_alpha_0.75,subject01,session2,session2,197,0.40609137055837563,0.350253807106599,0.7157360406091371,0.2,0.4,0.4,0.6
hyser,hyser_within_subject_dayshift,hyser_within_subject_dayshift|session2,confidence_blend_alpha_0.75,subject02,session2,session2,202,0.5,0.35148514851485146,0.6237623762376238,0.2,0.4,0.4,0.6
hyser,hyser_within_subject_dayshift,hyser_within_subject_dayshift|session2,confidence_blend_alpha_0.75,subject03,session2,session2,197,0.47715736040609136,0.36548223350253806,0.6091370558375635,0.2,0.4,0.4,0.6
hyser,hyser_within_subject_dayshift,hyser_within_subject_dayshift|session2,confidence_blend_alpha_0.75,subject04,session2,session2,204,0.5490196078431373,0.4362745098039216,0.7009803921568627,0.2,0.2,0.6,0.8
hyser,hyser_within_subject_dayshift,hyser_within_subject_dayshift|session2,confidence_blend_alpha_0.75,subject05,session2,session2,204,0.37254901960784315,0.27450980392156865,0.37745098039215685,0.2,0.4,0.6,0.6
hyser,hyser_within_subject_dayshift,hyser_within_subject_dayshift|session2,confidence_blend_alpha_0.75,subject06,session2,session2,201,0.4577114427860697,0.38308457711442784,0.8208955223880597,0.2,0.4,0.4,0.4
hyser,hyser_within_subject_dayshift,hyser_within_subject_dayshift|session2,confidence_blend_alpha_0.75,subject07,session2,session2,204,0.39215686274509803,0.27941176470588236,0.6862745098039216,0.2,0.4,0.4,0.6
hyser,hyser_within_subject_dayshift,hyser_within_subject_dayshift|session2,confidence_blend_alpha_0.75,subject08,session2,session2,203,0.4236453201970443,0.27586206896551724,0.5911330049261084,0.2,0.4,0.6,0.8
hyser,hyser_within_subject_dayshift,hyser_within_subject_dayshift|session2,confidence_blend_alpha_0.75,subject09,session2,session2,204,0.5343137254901961,0.43137254901960786,0.7696078431372549,0.2,0.4,0.4,0.4
hyser,hyser_within_subject_dayshift,hyser_within_subject_dayshift|session2,confidence_blend_alpha_0.75,subject10,session2,session2,200,0.34,0.245,0.535,0.2,0.4,0.4,0.6
hyser,hyser_within_subject_dayshift,hyser_within_subject_dayshift|session2,confidence_blend_alpha_0.75,subject11,session2,session2,203,0.3793103448275862,0.22167487684729065,0.42857142857142855,0.2,0.4,0.4,0.6
hyser,hyser_within_subject_dayshift,hyser_within_subject_dayshift|session2,confidence_blend_alpha_0.75,subject12,session2,session2,203,0.4433497536945813,0.2955665024630542,0.5270935960591133,0.2,0.6,0.6,0.7
hyser,hyser_within_subject_dayshift,hyser_within_subject_dayshift|session2,confidence_blend_alpha_0.75,subject13,session2,session2,204,0.46078431372549017,0.3137254901960784,0.7450980392156863,0.2,0.4,0.4,0.6
hyser,hyser_within_subject_dayshift,hyser_within_subject_dayshift|session2,confidence_blend_alpha_0.75,subject14,session2,session2,201,0.3283582089552239,0.24875621890547264,0.6019900497512438,0.2,0.6,0.6,0.6
hyser,hyser_within_subject_dayshift,hyser_within_subject_dayshift|session2,confidence_blend_alpha_0.75,subject15,session2,session2,201,0.24378109452736318,0.14427860696517414,0.46766169154228854,0.2,0.4,0.4,0.8
hyser,hyser_within_subject_dayshift,hyser_within_subject_dayshift|session2,confidence_blend_alpha_0.75,subject16,session2,session2,204,0.3137254901960784,0.13725490196078433,0.5343137254901961,0.2,0.4,0.4,0.4
hyser,hyser_within_subject_dayshift,hyser_within_subject_dayshift|session2,confidence_blend_alpha_0.75,subject17,session2,session2,202,0.3415841584158416,0.2722772277227723,0.4306930693069307,0.2,0.4,0.6,0.6
hyser,hyser_within_subject_dayshift,hyser_within_subject_dayshift|session2,confidence_blend_alpha_0.75,subject18,session2,session2,203,0.22167487684729065,0.06403940886699508,0.39901477832512317,0.2,0.4,0.4,1.0
hyser,hyser_within_subject_dayshift,hyser_within_subject_dayshift|session2,confidence_blend_alpha_0.75,subject19,session2,session2,197,0.27411167512690354,0.14720812182741116,0.41624365482233505,0.2,0.4,0.6,0.8
hyser,hyser_within_subject_dayshift,hyser_within_subject_dayshift|session2,confidence_blend_alpha_0.75,subject20,session2,session2,204,0.28921568627450983,0.1715686274509804,0.5392156862745098,0.2,0.4,0.4,0.8
hyser,hyser_within_subject_dayshift,hyser_within_subject_dayshift|session2,plain_conf_threshold_matched_tau_0.02,subject01,session2,session2,197,0.0,0.0,0.6903553299492385,,0.4,,
hyser,hyser_within_subject_dayshift,hyser_within_subject_dayshift|session2,plain_conf_threshold_matched_tau_0.02,subject02,session2,session2,202,0.0,0.0,0.4306930693069307,0.8,0.4,,
hyser,hyser_within_subject_dayshift,hyser_within_subject_dayshift|session2,plain_conf_threshold_matched_tau_0.02,subject03,session2,session2,197,0.0,0.0,0.4365482233502538,,0.4,,
hyser,hyser_within_subject_dayshift,hyser_within_subject_dayshift|session2,plain_conf_threshold_matched_tau_0.02,subject04,session2,session2,204,0.004901960784313725,0.004901960784313725,0.3627450980392157,0.6,0.2,0.6,0.6
hyser,hyser_within_subject_dayshift,hyser_within_subject_dayshift|session2,plain_conf_threshold_matched_tau_0.02,subject05,session2,session2,204,0.0,0.0,0.19607843137254902,,0.6,,
hyser,hyser_within_subject_dayshift,hyser_within_subject_dayshift|session2,plain_conf_threshold_matched_tau_0.02,subject06,session2,session2,201,0.0,0.0,0.6467661691542289,0.8,0.4,,
hyser,hyser_within_subject_dayshift,hyser_within_subject_dayshift|session2,plain_conf_threshold_matched_tau_0.02,subject07,session2,session2,204,0.0,0.0,0.6813725490196079,,0.4,,
hyser,hyser_within_subject_dayshift,hyser_within_subject_dayshift|session2,plain_conf_threshold_matched_tau_0.02,subject08,session2,session2,203,0.0,0.0,0.4630541871921182,,0.4,,
hyser,hyser_within_subject_dayshift,hyser_within_subject_dayshift|session2,plain_conf_threshold_matched_tau_0.02,subject09,session2,session2,204,0.0,0.0,0.6176470588235294,0.8,0.4,,
hyser,hyser_within_subject_dayshift,hyser_within_subject_dayshift|session2,plain_conf_threshold_matched_tau_0.02,subject10,session2,session2,200,0.0,0.0,0.52,,0.4,,
hyser,hyser_within_subject_dayshift,hyser_within_subject_dayshift|session2,plain_conf_threshold_matched_tau_0.02,subject11,session2,session2,203,0.0,0.0,0.3103448275862069,,0.4,,
hyser,hyser_within_subject_dayshift,hyser_within_subject_dayshift|session2,plain_conf_threshold_matched_tau_0.02,subject12,session2,session2,203,0.0,0.0,0.4088669950738916,,0.6,,
hyser,hyser_within_subject_dayshift,hyser_within_subject_dayshift|session2,plain_conf_threshold_matched_tau_0.02,subject13,session2,session2,204,0.0,0.0,0.696078431372549,,0.4,,
hyser,hyser_within_subject_dayshift,hyser_within_subject_dayshift|session2,plain_conf_threshold_matched_tau_0.02,subject14,session2,session2,201,0.004975124378109453,0.004975124378109453,0.5970149253731343,1.0,0.6,1.0,1.0
hyser,hyser_within_subject_dayshift,hyser_within_subject_dayshift|session2,plain_conf_threshold_matched_tau_0.02,subject15,session2,session2,201,0.0,0.0,0.5323383084577115,,0.4,,
hyser,hyser_within_subject_dayshift,hyser_within_subject_dayshift|session2,plain_conf_threshold_matched_tau_0.02,subject16,session2,session2,204,0.0,0.0,0.5980392156862745,,0.4,,
hyser,hyser_within_subject_dayshift,hyser_within_subject_dayshift|session2,plain_conf_threshold_matched_tau_0.02,subject17,session2,session2,202,0.0,0.0,0.3217821782178218,,0.4,,
hyser,hyser_within_subject_dayshift,hyser_within_subject_dayshift|session2,plain_conf_threshold_matched_tau_0.02,subject18,session2,session2,203,0.0,0.0,0.47783251231527096,,0.4,,
hyser,hyser_within_subject_dayshift,hyser_within_subject_dayshift|session2,plain_conf_threshold_matched_tau_0.02,subject19,session2,session2,197,0.0,0.0,0.4365482233502538,,0.4,,
hyser,hyser_within_subject_dayshift,hyser_within_subject_dayshift|session2,plain_conf_threshold_matched_tau_0.02,subject20,session2,session2,204,0.0,0.0,0.6029411764705882,,0.4,,
hyser,hyser_within_subject_dayshift,hyser_within_subject_dayshift|session2,plain_conf_threshold_matched_tau_0.05,subject01,session2,session2,197,0.0,0.0,0.6903553299492385,,0.4,,
hyser,hyser_within_subject_dayshift,hyser_within_subject_dayshift|session2,plain_conf_threshold_matched_tau_0.05,subject02,session2,session2,202,0.009900990099009901,0.009900990099009901,0.4306930693069307,0.7,0.4,0.7,0.7
hyser,hyser_within_subject_dayshift,hyser_within_subject_dayshift|session2,plain_conf_threshold_matched_tau_0.05,subject03,session2,session2,197,0.0,0.0,0.4365482233502538,,0.4,,
hyser,hyser_within_subject_dayshift,hyser_within_subject_dayshift|session2,plain_conf_threshold_matched_tau_0.05,subject04,session2,session2,204,0.004901960784313725,0.004901960784313725,0.36764705882352944,0.8,0.2,0.6,0.6
hyser,hyser_within_subject_dayshift,hyser_within_subject_dayshift|session2,plain_conf_threshold_matched_tau_0.05,subject05,session2,session2,204,0.0,0.0,0.19607843137254902,,0.6,,
hyser,hyser_within_subject_dayshift,hyser_within_subject_dayshift|session2,plain_conf_threshold_matched_tau_0.05,subject06,session2,session2,201,0.004975124378109453,0.004975124378109453,0.6467661691542289,0.4,0.4,0.4,0.4
hyser,hyser_within_subject_dayshift,hyser_within_subject_dayshift|session2,plain_conf_threshold_matched_tau_0.05,subject07,session2,session2,204,0.00980392156862745,0.004901960784313725,0.6813725490196079,1.0,0.4,0.9,1.0
hyser,hyser_within_subject_dayshift,hyser_within_subject_dayshift|session2,plain_conf_threshold_matched_tau_0.05,subject08,session2,session2,203,0.0049261083743842365,0.0049261083743842365,0.4630541871921182,0.8,0.4,0.8,0.8
hyser,hyser_within_subject_dayshift,hyser_within_subject_dayshift|session2,plain_conf_threshold_matched_tau_0.05,subject09,session2,session2,204,0.00980392156862745,0.00980392156862745,0.6225490196078431,0.8,0.4,0.7,0.7
hyser,hyser_within_subject_dayshift,hyser_within_subject_dayshift|session2,plain_conf_threshold_matched_tau_0.05,subject10,session2,session2,200,0.0,0.0,0.52,0.6,0.4,,
hyser,hyser_within_subject_dayshift,hyser_within_subject_dayshift|session2,plain_conf_threshold_matched_tau_0.05,subject11,session2,session2,203,0.0,0.0,0.31527093596059114,1.0,0.4,,
hyser,hyser_within_subject_dayshift,hyser_within_subject_dayshift|session2,plain_conf_threshold_matched_tau_0.05,subject12,session2,session2,203,0.0,0.0,0.4088669950738916,0.8,0.6,,
hyser,hyser_within_subject_dayshift,hyser_within_subject_dayshift|session2,plain_conf_threshold_matched_tau_0.05,subject13,session2,session2,204,0.004901960784313725,0.004901960784313725,0.7009803921568627,1.0,0.4,1.0,1.0
hyser,hyser_within_subject_dayshift,hyser_within_subject_dayshift|session2,plain_conf_threshold_matched_tau_0.05,subject14,session2,session2,201,0.004975124378109453,0.004975124378109453,0.6019900497512438,1.0,0.6,1.0,1.0
hyser,hyser_within_subject_dayshift,hyser_within_subject_dayshift|session2,plain_conf_threshold_matched_tau_0.05,subject15,session2,session2,201,0.0,0.0,0.527363184079602,1.0,0.4,,
hyser,hyser_within_subject_dayshift,hyser_within_subject_dayshift|session2,plain_conf_threshold_matched_tau_0.05,subject16,session2,session2,204,0.0,0.0,0.5980392156862745,0.6000000000000001,0.4,,
hyser,hyser_within_subject_dayshift,hyser_within_subject_dayshift|session2,plain_conf_threshold_matched_tau_0.05,subject17,session2,session2,202,0.0,0.0,0.3217821782178218,,0.4,,
hyser,hyser_within_subject_dayshift,hyser_within_subject_dayshift|session2,plain_conf_threshold_matched_tau_0.05,subject18,session2,session2,203,0.0,0.0,0.47783251231527096,,0.4,,
hyser,hyser_within_subject_dayshift,hyser_within_subject_dayshift|session2,plain_conf_threshold_matched_tau_0.05,subject19,session2,session2,197,0.0,0.0,0.4213197969543147,0.9,0.4,,
hyser,hyser_within_subject_dayshift,hyser_within_subject_dayshift|session2,plain_conf_threshold_matched_tau_0.05,subject20,session2,session2,204,0.0,0.0,0.6029411764705882,,0.4,,
hyser,hyser_within_subject_dayshift,hyser_within_subject_dayshift|session2,plain_conf_threshold_matched_tau_0.10,subject01,session2,session2,197,0.015228426395939087,0.01015228426395939,0.700507614213198,0.8,0.4,0.4,0.6
hyser,hyser_within_subject_dayshift,hyser_within_subject_dayshift|session2,plain_conf_threshold_matched_tau_0.10,subject02,session2,session2,202,0.019801980198019802,0.019801980198019802,0.4405940594059406,0.8,0.4,0.9,0.9
hyser,hyser_within_subject_dayshift,hyser_within_subject_dayshift|session2,plain_conf_threshold_matched_tau_0.10,subject03,session2,session2,197,0.0,0.0,0.4365482233502538,0.4,0.4,,
hyser,hyser_within_subject_dayshift,hyser_within_subject_dayshift|session2,plain_conf_threshold_matched_tau_0.10,subject04,session2,session2,204,0.029411764705882353,0.024509803921568627,0.3872549019607843,1.0,0.2,0.9,1.0
hyser,hyser_within_subject_dayshift,hyser_within_subject_dayshift|session2,plain_conf_threshold_matched_tau_0.10,subject05,session2,session2,204,0.00980392156862745,0.004901960784313725,0.19607843137254902,0.6,0.6,0.6,0.6
hyser,hyser_within_subject_dayshift,hyser_within_subject_dayshift|session2,plain_conf_threshold_matched_tau_0.10,subject06,session2,session2,201,0.014925373134328358,0.009950248756218905,0.6567164179104478,0.8,0.4,0.8,0.6000000000000001
hyser,hyser_within_subject_dayshift,hyser_within_subject_dayshift|session2,plain_conf_threshold_matched_tau_0.10,subject07,session2,session2,204,0.024509803921568627,0.014705882352941176,0.6764705882352942,0.8,0.4,0.8,1.0
hyser,hyser_within_subject_dayshift,hyser_within_subject_dayshift|session2,plain_conf_threshold_matched_tau_0.10,subject08,session2,session2,203,0.014778325123152709,0.009852216748768473,0.4630541871921182,0.7,0.4,0.8,0.7
hyser,hyser_within_subject_dayshift,hyser_within_subject_dayshift|session2,plain_conf_threshold_matched_tau_0.10,subject09,session2,session2,204,0.03431372549019608,0.029411764705882353,0.6176470588235294,0.8,0.4,0.6,0.7
hyser,hyser_within_subject_dayshift,hyser_within_subject_dayshift|session2,plain_conf_threshold_matched_tau_0.10,subject10,session2,session2,200,0.015,0.015,0.52,0.8,0.4,0.8,0.8
hyser,hyser_within_subject_dayshift,hyser_within_subject_dayshift|session2,plain_conf_threshold_matched_tau_0.10,subject11,session2,session2,203,0.034482758620689655,0.029556650246305417,0.3448275862068966,0.8,0.4,1.0,1.0
hyser,hyser_within_subject_dayshift,hyser_within_subject_dayshift|session2,plain_conf_threshold_matched_tau_0.10,subject12,session2,session2,203,0.0,0.0,0.4088669950738916,0.7,0.6,,
hyser,hyser_within_subject_dayshift,hyser_within_subject_dayshift|session2,plain_conf_threshold_matched_tau_0.10,subject13,session2,session2,204,0.00980392156862745,0.00980392156862745,0.7107843137254902,0.9,0.4,1.0,1.0
hyser,hyser_within_subject_dayshift,hyser_within_subject_dayshift|session2,plain_conf_threshold_matched_tau_0.10,subject14,session2,session2,201,0.014925373134328358,0.014925373134328358,0.6019900497512438,0.8,0.6,0.8,0.8
hyser,hyser_within_subject_dayshift,hyser_within_subject_dayshift|session2,plain_conf_threshold_matched_tau_0.10,subject15,session2,session2,201,0.0,0.0,0.5223880597014925,1.0,0.4,,
hyser,hyser_within_subject_dayshift,hyser_within_subject_dayshift|session2,plain_conf_threshold_matched_tau_0.10,subject16,session2,session2,204,0.0,0.0,0.5833333333333334,0.7,0.4,,
hyser,hyser_within_subject_dayshift,hyser_within_subject_dayshift|session2,plain_conf_threshold_matched_tau_0.10,subject17,session2,session2,202,0.0,0.0,0.3217821782178218,0.6,0.4,,
hyser,hyser_within_subject_dayshift,hyser_within_subject_dayshift|session2,plain_conf_threshold_matched_tau_0.10,subject18,session2,session2,203,0.0,0.0,0.47783251231527096,,0.4,,
hyser,hyser_within_subject_dayshift,hyser_within_subject_dayshift|session2,plain_conf_threshold_matched_tau_0.10,subject19,session2,session2,197,0.0,0.0,0.4213197969543147,0.8,0.4,,
hyser,hyser_within_subject_dayshift,hyser_within_subject_dayshift|session2,plain_conf_threshold_matched_tau_0.10,subject20,session2,session2,204,0.0,0.0,0.6029411764705882,0.6,0.4,,
hyser,hyser_within_subject_dayshift,hyser_within_subject_dayshift|session2,plain_conf_threshold_matched_tau_0.15,subject01,session2,session2,197,0.03553299492385787,0.02030456852791878,0.6954314720812182,0.6,0.4,0.4,0.5
hyser,hyser_within_subject_dayshift,hyser_within_subject_dayshift|session2,plain_conf_threshold_matched_tau_0.15,subject02,session2,session2,202,0.024752475247524754,0.024752475247524754,0.4405940594059406,0.9,0.4,1.0,1.0
hyser,hyser_within_subject_dayshift,hyser_within_subject_dayshift|session2,plain_conf_threshold_matched_tau_0.15,subject03,session2,session2,197,0.015228426395939087,0.01015228426395939,0.4467005076142132,0.5,0.4,0.8,0.8
hyser,hyser_within_subject_dayshift,hyser_within_subject_dayshift|session2,plain_conf_threshold_matched_tau_0.15,subject04,session2,session2,204,0.049019607843137254,0.0392156862745098,0.39705882352941174,0.9,0.2,0.9,1.0
hyser,hyser_within_subject_dayshift,hyser_within_subject_dayshift|session2,plain_conf_threshold_matched_tau_0.15,subject05,session2,session2,204,0.04411764705882353,0.03431372549019608,0.23039215686274508,0.8,0.6,0.8,0.8
hyser,hyser_within_subject_dayshift,hyser_within_subject_dayshift|session2,plain_conf_threshold_matched_tau_0.15,subject06,session2,session2,201,0.03980099502487562,0.029850746268656716,0.6766169154228856,0.8,0.4,0.7,0.7
hyser,hyser_within_subject_dayshift,hyser_within_subject_dayshift|session2,plain_conf_threshold_matched_tau_0.15,subject07,session2,session2,204,0.024509803921568627,0.014705882352941176,0.6764705882352942,0.7,0.4,0.8,0.8
hyser,hyser_within_subject_dayshift,hyser_within_subject_dayshift|session2,plain_conf_threshold_matched_tau_0.15,subject08,session2,session2,203,0.014778325123152709,0.014778325123152709,0.46798029556650245,0.6,0.4,0.8,0.8
hyser,hyser_within_subject_dayshift,hyser_within_subject_dayshift|session2,plain_conf_threshold_matched_tau_0.15,subject09,session2,session2,204,0.07352941176470588,0.06862745098039216,0.6323529411764706,0.6,0.4,0.6,0.6
hyser,hyser_within_subject_dayshift,hyser_within_subject_dayshift|session2,plain_conf_threshold_matched_tau_0.15,subject10,session2,session2,200,0.03,0.025,0.515,0.6,0.4,0.8,0.8
hyser,hyser_within_subject_dayshift,hyser_within_subject_dayshift|session2,plain_conf_threshold_matched_tau_0.15,subject11,session2,session2,203,0.034482758620689655,0.034482758620689655,0.3497536945812808,0.8,0.4,1.0,1.0
hyser,hyser_within_subject_dayshift,hyser_within_subject_dayshift|session2,plain_conf_threshold_matched_tau_0.15,subject12,session2,session2,203,0.0,0.0,0.4088669950738916,0.7,0.6,,
hyser,hyser_within_subject_dayshift,hyser_within_subject_dayshift|session2,plain_conf_threshold_matched_tau_0.15,subject13,session2,session2,204,0.0196078431372549,0.014705882352941176,0.7107843137254902,0.6,0.4,0.8,1.0
hyser,hyser_within_subject_dayshift,hyser_within_subject_dayshift|session2,plain_conf_threshold_matched_tau_0.15,subject14,session2,session2,201,0.01990049751243781,0.01990049751243781,0.6069651741293532,0.8,0.6,0.8,0.8
hyser,hyser_within_subject_dayshift,hyser_within_subject_dayshift|session2,plain_conf_threshold_matched_tau_0.15,subject15,session2,session2,201,0.004975124378109453,0.004975124378109453,0.5124378109452736,0.8,0.4,0.4,0.4
hyser,hyser_within_subject_dayshift,hyser_within_subject_dayshift|session2,plain_conf_threshold_matched_tau_0.15,subject16,session2,session2,204,0.0,0.0,0.5833333333333334,0.6,0.4,,
hyser,hyser_within_subject_dayshift,hyser_within_subject_dayshift|session2,plain_conf_threshold_matched_tau_0.15,subject17,session2,session2,202,0.0049504950495049506,0.0049504950495049506,0.32673267326732675,0.8,0.4,0.8,0.8
hyser,hyser_within_subject_dayshift,hyser_within_subject_dayshift|session2,plain_conf_threshold_matched_tau_0.15,subject18,session2,session2,203,0.0,0.0,0.47783251231527096,0.6,0.4,,
hyser,hyser_within_subject_dayshift,hyser_within_subject_dayshift|session2,plain_conf_threshold_matched_tau_0.15,subject19,session2,session2,197,0.025380710659898477,0.02030456852791878,0.4263959390862944,0.8,0.4,0.8,0.9
hyser,hyser_within_subject_dayshift,hyser_within_subject_dayshift|session2,plain_conf_threshold_matched_tau_0.15,subject20,session2,session2,204,0.0,0.0,0.5980392156862745,0.8,0.4,,
hyser,hyser_within_subject_dayshift,hyser_within_subject_dayshift|session2,plain_conf_threshold_matched_tau_0.20,subject01,session2,session2,197,0.05583756345177665,0.03553299492385787,0.7106598984771574,0.6,0.4,0.4,0.6
hyser,hyser_within_subject_dayshift,hyser_within_subject_dayshift|session2,plain_conf_threshold_matched_tau_0.20,subject02,session2,session2,202,0.039603960396039604,0.034653465346534656,0.4504950495049505,0.8,0.4,0.8,0.8
hyser,hyser_within_subject_dayshift,hyser_within_subject_dayshift|session2,plain_conf_threshold_matched_tau_0.20,subject03,session2,session2,197,0.03553299492385787,0.015228426395939087,0.4467005076142132,0.4,0.4,0.6,0.8
hyser,hyser_within_subject_dayshift,hyser_within_subject_dayshift|session2,plain_conf_threshold_matched_tau_0.20,subject04,session2,session2,204,0.0784313725490196,0.058823529411764705,0.4117647058823529,0.8,0.2,0.9,1.0
hyser,hyser_within_subject_dayshift,hyser_within_subject_dayshift|session2,plain_conf_threshold_matched_tau_0.20,subject05,session2,session2,204,0.06372549019607843,0.058823529411764705,0.25,0.8,0.6,0.8,0.8
hyser,hyser_within_subject_dayshift,hyser_within_subject_dayshift|session2,plain_conf_threshold_matched_tau_0.20,subject06,session2,session2,201,0.07960199004975124,0.05970149253731343,0.6766169154228856,0.8,0.4,0.7,0.8
hyser,hyser_within_subject_dayshift,hyser_within_subject_dayshift|session2,plain_conf_threshold_matched_tau_0.20,subject07,session2,session2,204,0.04411764705882353,0.029411764705882353,0.6911764705882353,0.8,0.4,0.8,0.9
hyser,hyser_within_subject_dayshift,hyser_within_subject_dayshift|session2,plain_conf_threshold_matched_tau_0.20,subject08,session2,session2,203,0.019704433497536946,0.019704433497536946,0.4729064039408867,0.8,0.4,0.8,0.8
hyser,hyser_within_subject_dayshift,hyser_within_subject_dayshift|session2,plain_conf_threshold_matched_tau_0.20,subject09,session2,session2,204,0.10294117647058823,0.08333333333333333,0.6372549019607843,0.6,0.4,0.6,0.6
hyser,hyser_within_subject_dayshift,hyser_within_subject_dayshift|session2,plain_conf_threshold_matched_tau_0.20,subject10,session2,session2,200,0.03,0.025,0.515,0.6,0.4,0.8,0.8
hyser,hyser_within_subject_dayshift,hyser_within_subject_dayshift|session2,plain_conf_threshold_matched_tau_0.20,subject11,session2,session2,203,0.04926108374384237,0.03940886699507389,0.3497536945812808,0.8,0.4,0.8,0.8
hyser,hyser_within_subject_dayshift,hyser_within_subject_dayshift|session2,plain_conf_threshold_matched_tau_0.20,subject12,session2,session2,203,0.014778325123152709,0.009852216748768473,0.41379310344827586,0.7,0.6,0.6,0.8
hyser,hyser_within_subject_dayshift,hyser_within_subject_dayshift|session2,plain_conf_threshold_matched_tau_0.20,subject13,session2,session2,204,0.0392156862745098,0.0196078431372549,0.7156862745098039,0.7,0.4,0.6,1.0
hyser,hyser_within_subject_dayshift,hyser_within_subject_dayshift|session2,plain_conf_threshold_matched_tau_0.20,subject14,session2,session2,201,0.03482587064676617,0.03482587064676617,0.6169154228855721,0.8,0.6,0.8,0.8
hyser,hyser_within_subject_dayshift,hyser_within_subject_dayshift|session2,plain_conf_threshold_matched_tau_0.20,subject15,session2,session2,201,0.01990049751243781,0.014925373134328358,0.5124378109452736,0.8,0.4,0.5,0.6
hyser,hyser_within_subject_dayshift,hyser_within_subject_dayshift|session2,plain_conf_threshold_matched_tau_0.20,subject16,session2,session2,204,0.004901960784313725,0.0,0.5784313725490197,0.6,0.4,0.6,
hyser,hyser_within_subject_dayshift,hyser_within_subject_dayshift|session2,plain_conf_threshold_matched_tau_0.20,subject17,session2,session2,202,0.0049504950495049506,0.0049504950495049506,0.32673267326732675,0.8,0.4,0.8,0.8
hyser,hyser_within_subject_dayshift,hyser_within_subject_dayshift|session2,plain_conf_threshold_matched_tau_0.20,subject18,session2,session2,203,0.0,0.0,0.47783251231527096,0.6,0.4,,
hyser,hyser_within_subject_dayshift,hyser_within_subject_dayshift|session2,plain_conf_threshold_matched_tau_0.20,subject19,session2,session2,197,0.050761421319796954,0.04060913705583756,0.43147208121827413,0.8,0.4,0.8,0.9
hyser,hyser_within_subject_dayshift,hyser_within_subject_dayshift|session2,plain_conf_threshold_matched_tau_0.20,subject20,session2,session2,204,0.0,0.0,0.5980392156862745,0.7,0.4,,
hyser,hyser_within_subject_dayshift,hyser_within_subject_dayshift|session2,selective_prediction,subject01,session2,session2,197,0.01015228426395939,0.0,0.6903553299492385,0.7,0.4,0.7,
hyser,hyser_within_subject_dayshift,hyser_within_subject_dayshift|session2,selective_prediction,subject02,session2,session2,202,0.01485148514851485,0.0049504950495049506,0.4306930693069307,0.8,0.4,0.8,0.8
hyser,hyser_within_subject_dayshift,hyser_within_subject_dayshift|session2,selective_prediction,subject03,session2,session2,197,0.0,0.0,0.4365482233502538,0.4,0.4,,
hyser,hyser_within_subject_dayshift,hyser_within_subject_dayshift|session2,selective_prediction,subject04,session2,session2,204,0.0196078431372549,0.004901960784313725,0.3627450980392157,0.8,0.2,0.8,0.6
hyser,hyser_within_subject_dayshift,hyser_within_subject_dayshift|session2,selective_prediction,subject05,session2,session2,204,0.004901960784313725,0.0,0.19607843137254902,0.6,0.6,0.6,
hyser,hyser_within_subject_dayshift,hyser_within_subject_dayshift|session2,selective_prediction,subject06,session2,session2,201,0.024875621890547265,0.004975124378109453,0.6467661691542289,0.8,0.4,0.8,0.8
hyser,hyser_within_subject_dayshift,hyser_within_subject_dayshift|session2,selective_prediction,subject07,session2,session2,204,0.014705882352941176,0.0,0.6813725490196079,0.8,0.4,0.8,
hyser,hyser_within_subject_dayshift,hyser_within_subject_dayshift|session2,selective_prediction,subject08,session2,session2,203,0.009852216748768473,0.0,0.4630541871921182,0.8,0.4,0.8,
hyser,hyser_within_subject_dayshift,hyser_within_subject_dayshift|session2,selective_prediction,subject09,session2,session2,204,0.029411764705882353,0.0,0.6176470588235294,0.8,0.4,0.7,
hyser,hyser_within_subject_dayshift,hyser_within_subject_dayshift|session2,selective_prediction,subject10,session2,session2,200,0.005,0.0,0.52,0.6,0.4,0.6,
hyser,hyser_within_subject_dayshift,hyser_within_subject_dayshift|session2,selective_prediction,subject11,session2,session2,203,0.034482758620689655,0.0,0.3103448275862069,0.8,0.4,0.8,
hyser,hyser_within_subject_dayshift,hyser_within_subject_dayshift|session2,selective_prediction,subject12,session2,session2,203,0.0049261083743842365,0.0,0.4088669950738916,0.7,0.6,0.6,
hyser,hyser_within_subject_dayshift,hyser_within_subject_dayshift|session2,selective_prediction,subject13,session2,session2,204,0.00980392156862745,0.0,0.696078431372549,0.8,0.4,0.9,
hyser,hyser_within_subject_dayshift,hyser_within_subject_dayshift|session2,selective_prediction,subject14,session2,session2,201,0.01990049751243781,0.004975124378109453,0.5970149253731343,0.8,0.6,0.8,1.0
hyser,hyser_within_subject_dayshift,hyser_within_subject_dayshift|session2,selective_prediction,subject15,session2,session2,201,0.004975124378109453,0.0,0.5323383084577115,1.0,0.4,1.0,
hyser,hyser_within_subject_dayshift,hyser_within_subject_dayshift|session2,selective_prediction,subject16,session2,session2,204,0.0,0.0,0.5980392156862745,0.8,0.4,,
hyser,hyser_within_subject_dayshift,hyser_within_subject_dayshift|session2,selective_prediction,subject17,session2,session2,202,0.0,0.0,0.3217821782178218,0.6,0.4,,
hyser,hyser_within_subject_dayshift,hyser_within_subject_dayshift|session2,selective_prediction,subject18,session2,session2,203,0.0,0.0,0.47783251231527096,,0.4,,
hyser,hyser_within_subject_dayshift,hyser_within_subject_dayshift|session2,selective_prediction,subject19,session2,session2,197,0.01015228426395939,0.0,0.4365482233502538,0.8,0.4,0.8,
hyser,hyser_within_subject_dayshift,hyser_within_subject_dayshift|session2,selective_prediction,subject20,session2,session2,204,0.0,0.0,0.6029411764705882,0.8,0.4,,
hyser,hyser_within_subject_dayshift,hyser_within_subject_dayshift|session2,set_acsa_tau_0.02,subject01,session2,session2,197,0.04568527918781726,0.030456852791878174,0.700507614213198,0.5,0.4,0.4,0.5
hyser,hyser_within_subject_dayshift,hyser_within_subject_dayshift|session2,set_acsa_tau_0.02,subject02,session2,session2,202,0.054455445544554455,0.01485148514851485,0.4306930693069307,0.6,0.4,0.6,0.6
hyser,hyser_within_subject_dayshift,hyser_within_subject_dayshift|session2,set_acsa_tau_0.02,subject03,session2,session2,197,0.04568527918781726,0.025380710659898477,0.4416243654822335,0.6,0.4,0.6,0.8
hyser,hyser_within_subject_dayshift,hyser_within_subject_dayshift|session2,set_acsa_tau_0.02,subject04,session2,session2,204,0.05392156862745098,0.0196078431372549,0.36764705882352944,0.6,0.2,0.8,0.7
hyser,hyser_within_subject_dayshift,hyser_within_subject_dayshift|session2,set_acsa_tau_0.02,subject05,session2,session2,204,0.0392156862745098,0.0196078431372549,0.21568627450980393,0.6,0.6,0.9,1.0
hyser,hyser_within_subject_dayshift,hyser_within_subject_dayshift|session2,set_acsa_tau_0.02,subject06,session2,session2,201,0.03980099502487562,0.01990049751243781,0.6517412935323383,0.5,0.4,0.5,0.7
hyser,hyser_within_subject_dayshift,hyser_within_subject_dayshift|session2,set_acsa_tau_0.02,subject07,session2,session2,204,0.049019607843137254,0.024509803921568627,0.6862745098039216,0.6,0.4,0.7,0.8
hyser,hyser_within_subject_dayshift,hyser_within_subject_dayshift|session2,set_acsa_tau_0.02,subject08,session2,session2,203,0.059113300492610835,0.03940886699507389,0.4876847290640394,0.4,0.4,0.8,1.0
hyser,hyser_within_subject_dayshift,hyser_within_subject_dayshift|session2,set_acsa_tau_0.02,subject09,session2,session2,204,0.058823529411764705,0.04411764705882353,0.6372549019607843,0.6,0.4,0.6,0.8
hyser,hyser_within_subject_dayshift,hyser_within_subject_dayshift|session2,set_acsa_tau_0.02,subject10,session2,session2,200,0.03,0.025,0.52,0.4,0.4,0.5,0.2
hyser,hyser_within_subject_dayshift,hyser_within_subject_dayshift|session2,set_acsa_tau_0.02,subject11,session2,session2,203,0.04926108374384237,0.014778325123152709,0.3251231527093596,0.6,0.4,0.6,1.0
hyser,hyser_within_subject_dayshift,hyser_within_subject_dayshift|session2,set_acsa_tau_0.02,subject12,session2,session2,203,0.014778325123152709,0.014778325123152709,0.4088669950738916,0.6,0.6,0.8,0.8
hyser,hyser_within_subject_dayshift,hyser_within_subject_dayshift|session2,set_acsa_tau_0.02,subject13,session2,session2,204,0.0392156862745098,0.024509803921568627,0.7009803921568627,0.7,0.4,0.8,0.8
hyser,hyser_within_subject_dayshift,hyser_within_subject_dayshift|session2,set_acsa_tau_0.02,subject14,session2,session2,201,0.01990049751243781,0.009950248756218905,0.5970149253731343,0.4,0.6,0.6,0.7
hyser,hyser_within_subject_dayshift,hyser_within_subject_dayshift|session2,set_acsa_tau_0.02,subject15,session2,session2,201,0.01990049751243781,0.014925373134328358,0.527363184079602,0.4,0.4,0.4,0.4
hyser,hyser_within_subject_dayshift,hyser_within_subject_dayshift|session2,set_acsa_tau_0.02,subject16,session2,session2,204,0.014705882352941176,0.00980392156862745,0.5980392156862745,0.6,0.4,0.4,0.5
hyser,hyser_within_subject_dayshift,hyser_within_subject_dayshift|session2,set_acsa_tau_0.02,subject17,session2,session2,202,0.024752475247524754,0.009900990099009901,0.32673267326732675,0.6,0.4,0.6,0.6
hyser,hyser_within_subject_dayshift,hyser_within_subject_dayshift|session2,set_acsa_tau_0.02,subject18,session2,session2,203,0.0049261083743842365,0.0,0.47783251231527096,0.30000000000000004,0.4,0.2,
hyser,hyser_within_subject_dayshift,hyser_within_subject_dayshift|session2,set_acsa_tau_0.02,subject19,session2,session2,197,0.015228426395939087,0.005076142131979695,0.43147208121827413,0.8,0.4,0.8,1.0
hyser,hyser_within_subject_dayshift,hyser_within_subject_dayshift|session2,set_acsa_tau_0.02,subject20,session2,session2,204,0.024509803921568627,0.024509803921568627,0.6225490196078431,0.8,0.4,1.0,1.0
hyser,hyser_within_subject_dayshift,hyser_within_subject_dayshift|session2,set_acsa_tau_0.05,subject01,session2,session2,197,0.1319796954314721,0.08629441624365482,0.7208121827411168,0.4,0.4,0.6,0.8
hyser,hyser_within_subject_dayshift,hyser_within_subject_dayshift|session2,set_acsa_tau_0.05,subject02,session2,session2,202,0.11386138613861387,0.04455445544554455,0.4504950495049505,0.6,0.4,0.8,1.0
hyser,hyser_within_subject_dayshift,hyser_within_subject_dayshift|session2,set_acsa_tau_0.05,subject03,session2,session2,197,0.1065989847715736,0.06598984771573604,0.4720812182741117,0.6,0.4,0.8,0.8
hyser,hyser_within_subject_dayshift,hyser_within_subject_dayshift|session2,set_acsa_tau_0.05,subject04,session2,session2,204,0.14215686274509803,0.08333333333333333,0.4166666666666667,0.8,0.2,0.8,1.0
hyser,hyser_within_subject_dayshift,hyser_within_subject_dayshift|session2,set_acsa_tau_0.05,subject05,session2,session2,204,0.09803921568627451,0.05392156862745098,0.24019607843137256,0.6,0.6,0.7,1.0
hyser,hyser_within_subject_dayshift,hyser_within_subject_dayshift|session2,set_acsa_tau_0.05,subject06,session2,session2,201,0.08955223880597014,0.05970149253731343,0.6766169154228856,0.6,0.4,0.7,0.9
hyser,hyser_within_subject_dayshift,hyser_within_subject_dayshift|session2,set_acsa_tau_0.05,subject07,session2,session2,204,0.08333333333333333,0.04411764705882353,0.6911764705882353,0.4,0.4,0.6,0.8
hyser,hyser_within_subject_dayshift,hyser_within_subject_dayshift|session2,set_acsa_tau_0.05,subject08,session2,session2,203,0.10344827586206896,0.06403940886699508,0.4975369458128079,0.4,0.4,0.8,1.0
hyser,hyser_within_subject_dayshift,hyser_within_subject_dayshift|session2,set_acsa_tau_0.05,subject09,session2,session2,204,0.16176470588235295,0.1323529411764706,0.6666666666666666,0.6,0.4,0.6,0.8
hyser,hyser_within_subject_dayshift,hyser_within_subject_dayshift|session2,set_acsa_tau_0.05,subject10,session2,session2,200,0.085,0.055,0.525,0.4,0.4,0.8,0.8
hyser,hyser_within_subject_dayshift,hyser_within_subject_dayshift|session2,set_acsa_tau_0.05,subject11,session2,session2,203,0.09852216748768473,0.019704433497536946,0.3251231527093596,0.6,0.4,0.6,1.0
hyser,hyser_within_subject_dayshift,hyser_within_subject_dayshift|session2,set_acsa_tau_0.05,subject12,session2,session2,203,0.054187192118226604,0.034482758620689655,0.4187192118226601,0.6,0.6,0.8,0.8
hyser,hyser_within_subject_dayshift,hyser_within_subject_dayshift|session2,set_acsa_tau_0.05,subject13,session2,session2,204,0.07352941176470588,0.058823529411764705,0.7107843137254902,0.6,0.4,0.8,0.8
hyser,hyser_within_subject_dayshift,hyser_within_subject_dayshift|session2,set_acsa_tau_0.05,subject14,session2,session2,201,0.05472636815920398,0.024875621890547265,0.5970149253731343,0.2,0.6,0.4,0.8
hyser,hyser_within_subject_dayshift,hyser_within_subject_dayshift|session2,set_acsa_tau_0.05,subject15,session2,session2,201,0.04975124378109453,0.029850746268656716,0.5124378109452736,0.4,0.4,0.4,0.6000000000000001
hyser,hyser_within_subject_dayshift,hyser_within_subject_dayshift|session2,set_acsa_tau_0.05,subject16,session2,session2,204,0.06862745098039216,0.024509803921568627,0.5931372549019608,0.4,0.4,0.4,0.4
hyser,hyser_within_subject_dayshift,hyser_within_subject_dayshift|session2,set_acsa_tau_0.05,subject17,session2,session2,202,0.0594059405940594,0.019801980198019802,0.3217821782178218,0.4,0.4,0.6,0.9
hyser,hyser_within_subject_dayshift,hyser_within_subject_dayshift|session2,set_acsa_tau_0.05,subject18,session2,session2,203,0.009852216748768473,0.0049261083743842365,0.4827586206896552,0.4,0.4,0.6,1.0
hyser,hyser_within_subject_dayshift,hyser_within_subject_dayshift|session2,set_acsa_tau_0.05,subject19,session2,session2,197,0.03553299492385787,0.01015228426395939,0.4263959390862944,0.6,0.4,0.8,0.6
hyser,hyser_within_subject_dayshift,hyser_within_subject_dayshift|session2,set_acsa_tau_0.05,subject20,session2,session2,204,0.05392156862745098,0.049019607843137254,0.6274509803921569,0.7,0.4,0.8,0.9
hyser,hyser_within_subject_dayshift,hyser_within_subject_dayshift|session2,set_acsa_tau_0.10,subject01,session2,session2,197,0.20304568527918782,0.14720812182741116,0.7411167512690355,0.4,0.4,0.6,0.8
hyser,hyser_within_subject_dayshift,hyser_within_subject_dayshift|session2,set_acsa_tau_0.10,subject02,session2,session2,202,0.2376237623762376,0.12871287128712872,0.5198019801980198,0.6,0.4,0.8,1.0
hyser,hyser_within_subject_dayshift,hyser_within_subject_dayshift|session2,set_acsa_tau_0.10,subject03,session2,session2,197,0.17766497461928935,0.116751269035533,0.49238578680203043,0.6,0.4,0.6,0.8
hyser,hyser_within_subject_dayshift,hyser_within_subject_dayshift|session2,set_acsa_tau_0.10,subject04,session2,session2,204,0.27450980392156865,0.1568627450980392,0.4852941176470588,0.6,0.2,0.8,1.0
hyser,hyser_within_subject_dayshift,hyser_within_subject_dayshift|session2,set_acsa_tau_0.10,subject05,session2,session2,204,0.21568627450980393,0.13725490196078433,0.28431372549019607,0.6,0.6,0.6,1.0
hyser,hyser_within_subject_dayshift,hyser_within_subject_dayshift|session2,set_acsa_tau_0.10,subject06,session2,session2,201,0.14925373134328357,0.09950248756218906,0.6915422885572139,0.6,0.4,0.7,0.8
hyser,hyser_within_subject_dayshift,hyser_within_subject_dayshift|session2,set_acsa_tau_0.10,subject07,session2,session2,204,0.15196078431372548,0.08823529411764706,0.7009803921568627,0.4,0.4,0.6,0.8
hyser,hyser_within_subject_dayshift,hyser_within_subject_dayshift|session2,set_acsa_tau_0.10,subject08,session2,session2,203,0.14285714285714285,0.09359605911330049,0.5123152709359606,0.4,0.4,0.6,0.8
hyser,hyser_within_subject_dayshift,hyser_within_subject_dayshift|session2,set_acsa_tau_0.10,subject09,session2,session2,204,0.27941176470588236,0.20588235294117646,0.7009803921568627,0.4,0.4,0.6,0.6
hyser,hyser_within_subject_dayshift,hyser_within_subject_dayshift|session2,set_acsa_tau_0.10,subject10,session2,session2,200,0.15,0.1,0.52,0.4,0.4,0.7,0.7
hyser,hyser_within_subject_dayshift,hyser_within_subject_dayshift|session2,set_acsa_tau_0.10,subject11,session2,session2,203,0.17733990147783252,0.07881773399014778,0.3645320197044335,0.6,0.4,0.6,1.0
hyser,hyser_within_subject_dayshift,hyser_within_subject_dayshift|session2,set_acsa_tau_0.10,subject12,session2,session2,203,0.1330049261083744,0.08374384236453201,0.4433497536945813,0.4,0.6,0.8,0.8
hyser,hyser_within_subject_dayshift,hyser_within_subject_dayshift|session2,set_acsa_tau_0.10,subject13,session2,session2,204,0.12745098039215685,0.07352941176470588,0.7009803921568627,0.2,0.4,0.6,0.8
hyser,hyser_within_subject_dayshift,hyser_within_subject_dayshift|session2,set_acsa_tau_0.10,subject14,session2,session2,201,0.0945273631840796,0.04975124378109453,0.6019900497512438,0.2,0.6,0.4,0.6
hyser,hyser_within_subject_dayshift,hyser_within_subject_dayshift|session2,set_acsa_tau_0.10,subject15,session2,session2,201,0.09950248756218906,0.03980099502487562,0.5174129353233831,0.30000000000000004,0.4,0.5,0.8
hyser,hyser_within_subject_dayshift,hyser_within_subject_dayshift|session2,set_acsa_tau_0.10,subject16,session2,session2,204,0.10784313725490197,0.03431372549019608,0.5882352941176471,0.4,0.4,0.4,0.4
hyser,hyser_within_subject_dayshift,hyser_within_subject_dayshift|session2,set_acsa_tau_0.10,subject17,session2,session2,202,0.12871287128712872,0.06930693069306931,0.3316831683168317,0.5,0.4,0.7,0.8
hyser,hyser_within_subject_dayshift,hyser_within_subject_dayshift|session2,set_acsa_tau_0.10,subject18,session2,session2,203,0.014778325123152709,0.009852216748768473,0.4827586206896552,0.4,0.4,1.0,1.0
hyser,hyser_within_subject_dayshift,hyser_within_subject_dayshift|session2,set_acsa_tau_0.10,subject19,session2,session2,197,0.07614213197969544,0.03553299492385787,0.4416243654822335,0.6,0.4,0.6,0.8
hyser,hyser_within_subject_dayshift,hyser_within_subject_dayshift|session2,set_acsa_tau_0.10,subject20,session2,session2,204,0.09803921568627451,0.07352941176470588,0.6127450980392157,0.6,0.4,0.8,0.8
hyser,hyser_within_subject_dayshift,hyser_within_subject_dayshift|session2,set_acsa_tau_0.15,subject01,session2,session2,197,0.22842639593908629,0.16243654822335024,0.7208121827411168,0.4,0.4,0.6,0.6
hyser,hyser_within_subject_dayshift,hyser_within_subject_dayshift|session2,set_acsa_tau_0.15,subject02,session2,session2,202,0.27722772277227725,0.16336633663366337,0.5495049504950495,0.6,0.4,0.8,1.0
hyser,hyser_within_subject_dayshift,hyser_within_subject_dayshift|session2,set_acsa_tau_0.15,subject03,session2,session2,197,0.22842639593908629,0.14720812182741116,0.5076142131979695,0.4,0.4,0.6,0.8
hyser,hyser_within_subject_dayshift,hyser_within_subject_dayshift|session2,set_acsa_tau_0.15,subject04,session2,session2,204,0.3431372549019608,0.21568627450980393,0.5343137254901961,0.6,0.2,0.8,1.0
hyser,hyser_within_subject_dayshift,hyser_within_subject_dayshift|session2,set_acsa_tau_0.15,subject05,session2,session2,204,0.24509803921568626,0.16176470588235295,0.3088235294117647,0.6,0.6,0.6,0.8
hyser,hyser_within_subject_dayshift,hyser_within_subject_dayshift|session2,set_acsa_tau_0.15,subject06,session2,session2,201,0.20398009950248755,0.12935323383084577,0.6915422885572139,0.5,0.4,0.6,0.7
hyser,hyser_within_subject_dayshift,hyser_within_subject_dayshift|session2,set_acsa_tau_0.15,subject07,session2,session2,204,0.19117647058823528,0.12745098039215685,0.7156862745098039,0.4,0.4,0.6,0.8
hyser,hyser_within_subject_dayshift,hyser_within_subject_dayshift|session2,set_acsa_tau_0.15,subject08,session2,session2,203,0.1724137931034483,0.10344827586206896,0.5172413793103449,0.4,0.4,0.6,0.8
hyser,hyser_within_subject_dayshift,hyser_within_subject_dayshift|session2,set_acsa_tau_0.15,subject09,session2,session2,204,0.3235294117647059,0.2549019607843137,0.7352941176470589,0.4,0.4,0.6,0.6
hyser,hyser_within_subject_dayshift,hyser_within_subject_dayshift|session2,set_acsa_tau_0.15,subject10,session2,session2,200,0.175,0.125,0.535,0.4,0.4,0.6,0.8
hyser,hyser_within_subject_dayshift,hyser_within_subject_dayshift|session2,set_acsa_tau_0.15,subject11,session2,session2,203,0.21182266009852216,0.10344827586206896,0.3891625615763547,0.6,0.4,0.6,0.8
hyser,hyser_within_subject_dayshift,hyser_within_subject_dayshift|session2,set_acsa_tau_0.15,subject12,session2,session2,203,0.21674876847290642,0.11330049261083744,0.4482758620689655,0.2,0.6,0.6,0.8
hyser,hyser_within_subject_dayshift,hyser_within_subject_dayshift|session2,set_acsa_tau_0.15,subject13,session2,session2,204,0.1715686274509804,0.09313725490196079,0.7058823529411765,0.2,0.4,0.6,0.6
hyser,hyser_within_subject_dayshift,hyser_within_subject_dayshift|session2,set_acsa_tau_0.15,subject14,session2,session2,201,0.11442786069651742,0.06467661691542288,0.6119402985074627,0.2,0.6,0.4,0.6
hyser,hyser_within_subject_dayshift,hyser_within_subject_dayshift|session2,set_acsa_tau_0.15,subject15,session2,session2,201,0.12437810945273632,0.05970149253731343,0.527363184079602,0.2,0.4,0.4,0.8
hyser,hyser_within_subject_dayshift,hyser_within_subject_dayshift|session2,set_acsa_tau_0.15,subject16,session2,session2,204,0.11764705882352941,0.04411764705882353,0.5882352941176471,0.4,0.4,0.30000000000000004,0.4
hyser,hyser_within_subject_dayshift,hyser_within_subject_dayshift|session2,set_acsa_tau_0.15,subject17,session2,session2,202,0.15841584158415842,0.08415841584158416,0.3415841584158416,0.4,0.4,0.7,0.8
hyser,hyser_within_subject_dayshift,hyser_within_subject_dayshift|session2,set_acsa_tau_0.15,subject18,session2,session2,203,0.014778325123152709,0.009852216748768473,0.47783251231527096,0.4,0.4,1.0,1.0
hyser,hyser_within_subject_dayshift,hyser_within_subject_dayshift|session2,set_acsa_tau_0.15,subject19,session2,session2,197,0.1065989847715736,0.06091370558375635,0.45685279187817257,0.6,0.4,0.6,0.8
hyser,hyser_within_subject_dayshift,hyser_within_subject_dayshift|session2,set_acsa_tau_0.15,subject20,session2,session2,204,0.12745098039215685,0.08333333333333333,0.6078431372549019,0.4,0.4,0.4,0.8
hyser,hyser_within_subject_dayshift,hyser_within_subject_dayshift|session2,set_acsa_tau_0.20,subject01,session2,session2,197,0.2436548223350254,0.16243654822335024,0.7208121827411168,0.4,0.4,0.6,0.6
hyser,hyser_within_subject_dayshift,hyser_within_subject_dayshift|session2,set_acsa_tau_0.20,subject02,session2,session2,202,0.29207920792079206,0.19306930693069307,0.5792079207920792,0.6,0.4,0.8,0.8
hyser,hyser_within_subject_dayshift,hyser_within_subject_dayshift|session2,set_acsa_tau_0.20,subject03,session2,session2,197,0.23857868020304568,0.17258883248730963,0.5329949238578681,0.4,0.4,0.6,0.8
hyser,hyser_within_subject_dayshift,hyser_within_subject_dayshift|session2,set_acsa_tau_0.20,subject04,session2,session2,204,0.37745098039215685,0.2696078431372549,0.5686274509803921,0.6,0.2,0.8,1.0
hyser,hyser_within_subject_dayshift,hyser_within_subject_dayshift|session2,set_acsa_tau_0.20,subject05,session2,session2,204,0.27941176470588236,0.20098039215686275,0.3284313725490196,0.6,0.6,0.6,0.8
hyser,hyser_within_subject_dayshift,hyser_within_subject_dayshift|session2,set_acsa_tau_0.20,subject06,session2,session2,201,0.22885572139303484,0.15422885572139303,0.7164179104477612,0.6,0.4,0.6,0.8
hyser,hyser_within_subject_dayshift,hyser_within_subject_dayshift|session2,set_acsa_tau_0.20,subject07,session2,session2,204,0.20588235294117646,0.14705882352941177,0.7254901960784313,0.4,0.4,0.6,0.8
hyser,hyser_within_subject_dayshift,hyser_within_subject_dayshift|session2,set_acsa_tau_0.20,subject08,session2,session2,203,0.17733990147783252,0.11822660098522167,0.5270935960591133,0.4,0.4,0.6,0.8
hyser,hyser_within_subject_dayshift,hyser_within_subject_dayshift|session2,set_acsa_tau_0.20,subject09,session2,session2,204,0.3627450980392157,0.27450980392156865,0.7401960784313726,0.4,0.4,0.6,0.6
hyser,hyser_within_subject_dayshift,hyser_within_subject_dayshift|session2,set_acsa_tau_0.20,subject10,session2,session2,200,0.18,0.13,0.54,0.4,0.4,0.6,0.8
hyser,hyser_within_subject_dayshift,hyser_within_subject_dayshift|session2,set_acsa_tau_0.20,subject11,session2,session2,203,0.22167487684729065,0.12315270935960591,0.39901477832512317,0.6,0.4,0.6,0.8
hyser,hyser_within_subject_dayshift,hyser_within_subject_dayshift|session2,set_acsa_tau_0.20,subject12,session2,session2,203,0.2512315270935961,0.12807881773399016,0.458128078817734,0.2,0.6,0.6,0.7
hyser,hyser_within_subject_dayshift,hyser_within_subject_dayshift|session2,set_acsa_tau_0.20,subject13,session2,session2,204,0.20098039215686275,0.11274509803921569,0.7107843137254902,0.2,0.4,0.6,0.6
hyser,hyser_within_subject_dayshift,hyser_within_subject_dayshift|session2,set_acsa_tau_0.20,subject14,session2,session2,201,0.13432835820895522,0.0845771144278607,0.6019900497512438,0.2,0.6,0.4,0.6
hyser,hyser_within_subject_dayshift,hyser_within_subject_dayshift|session2,set_acsa_tau_0.20,subject15,session2,session2,201,0.13930348258706468,0.06965174129353234,0.5373134328358209,0.4,0.4,0.5,0.8
hyser,hyser_within_subject_dayshift,hyser_within_subject_dayshift|session2,set_acsa_tau_0.20,subject16,session2,session2,204,0.1323529411764706,0.049019607843137254,0.5833333333333334,0.4,0.4,0.2,0.4
hyser,hyser_within_subject_dayshift,hyser_within_subject_dayshift|session2,set_acsa_tau_0.20,subject17,session2,session2,202,0.1782178217821782,0.10396039603960396,0.3564356435643564,0.4,0.4,0.6,0.8
hyser,hyser_within_subject_dayshift,hyser_within_subject_dayshift|session2,set_acsa_tau_0.20,subject18,session2,session2,203,0.019704433497536946,0.014778325123152709,0.47783251231527096,0.4,0.4,1.0,1.0
hyser,hyser_within_subject_dayshift,hyser_within_subject_dayshift|session2,set_acsa_tau_0.20,subject19,session2,session2,197,0.1319796954314721,0.06598984771573604,0.45685279187817257,0.6,0.4,0.6,0.8
hyser,hyser_within_subject_dayshift,hyser_within_subject_dayshift|session2,set_acsa_tau_0.20,subject20,session2,session2,204,0.1323529411764706,0.08333333333333333,0.6029411764705882,0.4,0.4,0.4,0.8
hyser,hyser_within_subject_dayshift,hyser_within_subject_dayshift|session2,user_only,subject01,session2,session2,197,0.0,0.0,0.6903553299492385,,0.4,,
hyser,hyser_within_subject_dayshift,hyser_within_subject_dayshift|session2,user_only,subject02,session2,session2,202,0.0,0.0,0.4306930693069307,,0.4,,
hyser,hyser_within_subject_dayshift,hyser_within_subject_dayshift|session2,user_only,subject03,session2,session2,197,0.0,0.0,0.4365482233502538,,0.4,,
hyser,hyser_within_subject_dayshift,hyser_within_subject_dayshift|session2,user_only,subject04,session2,session2,204,0.0,0.0,0.3627450980392157,,0.2,,
hyser,hyser_within_subject_dayshift,hyser_within_subject_dayshift|session2,user_only,subject05,session2,session2,204,0.0,0.0,0.19607843137254902,,0.6,,
hyser,hyser_within_subject_dayshift,hyser_within_subject_dayshift|session2,user_only,subject06,session2,session2,201,0.0,0.0,0.6467661691542289,,0.4,,
hyser,hyser_within_subject_dayshift,hyser_within_subject_dayshift|session2,user_only,subject07,session2,session2,204,0.0,0.0,0.6813725490196079,,0.4,,
hyser,hyser_within_subject_dayshift,hyser_within_subject_dayshift|session2,user_only,subject08,session2,session2,203,0.0,0.0,0.4630541871921182,,0.4,,
hyser,hyser_within_subject_dayshift,hyser_within_subject_dayshift|session2,user_only,subject09,session2,session2,204,0.0,0.0,0.6176470588235294,,0.4,,
hyser,hyser_within_subject_dayshift,hyser_within_subject_dayshift|session2,user_only,subject10,session2,session2,200,0.0,0.0,0.52,,0.4,,
hyser,hyser_within_subject_dayshift,hyser_within_subject_dayshift|session2,user_only,subject11,session2,session2,203,0.0,0.0,0.3103448275862069,,0.4,,
hyser,hyser_within_subject_dayshift,hyser_within_subject_dayshift|session2,user_only,subject12,session2,session2,203,0.0,0.0,0.4088669950738916,,0.6,,
hyser,hyser_within_subject_dayshift,hyser_within_subject_dayshift|session2,user_only,subject13,session2,session2,204,0.0,0.0,0.696078431372549,,0.4,,
hyser,hyser_within_subject_dayshift,hyser_within_subject_dayshift|session2,user_only,subject14,session2,session2,201,0.0,0.0,0.5920398009950248,,0.6,,
hyser,hyser_within_subject_dayshift,hyser_within_subject_dayshift|session2,user_only,subject15,session2,session2,201,0.0,0.0,0.5323383084577115,,0.4,,
hyser,hyser_within_subject_dayshift,hyser_within_subject_dayshift|session2,user_only,subject16,session2,session2,204,0.0,0.0,0.5980392156862745,,0.4,,
hyser,hyser_within_subject_dayshift,hyser_within_subject_dayshift|session2,user_only,subject17,session2,session2,202,0.0,0.0,0.3217821782178218,,0.4,,
hyser,hyser_within_subject_dayshift,hyser_within_subject_dayshift|session2,user_only,subject18,session2,session2,203,0.0,0.0,0.47783251231527096,,0.4,,
hyser,hyser_within_subject_dayshift,hyser_within_subject_dayshift|session2,user_only,subject19,session2,session2,197,0.0,0.0,0.4365482233502538,,0.4,,
hyser,hyser_within_subject_dayshift,hyser_within_subject_dayshift|session2,user_only,subject20,session2,session2,204,0.0,0.0,0.6029411764705882,,0.4,,

