dataset_id,split_id,policy,subject_id,session,day,accuracy,balanced_accuracy,macro_f1,active_macro_f1,brier,nll,ece,risk_coverage_auc,active_risk_coverage_auc,intervention_rate,action_change_rate,mean_ali,median_decision_time_ms,n,n_active,split_family
hyser,hyser_within_subject_dayshift|session2,user_only,subject01,session2,session2,0.515736040609137,0.4992156862745098,0.48232705888992033,0.48232705888992033,0.6534500161551038,1.82945204880342,0.16694439366660527,0.25337893251327415,0.25337893251327415,0.0,0.0,0.0,600.0,985,985,hyser_within_subject_dayshift
hyser,hyser_within_subject_dayshift|session2,assist_only,subject01,session2,session2,0.5177664974619289,0.5009803921568627,0.4969219361101286,0.4969219361101286,0.6828161692812188,1.8403016513883206,0.2133899124748178,0.2675841963659568,0.2675841963659568,0.515736040609137,0.515736040609137,0.10263488589163754,600.0,985,985,hyser_within_subject_dayshift
hyser,hyser_within_subject_dayshift|session2,confidence_blend_alpha_0.25,subject01,session2,session2,0.5563451776649746,0.5384313725490194,0.524660063750633,0.524660063750633,0.64386872302934,1.7218238547392526,0.22706342103421173,0.21938592300906776,0.21938592300906776,0.09238578680203045,0.09238578680203045,0.003527051316888636,600.0,985,985,hyser_within_subject_dayshift
hyser,hyser_within_subject_dayshift|session2,confidence_blend_alpha_0.50,subject01,session2,session2,0.581725888324873,0.5633333333333335,0.5568194448685266,0.5568194448685266,0.6455693175083203,1.6999693898023966,0.27384669918254356,0.20195427533492963,0.20195427533492963,0.2233502538071066,0.2233502538071066,0.019603844312956184,600.0,985,985,hyser_within_subject_dayshift
hyser,hyser_within_subject_dayshift|session2,confidence_blend_alpha_0.75,subject01,session2,session2,0.5786802030456852,0.5601960784313726,0.5558895447016539,0.5558895447016539,0.6585517995920447,1.7249399638906633,0.28023618882692347,0.2219537234646057,0.2219537234646057,0.3766497461928934,0.3766497461928934,0.05473346245656506,600.0,985,985,hyser_within_subject_dayshift
hyser,hyser_within_subject_dayshift|session2,selective_prediction,subject01,session2,session2,0.516751269035533,0.5001960784313725,0.48363985519220104,0.48363985519220104,0.6455241235114695,1.8139671046039363,0.15944006274593706,0.244752147768401,0.244752147768401,0.0010152284263959391,0.0010152284263959391,2.5145658652014647e-05,600.0,2955,2955,hyser_within_subject_dayshift
hyser,hyser_within_subject_dayshift|session2,set_acsa_tau_0.02,subject01,session2,session2,0.5218274111675127,0.5050980392156861,0.48855870231101006,0.48855870231101006,0.6308493841609817,1.7803773472357745,0.15513242728236634,0.2271476841962264,0.2271476841962264,0.014213197969543147,0.014213197969543147,0.00015717610234446556,600.0,985,985,hyser_within_subject_dayshift
hyser,hyser_within_subject_dayshift|session2,agency_margin_tau_0.02,subject01,session2,session2,0.5238578680203045,0.5070588235294117,0.4900236530510702,0.4900236530510702,0.6346606198259036,2.7502389298410135,0.13290307545344107,0.2267306545172923,0.2267306545172923,0.017258883248730966,0.017258883248730966,0.00019684746324163304,600.0,985,985,hyser_within_subject_dayshift
hyser,hyser_within_subject_dayshift|session2,set_acsa_tau_0.05,subject01,session2,session2,0.5401015228426396,0.5227450980392155,0.5070414930091581,0.5070414930091581,0.6246222707985448,1.7625001335453747,0.16523766525540037,0.21655339906857451,0.21655339906857451,0.047715736040609136,0.047715736040609136,0.001336324424813007,600.0,985,985,hyser_within_subject_dayshift
hyser,hyser_within_subject_dayshift|session2,agency_margin_tau_0.05,subject01,session2,session2,0.5411167512690356,0.5237254901960784,0.5077340330538973,0.5077340330538973,0.6199511509451101,2.738604437664104,0.12067145433731324,0.2162274605903056,0.2162274605903056,0.049746192893401014,0.049746192893401014,0.0013724369414404405,600.0,985,985,hyser_within_subject_dayshift
hyser,hyser_within_subject_dayshift|session2,set_acsa_tau_0.10,subject01,session2,session2,0.5573604060913706,0.5394117647058824,0.5253014509097947,0.5253014509097947,0.6152565156203356,1.7343488414815729,0.17605633197519338,0.20709170784664271,0.20709170784664271,0.08934010152284264,0.08934010152284264,0.004390474886647236,600.0,985,985,hyser_within_subject_dayshift
hyser,hyser_within_subject_dayshift|session2,agency_margin_tau_0.10,subject01,session2,session2,0.5573604060913706,0.5394117647058824,0.5253014509097947,0.5253014509097947,0.5980149899862337,2.3934830844710233,0.10958054784405757,0.2068442297108427,0.2068442297108427,0.08934010152284264,0.08934010152284264,0.004390474886647236,600.0,985,985,hyser_within_subject_dayshift
hyser,hyser_within_subject_dayshift|session2,set_acsa_tau_0.15,subject01,session2,session2,0.5614213197969543,0.5433333333333332,0.5305546273194177,0.5305546273194177,0.6134614744591289,1.7186429720802356,0.17248836024253875,0.2078297947860669,0.2078297947860669,0.12284263959390863,0.12284263959390863,0.008596739854393522,600.0,985,985,hyser_within_subject_dayshift
hyser,hyser_within_subject_dayshift|session2,agency_margin_tau_0.15,subject01,session2,session2,0.5614213197969543,0.5433333333333332,0.5305546273194177,0.5305546273194177,0.5968204651081862,2.2631774491323204,0.10882575192932381,0.2078297947860669,0.2078297947860669,0.12284263959390863,0.12284263959390863,0.008596739854393522,600.0,985,985,hyser_within_subject_dayshift
hyser,hyser_within_subject_dayshift|session2,set_acsa_tau_0.20,subject01,session2,session2,0.5644670050761421,0.5462745098039214,0.5335781923344778,0.5335781923344778,0.6114849473822067,1.6937763698878245,0.17419844957467137,0.2081693609677414,0.2081693609677414,0.13807106598984772,0.13807106598984772,0.011294927981312772,600.0,985,985,hyser_within_subject_dayshift
hyser,hyser_within_subject_dayshift|session2,agency_margin_tau_0.20,subject01,session2,session2,0.5644670050761421,0.5462745098039214,0.5335781923344778,0.5335781923344778,0.5905426541098416,1.8736872222408518,0.11529926179179038,0.2081693609677414,0.2081693609677414,0.13807106598984772,0.13807106598984772,0.011294927981312772,600.0,985,985,hyser_within_subject_dayshift
hyser,hyser_within_subject_dayshift|session2,user_only,subject02,session2,session2,0.37326732673267327,0.37745098039215685,0.34002639225740905,0.34002639225740905,0.7552354914067722,2.2181789586372704,0.09541355810931443,0.3791396911610272,0.3791396911610272,0.0,0.0,0.0,600.0,1010,1010,hyser_within_subject_dayshift
hyser,hyser_within_subject_dayshift|session2,assist_only,subject02,session2,session2,0.4801980198019802,0.48313725490196074,0.4625953685025368,0.4625953685025368,0.7441108187142883,2.0395643518315283,0.23769669331787327,0.3281393600241052,0.3281393600241052,0.6356435643564357,0.6356435643564357,0.1141076679270394,600.0,1010,1010,hyser_within_subject_dayshift
hyser,hyser_within_subject_dayshift|session2,confidence_blend_alpha_0.25,subject02,session2,session2,0.402970297029703,0.4072549019607843,0.37417431090842235,0.37417431090842235,0.7364230587926082,2.0645104453687986,0.13849356970761528,0.34198455485028656,0.34198455485028656,0.08118811881188119,0.08118811881188119,0.002043407701732023,600.0,1010,1010,hyser_within_subject_dayshift
hyser,hyser_within_subject_dayshift|session2,confidence_blend_alpha_0.50,subject02,session2,session2,0.4623762376237624,0.466078431372549,0.44638415403599346,0.44638415403599346,0.728298135805741,2.0043935076147443,0.21270244006799308,0.3006732849393052,0.3006732849393052,0.2485148514851485,0.2485148514851485,0.01775014786089914,600.0,1010,1010,hyser_within_subject_dayshift
hyser,hyser_within_subject_dayshift|session2,confidence_blend_alpha_0.75,subject02,session2,session2,0.5089108910891089,0.5123529411764707,0.49412961503957975,0.49412961503957975,0.7308607224461707,1.992677213337186,0.2711158414839862,0.2835305647788913,0.2835305647788913,0.45841584158415843,0.45841584158415843,0.056230952673454196,600.0,1010,1010,hyser_within_subject_dayshift
hyser,hyser_within_subject_dayshift|session2,selective_prediction,subject02,session2,session2,0.37491749174917494,0.3793464052287581,0.34120708591966414,0.34120708591966414,0.7468688194711333,2.201332192771063,0.08834101419010713,0.3665334174405137,0.3665334174405137,0.0016501650165016502,0.0016501650165016502,6.713169925742433e-05,600.0,3030,3030,hyser_within_subject_dayshift
hyser,hyser_within_subject_dayshift|session2,set_acsa_tau_0.02,subject02,session2,session2,0.3821782178217822,0.38647058823529407,0.34979658489228954,0.34979658489228954,0.7382257178195692,2.176829737451813,0.11206367738687414,0.34994676223614224,0.34994676223614224,0.01782178217821782,0.01782178217821782,0.00021447208174674813,600.0,1010,1010,hyser_within_subject_dayshift
hyser,hyser_within_subject_dayshift|session2,agency_margin_tau_0.02,subject02,session2,session2,0.3821782178217822,0.38647058823529407,0.34952662538133117,0.34952662538133117,0.7481425948809746,3.2145850617323046,0.1085387957890018,0.34996636956338706,0.34996636956338706,0.023762376237623763,0.023762376237623763,0.0002790059595755921,600.0,1010,1010,hyser_within_subject_dayshift
hyser,hyser_within_subject_dayshift|session2,set_acsa_tau_0.05,subject02,session2,session2,0.3920792079207921,0.39647058823529413,0.36368803317690535,0.36368803317690535,0.7350498797793996,2.1649908041686796,0.10880840258955506,0.34318528036231166,0.34318528036231166,0.04554455445544554,0.04554455445544554,0.0012388903164221783,600.0,1010,1010,hyser_within_subject_dayshift
hyser,hyser_within_subject_dayshift|session2,agency_margin_tau_0.05,subject02,session2,session2,0.3920792079207921,0.39647058823529413,0.3629403225175401,0.3629403225175401,0.737585210867828,3.27063992150902,0.1025343900209642,0.34325308777598534,0.34325308777598534,0.05643564356435644,0.05643564356435644,0.0015266652778883965,600.0,1010,1010,hyser_within_subject_dayshift
hyser,hyser_within_subject_dayshift|session2,set_acsa_tau_0.10,subject02,session2,session2,0.4267326732673267,0.43098039215686273,0.41053985227730916,0.41053985227730916,0.7230799192328758,2.0980534396345525,0.09722996809933535,0.32921970070928586,0.32921970070928586,0.12079207920792079,0.12079207920792079,0.006950579229786502,600.0,1010,1010,hyser_within_subject_dayshift
hyser,hyser_within_subject_dayshift|session2,agency_margin_tau_0.10,subject02,session2,session2,0.4277227722772277,0.4319607843137255,0.4121803751294299,0.4121803751294299,0.7097064005898829,2.862579524462952,0.09459397311289292,0.3287918942842536,0.3287918942842536,0.12475247524752475,0.12475247524752475,0.007191548423242699,600.0,1010,1010,hyser_within_subject_dayshift
hyser,hyser_within_subject_dayshift|session2,set_acsa_tau_0.15,subject02,session2,session2,0.44554455445544555,0.4496078431372549,0.43223878946879557,0.43223878946879557,0.7148427166441301,2.062675647008369,0.10815953018182531,0.31786517013587673,0.31786517013587673,0.15445544554455445,0.15445544554455445,0.011086725722244995,600.0,1010,1010,hyser_within_subject_dayshift
hyser,hyser_within_subject_dayshift|session2,agency_margin_tau_0.15,subject02,session2,session2,0.44554455445544555,0.4496078431372549,0.43223878946879557,0.43223878946879557,0.6984419373254838,2.37039032984237,0.06901581677492982,0.31780217321100646,0.31780217321100646,0.15445544554455445,0.15445544554455445,0.011086725722244995,600.0,1010,1010,hyser_within_subject_dayshift
hyser,hyser_within_subject_dayshift|session2,set_acsa_tau_0.20,subject02,session2,session2,0.45445544554455447,0.4584313725490196,0.4436131675774579,0.4436131675774579,0.7097689061808715,2.0368391115498117,0.11557935663212732,0.31228373641429336,0.31228373641429336,0.1712871287128713,0.1712871287128713,0.01406925462511582,600.0,1010,1010,hyser_within_subject_dayshift
hyser,hyser_within_subject_dayshift|session2,agency_margin_tau_0.20,subject02,session2,session2,0.45445544554455447,0.4584313725490196,0.4436131675774579,0.4436131675774579,0.6976993032471747,2.1310192690621,0.08712988975331451,0.31228373641429336,0.31228373641429336,0.1712871287128713,0.1712871287128713,0.01406925462511582,600.0,1010,1010,hyser_within_subject_dayshift
hyser,hyser_within_subject_dayshift|session2,user_only,subject03,session2,session2,0.4152284263959391,0.403921568627451,0.37119896643926387,0.37119896643926387,0.7501265077524826,2.1021779925291173,0.06543167235869092,0.41884637069239655,0.41884637069239655,0.0,0.0,0.0,600.0,985,985,hyser_within_subject_dayshift
hyser,hyser_within_subject_dayshift|session2,assist_only,subject03,session2,session2,0.4436548223350254,0.43196078431372553,0.40980448576498835,0.40980448576498835,0.7645354785757882,2.164444758055204,0.191609337566906,0.3847805493139274,0.3847805493139274,0.6842639593908629,0.6842639593908629,0.17657233737037661,600.0,985,985,hyser_within_subject_dayshift
hyser,hyser_within_subject_dayshift|session2,confidence_blend_alpha_0.25,subject03,session2,session2,0.4548223350253807,0.4423529411764706,0.4080829804793734,0.4080829804793734,0.7284310309172896,1.9539451839611108,0.14756231146240995,0.3518197788997924,0.3518197788997924,0.09137055837563451,0.09137055837563451,0.003575939329333885,600.0,985,985,hyser_within_subject_dayshift
hyser,hyser_within_subject_dayshift|session2,confidence_blend_alpha_0.50,subject03,session2,session2,0.5116751269035533,0.4978431372549019,0.4608521932433936,0.4608521932433936,0.7236007004426998,1.9316906099663314,0.24557408656139937,0.2730061836387298,0.2730061836387298,0.24873096446700507,0.24873096446700507,0.027231056815654655,600.0,985,985,hyser_within_subject_dayshift
hyser,hyser_within_subject_dayshift|session2,confidence_blend_alpha_0.75,subject03,session2,session2,0.5187817258883248,0.5047058823529413,0.46422525630516054,0.46422525630516054,0.7356355163287133,1.97369235148339,0.2734364718350729,0.2831632789887472,0.2831632789887472,0.47715736040609136,0.47715736040609136,0.0939248506764318,600.0,985,985,hyser_within_subject_dayshift
hyser,hyser_within_subject_dayshift|session2,selective_prediction,subject03,session2,session2,0.4148900169204738,0.4035947712418301,0.37092638812901557,0.37092638812901557,0.7503970742856676,2.1029625707474033,0.06486237679365775,0.41919682296131133,0.41919682296131133,0.00033840947546531303,0.00033840947546531303,0.00014173347793808373,600.0,2955,2955,hyser_within_subject_dayshift
hyser,hyser_within_subject_dayshift|session2,set_acsa_tau_0.02,subject03,session2,session2,0.4233502538071066,0.41196078431372546,0.3793230212240963,0.3793230212240963,0.7385927253078166,2.08146259136403,0.08360239707400224,0.3973578266357399,0.3973578266357399,0.014213197969543147,0.014213197969543147,0.00013919906241196864,600.0,985,985,hyser_within_subject_dayshift
hyser,hyser_within_subject_dayshift|session2,agency_margin_tau_0.02,subject03,session2,session2,0.4243654822335025,0.41294117647058826,0.38056370735521605,0.38056370735521605,0.7130295583717305,2.3197342536961907,0.07277675187783185,0.39720983094147294,0.39720983094147294,0.015228426395939087,0.015228426395939087,0.00014766158084286295,600.0,985,985,hyser_within_subject_dayshift
hyser,hyser_within_subject_dayshift|session2,set_acsa_tau_0.05,subject03,session2,session2,0.43248730964467,0.4207843137254902,0.38771463345147317,0.38771463345147317,0.7353991025804991,2.074910860294839,0.08914371224521007,0.3917218034168975,0.3917218034168975,0.03553299492385787,0.03553299492385787,0.0008981620391302477,600.0,985,985,hyser_within_subject_dayshift
hyser,hyser_within_subject_dayshift|session2,agency_margin_tau_0.05,subject03,session2,session2,0.43451776649746193,0.4227450980392157,0.390754844656663,0.390754844656663,0.7069451625976544,2.3016144454682492,0.06515674274521378,0.39149131753790883,0.39149131753790883,0.03756345177664975,0.03756345177664975,0.0009400658714197324,600.0,985,985,hyser_within_subject_dayshift
hyser,hyser_within_subject_dayshift|session2,set_acsa_tau_0.10,subject03,session2,session2,0.4517766497461929,0.43960784313725493,0.405514785976921,0.405514785976921,0.7280322808044221,2.049532137516127,0.09458302030065226,0.38213028829255125,0.38213028829255125,0.07614213197969544,0.07614213197969544,0.004058485609247346,600.0,985,985,hyser_within_subject_dayshift
hyser,hyser_within_subject_dayshift|session2,agency_margin_tau_0.10,subject03,session2,session2,0.45380710659898477,0.4415686274509804,0.4076258516326237,0.4076258516326237,0.6976425552961745,2.4100114760195104,0.06748956198699518,0.38173836766616165,0.38173836766616165,0.08020304568527918,0.08020304568527918,0.004327603059121493,600.0,985,985,hyser_within_subject_dayshift
hyser,hyser_within_subject_dayshift|session2,set_acsa_tau_0.15,subject03,session2,session2,0.47106598984771575,0.4586274509803922,0.42561244139147913,0.42561244139147913,0.7197842411387387,2.0161228545919174,0.10440516192891607,0.37342754433928665,0.37342754433928665,0.116751269035533,0.116751269035533,0.009290133637246317,600.0,985,985,hyser_within_subject_dayshift
hyser,hyser_within_subject_dayshift|session2,agency_margin_tau_0.15,subject03,session2,session2,0.4751269035532995,0.46254901960784317,0.43025385543268907,0.43025385543268907,0.6907590689693849,2.329238744128006,0.05418909679256956,0.37273133545186804,0.37273133545186804,0.1218274111675127,0.1218274111675127,0.009800170057029486,600.0,985,985,hyser_within_subject_dayshift
hyser,hyser_within_subject_dayshift|session2,set_acsa_tau_0.20,subject03,session2,session2,0.48020304568527916,0.4674509803921569,0.4343755789167479,0.4343755789167479,0.7147174591161582,1.9860953005862916,0.10631442921279381,0.371155984101373,0.371155984101373,0.14619289340101524,0.14619289340101524,0.014406764908615621,600.0,985,985,hyser_within_subject_dayshift
hyser,hyser_within_subject_dayshift|session2,agency_margin_tau_0.20,subject03,session2,session2,0.4812182741116751,0.4684313725490197,0.4358631631457306,0.4358631631457306,0.6927243438392152,2.088736206636473,0.06509107209814224,0.3709719856095578,0.3709719856095578,0.14720812182741116,0.14720812182741116,0.014541829775722472,600.0,985,985,hyser_within_subject_dayshift
hyser,hyser_within_subject_dayshift|session2,user_only,subject04,session2,session2,0.5254901960784314,0.5254901960784313,0.4890341851053241,0.4890341851053241,0.6689561653773901,1.730141839522851,0.19121886261762863,0.2803741524981643,0.2803741524981643,0.0,0.0,0.0,600.0,1020,1020,hyser_within_subject_dayshift
hyser,hyser_within_subject_dayshift|session2,assist_only,subject04,session2,session2,0.5803921568627451,0.580392156862745,0.5599959550223181,0.5599959550223181,0.650465428222452,1.6240702652698238,0.27230677507419493,0.211379141439658,0.211379141439658,0.5666666666666667,0.5666666666666667,0.10273013032967407,600.0,1020,1020,hyser_within_subject_dayshift
hyser,hyser_within_subject_dayshift|session2,confidence_blend_alpha_0.25,subject04,session2,session2,0.5764705882352941,0.5764705882352941,0.5473747496603437,0.5473747496603437,0.6477317516632671,1.6076259643507746,0.26085147738046444,0.23082830206988927,0.23082830206988927,0.09411764705882353,0.09411764705882353,0.0035472610303510276,600.0,1020,1020,hyser_within_subject_dayshift
hyser,hyser_within_subject_dayshift|session2,confidence_blend_alpha_0.50,subject04,session2,session2,0.6274509803921569,0.6274509803921569,0.6067595856604975,0.6067595856604975,0.6375751575659383,1.5668809573772136,0.32861168285404313,0.18748131846699417,0.18748131846699417,0.24313725490196078,0.24313725490196078,0.021122113288552628,600.0,1020,1020,hyser_within_subject_dayshift
hyser,hyser_within_subject_dayshift|session2,confidence_blend_alpha_0.75,subject04,session2,session2,0.6519607843137255,0.6519607843137254,0.6381900033399569,0.6381900033399569,0.6384863830854038,1.5691955398739403,0.3556711970969054,0.1742486456109027,0.1742486456109027,0.4303921568627451,0.4303921568627451,0.06132193854271788,600.0,1020,1020,hyser_within_subject_dayshift
hyser,hyser_within_subject_dayshift|session2,selective_prediction,subject04,session2,session2,0.5281045751633987,0.5281045751633986,0.49078550194420045,0.49078550194420045,0.6600198896921232,1.711211879947046,0.18518425590303614,0.2675624226672837,0.2675624226672837,0.00261437908496732,0.00261437908496732,0.0001425468465848101,600.0,3060,3060,hyser_within_subject_dayshift
hyser,hyser_within_subject_dayshift|session2,set_acsa_tau_0.02,subject04,session2,session2,0.5362745098039216,0.5362745098039216,0.5034474015450678,0.5034474015450678,0.6357564476345959,1.6505226782278695,0.17172836467012123,0.2347028221012217,0.2347028221012217,0.01764705882352941,0.01764705882352941,0.000190102742459307,600.0,1020,1020,hyser_within_subject_dayshift
hyser,hyser_within_subject_dayshift|session2,agency_margin_tau_0.02,subject04,session2,session2,0.538235294117647,0.5382352941176469,0.5062252637189977,0.5062252637189977,0.6231831472563557,2.58171472803147,0.13217883056805896,0.23479295640769607,0.23479295640769607,0.023529411764705882,0.023529411764705882,0.000247205589973123,600.0,1020,1020,hyser_within_subject_dayshift
hyser,hyser_within_subject_dayshift|session2,set_acsa_tau_0.05,subject04,session2,session2,0.553921568627451,0.553921568627451,0.5227222194561167,0.5227222194561167,0.6287487036776069,1.6257969608499232,0.1798877453616805,0.22733814316907788,0.22733814316907788,0.049019607843137254,0.049019607843137254,0.0013839852936134737,600.0,1020,1020,hyser_within_subject_dayshift
hyser,hyser_within_subject_dayshift|session2,agency_margin_tau_0.05,subject04,session2,session2,0.5588235294117647,0.5588235294117647,0.5290487166799888,0.5290487166799888,0.6062031879355145,2.495214411675933,0.12308459967739584,0.2269699654016875,0.2269699654016875,0.05588235294117647,0.05588235294117647,0.0015345786748146434,600.0,1020,1020,hyser_within_subject_dayshift
hyser,hyser_within_subject_dayshift|session2,set_acsa_tau_0.10,subject04,session2,session2,0.5833333333333334,0.5833333333333333,0.5574650931432329,0.5574650931432329,0.6177489389217955,1.5885340605433675,0.20068597949750117,0.21474571796553896,0.21474571796553896,0.10588235294117647,0.10588235294117647,0.005614114987914645,600.0,1020,1020,hyser_within_subject_dayshift
hyser,hyser_within_subject_dayshift|session2,agency_margin_tau_0.10,subject04,session2,session2,0.5852941176470589,0.5852941176470587,0.5595835378720029,0.5595835378720029,0.5865870681988855,2.2565034956520322,0.12482959751272042,0.21466693843185844,0.21466693843185844,0.10980392156862745,0.10980392156862745,0.005769586969621032,600.0,1020,1020,hyser_within_subject_dayshift
hyser,hyser_within_subject_dayshift|session2,set_acsa_tau_0.15,subject04,session2,session2,0.6009803921568627,0.6009803921568627,0.5782261686727344,0.5782261686727344,0.6095576384701302,1.5478237990974737,0.21414176043787872,0.20997203155007096,0.20997203155007096,0.15784313725490196,0.15784313725490196,0.011953375900188652,600.0,1020,1020,hyser_within_subject_dayshift
hyser,hyser_within_subject_dayshift|session2,agency_margin_tau_0.15,subject04,session2,session2,0.6019607843137255,0.6019607843137255,0.5796276472186493,0.5796276472186493,0.5828026424950927,2.112796175106856,0.14017443608215577,0.20991509984679602,0.20991509984679602,0.1607843137254902,0.1607843137254902,0.012218677144107879,600.0,1020,1020,hyser_within_subject_dayshift
hyser,hyser_within_subject_dayshift|session2,set_acsa_tau_0.20,subject04,session2,session2,0.611764705882353,0.611764705882353,0.5871127396787015,0.5871127396787015,0.6038390803731427,1.5226384155647164,0.222161092307367,0.20480147078658095,0.20480147078658095,0.19019607843137254,0.19019607843137254,0.017450364847284697,600.0,1020,1020,hyser_within_subject_dayshift
hyser,hyser_within_subject_dayshift|session2,agency_margin_tau_0.20,subject04,session2,session2,0.611764705882353,0.611764705882353,0.5871127396787015,0.5871127396787015,0.5795699339498028,1.7684273326169544,0.16267460953681506,0.20479480140279788,0.20479480140279788,0.19019607843137254,0.19019607843137254,0.017450364847284697,600.0,1020,1020,hyser_within_subject_dayshift
hyser,hyser_within_subject_dayshift|session2,user_only,subject05,session2,session2,0.15,0.15,0.10523944085509973,0.10523944085509973,0.9534670881748744,3.183163100589704,0.1220167437815991,0.7932390292633862,0.7932390292633862,0.0,0.0,0.0,600.0,1020,1020,hyser_within_subject_dayshift
hyser,hyser_within_subject_dayshift|session2,assist_only,subject05,session2,session2,0.27647058823529413,0.27647058823529413,0.25840857209570506,0.25840857209570506,0.8339012925281335,2.422254422234775,0.05470720334054644,0.5351542714979494,0.5351542714979494,0.7264705882352941,0.7264705882352941,0.130166013346762,600.0,1020,1020,hyser_within_subject_dayshift
hyser,hyser_within_subject_dayshift|session2,confidence_blend_alpha_0.25,subject05,session2,session2,0.19411764705882353,0.1941176470588235,0.15519072541718634,0.15519072541718634,0.9062465839083194,2.7838832569367407,0.04999110697706807,0.7276200254423498,0.7276200254423498,0.1303921568627451,0.1303921568627451,0.004176790107215836,600.0,1020,1020,hyser_within_subject_dayshift
hyser,hyser_within_subject_dayshift|session2,confidence_blend_alpha_0.50,subject05,session2,session2,0.22647058823529412,0.2264705882352941,0.18627915628159467,0.18627915628159467,0.8705787832116353,2.5933591444881507,0.053663132657091654,0.6342359960294899,0.6342359960294899,0.29411764705882354,0.29411764705882354,0.021146321205094187,600.0,1020,1020,hyser_within_subject_dayshift
hyser,hyser_within_subject_dayshift|session2,confidence_blend_alpha_0.75,subject05,session2,session2,0.26176470588235295,0.26176470588235295,0.2342136477272419,0.2342136477272419,0.8464636860848223,2.4780112779837777,0.05594625627764893,0.5538262878971262,0.5538262878971262,0.5235294117647059,0.5235294117647059,0.06725119106623532,600.0,1020,1020,hyser_within_subject_dayshift
hyser,hyser_within_subject_dayshift|session2,selective_prediction,subject05,session2,session2,0.1503267973856209,0.1503267973856209,0.1054271046312507,0.1054271046312507,0.9533174553418408,3.183784793690209,0.1218932149584341,0.7919034796961584,0.7919034796961584,0.000326797385620915,0.000326797385620915,2.434877526548307e-05,600.0,3060,3060,hyser_within_subject_dayshift
hyser,hyser_within_subject_dayshift|session2,set_acsa_tau_0.02,subject05,session2,session2,0.15294117647058825,0.15294117647058825,0.11056787127647762,0.11056787127647762,0.9440776332478859,3.1343431999420557,0.13205255833956306,0.7628027150565714,0.7628027150565714,0.029411764705882353,0.029411764705882353,0.00033059702193198473,600.0,1020,1020,hyser_within_subject_dayshift
hyser,hyser_within_subject_dayshift|session2,agency_margin_tau_0.02,subject05,session2,session2,0.153921568627451,0.153921568627451,0.1111412286494991,0.1111412286494991,0.9896552793502801,4.983548752586218,0.21010244663249855,0.7597448172023858,0.7597448172023858,0.03235294117647059,0.03235294117647059,0.0003800313179886183,600.0,1020,1020,hyser_within_subject_dayshift
hyser,hyser_within_subject_dayshift|session2,set_acsa_tau_0.05,subject05,session2,session2,0.16666666666666666,0.16666666666666666,0.12670065847773976,0.12670065847773976,0.9389021786401159,3.1108705459076664,0.12420471474349445,0.7454607887170525,0.7454607887170525,0.07058823529411765,0.07058823529411765,0.0017098418355482317,600.0,1020,1020,hyser_within_subject_dayshift
hyser,hyser_within_subject_dayshift|session2,agency_margin_tau_0.05,subject05,session2,session2,0.1696078431372549,0.16960784313725488,0.12976575851297745,0.12976575851297745,0.9777103122582297,5.206671213947317,0.20462573720714491,0.7421814026759271,0.7421814026759271,0.07745098039215687,0.07745098039215687,0.001940376600287527,600.0,1020,1020,hyser_within_subject_dayshift
hyser,hyser_within_subject_dayshift|session2,set_acsa_tau_0.10,subject05,session2,session2,0.19705882352941176,0.19705882352941173,0.16887752295892053,0.16887752295892053,0.9231778067915015,3.0358640796570575,0.10911094025542081,0.708726741201139,0.708726741201139,0.14705882352941177,0.14705882352941177,0.007811061696915155,600.0,1020,1020,hyser_within_subject_dayshift
hyser,hyser_within_subject_dayshift|session2,agency_margin_tau_0.10,subject05,session2,session2,0.19901960784313724,0.19901960784313721,0.16906938120625453,0.16906938120625453,0.9429409598115855,4.953389629914197,0.1748348819570772,0.7069451860314149,0.7069451860314149,0.153921568627451,0.153921568627451,0.008172716512736268,600.0,1020,1020,hyser_within_subject_dayshift
hyser,hyser_within_subject_dayshift|session2,set_acsa_tau_0.15,subject05,session2,session2,0.21764705882352942,0.2176470588235294,0.1935809321166537,0.1935809321166537,0.9115980812838563,2.9669173597789795,0.09538141934609881,0.6894585750971961,0.6894585750971961,0.2019607843137255,0.2019607843137255,0.014833103432176536,600.0,1020,1020,hyser_within_subject_dayshift
hyser,hyser_within_subject_dayshift|session2,agency_margin_tau_0.15,subject05,session2,session2,0.21764705882352942,0.2176470588235294,0.19334753166460444,0.19334753166460444,0.9177121917838414,4.162809017984004,0.13429742649828297,0.6883159554284711,0.6883159554284711,0.20098039215686275,0.20098039215686275,0.014889214563278207,600.0,1020,1020,hyser_within_subject_dayshift
hyser,hyser_within_subject_dayshift|session2,set_acsa_tau_0.20,subject05,session2,session2,0.22647058823529412,0.2264705882352941,0.20516426763755113,0.20516426763755113,0.9052772634418118,2.936627013097496,0.09017403923756973,0.6763870861796075,0.6763870861796075,0.23921568627450981,0.23921568627450981,0.021115385853534528,600.0,1020,1020,hyser_within_subject_dayshift
hyser,hyser_within_subject_dayshift|session2,agency_margin_tau_0.20,subject05,session2,session2,0.22647058823529412,0.2264705882352941,0.20501561326628331,0.20501561326628331,0.8976854621373335,3.1610572448334335,0.1060977811726466,0.6758326956701944,0.6758326956701944,0.2372549019607843,0.2372549019607843,0.021032565193195317,600.0,1020,1020,hyser_within_subject_dayshift
hyser,hyser_within_subject_dayshift|session2,user_only,subject06,session2,session2,0.536318407960199,0.530392156862745,0.5218195760594273,0.5218195760594273,0.6630606241245203,1.7779458841713363,0.1732589169746103,0.32592554622676184,0.32592554622676184,0.0,0.0,0.0,600.0,1005,1005,hyser_within_subject_dayshift
hyser,hyser_within_subject_dayshift|session2,assist_only,subject06,session2,session2,0.6238805970149254,0.622549019607843,0.6157996919468346,0.6157996919468346,0.6584171034753511,1.7589495355335873,0.3443709506695735,0.15838027815366418,0.15838027815366418,0.5253731343283582,0.5253731343283582,0.12794024471761328,600.0,1005,1005,hyser_within_subject_dayshift
hyser,hyser_within_subject_dayshift|session2,confidence_blend_alpha_0.25,subject06,session2,session2,0.5761194029850746,0.5705882352941176,0.5683481593573138,0.5683481593573138,0.640167613648777,1.6565305436891375,0.23915702115791931,0.23346254258855897,0.23346254258855897,0.07263681592039802,0.07263681592039802,0.002942044385809401,600.0,1005,1005,hyser_within_subject_dayshift
hyser,hyser_within_subject_dayshift|session2,confidence_blend_alpha_0.50,subject06,session2,session2,0.6238805970149254,0.6196078431372548,0.6216181855557031,0.6216181855557031,0.6317626900485357,1.635335184999145,0.31978564531395853,0.15450062522844485,0.15450062522844485,0.1771144278606965,0.1771144278606965,0.01646991561111959,600.0,1005,1005,hyser_within_subject_dayshift
hyser,hyser_within_subject_dayshift|session2,confidence_blend_alpha_0.75,subject06,session2,session2,0.663681592039801,0.6598039215686273,0.6521170959969206,0.6521170959969206,0.6378458533237971,1.6633985352933744,0.381443783144974,0.11823864314867528,0.11823864314867528,0.34427860696517415,0.34427860696517415,0.057520601824064946,600.0,1005,1005,hyser_within_subject_dayshift
hyser,hyser_within_subject_dayshift|session2,selective_prediction,subject06,session2,session2,0.538971807628524,0.5330065359477123,0.5247345542098469,0.5247345542098469,0.6554264453010095,1.7631307809174206,0.16078544232371209,0.3021038980937613,0.3021038980937613,0.0029850746268656717,0.0029850746268656717,0.0003793036021766044,600.0,3015,3015,hyser_within_subject_dayshift
hyser,hyser_within_subject_dayshift|session2,set_acsa_tau_0.02,subject06,session2,session2,0.5432835820895522,0.538235294117647,0.5332171175663679,0.5332171175663679,0.638203559404886,1.733345390675072,0.15181622495842953,0.2787002967846862,0.2787002967846862,0.012935323383084577,0.012935323383084577,0.00011466287413395043,600.0,1005,1005,hyser_within_subject_dayshift
hyser,hyser_within_subject_dayshift|session2,agency_margin_tau_0.02,subject06,session2,session2,0.5432835820895522,0.538235294117647,0.5332483809350199,0.5332483809350199,0.6072341643340451,2.1052361356168308,0.10455788519576747,0.2783882203029712,0.2783882203029712,0.013930348258706468,0.013930348258706468,0.0001188209511128414,600.0,1005,1005,hyser_within_subject_dayshift
hyser,hyser_within_subject_dayshift|session2,set_acsa_tau_0.05,subject06,session2,session2,0.5512437810945273,0.546078431372549,0.541121930172647,0.541121930172647,0.6359751472644009,1.731121497765707,0.15745757708146552,0.27455563058120697,0.27455563058120697,0.03283582089552239,0.03283582089552239,0.0007764484009307648,600.0,1005,1005,hyser_within_subject_dayshift
hyser,hyser_within_subject_dayshift|session2,agency_margin_tau_0.05,subject06,session2,session2,0.5512437810945273,0.546078431372549,0.5411532384968192,0.5411532384968192,0.6007041608012417,2.1142756891250807,0.09513615874155848,0.274360676442454,0.274360676442454,0.03383084577114428,0.03383084577114428,0.0007806064779096558,600.0,1005,1005,hyser_within_subject_dayshift
hyser,hyser_within_subject_dayshift|session2,set_acsa_tau_0.10,subject06,session2,session2,0.56318407960199,0.5588235294117646,0.5575505700706479,0.5575505700706479,0.6295910827194378,1.7118577187050057,0.1666653085345378,0.26855416181874525,0.26855416181874525,0.05970149253731343,0.05970149253731343,0.002715946720400065,600.0,1005,1005,hyser_within_subject_dayshift
hyser,hyser_within_subject_dayshift|session2,agency_margin_tau_0.10,subject06,session2,session2,0.56318407960199,0.5588235294117646,0.5575848455885022,0.5575848455885022,0.5913202754347522,1.8827497349365123,0.09404846076505766,0.26851078289050806,0.26851078289050806,0.06069651741293532,0.06069651741293532,0.0027201047973789555,600.0,1005,1005,hyser_within_subject_dayshift
hyser,hyser_within_subject_dayshift|session2,set_acsa_tau_0.15,subject06,session2,session2,0.5741293532338309,0.5705882352941176,0.5719160543382853,0.5719160543382853,0.6235901194773654,1.6947785939342344,0.17082106557643306,0.26269641334909066,0.26269641334909066,0.08756218905472637,0.08756218905472637,0.006178796521762481,600.0,1005,1005,hyser_within_subject_dayshift
hyser,hyser_within_subject_dayshift|session2,agency_margin_tau_0.15,subject06,session2,session2,0.5741293532338309,0.5705882352941176,0.5720214918827445,0.5720214918827445,0.588277680831472,1.807337120099839,0.10183141698340732,0.2627021850266581,0.2627021850266581,0.08656716417910448,0.08656716417910448,0.006057547583770944,600.0,1005,1005,hyser_within_subject_dayshift
hyser,hyser_within_subject_dayshift|session2,set_acsa_tau_0.20,subject06,session2,session2,0.5850746268656717,0.5833333333333333,0.5871218921089292,0.5871218921089292,0.616792937452379,1.6717671209403124,0.17850252160396202,0.25714929366734474,0.25714929366734474,0.10248756218905472,0.10248756218905472,0.008683719564253452,600.0,1005,1005,hyser_within_subject_dayshift
hyser,hyser_within_subject_dayshift|session2,agency_margin_tau_0.20,subject06,session2,session2,0.5850746268656717,0.5833333333333333,0.5872273296533884,0.5872273296533884,0.5868792826763304,1.7102082706516517,0.12363750241147022,0.25714929366734474,0.25714929366734474,0.10149253731343283,0.10149253731343283,0.008562470626261915,600.0,1005,1005,hyser_within_subject_dayshift
hyser,hyser_within_subject_dayshift|session2,user_only,subject07,session2,session2,0.5264705882352941,0.5264705882352941,0.517172411966587,0.517172411966587,0.6252378372958616,1.674072435344398,0.1623882162351303,0.24969047541458017,0.24969047541458017,0.0,0.0,0.0,600.0,1020,1020,hyser_within_subject_dayshift
hyser,hyser_within_subject_dayshift|session2,assist_only,subject07,session2,session2,0.4823529411764706,0.48235294117647065,0.4850885753809358,0.4850885753809358,0.7116696816298526,2.05673319971697,0.19825045553160003,0.3113747188583647,0.3113747188583647,0.542156862745098,0.542156862745098,0.1070865161416264,600.0,1020,1020,hyser_within_subject_dayshift
hyser,hyser_within_subject_dayshift|session2,confidence_blend_alpha_0.25,subject07,session2,session2,0.5558823529411765,0.5558823529411764,0.5483958767779303,0.5483958767779303,0.6297197245752061,1.6786840355524981,0.22010211090704077,0.22088800015293958,0.22088800015293958,0.0803921568627451,0.0803921568627451,0.00244269438783251,600.0,1020,1020,hyser_within_subject_dayshift
hyser,hyser_within_subject_dayshift|session2,confidence_blend_alpha_0.50,subject07,session2,session2,0.5794117647058824,0.5794117647058822,0.5786731857700228,0.5786731857700228,0.6456189943905676,1.72857889830238,0.27419585557492043,0.21196571623821342,0.21196571623821342,0.21274509803921568,0.21274509803921568,0.018083527358782447,600.0,1020,1020,hyser_within_subject_dayshift
hyser,hyser_within_subject_dayshift|session2,confidence_blend_alpha_0.75,subject07,session2,session2,0.546078431372549,0.546078431372549,0.5511935514805287,0.5511935514805287,0.6729356467419462,1.8226314202053346,0.2597245143595962,0.24096063334641274,0.24096063334641274,0.3892156862745098,0.3892156862745098,0.05532579176740245,600.0,1020,1020,hyser_within_subject_dayshift
hyser,hyser_within_subject_dayshift|session2,selective_prediction,subject07,session2,session2,0.5264705882352941,0.5264705882352941,0.5175030662823521,0.5175030662823521,0.6235358159531758,1.6703143687706412,0.15887026145394825,0.24963760990643238,0.24963760990643238,0.0032679738562091504,0.0032679738562091504,0.00038630417933941123,600.0,3060,3060,hyser_within_subject_dayshift
hyser,hyser_within_subject_dayshift|session2,set_acsa_tau_0.02,subject07,session2,session2,0.5333333333333333,0.5333333333333334,0.5255421146724261,0.5255421146724261,0.6119192837245852,1.6525628915812978,0.15162319054363035,0.237170490497454,0.237170490497454,0.016666666666666666,0.016666666666666666,0.00014597448769590804,600.0,1020,1020,hyser_within_subject_dayshift
hyser,hyser_within_subject_dayshift|session2,agency_margin_tau_0.02,subject07,session2,session2,0.5352941176470588,0.5352941176470588,0.5272437296839548,0.5272437296839548,0.6080123737742459,2.253589403228428,0.14561167876174405,0.23695361050718047,0.23695361050718047,0.018627450980392157,0.018627450980392157,0.00015670474768923683,600.0,1020,1020,hyser_within_subject_dayshift
hyser,hyser_within_subject_dayshift|session2,set_acsa_tau_0.05,subject07,session2,session2,0.538235294117647,0.538235294117647,0.5300774429420347,0.5300774429420347,0.609562349371527,1.653850828823508,0.15260088863648616,0.23451902982712736,0.23451902982712736,0.03627450980392157,0.03627450980392157,0.0008282517297534844,600.0,1020,1020,hyser_within_subject_dayshift
hyser,hyser_within_subject_dayshift|session2,agency_margin_tau_0.05,subject07,session2,session2,0.5411764705882353,0.5411764705882353,0.5330053251779608,0.5330053251779608,0.6020995497989213,2.3332907481450533,0.1323441675608433,0.23440265629314677,0.23440265629314677,0.0392156862745098,0.0392156862745098,0.0008663796416598002,600.0,1020,1020,hyser_within_subject_dayshift
hyser,hyser_within_subject_dayshift|session2,set_acsa_tau_0.10,subject07,session2,session2,0.5470588235294118,0.5470588235294117,0.5379714859333324,0.5379714859333324,0.6067450348509837,1.6438549678826424,0.15652748401200015,0.23178091154413336,0.23178091154413336,0.09215686274509804,0.09215686274509804,0.005109609661924175,600.0,1020,1020,hyser_within_subject_dayshift
hyser,hyser_within_subject_dayshift|session2,agency_margin_tau_0.10,subject07,session2,session2,0.5470588235294118,0.5470588235294117,0.537946513261099,0.537946513261099,0.5916960737912084,2.20131596536851,0.12356293712695197,0.23181178639534586,0.23181178639534586,0.09313725490196079,0.09313725490196079,0.005169538023433053,600.0,1020,1020,hyser_within_subject_dayshift
hyser,hyser_within_subject_dayshift|session2,set_acsa_tau_0.15,subject07,session2,session2,0.5549019607843138,0.5549019607843138,0.5467399321382065,0.5467399321382065,0.6037021836286557,1.6362384313216558,0.16120786203053541,0.23088282439171884,0.23088282439171884,0.12745098039215685,0.12745098039215685,0.009380130744366395,600.0,1020,1020,hyser_within_subject_dayshift
hyser,hyser_within_subject_dayshift|session2,agency_margin_tau_0.15,subject07,session2,session2,0.5549019607843138,0.5549019607843138,0.5467399321382065,0.5467399321382065,0.5861872122773433,1.8254674846225576,0.1267732713520811,0.23088282439171884,0.23088282439171884,0.12745098039215685,0.12745098039215685,0.009380130744366395,600.0,1020,1020,hyser_within_subject_dayshift
hyser,hyser_within_subject_dayshift|session2,set_acsa_tau_0.20,subject07,session2,session2,0.5598039215686275,0.5598039215686273,0.5526908036095864,0.5526908036095864,0.6014632469802423,1.630785745500759,0.1643067969221184,0.23100306596181286,0.23100306596181286,0.14607843137254903,0.14607843137254903,0.012453336610115655,600.0,1020,1020,hyser_within_subject_dayshift
hyser,hyser_within_subject_dayshift|session2,agency_margin_tau_0.20,subject07,session2,session2,0.5598039215686275,0.5598039215686273,0.5526908036095864,0.5526908036095864,0.5849547995117745,1.7234797825693027,0.12285829282407974,0.23100306596181286,0.23100306596181286,0.14607843137254903,0.14607843137254903,0.012453336610115655,600.0,1020,1020,hyser_within_subject_dayshift
hyser,hyser_within_subject_dayshift|session2,user_only,subject08,session2,session2,0.3783251231527094,0.37745098039215685,0.33714925733523,0.33714925733523,0.7583298103030911,2.115170574036678,0.07320415202057311,0.4310322113873561,0.4310322113873561,0.0,0.0,0.0,600.0,1015,1015,hyser_within_subject_dayshift
hyser,hyser_within_subject_dayshift|session2,assist_only,subject08,session2,session2,0.41576354679802957,0.4158823529411765,0.38501884479078075,0.38501884479078075,0.7635161950705351,2.18802300309382,0.16360172333227255,0.3892423326531825,0.3892423326531825,0.5783251231527093,0.5783251231527093,0.09348953924021765,600.0,1015,1015,hyser_within_subject_dayshift
hyser,hyser_within_subject_dayshift|session2,confidence_blend_alpha_0.25,subject08,session2,session2,0.4098522167487685,0.4090196078431373,0.37234856795325133,0.37234856795325133,0.7460515250163772,2.0502094109039968,0.12588230183302931,0.39560114888205916,0.39560114888205916,0.10147783251231528,0.10147783251231528,0.002516966484471923,600.0,1015,1015,hyser_within_subject_dayshift
hyser,hyser_within_subject_dayshift|session2,confidence_blend_alpha_0.50,subject08,session2,session2,0.4403940886699507,0.43999999999999995,0.40482752687139967,0.40482752687139967,0.7428231607153104,2.0371282278065177,0.17669303247912804,0.3681875516179602,0.3681875516179602,0.22955665024630542,0.22955665024630542,0.013884995538447008,600.0,1015,1015,hyser_within_subject_dayshift
hyser,hyser_within_subject_dayshift|session2,confidence_blend_alpha_0.75,subject08,session2,session2,0.45517241379310347,0.4547058823529412,0.42432794331697116,0.42432794331697116,0.7486447173998912,2.062176036313525,0.20365016661730168,0.358473400288525,0.358473400288525,0.41083743842364534,0.41083743842364534,0.046873629490453116,600.0,1015,1015,hyser_within_subject_dayshift
hyser,hyser_within_subject_dayshift|session2,selective_prediction,subject08,session2,session2,0.3789819376026273,0.3781045751633987,0.33808582862597886,0.33808582862597886,0.7537594903524742,2.105323711314544,0.06772291476112453,0.4206716585096432,0.4206716585096432,0.0013136288998357964,0.0013136288998357964,9.804626309949215e-05,600.0,3045,3045,hyser_within_subject_dayshift
hyser,hyser_within_subject_dayshift|session2,set_acsa_tau_0.02,subject08,session2,session2,0.3891625615763547,0.38823529411764707,0.3479740643422524,0.3479740643422524,0.7426103413691265,2.0986342556070827,0.07765196678422868,0.39548569195750055,0.39548569195750055,0.024630541871921183,0.024630541871921183,0.00021674062917052586,600.0,1015,1015,hyser_within_subject_dayshift
hyser,hyser_within_subject_dayshift|session2,agency_margin_tau_0.02,subject08,session2,session2,0.3891625615763547,0.38823529411764707,0.3479448866668749,0.3479448866668749,0.7506376236112168,3.1892543816503567,0.06990579036021659,0.395426562968519,0.395426562968519,0.026600985221674877,0.026600985221674877,0.0002360306908537634,600.0,1015,1015,hyser_within_subject_dayshift
hyser,hyser_within_subject_dayshift|session2,set_acsa_tau_0.05,subject08,session2,session2,0.39704433497536945,0.39588235294117646,0.3561152133515465,0.3561152133515465,0.7399796191135207,2.087660606077035,0.07832742059287372,0.38980563407422897,0.38980563407422897,0.054187192118226604,0.054187192118226604,0.0012107359143088787,600.0,1015,1015,hyser_within_subject_dayshift
hyser,hyser_within_subject_dayshift|session2,agency_margin_tau_0.05,subject08,session2,session2,0.39704433497536945,0.39588235294117646,0.3563507374712742,0.3563507374712742,0.7479750573727364,3.4260562435341373,0.0639546081971442,0.38975464594372666,0.38975464594372666,0.059113300492610835,0.059113300492610835,0.0014080318267792689,600.0,1015,1015,hyser_within_subject_dayshift
hyser,hyser_within_subject_dayshift|session2,set_acsa_tau_0.10,subject08,session2,session2,0.40788177339901477,0.4068627450980392,0.3680225052062621,0.3680225052062621,0.7369583871841265,2.0990169850749236,0.0803414545102358,0.3864099914751558,0.3864099914751558,0.10246305418719212,0.10246305418719212,0.0047152638423292445,600.0,1015,1015,hyser_within_subject_dayshift
hyser,hyser_within_subject_dayshift|session2,agency_margin_tau_0.10,subject08,session2,session2,0.4088669950738916,0.40784313725490196,0.3686228797173289,0.3686228797173289,0.7271106245601672,2.935262558973305,0.0487751449145863,0.3860431862024506,0.3860431862024506,0.10443349753694581,0.10443349753694581,0.004868089883924784,600.0,1015,1015,hyser_within_subject_dayshift
hyser,hyser_within_subject_dayshift|session2,set_acsa_tau_0.15,subject08,session2,session2,0.41576354679802957,0.4149019607843138,0.37838344215116554,0.37838344215116554,0.7340147332123937,2.0861953395648007,0.08643012221899585,0.38279711420312806,0.38279711420312806,0.13004926108374384,0.13004926108374384,0.008239435775447614,600.0,1015,1015,hyser_within_subject_dayshift
hyser,hyser_within_subject_dayshift|session2,agency_margin_tau_0.15,subject08,session2,session2,0.41576354679802957,0.4149019607843138,0.37838344215116554,0.37838344215116554,0.7230090837313451,2.5876459650914962,0.048644242556777836,0.3827453369143034,0.3827453369143034,0.13004926108374384,0.13004926108374384,0.008239435775447614,600.0,1015,1015,hyser_within_subject_dayshift
hyser,hyser_within_subject_dayshift|session2,set_acsa_tau_0.20,subject08,session2,session2,0.41674876847290643,0.4160784313725491,0.3774818328603235,0.3774818328603235,0.7329989670139386,2.085892958950779,0.08718203442793188,0.38120977551911256,0.38120977551911256,0.14187192118226602,0.14187192118226602,0.01031547683097813,600.0,1015,1015,hyser_within_subject_dayshift
hyser,hyser_within_subject_dayshift|session2,agency_margin_tau_0.20,subject08,session2,session2,0.41674876847290643,0.4160784313725491,0.3774818328603235,0.3774818328603235,0.7232407630232551,2.2747030591510087,0.06356881247784073,0.38120977551911256,0.38120977551911256,0.14187192118226602,0.14187192118226602,0.01031547683097813,600.0,1015,1015,hyser_within_subject_dayshift
hyser,hyser_within_subject_dayshift|session2,user_only,subject09,session2,session2,0.47352941176470587,0.4735294117647059,0.46313479110084443,0.46313479110084443,0.6879214354525487,1.8514840450363002,0.1399252267632867,0.30661125710830767,0.30661125710830767,0.0,0.0,0.0,600.0,1020,1020,hyser_within_subject_dayshift
hyser,hyser_within_subject_dayshift|session2,assist_only,subject09,session2,session2,0.6147058823529412,0.6147058823529412,0.6240923110580745,0.6240923110580745,0.6265451868221491,1.659809394127592,0.2846939263761184,0.19957459388770146,0.19957459388770146,0.5225490196078432,0.5225490196078432,0.09378601770823754,600.0,1020,1020,hyser_within_subject_dayshift
hyser,hyser_within_subject_dayshift|session2,confidence_blend_alpha_0.25,subject09,session2,session2,0.5519607843137255,0.5519607843137254,0.556089591988508,0.556089591988508,0.6550950214016233,1.710274405716661,0.23704366869747953,0.23600422346837197,0.23600422346837197,0.1303921568627451,0.1303921568627451,0.006486882835522036,600.0,1020,1020,hyser_within_subject_dayshift
hyser,hyser_within_subject_dayshift|session2,confidence_blend_alpha_0.50,subject09,session2,session2,0.592156862745098,0.592156862745098,0.600277129787559,0.600277129787559,0.6339235086128102,1.6499403160579562,0.2848988676739197,0.19380811088671854,0.19380811088671854,0.24901960784313726,0.24901960784313726,0.022159402556880314,600.0,1020,1020,hyser_within_subject_dayshift
hyser,hyser_within_subject_dayshift|session2,confidence_blend_alpha_0.75,subject09,session2,session2,0.634313725490196,0.634313725490196,0.647493642339845,0.647493642339845,0.6244068970861091,1.6313250464694293,0.3220965737674533,0.1770333424177991,0.1770333424177991,0.4088235294117647,0.4088235294117647,0.05764379920547506,600.0,1020,1020,hyser_within_subject_dayshift
hyser,hyser_within_subject_dayshift|session2,selective_prediction,subject09,session2,session2,0.47549019607843135,0.4754901960784314,0.46675123420141995,0.46675123420141995,0.6773423222310463,1.8277875928496299,0.1265479794492667,0.2974231582838008,0.2974231582838008,0.006535947712418301,0.006535947712418301,0.0008426782831173652,600.0,3060,3060,hyser_within_subject_dayshift
hyser,hyser_within_subject_dayshift|session2,set_acsa_tau_0.02,subject09,session2,session2,0.48627450980392156,0.4862745098039216,0.47731460241074947,0.47731460241074947,0.6479784025297957,1.771013535133257,0.14745893731356444,0.25429081258596975,0.25429081258596975,0.01764705882352941,0.01764705882352941,0.00017543633675510813,600.0,1020,1020,hyser_within_subject_dayshift
hyser,hyser_within_subject_dayshift|session2,agency_margin_tau_0.02,subject09,session2,session2,0.4872549019607843,0.4872549019607843,0.478419715344495,0.478419715344495,0.6312320349686482,2.7447865424551154,0.11871718107541508,0.25409821877259586,0.25409821877259586,0.021568627450980392,0.021568627450980392,0.0002449165844466282,600.0,1020,1020,hyser_within_subject_dayshift
hyser,hyser_within_subject_dayshift|session2,set_acsa_tau_0.05,subject09,session2,session2,0.5098039215686274,0.5098039215686275,0.5040139127678857,0.5040139127678857,0.6388981997265013,1.7465578053283886,0.1494704206231328,0.24021886476979976,0.24021886476979976,0.05,0.05,0.0013392161970979157,600.0,1020,1020,hyser_within_subject_dayshift
hyser,hyser_within_subject_dayshift|session2,agency_margin_tau_0.05,subject09,session2,session2,0.5117647058823529,0.511764705882353,0.5056871282684883,0.5056871282684883,0.6110892659074519,2.720138636812547,0.10389375122658895,0.2399219666260451,0.2399219666260451,0.058823529411764705,0.058823529411764705,0.0015846240567979324,600.0,1020,1020,hyser_within_subject_dayshift
hyser,hyser_within_subject_dayshift|session2,set_acsa_tau_0.10,subject09,session2,session2,0.546078431372549,0.5460784313725491,0.5428087719140644,0.5428087719140644,0.6241672126496004,1.6938895400238079,0.15951863926015075,0.2267537626870526,0.2267537626870526,0.10784313725490197,0.10784313725490197,0.005752323525123325,600.0,1020,1020,hyser_within_subject_dayshift
hyser,hyser_within_subject_dayshift|session2,agency_margin_tau_0.10,subject09,session2,session2,0.5490196078431373,0.5490196078431374,0.5459195364936333,0.5459195364936333,0.5756529654514679,2.2015464097793673,0.08816266943555354,0.22616547601940967,0.22616547601940967,0.11372549019607843,0.11372549019607843,0.006090611828478671,600.0,1020,1020,hyser_within_subject_dayshift
hyser,hyser_within_subject_dayshift|session2,set_acsa_tau_0.15,subject09,session2,session2,0.5656862745098039,0.565686274509804,0.5682068996743425,0.5682068996743425,0.6156805064823033,1.652912195830274,0.169740280907984,0.22584311597910522,0.22584311597910522,0.15588235294117647,0.15588235294117647,0.011707576842218764,600.0,1020,1020,hyser_within_subject_dayshift
hyser,hyser_within_subject_dayshift|session2,agency_margin_tau_0.15,subject09,session2,session2,0.5666666666666667,0.5666666666666668,0.5692042919378608,0.5692042919378608,0.5743291642341866,1.955670904585687,0.08551553760929832,0.22559025640893193,0.22559025640893193,0.15784313725490196,0.15784313725490196,0.011857873166656948,600.0,1020,1020,hyser_within_subject_dayshift
hyser,hyser_within_subject_dayshift|session2,set_acsa_tau_0.20,subject09,session2,session2,0.5764705882352941,0.5764705882352941,0.5804166143013713,0.5804166143013713,0.609008669768526,1.6285284892036467,0.17735344917384757,0.22281846429018903,0.22281846429018903,0.18529411764705883,0.18529411764705883,0.016740943460927367,600.0,1020,1020,hyser_within_subject_dayshift
hyser,hyser_within_subject_dayshift|session2,agency_margin_tau_0.20,subject09,session2,session2,0.5764705882352941,0.5764705882352941,0.5804166143013713,0.5804166143013713,0.5737478251171855,1.6534601378254685,0.10379972272350234,0.2227638700359951,0.2227638700359951,0.18529411764705883,0.18529411764705883,0.016740943460927367,600.0,1020,1020,hyser_within_subject_dayshift
hyser,hyser_within_subject_dayshift|session2,user_only,subject10,session2,session2,0.408,0.40892156862745094,0.37027802603011073,0.37027802603011073,0.7489084756204197,2.0517728661560977,0.05844496210881962,0.42325725727774527,0.42325725727774527,0.0,0.0,0.0,600.0,1000,1000,hyser_within_subject_dayshift
hyser,hyser_within_subject_dayshift|session2,assist_only,subject10,session2,session2,0.38,0.3819607843137255,0.35510680680036877,0.35510680680036877,0.7972148367108183,2.1871118192584684,0.11452853152268232,0.49178324440253096,0.49178324440253096,0.558,0.558,0.10149157520956077,600.0,1000,1000,hyser_within_subject_dayshift
hyser,hyser_within_subject_dayshift|session2,confidence_blend_alpha_0.25,subject10,session2,session2,0.418,0.4185294117647058,0.37743286557842565,0.37743286557842565,0.7451175426410507,1.9993361202030004,0.1018739523118716,0.41685669784542473,0.41685669784542473,0.094,0.094,0.0032617852802144243,600.0,1000,1000,hyser_within_subject_dayshift
hyser,hyser_within_subject_dayshift|session2,confidence_blend_alpha_0.50,subject10,session2,session2,0.435,0.4341176470588235,0.39313885790196845,0.39313885790196845,0.7519049584963128,2.0057877529406256,0.14375742754697896,0.414861342383367,0.414861342383367,0.224,0.224,0.016051631152102785,600.0,1000,1000,hyser_within_subject_dayshift
hyser,hyser_within_subject_dayshift|session2,confidence_blend_alpha_0.75,subject10,session2,session2,0.436,0.436078431372549,0.40012692303889924,0.40012692303889924,0.7692707231862062,2.0543857961420984,0.1607780282691036,0.44000089204434073,0.44000089204434073,0.4,0.4,0.050649492560495994,600.0,1000,1000,hyser_within_subject_dayshift
hyser,hyser_within_subject_dayshift|session2,selective_prediction,subject10,session2,session2,0.4076666666666667,0.4084313725490196,0.3699651465562289,0.3699651465562289,0.7462028844048767,2.047049804716263,0.05371580367055651,0.4155399220122056,0.4155399220122056,0.0016666666666666668,0.0016666666666666668,0.00013398135607888407,600.0,3000,3000,hyser_within_subject_dayshift
hyser,hyser_within_subject_dayshift|session2,set_acsa_tau_0.02,subject10,session2,session2,0.413,0.41382352941176465,0.373173341959387,0.373173341959387,0.740248276391126,2.034100741760828,0.05028495308250083,0.39940062874104476,0.39940062874104476,0.016,0.016,0.00018328308325610035,600.0,1000,1000,hyser_within_subject_dayshift
hyser,hyser_within_subject_dayshift|session2,agency_margin_tau_0.02,subject10,session2,session2,0.413,0.41382352941176465,0.37341830719347163,0.37341830719347163,0.7648300825052186,3.446625374406436,0.08438029562194271,0.3994865530353096,0.3994865530353096,0.018,0.018,0.00020300540083838188,600.0,1000,1000,hyser_within_subject_dayshift
hyser,hyser_within_subject_dayshift|session2,set_acsa_tau_0.05,subject10,session2,session2,0.419,0.41970588235294115,0.3787600600290079,0.3787600600290079,0.7396027189140841,2.0316391144265333,0.04993169217588527,0.3971462651520695,0.3971462651520695,0.05,0.05,0.0013721216750314724,600.0,1000,1000,hyser_within_subject_dayshift
hyser,hyser_within_subject_dayshift|session2,agency_margin_tau_0.05,subject10,session2,session2,0.421,0.42166666666666663,0.38166883571927923,0.38166883571927923,0.7592651983285543,3.521006243575772,0.06809877507282294,0.3966861478379225,0.3966861478379225,0.056,0.056,0.0015344139499204887,600.0,1000,1000,hyser_within_subject_dayshift
hyser,hyser_within_subject_dayshift|session2,set_acsa_tau_0.10,subject10,session2,session2,0.424,0.4244117647058823,0.3834707819107775,0.3834707819107775,0.7393560262286152,2.026842502674249,0.04727140019722122,0.39917079162209573,0.39917079162209573,0.108,0.108,0.005773692056736062,600.0,1000,1000,hyser_within_subject_dayshift
hyser,hyser_within_subject_dayshift|session2,agency_margin_tau_0.10,subject10,session2,session2,0.426,0.4263725490196078,0.3861841630112097,0.3861841630112097,0.7589437766596766,3.7700505301192275,0.07096772546510548,0.3987232269731027,0.3987232269731027,0.112,0.112,0.00595106854840617,600.0,1000,1000,hyser_within_subject_dayshift
hyser,hyser_within_subject_dayshift|session2,set_acsa_tau_0.15,subject10,session2,session2,0.426,0.4261764705882353,0.38587182641797607,0.38587182641797607,0.738962604971226,2.02050302256106,0.04747526408143069,0.39910843963461273,0.39910843963461273,0.14,0.14,0.009667161040487563,600.0,1000,1000,hyser_within_subject_dayshift
hyser,hyser_within_subject_dayshift|session2,agency_margin_tau_0.15,subject10,session2,session2,0.427,0.42715686274509806,0.3870668811644161,0.3870668811644161,0.7525461324704202,3.4085223855987024,0.06238825790798684,0.39871839081916804,0.39871839081916804,0.141,0.141,0.009693340022770008,600.0,1000,1000,hyser_within_subject_dayshift
hyser,hyser_within_subject_dayshift|session2,set_acsa_tau_0.20,subject10,session2,session2,0.429,0.42911764705882355,0.389200447356187,0.389200447356187,0.7377387198782437,2.0185288391630656,0.04962392446652201,0.3997627221934879,0.3997627221934879,0.155,0.155,0.012186506805619108,600.0,1000,1000,hyser_within_subject_dayshift
hyser,hyser_within_subject_dayshift|session2,agency_margin_tau_0.20,subject10,session2,session2,0.429,0.42911764705882355,0.3892678438033962,0.3892678438033962,0.7498563060588536,3.0279548689465354,0.06635804268797263,0.3997627221934879,0.3997627221934879,0.155,0.155,0.012185840586248432,600.0,1000,1000,hyser_within_subject_dayshift
hyser,hyser_within_subject_dayshift|session2,user_only,subject11,session2,session2,0.2571428571428571,0.25607843137254904,0.23499992399209665,0.23499992399209665,0.8646858493209739,2.5558133707698656,0.04341862013488739,0.6250464181949766,0.6250464181949766,0.0,0.0,0.0,600.0,1015,1015,hyser_within_subject_dayshift
hyser,hyser_within_subject_dayshift|session2,assist_only,subject11,session2,session2,0.35172413793103446,0.35000000000000003,0.3277391190446042,0.3277391190446042,0.8259836761796772,2.372633726449683,0.1521472415143923,0.4710457922225956,0.4710457922225956,0.7201970443349753,0.7201970443349753,0.14014748158128593,600.0,1015,1015,hyser_within_subject_dayshift
hyser,hyser_within_subject_dayshift|session2,confidence_blend_alpha_0.25,subject11,session2,session2,0.2955665024630542,0.29431372549019613,0.2769063515287918,0.2769063515287918,0.8369074245464734,2.3683503516411886,0.042346415456644006,0.5943615286531528,0.5943615286531528,0.10246305418719212,0.10246305418719212,0.003659275138515648,600.0,1015,1015,hyser_within_subject_dayshift
hyser,hyser_within_subject_dayshift|session2,confidence_blend_alpha_0.50,subject11,session2,session2,0.34285714285714286,0.34117647058823536,0.32473022502570775,0.32473022502570775,0.8211975874313895,2.304700351624326,0.125965318581192,0.5244807699531032,0.5244807699531032,0.25320197044334974,0.25320197044334974,0.019024757252978187,600.0,1015,1015,hyser_within_subject_dayshift
hyser,hyser_within_subject_dayshift|session2,confidence_blend_alpha_0.75,subject11,session2,session2,0.36354679802955664,0.361764705882353,0.339571681366833,0.339571681366833,0.8175563379757222,2.3017830919798006,0.1645558522816363,0.45587904900602877,0.45587904900602877,0.4798029556650246,0.4798029556650246,0.06350858691669893,600.0,1015,1015,hyser_within_subject_dayshift
hyser,hyser_within_subject_dayshift|session2,selective_prediction,subject11,session2,session2,0.26042692939244666,0.2593464052287582,0.2390826054656376,0.2390826054656376,0.8617045130115913,2.5483721461555717,0.04556563999586426,0.6138747336480589,0.6138747336480589,0.003284072249589491,0.003284072249589491,0.00029226379097738625,600.0,3045,3045,hyser_within_subject_dayshift
hyser,hyser_within_subject_dayshift|session2,set_acsa_tau_0.02,subject11,session2,session2,0.2660098522167488,0.2649019607843138,0.24563338930306444,0.24563338930306444,0.8584357572102319,2.5375810137234276,0.04110729614443852,0.601876110638882,0.601876110638882,0.015763546798029555,0.015763546798029555,0.00011769437046663632,600.0,1015,1015,hyser_within_subject_dayshift
hyser,hyser_within_subject_dayshift|session2,agency_margin_tau_0.02,subject11,session2,session2,0.2660098522167488,0.2649019607843138,0.24589958274668877,0.24589958274668877,0.8659973192633736,3.0663111612254568,0.07119702348141761,0.6018167849850712,0.6018167849850712,0.017733990147783252,0.017733990147783252,0.00013116043237725567,600.0,1015,1015,hyser_within_subject_dayshift
hyser,hyser_within_subject_dayshift|session2,set_acsa_tau_0.05,subject11,session2,session2,0.2729064039408867,0.27176470588235296,0.2530769020433942,0.2530769020433942,0.8554691241445094,2.523674382612617,0.03781744667859535,0.5950820029192527,0.5950820029192527,0.04729064039408867,0.04729064039408867,0.0012767940305048252,600.0,1015,1015,hyser_within_subject_dayshift
hyser,hyser_within_subject_dayshift|session2,agency_margin_tau_0.05,subject11,session2,session2,0.2738916256157635,0.2727450980392157,0.2549517806145529,0.2549517806145529,0.8598452053191314,3.1511562116146967,0.0711018781687672,0.5947628224968619,0.5947628224968619,0.053201970443349754,0.053201970443349754,0.0014586690319938972,600.0,1015,1015,hyser_within_subject_dayshift
hyser,hyser_within_subject_dayshift|session2,set_acsa_tau_0.10,subject11,session2,session2,0.29458128078817736,0.29333333333333333,0.27453892073037567,0.27453892073037567,0.8441985269403887,2.482143049176324,0.03216844689010032,0.5707885544861702,0.5707885544861702,0.10147783251231528,0.10147783251231528,0.0054060284370384066,600.0,1015,1015,hyser_within_subject_dayshift
hyser,hyser_within_subject_dayshift|session2,agency_margin_tau_0.10,subject11,session2,session2,0.2955665024630542,0.29431372549019613,0.27544096544519264,0.27544096544519264,0.8393720710148641,3.0006174977337765,0.055704246036982735,0.5706015417266198,0.5706015417266198,0.10541871921182266,0.10541871921182266,0.005709228656058201,600.0,1015,1015,hyser_within_subject_dayshift
hyser,hyser_within_subject_dayshift|session2,set_acsa_tau_0.15,subject11,session2,session2,0.3133004926108374,0.31196078431372554,0.2975699025095089,0.2975699025095089,0.8361677399384567,2.459364336660729,0.02923841884465893,0.5548386541715242,0.5548386541715242,0.14285714285714285,0.14285714285714285,0.010479793545384065,600.0,1015,1015,hyser_within_subject_dayshift
hyser,hyser_within_subject_dayshift|session2,agency_margin_tau_0.15,subject11,session2,session2,0.3142857142857143,0.3129411764705883,0.29880377499147015,0.29880377499147015,0.8287886815740557,2.677708164133494,0.03337930844931087,0.5546438986799672,0.5546438986799672,0.1438423645320197,0.1438423645320197,0.010579248498851217,600.0,1015,1015,hyser_within_subject_dayshift
hyser,hyser_within_subject_dayshift|session2,set_acsa_tau_0.20,subject11,session2,session2,0.32413793103448274,0.3227450980392157,0.3062548456057835,0.3062548456057835,0.8291188767326586,2.4376805860313295,0.031232515905633248,0.5402117866948394,0.5402117866948394,0.16551724137931034,0.16551724137931034,0.01445365068476621,600.0,1015,1015,hyser_within_subject_dayshift
hyser,hyser_within_subject_dayshift|session2,agency_margin_tau_0.20,subject11,session2,session2,0.32413793103448274,0.3227450980392157,0.3062548456057835,0.3062548456057835,0.8252379996265246,2.536682066742325,0.02921704206406873,0.5402117866948394,0.5402117866948394,0.16551724137931034,0.16551724137931034,0.01445365068476621,600.0,1015,1015,hyser_within_subject_dayshift
hyser,hyser_within_subject_dayshift|session2,user_only,subject12,session2,session2,0.28078817733990147,0.2821568627450981,0.2731823648862083,0.2731823648862083,0.8313844752824988,2.6893239582236386,0.07778995848902596,0.5187432514666743,0.5187432514666743,0.0,0.0,0.0,600.0,1015,1015,hyser_within_subject_dayshift
hyser,hyser_within_subject_dayshift|session2,assist_only,subject12,session2,session2,0.3359605911330049,0.336078431372549,0.3254599335455932,0.3254599335455932,0.8201080655621952,2.4170829899106185,0.12262280020846221,0.4715770093675282,0.4715770093675282,0.7842364532019704,0.7842364532019704,0.15962930486657861,600.0,1015,1015,hyser_within_subject_dayshift
hyser,hyser_within_subject_dayshift|session2,confidence_blend_alpha_0.25,subject12,session2,session2,0.30738916256157633,0.3088235294117647,0.29692400330439184,0.29692400330439184,0.8066011688747445,2.388852884331191,0.10046160651848643,0.46973347140360067,0.46973347140360067,0.10344827586206896,0.10344827586206896,0.003362461568507675,600.0,1015,1015,hyser_within_subject_dayshift
hyser,hyser_within_subject_dayshift|session2,confidence_blend_alpha_0.50,subject12,session2,session2,0.3783251231527094,0.38000000000000006,0.3638778166903349,0.3638778166903349,0.7964606651187383,2.3123530468044695,0.15918057986717898,0.3993286325677658,0.3993286325677658,0.33201970443349754,0.33201970443349754,0.0309241313010376,600.0,1015,1015,hyser_within_subject_dayshift
hyser,hyser_within_subject_dayshift|session2,confidence_blend_alpha_0.75,subject12,session2,session2,0.387192118226601,0.38803921568627453,0.3740986203823681,0.3740986203823681,0.80096296401448,2.3127211956312106,0.1808962690001139,0.3912773919303516,0.3912773919303516,0.5832512315270936,0.5832512315270936,0.08512285117566763,600.0,1015,1015,hyser_within_subject_dayshift
hyser,hyser_within_subject_dayshift|session2,selective_prediction,subject12,session2,session2,0.28144499178981935,0.28281045751633993,0.2737108769401272,0.2737108769401272,0.8306243706414307,2.686527461073836,0.07724427768250079,0.5176133653982421,0.5176133653982421,0.0013136288998357964,0.0013136288998357964,0.00023067831146064732,600.0,3045,3045,hyser_within_subject_dayshift
hyser,hyser_within_subject_dayshift|session2,set_acsa_tau_0.02,subject12,session2,session2,0.2798029556650246,0.28117647058823536,0.2707347210649372,0.2707347210649372,0.8248249016399098,2.6817336799576985,0.08670563662514065,0.5038241794033324,0.5038241794033324,0.01083743842364532,0.01083743842364532,9.426547539049843e-05,600.0,1015,1015,hyser_within_subject_dayshift
hyser,hyser_within_subject_dayshift|session2,agency_margin_tau_0.02,subject12,session2,session2,0.2827586206896552,0.28411764705882353,0.27435601724159325,0.27435601724159325,0.8341422036497267,3.3805474790983077,0.09655458967351219,0.5035405268233576,0.5035405268233576,0.017733990147783252,0.017733990147783252,0.0001548763679850921,600.0,1015,1015,hyser_within_subject_dayshift
hyser,hyser_within_subject_dayshift|session2,set_acsa_tau_0.05,subject12,session2,session2,0.2857142857142857,0.2870588235294118,0.2768149434042466,0.2768149434042466,0.8238606476140705,2.6789467933525373,0.08684146625170004,0.49975652380949687,0.49975652380949687,0.02561576354679803,0.02561576354679803,0.0006306071367797691,600.0,1015,1015,hyser_within_subject_dayshift
hyser,hyser_within_subject_dayshift|session2,agency_margin_tau_0.05,subject12,session2,session2,0.2896551724137931,0.2909803921568628,0.2811840088911204,0.2811840088911204,0.8276716665178743,3.341511422953228,0.08957774882535202,0.4992581248622732,0.4992581248622732,0.03842364532019704,0.03842364532019704,0.000911218912657216,600.0,1015,1015,hyser_within_subject_dayshift
hyser,hyser_within_subject_dayshift|session2,set_acsa_tau_0.10,subject12,session2,session2,0.30147783251231525,0.3027450980392157,0.2934200554645135,0.2934200554645135,0.8187544450167447,2.658903437349322,0.08634565120040379,0.48742431765879607,0.48742431765879607,0.09753694581280788,0.09753694581280788,0.006266577648230614,600.0,1015,1015,hyser_within_subject_dayshift
hyser,hyser_within_subject_dayshift|session2,agency_margin_tau_0.10,subject12,session2,session2,0.30344827586206896,0.30470588235294116,0.29510629806383903,0.29510629806383903,0.8166741978755309,3.5258903707189972,0.07439398578305909,0.4871899834506206,0.4871899834506206,0.10640394088669951,0.10640394088669951,0.006736400536151913,600.0,1015,1015,hyser_within_subject_dayshift
hyser,hyser_within_subject_dayshift|session2,set_acsa_tau_0.15,subject12,session2,session2,0.3310344827586207,0.3321568627450981,0.32290262642132284,0.32290262642132284,0.8028629483934044,2.5241549356233643,0.06928424676802826,0.4740513629593259,0.4740513629593259,0.1852216748768473,0.1852216748768473,0.017262195316457597,600.0,1015,1015,hyser_within_subject_dayshift
hyser,hyser_within_subject_dayshift|session2,agency_margin_tau_0.15,subject12,session2,session2,0.3330049261083744,0.3341176470588236,0.3245233933693709,0.3245233933693709,0.7911684567516759,2.9002939438175477,0.0560820649571903,0.47306337674987975,0.47306337674987975,0.1891625615763547,0.1891625615763547,0.017709382937344753,600.0,1015,1015,hyser_within_subject_dayshift
hyser,hyser_within_subject_dayshift|session2,set_acsa_tau_0.20,subject12,session2,session2,0.3458128078817734,0.34686274509803927,0.33431313781596883,0.33431313781596883,0.7949489111751679,2.472122656847624,0.06226763856960505,0.46674403120778424,0.46674403120778424,0.22561576354679802,0.22561576354679802,0.024218111177975992,600.0,1015,1015,hyser_within_subject_dayshift
hyser,hyser_within_subject_dayshift|session2,agency_margin_tau_0.20,subject12,session2,session2,0.3448275862068966,0.34588235294117653,0.3331492774279397,0.3331492774279397,0.7851386217572698,2.5061708600887966,0.04733081350245728,0.4670578393290202,0.4670578393290202,0.22561576354679802,0.22561576354679802,0.024108090663033026,600.0,1015,1015,hyser_within_subject_dayshift
hyser,hyser_within_subject_dayshift|session2,user_only,subject13,session2,session2,0.5470588235294118,0.5470588235294118,0.5320719134492236,0.5320719134492236,0.6165476575698416,1.6587976224563505,0.15864215715623067,0.2293410021492914,0.2293410021492914,0.0,0.0,0.0,600.0,1020,1020,hyser_within_subject_dayshift
hyser,hyser_within_subject_dayshift|session2,assist_only,subject13,session2,session2,0.5352941176470588,0.5352941176470588,0.5323231935975843,0.5323231935975843,0.6788864496762382,1.839336902183939,0.236246994460584,0.25316874983039706,0.25316874983039706,0.5441176470588235,0.5441176470588235,0.11618859111271859,600.0,1020,1020,hyser_within_subject_dayshift
hyser,hyser_within_subject_dayshift|session2,confidence_blend_alpha_0.25,subject13,session2,session2,0.5676470588235294,0.5676470588235294,0.5504934564378784,0.5504934564378784,0.613194339590898,1.6001819500455248,0.21772253948191939,0.2020898797205021,0.2020898797205021,0.07450980392156863,0.07450980392156863,0.0018127435443830438,600.0,1020,1020,hyser_within_subject_dayshift
hyser,hyser_within_subject_dayshift|session2,confidence_blend_alpha_0.50,subject13,session2,session2,0.6088235294117647,0.6088235294117648,0.5997500061803552,0.5997500061803552,0.6224663656155272,1.6179555518437643,0.29109250912342655,0.17890485200939224,0.17890485200939224,0.2,0.2,0.017870792965371366,600.0,1020,1020,hyser_within_subject_dayshift
hyser,hyser_within_subject_dayshift|session2,confidence_blend_alpha_0.75,subject13,session2,session2,0.6039215686274509,0.6039215686274512,0.6037747588889486,0.6037747588889486,0.6443637356437297,1.680774006529754,0.3047814621530263,0.1862360449141945,0.1862360449141945,0.39019607843137255,0.39019607843137255,0.06070013847065952,600.0,1020,1020,hyser_within_subject_dayshift
hyser,hyser_within_subject_dayshift|session2,selective_prediction,subject13,session2,session2,0.5480392156862746,0.5480392156862746,0.5336534119601942,0.5336534119601942,0.6111701120813372,1.6482479282779883,0.15391741526137304,0.22325425881864408,0.22325425881864408,0.0016339869281045752,0.0016339869281045752,0.0003896155622298978,600.0,3060,3060,hyser_within_subject_dayshift
hyser,hyser_within_subject_dayshift|session2,set_acsa_tau_0.02,subject13,session2,session2,0.5529411764705883,0.5529411764705883,0.53883850277863,0.53883850277863,0.6012634735764137,1.6340003530069636,0.146704579512231,0.21264816566590708,0.21264816566590708,0.01568627450980392,0.01568627450980392,0.0001663651384045078,600.0,1020,1020,hyser_within_subject_dayshift
hyser,hyser_within_subject_dayshift|session2,agency_margin_tau_0.02,subject13,session2,session2,0.5549019607843138,0.5549019607843139,0.5398745538471903,0.5398745538471903,0.5992683355528733,2.473864655250063,0.1230412030657017,0.21227634911112034,0.21227634911112034,0.021568627450980392,0.021568627450980392,0.0002486303740700954,600.0,1020,1020,hyser_within_subject_dayshift
hyser,hyser_within_subject_dayshift|session2,set_acsa_tau_0.05,subject13,session2,session2,0.557843137254902,0.557843137254902,0.5438347560898763,0.5438347560898763,0.5993382466791771,1.653824698268735,0.14975038111303346,0.2093063283538508,0.2093063283538508,0.030392156862745098,0.030392156862745098,0.0007241610617378809,600.0,1020,1020,hyser_within_subject_dayshift
hyser,hyser_within_subject_dayshift|session2,agency_margin_tau_0.05,subject13,session2,session2,0.5598039215686275,0.5598039215686275,0.5446587942564018,0.5446587942564018,0.5896960581843421,2.3789541151430336,0.11066522520848973,0.2084146360202942,0.2084146360202942,0.04019607843137255,0.04019607843137255,0.0009855256383626077,600.0,1020,1020,hyser_within_subject_dayshift
hyser,hyser_within_subject_dayshift|session2,set_acsa_tau_0.10,subject13,session2,session2,0.5656862745098039,0.565686274509804,0.5518010069650529,0.5518010069650529,0.5974739011953596,1.6503620476096896,0.15488774311881331,0.20760620409559485,0.20760620409559485,0.07941176470588235,0.07941176470588235,0.00449884068925728,600.0,1020,1020,hyser_within_subject_dayshift
hyser,hyser_within_subject_dayshift|session2,agency_margin_tau_0.10,subject13,session2,session2,0.5686274509803921,0.5686274509803922,0.554096785725491,0.554096785725491,0.5815196338779813,2.1444221864520348,0.11064126298012122,0.20673852852141483,0.20673852852141483,0.08529411764705883,0.08529411764705883,0.004698407380933696,600.0,1020,1020,hyser_within_subject_dayshift
hyser,hyser_within_subject_dayshift|session2,set_acsa_tau_0.15,subject13,session2,session2,0.5715686274509804,0.5715686274509804,0.5574732720149427,0.5574732720149427,0.5943754638808131,1.6417050991606177,0.15844792936769642,0.2044028762744541,0.2044028762744541,0.10980392156862745,0.10980392156862745,0.008130676602161949,600.0,1020,1020,hyser_within_subject_dayshift
hyser,hyser_within_subject_dayshift|session2,agency_margin_tau_0.15,subject13,session2,session2,0.5725490196078431,0.5725490196078432,0.5583085072329449,0.5583085072329449,0.5764094909208408,1.8715692497118126,0.11691401595713617,0.2040903992681313,0.2040903992681313,0.11078431372549019,0.11078431372549019,0.00814674670014165,600.0,1020,1020,hyser_within_subject_dayshift
hyser,hyser_within_subject_dayshift|session2,set_acsa_tau_0.20,subject13,session2,session2,0.5754901960784313,0.5754901960784314,0.5637840057878374,0.5637840057878374,0.5912957464121876,1.62473577535375,0.1606284419001025,0.20417535182464747,0.20417535182464747,0.13137254901960785,0.13137254901960785,0.011864796965442027,600.0,1020,1020,hyser_within_subject_dayshift
hyser,hyser_within_subject_dayshift|session2,agency_margin_tau_0.20,subject13,session2,session2,0.5754901960784313,0.5754901960784314,0.5637840057878374,0.5637840057878374,0.5785604941195671,1.8016007700722936,0.12659886224836428,0.20396802314448104,0.20396802314448104,0.13137254901960785,0.13137254901960785,0.011864796965442027,600.0,1020,1020,hyser_within_subject_dayshift
hyser,hyser_within_subject_dayshift|session2,user_only,subject14,session2,session2,0.4109452736318408,0.4109803921568627,0.4017595734303816,0.4017595734303816,0.7301364754603902,2.0362570099736232,0.09778155395617184,0.3740975658779156,0.3740975658779156,0.0,0.0,0.0,600.0,1005,1005,hyser_within_subject_dayshift
hyser,hyser_within_subject_dayshift|session2,assist_only,subject14,session2,session2,0.3482587064676617,0.3464705882352941,0.3291830629618521,0.3291830629618521,0.8022481563583964,2.636312303753435,0.10460416699695059,0.4225409889852092,0.4225409889852092,0.6935323383084577,0.6935323383084577,0.13898459602867427,600.0,1005,1005,hyser_within_subject_dayshift
hyser,hyser_within_subject_dayshift|session2,confidence_blend_alpha_0.25,subject14,session2,session2,0.4298507462686567,0.42980392156862746,0.41893721099154996,0.41893721099154996,0.7277850493390139,2.040862560075126,0.14254506731589905,0.33860350459135957,0.33860350459135957,0.10149253731343283,0.10149253731343283,0.0032196480086172175,600.0,1005,1005,hyser_within_subject_dayshift
hyser,hyser_within_subject_dayshift|session2,confidence_blend_alpha_0.50,subject14,session2,session2,0.44477611940298506,0.4443137254901961,0.4280395071903392,0.4280395071903392,0.7390198541148351,2.1037099359932676,0.19443726618560533,0.30962224103309405,0.30962224103309405,0.2626865671641791,0.2626865671641791,0.02136190595261827,600.0,1005,1005,hyser_within_subject_dayshift
hyser,hyser_within_subject_dayshift|session2,confidence_blend_alpha_0.75,subject14,session2,session2,0.4039800995024876,0.4033333333333334,0.38821899413973937,0.38821899413973937,0.7638408897878537,2.226557333899615,0.16573232994362996,0.34667361252975454,0.34667361252975454,0.49850746268656715,0.49850746268656715,0.07153881958756735,600.0,1005,1005,hyser_within_subject_dayshift
hyser,hyser_within_subject_dayshift|session2,selective_prediction,subject14,session2,session2,0.4132669983416252,0.41326797385620917,0.40353558273777723,0.40353558273777723,0.7265642010135025,2.0310524414246918,0.09692292148426984,0.36626128707722655,0.36626128707722655,0.003316749585406302,0.003316749585406302,0.00027436188874786397,600.0,3015,3015,hyser_within_subject_dayshift
hyser,hyser_within_subject_dayshift|session2,set_acsa_tau_0.02,subject14,session2,session2,0.4129353233830846,0.4129411764705882,0.40246282001256967,0.40246282001256967,0.7194265104523118,2.0275352687373447,0.09272376656081781,0.3537686245044581,0.3537686245044581,0.011940298507462687,0.011940298507462687,0.0001527031564386112,600.0,1005,1005,hyser_within_subject_dayshift
hyser,hyser_within_subject_dayshift|session2,agency_margin_tau_0.02,subject14,session2,session2,0.41393034825870645,0.413921568627451,0.4037313123926378,0.4037313123926378,0.729750993657574,3.0011547196123267,0.08974995751941028,0.3530265639416265,0.3530265639416265,0.015920398009950248,0.015920398009950248,0.0002105699564934323,600.0,1005,1005,hyser_within_subject_dayshift
hyser,hyser_within_subject_dayshift|session2,set_acsa_tau_0.05,subject14,session2,session2,0.4228855721393035,0.42274509803921567,0.4106307739394044,0.4106307739394044,0.7171497362320858,2.0198365248996244,0.09074008234720371,0.3494644881739108,0.3494644881739108,0.04378109452736319,0.04378109452736319,0.001287997890533809,600.0,1005,1005,hyser_within_subject_dayshift
hyser,hyser_within_subject_dayshift|session2,agency_margin_tau_0.05,subject14,session2,session2,0.42686567164179107,0.4266666666666667,0.41522981342937715,0.41522981342937715,0.7137392050378896,3.032043266777978,0.0659566105394674,0.3483479591445749,0.3483479591445749,0.05472636815920398,0.05472636815920398,0.0016499611004727878,600.0,1005,1005,hyser_within_subject_dayshift
hyser,hyser_within_subject_dayshift|session2,set_acsa_tau_0.10,subject14,session2,session2,0.42786069651741293,0.42764705882352944,0.41318738331961924,0.41318738331961924,0.717030623554747,2.07977900189479,0.09681453481343101,0.3479108767461048,0.3479108767461048,0.11044776119402985,0.11044776119402985,0.006258921324168597,600.0,1005,1005,hyser_within_subject_dayshift
hyser,hyser_within_subject_dayshift|session2,agency_margin_tau_0.10,subject14,session2,session2,0.43084577114427863,0.43058823529411766,0.4169457931620424,0.4169457931620424,0.707054365214244,2.7406710243556307,0.06518136791988427,0.34672045677834545,0.34672045677834545,0.11641791044776119,0.11641791044776119,0.00646229624703374,600.0,1005,1005,hyser_within_subject_dayshift
hyser,hyser_within_subject_dayshift|session2,set_acsa_tau_0.15,subject14,session2,session2,0.42587064676616915,0.42568627450980395,0.41067432290966677,0.41067432290966677,0.7184235527593081,2.143297083974288,0.09538205913256421,0.3497912993541339,0.3497912993541339,0.15522388059701492,0.15522388059701492,0.011643783434605664,600.0,1005,1005,hyser_within_subject_dayshift
hyser,hyser_within_subject_dayshift|session2,agency_margin_tau_0.15,subject14,session2,session2,0.42786069651741293,0.42764705882352944,0.4126712899758139,0.4126712899758139,0.7047095321470345,2.426613222544555,0.0708679056348353,0.3487844073752554,0.3487844073752554,0.1562189054726368,0.1562189054726368,0.011621171871749889,600.0,1005,1005,hyser_within_subject_dayshift
hyser,hyser_within_subject_dayshift|session2,set_acsa_tau_0.20,subject14,session2,session2,0.4218905472636816,0.42176470588235293,0.40507034025686817,0.40507034025686817,0.7195027524971626,2.1524908582345113,0.08946406097149351,0.352371750337207,0.352371750337207,0.18208955223880596,0.18208955223880596,0.016348719671146806,600.0,1005,1005,hyser_within_subject_dayshift
hyser,hyser_within_subject_dayshift|session2,agency_margin_tau_0.20,subject14,session2,session2,0.4218905472636816,0.42176470588235293,0.40528111173849,0.40528111173849,0.7088356367605735,2.2639138097250457,0.06526100840208597,0.352371750337207,0.352371750337207,0.18109452736318407,0.18109452736318407,0.01627136040145532,600.0,1005,1005,hyser_within_subject_dayshift
hyser,hyser_within_subject_dayshift|session2,user_only,subject15,session2,session2,0.42885572139303485,0.43431372549019615,0.40362556973394004,0.40362556973394004,0.693098810534777,1.821254886902931,0.06935300296134686,0.35101635819397975,0.35101635819397975,0.0,0.0,0.0,600.0,1005,1005,hyser_within_subject_dayshift
hyser,hyser_within_subject_dayshift|session2,assist_only,subject15,session2,session2,0.3164179104477612,0.31274509803921563,0.29827241898293455,0.29827241898293455,0.8328724474254897,2.786471747181262,0.06315921758196362,0.5819075524108576,0.5819075524108576,0.5502487562189055,0.5502487562189055,0.10948984947877272,600.0,1005,1005,hyser_within_subject_dayshift
hyser,hyser_within_subject_dayshift|session2,confidence_blend_alpha_0.25,subject15,session2,session2,0.43582089552238806,0.44117647058823534,0.41094628280954176,0.41094628280954176,0.7100559407893356,1.8855758061461894,0.10184326605400375,0.3743291684994329,0.3743291684994329,0.0845771144278607,0.0845771144278607,0.0021534926706926437,600.0,1005,1005,hyser_within_subject_dayshift
hyser,hyser_within_subject_dayshift|session2,confidence_blend_alpha_0.50,subject15,session2,session2,0.43482587064676614,0.44019607843137254,0.4173904634844534,0.4173904634844534,0.7390039236893473,1.9912776216758477,0.1399099242148621,0.4089407207104302,0.4089407207104302,0.21393034825870647,0.21393034825870647,0.016989852212244614,600.0,1005,1005,hyser_within_subject_dayshift
hyser,hyser_within_subject_dayshift|session2,confidence_blend_alpha_0.75,subject15,session2,session2,0.39104477611940297,0.39607843137254906,0.3768785857570091,0.3768785857570091,0.7799427592348115,2.1525902524152603,0.12311545607372701,0.4875730653757363,0.4875730653757363,0.37910447761194027,0.37910447761194027,0.05153827161044666,600.0,1005,1005,hyser_within_subject_dayshift
hyser,hyser_within_subject_dayshift|session2,selective_prediction,subject15,session2,session2,0.42885572139303485,0.43431372549019615,0.403540286831786,0.403540286831786,0.6931652619117983,1.8205581136809021,0.06937853408887139,0.3523643721342617,0.3523643721342617,0.0006633499170812604,0.0006633499170812604,0.0001229790826815593,600.0,3015,3015,hyser_within_subject_dayshift
hyser,hyser_within_subject_dayshift|session2,set_acsa_tau_0.02,subject15,session2,session2,0.43084577114427863,0.43627450980392163,0.40456559491461697,0.40456559491461697,0.7036069037267132,1.8865796880760353,0.05363553059335172,0.3636565672034139,0.3636565672034139,0.013930348258706468,0.013930348258706468,0.000114672338593314,600.0,1005,1005,hyser_within_subject_dayshift
hyser,hyser_within_subject_dayshift|session2,agency_margin_tau_0.02,subject15,session2,session2,0.43084577114427863,0.43627450980392163,0.40455265895572223,0.40455265895572223,0.7755934499842155,4.424422974725993,0.14840183318284425,0.36388976975251147,0.36388976975251147,0.015920398009950248,0.015920398009950248,0.0001287690288938489,600.0,1005,1005,hyser_within_subject_dayshift
hyser,hyser_within_subject_dayshift|session2,set_acsa_tau_0.05,subject15,session2,session2,0.4298507462686567,0.43529411764705883,0.4051479199229875,0.4051479199229875,0.7059960264552577,1.9418839809303183,0.05061811010587016,0.3672241718791239,0.3672241718791239,0.04875621890547264,0.04875621890547264,0.0013093283533424226,600.0,1005,1005,hyser_within_subject_dayshift
hyser,hyser_within_subject_dayshift|session2,agency_margin_tau_0.05,subject15,session2,session2,0.4298507462686567,0.43529411764705883,0.4048331992816285,0.4048331992816285,0.7717932658429812,4.5301000183230204,0.12336387069499091,0.36742483902288,0.36742483902288,0.05472636815920398,0.05472636815920398,0.0014614268046164753,600.0,1005,1005,hyser_within_subject_dayshift
hyser,hyser_within_subject_dayshift|session2,set_acsa_tau_0.10,subject15,session2,session2,0.43482587064676614,0.4401960784313726,0.41411712101600423,0.41411712101600423,0.7054801044963938,2.013590950109506,0.053906994619109756,0.36439914107965626,0.36439914107965626,0.09651741293532339,0.09651741293532339,0.004718839297140594,600.0,1005,1005,hyser_within_subject_dayshift
hyser,hyser_within_subject_dayshift|session2,agency_margin_tau_0.10,subject15,session2,session2,0.43482587064676614,0.4401960784313726,0.41411712101600423,0.41411712101600423,0.7532275641416298,4.269241701651678,0.11189632854600087,0.36441373850334446,0.36441373850334446,0.09651741293532339,0.09651741293532339,0.004718839297140594,600.0,1005,1005,hyser_within_subject_dayshift
hyser,hyser_within_subject_dayshift|session2,set_acsa_tau_0.15,subject15,session2,session2,0.43980099502487563,0.4450980392156863,0.4227674650729675,0.4227674650729675,0.7046980965099037,2.0202601298077787,0.05781791252339941,0.36101666618825057,0.36101666618825057,0.12437810945273632,0.12437810945273632,0.008125206983679242,600.0,1005,1005,hyser_within_subject_dayshift
hyser,hyser_within_subject_dayshift|session2,agency_margin_tau_0.15,subject15,session2,session2,0.43980099502487563,0.4450980392156863,0.4227674650729675,0.4227674650729675,0.739829652963062,3.7746692491902296,0.09849509486042826,0.36101666618825057,0.36101666618825057,0.12437810945273632,0.12437810945273632,0.008125206983679242,600.0,1005,1005,hyser_within_subject_dayshift
hyser,hyser_within_subject_dayshift|session2,set_acsa_tau_0.20,subject15,session2,session2,0.4388059701492537,0.4441176470588235,0.4239083581434433,0.4239083581434433,0.705971374262194,2.076383065854062,0.059256129816312404,0.36181572484742636,0.36181572484742636,0.15024875621890546,0.15024875621890546,0.012560406394314568,600.0,1005,1005,hyser_within_subject_dayshift
hyser,hyser_within_subject_dayshift|session2,agency_margin_tau_0.20,subject15,session2,session2,0.4388059701492537,0.4441176470588235,0.4239083581434433,0.4239083581434433,0.7331217934950973,3.3760893744400655,0.08168213895404167,0.36181572484742636,0.36181572484742636,0.15024875621890546,0.15024875621890546,0.012560406394314568,600.0,1005,1005,hyser_within_subject_dayshift
hyser,hyser_within_subject_dayshift|session2,user_only,subject16,session2,session2,0.47941176470588237,0.47941176470588237,0.4806146783912486,0.4806146783912486,0.6843871353335379,1.76416931603264,0.10746964110474376,0.35537314257455305,0.35537314257455305,0.0,0.0,0.0,600.0,1020,1020,hyser_within_subject_dayshift
hyser,hyser_within_subject_dayshift|session2,assist_only,subject16,session2,session2,0.346078431372549,0.346078431372549,0.3315708019037453,0.3315708019037453,0.804201893864104,2.279347749986423,0.11636955376123138,0.5345668484477085,0.5345668484477085,0.5686274509803921,0.5686274509803921,0.12418598295135032,600.0,1020,1020,hyser_within_subject_dayshift
hyser,hyser_within_subject_dayshift|session2,confidence_blend_alpha_0.25,subject16,session2,session2,0.492156862745098,0.4921568627450982,0.4950113703522779,0.4950113703522779,0.695912586330656,1.7882905675985268,0.1628561112972251,0.3690467155507015,0.3690467155507015,0.07450980392156863,0.07450980392156863,0.0020320119521058102,600.0,1020,1020,hyser_within_subject_dayshift
hyser,hyser_within_subject_dayshift|session2,confidence_blend_alpha_0.50,subject16,session2,session2,0.49607843137254903,0.49607843137254903,0.5005204508493564,0.5005204508493564,0.7197235297514585,1.8587738533544886,0.20289361632630795,0.3978324644430563,0.3978324644430563,0.20294117647058824,0.20294117647058824,0.016708991364869943,600.0,1020,1020,hyser_within_subject_dayshift
hyser,hyser_within_subject_dayshift|session2,confidence_blend_alpha_0.75,subject16,session2,session2,0.4441176470588235,0.44411764705882356,0.4440862516230288,0.4440862516230288,0.7558199655959448,1.978354555733742,0.19818004829725325,0.4476819735438933,0.4476819735438933,0.3686274509803922,0.3686274509803922,0.052979831218701715,600.0,1020,1020,hyser_within_subject_dayshift
hyser,hyser_within_subject_dayshift|session2,selective_prediction,subject16,session2,session2,0.47843137254901963,0.4784313725490197,0.47982182592931594,0.47982182592931594,0.6818244961829903,1.7578259420160292,0.09959688764796287,0.34809868272748073,0.34809868272748073,0.0029411764705882353,0.0029411764705882353,0.00024910591111246266,600.0,3060,3060,hyser_within_subject_dayshift
hyser,hyser_within_subject_dayshift|session2,set_acsa_tau_0.02,subject16,session2,session2,0.47941176470588237,0.47941176470588237,0.48086792077211565,0.48086792077211565,0.6856607380158432,1.795021096523848,0.09107989817012739,0.3457993703174608,0.3457993703174608,0.00980392156862745,0.00980392156862745,9.234292772684644e-05,600.0,1020,1020,hyser_within_subject_dayshift
hyser,hyser_within_subject_dayshift|session2,agency_margin_tau_0.02,subject16,session2,session2,0.47941176470588237,0.47941176470588237,0.480830003225735,0.480830003225735,0.7252015413815651,3.3638441479595556,0.14365496834038796,0.34559163372183876,0.34559163372183876,0.011764705882352941,0.011764705882352941,0.00011189343142268865,600.0,1020,1020,hyser_within_subject_dayshift
hyser,hyser_within_subject_dayshift|session2,set_acsa_tau_0.05,subject16,session2,session2,0.48627450980392156,0.4862745098039216,0.4896028361227347,0.4896028361227347,0.6840210947168887,1.7870068648090511,0.09588761864430558,0.3469699180459352,0.3469699180459352,0.03137254901960784,0.03137254901960784,0.0008307616690255319,600.0,1020,1020,hyser_within_subject_dayshift
hyser,hyser_within_subject_dayshift|session2,agency_margin_tau_0.05,subject16,session2,session2,0.48627450980392156,0.4862745098039216,0.489618615565382,0.489618615565382,0.717247256218293,3.333818657462574,0.1407426829377843,0.3470305552669263,0.3470305552669263,0.03725490196078431,0.03725490196078431,0.0009766590620875325,600.0,1020,1020,hyser_within_subject_dayshift
hyser,hyser_within_subject_dayshift|session2,set_acsa_tau_0.10,subject16,session2,session2,0.4872549019607843,0.4872549019607843,0.4912547052965916,0.4912547052965916,0.6849736868176238,1.8131276070986426,0.09332319907582007,0.3495351430023779,0.3495351430023779,0.08333333333333333,0.08333333333333333,0.004686227814421269,600.0,1020,1020,hyser_within_subject_dayshift
hyser,hyser_within_subject_dayshift|session2,agency_margin_tau_0.10,subject16,session2,session2,0.4872549019607843,0.4872549019607843,0.4910405571034295,0.4910405571034295,0.7060227555807745,2.9967706568132555,0.13093722327493507,0.3495755679938661,0.3495755679938661,0.08823529411764706,0.08823529411764706,0.004964820929192977,600.0,1020,1020,hyser_within_subject_dayshift
hyser,hyser_within_subject_dayshift|session2,set_acsa_tau_0.15,subject16,session2,session2,0.48823529411764705,0.4882352941176471,0.4891223612801637,0.4891223612801637,0.6857867485852083,1.806989650058536,0.09293331304864663,0.35285840934390533,0.35285840934390533,0.10686274509803921,0.10686274509803921,0.007543989147390735,600.0,1020,1020,hyser_within_subject_dayshift
hyser,hyser_within_subject_dayshift|session2,agency_margin_tau_0.15,subject16,session2,session2,0.48823529411764705,0.4882352941176471,0.48910669711976273,0.48910669711976273,0.7025338437476256,2.7661614106813155,0.13009334092641137,0.3528773995146557,0.3528773995146557,0.10784313725490197,0.10784313725490197,0.007552485335304535,600.0,1020,1020,hyser_within_subject_dayshift
hyser,hyser_within_subject_dayshift|session2,set_acsa_tau_0.20,subject16,session2,session2,0.48627450980392156,0.4862745098039216,0.48847367103413847,0.48847367103413847,0.687473796396142,1.8096878155830423,0.08981327035562567,0.35926658150310425,0.35926658150310425,0.12254901960784313,0.12254901960784313,0.010227949618665973,600.0,1020,1020,hyser_within_subject_dayshift
hyser,hyser_within_subject_dayshift|session2,agency_margin_tau_0.20,subject16,session2,session2,0.48627450980392156,0.4862745098039216,0.48847367103413847,0.48847367103413847,0.7001391589430986,2.5425849910923994,0.11779109223495003,0.35926658150310425,0.35926658150310425,0.12254901960784313,0.12254901960784313,0.010227949618665973,600.0,1020,1020,hyser_within_subject_dayshift
hyser,hyser_within_subject_dayshift|session2,user_only,subject17,session2,session2,0.2504950495049505,0.24803921568627452,0.20138676153544535,0.20138676153544535,0.8843494656832666,2.696869391175505,0.052896161859472046,0.6620957501752182,0.6620957501752182,0.0,0.0,0.0,600.0,1010,1010,hyser_within_subject_dayshift
hyser,hyser_within_subject_dayshift|session2,assist_only,subject17,session2,session2,0.27821782178217824,0.27549019607843134,0.2501134754545322,0.2501134754545322,0.8631597098906562,2.5592057201764047,0.0891922931842697,0.5883942962634433,0.5883942962634433,0.7079207920792079,0.7079207920792079,0.13131166708458689,600.0,1010,1010,hyser_within_subject_dayshift
hyser,hyser_within_subject_dayshift|session2,confidence_blend_alpha_0.25,subject17,session2,session2,0.26633663366336635,0.2637254901960785,0.21920798963133212,0.21920798963133212,0.8626820684564167,2.5360511947790845,0.044582378270705464,0.6386635342214747,0.6386635342214747,0.0891089108910891,0.0891089108910891,0.002360366504047169,600.0,1010,1010,hyser_within_subject_dayshift
hyser,hyser_within_subject_dayshift|session2,confidence_blend_alpha_0.50,subject17,session2,session2,0.30198019801980197,0.2995098039215687,0.2606588655376421,0.2606588655376421,0.8519279767486727,2.4801814233550763,0.09852083381733731,0.592446575093275,0.592446575093275,0.2376237623762376,0.2376237623762376,0.016333847301863658,600.0,1010,1010,hyser_within_subject_dayshift
hyser,hyser_within_subject_dayshift|session2,confidence_blend_alpha_0.75,subject17,session2,session2,0.3108910891089109,0.3078431372549019,0.285527699598382,0.285527699598382,0.8520871905600347,2.4813603495775087,0.12664756235433822,0.5699437444911479,0.5699437444911479,0.48118811881188117,0.48118811881188117,0.061583100487120776,600.0,1010,1010,hyser_within_subject_dayshift
hyser,hyser_within_subject_dayshift|session2,selective_prediction,subject17,session2,session2,0.2501650165016502,0.2477124183006536,0.20120935971101495,0.20120935971101495,0.8845418648904964,2.6969576550170644,0.05465373437454267,0.6603554853632807,0.6603554853632807,0.00033003300330033004,0.00033003300330033004,8.27112127118408e-05,600.0,3030,3030,hyser_within_subject_dayshift
hyser,hyser_within_subject_dayshift|session2,set_acsa_tau_0.02,subject17,session2,session2,0.25346534653465347,0.25098039215686274,0.20435796637379985,0.20435796637379985,0.8800137277025115,2.6761644811911807,0.05204777000877732,0.6458227995501467,0.6458227995501467,0.01485148514851485,0.01485148514851485,0.00012700419050353382,600.0,1010,1010,hyser_within_subject_dayshift
hyser,hyser_within_subject_dayshift|session2,agency_margin_tau_0.02,subject17,session2,session2,0.25346534653465347,0.25098039215686274,0.20423952894523184,0.20423952894523184,0.9060099788966935,3.85126036171287,0.1011010026067408,0.6458889100358879,0.6458889100358879,0.01782178217821782,0.01782178217821782,0.0001636667628166508,600.0,1010,1010,hyser_within_subject_dayshift
hyser,hyser_within_subject_dayshift|session2,set_acsa_tau_0.05,subject17,session2,session2,0.2584158415841584,0.25588235294117645,0.20824174043459337,0.20824174043459337,0.8784882112948122,2.6711753863758085,0.049034234575826334,0.6421531278157221,0.6421531278157221,0.048514851485148516,0.048514851485148516,0.0013158332550524598,600.0,1010,1010,hyser_within_subject_dayshift
hyser,hyser_within_subject_dayshift|session2,agency_margin_tau_0.05,subject17,session2,session2,0.2584158415841584,0.25588235294117645,0.20821638798681452,0.20821638798681452,0.9000120665621573,3.988780045718115,0.0973565553908476,0.642187190689803,0.642187190689803,0.04950495049504951,0.04950495049504951,0.0013452121951817975,600.0,1010,1010,hyser_within_subject_dayshift
hyser,hyser_within_subject_dayshift|session2,set_acsa_tau_0.10,subject17,session2,session2,0.26633663366336635,0.2637254901960785,0.22176870808529542,0.22176870808529542,0.8747285316363661,2.652389208892483,0.044019459240243794,0.6336918815568571,0.6336918815568571,0.10594059405940594,0.10594059405940594,0.005764430750172582,600.0,1010,1010,hyser_within_subject_dayshift
hyser,hyser_within_subject_dayshift|session2,agency_margin_tau_0.10,subject17,session2,session2,0.26534653465346536,0.2627450980392157,0.22110589806015168,0.22110589806015168,0.8836227014640867,3.756522282911966,0.08457068960117377,0.6338096785429037,0.6338096785429037,0.10693069306930693,0.10693069306930693,0.005782342114755767,600.0,1010,1010,hyser_within_subject_dayshift
hyser,hyser_within_subject_dayshift|session2,set_acsa_tau_0.15,subject17,session2,session2,0.2712871287128713,0.26862745098039215,0.22665581796548812,0.22665581796548812,0.870833572123393,2.6337921587851683,0.035777944125752276,0.6261705427766867,0.6261705427766867,0.14158415841584157,0.14158415841584157,0.010218623006243096,600.0,1010,1010,hyser_within_subject_dayshift
hyser,hyser_within_subject_dayshift|session2,agency_margin_tau_0.15,subject17,session2,session2,0.2722772277227723,0.26960784313725494,0.22863217309282077,0.22863217309282077,0.871556073537525,3.143703826409662,0.06022766091860644,0.6257051175462177,0.6257051175462177,0.14356435643564355,0.14356435643564355,0.010402546798402312,600.0,1010,1010,hyser_within_subject_dayshift
hyser,hyser_within_subject_dayshift|session2,set_acsa_tau_0.20,subject17,session2,session2,0.2801980198019802,0.2774509803921569,0.23756139318722513,0.23756139318722513,0.8658533233774607,2.6111554501855094,0.034598479053444715,0.6189452230630625,0.6189452230630625,0.16534653465346535,0.16534653465346535,0.014111390220894715,600.0,1010,1010,hyser_within_subject_dayshift
hyser,hyser_within_subject_dayshift|session2,agency_margin_tau_0.20,subject17,session2,session2,0.2801980198019802,0.2774509803921569,0.23765549591587898,0.23765549591587898,0.8631135547218501,2.708071059071095,0.04689875457009595,0.6189452230630625,0.6189452230630625,0.16534653465346535,0.16534653465346535,0.014055103573305212,600.0,1010,1010,hyser_within_subject_dayshift
hyser,hyser_within_subject_dayshift|session2,user_only,subject18,session2,session2,0.40492610837438425,0.4035294117647059,0.3745714942255556,0.3745714942255556,0.7245352886497596,2.017883639768775,0.062287862714715744,0.39285294794131564,0.39285294794131564,0.0,0.0,0.0,600.0,1015,1015,hyser_within_subject_dayshift
hyser,hyser_within_subject_dayshift|session2,assist_only,subject18,session2,session2,0.28866995073891627,0.28725490196078435,0.24975932147097335,0.24975932147097335,0.8438012190879562,2.652480982545986,0.07530253398013131,0.5873892929939776,0.5873892929939776,0.5921182266009852,0.5921182266009852,0.1340542861928799,600.0,1015,1015,hyser_within_subject_dayshift
hyser,hyser_within_subject_dayshift|session2,confidence_blend_alpha_0.25,subject18,session2,session2,0.39901477832512317,0.39745098039215687,0.3670443926649445,0.3670443926649445,0.7353745645281468,2.041800074990978,0.07979809483073755,0.4029861616593662,0.4029861616593662,0.04039408866995074,0.04039408866995074,0.0006151038747785843,600.0,1015,1015,hyser_within_subject_dayshift
hyser,hyser_within_subject_dayshift|session2,confidence_blend_alpha_0.50,subject18,session2,session2,0.38620689655172413,0.38450980392156864,0.35154411853581796,0.35154411853581796,0.7588653115606172,2.122258045132352,0.1133717595101554,0.4304452616775414,0.4304452616775414,0.14088669950738916,0.14088669950738916,0.009814114414663008,600.0,1015,1015,hyser_within_subject_dayshift
hyser,hyser_within_subject_dayshift|session2,confidence_blend_alpha_0.75,subject18,session2,session2,0.3566502463054187,0.35529411764705876,0.31825649473143214,0.31825649473143214,0.7950075297471713,2.2616023647489425,0.12333808654503199,0.48596042904350134,0.48596042904350134,0.361576354679803,0.361576354679803,0.05250349359492826,600.0,1015,1015,hyser_within_subject_dayshift
hyser,hyser_within_subject_dayshift|session2,selective_prediction,subject18,session2,session2,0.40492610837438425,0.4035294117647059,0.3745714942255556,0.3745714942255556,0.7249596830913345,2.0182704325913914,0.061900725143906356,0.3939362183662759,0.3939362183662759,0.0,0.0,0.0,600.0,3045,3045,hyser_within_subject_dayshift
hyser,hyser_within_subject_dayshift|session2,set_acsa_tau_0.02,subject18,session2,session2,0.4039408866995074,0.4025490196078431,0.3736392825991375,0.3736392825991375,0.7240777442803817,2.0142921803551324,0.06117025069764365,0.3952838764471616,0.3952838764471616,0.003940886699507389,0.003940886699507389,4.322689610760651e-05,600.0,1015,1015,hyser_within_subject_dayshift
hyser,hyser_within_subject_dayshift|session2,agency_margin_tau_0.02,subject18,session2,session2,0.4039408866995074,0.4025490196078431,0.3736392825991375,0.3736392825991375,0.7342656711180351,2.5339814681502326,0.0734037833132266,0.39528895326662783,0.39528895326662783,0.003940886699507389,0.003940886699507389,4.322689610760651e-05,600.0,1015,1015,hyser_within_subject_dayshift
hyser,hyser_within_subject_dayshift|session2,set_acsa_tau_0.05,subject18,session2,session2,0.4039408866995074,0.4023529411764706,0.3732443984603148,0.3732443984603148,0.7241239225854129,2.0156727916414447,0.061377741715182475,0.3956858246443819,0.3956858246443819,0.011822660098522168,0.011822660098522168,0.0003380726149948367,600.0,1015,1015,hyser_within_subject_dayshift
hyser,hyser_within_subject_dayshift|session2,agency_margin_tau_0.05,subject18,session2,session2,0.4039408866995074,0.4023529411764706,0.3732443984603148,0.3732443984603148,0.7322085253095652,2.6284437139457606,0.0682414743976395,0.3956908899827163,0.3956908899827163,0.011822660098522168,0.011822660098522168,0.0003380726149948367,600.0,1015,1015,hyser_within_subject_dayshift
hyser,hyser_within_subject_dayshift|session2,set_acsa_tau_0.10,subject18,session2,session2,0.4019704433497537,0.4003921568627451,0.3709938231323256,0.3709938231323256,0.7251886462742715,2.019852380015017,0.061105437257523355,0.3969729811875282,0.3969729811875282,0.024630541871921183,0.024630541871921183,0.0012760166009076616,600.0,1015,1015,hyser_within_subject_dayshift
hyser,hyser_within_subject_dayshift|session2,agency_margin_tau_0.10,subject18,session2,session2,0.4019704433497537,0.4003921568627451,0.3709938231323256,0.3709938231323256,0.7315259373767299,2.4646379839845345,0.06859828476064014,0.3969729811875282,0.3969729811875282,0.024630541871921183,0.024630541871921183,0.0012760166009076616,600.0,1015,1015,hyser_within_subject_dayshift
hyser,hyser_within_subject_dayshift|session2,set_acsa_tau_0.15,subject18,session2,session2,0.4,0.3984313725490196,0.3684862942054575,0.3684862942054575,0.7259405590375939,2.024181005008716,0.061665329880040955,0.3975753621818643,0.3975753621818643,0.033497536945812804,0.033497536945812804,0.002315542761722157,600.0,1015,1015,hyser_within_subject_dayshift
hyser,hyser_within_subject_dayshift|session2,agency_margin_tau_0.15,subject18,session2,session2,0.4,0.3984313725490196,0.3684862942054575,0.3684862942054575,0.7320763478244477,2.3546072781036247,0.06911898635335045,0.3975753621818643,0.3975753621818643,0.033497536945812804,0.033497536945812804,0.002315542761722157,600.0,1015,1015,hyser_within_subject_dayshift
hyser,hyser_within_subject_dayshift|session2,set_acsa_tau_0.20,subject18,session2,session2,0.39901477832512317,0.39745098039215687,0.36765519893811943,0.36765519893811943,0.7286086655905961,2.042020019103235,0.0616764985924377,0.3996777769394005,0.3996777769394005,0.04334975369458128,0.04334975369458128,0.003993219653863219,600.0,1015,1015,hyser_within_subject_dayshift
hyser,hyser_within_subject_dayshift|session2,agency_margin_tau_0.20,subject18,session2,session2,0.39901477832512317,0.39745098039215687,0.36765519893811943,0.36765519893811943,0.7345875595040099,2.247997011627493,0.0673637189555003,0.3996777769394005,0.3996777769394005,0.04334975369458128,0.04334975369458128,0.003993219653863219,600.0,1015,1015,hyser_within_subject_dayshift
hyser,hyser_within_subject_dayshift|session2,user_only,subject19,session2,session2,0.40609137055837563,0.39450980392156865,0.3725448539417583,0.3725448539417583,0.7266090264018905,1.9946003801457612,0.08503562450902692,0.3818775183728547,0.3818775183728547,0.0,0.0,0.0,600.0,985,985,hyser_within_subject_dayshift
hyser,hyser_within_subject_dayshift|session2,assist_only,subject19,session2,session2,0.3208121827411167,0.312156862745098,0.29799071671698607,0.29799071671698607,0.82758219333724,2.414168571577413,0.09766964318009429,0.5442011695903829,0.5442011695903829,0.6406091370558376,0.6406091370558376,0.12156535102686909,600.0,985,985,hyser_within_subject_dayshift
hyser,hyser_within_subject_dayshift|session2,confidence_blend_alpha_0.25,subject19,session2,session2,0.41928934010152286,0.4074509803921569,0.3870837633774483,0.3870837633774483,0.7334378748251205,2.0109285591576285,0.13884629735103532,0.3694435271867988,0.3694435271867988,0.09035532994923857,0.09035532994923857,0.0031249588032380014,600.0,985,985,hyser_within_subject_dayshift
hyser,hyser_within_subject_dayshift|session2,confidence_blend_alpha_0.50,subject19,session2,session2,0.4182741116751269,0.40666666666666673,0.3874426945704414,0.3874426945704414,0.7525430187887518,2.0751787991279445,0.16209331824828574,0.38436702716875804,0.38436702716875804,0.24568527918781727,0.24568527918781727,0.020098911270040917,600.0,985,985,hyser_within_subject_dayshift
hyser,hyser_within_subject_dayshift|session2,confidence_blend_alpha_0.75,subject19,session2,session2,0.38578680203045684,0.3749019607843137,0.35551026078284065,0.35551026078284065,0.7839244582927843,2.1893076638293194,0.14852431235036848,0.45108637330111107,0.45108637330111107,0.44568527918781725,0.44568527918781725,0.05507671692642254,600.0,985,985,hyser_within_subject_dayshift
hyser,hyser_within_subject_dayshift|session2,selective_prediction,subject19,session2,session2,0.40372250423011846,0.39228758169934647,0.3707893158203551,0.3707893158203551,0.7279775415787856,1.9959257712717,0.07724465069229393,0.3918567026343358,0.3918567026343358,0.0047377326565143825,0.0047377326565143825,0.0004651793828253634,600.0,2955,2955,hyser_within_subject_dayshift
hyser,hyser_within_subject_dayshift|session2,set_acsa_tau_0.02,subject19,session2,session2,0.4040609137055838,0.3925490196078432,0.37157035607425143,0.37157035607425143,0.7307118835422168,2.0353455691925704,0.07154937871691974,0.3926971990920174,0.3926971990920174,0.017258883248730966,0.017258883248730966,0.00016401623606069444,600.0,985,985,hyser_within_subject_dayshift
hyser,hyser_within_subject_dayshift|session2,agency_margin_tau_0.02,subject19,session2,session2,0.4050761421319797,0.3935294117647059,0.3729961433248674,0.3729961433248674,0.7605400830182745,3.225186663873406,0.11459518710305694,0.3923189862130535,0.3923189862130535,0.019289340101522844,0.019289340101522844,0.000172806066380278,600.0,985,985,hyser_within_subject_dayshift
hyser,hyser_within_subject_dayshift|session2,set_acsa_tau_0.05,subject19,session2,session2,0.4010152284263959,0.38960784313725494,0.3685699300392919,0.3685699300392919,0.7330163970018071,2.045073883767453,0.06836518302314896,0.3978336868453923,0.3978336868453923,0.04568527918781726,0.04568527918781726,0.0011952474769673666,600.0,985,985,hyser_within_subject_dayshift
hyser,hyser_within_subject_dayshift|session2,agency_margin_tau_0.05,subject19,session2,session2,0.4020304568527919,0.3905882352941177,0.3695867189011557,0.3695867189011557,0.7569115281695489,3.192915120038612,0.1013567462144415,0.3969996298874047,0.3969996298874047,0.047715736040609136,0.047715736040609136,0.001264319423849572,600.0,985,985,hyser_within_subject_dayshift
hyser,hyser_within_subject_dayshift|session2,set_acsa_tau_0.10,subject19,session2,session2,0.4131979695431472,0.4013725490196079,0.3817494870100988,0.3817494870100988,0.7315261342701338,2.0469972330260924,0.07129604701279937,0.3938779068746981,0.3938779068746981,0.08426395939086294,0.08426395939086294,0.0038985705954443445,600.0,985,985,hyser_within_subject_dayshift
hyser,hyser_within_subject_dayshift|session2,agency_margin_tau_0.10,subject19,session2,session2,0.41624365482233505,0.4043137254901961,0.38482428429740534,0.38482428429740534,0.7419828132324711,2.8929249220824746,0.07759448056549265,0.39181630322177385,0.39181630322177385,0.09035532994923857,0.09035532994923857,0.0043447484998190514,600.0,985,985,hyser_within_subject_dayshift
hyser,hyser_within_subject_dayshift|session2,set_acsa_tau_0.15,subject19,session2,session2,0.41624365482233505,0.4043137254901961,0.3842894700496189,0.3842894700496189,0.7313549788897875,2.056085587910871,0.07026033776650946,0.39058756513784837,0.39058756513784837,0.11573604060913706,0.11573604060913706,0.007767693008191438,600.0,985,985,hyser_within_subject_dayshift
hyser,hyser_within_subject_dayshift|session2,agency_margin_tau_0.15,subject19,session2,session2,0.41725888324873095,0.40529411764705886,0.385307203092203,0.385307203092203,0.7392203154046736,2.5189723157244868,0.07539955360257378,0.3898787540917274,0.3898787540917274,0.116751269035533,0.116751269035533,0.007840781490426304,600.0,985,985,hyser_within_subject_dayshift
hyser,hyser_within_subject_dayshift|session2,set_acsa_tau_0.20,subject19,session2,session2,0.41624365482233505,0.4049019607843137,0.3855416423709417,0.3855416423709417,0.7319870474891131,2.0641926523418284,0.06814695375738278,0.391047565289692,0.391047565289692,0.13604060913705585,0.13604060913705585,0.011269309130512701,600.0,985,985,hyser_within_subject_dayshift
hyser,hyser_within_subject_dayshift|session2,agency_margin_tau_0.20,subject19,session2,session2,0.41624365482233505,0.4049019607843137,0.3855416423709417,0.3855416423709417,0.7367772691990201,2.345306190293188,0.06589745516366007,0.391047565289692,0.391047565289692,0.13604060913705585,0.13604060913705585,0.011269309130512701,600.0,985,985,hyser_within_subject_dayshift
hyser,hyser_within_subject_dayshift|session2,user_only,subject20,session2,session2,0.4588235294117647,0.45882352941176474,0.44236903142616546,0.44236903142616546,0.7192786055443003,1.9637864307352786,0.1336126942126399,0.34259092548171477,0.34259092548171477,0.0,0.0,0.0,600.0,1020,1020,hyser_within_subject_dayshift
hyser,hyser_within_subject_dayshift|session2,assist_only,subject20,session2,session2,0.2852941176470588,0.2852941176470588,0.2620189267113669,0.2620189267113669,0.8394772732005998,2.4390286962926186,0.05665097572940201,0.6000486217853902,0.6000486217853902,0.6666666666666666,0.6666666666666666,0.14040118634515658,600.0,1020,1020,hyser_within_subject_dayshift
hyser,hyser_within_subject_dayshift|session2,confidence_blend_alpha_0.25,subject20,session2,session2,0.4676470588235294,0.4676470588235294,0.44642246309028766,0.44642246309028766,0.7318457976158905,1.979772015053849,0.18191387750969554,0.33748694146663305,0.33748694146663305,0.0784313725490196,0.0784313725490196,0.0018037679435791395,600.0,1020,1020,hyser_within_subject_dayshift
hyser,hyser_within_subject_dayshift|session2,confidence_blend_alpha_0.50,subject20,session2,session2,0.453921568627451,0.453921568627451,0.4321484076914062,0.4321484076914062,0.7560679729157993,2.047178494780973,0.20203326577700453,0.37354498449925116,0.37354498449925116,0.21176470588235294,0.21176470588235294,0.015125951174106742,600.0,1020,1020,hyser_within_subject_dayshift
hyser,hyser_within_subject_dayshift|session2,confidence_blend_alpha_0.75,subject20,session2,session2,0.3931372549019608,0.3931372549019608,0.3660084944301553,0.3660084944301553,0.7919451314440271,2.168747412952914,0.16316834053240237,0.47011297077811626,0.47011297077811626,0.44901960784313727,0.44901960784313727,0.0645772100290663,600.0,1020,1020,hyser_within_subject_dayshift
hyser,hyser_within_subject_dayshift|session2,selective_prediction,subject20,session2,session2,0.45849673202614377,0.45849673202614377,0.44214740173628164,0.44214740173628164,0.7199643817115502,1.9644151017140576,0.1316733327715612,0.3493952851315966,0.3493952851315966,0.00065359477124183,0.00065359477124183,4.10718344625186e-05,600.0,3060,3060,hyser_within_subject_dayshift
hyser,hyser_within_subject_dayshift|session2,set_acsa_tau_0.02,subject20,session2,session2,0.46176470588235297,0.4617647058823529,0.44451086884626184,0.44451086884626184,0.7193872436108276,1.9739780555064195,0.1257987142602263,0.35314158744858,0.35314158744858,0.010784313725490196,0.010784313725490196,0.00011469415475081698,600.0,1020,1020,hyser_within_subject_dayshift
hyser,hyser_within_subject_dayshift|session2,agency_margin_tau_0.02,subject20,session2,session2,0.46078431372549017,0.4607843137254902,0.44391688209956115,0.44391688209956115,0.7410588979652717,3.0826137562032105,0.1538317049339935,0.35298210181461454,0.35298210181461454,0.013725490196078431,0.013725490196078431,0.00015078243825334761,600.0,1020,1020,hyser_within_subject_dayshift
hyser,hyser_within_subject_dayshift|session2,set_acsa_tau_0.05,subject20,session2,session2,0.46176470588235297,0.4617647058823529,0.4430751862932367,0.4430751862932367,0.7203500616035533,1.9849289088810258,0.1241587706578586,0.3527018760956667,0.3527018760956667,0.03431372549019608,0.03431372549019608,0.0009285171543823436,600.0,1020,1020,hyser_within_subject_dayshift
hyser,hyser_within_subject_dayshift|session2,agency_margin_tau_0.05,subject20,session2,session2,0.46176470588235297,0.4617647058823529,0.4431297148221002,0.4431297148221002,0.7380926031147904,3.120052556025667,0.13494388945475524,0.35265276606577844,0.35265276606577844,0.0392156862745098,0.0392156862745098,0.0010547859955702555,600.0,1020,1020,hyser_within_subject_dayshift
hyser,hyser_within_subject_dayshift|session2,set_acsa_tau_0.10,subject20,session2,session2,0.45784313725490194,0.45784313725490194,0.4389409281795132,0.4389409281795132,0.7218342994986597,1.9892111306198308,0.116650423952831,0.36223715479951046,0.36223715479951046,0.0784313725490196,0.0784313725490196,0.00439737173228691,600.0,1020,1020,hyser_within_subject_dayshift
hyser,hyser_within_subject_dayshift|session2,agency_margin_tau_0.10,subject20,session2,session2,0.45784313725490194,0.45784313725490194,0.4390147672455822,0.4390147672455822,0.7371814531806953,2.9691092468494644,0.1276844708604549,0.3622554661775235,0.3622554661775235,0.07941176470588235,0.07941176470588235,0.004487584145902486,600.0,1020,1020,hyser_within_subject_dayshift
hyser,hyser_within_subject_dayshift|session2,set_acsa_tau_0.15,subject20,session2,session2,0.45784313725490194,0.45784313725490194,0.44030190765103844,0.44030190765103844,0.7226083912631156,1.9995996517601835,0.11459307960005684,0.36604734622839036,0.36604734622839036,0.10882352941176471,0.10882352941176471,0.008118154617542261,600.0,1020,1020,hyser_within_subject_dayshift
hyser,hyser_within_subject_dayshift|session2,agency_margin_tau_0.15,subject20,session2,session2,0.45784313725490194,0.45784313725490194,0.44030190765103844,0.44030190765103844,0.7284182384097487,2.5993629322094938,0.11294632407704573,0.3660122627543338,0.3660122627543338,0.10882352941176471,0.10882352941176471,0.008118154617542261,600.0,1020,1020,hyser_within_subject_dayshift
hyser,hyser_within_subject_dayshift|session2,set_acsa_tau_0.20,subject20,session2,session2,0.45294117647058824,0.4529411764705882,0.4367809941001485,0.4367809941001485,0.7243814728333211,2.007589423844042,0.10885693155413476,0.3709467128085532,0.3709467128085532,0.1264705882352941,0.1264705882352941,0.011128457370793276,600.0,1020,1020,hyser_within_subject_dayshift
hyser,hyser_within_subject_dayshift|session2,agency_margin_tau_0.20,subject20,session2,session2,0.45294117647058824,0.4529411764705882,0.4367809941001485,0.4367809941001485,0.7271017212601837,2.4334651672897256,0.10414002518960609,0.3709467128085532,0.3709467128085532,0.1264705882352941,0.1264705882352941,0.011128457370793276,600.0,1020,1020,hyser_within_subject_dayshift
hyser,hyser_subject_logo|subject01,user_only,subject01,session1,session1,0.32772277227722774,0.32499999999999996,0.3188637646260699,0.3188637646260699,0.7962883594114482,2.3231518602089185,0.10078232621988147,0.4559754225092878,0.4559754225092878,0.0,0.0,0.0,600.0,1010,1010,hyser_subject_logo
hyser,hyser_subject_logo|subject01,assist_only,subject01,session1,session1,0.2811881188118812,0.28137254901960784,0.26847051700390706,0.26847051700390706,0.8497734905824063,2.493453222775528,0.054927829758093676,0.5959139192862929,0.5959139192862929,0.693069306930693,0.693069306930693,0.2130707136913698,600.0,1010,1010,hyser_subject_logo
hyser,hyser_subject_logo|subject01,confidence_blend_alpha_0.25,subject01,session1,session1,0.33564356435643566,0.33235294117647063,0.3292989004624176,0.3292989004624176,0.772732987848598,2.151221704188917,0.05645476450535347,0.451390066252081,0.451390066252081,0.10297029702970296,0.10297029702970296,0.005653990377661861,600.0,1010,1010,hyser_subject_logo
hyser,hyser_subject_logo|subject01,confidence_blend_alpha_0.50,subject01,session1,session1,0.35544554455445543,0.35196078431372546,0.3485670336655133,0.3485670336655133,0.7737953858561747,2.137197265270547,0.06030349088720027,0.46598380818409285,0.46598380818409285,0.25346534653465347,0.25346534653465347,0.03287596597984397,600.0,1010,1010,hyser_subject_logo
hyser,hyser_subject_logo|subject01,confidence_blend_alpha_0.75,subject01,session1,session1,0.35544554455445543,0.35490196078431374,0.3474152081777494,0.3474152081777494,0.7994755534341789,2.2056156562706795,0.1065515788350908,0.5178235336766717,0.5178235336766717,0.47128712871287126,0.47128712871287126,0.09873118289748438,600.0,1010,1010,hyser_subject_logo
hyser,hyser_subject_logo|subject01,selective_prediction,subject01,session1,session1,0.3214521452145215,0.3187908496732026,0.3121459022136439,0.3121459022136439,0.8060667896405737,2.3617678263529993,0.11413875538621723,0.4647760416327386,0.4647760416327386,0.015841584158415842,0.015841584158415842,0.0031086436172371415,600.0,3030,3030,hyser_subject_logo
hyser,hyser_subject_logo|subject01,set_acsa_tau_0.02,subject01,session1,session1,0.3297029702970297,0.3269607843137255,0.3212357591691835,0.3212357591691835,0.7968947297792317,2.3547426958945157,0.11869092395068392,0.44951155234115575,0.44951155234115575,0.01287128712871287,0.01287128712871287,0.00013367372734683798,600.0,1010,1010,hyser_subject_logo
hyser,hyser_subject_logo|subject01,agency_margin_tau_0.02,subject01,session1,session1,0.3297029702970297,0.3269607843137255,0.3210700381940557,0.3210700381940557,0.8345582160256009,3.7730646128597405,0.16531994991295004,0.4493413025340918,0.4493413025340918,0.01485148514851485,0.01485148514851485,0.0001439752547311269,600.0,1010,1010,hyser_subject_logo
hyser,hyser_subject_logo|subject01,set_acsa_tau_0.05,subject01,session1,session1,0.3326732673267327,0.3299019607843137,0.3256884829628557,0.3256884829628557,0.7977599416273132,2.360581446070662,0.12115639485633646,0.44776616970469946,0.44776616970469946,0.030693069306930693,0.030693069306930693,0.0007865980539585583,600.0,1010,1010,hyser_subject_logo
hyser,hyser_subject_logo|subject01,agency_margin_tau_0.05,subject01,session1,session1,0.3336633663366337,0.33088235294117646,0.3262333056030643,0.3262333056030643,0.8362577311584981,3.915726595886756,0.1692564633751498,0.44721180922588494,0.44721180922588494,0.033663366336633666,0.033663366336633666,0.0008549876156190782,600.0,1010,1010,hyser_subject_logo
hyser,hyser_subject_logo|subject01,set_acsa_tau_0.10,subject01,session1,session1,0.33564356435643566,0.33235294117647063,0.32493503675613034,0.32493503675613034,0.7971919679542596,2.357965815598879,0.12389803642151564,0.4454931593123801,0.4454931593123801,0.06831683168316832,0.06831683168316832,0.0036113779994893726,600.0,1010,1010,hyser_subject_logo
hyser,hyser_subject_logo|subject01,agency_margin_tau_0.10,subject01,session1,session1,0.33762376237623765,0.3343137254901961,0.3262392777142496,0.3262392777142496,0.834776113633169,3.876674115838144,0.17326816435155298,0.4447274472803376,0.4447274472803376,0.07227722772277227,0.07227722772277227,0.003891066700238428,600.0,1010,1010,hyser_subject_logo
hyser,hyser_subject_logo|subject01,set_acsa_tau_0.15,subject01,session1,session1,0.33861386138613864,0.3352941176470588,0.32614979102330727,0.32614979102330727,0.7964064046912851,2.3605686483067867,0.12520401550951682,0.44432736142540724,0.44432736142540724,0.1,0.1,0.007627334129178624,600.0,1010,1010,hyser_subject_logo
hyser,hyser_subject_logo|subject01,agency_margin_tau_0.15,subject01,session1,session1,0.33861386138613864,0.3352941176470588,0.32614979102330727,0.32614979102330727,0.8282295708464561,3.472979409709528,0.16614124570928238,0.4443181745392108,0.4443181745392108,0.1,0.1,0.007627334129178624,600.0,1010,1010,hyser_subject_logo
hyser,hyser_subject_logo|subject01,set_acsa_tau_0.20,subject01,session1,session1,0.3415841584158416,0.3382352941176471,0.32875972879847737,0.32875972879847737,0.7982380393893221,2.36670783627248,0.12544784472483986,0.44604022134264143,0.44604022134264143,0.13465346534653466,0.13465346534653466,0.013648518875044036,600.0,1010,1010,hyser_subject_logo
hyser,hyser_subject_logo|subject01,agency_margin_tau_0.20,subject01,session1,session1,0.3415841584158416,0.3382352941176471,0.32875972879847737,0.32875972879847737,0.8264842787675885,3.3158156258454268,0.16028495045323,0.44604022134264143,0.44604022134264143,0.13465346534653466,0.13465346534653466,0.013648518875044036,600.0,1010,1010,hyser_subject_logo
hyser,hyser_subject_logo|subject01,user_only,subject01,session2,session2,0.3695431472081218,0.3592156862745098,0.32648798029488646,0.32648798029488646,0.7915499678767765,2.2777914310236334,0.08135747896580797,0.4761375351537088,0.4761375351537088,0.0,0.0,0.0,600.0,985,985,hyser_subject_logo
hyser,hyser_subject_logo|subject01,assist_only,subject01,session2,session2,0.3187817258883249,0.3096078431372549,0.264024550575098,0.264024550575098,0.8000158072553163,2.2837080738242777,0.047464926738276236,0.5018779832434367,0.5018779832434367,0.5522842639593909,0.5522842639593909,0.16224479025713126,600.0,985,985,hyser_subject_logo
hyser,hyser_subject_logo|subject01,confidence_blend_alpha_0.25,subject01,session2,session2,0.383756345177665,0.3729411764705882,0.3421891617945708,0.3421891617945708,0.762950751397541,2.083764485641862,0.034436958796297025,0.46143945934839314,0.46143945934839314,0.07715736040609138,0.07715736040609138,0.004142915912053598,600.0,985,985,hyser_subject_logo
hyser,hyser_subject_logo|subject01,confidence_blend_alpha_0.50,subject01,session2,session2,0.3949238578680203,0.38372549019607843,0.3474010009705532,0.3474010009705532,0.754828652467539,2.048841751012029,0.05335405707212157,0.4456269970815577,0.4456269970815577,0.20710659898477157,0.20710659898477157,0.025351996480638156,600.0,985,985,hyser_subject_logo
hyser,hyser_subject_logo|subject01,confidence_blend_alpha_0.75,subject01,session2,session2,0.383756345177665,0.3723529411764706,0.33825893536910184,0.33825893536910184,0.7671836710867708,2.087153423989797,0.05748558845303332,0.4575098699512756,0.4575098699512756,0.3786802030456853,0.3786802030456853,0.0786096922284662,600.0,985,985,hyser_subject_logo
hyser,hyser_subject_logo|subject01,selective_prediction,subject01,session2,session2,0.3793570219966159,0.36869281045751634,0.3320250924834449,0.3320250924834449,0.7801605697354994,2.258208291686192,0.08664187782701756,0.44294541807928417,0.44294541807928417,0.013874788494077835,0.013874788494077835,0.00217899650127498,600.0,2955,2955,hyser_subject_logo
hyser,hyser_subject_logo|subject01,set_acsa_tau_0.02,subject01,session2,session2,0.3715736040609137,0.36117647058823527,0.32711947461905544,0.32711947461905544,0.7853301273312493,2.2820672640466926,0.09567448089470498,0.44980672567719554,0.44980672567719554,0.01116751269035533,0.01116751269035533,9.89909103773423e-05,600.0,985,985,hyser_subject_logo
hyser,hyser_subject_logo|subject01,agency_margin_tau_0.02,subject01,session2,session2,0.3725888324873096,0.362156862745098,0.3280644568375045,0.3280644568375045,0.8283743961194922,3.9086404601000866,0.16008439141801195,0.44973553350069073,0.44973553350069073,0.012182741116751269,0.012182741116751269,0.0001144609657143275,600.0,985,985,hyser_subject_logo
hyser,hyser_subject_logo|subject01,set_acsa_tau_0.05,subject01,session2,session2,0.37055837563451777,0.3601960784313725,0.3291885846300907,0.3291885846300907,0.7851992340024305,2.283504769481677,0.09991739677971272,0.4478527674798381,0.4478527674798381,0.03553299492385787,0.03553299492385787,0.0009377354821967076,600.0,985,985,hyser_subject_logo
hyser,hyser_subject_logo|subject01,agency_margin_tau_0.05,subject01,session2,session2,0.37055837563451777,0.3601960784313725,0.3290971133154171,0.3290971133154171,0.835188379335646,4.137082232615642,0.16756801883318148,0.44782086694586604,0.44782086694586604,0.03654822335025381,0.03654822335025381,0.0009823558664407764,600.0,985,985,hyser_subject_logo
hyser,hyser_subject_logo|subject01,set_acsa_tau_0.10,subject01,session2,session2,0.3766497461928934,0.36607843137254903,0.33482095519811494,0.33482095519811494,0.7836434840069089,2.2847446086021654,0.09725715192564603,0.4437333626287938,0.4437333626287938,0.06294416243654823,0.06294416243654823,0.00289543973817156,600.0,985,985,hyser_subject_logo
hyser,hyser_subject_logo|subject01,agency_margin_tau_0.10,subject01,session2,session2,0.3766497461928934,0.36607843137254903,0.3350399385781634,0.3350399385781634,0.8256226642714655,3.920841101236076,0.16265516521218734,0.4436794442166826,0.4436794442166826,0.06598984771573604,0.06598984771573604,0.0031557090054849138,600.0,985,985,hyser_subject_logo
hyser,hyser_subject_logo|subject01,set_acsa_tau_0.15,subject01,session2,session2,0.3847715736040609,0.37392156862745096,0.3477677485058742,0.3477677485058742,0.7808636342517168,2.2948707478640795,0.09364448961491878,0.4405087386471798,0.4405087386471798,0.09847715736040609,0.09847715736040609,0.007379623955668401,600.0,985,985,hyser_subject_logo
hyser,hyser_subject_logo|subject01,agency_margin_tau_0.15,subject01,session2,session2,0.3847715736040609,0.37392156862745096,0.3477677485058742,0.3477677485058742,0.8097084265460587,3.4175968019559364,0.150375221849925,0.4405087386471798,0.4405087386471798,0.09847715736040609,0.09847715736040609,0.007379623955668401,600.0,985,985,hyser_subject_logo
hyser,hyser_subject_logo|subject01,set_acsa_tau_0.20,subject01,session2,session2,0.38883248730964465,0.37784313725490193,0.35100025853648,0.35100025853648,0.7786950371179988,2.289845848007197,0.09105590594155046,0.4366391225668434,0.4366391225668434,0.11269035532994924,0.11269035532994924,0.009851849660104633,600.0,985,985,hyser_subject_logo
hyser,hyser_subject_logo|subject01,agency_margin_tau_0.20,subject01,session2,session2,0.38883248730964465,0.37784313725490193,0.35100025853648,0.35100025853648,0.7944165163475219,2.980166942918475,0.13413328593846785,0.4366391225668434,0.4366391225668434,0.11269035532994924,0.11269035532994924,0.009851849660104633,600.0,985,985,hyser_subject_logo
hyser,hyser_subject_logo|subject02,user_only,subject02,session1,session1,0.2935960591133005,0.2958823529411765,0.26039877547083046,0.26039877547083046,0.8579471405846564,2.551589568088707,0.0893658719910565,0.5595534907106594,0.5595534907106594,0.0,0.0,0.0,600.0,1015,1015,hyser_subject_logo
hyser,hyser_subject_logo|subject02,assist_only,subject02,session1,session1,0.25911330049261083,0.2619607843137255,0.22246034861878977,0.22246034861878977,0.8316150792905344,2.475442650122095,0.07944645928233679,0.5226286979352636,0.5226286979352636,0.7527093596059113,0.7527093596059113,0.19361359985742285,600.0,1015,1015,hyser_subject_logo
hyser,hyser_subject_logo|subject02,confidence_blend_alpha_0.25,subject02,session1,session1,0.316256157635468,0.31843137254901965,0.28635384895709504,0.28635384895709504,0.8181712678955908,2.3202835856853476,0.0532246930241373,0.5280991517279848,0.5280991517279848,0.12019704433497537,0.12019704433497537,0.005726834084754643,600.0,1015,1015,hyser_subject_logo
hyser,hyser_subject_logo|subject02,confidence_blend_alpha_0.50,subject02,session1,session1,0.32906403940886697,0.3313725490196079,0.30291252514892636,0.30291252514892636,0.8005239667835384,2.2788179638289785,0.04484107731733091,0.4855926458752017,0.4855926458752017,0.31133004926108376,0.31133004926108376,0.038683493072699346,600.0,1015,1015,hyser_subject_logo
hyser,hyser_subject_logo|subject02,confidence_blend_alpha_0.75,subject02,session1,session1,0.2916256157635468,0.29411764705882354,0.26455689297937607,0.26455689297937607,0.805005237248499,2.314644391045477,0.031382642537299214,0.5010701771085952,0.5010701771085952,0.5881773399014778,0.5881773399014778,0.12305366266035626,600.0,1015,1015,hyser_subject_logo
hyser,hyser_subject_logo|subject02,selective_prediction,subject02,session1,session1,0.30738916256157633,0.3096078431372549,0.2770899556592994,0.2770899556592994,0.8413276082386344,2.508559708968113,0.08369804248273689,0.5253436979574729,0.5253436979574729,0.01444991789819376,0.01444991789819376,0.003602658686669566,600.0,3045,3045,hyser_subject_logo
hyser,hyser_subject_logo|subject02,set_acsa_tau_0.02,subject02,session1,session1,0.2955665024630542,0.297843137254902,0.26442735628426833,0.26442735628426833,0.8487354070551717,2.530643282079651,0.09425816208847783,0.5360480646516527,0.5360480646516527,0.016748768472906402,0.016748768472906402,0.00017366308681475166,600.0,1015,1015,hyser_subject_logo
hyser,hyser_subject_logo|subject02,agency_margin_tau_0.02,subject02,session1,session1,0.2975369458128079,0.2998039215686275,0.26623835068439305,0.26623835068439305,0.8853481772687123,3.8917752977640507,0.1537814101427443,0.5356383479893715,0.5356383479893715,0.019704433497536946,0.019704433497536946,0.00020380712699896348,600.0,1015,1015,hyser_subject_logo
hyser,hyser_subject_logo|subject02,set_acsa_tau_0.05,subject02,session1,session1,0.29458128078817736,0.2968627450980393,0.26452258590448197,0.26452258590448197,0.8498670555956951,2.5393315172460036,0.09487117217458584,0.536658994371271,0.536658994371271,0.04630541871921182,0.04630541871921182,0.0012146436968876115,600.0,1015,1015,hyser_subject_logo
hyser,hyser_subject_logo|subject02,agency_margin_tau_0.05,subject02,session1,session1,0.296551724137931,0.29882352941176477,0.2661965384737167,0.2661965384737167,0.8844276116085958,4.147572967050286,0.15476516444738678,0.536306655010049,0.536306655010049,0.05123152709359606,0.05123152709359606,0.001342856023649504,600.0,1015,1015,hyser_subject_logo
hyser,hyser_subject_logo|subject02,set_acsa_tau_0.10,subject02,session1,session1,0.2975369458128079,0.3000000000000001,0.2673091961919179,0.2673091961919179,0.8483092016236514,2.531877947534845,0.10084903505635837,0.5315126358028853,0.5315126358028853,0.10246305418719212,0.10246305418719212,0.005508749824594069,600.0,1015,1015,hyser_subject_logo
hyser,hyser_subject_logo|subject02,agency_margin_tau_0.10,subject02,session1,session1,0.2995073891625616,0.3019607843137256,0.2690644206228174,0.2690644206228174,0.8774181667007054,3.7437065194424517,0.15089219927405542,0.5310880723534509,0.5310880723534509,0.10738916256157635,0.10738916256157635,0.0058226339485357385,600.0,1015,1015,hyser_subject_logo
hyser,hyser_subject_logo|subject02,set_acsa_tau_0.15,subject02,session1,session1,0.30640394088669953,0.3088235294117648,0.27676587973411737,0.27676587973411737,0.8447019294613877,2.5285537669210187,0.09776063375019958,0.5200447308951907,0.5200447308951907,0.16354679802955666,0.16354679802955666,0.012982289500886509,600.0,1015,1015,hyser_subject_logo
hyser,hyser_subject_logo|subject02,agency_margin_tau_0.15,subject02,session1,session1,0.30640394088669953,0.3088235294117648,0.27694124389394326,0.27694124389394326,0.8649408961624679,3.413107589667989,0.13882260051337197,0.5200746494182271,0.5200746494182271,0.16354679802955666,0.16354679802955666,0.01297991141549698,600.0,1015,1015,hyser_subject_logo
hyser,hyser_subject_logo|subject02,set_acsa_tau_0.20,subject02,session1,session1,0.3103448275862069,0.31274509803921574,0.2827332591632226,0.2827332591632226,0.843724703655883,2.521268297130998,0.0978725031940928,0.5179389106913499,0.5179389106913499,0.2,0.2,0.01924432735752835,600.0,1015,1015,hyser_subject_logo
hyser,hyser_subject_logo|subject02,agency_margin_tau_0.20,subject02,session1,session1,0.3103448275862069,0.31274509803921574,0.2830370448500956,0.2830370448500956,0.857824961012388,3.133779968977698,0.12842057305936366,0.5179582948336737,0.5179582948336737,0.20098522167487684,0.20098522167487684,0.01943503880416122,600.0,1015,1015,hyser_subject_logo
hyser,hyser_subject_logo|subject02,user_only,subject02,session2,session2,0.30495049504950494,0.3056862745098039,0.2768687027763031,0.2768687027763031,0.8225165620216692,2.4660304528229466,0.08637575096281613,0.4896224613883146,0.4896224613883146,0.0,0.0,0.0,600.0,1010,1010,hyser_subject_logo
hyser,hyser_subject_logo|subject02,assist_only,subject02,session2,session2,0.39900990099009903,0.4029411764705882,0.365453490074304,0.365453490074304,0.7406087346424601,2.132279882463285,0.09533748489591419,0.35946499437168145,0.35946499437168145,0.7188118811881188,0.7188118811881188,0.18267726760702868,600.0,1010,1010,hyser_subject_logo
hyser,hyser_subject_logo|subject02,confidence_blend_alpha_0.25,subject02,session2,session2,0.3475247524752475,0.3494117647058823,0.32464505680270495,0.32464505680270495,0.7722754855428726,2.1935136314916144,0.05396042404162592,0.4305497466162716,0.4305497466162716,0.0891089108910891,0.0891089108910891,0.004159811529789196,600.0,1010,1010,hyser_subject_logo
hyser,hyser_subject_logo|subject02,confidence_blend_alpha_0.50,subject02,session2,session2,0.4207920792079208,0.4243137254901961,0.40317208807019533,0.40317208807019533,0.7418771554867015,2.102564508666358,0.12706457694368223,0.3429582584432358,0.3429582584432358,0.2871287128712871,0.2871287128712871,0.03729086312700257,600.0,1010,1010,hyser_subject_logo
hyser,hyser_subject_logo|subject02,confidence_blend_alpha_0.75,subject02,session2,session2,0.4376237623762376,0.4411764705882353,0.41097308999920523,0.41097308999920523,0.7313215718531565,2.0793434572282345,0.15216787665528891,0.31602040393080594,0.31602040393080594,0.5227722772277228,0.5227722772277228,0.10449993227977859,600.0,1010,1010,hyser_subject_logo
hyser,hyser_subject_logo|subject02,selective_prediction,subject02,session2,session2,0.32475247524752476,0.32738562091503265,0.29832893290438844,0.29832893290438844,0.7990793020003069,2.421967033074104,0.09331707162747867,0.43527377330218425,0.43527377330218425,0.02013201320132013,0.02013201320132013,0.0047103322253287455,600.0,3030,3030,hyser_subject_logo
hyser,hyser_subject_logo|subject02,set_acsa_tau_0.02,subject02,session2,session2,0.3108910891089109,0.31196078431372554,0.28356256369733596,0.28356256369733596,0.8024454936195974,2.4099226939213043,0.1039354221553241,0.45494981137271334,0.45494981137271334,0.01089108910891089,0.01089108910891089,0.00011290625242017816,600.0,1010,1010,hyser_subject_logo
hyser,hyser_subject_logo|subject02,agency_margin_tau_0.02,subject02,session2,session2,0.3118811881188119,0.3129411764705883,0.285220466550259,0.285220466550259,0.8200953381530215,3.3064094827238155,0.14759804479277852,0.4546781171365998,0.4546781171365998,0.011881188118811881,0.011881188118811881,0.00012378247247059044,600.0,1010,1010,hyser_subject_logo
hyser,hyser_subject_logo|subject02,set_acsa_tau_0.05,subject02,session2,session2,0.31683168316831684,0.31823529411764706,0.2891494715651732,0.2891494715651732,0.8000599940907716,2.4038141388221548,0.10081704521891098,0.4483672539555383,0.4483672539555383,0.02178217821782178,0.02178217821782178,0.0005376230762683308,600.0,1010,1010,hyser_subject_logo
hyser,hyser_subject_logo|subject02,agency_margin_tau_0.05,subject02,session2,session2,0.3188118811881188,0.32019607843137254,0.29284273050813914,0.29284273050813914,0.8184655816928945,3.4200447671127256,0.14087958437361536,0.44813714768428575,0.44813714768428575,0.02574257425742574,0.02574257425742574,0.000662024965735174,600.0,1010,1010,hyser_subject_logo
hyser,hyser_subject_logo|subject02,set_acsa_tau_0.10,subject02,session2,session2,0.32475247524752476,0.32666666666666666,0.2968833703072665,0.2968833703072665,0.7966168182749516,2.3925869312038577,0.09674328118546498,0.4430459448687427,0.4430459448687427,0.05148514851485148,0.05148514851485148,0.0028653402816154186,600.0,1010,1010,hyser_subject_logo
hyser,hyser_subject_logo|subject02,agency_margin_tau_0.10,subject02,session2,session2,0.32574257425742575,0.3276470588235294,0.298276783416557,0.298276783416557,0.8116427689224733,3.426059914437289,0.13038858576597823,0.4427654852073377,0.4427654852073377,0.053465346534653464,0.053465346534653464,0.0029626913924963765,600.0,1010,1010,hyser_subject_logo
hyser,hyser_subject_logo|subject02,set_acsa_tau_0.15,subject02,session2,session2,0.3415841584158416,0.3433333333333333,0.3205338030587955,0.3205338030587955,0.7884736727753373,2.358984912682729,0.08655119393428148,0.43200701931777913,0.43200701931777913,0.10297029702970296,0.10297029702970296,0.0093975602411983,600.0,1010,1010,hyser_subject_logo
hyser,hyser_subject_logo|subject02,agency_margin_tau_0.15,subject02,session2,session2,0.3405940594059406,0.3423529411764706,0.31955840744845443,0.31955840744845443,0.7958983487566439,3.1665622012168924,0.12022709056031061,0.4320599033813208,0.4320599033813208,0.10297029702970296,0.10297029702970296,0.009401919974403681,600.0,1010,1010,hyser_subject_logo
hyser,hyser_subject_logo|subject02,set_acsa_tau_0.20,subject02,session2,session2,0.3584158415841584,0.36058823529411765,0.34155500327791993,0.34155500327791993,0.7779025418654221,2.31769893052942,0.07919872109998666,0.4172620231607937,0.4172620231607937,0.15742574257425743,0.15742574257425743,0.018803648160275816,600.0,1010,1010,hyser_subject_logo
hyser,hyser_subject_logo|subject02,agency_margin_tau_0.20,subject02,session2,session2,0.3574257425742574,0.3596078431372549,0.3404946908120845,0.3404946908120845,0.7835807099499238,2.964771759033178,0.10207417345934304,0.41756244417117433,0.41756244417117433,0.15742574257425743,0.15742574257425743,0.018854364226308155,600.0,1010,1010,hyser_subject_logo
hyser,hyser_subject_logo|subject03,user_only,subject03,session1,session1,0.2316326530612245,0.22666666666666668,0.1910640358406985,0.1910640358406985,0.9429926618069832,2.9933872927103047,0.2082381933032716,0.6725112492099145,0.6725112492099145,0.0,0.0,0.0,600.0,980,980,hyser_subject_logo
hyser,hyser_subject_logo|subject03,assist_only,subject03,session1,session1,0.2030612244897959,0.19764705882352943,0.1709783047326807,0.1709783047326807,0.9313522895227976,3.664613135052353,0.053162643718150854,0.7601602411038003,0.7601602411038003,0.8285714285714286,0.8285714285714286,0.30933908792414905,600.0,980,980,hyser_subject_logo
hyser,hyser_subject_logo|subject03,confidence_blend_alpha_0.25,subject03,session1,session1,0.23877551020408164,0.23372549019607844,0.20165927147451357,0.20165927147451357,0.8906773144998525,2.6728039330936353,0.1161827251202542,0.6686142131348121,0.6686142131348121,0.05918367346938776,0.05918367346938776,0.002187383620781586,600.0,980,980,hyser_subject_logo
hyser,hyser_subject_logo|subject03,confidence_blend_alpha_0.50,subject03,session1,session1,0.2724489795918367,0.2672549019607843,0.23191191103974507,0.23191191103974507,0.8712988033502347,2.6331931459537987,0.024862537312807548,0.6545226301204491,0.6545226301204491,0.20408163265306123,0.20408163265306123,0.027260627067002916,600.0,980,980,hyser_subject_logo
hyser,hyser_subject_logo|subject03,confidence_blend_alpha_0.75,subject03,session1,session1,0.25816326530612244,0.2523529411764706,0.22731676568097103,0.22731676568097103,0.8848571283581292,2.7156276488994706,0.05003572052785038,0.6921913285087239,0.6921913285087239,0.5469387755102041,0.5469387755102041,0.15759324956589282,600.0,980,980,hyser_subject_logo
hyser,hyser_subject_logo|subject03,selective_prediction,subject03,session1,session1,0.23129251700680273,0.22640522875816996,0.19039588858182196,0.19039588858182196,0.9443174832146733,2.996428321033549,0.20934526489801333,0.673975701474778,0.673975701474778,0.0013605442176870747,0.0013605442176870747,0.0003506226010632413,600.0,2940,2940,hyser_subject_logo
hyser,hyser_subject_logo|subject03,set_acsa_tau_0.02,subject03,session1,session1,0.2336734693877551,0.22862745098039217,0.19357005594327104,0.19357005594327104,0.9423537153815265,2.9982837252836454,0.20972467422450383,0.6700403321647613,0.6700403321647613,0.00510204081632653,0.00510204081632653,5.598194949399999e-05,600.0,980,980,hyser_subject_logo
hyser,hyser_subject_logo|subject03,agency_margin_tau_0.02,subject03,session1,session1,0.23469387755102042,0.2296078431372549,0.1952157032565095,0.1952157032565095,0.9534569702517274,3.5436864514024426,0.23291733827164268,0.6700386508762356,0.6700386508762356,0.00816326530612245,0.00816326530612245,6.568873550869055e-05,600.0,980,980,hyser_subject_logo
hyser,hyser_subject_logo|subject03,set_acsa_tau_0.05,subject03,session1,session1,0.23469387755102042,0.2296078431372549,0.1939644308124372,0.1939644308124372,0.9417751943364913,2.9970323355407182,0.20960562848073572,0.670101891717462,0.670101891717462,0.014285714285714285,0.014285714285714285,0.0003544711633117147,600.0,980,980,hyser_subject_logo
hyser,hyser_subject_logo|subject03,agency_margin_tau_0.05,subject03,session1,session1,0.2357142857142857,0.23058823529411765,0.19579978270278986,0.19579978270278986,0.9581752178049704,3.766113026012418,0.23610818874826456,0.6701023707325293,0.6701023707325293,0.019387755102040816,0.019387755102040816,0.0004250539433350043,600.0,980,980,hyser_subject_logo
hyser,hyser_subject_logo|subject03,set_acsa_tau_0.10,subject03,session1,session1,0.24081632653061225,0.23588235294117646,0.20194710830660517,0.20194710830660517,0.9400466342126778,2.991819583326464,0.20594685747943225,0.6680325205601668,0.6680325205601668,0.03877551020408163,0.03877551020408163,0.0023151075986591126,600.0,980,980,hyser_subject_logo
hyser,hyser_subject_logo|subject03,agency_margin_tau_0.10,subject03,session1,session1,0.24183673469387756,0.2368627450980392,0.2031677225901509,0.2031677225901509,0.9540360459071107,3.911086628307922,0.23626404563249218,0.6680854795815653,0.6680854795815653,0.04591836734693878,0.04591836734693878,0.002523786572893762,600.0,980,980,hyser_subject_logo
hyser,hyser_subject_logo|subject03,set_acsa_tau_0.15,subject03,session1,session1,0.24183673469387756,0.2368627450980392,0.2027238152980664,0.2027238152980664,0.9391679606237301,3.008397311617713,0.20796430901027554,0.6674461081470688,0.6674461081470688,0.06836734693877551,0.06836734693877551,0.006199649536300871,600.0,980,980,hyser_subject_logo
hyser,hyser_subject_logo|subject03,agency_margin_tau_0.15,subject03,session1,session1,0.24183673469387756,0.2368627450980392,0.20258674569244622,0.20258674569244622,0.9499442833149097,3.740062935823732,0.23551294877874954,0.6674986272079358,0.6674986272079358,0.07040816326530612,0.07040816326530612,0.006402805942121711,600.0,980,980,hyser_subject_logo
hyser,hyser_subject_logo|subject03,set_acsa_tau_0.20,subject03,session1,session1,0.24693877551020407,0.24196078431372547,0.20720662774214635,0.20720662774214635,0.9371306077229924,2.996089229588713,0.20562506129861555,0.6655655597440507,0.6655655597440507,0.10204081632653061,0.10204081632653061,0.01224740506500734,600.0,980,980,hyser_subject_logo
hyser,hyser_subject_logo|subject03,agency_margin_tau_0.20,subject03,session1,session1,0.24693877551020407,0.24196078431372547,0.2073205976853383,0.2073205976853383,0.943867767775681,3.560414270129926,0.2268250504607752,0.6655655597440507,0.6655655597440507,0.10204081632653061,0.10204081632653061,0.012218207167931837,600.0,980,980,hyser_subject_logo
hyser,hyser_subject_logo|subject03,user_only,subject03,session2,session2,0.3177664974619289,0.31000000000000005,0.2643381079267012,0.2643381079267012,0.8385678727923475,2.5763097046318078,0.1555611701186386,0.48197450523897256,0.48197450523897256,0.0,0.0,0.0,600.0,985,985,hyser_subject_logo
hyser,hyser_subject_logo|subject03,assist_only,subject03,session2,session2,0.25279187817258886,0.24666666666666667,0.20031411229484694,0.20031411229484694,0.8767564767418069,3.2520211241442225,0.03983238249343804,0.6064458306731326,0.6064458306731326,0.7401015228426396,0.7401015228426396,0.2701239469893139,600.0,985,985,hyser_subject_logo
hyser,hyser_subject_logo|subject03,confidence_blend_alpha_0.25,subject03,session2,session2,0.3269035532994924,0.31882352941176473,0.27285474250634006,0.27285474250634006,0.8045938204129953,2.3989121218748117,0.09478830215399885,0.45876308654878306,0.45876308654878306,0.04467005076142132,0.04467005076142132,0.0017922869192546762,600.0,985,985,hyser_subject_logo
hyser,hyser_subject_logo|subject03,confidence_blend_alpha_0.50,subject03,session2,session2,0.3380710659898477,0.33019607843137255,0.27860187528051467,0.27860187528051467,0.7996339036114906,2.407315131445768,0.05710842908389788,0.44860445649417746,0.44860445649417746,0.18375634517766498,0.18375634517766498,0.023375019108768432,600.0,985,985,hyser_subject_logo
hyser,hyser_subject_logo|subject03,confidence_blend_alpha_0.75,subject03,session2,session2,0.3248730964467005,0.3172549019607843,0.2637902786535411,0.2637902786535411,0.8236881223878336,2.5101009003437786,0.061078266461706436,0.4978588618308591,0.4978588618308591,0.4761421319796954,0.4761421319796954,0.13125749809377749,600.0,985,985,hyser_subject_logo
hyser,hyser_subject_logo|subject03,selective_prediction,subject03,session2,session2,0.3177664974619289,0.31000000000000005,0.26417214486637286,0.26417214486637286,0.8382546607377449,2.581435249099236,0.15705247313066284,0.4808476330875031,0.4808476330875031,0.0010152284263959391,0.0010152284263959391,0.00021469563119939098,600.0,2955,2955,hyser_subject_logo
hyser,hyser_subject_logo|subject03,set_acsa_tau_0.02,subject03,session2,session2,0.3177664974619289,0.31000000000000005,0.264453113835519,0.264453113835519,0.8383556033563381,2.5968130817839907,0.16003825650042927,0.48000089070084645,0.48000089070084645,0.005076142131979695,0.005076142131979695,6.426938996061884e-05,600.0,985,985,hyser_subject_logo
hyser,hyser_subject_logo|subject03,agency_margin_tau_0.02,subject03,session2,session2,0.3177664974619289,0.31000000000000005,0.264453113835519,0.264453113835519,0.8509071242567989,3.052828192573482,0.17861143364504503,0.48000089070084645,0.48000089070084645,0.005076142131979695,0.005076142131979695,6.426938996061884e-05,600.0,985,985,hyser_subject_logo
hyser,hyser_subject_logo|subject03,set_acsa_tau_0.05,subject03,session2,session2,0.3197969543147208,0.31196078431372554,0.2657271577585844,0.2657271577585844,0.8383050039522918,2.5945724351153543,0.15933532792157035,0.47958566853838247,0.47958566853838247,0.013197969543147208,0.013197969543147208,0.00037797962004789976,600.0,985,985,hyser_subject_logo
hyser,hyser_subject_logo|subject03,agency_margin_tau_0.05,subject03,session2,session2,0.3197969543147208,0.31196078431372554,0.26595763679089485,0.26595763679089485,0.8495251432132916,3.095659745038769,0.18012387417166303,0.47958566853838247,0.47958566853838247,0.014213197969543147,0.014213197969543147,0.0004224218691726885,600.0,985,985,hyser_subject_logo
hyser,hyser_subject_logo|subject03,set_acsa_tau_0.10,subject03,session2,session2,0.3208121827411167,0.31313725490196076,0.26573331216372487,0.26573331216372487,0.8371649258696056,2.6087490591921925,0.15761984213345018,0.47812367194358935,0.47812367194358935,0.027411167512690356,0.027411167512690356,0.0014497094174462193,600.0,985,985,hyser_subject_logo
hyser,hyser_subject_logo|subject03,agency_margin_tau_0.10,subject03,session2,session2,0.3208121827411167,0.31313725490196076,0.265970944306066,0.265970944306066,0.8505265895926782,3.2321767703282847,0.18251781375637047,0.4781307226479322,0.4781307226479322,0.029441624365482234,0.029441624365482234,0.00155623903567236,600.0,985,985,hyser_subject_logo
hyser,hyser_subject_logo|subject03,set_acsa_tau_0.15,subject03,session2,session2,0.3248730964467005,0.3170588235294117,0.270010586319058,0.270010586319058,0.8365263206511173,2.605713911689091,0.15541722499318894,0.477636819731646,0.477636819731646,0.05177664974619289,0.05177664974619289,0.0045628639978423195,600.0,985,985,hyser_subject_logo
hyser,hyser_subject_logo|subject03,agency_margin_tau_0.15,subject03,session2,session2,0.3248730964467005,0.3170588235294117,0.270010586319058,0.270010586319058,0.8471551012514851,3.139924287866079,0.18111601307622915,0.477636819731646,0.477636819731646,0.05177664974619289,0.05177664974619289,0.0045628639978423195,600.0,985,985,hyser_subject_logo
hyser,hyser_subject_logo|subject03,set_acsa_tau_0.20,subject03,session2,session2,0.32791878172588834,0.31999999999999995,0.2725854798806207,0.2725854798806207,0.8354933186952229,2.622757066997176,0.1532935137993748,0.4765890813409621,0.4765890813409621,0.06903553299492386,0.06903553299492386,0.007658841168706252,600.0,985,985,hyser_subject_logo
hyser,hyser_subject_logo|subject03,agency_margin_tau_0.20,subject03,session2,session2,0.32791878172588834,0.31999999999999995,0.2725854798806207,0.2725854798806207,0.8404198574282492,2.992554349576498,0.1733117819141811,0.4765890813409621,0.4765890813409621,0.06903553299492386,0.06903553299492386,0.007658841168706252,600.0,985,985,hyser_subject_logo
hyser,hyser_subject_logo|subject04,user_only,subject04,session1,session1,0.5178217821782178,0.5203921568627452,0.5062784659000892,0.5062784659000892,0.6008718833309689,1.6452818903662259,0.07880353549720952,0.2170521965558155,0.2170521965558155,0.0,0.0,0.0,600.0,1010,1010,hyser_subject_logo
hyser,hyser_subject_logo|subject04,assist_only,subject04,session1,session1,0.49504950495049505,0.49803921568627463,0.468191912772199,0.468191912772199,0.6727689914150102,1.7867258097500995,0.15188019815212944,0.2852105120007822,0.2852105120007822,0.601980198019802,0.601980198019802,0.16720105488216605,600.0,1010,1010,hyser_subject_logo
hyser,hyser_subject_logo|subject04,confidence_blend_alpha_0.25,subject04,session1,session1,0.5564356435643565,0.5588235294117647,0.549180582696466,0.549180582696466,0.5867839500694427,1.5386486731032019,0.16110486336993482,0.19201377895534502,0.19201377895534502,0.08712871287128712,0.08712871287128712,0.004932374499225232,600.0,1010,1010,hyser_subject_logo
hyser,hyser_subject_logo|subject04,confidence_blend_alpha_0.50,subject04,session1,session1,0.5841584158415841,0.5866666666666667,0.5743287693274667,0.5743287693274667,0.594070823662875,1.54169002977481,0.2220094590056943,0.17734234648526317,0.17734234648526317,0.22574257425742575,0.22574257425742575,0.029310325489004866,600.0,1010,1010,hyser_subject_logo
hyser,hyser_subject_logo|subject04,confidence_blend_alpha_0.75,subject04,session1,session1,0.5782178217821782,0.5807843137254902,0.5607270756499746,0.5607270756499746,0.6227325041112662,1.6057127444196144,0.23732052307343748,0.20871054458493543,0.20871054458493543,0.42475247524752474,0.42475247524752474,0.08703223762543903,600.0,1010,1010,hyser_subject_logo
hyser,hyser_subject_logo|subject04,selective_prediction,subject04,session1,session1,0.5191419141914192,0.5216993464052289,0.5073688516667364,0.5073688516667364,0.5962240416547024,1.6297618152084783,0.07187532035769102,0.21718154009740484,0.21718154009740484,0.013861386138613862,0.013861386138613862,0.003031057837740471,600.0,3030,3030,hyser_subject_logo
hyser,hyser_subject_logo|subject04,set_acsa_tau_0.02,subject04,session1,session1,0.5207920792079208,0.5233333333333333,0.5101124276814168,0.5101124276814168,0.5884289343504967,1.6300449615787382,0.0802474520126504,0.20635889537764107,0.20635889537764107,0.0049504950495049506,0.0049504950495049506,6.599123240373037e-05,600.0,1010,1010,hyser_subject_logo
hyser,hyser_subject_logo|subject04,agency_margin_tau_0.02,subject04,session1,session1,0.5198019801980198,0.5223529411764707,0.5098276030589707,0.5098276030589707,0.5912137588417854,2.1397314738955804,0.08342740759892187,0.20633681420503763,0.20633681420503763,0.007920792079207921,0.007920792079207921,0.00010186829437683254,600.0,1010,1010,hyser_subject_logo
hyser,hyser_subject_logo|subject04,set_acsa_tau_0.05,subject04,session1,session1,0.5267326732673268,0.5292156862745098,0.5171242486706356,0.5171242486706356,0.5851920050664241,1.6198955374093198,0.0786038218921769,0.20363791555327762,0.20363791555327762,0.01881188118811881,0.01881188118811881,0.0006276437258550783,600.0,1010,1010,hyser_subject_logo
hyser,hyser_subject_logo|subject04,agency_margin_tau_0.05,subject04,session1,session1,0.5277227722772277,0.5301960784313726,0.5187210489601372,0.5187210489601372,0.586366886715705,2.1690977161432707,0.08155357562301001,0.20347803769927214,0.20347803769927214,0.02574257425742574,0.02574257425742574,0.0008108407886139253,600.0,1010,1010,hyser_subject_logo
hyser,hyser_subject_logo|subject04,set_acsa_tau_0.10,subject04,session1,session1,0.5376237623762377,0.54,0.5296907092745768,0.5296907092745768,0.578926379061914,1.592750519601646,0.07967971225757119,0.19883184558654193,0.19883184558654193,0.048514851485148516,0.048514851485148516,0.0028121323800800566,600.0,1010,1010,hyser_subject_logo
hyser,hyser_subject_logo|subject04,agency_margin_tau_0.10,subject04,session1,session1,0.5405940594059406,0.5429411764705883,0.5339950876359217,0.5339950876359217,0.5757304579832367,2.1371974589543017,0.07209801946051449,0.19874110620473995,0.19874110620473995,0.054455445544554455,0.054455445544554455,0.003064022749017319,600.0,1010,1010,hyser_subject_logo
hyser,hyser_subject_logo|subject04,set_acsa_tau_0.15,subject04,session1,session1,0.5485148514851486,0.5507843137254902,0.5427792317719755,0.5427792317719755,0.5732584064121977,1.5664997782659296,0.07816011943266749,0.19596165327558798,0.19596165327558798,0.08613861386138613,0.08613861386138613,0.007720127109266409,600.0,1010,1010,hyser_subject_logo
hyser,hyser_subject_logo|subject04,agency_margin_tau_0.15,subject04,session1,session1,0.5485148514851486,0.5507843137254902,0.5435146352595642,0.5435146352595642,0.5723002168537719,2.0223509384011256,0.061276494401195425,0.19606667645698003,0.19606667645698003,0.08811881188118811,0.08811881188118811,0.007747722031837382,600.0,1010,1010,hyser_subject_logo
hyser,hyser_subject_logo|subject04,set_acsa_tau_0.20,subject04,session1,session1,0.5584158415841585,0.5605882352941175,0.5523175609802601,0.5523175609802601,0.5663139339772204,1.5389290406028289,0.08266888046923077,0.1918771379782114,0.1918771379782114,0.11485148514851486,0.11485148514851486,0.012636641810553887,600.0,1010,1010,hyser_subject_logo
hyser,hyser_subject_logo|subject04,agency_margin_tau_0.20,subject04,session1,session1,0.5584158415841585,0.5605882352941175,0.5523175609802601,0.5523175609802601,0.5658430101930672,1.8194918811477443,0.054520742646509926,0.1918771379782114,0.1918771379782114,0.11485148514851486,0.11485148514851486,0.012636641810553887,600.0,1010,1010,hyser_subject_logo
hyser,hyser_subject_logo|subject04,user_only,subject04,session2,session2,0.4294117647058823,0.4294117647058824,0.38320546439298603,0.38320546439298603,0.6898739317527376,1.8317705915971905,0.07580951204872008,0.33149503440186884,0.33149503440186884,0.0,0.0,0.0,600.0,1020,1020,hyser_subject_logo
hyser,hyser_subject_logo|subject04,assist_only,subject04,session2,session2,0.4950980392156863,0.49509803921568624,0.4717319133948229,0.4717319133948229,0.6949746615549892,1.7033276023630473,0.14234641022913316,0.363636427722391,0.363636427722391,0.5862745098039216,0.5862745098039216,0.1941958525241455,600.0,1020,1020,hyser_subject_logo
hyser,hyser_subject_logo|subject04,confidence_blend_alpha_0.25,subject04,session2,session2,0.45098039215686275,0.45098039215686275,0.4012125587692948,0.4012125587692948,0.6528841659730803,1.629578277922908,0.05816338938352074,0.298981443172433,0.298981443172433,0.0696078431372549,0.0696078431372549,0.003246464905174235,600.0,1020,1020,hyser_subject_logo
hyser,hyser_subject_logo|subject04,confidence_blend_alpha_0.50,subject04,session2,session2,0.4950980392156863,0.49509803921568624,0.4604036937740849,0.4604036937740849,0.6414043656802269,1.5805466815842788,0.11928655992368246,0.2748046949132317,0.2748046949132317,0.20980392156862746,0.20980392156862746,0.030811539629010433,600.0,1020,1020,hyser_subject_logo
hyser,hyser_subject_logo|subject04,confidence_blend_alpha_0.75,subject04,session2,session2,0.5235294117647059,0.5235294117647059,0.4984499637607301,0.4984499637607301,0.6554345308741776,1.5964263280389723,0.17435583887075137,0.2958690453443428,0.2958690453443428,0.4215686274509804,0.4215686274509804,0.10880899459540444,600.0,1020,1020,hyser_subject_logo
hyser,hyser_subject_logo|subject04,selective_prediction,subject04,session2,session2,0.43366013071895426,0.43366013071895426,0.38699870191777974,0.38699870191777974,0.6828551865661354,1.8098611756834917,0.08395434768943974,0.32024065492223003,0.32024065492223003,0.010130718954248366,0.010130718954248366,0.002481642023212646,600.0,3060,3060,hyser_subject_logo
hyser,hyser_subject_logo|subject04,set_acsa_tau_0.02,subject04,session2,session2,0.4303921568627451,0.43039215686274507,0.3832220513038633,0.3832220513038633,0.681822782957223,1.7979272787611411,0.09522270704162318,0.3184931921259583,0.3184931921259583,0.00784313725490196,0.00784313725490196,8.09325016861972e-05,600.0,1020,1020,hyser_subject_logo
hyser,hyser_subject_logo|subject04,agency_margin_tau_0.02,subject04,session2,session2,0.43137254901960786,0.43137254901960786,0.38391918890854404,0.38391918890854404,0.7390191021830086,3.7364209477668853,0.15402915743681894,0.318442717398219,0.318442717398219,0.011764705882352941,0.011764705882352941,0.00012434886092779513,600.0,1020,1020,hyser_subject_logo
hyser,hyser_subject_logo|subject04,set_acsa_tau_0.05,subject04,session2,session2,0.43823529411764706,0.4382352941176471,0.3907478886360686,0.3907478886360686,0.6785005075968821,1.7874307123824358,0.09095516917550678,0.3144531813263353,0.3144531813263353,0.021568627450980392,0.021568627450980392,0.0005418838065079046,600.0,1020,1020,hyser_subject_logo
hyser,hyser_subject_logo|subject04,agency_margin_tau_0.05,subject04,session2,session2,0.4392156862745098,0.43921568627450985,0.39182452579068927,0.39182452579068927,0.7331391838073035,3.716904752685169,0.14465937392375505,0.31446155263967385,0.31446155263967385,0.028431372549019607,0.028431372549019607,0.0007189766727974266,600.0,1020,1020,hyser_subject_logo
hyser,hyser_subject_logo|subject04,set_acsa_tau_0.10,subject04,session2,session2,0.44509803921568625,0.4450980392156863,0.3969861485488132,0.3969861485488132,0.674252216701241,1.7684531536622359,0.08901174041341207,0.3102465683060295,0.3102465683060295,0.04607843137254902,0.04607843137254902,0.0024675894410176803,600.0,1020,1020,hyser_subject_logo
hyser,hyser_subject_logo|subject04,agency_margin_tau_0.10,subject04,session2,session2,0.4470588235294118,0.4470588235294118,0.3989080703357594,0.3989080703357594,0.717114179414064,3.4946531077259886,0.13343334209731356,0.31045817225753225,0.31045817225753225,0.052941176470588235,0.052941176470588235,0.002866516734890402,600.0,1020,1020,hyser_subject_logo
hyser,hyser_subject_logo|subject04,set_acsa_tau_0.15,subject04,session2,session2,0.45588235294117646,0.4558823529411765,0.40979343242599325,0.40979343242599325,0.6684112654030658,1.736473599728822,0.08359054821863973,0.3057080059032757,0.3057080059032757,0.08529411764705883,0.08529411764705883,0.007249998873577038,600.0,1020,1020,hyser_subject_logo
hyser,hyser_subject_logo|subject04,agency_margin_tau_0.15,subject04,session2,session2,0.45588235294117646,0.4558823529411765,0.409737182724765,0.409737182724765,0.7039177763358017,3.1908907633954633,0.12459668527388824,0.30607074683204966,0.30607074683204966,0.08725490196078431,0.08725490196078431,0.007336238180219205,600.0,1020,1020,hyser_subject_logo
hyser,hyser_subject_logo|subject04,set_acsa_tau_0.20,subject04,session2,session2,0.4647058823529412,0.4647058823529412,0.42409639072390043,0.42409639072390043,0.6627493130861438,1.706425628411991,0.07864221100870061,0.30304338059415314,0.30304338059415314,0.11960784313725491,0.11960784313725491,0.013188403376556735,600.0,1020,1020,hyser_subject_logo
hyser,hyser_subject_logo|subject04,agency_margin_tau_0.20,subject04,session2,session2,0.46372549019607845,0.46372549019607845,0.42336018784114815,0.42336018784114815,0.6889143881040922,2.792881269406531,0.10953522105640318,0.3034522490438127,0.3034522490438127,0.11960784313725491,0.11960784313725491,0.013167426950611075,600.0,1020,1020,hyser_subject_logo
hyser,hyser_subject_logo|subject05,user_only,subject05,session1,session1,0.23487179487179488,0.22754901960784313,0.18190147893230704,0.18190147893230704,0.9147357099050402,2.748054503705525,0.20820242153737267,0.5889209506110991,0.5889209506110991,0.0,0.0,0.0,600.0,975,975,hyser_subject_logo
hyser,hyser_subject_logo|subject05,assist_only,subject05,session1,session1,0.28512820512820514,0.2751960784313725,0.24181345798683532,0.24181345798683532,0.8504731090394715,2.622322709458162,0.04892695373344306,0.52570854704592,0.52570854704592,0.6933333333333334,0.6933333333333334,0.2240949979952889,600.0,975,975,hyser_subject_logo
hyser,hyser_subject_logo|subject05,confidence_blend_alpha_0.25,subject05,session1,session1,0.24205128205128204,0.23441176470588235,0.18909465794741234,0.18909465794741234,0.862850192241503,2.5499117163278107,0.16181138626650685,0.5505400027728502,0.5505400027728502,0.04923076923076923,0.04923076923076923,0.0015167936897965487,600.0,975,975,hyser_subject_logo
hyser,hyser_subject_logo|subject05,confidence_blend_alpha_0.50,subject05,session1,session1,0.25743589743589745,0.2491176470588235,0.20303600664169189,0.20303600664169189,0.8348445862093841,2.491008117872295,0.11482158652287548,0.5162303046987214,0.5162303046987214,0.18153846153846154,0.18153846153846154,0.02126012729398917,600.0,975,975,hyser_subject_logo
hyser,hyser_subject_logo|subject05,confidence_blend_alpha_0.75,subject05,session1,session1,0.2841025641025641,0.27411764705882347,0.22921332161626284,0.22921332161626284,0.8307188918086832,2.4960458231093754,0.0751048718803887,0.48502597400122693,0.48502597400122693,0.48102564102564105,0.48102564102564105,0.1282846505393716,600.0,975,975,hyser_subject_logo
hyser,hyser_subject_logo|subject05,selective_prediction,subject05,session1,session1,0.23555555555555555,0.22820261437908496,0.18229259735860565,0.18229259735860565,0.913237123974606,2.7448335953332457,0.20889710455052127,0.5841330521068978,0.5841330521068978,0.0006837606837606838,0.0006837606837606838,0.00014144848826538406,600.0,2925,2925,hyser_subject_logo
hyser,hyser_subject_logo|subject05,set_acsa_tau_0.02,subject05,session1,session1,0.2358974358974359,0.22852941176470587,0.18189482108822427,0.18189482108822427,0.9118686641023989,2.7437449065279123,0.2134575549945384,0.5766353022171082,0.5766353022171082,0.0071794871794871795,0.0071794871794871795,7.798274028601469e-05,600.0,975,975,hyser_subject_logo
hyser,hyser_subject_logo|subject05,agency_margin_tau_0.02,subject05,session1,session1,0.2358974358974359,0.22852941176470587,0.18195411900093775,0.18195411900093775,0.9280887836172921,3.477179648380594,0.24635476152972913,0.5766394869161868,0.5766394869161868,0.008205128205128205,0.008205128205128205,8.154367904626917e-05,600.0,975,975,hyser_subject_logo
hyser,hyser_subject_logo|subject05,set_acsa_tau_0.05,subject05,session1,session1,0.2358974358974359,0.22852941176470587,0.18158439999991033,0.18158439999991033,0.9114150798588627,2.7435684244070067,0.21445374479467127,0.5752958345175406,0.5752958345175406,0.018461538461538463,0.018461538461538463,0.0005044668845531244,600.0,975,975,hyser_subject_logo
hyser,hyser_subject_logo|subject05,agency_margin_tau_0.05,subject05,session1,session1,0.2358974358974359,0.22852941176470587,0.18142701263024677,0.18142701263024677,0.9252093663064695,3.515626784591653,0.24814958579552476,0.57529942222479,0.57529942222479,0.019487179487179488,0.019487179487179488,0.0005522627663791061,600.0,975,975,hyser_subject_logo
hyser,hyser_subject_logo|subject05,set_acsa_tau_0.10,subject05,session1,session1,0.24,0.23245098039215686,0.18367524981020575,0.18367524981020575,0.9102036278084368,2.765958038708447,0.21147691012235437,0.573927886889778,0.573927886889778,0.03282051282051282,0.03282051282051282,0.0015587930862235807,600.0,975,975,hyser_subject_logo
hyser,hyser_subject_logo|subject05,agency_margin_tau_0.10,subject05,session1,session1,0.23897435897435898,0.23147058823529412,0.18234171901246643,0.18234171901246643,0.9227856609943018,3.5864524057042626,0.24457017290931007,0.5740126402664448,0.5740126402664448,0.03794871794871795,0.03794871794871795,0.0019061540400573567,600.0,975,975,hyser_subject_logo
hyser,hyser_subject_logo|subject05,set_acsa_tau_0.15,subject05,session1,session1,0.24102564102564103,0.2334313725490196,0.18389296050368545,0.18389296050368545,0.9095801726583164,2.7609204882618186,0.21217202954672137,0.5735290030356777,0.5735290030356777,0.06256410256410257,0.06256410256410257,0.005301126280341983,600.0,975,975,hyser_subject_logo
hyser,hyser_subject_logo|subject05,agency_margin_tau_0.15,subject05,session1,session1,0.24102564102564103,0.2334313725490196,0.18313107121565825,0.18313107121565825,0.9174569954212377,3.544931870374451,0.24317414079240307,0.5733236937551007,0.5733236937551007,0.06461538461538462,0.06461538461538462,0.005513857242823733,600.0,975,975,hyser_subject_logo
hyser,hyser_subject_logo|subject05,set_acsa_tau_0.20,subject05,session1,session1,0.24,0.23245098039215686,0.17988280800720105,0.17988280800720105,0.9098730793063841,2.763391632495163,0.2153228447118522,0.5735224009250514,0.5735224009250514,0.09230769230769231,0.09230769230769231,0.010623060375312769,600.0,975,975,hyser_subject_logo
hyser,hyser_subject_logo|subject05,agency_margin_tau_0.20,subject05,session1,session1,0.24,0.23245098039215686,0.18024837796399737,0.18024837796399737,0.9151131375219689,3.2784574395338524,0.24031851601833085,0.5735224009250514,0.5735224009250514,0.09230769230769231,0.09230769230769231,0.010616934102175377,600.0,975,975,hyser_subject_logo
hyser,hyser_subject_logo|subject05,user_only,subject05,session2,session2,0.11666666666666667,0.11666666666666667,0.09450932428817133,0.09450932428817133,1.049993976131037,3.7603852685318118,0.28966765138337586,0.814328602530892,0.814328602530892,0.0,0.0,0.0,600.0,1020,1020,hyser_subject_logo
hyser,hyser_subject_logo|subject05,assist_only,subject05,session2,session2,0.1450980392156863,0.1450980392156863,0.1231182223495846,0.1231182223495846,0.944239707150486,2.959613341796608,0.12764151129842471,0.8055083370087054,0.8055083370087054,0.788235294117647,0.788235294117647,0.2441880634082576,600.0,1020,1020,hyser_subject_logo
hyser,hyser_subject_logo|subject05,confidence_blend_alpha_0.25,subject05,session2,session2,0.1303921568627451,0.1303921568627451,0.10543053558728908,0.10543053558728908,0.9865936048437441,3.2439853597066324,0.2092307461576132,0.791375299901961,0.791375299901961,0.07058823529411765,0.07058823529411765,0.0025678590260244894,600.0,1020,1020,hyser_subject_logo
hyser,hyser_subject_logo|subject05,confidence_blend_alpha_0.50,subject05,session2,session2,0.153921568627451,0.15392156862745102,0.12411244803477507,0.12411244803477507,0.9478344362512698,3.056412104044997,0.13087607068991525,0.7704529679620082,0.7704529679620082,0.26176470588235295,0.26176470588235295,0.03626970127005845,600.0,1020,1020,hyser_subject_logo
hyser,hyser_subject_logo|subject05,confidence_blend_alpha_0.75,subject05,session2,session2,0.1480392156862745,0.1480392156862745,0.12365571256386157,0.12365571256386157,0.9337164703536142,2.9608230510272233,0.11101433376058246,0.7922932786522521,0.7922932786522521,0.5401960784313725,0.5401960784313725,0.1318517085364765,600.0,1020,1020,hyser_subject_logo
hyser,hyser_subject_logo|subject05,selective_prediction,subject05,session2,session2,0.11633986928104575,0.11633986928104575,0.09418657709206876,0.09418657709206876,1.0508344744113962,3.7575178064282952,0.2911648671743839,0.8154687775525497,0.8154687775525497,0.00392156862745098,0.00392156862745098,0.0010521077638106981,600.0,3060,3060,hyser_subject_logo
hyser,hyser_subject_logo|subject05,set_acsa_tau_0.02,subject05,session2,session2,0.11666666666666667,0.11666666666666667,0.09503514829623544,0.09503514829623544,1.0513867989994539,3.755580797410736,0.29365652684383875,0.8129313304084046,0.8129313304084046,0.012745098039215686,0.012745098039215686,0.00017012985329009763,600.0,1020,1020,hyser_subject_logo
hyser,hyser_subject_logo|subject05,agency_margin_tau_0.02,subject05,session2,session2,0.11666666666666667,0.11666666666666667,0.09502311440138206,0.09502311440138206,1.0785846720799497,4.603758561524655,0.3227300057775828,0.8128293796811483,0.8128293796811483,0.013725490196078431,0.013725490196078431,0.00018569227852323447,600.0,1020,1020,hyser_subject_logo
hyser,hyser_subject_logo|subject05,set_acsa_tau_0.05,subject05,session2,session2,0.12156862745098039,0.1215686274509804,0.09884588550441856,0.09884588550441856,1.0506776286592903,3.7512464278134408,0.2908403102335601,0.8103792605053485,0.8103792605053485,0.026470588235294117,0.026470588235294117,0.0006688735275104174,600.0,1020,1020,hyser_subject_logo
hyser,hyser_subject_logo|subject05,agency_margin_tau_0.05,subject05,session2,session2,0.12156862745098039,0.1215686274509804,0.09878689613892992,0.09878689613892992,1.076619236417297,4.734163969970888,0.324469848646692,0.8103095329080419,0.8103095329080419,0.029411764705882353,0.029411764705882353,0.0007489108250490967,600.0,1020,1020,hyser_subject_logo
hyser,hyser_subject_logo|subject05,set_acsa_tau_0.10,subject05,session2,session2,0.12549019607843137,0.12549019607843137,0.1009279851044499,0.1009279851044499,1.0490643025823962,3.7439691435923517,0.2894930201599483,0.8071819157664015,0.8071819157664015,0.049019607843137254,0.049019607843137254,0.002338665352416337,600.0,1020,1020,hyser_subject_logo
hyser,hyser_subject_logo|subject05,agency_margin_tau_0.10,subject05,session2,session2,0.1264705882352941,0.1264705882352941,0.10128026479365652,0.10128026479365652,1.0672892700226173,4.65902680228125,0.3201235026805535,0.8069544352291788,0.8069544352291788,0.054901960784313725,0.054901960784313725,0.0027254725340213693,600.0,1020,1020,hyser_subject_logo
hyser,hyser_subject_logo|subject05,set_acsa_tau_0.15,subject05,session2,session2,0.1303921568627451,0.1303921568627451,0.1047740217346604,0.1047740217346604,1.048816393919104,3.735053925030528,0.28733123242144654,0.8055087320300043,0.8055087320300043,0.0803921568627451,0.0803921568627451,0.006367370140777419,600.0,1020,1020,hyser_subject_logo
hyser,hyser_subject_logo|subject05,agency_margin_tau_0.15,subject05,session2,session2,0.13137254901960785,0.13137254901960785,0.10532621330651064,0.10532621330651064,1.0613088187153759,4.5684071650730855,0.31483119092454215,0.8052871164971128,0.8052871164971128,0.08333333333333333,0.08333333333333333,0.006668182019364909,600.0,1020,1020,hyser_subject_logo
hyser,hyser_subject_logo|subject05,set_acsa_tau_0.20,subject05,session2,session2,0.13431372549019607,0.13431372549019607,0.10887720496323802,0.10887720496323802,1.047290710052289,3.7146140574733906,0.28597497543733486,0.8042952239201193,0.8042952239201193,0.10882352941176471,0.10882352941176471,0.011279482835479466,600.0,1020,1020,hyser_subject_logo
hyser,hyser_subject_logo|subject05,agency_margin_tau_0.20,subject05,session2,session2,0.13529411764705881,0.13529411764705881,0.10942750290779152,0.10942750290779152,1.0555151299115015,4.412390556968509,0.306499918037752,0.8040898521402898,0.8040898521402898,0.11176470588235295,0.11176470588235295,0.011580294714066956,600.0,1020,1020,hyser_subject_logo
hyser,hyser_subject_logo|subject06,user_only,subject06,session1,session1,0.396078431372549,0.396078431372549,0.35584583919344465,0.35584583919344465,0.7582984597049542,2.113997791672137,0.07418884682133683,0.4278561429139521,0.4278561429139521,0.0,0.0,0.0,600.0,1020,1020,hyser_subject_logo
hyser,hyser_subject_logo|subject06,assist_only,subject06,session1,session1,0.2656862745098039,0.2656862745098039,0.23132022262556926,0.23132022262556926,0.8410038314340706,2.4855965035636207,0.05396824699060499,0.602526317673564,0.602526317673564,0.638235294117647,0.638235294117647,0.21490081983570977,600.0,1020,1020,hyser_subject_logo
hyser,hyser_subject_logo|subject06,confidence_blend_alpha_0.25,subject06,session1,session1,0.4068627450980392,0.40686274509803916,0.3696901119183642,0.3696901119183642,0.7433687605870871,2.0219868942255323,0.02999604135662171,0.4092925747684491,0.4092925747684491,0.05588235294117647,0.05588235294117647,0.002334407527096383,600.0,1020,1020,hyser_subject_logo
hyser,hyser_subject_logo|subject06,confidence_blend_alpha_0.50,subject06,session1,session1,0.4088235294117647,0.40882352941176475,0.3755740711783577,0.3755740711783577,0.7521764228359911,2.055123790890427,0.07960443216945749,0.4061335696498521,0.4061335696498521,0.16470588235294117,0.16470588235294117,0.01814415728083055,600.0,1020,1020,hyser_subject_logo
hyser,hyser_subject_logo|subject06,confidence_blend_alpha_0.75,subject06,session1,session1,0.36764705882352944,0.36764705882352944,0.33781035754845185,0.33781035754845185,0.7847214464516666,2.1636855494156984,0.08979095472215518,0.46870069686410015,0.46870069686410015,0.36470588235294116,0.36470588235294116,0.08045487566980208,600.0,1020,1020,hyser_subject_logo
hyser,hyser_subject_logo|subject06,selective_prediction,subject06,session1,session1,0.39509803921568626,0.39509803921568626,0.35455962367069743,0.35455962367069743,0.7592759067009428,2.115987456180889,0.07732457809779217,0.42764070842612556,0.42764070842612556,0.00392156862745098,0.00392156862745098,0.0007433940681653784,600.0,3060,3060,hyser_subject_logo
hyser,hyser_subject_logo|subject06,set_acsa_tau_0.02,subject06,session1,session1,0.396078431372549,0.396078431372549,0.35581050997570296,0.35581050997570296,0.7575672828671466,2.120750988363863,0.08152219544108369,0.4227143838993082,0.4227143838993082,0.004901960784313725,0.004901960784313725,4.4623222903325676e-05,600.0,1020,1020,hyser_subject_logo
hyser,hyser_subject_logo|subject06,agency_margin_tau_0.02,subject06,session1,session1,0.396078431372549,0.396078431372549,0.35581050997570296,0.35581050997570296,0.7726982130712743,2.7368372974257675,0.10963247913592411,0.4227229579503293,0.4227229579503293,0.004901960784313725,0.004901960784313725,4.4623222903325676e-05,600.0,1020,1020,hyser_subject_logo
hyser,hyser_subject_logo|subject06,set_acsa_tau_0.05,subject06,session1,session1,0.39705882352941174,0.39705882352941174,0.35728682974519965,0.35728682974519965,0.7590122236945718,2.1248026960185715,0.08156297922224778,0.42371897213667076,0.42371897213667076,0.01568627450980392,0.01568627450980392,0.0004213692394030229,600.0,1020,1020,hyser_subject_logo
hyser,hyser_subject_logo|subject06,agency_margin_tau_0.05,subject06,session1,session1,0.3980392156862745,0.3980392156862745,0.3579088534009952,0.3579088534009952,0.7749848434304408,2.8257301508367636,0.10889729522911916,0.42363739948049306,0.42363739948049306,0.01764705882352941,0.01764705882352941,0.0004908303250357403,600.0,1020,1020,hyser_subject_logo
hyser,hyser_subject_logo|subject06,set_acsa_tau_0.10,subject06,session1,session1,0.4,0.39999999999999997,0.3633398100396127,0.3633398100396127,0.7582564904264087,2.121353709302012,0.08084030862412825,0.4223768733669455,0.4223768733669455,0.030392156862745098,0.030392156862745098,0.0015264040731567622,600.0,1020,1020,hyser_subject_logo
hyser,hyser_subject_logo|subject06,agency_margin_tau_0.10,subject06,session1,session1,0.40098039215686276,0.4009803921568627,0.36386963527836597,0.36386963527836597,0.7719159282670661,2.7688640142231606,0.1070261028290287,0.42226927166435346,0.42226927166435346,0.03137254901960784,0.03137254901960784,0.0015547559267851034,600.0,1020,1020,hyser_subject_logo
hyser,hyser_subject_logo|subject06,set_acsa_tau_0.15,subject06,session1,session1,0.3980392156862745,0.3980392156862745,0.36108445001375333,0.36108445001375333,0.7596936510487611,2.1258847926513447,0.08677368586303857,0.4230105742414098,0.4230105742414098,0.05,0.05,0.0039016644028589146,600.0,1020,1020,hyser_subject_logo
hyser,hyser_subject_logo|subject06,agency_margin_tau_0.15,subject06,session1,session1,0.3980392156862745,0.3980392156862745,0.36108445001375333,0.36108445001375333,0.7720683367330079,2.6757640963901355,0.11328197722032586,0.4230105742414098,0.4230105742414098,0.05,0.05,0.0039016644028589146,600.0,1020,1020,hyser_subject_logo
hyser,hyser_subject_logo|subject06,set_acsa_tau_0.20,subject06,session1,session1,0.3990196078431373,0.3990196078431372,0.36237864634273287,0.36237864634273287,0.7603540568721416,2.126899765644127,0.08676739903019265,0.42337478449061555,0.42337478449061555,0.06274509803921569,0.06274509803921569,0.0060398707878851505,600.0,1020,1020,hyser_subject_logo
hyser,hyser_subject_logo|subject06,agency_margin_tau_0.20,subject06,session1,session1,0.3990196078431373,0.3990196078431372,0.36237864634273287,0.36237864634273287,0.7683729616347121,2.561663222375002,0.10927439201364147,0.42337478449061555,0.42337478449061555,0.06274509803921569,0.06274509803921569,0.0060398707878851505,600.0,1020,1020,hyser_subject_logo
hyser,hyser_subject_logo|subject06,user_only,subject06,session2,session2,0.40298507462686567,0.39705882352941174,0.3635329628491817,0.3635329628491817,0.7654488575900118,2.1164052770665105,0.06597890849515248,0.43909051423340617,0.43909051423340617,0.0,0.0,0.0,600.0,1005,1005,hyser_subject_logo
hyser,hyser_subject_logo|subject06,assist_only,subject06,session2,session2,0.3373134328358209,0.3323529411764706,0.30223005664917896,0.30223005664917896,0.8036554963312516,2.2708596248847197,0.08167883889691857,0.4814453776725633,0.4814453776725633,0.709452736318408,0.709452736318408,0.26041917383973906,600.0,1005,1005,hyser_subject_logo
hyser,hyser_subject_logo|subject06,confidence_blend_alpha_0.25,subject06,session2,session2,0.41393034825870645,0.4078431372549019,0.3755192509157477,0.3755192509157477,0.734367334619378,1.9630855071672957,0.05517750986414424,0.4112056545468826,0.4112056545468826,0.050746268656716415,0.050746268656716415,0.00197909741271077,600.0,1005,1005,hyser_subject_logo
hyser,hyser_subject_logo|subject06,confidence_blend_alpha_0.50,subject06,session2,session2,0.45174129353233833,0.44509803921568625,0.41568356974547976,0.41568356974547976,0.7303746000859798,1.9602716435272904,0.14045674336604733,0.36589789256955757,0.36589789256955757,0.17114427860696518,0.17114427860696518,0.021667743966585277,600.0,1005,1005,hyser_subject_logo
hyser,hyser_subject_logo|subject06,confidence_blend_alpha_0.75,subject06,session2,session2,0.4487562189054726,0.442156862745098,0.41544345398431026,0.41544345398431026,0.7534706539898166,2.0359216905571165,0.18523378582932862,0.35213636302308965,0.35213636302308965,0.41393034825870645,0.41393034825870645,0.10167235595622731,600.0,1005,1005,hyser_subject_logo
hyser,hyser_subject_logo|subject06,selective_prediction,subject06,session2,session2,0.40630182421227196,0.4003267973856209,0.3677047922139657,0.3677047922139657,0.762406535018234,2.11085573019823,0.06304883161263804,0.4336145310091617,0.4336145310091617,0.003316749585406302,0.003316749585406302,0.0008410534155672868,600.0,3015,3015,hyser_subject_logo
hyser,hyser_subject_logo|subject06,set_acsa_tau_0.02,subject06,session2,session2,0.4009950248756219,0.39509803921568626,0.36137048448490605,0.36137048448490605,0.7630682063778423,2.104588241514114,0.06523771921049411,0.4358763204427985,0.4358763204427985,0.004975124378109453,0.004975124378109453,5.4511970149438866e-05,600.0,1005,1005,hyser_subject_logo
hyser,hyser_subject_logo|subject06,agency_margin_tau_0.02,subject06,session2,session2,0.4009950248756219,0.39509803921568626,0.36137048448490605,0.36137048448490605,0.7750086805030202,2.652169225617721,0.09054492154341329,0.4358763204427985,0.4358763204427985,0.004975124378109453,0.004975124378109453,5.4511970149438866e-05,600.0,1005,1005,hyser_subject_logo
hyser,hyser_subject_logo|subject06,set_acsa_tau_0.05,subject06,session2,session2,0.4009950248756219,0.39509803921568626,0.36115150704633203,0.36115150704633203,0.7632845322646549,2.1072371010456745,0.06585187522018109,0.4351577973230971,0.4351577973230971,0.010945273631840797,0.010945273631840797,0.0002712493817605749,600.0,1005,1005,hyser_subject_logo
hyser,hyser_subject_logo|subject06,agency_margin_tau_0.05,subject06,session2,session2,0.4009950248756219,0.39509803921568626,0.3612463235969112,0.3612463235969112,0.7740968150839276,2.6454428984139042,0.09327311212542447,0.43517745754161,0.43517745754161,0.012935323383084577,0.012935323383084577,0.0003406921505042106,600.0,1005,1005,hyser_subject_logo
hyser,hyser_subject_logo|subject06,set_acsa_tau_0.10,subject06,session2,session2,0.40497512437810945,0.3990196078431372,0.3655564060134455,0.3655564060134455,0.762125677181717,2.104132616280093,0.06538354566328859,0.43399958430126506,0.43399958430126506,0.027860696517412936,0.027860696517412936,0.0016287553400057867,600.0,1005,1005,hyser_subject_logo
hyser,hyser_subject_logo|subject06,agency_margin_tau_0.10,subject06,session2,session2,0.40497512437810945,0.3990196078431372,0.3656718000136525,0.3656718000136525,0.7720929112499184,2.6110393447409717,0.08950884275182378,0.4340466744212072,0.4340466744212072,0.029850746268656716,0.029850746268656716,0.0017498968083565422,600.0,1005,1005,hyser_subject_logo
hyser,hyser_subject_logo|subject06,set_acsa_tau_0.15,subject06,session2,session2,0.41691542288557215,0.4107843137254902,0.3798002607678685,0.3798002607678685,0.7568113267559005,2.0812117067203526,0.05911583256078712,0.42908353459528126,0.42908353459528126,0.051741293532338306,0.051741293532338306,0.004549513142684775,600.0,1005,1005,hyser_subject_logo
hyser,hyser_subject_logo|subject06,agency_margin_tau_0.15,subject06,session2,session2,0.41691542288557215,0.4107843137254902,0.379699544805808,0.379699544805808,0.7648325807746458,2.6626696735363127,0.08040646233072368,0.4291064758279313,0.4291064758279313,0.0527363184079602,0.0527363184079602,0.004584078874826475,600.0,1005,1005,hyser_subject_logo
hyser,hyser_subject_logo|subject06,set_acsa_tau_0.20,subject06,session2,session2,0.4228855721393035,0.41666666666666663,0.3869291670116915,0.3869291670116915,0.7533254580278717,2.0636366305064686,0.057812770034640894,0.42642306837680066,0.42642306837680066,0.06467661691542288,0.06467661691542288,0.006844934779040524,600.0,1005,1005,hyser_subject_logo
hyser,hyser_subject_logo|subject06,agency_margin_tau_0.20,subject06,session2,session2,0.4228855721393035,0.41666666666666663,0.3868187559837475,0.3868187559837475,0.7576653221083972,2.5265198179106205,0.07160050282937314,0.42644585807310437,0.42644585807310437,0.06567164179104477,0.06567164179104477,0.006879500511182225,600.0,1005,1005,hyser_subject_logo
hyser,hyser_subject_logo|subject07,user_only,subject07,session1,session1,0.3872549019607843,0.38725490196078427,0.36538104547220956,0.36538104547220956,0.7216244581707935,2.034517547319797,0.06658882564505693,0.3758359647103926,0.3758359647103926,0.0,0.0,0.0,600.0,1020,1020,hyser_subject_logo
hyser,hyser_subject_logo|subject07,assist_only,subject07,session1,session1,0.3196078431372549,0.31960784313725493,0.2900343992188668,0.2900343992188668,0.7894921549903537,2.1874510355251306,0.05864046820368877,0.49696085904523873,0.49696085904523873,0.6460784313725491,0.6460784313725491,0.17223514889502287,600.0,1020,1020,hyser_subject_logo
hyser,hyser_subject_logo|subject07,confidence_blend_alpha_0.25,subject07,session1,session1,0.3892156862745098,0.3892156862745098,0.3674098057395134,0.3674098057395134,0.7113328150802032,1.9437314967907902,0.06122995958216005,0.3661398541496794,0.3661398541496794,0.07058823529411765,0.07058823529411765,0.002791741393346957,600.0,1020,1020,hyser_subject_logo
hyser,hyser_subject_logo|subject07,confidence_blend_alpha_0.50,subject07,session1,session1,0.4176470588235294,0.41764705882352937,0.3950362865102263,0.3950362865102263,0.7192135501865771,1.954061406563799,0.0901912626137622,0.35598109167847286,0.35598109167847286,0.21764705882352942,0.21764705882352942,0.022348694611188227,600.0,1020,1020,hyser_subject_logo
hyser,hyser_subject_logo|subject07,confidence_blend_alpha_0.75,subject07,session1,session1,0.3990196078431373,0.3990196078431372,0.37225517299188654,0.37225517299188654,0.7452666634899151,2.0221116046563514,0.10381220725174534,0.3961987836791345,0.3961987836791345,0.4284313725490196,0.4284313725490196,0.07719892080643176,600.0,1020,1020,hyser_subject_logo
hyser,hyser_subject_logo|subject07,selective_prediction,subject07,session1,session1,0.3872549019607843,0.38725490196078427,0.36641479972075824,0.36641479972075824,0.7267663154894142,2.0469477242435845,0.06577684765920108,0.37945236366239804,0.37945236366239804,0.009150326797385621,0.009150326797385621,0.0013902152180805536,600.0,3060,3060,hyser_subject_logo
hyser,hyser_subject_logo|subject07,set_acsa_tau_0.02,subject07,session1,session1,0.38823529411764707,0.388235294117647,0.3645849661862868,0.3645849661862868,0.7295787226073522,2.0458146559934414,0.06798895073635193,0.3782336206595976,0.3782336206595976,0.011764705882352941,0.011764705882352941,0.00013584891137384617,600.0,1020,1020,hyser_subject_logo
hyser,hyser_subject_logo|subject07,agency_margin_tau_0.02,subject07,session1,session1,0.38823529411764707,0.388235294117647,0.36450195413368813,0.36450195413368813,0.7534318059185529,3.0119878060810645,0.1017941039042399,0.3781525739764899,0.3781525739764899,0.013725490196078431,0.013725490196078431,0.0001693740325482245,600.0,1020,1020,hyser_subject_logo
hyser,hyser_subject_logo|subject07,set_acsa_tau_0.05,subject07,session1,session1,0.39215686274509803,0.392156862745098,0.3693504972645288,0.3693504972645288,0.7285021363903565,2.046127935003685,0.0656881857862006,0.3743569146474266,0.3743569146474266,0.020588235294117647,0.020588235294117647,0.00043224305337153686,600.0,1020,1020,hyser_subject_logo
hyser,hyser_subject_logo|subject07,agency_margin_tau_0.05,subject07,session1,session1,0.39215686274509803,0.392156862745098,0.3695639318853368,0.3695639318853368,0.7484501708594193,2.9292115381108177,0.09679676547646932,0.3742750646414721,0.3742750646414721,0.024509803921568627,0.024509803921568627,0.000538208156199713,600.0,1020,1020,hyser_subject_logo
hyser,hyser_subject_logo|subject07,set_acsa_tau_0.10,subject07,session1,session1,0.3911764705882353,0.3911764705882353,0.3666080806367896,0.3666080806367896,0.730875735169691,2.0526454753341246,0.06867878650347865,0.3754316565709031,0.3754316565709031,0.06274509803921569,0.06274509803921569,0.003486743424096036,600.0,1020,1020,hyser_subject_logo
hyser,hyser_subject_logo|subject07,agency_margin_tau_0.10,subject07,session1,session1,0.3911764705882353,0.3911764705882353,0.3666080806367896,0.3666080806367896,0.7493083575588625,2.9706135677941563,0.10143375059765108,0.3753424221014655,0.3753424221014655,0.06274509803921569,0.06274509803921569,0.003486743424096036,600.0,1020,1020,hyser_subject_logo
hyser,hyser_subject_logo|subject07,set_acsa_tau_0.15,subject07,session1,session1,0.3911764705882353,0.3911764705882353,0.36747638030535634,0.36747638030535634,0.733103580889822,2.0358229401750587,0.06965751128198253,0.3813709270156895,0.3813709270156895,0.10294117647058823,0.10294117647058823,0.008410868296629678,600.0,1020,1020,hyser_subject_logo
hyser,hyser_subject_logo|subject07,agency_margin_tau_0.15,subject07,session1,session1,0.3911764705882353,0.3911764705882353,0.36747638030535634,0.36747638030535634,0.7489600987891979,2.669863990602321,0.09970211647774971,0.381356594006974,0.381356594006974,0.10294117647058823,0.10294117647058823,0.008410868296629678,600.0,1020,1020,hyser_subject_logo
hyser,hyser_subject_logo|subject07,set_acsa_tau_0.20,subject07,session1,session1,0.3911764705882353,0.3911764705882353,0.36781608439185226,0.36781608439185226,0.7327785145699942,2.024075306875081,0.07158623869538779,0.3819255541828842,0.3819255541828842,0.12058823529411765,0.12058823529411765,0.011510801679282461,600.0,1020,1020,hyser_subject_logo
hyser,hyser_subject_logo|subject07,agency_margin_tau_0.20,subject07,session1,session1,0.39215686274509803,0.39215686274509803,0.36916434384967906,0.36916434384967906,0.7404809349947351,2.320508984793209,0.09025301441547848,0.3817372460402444,0.3817372460402444,0.12156862745098039,0.12156862745098039,0.01170389619720847,600.0,1020,1020,hyser_subject_logo
hyser,hyser_subject_logo|subject07,user_only,subject07,session2,session2,0.41862745098039217,0.4186274509803921,0.38312728906749705,0.38312728906749705,0.7150596556352576,2.0388896939106256,0.04218390890034811,0.3550959166355044,0.3550959166355044,0.0,0.0,0.0,600.0,1020,1020,hyser_subject_logo
hyser,hyser_subject_logo|subject07,assist_only,subject07,session2,session2,0.3480392156862745,0.34803921568627455,0.3039574392753319,0.3039574392753319,0.8024248602326127,2.3520068261198834,0.09331664103263126,0.4547323426748771,0.4547323426748771,0.634313725490196,0.634313725490196,0.16825860921355892,600.0,1020,1020,hyser_subject_logo
hyser,hyser_subject_logo|subject07,confidence_blend_alpha_0.25,subject07,session2,session2,0.43137254901960786,0.4313725490196078,0.39257449769851727,0.39257449769851727,0.7089606856190084,2.0039106643136595,0.07311951547851894,0.3334976477494132,0.3334976477494132,0.07254901960784314,0.07254901960784314,0.0028764606018542764,600.0,1020,1020,hyser_subject_logo
hyser,hyser_subject_logo|subject07,confidence_blend_alpha_0.50,subject07,session2,session2,0.43529411764705883,0.43529411764705883,0.3935866867403905,0.3935866867403905,0.7214885630464406,2.0430147956156577,0.11780687179594951,0.3240141720021139,0.3240141720021139,0.1980392156862745,0.1980392156862745,0.01768885511447632,600.0,1020,1020,hyser_subject_logo
hyser,hyser_subject_logo|subject07,confidence_blend_alpha_0.75,subject07,session2,session2,0.4176470588235294,0.41764705882352937,0.37106687052865206,0.37106687052865206,0.7526432879175542,2.1391504034641615,0.13940423401012328,0.35809141145043805,0.35809141145043805,0.4147058823529412,0.4147058823529412,0.07301571367014877,600.0,1020,1020,hyser_subject_logo
hyser,hyser_subject_logo|subject07,selective_prediction,subject07,session2,session2,0.41535947712418303,0.415359477124183,0.3795512950939185,0.3795512950939185,0.7189812501223136,2.045877774132677,0.04167412728964804,0.3611798577838733,0.3611798577838733,0.004575163398692811,0.004575163398692811,0.0007367968036791232,600.0,3060,3060,hyser_subject_logo
hyser,hyser_subject_logo|subject07,set_acsa_tau_0.02,subject07,session2,session2,0.42058823529411765,0.4205882352941176,0.3850811505802583,0.3850811505802583,0.7149934872979617,2.0434041508260465,0.04476994533188901,0.35045739889117045,0.35045739889117045,0.004901960784313725,0.004901960784313725,3.874008697108321e-05,600.0,1020,1020,hyser_subject_logo
hyser,hyser_subject_logo|subject07,agency_margin_tau_0.02,subject07,session2,session2,0.42058823529411765,0.4205882352941176,0.3850811505802583,0.3850811505802583,0.7210262508013445,2.515159343190617,0.06910826891552635,0.35045739889117045,0.35045739889117045,0.004901960784313725,0.004901960784313725,3.874008697108321e-05,600.0,1020,1020,hyser_subject_logo
hyser,hyser_subject_logo|subject07,set_acsa_tau_0.05,subject07,session2,session2,0.42058823529411765,0.4205882352941176,0.386002645986122,0.386002645986122,0.7159677207145946,2.046780773492777,0.045585152175797734,0.3503817823582511,0.3503817823582511,0.020588235294117647,0.020588235294117647,0.0005632368120900567,600.0,1020,1020,hyser_subject_logo
hyser,hyser_subject_logo|subject07,agency_margin_tau_0.05,subject07,session2,session2,0.42254901960784313,0.4225490196078431,0.38806032869897145,0.38806032869897145,0.7216489298162003,2.599548127317646,0.07171698371633661,0.35028176898819474,0.35028176898819474,0.023529411764705882,0.023529411764705882,0.0006672653849712567,600.0,1020,1020,hyser_subject_logo
hyser,hyser_subject_logo|subject07,set_acsa_tau_0.10,subject07,session2,session2,0.42254901960784313,0.42254901960784313,0.38529287222218606,0.38529287222218606,0.7177066677029262,2.052237368980735,0.04414550182762727,0.3500511552324427,0.3500511552324427,0.060784313725490195,0.060784313725490195,0.0035323270636152255,600.0,1020,1020,hyser_subject_logo
hyser,hyser_subject_logo|subject07,agency_margin_tau_0.10,subject07,session2,session2,0.4235294117647059,0.4235294117647058,0.3858425939434981,0.3858425939434981,0.7219600030294091,2.5648329047907303,0.07288244308601231,0.34999470975194086,0.34999470975194086,0.06274509803921569,0.06274509803921569,0.003628644664153568,600.0,1020,1020,hyser_subject_logo
hyser,hyser_subject_logo|subject07,set_acsa_tau_0.15,subject07,session2,session2,0.4284313725490196,0.4284313725490196,0.39034515592487007,0.39034515592487007,0.7168945251615105,2.0605580984393344,0.042227022715148235,0.34578954877161383,0.34578954877161383,0.08529411764705883,0.08529411764705883,0.006557359111305847,600.0,1020,1020,hyser_subject_logo
hyser,hyser_subject_logo|subject07,agency_margin_tau_0.15,subject07,session2,session2,0.4284313725490196,0.4284313725490196,0.39041554857189903,0.39041554857189903,0.7163344234273443,2.4821809533411066,0.06755491733564821,0.3457948706193732,0.3457948706193732,0.08627450980392157,0.08627450980392157,0.00668263866985078,600.0,1020,1020,hyser_subject_logo
hyser,hyser_subject_logo|subject07,set_acsa_tau_0.20,subject07,session2,session2,0.4235294117647059,0.4235294117647058,0.3845231688057895,0.3845231688057895,0.7207956258988638,2.069627616029228,0.044032731818016424,0.35133216570529585,0.35133216570529585,0.10490196078431373,0.10490196078431373,0.009881266415598187,600.0,1020,1020,hyser_subject_logo
hyser,hyser_subject_logo|subject07,agency_margin_tau_0.20,subject07,session2,session2,0.4235294117647059,0.4235294117647058,0.3845231688057895,0.3845231688057895,0.718871564210471,2.1731535658800083,0.06259014354905858,0.35133216570529585,0.35133216570529585,0.10490196078431373,0.10490196078431373,0.009881266415598187,600.0,1020,1020,hyser_subject_logo
hyser,hyser_subject_logo|subject08,user_only,subject08,session1,session1,0.20980392156862746,0.20980392156862748,0.20012470869083782,0.20012470869083782,0.9375485344845238,3.2074228556893183,0.15167715802328333,0.698752633410688,0.698752633410688,0.0,0.0,0.0,600.0,1020,1020,hyser_subject_logo
hyser,hyser_subject_logo|subject08,assist_only,subject08,session1,session1,0.23137254901960785,0.23137254901960785,0.1922521051711921,0.1922521051711921,0.8684446331295871,2.686205657085887,0.04419199464475403,0.6214575736037466,0.6214575736037466,0.8568627450980392,0.8568627450980392,0.2587482665377312,600.0,1020,1020,hyser_subject_logo
hyser,hyser_subject_logo|subject08,confidence_blend_alpha_0.25,subject08,session1,session1,0.22941176470588234,0.22941176470588237,0.2193365617685256,0.2193365617685256,0.8849232969392327,2.69187299298365,0.06907226635180333,0.6560582518165345,0.6560582518165345,0.06568627450980392,0.06568627450980392,0.002422454545211885,600.0,1020,1020,hyser_subject_logo
hyser,hyser_subject_logo|subject08,confidence_blend_alpha_0.50,subject08,session1,session1,0.246078431372549,0.24607843137254903,0.2346757448182451,0.2346757448182451,0.8558642341982988,2.5617019887254298,0.04120903959582811,0.587353434436182,0.587353434436182,0.2196078431372549,0.2196078431372549,0.024066789985354983,600.0,1020,1020,hyser_subject_logo
hyser,hyser_subject_logo|subject08,confidence_blend_alpha_0.75,subject08,session1,session1,0.25392156862745097,0.253921568627451,0.22949856890603726,0.22949856890603726,0.8503713462617227,2.5347921876232147,0.06956363615437956,0.5733453908304673,0.5733453908304673,0.5754901960784313,0.5754901960784313,0.1287972039257723,600.0,1020,1020,hyser_subject_logo
hyser,hyser_subject_logo|subject08,selective_prediction,subject08,session1,session1,0.21470588235294116,0.2147058823529412,0.2054222815795195,0.2054222815795195,0.9325363571537779,3.1854281576017396,0.1489286318969135,0.6866948303840046,0.6866948303840046,0.004901960784313725,0.004901960784313725,0.0012667721353169892,600.0,3060,3060,hyser_subject_logo
hyser,hyser_subject_logo|subject08,set_acsa_tau_0.02,subject08,session1,session1,0.2107843137254902,0.21078431372549022,0.20129076223040282,0.20129076223040282,0.9346149345458472,3.203832134301465,0.15400504883832702,0.6877689466091158,0.6877689466091158,0.00196078431372549,0.00196078431372549,1.2828487087195818e-05,600.0,1020,1020,hyser_subject_logo
hyser,hyser_subject_logo|subject08,agency_margin_tau_0.02,subject08,session1,session1,0.2107843137254902,0.21078431372549022,0.20146173552311653,0.20146173552311653,0.9356490438546783,3.429455787845504,0.17194761246545112,0.6877876764304803,0.6877876764304803,0.004901960784313725,0.004901960784313725,4.702338340744177e-05,600.0,1020,1020,hyser_subject_logo
hyser,hyser_subject_logo|subject08,set_acsa_tau_0.05,subject08,session1,session1,0.21764705882352942,0.21764705882352944,0.2085469236111047,0.2085469236111047,0.9327659099022203,3.194415181510681,0.1481991095843468,0.6839310143815548,0.6839310143815548,0.016666666666666666,0.016666666666666666,0.0005369822770924516,600.0,1020,1020,hyser_subject_logo
hyser,hyser_subject_logo|subject08,agency_margin_tau_0.05,subject08,session1,session1,0.21764705882352942,0.21764705882352944,0.2091045903947816,0.2091045903947816,0.9331590594949695,3.531534898295198,0.17202205419397967,0.683948683618344,0.683948683618344,0.020588235294117647,0.020588235294117647,0.0006383054653724826,600.0,1020,1020,hyser_subject_logo
hyser,hyser_subject_logo|subject08,set_acsa_tau_0.10,subject08,session1,session1,0.22254901960784312,0.22254901960784318,0.21366978051274368,0.21366978051274368,0.9310623087530383,3.1821879384218446,0.14427163729389114,0.682074707498438,0.682074707498438,0.03235294117647059,0.03235294117647059,0.001635831859879369,600.0,1020,1020,hyser_subject_logo
hyser,hyser_subject_logo|subject08,agency_margin_tau_0.10,subject08,session1,session1,0.22450980392156863,0.22450980392156866,0.21642322363671815,0.21642322363671815,0.9269722971873801,3.4361698290479454,0.16467894081454185,0.6818845236155434,0.6818845236155434,0.03823529411764706,0.03823529411764706,0.0019306066981242338,600.0,1020,1020,hyser_subject_logo
hyser,hyser_subject_logo|subject08,set_acsa_tau_0.15,subject08,session1,session1,0.22549019607843138,0.22549019607843138,0.21891447213239656,0.21891447213239656,0.9284239106562835,3.15750042086929,0.14390331738968618,0.6805574756058458,0.6805574756058458,0.07450980392156863,0.07450980392156863,0.006910490867163998,600.0,1020,1020,hyser_subject_logo
hyser,hyser_subject_logo|subject08,agency_margin_tau_0.15,subject08,session1,session1,0.22745098039215686,0.2274509803921569,0.22118535704113415,0.22118535704113415,0.926702703160053,3.3682373838785535,0.16230773011403773,0.6802386021360881,0.6802386021360881,0.07549019607843137,0.07549019607843137,0.006900649785616307,600.0,1020,1020,hyser_subject_logo
hyser,hyser_subject_logo|subject08,set_acsa_tau_0.20,subject08,session1,session1,0.2323529411764706,0.2323529411764706,0.22502826330938291,0.22502826330938291,0.9253008487717129,3.156736297661683,0.1388048285812142,0.6790269811692519,0.6790269811692519,0.10294117647058823,0.10294117647058823,0.011879515465342988,600.0,1020,1020,hyser_subject_logo
hyser,hyser_subject_logo|subject08,agency_margin_tau_0.20,subject08,session1,session1,0.23333333333333334,0.23333333333333334,0.22637450979088286,0.22637450979088286,0.9236562300784746,3.255927042713659,0.1516122214304322,0.6789827676217908,0.6789827676217908,0.10294117647058823,0.10294117647058823,0.011765716158332124,600.0,1020,1020,hyser_subject_logo
hyser,hyser_subject_logo|subject08,user_only,subject08,session2,session2,0.3556650246305419,0.35411764705882354,0.3405304087368481,0.3405304087368481,0.7895361188815881,2.2325250905341316,0.06928514502011485,0.5056611850947417,0.5056611850947417,0.0,0.0,0.0,600.0,1015,1015,hyser_subject_logo
hyser,hyser_subject_logo|subject08,assist_only,subject08,session2,session2,0.35960591133004927,0.3601960784313725,0.31688981213995876,0.31688981213995876,0.776686907836191,2.635443098595837,0.056116180553852237,0.4587155304389384,0.4587155304389384,0.6088669950738916,0.6088669950738916,0.15640909486541124,600.0,1015,1015,hyser_subject_logo
hyser,hyser_subject_logo|subject08,confidence_blend_alpha_0.25,subject08,session2,session2,0.37635467980295567,0.3747058823529412,0.3514144878198445,0.3514144878198445,0.7594290770118789,2.1080017691261554,0.055768833266931876,0.4634510747564212,0.4634510747564212,0.09556650246305419,0.09556650246305419,0.004760510872352906,600.0,1015,1015,hyser_subject_logo
hyser,hyser_subject_logo|subject08,confidence_blend_alpha_0.50,subject08,session2,session2,0.38817733990147785,0.3874509803921569,0.3548434065752255,0.3548434065752255,0.7472518612143924,2.088422107581607,0.07751967973046227,0.4371624874136682,0.4371624874136682,0.2206896551724138,0.2206896551724138,0.02297934552512862,600.0,1015,1015,hyser_subject_logo
hyser,hyser_subject_logo|subject08,confidence_blend_alpha_0.75,subject08,session2,session2,0.39507389162561574,0.39431372549019605,0.35312528093459283,0.35312528093459283,0.7530044714891277,2.129966795545933,0.08391955359963801,0.43825159184555007,0.43825159184555007,0.4068965517241379,0.4068965517241379,0.07062060811166021,600.0,1015,1015,hyser_subject_logo
hyser,hyser_subject_logo|subject08,selective_prediction,subject08,session2,session2,0.361576354679803,0.36000000000000004,0.3458391462126508,0.3458391462126508,0.7835408989071212,2.2192034778764214,0.07749781864854256,0.4779851273550684,0.4779851273550684,0.013136288998357963,0.013136288998357963,0.001829914506887187,600.0,3045,3045,hyser_subject_logo
hyser,hyser_subject_logo|subject08,set_acsa_tau_0.02,subject08,session2,session2,0.35467980295566504,0.3531372549019608,0.3384775347607562,0.3384775347607562,0.78441730413773,2.222490176803609,0.08508336919628263,0.4777609231712321,0.4777609231712321,0.008866995073891626,0.008866995073891626,8.156300238542296e-05,600.0,1015,1015,hyser_subject_logo
hyser,hyser_subject_logo|subject08,agency_margin_tau_0.02,subject08,session2,session2,0.35467980295566504,0.3531372549019608,0.3388485866750962,0.3388485866750962,0.812800964869918,3.340114056233134,0.13365070855416586,0.47777158655696367,0.47777158655696367,0.012807881773399015,0.012807881773399015,0.00013935831636584914,600.0,1015,1015,hyser_subject_logo
hyser,hyser_subject_logo|subject08,set_acsa_tau_0.05,subject08,session2,session2,0.35763546798029555,0.356078431372549,0.33951308556718146,0.33951308556718146,0.7823382215131243,2.215409577245513,0.08720967134330727,0.4733553490839015,0.4733553490839015,0.02561576354679803,0.02561576354679803,0.0006741885844323943,600.0,1015,1015,hyser_subject_logo
hyser,hyser_subject_logo|subject08,agency_margin_tau_0.05,subject08,session2,session2,0.35763546798029555,0.356078431372549,0.33944087815534457,0.33944087815534457,0.8068962553492062,3.3193597165920963,0.13685119916672303,0.4732311978754952,0.4732311978754952,0.033497536945812804,0.033497536945812804,0.0008663692166889054,600.0,1015,1015,hyser_subject_logo
hyser,hyser_subject_logo|subject08,set_acsa_tau_0.10,subject08,session2,session2,0.3724137931034483,0.3709803921568628,0.3496964351439803,0.3496964351439803,0.7770446599096115,2.223290220899558,0.08533981740025066,0.4640402844233195,0.4640402844233195,0.07684729064039408,0.07684729064039408,0.004556801488082026,600.0,1015,1015,hyser_subject_logo
hyser,hyser_subject_logo|subject08,agency_margin_tau_0.10,subject08,session2,session2,0.3733990147783251,0.37196078431372553,0.3507932637184223,0.3507932637184223,0.7866472192717793,3.0211077737234895,0.12474350119493088,0.4638605721138698,0.4638605721138698,0.07881773399014778,0.07881773399014778,0.004604041182759392,600.0,1015,1015,hyser_subject_logo
hyser,hyser_subject_logo|subject08,set_acsa_tau_0.15,subject08,session2,session2,0.3793103448275862,0.3782352941176471,0.35446770770469216,0.35446770770469216,0.77517854036535,2.2195993481854304,0.08263593954716435,0.4597141916022864,0.4597141916022864,0.10738916256157635,0.10738916256157635,0.008464318907223687,600.0,1015,1015,hyser_subject_logo
hyser,hyser_subject_logo|subject08,agency_margin_tau_0.15,subject08,session2,session2,0.3793103448275862,0.3782352941176471,0.35450557610970046,0.35450557610970046,0.7807581594108403,2.771864992387023,0.11727587746307405,0.45971643968442094,0.45971643968442094,0.10837438423645321,0.10837438423645321,0.008488576775139953,600.0,1015,1015,hyser_subject_logo
hyser,hyser_subject_logo|subject08,set_acsa_tau_0.20,subject08,session2,session2,0.3793103448275862,0.3784313725490196,0.3525194353696989,0.3525194353696989,0.7761678008295259,2.240701797451252,0.08135608456362786,0.4624389002875338,0.4624389002875338,0.1330049261083744,0.1330049261083744,0.012891001246531704,600.0,1015,1015,hyser_subject_logo
hyser,hyser_subject_logo|subject08,agency_margin_tau_0.20,subject08,session2,session2,0.3793103448275862,0.3784313725490196,0.3525617664417086,0.3525617664417086,0.7820424789595466,2.7564814058842058,0.1131546243890829,0.4624422488802925,0.4624422488802925,0.13399014778325122,0.13399014778325122,0.012915259114447969,600.0,1015,1015,hyser_subject_logo
hyser,hyser_subject_logo|subject09,user_only,subject09,session1,session1,0.3784313725490196,0.3784313725490196,0.3416657852723032,0.3416657852723032,0.7848936172613206,2.0539046463325006,0.09000290678040947,0.5170577750591808,0.5170577750591808,0.0,0.0,0.0,600.0,1020,1020,hyser_subject_logo
hyser,hyser_subject_logo|subject09,assist_only,subject09,session1,session1,0.31862745098039214,0.3186274509803922,0.28529968346040097,0.28529968346040097,0.7957058404854896,2.242319715516613,0.058259464301244915,0.5054826551130022,0.5054826551130022,0.5568627450980392,0.5568627450980392,0.14452891578285107,600.0,1020,1020,hyser_subject_logo
hyser,hyser_subject_logo|subject09,confidence_blend_alpha_0.25,subject09,session1,session1,0.3872549019607843,0.38725490196078427,0.3494913788628577,0.3494913788628577,0.7591654971745623,1.9454443250456313,0.09132856033301939,0.483567226958047,0.483567226958047,0.09509803921568627,0.09509803921568627,0.0042472683660064806,600.0,1020,1020,hyser_subject_logo
hyser,hyser_subject_logo|subject09,confidence_blend_alpha_0.50,subject09,session1,session1,0.37254901960784315,0.37254901960784315,0.3313413144928906,0.3313413144928906,0.7523914943497023,1.9489130340458123,0.08242071230672793,0.47444469350723284,0.47444469350723284,0.22450980392156863,0.22450980392156863,0.02522130281058936,600.0,1020,1020,hyser_subject_logo
hyser,hyser_subject_logo|subject09,confidence_blend_alpha_0.75,subject09,session1,session1,0.3519607843137255,0.3519607843137255,0.31553791088776734,0.31553791088776734,0.7645716087867407,2.015038398434957,0.09422956973894489,0.481592684690235,0.481592684690235,0.3911764705882353,0.3911764705882353,0.07220126551206656,600.0,1020,1020,hyser_subject_logo
hyser,hyser_subject_logo|subject09,selective_prediction,subject09,session1,session1,0.38006535947712417,0.38006535947712417,0.3433000267184084,0.3433000267184084,0.7849085322008057,2.058366227685919,0.10321977863916673,0.49532261189812116,0.49532261189812116,0.017320261437908498,0.017320261437908498,0.0038918119405795134,600.0,3060,3060,hyser_subject_logo
hyser,hyser_subject_logo|subject09,set_acsa_tau_0.02,subject09,session1,session1,0.3784313725490196,0.3784313725490196,0.3414126322411156,0.3414126322411156,0.7831555439908022,2.0663777074894547,0.10048780423417887,0.4833835225285384,0.4833835225285384,0.011764705882352941,0.011764705882352941,0.00013273690168004145,600.0,1020,1020,hyser_subject_logo
hyser,hyser_subject_logo|subject09,agency_margin_tau_0.02,subject09,session1,session1,0.3803921568627451,0.3803921568627451,0.3448173914673227,0.3448173914673227,0.8169404217025497,3.629704556239305,0.16306621236900126,0.48289933286705605,0.48289933286705605,0.016666666666666666,0.016666666666666666,0.00017487941092261822,600.0,1020,1020,hyser_subject_logo
hyser,hyser_subject_logo|subject09,set_acsa_tau_0.05,subject09,session1,session1,0.38333333333333336,0.3833333333333333,0.34693961593370565,0.34693961593370565,0.7807561312625442,2.057022887637164,0.10304358928964964,0.47890901447290524,0.47890901447290524,0.04019607843137255,0.04019607843137255,0.0011157640581470887,600.0,1020,1020,hyser_subject_logo
hyser,hyser_subject_logo|subject09,agency_margin_tau_0.05,subject09,session1,session1,0.38529411764705884,0.3852941176470588,0.34944202488541476,0.34944202488541476,0.8130876169620245,3.6142385304830262,0.16757429679480923,0.4787043772670095,0.4787043772670095,0.043137254901960784,0.043137254901960784,0.0011580615107689338,600.0,1020,1020,hyser_subject_logo
hyser,hyser_subject_logo|subject09,set_acsa_tau_0.10,subject09,session1,session1,0.3862745098039216,0.38627450980392153,0.35128313500642305,0.35128313500642305,0.7777333421737349,2.0488499493309233,0.10297977043298279,0.47533922817721913,0.47533922817721913,0.08333333333333333,0.08333333333333333,0.004320710317217612,600.0,1020,1020,hyser_subject_logo
hyser,hyser_subject_logo|subject09,agency_margin_tau_0.10,subject09,session1,session1,0.38823529411764707,0.388235294117647,0.3543641547404481,0.3543641547404481,0.8019874916191619,3.3235607748621825,0.16215943401332492,0.4745967859180874,0.4745967859180874,0.08627450980392157,0.08627450980392157,0.004447534447184492,600.0,1020,1020,hyser_subject_logo
hyser,hyser_subject_logo|subject09,set_acsa_tau_0.15,subject09,session1,session1,0.39019607843137255,0.3901960784313725,0.35228743635544235,0.35228743635544235,0.7761257607659863,2.049694705042747,0.10570419080805338,0.47365623925783074,0.47365623925783074,0.12156862745098039,0.12156862745098039,0.009183215874609263,600.0,1020,1020,hyser_subject_logo
hyser,hyser_subject_logo|subject09,agency_margin_tau_0.15,subject09,session1,session1,0.39019607843137255,0.3901960784313725,0.3521423791582239,0.3521423791582239,0.796219531214718,2.88444586659873,0.16013467011662397,0.47360323129978626,0.47360323129978626,0.12156862745098039,0.12156862745098039,0.009158412674218495,600.0,1020,1020,hyser_subject_logo
hyser,hyser_subject_logo|subject09,set_acsa_tau_0.20,subject09,session1,session1,0.3911764705882353,0.39117647058823524,0.3516176050459553,0.3516176050459553,0.7735513747118954,2.0389103213081783,0.10269547172866508,0.47150279670488643,0.47150279670488643,0.13823529411764707,0.13823529411764707,0.012068026118057257,600.0,1020,1020,hyser_subject_logo
hyser,hyser_subject_logo|subject09,agency_margin_tau_0.20,subject09,session1,session1,0.3911764705882353,0.39117647058823524,0.3514675887968679,0.3514675887968679,0.7878433843849589,2.6660947804379616,0.14979915150203993,0.4714513936652149,0.4714513936652149,0.13823529411764707,0.13823529411764707,0.012043222917666489,600.0,1020,1020,hyser_subject_logo
hyser,hyser_subject_logo|subject09,user_only,subject09,session2,session2,0.2803921568627451,0.2803921568627451,0.25943753143138765,0.25943753143138765,0.8437222170231994,2.482763310943358,0.09045704040324522,0.5613056899770043,0.5613056899770043,0.0,0.0,0.0,600.0,1020,1020,hyser_subject_logo
hyser,hyser_subject_logo|subject09,assist_only,subject09,session2,session2,0.2901960784313726,0.2901960784313726,0.2540272967114162,0.2540272967114162,0.8147423445832842,2.4214843052312234,0.052043406022732414,0.5109569867611182,0.5109569867611182,0.7029411764705882,0.7029411764705882,0.17200380876962795,600.0,1020,1020,hyser_subject_logo
hyser,hyser_subject_logo|subject09,confidence_blend_alpha_0.25,subject09,session2,session2,0.3284313725490196,0.3284313725490196,0.3022154048082797,0.3022154048082797,0.8033342978421855,2.2853340720875757,0.03294672445349553,0.502749563678856,0.502749563678856,0.1450980392156863,0.1450980392156863,0.008613004978445709,600.0,1020,1020,hyser_subject_logo
hyser,hyser_subject_logo|subject09,confidence_blend_alpha_0.50,subject09,session2,session2,0.34509803921568627,0.3450980392156863,0.31299820059898636,0.31299820059898636,0.7850416793752063,2.230041033571642,0.058589197702477565,0.4603181847888866,0.4603181847888866,0.3509803921568627,0.3509803921568627,0.04578644580414549,600.0,1020,1020,hyser_subject_logo
hyser,hyser_subject_logo|subject09,confidence_blend_alpha_0.75,subject09,session2,session2,0.32254901960784316,0.32254901960784316,0.2895470088809178,0.2895470088809178,0.7888443616222621,2.2459793170812277,0.03853140740215925,0.47925047769584583,0.47925047769584583,0.5686274509803921,0.5686274509803921,0.11759216014148488,600.0,1020,1020,hyser_subject_logo
hyser,hyser_subject_logo|subject09,selective_prediction,subject09,session2,session2,0.29640522875816994,0.29640522875816994,0.27453855569639535,0.27453855569639535,0.827264130889181,2.4476479876039696,0.09480756051691294,0.5064464548114065,0.5064464548114065,0.03071895424836601,0.03071895424836601,0.0065738352220765005,600.0,3060,3060,hyser_subject_logo
hyser,hyser_subject_logo|subject09,set_acsa_tau_0.02,subject09,session2,session2,0.28627450980392155,0.28627450980392155,0.2645252084711565,0.2645252084711565,0.8292779596285501,2.46317049775476,0.11026081469278902,0.5069364163305853,0.5069364163305853,0.014705882352941176,0.014705882352941176,0.00010692427381160088,600.0,1020,1020,hyser_subject_logo
hyser,hyser_subject_logo|subject09,agency_margin_tau_0.02,subject09,session2,session2,0.2872549019607843,0.2872549019607843,0.2656055811711772,0.2656055811711772,0.850062261589924,3.551024315557352,0.17084436230558986,0.5054663406038532,0.5054663406038532,0.01568627450980392,0.01568627450980392,0.00011723404818712337,600.0,1020,1020,hyser_subject_logo
hyser,hyser_subject_logo|subject09,set_acsa_tau_0.05,subject09,session2,session2,0.29411764705882354,0.2941176470588235,0.2711411913345952,0.2711411913345952,0.827018343032963,2.4584877148208677,0.10708090080602937,0.4994603392560968,0.4994603392560968,0.045098039215686274,0.045098039215686274,0.0011744780804756902,600.0,1020,1020,hyser_subject_logo
hyser,hyser_subject_logo|subject09,agency_margin_tau_0.05,subject09,session2,session2,0.296078431372549,0.29607843137254897,0.2734656487845508,0.2734656487845508,0.8486268022574305,3.7680202105042278,0.17652218307705297,0.4982304150823967,0.4982304150823967,0.05,0.05,0.0013237114989415022,600.0,1020,1020,hyser_subject_logo
hyser,hyser_subject_logo|subject09,set_acsa_tau_0.10,subject09,session2,session2,0.3058823529411765,0.30588235294117644,0.2810302082282415,0.2810302082282415,0.8230953190602525,2.4397870787176243,0.10361366997987888,0.4902801859133995,0.4902801859133995,0.0892156862745098,0.0892156862745098,0.004516227376105707,600.0,1020,1020,hyser_subject_logo
hyser,hyser_subject_logo|subject09,agency_margin_tau_0.10,subject09,session2,session2,0.30686274509803924,0.3068627450980392,0.2824241636761182,0.2824241636761182,0.8411077365274383,3.8021244350487744,0.17589678419550872,0.4898530573960536,0.4898530573960536,0.09607843137254903,0.09607843137254903,0.0048794582744395975,600.0,1020,1020,hyser_subject_logo
hyser,hyser_subject_logo|subject09,set_acsa_tau_0.15,subject09,session2,session2,0.3254901960784314,0.3254901960784314,0.3002099700284647,0.3002099700284647,0.8102675817917075,2.4009486426155955,0.09939468347406118,0.4671051833628559,0.4671051833628559,0.16568627450980392,0.16568627450980392,0.014081209121910488,600.0,1020,1020,hyser_subject_logo
hyser,hyser_subject_logo|subject09,agency_margin_tau_0.15,subject09,session2,session2,0.32745098039215687,0.32745098039215687,0.30214957652520524,0.30214957652520524,0.8149954541679667,3.2503040813766115,0.15861745807028996,0.46663564368973237,0.46663564368973237,0.1676470588235294,0.1676470588235294,0.014253756036001125,600.0,1020,1020,hyser_subject_logo
hyser,hyser_subject_logo|subject09,set_acsa_tau_0.20,subject09,session2,session2,0.32941176470588235,0.3294117647058824,0.3024314775137546,0.3024314775137546,0.8080392261334799,2.3910588677839972,0.10002174655384702,0.4636597083104385,0.4636597083104385,0.2,0.2,0.01979236508426289,600.0,1020,1020,hyser_subject_logo
hyser,hyser_subject_logo|subject09,agency_margin_tau_0.20,subject09,session2,session2,0.3303921568627451,0.33039215686274515,0.303604328375129,0.303604328375129,0.8115729797426172,2.9127475072225093,0.13876857068968973,0.46332899972751124,0.46332899972751124,0.20098039215686275,0.20098039215686275,0.019859463435441482,600.0,1020,1020,hyser_subject_logo
hyser,hyser_subject_logo|subject10,user_only,subject10,session1,session1,0.47783251231527096,0.4768627450980393,0.4335093095702249,0.4335093095702249,0.6541152604756477,1.8022092165372336,0.05154637083222464,0.28324198680008716,0.28324198680008716,0.0,0.0,0.0,600.0,1015,1015,hyser_subject_logo
hyser,hyser_subject_logo|subject10,assist_only,subject10,session1,session1,0.41773399014778323,0.4158823529411764,0.3958713444353851,0.3958713444353851,0.747215718852184,2.0728824575155347,0.09142099003646448,0.39893999245096956,0.39893999245096956,0.5812807881773399,0.5812807881773399,0.17924860992486263,600.0,1015,1015,hyser_subject_logo
hyser,hyser_subject_logo|subject10,confidence_blend_alpha_0.25,subject10,session1,session1,0.4807881773399015,0.47980392156862756,0.4371208905006922,0.4371208905006922,0.6439524483553711,1.7160972780054038,0.0716186092732505,0.27244944100335483,0.27244944100335483,0.04926108374384237,0.04926108374384237,0.0017605056205349907,600.0,1015,1015,hyser_subject_logo
hyser,hyser_subject_logo|subject10,confidence_blend_alpha_0.50,subject10,session1,session1,0.4876847290640394,0.4862745098039216,0.4423357086785028,0.4423357086785028,0.6560815873780018,1.7467028306265249,0.1196585196414915,0.2788483900577099,0.2788483900577099,0.19507389162561575,0.19507389162561575,0.025168695103005845,600.0,1015,1015,hyser_subject_logo
hyser,hyser_subject_logo|subject10,confidence_blend_alpha_0.75,subject10,session1,session1,0.4660098522167488,0.4643137254901961,0.43253922753966995,0.43253922753966995,0.6905026775435397,1.8390496215423557,0.12768374209997765,0.3108618628723641,0.3108618628723641,0.41674876847290643,0.41674876847290643,0.09386208276482348,600.0,1015,1015,hyser_subject_logo
hyser,hyser_subject_logo|subject10,selective_prediction,subject10,session1,session1,0.47586206896551725,0.4749019607843138,0.43039548231902,0.43039548231902,0.6570880975579616,1.8093922480693765,0.04674708806467399,0.28817158944696375,0.28817158944696375,0.002627257799671593,0.002627257799671593,0.0008920190354309472,600.0,3045,3045,hyser_subject_logo
hyser,hyser_subject_logo|subject10,set_acsa_tau_0.02,subject10,session1,session1,0.47586206896551725,0.4749019607843138,0.4318514375684596,0.4318514375684596,0.6548592478753327,1.8098868297686042,0.05245095777235234,0.2834798301877055,0.2834798301877055,0.003940886699507389,0.003940886699507389,3.987988438047204e-05,600.0,1015,1015,hyser_subject_logo
hyser,hyser_subject_logo|subject10,agency_margin_tau_0.02,subject10,session1,session1,0.47586206896551725,0.4749019607843138,0.4318514375684596,0.4318514375684596,0.673310050883005,2.6416338783989572,0.08650942118108607,0.28343271175983226,0.28343271175983226,0.003940886699507389,0.003940886699507389,3.987988438047204e-05,600.0,1015,1015,hyser_subject_logo
hyser,hyser_subject_logo|subject10,set_acsa_tau_0.05,subject10,session1,session1,0.47783251231527096,0.4768627450980393,0.43510247162381743,0.43510247162381743,0.6543575325192197,1.8051853655399905,0.05162357554680208,0.28321826618948465,0.28321826618948465,0.011822660098522168,0.011822660098522168,0.00032787087868395016,600.0,1015,1015,hyser_subject_logo
hyser,hyser_subject_logo|subject10,agency_margin_tau_0.05,subject10,session1,session1,0.47783251231527096,0.4768627450980393,0.43516511488533305,0.43516511488533305,0.6734158810248584,2.707869588003118,0.08491645242067464,0.28324359369701735,0.28324359369701735,0.013793103448275862,0.013793103448275862,0.00038591213216802764,600.0,1015,1015,hyser_subject_logo
hyser,hyser_subject_logo|subject10,set_acsa_tau_0.10,subject10,session1,session1,0.48177339901477834,0.48078431372549024,0.4364021525696134,0.4364021525696134,0.6540089780730577,1.8218893162463747,0.0485680078673806,0.2838970638482225,0.2838970638482225,0.035467980295566505,0.035467980295566505,0.002112910075645196,600.0,1015,1015,hyser_subject_logo
hyser,hyser_subject_logo|subject10,agency_margin_tau_0.10,subject10,session1,session1,0.48177339901477834,0.48078431372549024,0.43613638645520697,0.43613638645520697,0.6710269993207135,2.8741948254618315,0.07508796504426482,0.28397016059866986,0.28397016059866986,0.04039408866995074,0.04039408866995074,0.0024325471126325727,600.0,1015,1015,hyser_subject_logo
hyser,hyser_subject_logo|subject10,set_acsa_tau_0.15,subject10,session1,session1,0.48177339901477834,0.48078431372549024,0.4379146185681714,0.4379146185681714,0.6533471102381433,1.8072675664970819,0.05109383303315863,0.2846771367844321,0.2846771367844321,0.060098522167487685,0.060098522167487685,0.0052117852950909465,600.0,1015,1015,hyser_subject_logo
hyser,hyser_subject_logo|subject10,agency_margin_tau_0.15,subject10,session1,session1,0.48177339901477834,0.48078431372549024,0.4380019607307078,0.4380019607307078,0.6666296629682298,2.6196109361479785,0.07550837134569491,0.28468132150088116,0.28468132150088116,0.06206896551724138,0.06206896551724138,0.005349573378112595,600.0,1015,1015,hyser_subject_logo
hyser,hyser_subject_logo|subject10,set_acsa_tau_0.20,subject10,session1,session1,0.4827586206896552,0.48176470588235293,0.4409299708001963,0.4409299708001963,0.6538424371527749,1.806869705150573,0.05455782409170732,0.28541101958107645,0.28541101958107645,0.08768472906403942,0.08768472906403942,0.00989066873671263,600.0,1015,1015,hyser_subject_logo
hyser,hyser_subject_logo|subject10,agency_margin_tau_0.20,subject10,session1,session1,0.4827586206896552,0.48176470588235293,0.4409299708001963,0.4409299708001963,0.6647411196366975,2.428301545478029,0.07379965484912758,0.28541101958107645,0.28541101958107645,0.08768472906403942,0.08768472906403942,0.00989066873671263,600.0,1015,1015,hyser_subject_logo
hyser,hyser_subject_logo|subject10,user_only,subject10,session2,session2,0.426,0.427156862745098,0.3756761302126743,0.3756761302126743,0.7257527889415127,2.1277647176355523,0.051669369331272315,0.36076989361348055,0.36076989361348055,0.0,0.0,0.0,600.0,1000,1000,hyser_subject_logo
hyser,hyser_subject_logo|subject10,assist_only,subject10,session2,session2,0.273,0.27980392156862743,0.25198925093563307,0.25198925093563307,0.8470909292603163,2.4783510389564842,0.08213111409854652,0.551973025119139,0.551973025119139,0.644,0.644,0.20305554115426983,600.0,1000,1000,hyser_subject_logo
hyser,hyser_subject_logo|subject10,confidence_blend_alpha_0.25,subject10,session2,session2,0.428,0.4296078431372549,0.3759403795481644,0.3759403795481644,0.7234891085761187,2.0589532941987034,0.04707613989108891,0.35409243315311695,0.35409243315311695,0.054,0.054,0.001976807081510908,600.0,1000,1000,hyser_subject_logo
hyser,hyser_subject_logo|subject10,confidence_blend_alpha_0.50,subject10,session2,session2,0.415,0.4168627450980392,0.36684435742078897,0.36684435742078897,0.74295757184084,2.100925871874718,0.07784218423047563,0.365965998123953,0.365965998123953,0.179,0.179,0.02212029257683603,600.0,1000,1000,hyser_subject_logo
hyser,hyser_subject_logo|subject10,confidence_blend_alpha_0.75,subject10,session2,session2,0.366,0.36921568627450985,0.32812494615075327,0.32812494615075327,0.7841581787356768,2.2123640120193606,0.05425691489466935,0.43695313002877384,0.43695313002877384,0.404,0.404,0.09022790236333145,600.0,1000,1000,hyser_subject_logo
hyser,hyser_subject_logo|subject10,selective_prediction,subject10,session2,session2,0.42633333333333334,0.4274836601307189,0.3759679811288383,0.3759679811288383,0.7239928491011668,2.1260830644151003,0.05518582895176139,0.3533208479297,0.3533208479297,0.002,0.002,0.0005066463968903348,600.0,3000,3000,hyser_subject_logo
hyser,hyser_subject_logo|subject10,set_acsa_tau_0.02,subject10,session2,session2,0.427,0.42813725490196075,0.3759569143598714,0.3759569143598714,0.7269674885189715,2.147492310401415,0.05776788552583723,0.34954332753394535,0.34954332753394535,0.006,0.006,5.749067171454923e-05,600.0,1000,1000,hyser_subject_logo
hyser,hyser_subject_logo|subject10,agency_margin_tau_0.02,subject10,session2,session2,0.428,0.42911764705882355,0.376791256812355,0.376791256812355,0.7587565542662351,3.334108473000715,0.09528163176118487,0.34930036042135476,0.34930036042135476,0.008,0.008,6.647270420627212e-05,600.0,1000,1000,hyser_subject_logo
hyser,hyser_subject_logo|subject10,set_acsa_tau_0.05,subject10,session2,session2,0.429,0.43058823529411766,0.37735553912783043,0.37735553912783043,0.7272721121218401,2.150610609948968,0.059234127028524756,0.3489304751971866,0.3489304751971866,0.015,0.015,0.0003779267250993901,600.0,1000,1000,hyser_subject_logo
hyser,hyser_subject_logo|subject10,agency_margin_tau_0.05,subject10,session2,session2,0.43,0.4315686274509804,0.3785708869221911,0.3785708869221911,0.7559962483354593,3.301857676164381,0.09627463497498562,0.34871165848983654,0.34871165848983654,0.02,0.02,0.0005045118988378918,600.0,1000,1000,hyser_subject_logo
hyser,hyser_subject_logo|subject10,set_acsa_tau_0.10,subject10,session2,session2,0.43,0.4315686274509804,0.3789800953208971,0.3789800953208971,0.7283510385022156,2.154578826649188,0.06251923949966588,0.34888021227563754,0.34888021227563754,0.042,0.042,0.00247991570715031,600.0,1000,1000,hyser_subject_logo
hyser,hyser_subject_logo|subject10,agency_margin_tau_0.10,subject10,session2,session2,0.431,0.43254901960784314,0.3796663999413065,0.3796663999413065,0.7505912180098411,3.226636409596481,0.094416915245773,0.3486411482323692,0.3486411482323692,0.044,0.044,0.0025667817344565158,600.0,1000,1000,hyser_subject_logo
hyser,hyser_subject_logo|subject10,set_acsa_tau_0.15,subject10,session2,session2,0.427,0.4286274509803921,0.3759703589780566,0.3759703589780566,0.7304379369945436,2.1738718781330455,0.0661680622126265,0.34912864741348293,0.34912864741348293,0.062,0.062,0.0050131779409369895,600.0,1000,1000,hyser_subject_logo
hyser,hyser_subject_logo|subject10,agency_margin_tau_0.15,subject10,session2,session2,0.428,0.4296078431372549,0.37664207046870296,0.37664207046870296,0.7477590149997454,3.047930454901996,0.09272996052148189,0.3489124055875275,0.3489124055875275,0.064,0.064,0.005163271394795158,600.0,1000,1000,hyser_subject_logo
hyser,hyser_subject_logo|subject10,set_acsa_tau_0.20,subject10,session2,session2,0.424,0.4256862745098039,0.37577517807007677,0.37577517807007677,0.7327719457014311,2.181755862504184,0.0733849778319681,0.3506062246144045,0.3506062246144045,0.089,0.089,0.009856198401016267,600.0,1000,1000,hyser_subject_logo
hyser,hyser_subject_logo|subject10,agency_margin_tau_0.20,subject10,session2,session2,0.425,0.4266666666666667,0.3764525896538422,0.3764525896538422,0.7456662163312658,2.857653194110091,0.09445024571542517,0.3503879662866534,0.3503879662866534,0.091,0.091,0.010006291854874434,600.0,1000,1000,hyser_subject_logo
hyser,hyser_subject_logo|subject11,user_only,subject11,session1,session1,0.3076923076923077,0.296078431372549,0.27013502180727145,0.27013502180727145,0.8338800185360369,2.255045824590124,0.091878527188393,0.5883494131401819,0.5883494131401819,0.0,0.0,0.0,600.0,975,975,hyser_subject_logo
hyser,hyser_subject_logo|subject11,assist_only,subject11,session1,session1,0.34974358974358977,0.3372549019607843,0.29666509580779726,0.29666509580779726,0.8038297076684726,2.2314690111165887,0.08282363068128219,0.5090928061044541,0.5090928061044541,0.678974358974359,0.678974358974359,0.1883232368388813,600.0,975,975,hyser_subject_logo
hyser,hyser_subject_logo|subject11,confidence_blend_alpha_0.25,subject11,session1,session1,0.3394871794871795,0.3264705882352941,0.29558268491426326,0.29558268491426326,0.7934849360031944,2.0752674184382323,0.051173457477237984,0.544358290349155,0.544358290349155,0.0882051282051282,0.0882051282051282,0.004481399132398466,600.0,975,975,hyser_subject_logo
hyser,hyser_subject_logo|subject11,confidence_blend_alpha_0.50,subject11,session1,session1,0.37846153846153846,0.3666666666666667,0.32894181510071174,0.32894181510071174,0.7750115233476513,2.043459508775207,0.08957384519135002,0.49936470463302385,0.49936470463302385,0.2676923076923077,0.2676923076923077,0.037123758746217844,600.0,975,975,hyser_subject_logo
hyser,hyser_subject_logo|subject11,confidence_blend_alpha_0.75,subject11,session1,session1,0.36923076923076925,0.357843137254902,0.30837201922473056,0.30837201922473056,0.7784597805694082,2.0791536979080805,0.09090100767370786,0.488547605982278,0.488547605982278,0.4882051282051282,0.4882051282051282,0.10432510234055722,600.0,975,975,hyser_subject_logo
hyser,hyser_subject_logo|subject11,selective_prediction,subject11,session1,session1,0.30974358974358973,0.2980392156862745,0.2712341885247174,0.2712341885247174,0.8312419716995199,2.250087993571458,0.09935206371546851,0.5700602175775507,0.5700602175775507,0.009230769230769232,0.009230769230769232,0.0020556062486769672,600.0,2925,2925,hyser_subject_logo
hyser,hyser_subject_logo|subject11,set_acsa_tau_0.02,subject11,session1,session1,0.3148717948717949,0.30294117647058827,0.2769764134808855,0.2769764134808855,0.82720741226409,2.2491995189483145,0.10145281181563892,0.5585885543088047,0.5585885543088047,0.009230769230769232,0.009230769230769232,9.285035027859429e-05,600.0,975,975,hyser_subject_logo
hyser,hyser_subject_logo|subject11,agency_margin_tau_0.02,subject11,session1,session1,0.3148717948717949,0.30294117647058827,0.2770301530175456,0.2770301530175456,0.8423407674495977,3.0939907439793286,0.14794129979830234,0.558629036526165,0.558629036526165,0.011282051282051283,0.011282051282051283,0.00012000282285595364,600.0,975,975,hyser_subject_logo
hyser,hyser_subject_logo|subject11,set_acsa_tau_0.05,subject11,session1,session1,0.318974358974359,0.30686274509803924,0.27857854726595743,0.27857854726595743,0.8257243579108396,2.2499151318956594,0.09995410176494095,0.5545983071149934,0.5545983071149934,0.028717948717948718,0.028717948717948718,0.0007932130735993746,600.0,975,975,hyser_subject_logo
hyser,hyser_subject_logo|subject11,agency_margin_tau_0.05,subject11,session1,session1,0.318974358974359,0.30686274509803924,0.2785961303539251,0.2785961303539251,0.839291923231511,3.1320923118365074,0.1493348609697301,0.5546051184597929,0.5546051184597929,0.03076923076923077,0.03076923076923077,0.0008203655461767339,600.0,975,975,hyser_subject_logo
hyser,hyser_subject_logo|subject11,set_acsa_tau_0.10,subject11,session1,session1,0.3292307692307692,0.3166666666666666,0.2866934922597001,0.2866934922597001,0.8224324345921977,2.2419721595615063,0.0934757003934755,0.5489532030915384,0.5489532030915384,0.05846153846153846,0.05846153846153846,0.0031159350033630956,600.0,975,975,hyser_subject_logo
hyser,hyser_subject_logo|subject11,agency_margin_tau_0.10,subject11,session1,session1,0.3292307692307692,0.3166666666666666,0.28660492386643394,0.28660492386643394,0.8323499813113552,3.0590402133591144,0.1437572885260662,0.5489621156596499,0.5489621156596499,0.06153846153846154,0.06153846153846154,0.0033040969728676756,600.0,975,975,hyser_subject_logo
hyser,hyser_subject_logo|subject11,set_acsa_tau_0.15,subject11,session1,session1,0.3364102564102564,0.3235294117647059,0.29030032399343186,0.29030032399343186,0.8199764383932758,2.224438176124693,0.0905736921114052,0.5467289380664294,0.5467289380664294,0.09435897435897436,0.09435897435897436,0.007594437306257734,600.0,975,975,hyser_subject_logo
hyser,hyser_subject_logo|subject11,agency_margin_tau_0.15,subject11,session1,session1,0.3374358974358974,0.32450980392156864,0.29122190474694537,0.29122190474694537,0.8282357248354186,2.819988561297003,0.13233869519803285,0.5464497977212031,0.5464497977212031,0.09538461538461539,0.09538461538461539,0.007748225902429954,600.0,975,975,hyser_subject_logo
hyser,hyser_subject_logo|subject11,set_acsa_tau_0.20,subject11,session1,session1,0.3394871794871795,0.3264705882352941,0.29206245582140594,0.29206245582140594,0.8176868546569634,2.2028908382890475,0.09352745512364426,0.5450093034003186,0.5450093034003186,0.13230769230769232,0.13230769230769232,0.01409632669712857,600.0,975,975,hyser_subject_logo
hyser,hyser_subject_logo|subject11,agency_margin_tau_0.20,subject11,session1,session1,0.3405128205128205,0.32745098039215687,0.2930303179731215,0.2930303179731215,0.8275922268572887,2.611438067447105,0.12739723727919727,0.5447562062484885,0.5447562062484885,0.13333333333333333,0.13333333333333333,0.014249531689250713,600.0,975,975,hyser_subject_logo
hyser,hyser_subject_logo|subject11,user_only,subject11,session2,session2,0.3399014778325123,0.338235294117647,0.32793834515949233,0.32793834515949233,0.7943720132163512,2.246704704180326,0.06181120830708297,0.46362110267657725,0.46362110267657725,0.0,0.0,0.0,600.0,1015,1015,hyser_subject_logo
hyser,hyser_subject_logo|subject11,assist_only,subject11,session2,session2,0.32019704433497537,0.31862745098039214,0.2966652346534623,0.2966652346534623,0.809662838532606,2.32258060132751,0.05959993919569569,0.5007675484319836,0.5007675484319836,0.6995073891625616,0.6995073891625616,0.1862551291369933,600.0,1015,1015,hyser_subject_logo
hyser,hyser_subject_logo|subject11,confidence_blend_alpha_0.25,subject11,session2,session2,0.35763546798029555,0.3558823529411764,0.34515695953549336,0.34515695953549336,0.7693032214760158,2.1014980488773327,0.06607339769605908,0.43963291543127503,0.43963291543127503,0.08571428571428572,0.08571428571428572,0.0031865593858080637,600.0,1015,1015,hyser_subject_logo
hyser,hyser_subject_logo|subject11,confidence_blend_alpha_0.50,subject11,session2,session2,0.3793103448275862,0.37745098039215685,0.36230854264122353,0.36230854264122353,0.7634954284485852,2.085734849414885,0.09762119718567448,0.41037675819265407,0.41037675819265407,0.23448275862068965,0.23448275862068965,0.023465343191936557,600.0,1015,1015,hyser_subject_logo
hyser,hyser_subject_logo|subject11,confidence_blend_alpha_0.75,subject11,session2,session2,0.37733990147783253,0.37549019607843137,0.3630401797891982,0.3630401797891982,0.776948634134059,2.138566938062633,0.12084562113195041,0.4314264263843927,0.4314264263843927,0.4748768472906404,0.4748768472906404,0.09211912363124282,600.0,1015,1015,hyser_subject_logo
hyser,hyser_subject_logo|subject11,selective_prediction,subject11,session2,session2,0.34318555008210183,0.3415032679738562,0.3301090720598,0.3301090720598,0.7894638202487628,2.2364192850115483,0.06071793516908256,0.4517986019931525,0.4517986019931525,0.003284072249589491,0.003284072249589491,0.0006383604357376159,600.0,3045,3045,hyser_subject_logo
hyser,hyser_subject_logo|subject11,set_acsa_tau_0.02,subject11,session2,session2,0.341871921182266,0.34019607843137256,0.3297623482890517,0.3297623482890517,0.7845965120083508,2.2196747830402317,0.07497485327215316,0.44689426000647176,0.44689426000647176,0.011822660098522168,0.011822660098522168,0.00012673736085537325,600.0,1015,1015,hyser_subject_logo
hyser,hyser_subject_logo|subject11,agency_margin_tau_0.02,subject11,session2,session2,0.341871921182266,0.34019607843137256,0.3297623482890517,0.3297623482890517,0.8027048007424361,2.9941519386479367,0.09950490335032972,0.4467875362912166,0.4467875362912166,0.011822660098522168,0.011822660098522168,0.00012673736085537325,600.0,1015,1015,hyser_subject_logo
hyser,hyser_subject_logo|subject11,set_acsa_tau_0.05,subject11,session2,session2,0.3458128078817734,0.34411764705882353,0.3350477297934696,0.3350477297934696,0.7834659021886751,2.2146711337719176,0.07417185501631121,0.4448459218909832,0.4448459218909832,0.03251231527093596,0.03251231527093596,0.0008304681075389984,600.0,1015,1015,hyser_subject_logo
hyser,hyser_subject_logo|subject11,agency_margin_tau_0.05,subject11,session2,session2,0.3448275862068966,0.3431372549019608,0.3346605424382125,0.3346605424382125,0.7989258974787551,3.098546739606362,0.09901128246459909,0.4448304749338628,0.4448304749338628,0.033497536945812804,0.033497536945812804,0.0008585638435819159,600.0,1015,1015,hyser_subject_logo
hyser,hyser_subject_logo|subject11,set_acsa_tau_0.10,subject11,session2,session2,0.34876847290640395,0.34705882352941175,0.33748447038787976,0.33748447038787976,0.780618093070072,2.2048401680379426,0.07670447072358866,0.43978207772951533,0.43978207772951533,0.059113300492610835,0.059113300492610835,0.0028803563092650595,600.0,1015,1015,hyser_subject_logo
hyser,hyser_subject_logo|subject11,agency_margin_tau_0.10,subject11,session2,session2,0.34876847290640395,0.34705882352941175,0.3375807421415621,0.3375807421415621,0.7958799134930375,3.1533675384001776,0.09743599721505473,0.4398303021906307,0.4398303021906307,0.06206896551724138,0.06206896551724138,0.003141930206386368,600.0,1015,1015,hyser_subject_logo
hyser,hyser_subject_logo|subject11,set_acsa_tau_0.15,subject11,session2,session2,0.3556650246305419,0.35392156862745094,0.34384382496752286,0.34384382496752286,0.7780186277472951,2.1958083921643774,0.07369951218037962,0.43500359685853096,0.43500359685853096,0.08177339901477833,0.08177339901477833,0.005739412960955213,600.0,1015,1015,hyser_subject_logo
hyser,hyser_subject_logo|subject11,agency_margin_tau_0.15,subject11,session2,session2,0.3556650246305419,0.35392156862745094,0.34382073607909475,0.34382073607909475,0.7875495251368515,2.8600029366646025,0.08709560727475896,0.43501610779398114,0.43501610779398114,0.08472906403940887,0.08472906403940887,0.006107852511295191,600.0,1015,1015,hyser_subject_logo
hyser,hyser_subject_logo|subject11,set_acsa_tau_0.20,subject11,session2,session2,0.36354679802955664,0.36176470588235293,0.3527847040546054,0.3527847040546054,0.7740095787968567,2.1848433098695104,0.07116236288973452,0.4290922647051946,0.4290922647051946,0.10147783251231528,0.10147783251231528,0.009215707063372373,600.0,1015,1015,hyser_subject_logo
hyser,hyser_subject_logo|subject11,agency_margin_tau_0.20,subject11,session2,session2,0.36354679802955664,0.36176470588235293,0.35267803222986527,0.35267803222986527,0.7749056247153424,2.4651521188864236,0.07786033202684889,0.429096826011586,0.429096826011586,0.10246305418719212,0.10246305418719212,0.009376780096951547,600.0,1015,1015,hyser_subject_logo
hyser,hyser_subject_logo|subject12,user_only,subject12,session1,session1,0.3198019801980198,0.3205882352941176,0.3299042455846217,0.3299042455846217,0.8604601638160145,2.684065879610932,0.16063264395721558,0.5230789149073013,0.5230789149073013,0.0,0.0,0.0,600.0,1010,1010,hyser_subject_logo
hyser,hyser_subject_logo|subject12,assist_only,subject12,session1,session1,0.3801980198019802,0.38235294117647056,0.3578298643293211,0.3578298643293211,0.7718178594035223,2.1767620619478296,0.10343154486006079,0.4464109487303614,0.4464109487303614,0.7574257425742574,0.7574257425742574,0.29223201324465925,600.0,1010,1010,hyser_subject_logo
hyser,hyser_subject_logo|subject12,confidence_blend_alpha_0.25,subject12,session1,session1,0.33564356435643566,0.33666666666666667,0.3453690608232701,0.3453690608232701,0.7876498633385927,2.1274487348972713,0.08960708186656499,0.4996291777855039,0.4996291777855039,0.053465346534653464,0.053465346534653464,0.002198666890536004,600.0,1010,1010,hyser_subject_logo
hyser,hyser_subject_logo|subject12,confidence_blend_alpha_0.50,subject12,session1,session1,0.38613861386138615,0.3876470588235294,0.39817472758387235,0.39817472758387235,0.7486060457773521,2.0361646305680012,0.11004730305453855,0.4384197983729859,0.4384197983729859,0.21683168316831683,0.21683168316831683,0.038211110746683694,600.0,1010,1010,hyser_subject_logo
hyser,hyser_subject_logo|subject12,confidence_blend_alpha_0.75,subject12,session1,session1,0.44752475247524753,0.45078431372549016,0.4390574301754129,0.4390574301754129,0.7433287111322936,2.0432009033503586,0.1868318351899182,0.3758048830002027,0.3758048830002027,0.5089108910891089,0.5089108910891089,0.1573335255016338,600.0,1010,1010,hyser_subject_logo
hyser,hyser_subject_logo|subject12,selective_prediction,subject12,session1,session1,0.3316831683168317,0.3324183006535948,0.3436617772399761,0.3436617772399761,0.8508587626498477,2.645281335288303,0.15515501872597093,0.5082008722929805,0.5082008722929805,0.013861386138613862,0.013861386138613862,0.0051039573737342945,600.0,3030,3030,hyser_subject_logo
hyser,hyser_subject_logo|subject12,set_acsa_tau_0.02,subject12,session1,session1,0.3207920792079208,0.3215686274509804,0.3304707415380987,0.3304707415380987,0.8621774524345079,2.696529604989392,0.1622351598043257,0.5207102841140856,0.5207102841140856,0.0039603960396039604,0.0039603960396039604,4.0962261405938506e-05,600.0,1010,1010,hyser_subject_logo
hyser,hyser_subject_logo|subject12,agency_margin_tau_0.02,subject12,session1,session1,0.3207920792079208,0.3215686274509804,0.33067847680611895,0.33067847680611895,0.8845315386213236,3.4822813864013593,0.18991749322256904,0.5207616342417497,0.5207616342417497,0.0049504950495049506,0.0049504950495049506,4.7519713593912195e-05,600.0,1010,1010,hyser_subject_logo
hyser,hyser_subject_logo|subject12,set_acsa_tau_0.05,subject12,session1,session1,0.3227722772277228,0.3235294117647059,0.33160038256799945,0.33160038256799945,0.8613879553705331,2.6920849167000056,0.16196293368469683,0.5199907545396222,0.5199907545396222,0.016831683168316833,0.016831683168316833,0.000472987108653162,600.0,1010,1010,hyser_subject_logo
hyser,hyser_subject_logo|subject12,agency_margin_tau_0.05,subject12,session1,session1,0.3227722772277228,0.3235294117647059,0.3318081178360197,0.3318081178360197,0.8822786423350084,3.518052891473918,0.1884947108228621,0.520041804671983,0.520041804671983,0.01782178217821782,0.01782178217821782,0.0004795445608411356,600.0,1010,1010,hyser_subject_logo
hyser,hyser_subject_logo|subject12,set_acsa_tau_0.10,subject12,session1,session1,0.3237623762376238,0.32450980392156864,0.3328195801160123,0.3328195801160123,0.8616844395302738,2.7030425047717896,0.1629864583611889,0.5171393380737682,0.5171393380737682,0.0504950495049505,0.0504950495049505,0.003073225245663977,600.0,1010,1010,hyser_subject_logo
hyser,hyser_subject_logo|subject12,agency_margin_tau_0.10,subject12,session1,session1,0.3237623762376238,0.32450980392156864,0.3328195801160123,0.3328195801160123,0.8767891090959572,3.278452680603338,0.1864495189689292,0.5171414268995419,0.5171414268995419,0.0504950495049505,0.0504950495049505,0.003073225245663977,600.0,1010,1010,hyser_subject_logo
hyser,hyser_subject_logo|subject12,set_acsa_tau_0.15,subject12,session1,session1,0.32772277227722774,0.3284313725490196,0.33930391333689686,0.33930391333689686,0.860162639482968,2.69873298631405,0.16195113421916246,0.5140825681657987,0.5140825681657987,0.09207920792079208,0.09207920792079208,0.008308563627442058,600.0,1010,1010,hyser_subject_logo
hyser,hyser_subject_logo|subject12,agency_margin_tau_0.15,subject12,session1,session1,0.3287128712871287,0.3294117647058824,0.34003805206307625,0.34003805206307625,0.8699322447620876,3.2270650085056105,0.1826320167309745,0.5139782767726951,0.5139782767726951,0.09306930693069307,0.09306930693069307,0.00844748198112233,600.0,1010,1010,hyser_subject_logo
hyser,hyser_subject_logo|subject12,set_acsa_tau_0.20,subject12,session1,session1,0.3306930693069307,0.3313725490196079,0.34312523836468756,0.34312523836468756,0.8583811358573709,2.6943385152331096,0.16033877100229554,0.5123099933585278,0.5123099933585278,0.1,0.1,0.009750287384205657,600.0,1010,1010,hyser_subject_logo
hyser,hyser_subject_logo|subject12,agency_margin_tau_0.20,subject12,session1,session1,0.3306930693069307,0.3313725490196079,0.34312523836468756,0.34312523836468756,0.8648788405159759,3.040897674113303,0.17544547882076247,0.5123099933585278,0.5123099933585278,0.1,0.1,0.009750287384205657,600.0,1010,1010,hyser_subject_logo
hyser,hyser_subject_logo|subject12,user_only,subject12,session2,session2,0.2916256157635468,0.29215686274509806,0.2781363944405209,0.2781363944405209,0.895763576781641,2.9241650446984324,0.1812050916252343,0.5563809798533965,0.5563809798533965,0.0,0.0,0.0,600.0,1015,1015,hyser_subject_logo
hyser,hyser_subject_logo|subject12,assist_only,subject12,session2,session2,0.30640394088669953,0.30764705882352944,0.28293404761231394,0.28293404761231394,0.8141252754567945,2.446594175782162,0.04046025923525768,0.5061821988527188,0.5061821988527188,0.7487684729064039,0.7487684729064039,0.289816737707922,600.0,1015,1015,hyser_subject_logo
hyser,hyser_subject_logo|subject12,confidence_blend_alpha_0.25,subject12,session2,session2,0.30935960591133005,0.31019607843137254,0.29529087104208646,0.29529087104208646,0.8292420904980448,2.4502688463301725,0.09972265553737172,0.5147615591959858,0.5147615591959858,0.04729064039408867,0.04729064039408867,0.0022439352015451402,600.0,1015,1015,hyser_subject_logo
hyser,hyser_subject_logo|subject12,confidence_blend_alpha_0.50,subject12,session2,session2,0.3389162561576355,0.34,0.3229956181691356,0.3229956181691356,0.7934618781826792,2.3280679023440256,0.06318367816181208,0.46113853965452717,0.46113853965452717,0.1793103448275862,0.1793103448275862,0.024747272524204465,600.0,1015,1015,hyser_subject_logo
hyser,hyser_subject_logo|subject12,confidence_blend_alpha_0.75,subject12,session2,session2,0.3536945812807882,0.3556862745098039,0.3298111973340928,0.3298111973340928,0.7884229398355446,2.304079529884873,0.10419166662982147,0.42849336153226725,0.42849336153226725,0.4669950738916256,0.4669950738916256,0.13200524448856382,600.0,1015,1015,hyser_subject_logo
hyser,hyser_subject_logo|subject12,selective_prediction,subject12,session2,session2,0.29326765188834153,0.2937908496732026,0.27956910636909776,0.27956910636909776,0.892326425658947,2.912715354569845,0.1835379587326417,0.5473129579961796,0.5473129579961796,0.00361247947454844,0.00361247947454844,0.0010310190921152898,600.0,3045,3045,hyser_subject_logo
hyser,hyser_subject_logo|subject12,set_acsa_tau_0.02,subject12,session2,session2,0.2975369458128079,0.2982352941176471,0.2859553551603331,0.2859553551603331,0.8881613998949566,2.8994693590518366,0.18558407280183592,0.5386580481529346,0.5386580481529346,0.01083743842364532,0.01083743842364532,0.0001444229991009556,600.0,1015,1015,hyser_subject_logo
hyser,hyser_subject_logo|subject12,agency_margin_tau_0.02,subject12,session2,session2,0.29852216748768473,0.29921568627450984,0.28638997668336097,0.28638997668336097,0.9017491325132688,3.5053499566876307,0.21643508079794696,0.538523214008711,0.538523214008711,0.011822660098522168,0.011822660098522168,0.00015805773351603445,600.0,1015,1015,hyser_subject_logo
hyser,hyser_subject_logo|subject12,set_acsa_tau_0.05,subject12,session2,session2,0.2995073891625616,0.3001960784313726,0.287717781281571,0.287717781281571,0.8875363434429673,2.8961455066546136,0.18417321899258188,0.53780854032649,0.53780854032649,0.015763546798029555,0.015763546798029555,0.00033421555910680205,600.0,1015,1015,hyser_subject_logo
hyser,hyser_subject_logo|subject12,agency_margin_tau_0.05,subject12,session2,session2,0.3024630541871921,0.3031372549019608,0.28932282483237404,0.28932282483237404,0.8973852628329037,3.4696043913422105,0.21341005712929054,0.5373798026133647,0.5373798026133647,0.0187192118226601,0.0187192118226601,0.00040612605602723134,600.0,1015,1015,hyser_subject_logo
hyser,hyser_subject_logo|subject12,set_acsa_tau_0.10,subject12,session2,session2,0.3024630541871921,0.3031372549019608,0.28879495605995026,0.28879495605995026,0.8856074894330386,2.8933734165228255,0.18359336327991754,0.5355966222953571,0.5355966222953571,0.030541871921182268,0.030541871921182268,0.0015277020115919157,600.0,1015,1015,hyser_subject_logo
hyser,hyser_subject_logo|subject12,agency_margin_tau_0.10,subject12,session2,session2,0.3054187192118227,0.3060784313725491,0.2912017622516416,0.2912017622516416,0.892919730324875,3.542515003713955,0.21301755529101055,0.535168193620437,0.535168193620437,0.03645320197044335,0.03645320197044335,0.0019488865037289524,600.0,1015,1015,hyser_subject_logo
hyser,hyser_subject_logo|subject12,set_acsa_tau_0.15,subject12,session2,session2,0.3044334975369458,0.3052941176470588,0.2869417037319571,0.2869417037319571,0.884021208557014,2.880665816125545,0.18552664795017318,0.5356088659795778,0.5356088659795778,0.06206896551724138,0.06206896551724138,0.005406468977803479,600.0,1015,1015,hyser_subject_logo
hyser,hyser_subject_logo|subject12,agency_margin_tau_0.15,subject12,session2,session2,0.30640394088669953,0.3072549019607843,0.28824512942472086,0.28824512942472086,0.8909487135416472,3.5165743359886763,0.21263226128647167,0.5354725205602219,0.5354725205602219,0.06305418719211822,0.06305418719211822,0.005416198445724387,600.0,1015,1015,hyser_subject_logo
hyser,hyser_subject_logo|subject12,set_acsa_tau_0.20,subject12,session2,session2,0.31133004926108376,0.3121568627450981,0.2953858961397247,0.2953858961397247,0.8791672288940832,2.852074117128558,0.18158091117777728,0.5328435989856123,0.5328435989856123,0.08669950738916256,0.08669950738916256,0.009543073723093012,600.0,1015,1015,hyser_subject_logo
hyser,hyser_subject_logo|subject12,agency_margin_tau_0.20,subject12,session2,session2,0.31133004926108376,0.3121568627450981,0.2955541760098074,0.2955541760098074,0.8827858442231806,3.2823381658269994,0.2011068632928091,0.5328825860382599,0.5328825860382599,0.08571428571428572,0.08571428571428572,0.009425165676961868,600.0,1015,1015,hyser_subject_logo
hyser,hyser_subject_logo|subject13,user_only,subject13,session1,session1,0.38308457711442784,0.38696078431372555,0.3682844037879652,0.3682844037879652,0.7764104350683353,2.15724538060747,0.048233245853494415,0.4705921474725969,0.4705921474725969,0.0,0.0,0.0,600.0,1005,1005,hyser_subject_logo
hyser,hyser_subject_logo|subject13,assist_only,subject13,session1,session1,0.4079601990049751,0.4042156862745098,0.3897521366093009,0.3897521366093009,0.7414581370959153,2.0011438287333982,0.08204549020071727,0.4094740918379596,0.4094740918379596,0.6656716417910448,0.6656716417910448,0.20075688352946733,600.0,1005,1005,hyser_subject_logo
hyser,hyser_subject_logo|subject13,confidence_blend_alpha_0.25,subject13,session1,session1,0.42388059701492536,0.4263725490196078,0.4111570797725958,0.4111570797725958,0.7317280279206412,1.915130193997697,0.06401138114181873,0.42802994939309136,0.42802994939309136,0.10049751243781095,0.10049751243781095,0.005060962769938129,600.0,1005,1005,hyser_subject_logo
hyser,hyser_subject_logo|subject13,confidence_blend_alpha_0.50,subject13,session1,session1,0.45870646766169154,0.45970588235294124,0.44645470302710644,0.44645470302710644,0.7110085092093099,1.8538701278993102,0.12938646873426668,0.3803010178125609,0.3803010178125609,0.2517412935323383,0.2517412935323383,0.032917838166467144,600.0,1005,1005,hyser_subject_logo
hyser,hyser_subject_logo|subject13,confidence_blend_alpha_0.75,subject13,session1,session1,0.4597014925373134,0.4595098039215686,0.44562565895001377,0.44562565895001377,0.7142518789343416,1.8681848885650776,0.14455335030737781,0.37512810348656905,0.37512810348656905,0.48656716417910445,0.48656716417910445,0.11491726488733382,600.0,1005,1005,hyser_subject_logo
hyser,hyser_subject_logo|subject13,selective_prediction,subject13,session1,session1,0.3963515754560531,0.4000326797385621,0.3816969450776141,0.3816969450776141,0.7631096826314288,2.129969751282817,0.048613626817990765,0.4417025188443016,0.4417025188443016,0.01824212271973466,0.01824212271973466,0.0031357569474938355,600.0,3015,3015,hyser_subject_logo
hyser,hyser_subject_logo|subject13,set_acsa_tau_0.02,subject13,session1,session1,0.3890547263681592,0.39264705882352946,0.3729865637669598,0.3729865637669598,0.7672362034173512,2.133109342226832,0.0651375173029677,0.4481712519424931,0.4481712519424931,0.014925373134328358,0.014925373134328358,0.00012551556167622312,600.0,1005,1005,hyser_subject_logo
hyser,hyser_subject_logo|subject13,agency_margin_tau_0.02,subject13,session1,session1,0.3900497512437811,0.39362745098039215,0.3739154992677531,0.3739154992677531,0.7895327532084006,3.149852226620313,0.11208067965820134,0.4480375892491886,0.4480375892491886,0.015920398009950248,0.015920398009950248,0.0001303363357359421,600.0,1005,1005,hyser_subject_logo
hyser,hyser_subject_logo|subject13,set_acsa_tau_0.05,subject13,session1,session1,0.3940298507462687,0.39754901960784317,0.37770769293638223,0.37770769293638223,0.7643654239781313,2.1231976192347064,0.061061050566036515,0.4442403472988101,0.4442403472988101,0.03781094527363184,0.03781094527363184,0.0009199602315035283,600.0,1005,1005,hyser_subject_logo
hyser,hyser_subject_logo|subject13,agency_margin_tau_0.05,subject13,session1,session1,0.39601990049751246,0.39950980392156865,0.379240651041702,0.379240651041702,0.7883374766028203,3.2535517360281934,0.11273326751057283,0.44408362535907947,0.44408362535907947,0.04079601990049751,0.04079601990049751,0.0009999854767497882,600.0,1005,1005,hyser_subject_logo
hyser,hyser_subject_logo|subject13,set_acsa_tau_0.10,subject13,session1,session1,0.40696517412935324,0.4088235294117647,0.39520722647584616,0.39520722647584616,0.758801736888401,2.107127152186422,0.05786467580479834,0.4364983191225345,0.4364983191225345,0.08159203980099503,0.08159203980099503,0.00416751530709078,600.0,1005,1005,hyser_subject_logo
hyser,hyser_subject_logo|subject13,agency_margin_tau_0.10,subject13,session1,session1,0.408955223880597,0.4107843137254902,0.3979465622297098,0.3979465622297098,0.7734724215954495,3.113561026458477,0.10813870334779285,0.43631274268828657,0.43631274268828657,0.08358208955223881,0.08358208955223881,0.00428589436455637,600.0,1005,1005,hyser_subject_logo
hyser,hyser_subject_logo|subject13,set_acsa_tau_0.15,subject13,session1,session1,0.41592039800995023,0.4171568627450981,0.4008220014675271,0.4008220014675271,0.7531877946406796,2.088787169990032,0.05973823391205081,0.4300371009678939,0.4300371009678939,0.1154228855721393,0.1154228855721393,0.008450017893927466,600.0,1005,1005,hyser_subject_logo
hyser,hyser_subject_logo|subject13,agency_margin_tau_0.15,subject13,session1,session1,0.41691542288557215,0.4181372549019608,0.4026414759026298,0.4026414759026298,0.76385719584489,2.905408225697394,0.09688323720226533,0.429888235762213,0.429888235762213,0.11641791044776119,0.11641791044776119,0.00856631475886482,600.0,1005,1005,hyser_subject_logo
hyser,hyser_subject_logo|subject13,set_acsa_tau_0.20,subject13,session1,session1,0.41890547263681593,0.4200980392156863,0.4054869422040678,0.4054869422040678,0.7502380738853046,2.073957225259135,0.062147533161513155,0.42721325216972245,0.42721325216972245,0.15522388059701492,0.15522388059701492,0.015478875892835437,600.0,1005,1005,hyser_subject_logo
hyser,hyser_subject_logo|subject13,agency_margin_tau_0.20,subject13,session1,session1,0.4199004975124378,0.4210784313725491,0.4074787191310595,0.4074787191310595,0.7577057049370504,2.6102229669792676,0.08841126056653145,0.42705861989924426,0.42705861989924426,0.15522388059701492,0.15522388059701492,0.015458926410623857,600.0,1005,1005,hyser_subject_logo
hyser,hyser_subject_logo|subject13,user_only,subject13,session2,session2,0.4852941176470588,0.4852941176470588,0.4727497745367586,0.4727497745367586,0.6315693499724496,1.7040066237268467,0.05747214146698684,0.27150269322321136,0.27150269322321136,0.0,0.0,0.0,600.0,1020,1020,hyser_subject_logo
hyser,hyser_subject_logo|subject13,assist_only,subject13,session2,session2,0.4294117647058823,0.4294117647058823,0.4161379916591123,0.4161379916591123,0.7035151319449378,1.9147555053685679,0.07928502643391677,0.35153993306141607,0.35153993306141607,0.615686274509804,0.615686274509804,0.19408383441024066,600.0,1020,1020,hyser_subject_logo
hyser,hyser_subject_logo|subject13,confidence_blend_alpha_0.25,subject13,session2,session2,0.5068627450980392,0.5068627450980392,0.5009135303014841,0.5009135303014841,0.6152137344016169,1.5800316076449556,0.10498839414426765,0.25583052183705046,0.25583052183705046,0.09215686274509804,0.09215686274509804,0.004081417374178323,600.0,1020,1020,hyser_subject_logo
hyser,hyser_subject_logo|subject13,confidence_blend_alpha_0.50,subject13,session2,session2,0.5480392156862746,0.5480392156862746,0.5481510415336225,0.5481510415336225,0.6217528262067151,1.5914947871378673,0.17573625417286912,0.23952715742443556,0.23952715742443556,0.24411764705882352,0.24411764705882352,0.03119277098848957,600.0,1020,1020,hyser_subject_logo
hyser,hyser_subject_logo|subject13,confidence_blend_alpha_0.75,subject13,session2,session2,0.5166666666666667,0.5166666666666666,0.5160372885498316,0.5160372885498316,0.6511866253877444,1.6715529695420894,0.16309766971125605,0.27660517097802895,0.27660517097802895,0.44803921568627453,0.44803921568627453,0.1037739074650634,600.0,1020,1020,hyser_subject_logo
hyser,hyser_subject_logo|subject13,selective_prediction,subject13,session2,session2,0.49019607843137253,0.4901960784313725,0.4773136005124402,0.4773136005124402,0.6233148029931107,1.6893887568926356,0.05538634246531286,0.26014954241147487,0.26014954241147487,0.00784313725490196,0.00784313725490196,0.0013420078040261955,600.0,3060,3060,hyser_subject_logo
hyser,hyser_subject_logo|subject13,set_acsa_tau_0.02,subject13,session2,session2,0.48627450980392156,0.4862745098039215,0.4760290437975995,0.4760290437975995,0.6233916891184748,1.7037489138479414,0.06305408838740818,0.258683331158572,0.258683331158572,0.01568627450980392,0.01568627450980392,0.00013696494572228867,600.0,1020,1020,hyser_subject_logo
hyser,hyser_subject_logo|subject13,agency_margin_tau_0.02,subject13,session2,session2,0.4872549019607843,0.4872549019607843,0.4772381911355804,0.4772381911355804,0.6454873859955589,2.7165015662349647,0.07823032189330668,0.2586824547484916,0.2586824547484916,0.018627450980392157,0.018627450980392157,0.0001750078198293805,600.0,1020,1020,hyser_subject_logo
hyser,hyser_subject_logo|subject13,set_acsa_tau_0.05,subject13,session2,session2,0.4931372549019608,0.49313725490196075,0.48466305494340983,0.48466305494340983,0.6221079576916315,1.706539768830868,0.058823020014223154,0.25557524502121404,0.25557524502121404,0.03431372549019608,0.03431372549019608,0.000778274931333089,600.0,1020,1020,hyser_subject_logo
hyser,hyser_subject_logo|subject13,agency_margin_tau_0.05,subject13,session2,session2,0.49411764705882355,0.49411764705882355,0.48587758545330884,0.48587758545330884,0.644070317101415,2.876280723735568,0.07026253034278362,0.25556875299233883,0.25556875299233883,0.03725490196078431,0.03725490196078431,0.0008388770219798034,600.0,1020,1020,hyser_subject_logo
hyser,hyser_subject_logo|subject13,set_acsa_tau_0.10,subject13,session2,session2,0.5009803921568627,0.5009803921568627,0.4957871945446903,0.4957871945446903,0.6209335095089181,1.731991202937332,0.05431920782659754,0.2534138766367268,0.2534138766367268,0.06862745098039216,0.06862745098039216,0.0033586685920425252,600.0,1020,1020,hyser_subject_logo
hyser,hyser_subject_logo|subject13,agency_margin_tau_0.10,subject13,session2,session2,0.5019607843137255,0.5019607843137255,0.4969807762706692,0.4969807762706692,0.631406073264627,2.539175362480228,0.06325685439976528,0.2532750967749907,0.2532750967749907,0.07352941176470588,0.07352941176470588,0.003634581779460738,600.0,1020,1020,hyser_subject_logo
hyser,hyser_subject_logo|subject13,set_acsa_tau_0.15,subject13,session2,session2,0.5098039215686274,0.5098039215686274,0.5082632700118896,0.5082632700118896,0.6158004785833837,1.713296983675706,0.05696707144998729,0.24857650710865448,0.24857650710865448,0.10588235294117647,0.10588235294117647,0.007913973006705016,600.0,1020,1020,hyser_subject_logo
hyser,hyser_subject_logo|subject13,agency_margin_tau_0.15,subject13,session2,session2,0.5107843137254902,0.5107843137254902,0.5090888085550014,0.5090888085550014,0.6224205685199758,2.3715064986267427,0.057743699863365305,0.24860090010241306,0.24860090010241306,0.11078431372549019,0.11078431372549019,0.008514176018381212,600.0,1020,1020,hyser_subject_logo
hyser,hyser_subject_logo|subject13,set_acsa_tau_0.20,subject13,session2,session2,0.5254901960784314,0.5254901960784313,0.5257714085618383,0.5257714085618383,0.6065512617507915,1.6899917060692364,0.06398078786528215,0.23955867892471464,0.23955867892471464,0.15,0.15,0.0156401915573057,600.0,1020,1020,hyser_subject_logo
hyser,hyser_subject_logo|subject13,agency_margin_tau_0.20,subject13,session2,session2,0.5254901960784314,0.5254901960784313,0.5255687411536424,0.5255687411536424,0.6061032474953298,2.089915998774453,0.0541158194516187,0.23963220128204882,0.23963220128204882,0.15294117647058825,0.15294117647058825,0.01617217117996001,600.0,1020,1020,hyser_subject_logo
hyser,hyser_subject_logo|subject14,user_only,subject14,session1,session1,0.22871287128712872,0.2264705882352941,0.19024843432737806,0.19024843432737806,0.929225219821027,3.2825853974046812,0.1770385111060354,0.6257275305395081,0.6257275305395081,0.0,0.0,0.0,600.0,1010,1010,hyser_subject_logo
hyser,hyser_subject_logo|subject14,assist_only,subject14,session1,session1,0.2495049504950495,0.24705882352941178,0.21457686397349496,0.21457686397349496,0.8740600875902664,3.0652507413713472,0.03511408614501489,0.5962974511157965,0.5962974511157965,0.7554455445544555,0.7554455445544555,0.2242894227911726,600.0,1010,1010,hyser_subject_logo
hyser,hyser_subject_logo|subject14,confidence_blend_alpha_0.25,subject14,session1,session1,0.23465346534653464,0.2323529411764706,0.1937232191144871,0.1937232191144871,0.8804128654952273,2.8688531434402478,0.10697210374334522,0.6038560311226939,0.6038560311226939,0.06732673267326733,0.06732673267326733,0.002681387022038868,600.0,1010,1010,hyser_subject_logo
hyser,hyser_subject_logo|subject14,confidence_blend_alpha_0.50,subject14,session1,session1,0.25742574257425743,0.2549019607843137,0.21460139994570024,0.21460139994570024,0.8549478920148451,2.7755162047027393,0.05278520079579621,0.5711726453079687,0.5711726453079687,0.2306930693069307,0.2306930693069307,0.026747488704755316,600.0,1010,1010,hyser_subject_logo
hyser,hyser_subject_logo|subject14,confidence_blend_alpha_0.75,subject14,session1,session1,0.2881188118811881,0.2852941176470588,0.24850191313552816,0.24850191313552816,0.8528302993798801,2.777129372709826,0.03442197221588898,0.5484145412483572,0.5484145412483572,0.5336633663366337,0.5336633663366337,0.11959546061101772,600.0,1010,1010,hyser_subject_logo
hyser,hyser_subject_logo|subject14,selective_prediction,subject14,session1,session1,0.2297029702970297,0.22745098039215686,0.19128509599654042,0.19128509599654042,0.9277511447335849,3.2814622418478265,0.17835322684472768,0.6179203442120295,0.6179203442120295,0.0016501650165016502,0.0016501650165016502,0.00035781689989768594,600.0,3030,3030,hyser_subject_logo
hyser,hyser_subject_logo|subject14,set_acsa_tau_0.02,subject14,session1,session1,0.22871287128712872,0.2264705882352941,0.19029655250964525,0.19029655250964525,0.9278521414497669,3.302467602661508,0.1841203689249182,0.6170580253120554,0.6170580253120554,0.005940594059405941,0.005940594059405941,5.0005033440405874e-05,600.0,1010,1010,hyser_subject_logo
hyser,hyser_subject_logo|subject14,agency_margin_tau_0.02,subject14,session1,session1,0.2297029702970297,0.22745098039215683,0.1907108111378247,0.1907108111378247,0.9571741600229827,4.319111503846047,0.21684077714587938,0.6170427257096368,0.6170427257096368,0.007920792079207921,0.007920792079207921,7.48003261187497e-05,600.0,1010,1010,hyser_subject_logo
hyser,hyser_subject_logo|subject14,set_acsa_tau_0.05,subject14,session1,session1,0.23366336633663368,0.23137254901960783,0.1950343269609736,0.1950343269609736,0.9282002375049547,3.3062703763538948,0.18100522171277159,0.6150396320202998,0.6150396320202998,0.02277227722772277,0.02277227722772277,0.000631752829213606,600.0,1010,1010,hyser_subject_logo
hyser,hyser_subject_logo|subject14,agency_margin_tau_0.05,subject14,session1,session1,0.23366336633663368,0.23137254901960783,0.19458479730158507,0.19458479730158507,0.9587671019010333,4.475607925549862,0.21894774622478352,0.6150515896878309,0.6150515896878309,0.027722772277227723,0.027722772277227723,0.0007608828443187778,600.0,1010,1010,hyser_subject_logo
hyser,hyser_subject_logo|subject14,set_acsa_tau_0.10,subject14,session1,session1,0.23663366336633662,0.23431372549019608,0.197620746266935,0.197620746266935,0.9278080108068055,3.3267492453492027,0.18041956481862892,0.613791200644207,0.613791200644207,0.053465346534653464,0.053465346534653464,0.002969748705587402,600.0,1010,1010,hyser_subject_logo
hyser,hyser_subject_logo|subject14,agency_margin_tau_0.10,subject14,session1,session1,0.23663366336633662,0.23431372549019608,0.19768904168324353,0.19768904168324353,0.9520182550887388,4.390449149109295,0.21704829930673414,0.6137952752632977,0.6137952752632977,0.055445544554455446,0.055445544554455446,0.0030768690679324868,600.0,1010,1010,hyser_subject_logo
hyser,hyser_subject_logo|subject14,set_acsa_tau_0.15,subject14,session1,session1,0.23663366336633662,0.23431372549019605,0.19823988590618047,0.19823988590618047,0.928516975482181,3.3259988035997234,0.1838304685336176,0.6146633730502399,0.6146633730502399,0.09207920792079208,0.09207920792079208,0.007956433450663745,600.0,1010,1010,hyser_subject_logo
hyser,hyser_subject_logo|subject14,agency_margin_tau_0.15,subject14,session1,session1,0.23663366336633662,0.23431372549019605,0.19814100417551797,0.19814100417551797,0.9495919631104855,4.390000093800314,0.21520049383099762,0.61467064572743,0.61467064572743,0.09405940594059406,0.09405940594059406,0.008114962086724731,600.0,1010,1010,hyser_subject_logo
hyser,hyser_subject_logo|subject14,set_acsa_tau_0.20,subject14,session1,session1,0.24158415841584158,0.2392156862745098,0.20417230271208195,0.20417230271208195,0.9273206455681196,3.33566611962219,0.18045672171752522,0.6136984554726261,0.6136984554726261,0.12079207920792079,0.12079207920792079,0.01302378598433809,600.0,1010,1010,hyser_subject_logo
hyser,hyser_subject_logo|subject14,agency_margin_tau_0.20,subject14,session1,session1,0.24158415841584158,0.2392156862745098,0.20417230271208195,0.20417230271208195,0.9414008744992555,4.170844003808809,0.20487546648919072,0.6136998117726398,0.6136998117726398,0.12079207920792079,0.12079207920792079,0.01302378598433809,600.0,1010,1010,hyser_subject_logo
hyser,hyser_subject_logo|subject14,user_only,subject14,session2,session2,0.32736318407960197,0.3288235294117647,0.31409795341287705,0.31409795341287705,0.789099851078466,2.337537685075278,0.10703959528087748,0.43276581256215607,0.43276581256215607,0.0,0.0,0.0,600.0,1005,1005,hyser_subject_logo
hyser,hyser_subject_logo|subject14,assist_only,subject14,session2,session2,0.272636815920398,0.2731372549019608,0.2404423941387323,0.2404423941387323,0.8399766584941325,2.8427833825251283,0.033431161612326704,0.5303260371087957,0.5303260371087957,0.6517412935323383,0.6517412935323383,0.18672462325473188,600.0,1005,1005,hyser_subject_logo
hyser,hyser_subject_logo|subject14,confidence_blend_alpha_0.25,subject14,session2,session2,0.3383084577114428,0.33960784313725484,0.3265651447852345,0.3265651447852345,0.7685096504265669,2.2717030115197105,0.07812350707021756,0.4106010785688425,0.4106010785688425,0.07860696517412935,0.07860696517412935,0.0027001151625422365,600.0,1005,1005,hyser_subject_logo
hyser,hyser_subject_logo|subject14,confidence_blend_alpha_0.50,subject14,session2,session2,0.3482587064676617,0.3494117647058823,0.3306667155751337,0.3306667155751337,0.770125718111863,2.304361603374595,0.07964190425368046,0.3946587818104149,0.3946587818104149,0.20796019900497512,0.20796019900497512,0.022828395770123584,600.0,1005,1005,hyser_subject_logo
hyser,hyser_subject_logo|subject14,confidence_blend_alpha_0.75,subject14,session2,session2,0.33134328358208953,0.3327450980392157,0.305960954933894,0.305960954933894,0.7939480541343541,2.408965880231717,0.05666891761101397,0.43340144289196336,0.43340144289196336,0.4199004975124378,0.4199004975124378,0.08486634478572765,600.0,1005,1005,hyser_subject_logo
hyser,hyser_subject_logo|subject14,selective_prediction,subject14,session2,session2,0.32902155887230516,0.33045751633986925,0.3154728085346869,0.3154728085346869,0.7865385413406851,2.347919691413457,0.1106723424365494,0.4260966070960898,0.4260966070960898,0.004643449419568822,0.004643449419568822,0.0011290054679032467,600.0,3015,3015,hyser_subject_logo
hyser,hyser_subject_logo|subject14,set_acsa_tau_0.02,subject14,session2,session2,0.32736318407960197,0.3288235294117647,0.3151495792193389,0.3151495792193389,0.7846798501946629,2.3359541082625017,0.11874217210861567,0.4224759011594657,0.4224759011594657,0.011940298507462687,0.011940298507462687,0.0001118294656659728,600.0,1005,1005,hyser_subject_logo
hyser,hyser_subject_logo|subject14,agency_margin_tau_0.02,subject14,session2,session2,0.32736318407960197,0.3288235294117647,0.3153099061325247,0.3153099061325247,0.8072805402943313,3.2466001266852906,0.15492968032226306,0.42230616372818386,0.42230616372818386,0.012935323383084577,0.012935323383084577,0.00011341491297612509,600.0,1005,1005,hyser_subject_logo
hyser,hyser_subject_logo|subject14,set_acsa_tau_0.05,subject14,session2,session2,0.3283582089552239,0.3298039215686274,0.31471086251662594,0.31471086251662594,0.7848388362196267,2.360926579646542,0.11968591266131112,0.42135995115547575,0.42135995115547575,0.024875621890547265,0.024875621890547265,0.0005654131328810381,600.0,1005,1005,hyser_subject_logo
hyser,hyser_subject_logo|subject14,agency_margin_tau_0.05,subject14,session2,session2,0.3283582089552239,0.3298039215686274,0.3148622875639807,0.3148622875639807,0.8072376148543959,3.3794074939420975,0.15624260481492125,0.4211788832934774,0.4211788832934774,0.025870646766169153,0.025870646766169153,0.0005669985801911903,600.0,1005,1005,hyser_subject_logo
hyser,hyser_subject_logo|subject14,set_acsa_tau_0.10,subject14,session2,session2,0.33034825870646767,0.3317647058823529,0.31576903044461985,0.31576903044461985,0.7839705231786962,2.3649193363022984,0.1211096740214491,0.41842891174265057,0.41842891174265057,0.0527363184079602,0.0527363184079602,0.0026064494395907464,600.0,1005,1005,hyser_subject_logo
hyser,hyser_subject_logo|subject14,agency_margin_tau_0.10,subject14,session2,session2,0.33034825870646767,0.3317647058823529,0.3152126534492578,0.3152126534492578,0.7987931598814341,3.3108574509059747,0.15427586693098833,0.41854247941270234,0.41854247941270234,0.05771144278606965,0.05771144278606965,0.002926575255444695,600.0,1005,1005,hyser_subject_logo
hyser,hyser_subject_logo|subject14,set_acsa_tau_0.15,subject14,session2,session2,0.3333333333333333,0.33470588235294113,0.3184652084030581,0.3184652084030581,0.783754945901706,2.368965310797299,0.12103078167098745,0.4176778283099534,0.4176778283099534,0.07761194029850746,0.07761194029850746,0.005714666391738315,600.0,1005,1005,hyser_subject_logo
hyser,hyser_subject_logo|subject14,agency_margin_tau_0.15,subject14,session2,session2,0.33233830845771145,0.3337254901960784,0.31726945751121516,0.31726945751121516,0.7917252309177296,2.8740880966785243,0.14418335855041345,0.41779076969719686,0.41779076969719686,0.07860696517412935,0.07860696517412935,0.005804029551115255,600.0,1005,1005,hyser_subject_logo
hyser,hyser_subject_logo|subject14,set_acsa_tau_0.20,subject14,session2,session2,0.33432835820895523,0.33588235294117647,0.31690177589594665,0.31690177589594665,0.7829500885880528,2.401049021244578,0.12307991741492309,0.41791208473791486,0.41791208473791486,0.10646766169154229,0.10646766169154229,0.010736460260728848,600.0,1005,1005,hyser_subject_logo
hyser,hyser_subject_logo|subject14,agency_margin_tau_0.20,subject14,session2,session2,0.33432835820895523,0.33588235294117647,0.316947676320122,0.316947676320122,0.7873319725876237,2.7565892228910216,0.13914954650878147,0.4179181435537101,0.4179181435537101,0.10746268656716418,0.10746268656716418,0.010925292227782865,600.0,1005,1005,hyser_subject_logo
hyser,hyser_subject_logo|subject15,user_only,subject15,session1,session1,0.2950980392156863,0.2950980392156863,0.2961090164983666,0.2961090164983666,0.8416945513708591,2.626490230732655,0.08960161874503472,0.5320910343132056,0.5320910343132056,0.0,0.0,0.0,600.0,1020,1020,hyser_subject_logo
hyser,hyser_subject_logo|subject15,assist_only,subject15,session1,session1,0.3284313725490196,0.3284313725490196,0.3058184126702335,0.3058184126702335,0.8209473292149235,2.402702676294207,0.0645280110446327,0.514502873954107,0.514502873954107,0.7676470588235295,0.7676470588235295,0.22250673298821114,600.0,1020,1020,hyser_subject_logo
hyser,hyser_subject_logo|subject15,confidence_blend_alpha_0.25,subject15,session1,session1,0.3156862745098039,0.31568627450980397,0.31805105839812803,0.31805105839812803,0.8007784675185775,2.2877114298058467,0.053299483420860896,0.48419257967122115,0.48419257967122115,0.07058823529411765,0.07058823529411765,0.004375603917819378,600.0,1020,1020,hyser_subject_logo
hyser,hyser_subject_logo|subject15,confidence_blend_alpha_0.50,subject15,session1,session1,0.37745098039215685,0.37745098039215685,0.3729133202484748,0.3729133202484748,0.7836819025418296,2.2153388382316654,0.10254776197391854,0.419287588702848,0.419287588702848,0.27647058823529413,0.27647058823529413,0.04503248892042564,600.0,1020,1020,hyser_subject_logo
hyser,hyser_subject_logo|subject15,confidence_blend_alpha_0.75,subject15,session1,session1,0.39019607843137255,0.39019607843137255,0.3717371506445869,0.3717371506445869,0.7904048564406152,2.2311722623675547,0.1377745530072751,0.43706029469818136,0.43706029469818136,0.553921568627451,0.553921568627451,0.13437273437937639,600.0,1020,1020,hyser_subject_logo
hyser,hyser_subject_logo|subject15,selective_prediction,subject15,session1,session1,0.30130718954248364,0.3013071895424837,0.3044055449523837,0.3044055449523837,0.8408792719501078,2.622431804292895,0.09033091312812848,0.5373116023888925,0.5373116023888925,0.01568627450980392,0.01568627450980392,0.0038282011053043935,600.0,3060,3060,hyser_subject_logo
hyser,hyser_subject_logo|subject15,set_acsa_tau_0.02,subject15,session1,session1,0.296078431372549,0.296078431372549,0.29763846116276,0.29763846116276,0.839543817522172,2.6111617646937173,0.09616657987120257,0.5311673266821048,0.5311673266821048,0.00784313725490196,0.00784313725490196,7.41231072788899e-05,600.0,1020,1020,hyser_subject_logo
hyser,hyser_subject_logo|subject15,agency_margin_tau_0.02,subject15,session1,session1,0.296078431372549,0.296078431372549,0.29763846116276,0.29763846116276,0.8552558909426945,3.3544128455967135,0.12444411057887239,0.5311692556391026,0.5311692556391026,0.00784313725490196,0.00784313725490196,7.41231072788899e-05,600.0,1020,1020,hyser_subject_logo
hyser,hyser_subject_logo|subject15,set_acsa_tau_0.05,subject15,session1,session1,0.3,0.30000000000000004,0.3011524290822303,0.3011524290822303,0.83734147889955,2.6051442829832814,0.09367997581889687,0.5277752174476694,0.5277752174476694,0.014705882352941176,0.014705882352941176,0.00033295704615807263,600.0,1020,1020,hyser_subject_logo
hyser,hyser_subject_logo|subject15,agency_margin_tau_0.05,subject15,session1,session1,0.3,0.30000000000000004,0.3011524290822303,0.3011524290822303,0.8511146337496859,3.2984515637575584,0.1235023398615342,0.527777146404667,0.527777146404667,0.014705882352941176,0.014705882352941176,0.00033295704615807263,600.0,1020,1020,hyser_subject_logo
hyser,hyser_subject_logo|subject15,set_acsa_tau_0.10,subject15,session1,session1,0.3088235294117647,0.3088235294117647,0.31034561923837756,0.31034561923837756,0.8340972809723209,2.5960940559885044,0.08958132198093358,0.519876560967369,0.519876560967369,0.043137254901960784,0.043137254901960784,0.002546604382944329,600.0,1020,1020,hyser_subject_logo
hyser,hyser_subject_logo|subject15,agency_margin_tau_0.10,subject15,session1,session1,0.30980392156862746,0.30980392156862746,0.31087286674031345,0.31087286674031345,0.8472062465089286,3.375489478805689,0.12038938766257629,0.5196940010414869,0.5196940010414869,0.045098039215686274,0.045098039215686274,0.0026915154487249303,600.0,1020,1020,hyser_subject_logo
hyser,hyser_subject_logo|subject15,set_acsa_tau_0.15,subject15,session1,session1,0.31666666666666665,0.3166666666666667,0.3217536735915557,0.3217536735915557,0.8326043067089864,2.583897611700331,0.08498054327720622,0.519964112507099,0.519964112507099,0.07450980392156863,0.07450980392156863,0.006371374633599811,600.0,1020,1020,hyser_subject_logo
hyser,hyser_subject_logo|subject15,agency_margin_tau_0.15,subject15,session1,session1,0.31862745098039214,0.3186274509803922,0.3230309369441353,0.3230309369441353,0.8393356547417601,3.1702195057971236,0.11156302249166793,0.5195463249204952,0.5195463249204952,0.07745098039215687,0.07745098039215687,0.006702325021932068,600.0,1020,1020,hyser_subject_logo
hyser,hyser_subject_logo|subject15,set_acsa_tau_0.20,subject15,session1,session1,0.3254901960784314,0.3254901960784314,0.3304182471995907,0.3304182471995907,0.8292431860370324,2.563000117839532,0.08443376850544097,0.5158130683606286,0.5158130683606286,0.11764705882352941,0.11764705882352941,0.01396460403757369,600.0,1020,1020,hyser_subject_logo
hyser,hyser_subject_logo|subject15,agency_margin_tau_0.20,subject15,session1,session1,0.32745098039215687,0.32745098039215687,0.33183805620017137,0.33183805620017137,0.8325793845568292,3.1278958235323806,0.10681117839135304,0.5154398184884087,0.5154398184884087,0.11960784313725491,0.11960784313725491,0.014161618988837379,600.0,1020,1020,hyser_subject_logo
hyser,hyser_subject_logo|subject15,user_only,subject15,session2,session2,0.4129353233830846,0.41568627450980394,0.39106079870103805,0.39106079870103805,0.7045343526572221,1.8887289022892773,0.04582571421265875,0.36178368211356726,0.36178368211356726,0.0,0.0,0.0,600.0,1005,1005,hyser_subject_logo
hyser,hyser_subject_logo|subject15,assist_only,subject15,session2,session2,0.2537313432835821,0.25,0.22732769463078803,0.22732769463078803,0.8615057100522779,2.838872942381078,0.06623955422528094,0.6566963025528977,0.6566963025528977,0.6417910447761194,0.6417910447761194,0.17793530885341843,600.0,1005,1005,hyser_subject_logo
hyser,hyser_subject_logo|subject15,confidence_blend_alpha_0.25,subject15,session2,session2,0.41890547263681593,0.4215686274509804,0.3935081114196084,0.3935081114196084,0.7142147759085629,1.9213727727583418,0.07431223328951618,0.37937617998160306,0.37937617998160306,0.08855721393034825,0.08855721393034825,0.0036433074159723535,600.0,1005,1005,hyser_subject_logo
hyser,hyser_subject_logo|subject15,confidence_blend_alpha_0.50,subject15,session2,session2,0.4019900497512438,0.40294117647058825,0.3844647005506368,0.3844647005506368,0.743603476558261,2.0182531145075115,0.08725507860297721,0.43012459072348025,0.43012459072348025,0.23582089552238805,0.23582089552238805,0.027234269812978617,600.0,1005,1005,hyser_subject_logo
hyser,hyser_subject_logo|subject15,confidence_blend_alpha_0.75,subject15,session2,session2,0.345273631840796,0.34411764705882353,0.32459055834061346,0.32459055834061346,0.7927004546063162,2.1873087090825596,0.06797056389162688,0.5356765737725505,0.5356765737725505,0.4736318407960199,0.4736318407960199,0.09835657608595051,600.0,1005,1005,hyser_subject_logo
hyser,hyser_subject_logo|subject15,selective_prediction,subject15,session2,session2,0.41194029850746267,0.4147058823529412,0.3903973787970592,0.3903973787970592,0.7078418568291851,1.8934248082667846,0.04474110628617129,0.3685584748237098,0.3685584748237098,0.007296849087893864,0.007296849087893864,0.0012055216279023406,600.0,3015,3015,hyser_subject_logo
hyser,hyser_subject_logo|subject15,set_acsa_tau_0.02,subject15,session2,session2,0.41691542288557215,0.41960784313725497,0.39454675948887075,0.39454675948887075,0.7101471613551229,1.934380483078625,0.041915447733329836,0.36876892325749755,0.36876892325749755,0.01890547263681592,0.01890547263681592,0.0002136028613341763,600.0,1005,1005,hyser_subject_logo
hyser,hyser_subject_logo|subject15,agency_margin_tau_0.02,subject15,session2,session2,0.41691542288557215,0.41960784313725497,0.3946507978279844,0.3946507978279844,0.7585131784323802,3.652108367524833,0.10472389982778899,0.36819027884244804,0.36819027884244804,0.022885572139303482,0.022885572139303482,0.0002598805862583442,600.0,1005,1005,hyser_subject_logo
hyser,hyser_subject_logo|subject15,set_acsa_tau_0.05,subject15,session2,session2,0.41691542288557215,0.41960784313725497,0.39385341919261424,0.39385341919261424,0.7119242838504223,1.9432435163379813,0.0438456515834388,0.36998561733701757,0.36998561733701757,0.03980099502487562,0.03980099502487562,0.000944611544358225,600.0,1005,1005,hyser_subject_logo
hyser,hyser_subject_logo|subject15,agency_margin_tau_0.05,subject15,session2,session2,0.41890547263681593,0.42156862745098045,0.3960157981151041,0.3960157981151041,0.7546909990253818,3.5646623777033724,0.10199544641304192,0.36933222323099046,0.36933222323099046,0.04378109452736319,0.04378109452736319,0.001014993383501985,600.0,1005,1005,hyser_subject_logo
hyser,hyser_subject_logo|subject15,set_acsa_tau_0.10,subject15,session2,session2,0.41890547263681593,0.42156862745098045,0.3939884325711406,0.3939884325711406,0.7142058037150156,1.9861808002981665,0.045099935041282284,0.3704181221602499,0.3704181221602499,0.07263681592039802,0.07263681592039802,0.0034805161598107336,600.0,1005,1005,hyser_subject_logo
hyser,hyser_subject_logo|subject15,agency_margin_tau_0.10,subject15,session2,session2,0.4218905472636816,0.4245098039215687,0.39709324347942065,0.39709324347942065,0.752169437298675,3.4673122435022856,0.10281868224736535,0.36960297425807914,0.36960297425807914,0.07661691542288557,0.07661691542288557,0.0036979147793363663,600.0,1005,1005,hyser_subject_logo
hyser,hyser_subject_logo|subject15,set_acsa_tau_0.15,subject15,session2,session2,0.4129353233830846,0.4147058823529412,0.3901164701640363,0.3901164701640363,0.7185254120491591,2.0255465355128637,0.05277978675864244,0.375500754390143,0.375500754390143,0.11442786069651742,0.11442786069651742,0.008723246796738453,600.0,1005,1005,hyser_subject_logo
hyser,hyser_subject_logo|subject15,agency_margin_tau_0.15,subject15,session2,session2,0.41393034825870645,0.41568627450980394,0.3909538202334962,0.3909538202334962,0.7543262815544155,3.336108495081355,0.0981795619485353,0.3753609756644276,0.3753609756644276,0.1154228855721393,0.1154228855721393,0.008822545212705563,600.0,1005,1005,hyser_subject_logo
hyser,hyser_subject_logo|subject15,set_acsa_tau_0.20,subject15,session2,session2,0.4059701492537313,0.40784313725490196,0.38330447287638814,0.38330447287638814,0.7252694887428955,2.079401277831487,0.05933844709842198,0.3823043873352656,0.3823043873352656,0.15323383084577114,0.15323383084577114,0.015520056745494457,600.0,1005,1005,hyser_subject_logo
hyser,hyser_subject_logo|subject15,agency_margin_tau_0.20,subject15,session2,session2,0.4059701492537313,0.40784313725490196,0.38330447287638814,0.38330447287638814,0.7564029807959031,3.133187815408044,0.09272941309980673,0.3823043873352656,0.3823043873352656,0.15323383084577114,0.15323383084577114,0.015520056745494457,600.0,1005,1005,hyser_subject_logo
hyser,hyser_subject_logo|subject16,user_only,subject16,session1,session1,0.17688442211055277,0.1843137254901961,0.14635102350865606,0.14635102350865606,0.9661649935662094,3.2372553117254044,0.21180381380029195,0.6944051407368347,0.6944051407368347,0.0,0.0,0.0,600.0,995,995,hyser_subject_logo
hyser,hyser_subject_logo|subject16,assist_only,subject16,session1,session1,0.22613065326633167,0.23303921568627453,0.18343890576380695,0.18343890576380695,0.8873160228878831,3.013880812761861,0.04651591785103606,0.6058721318984358,0.6058721318984358,0.7025125628140704,0.7025125628140704,0.18219550769807233,600.0,995,995,hyser_subject_logo
hyser,hyser_subject_logo|subject16,confidence_blend_alpha_0.25,subject16,session1,session1,0.192964824120603,0.20019607843137255,0.16416274857989874,0.16416274857989874,0.9161217808927495,2.9120984746355405,0.13696288356564346,0.6668917228378985,0.6668917228378985,0.09447236180904522,0.09447236180904522,0.003909352430479633,600.0,995,995,hyser_subject_logo
hyser,hyser_subject_logo|subject16,confidence_blend_alpha_0.50,subject16,session1,session1,0.21407035175879396,0.22176470588235295,0.18085264538878865,0.18085264538878865,0.8862992148885499,2.8218338775627627,0.07847485037169623,0.6217741690670116,0.6217741690670116,0.271356783919598,0.271356783919598,0.03023215742855046,600.0,995,995,hyser_subject_logo
hyser,hyser_subject_logo|subject16,confidence_blend_alpha_0.75,subject16,session1,session1,0.23115577889447236,0.23892156862745098,0.18829748488749026,0.18829748488749026,0.8766972955536108,2.811388995309657,0.07265356803864333,0.5864456046435549,0.5864456046435549,0.5336683417085427,0.5336683417085427,0.10610772294315401,600.0,995,995,hyser_subject_logo
hyser,hyser_subject_logo|subject16,selective_prediction,subject16,session1,session1,0.183249581239531,0.19052287581699348,0.15484891725168004,0.15484891725168004,0.9598277336896273,3.2265575742404664,0.20784114511027307,0.6794541860965455,0.6794541860965455,0.006700167504187605,0.006700167504187605,0.001958832135012677,600.0,2985,2985,hyser_subject_logo
hyser,hyser_subject_logo|subject16,set_acsa_tau_0.02,subject16,session1,session1,0.17788944723618091,0.18529411764705886,0.14746787806043776,0.14746787806043776,0.9636745555522563,3.228206279810994,0.21849775248104816,0.6850980001704259,0.6850980001704259,0.009045226130653266,0.009045226130653266,9.115906995654225e-05,600.0,995,995,hyser_subject_logo
hyser,hyser_subject_logo|subject16,agency_margin_tau_0.02,subject16,session1,session1,0.17889447236180905,0.1862745098039216,0.14810939626251718,0.14810939626251718,0.9951113052638388,4.417106116285305,0.2572037612370383,0.684708441662395,0.684708441662395,0.01407035175879397,0.01407035175879397,0.00016193731468751684,600.0,995,995,hyser_subject_logo
hyser,hyser_subject_logo|subject16,set_acsa_tau_0.05,subject16,session1,session1,0.18391959798994975,0.1911764705882353,0.15397079237697114,0.15397079237697114,0.9620174825610011,3.218880776108031,0.2147173064463018,0.6831098148614269,0.6831098148614269,0.035175879396984924,0.035175879396984924,0.0011280611986718618,600.0,995,995,hyser_subject_logo
hyser,hyser_subject_logo|subject16,agency_margin_tau_0.05,subject16,session1,session1,0.1849246231155779,0.19215686274509805,0.15454923842639112,0.15454923842639112,0.9923169019299057,4.825950197780009,0.25656586229893347,0.6827462728899691,0.6827462728899691,0.04321608040201005,0.04321608040201005,0.0013610529079634962,600.0,995,995,hyser_subject_logo
hyser,hyser_subject_logo|subject16,set_acsa_tau_0.10,subject16,session1,session1,0.18693467336683417,0.19411764705882353,0.15814708500919708,0.15814708500919708,0.9630873520597202,3.23148151592861,0.21532212226919623,0.681585172138157,0.681585172138157,0.08442211055276382,0.08442211055276382,0.004723046717744649,600.0,995,995,hyser_subject_logo
hyser,hyser_subject_logo|subject16,agency_margin_tau_0.10,subject16,session1,session1,0.1879396984924623,0.19509803921568628,0.15898569660904976,0.15898569660904976,0.986477724671197,4.67383837663425,0.24920169523064575,0.6813968200105854,0.6813968200105854,0.08743718592964825,0.08743718592964825,0.004896962818746924,600.0,995,995,hyser_subject_logo
hyser,hyser_subject_logo|subject16,set_acsa_tau_0.15,subject16,session1,session1,0.1899497487437186,0.1974509803921569,0.16185227040483935,0.16185227040483935,0.9628379109920804,3.224063062405025,0.21622419331855539,0.6782251560721652,0.6782251560721652,0.12060301507537688,0.12060301507537688,0.009256494013085334,600.0,995,995,hyser_subject_logo
hyser,hyser_subject_logo|subject16,agency_margin_tau_0.15,subject16,session1,session1,0.1899497487437186,0.1974509803921569,0.16181036934689552,0.16181036934689552,0.9811329489256831,4.347452009480361,0.24331241930425135,0.6782313579347893,0.6782313579347893,0.12160804020100502,0.12160804020100502,0.009317160866751602,600.0,995,995,hyser_subject_logo
hyser,hyser_subject_logo|subject16,set_acsa_tau_0.20,subject16,session1,session1,0.19195979899497487,0.1996078431372549,0.16420825585370635,0.16420825585370635,0.9614573853470879,3.217651799535565,0.21675505789765898,0.6751263774130872,0.6751263774130872,0.14170854271356784,0.14170854271356784,0.01292807173379484,600.0,995,995,hyser_subject_logo
hyser,hyser_subject_logo|subject16,agency_margin_tau_0.20,subject16,session1,session1,0.19195979899497487,0.1996078431372549,0.16420825585370635,0.16420825585370635,0.9711925445108857,3.894756239263978,0.23402497895849073,0.6751263774130872,0.6751263774130872,0.14170854271356784,0.14170854271356784,0.01292807173379484,600.0,995,995,hyser_subject_logo
hyser,hyser_subject_logo|subject16,user_only,subject16,session2,session2,0.4852941176470588,0.4852941176470587,0.4823854811892799,0.4823854811892799,0.6316845745635631,1.5852890841233678,0.04167890395665843,0.2782186841576001,0.2782186841576001,0.0,0.0,0.0,600.0,1020,1020,hyser_subject_logo
hyser,hyser_subject_logo|subject16,assist_only,subject16,session2,session2,0.3872549019607843,0.38725490196078427,0.3607846571121572,0.3607846571121572,0.7806712745278999,2.2868882667485426,0.09612871302336763,0.4857807085673083,0.4857807085673083,0.5941176470588235,0.5941176470588235,0.17254088888340216,600.0,1020,1020,hyser_subject_logo
hyser,hyser_subject_logo|subject16,confidence_blend_alpha_0.25,subject16,session2,session2,0.49117647058823527,0.49117647058823527,0.4921391603212677,0.4921391603212677,0.6355883763082103,1.5969856026278526,0.08160168407630261,0.2861706341995349,0.2861706341995349,0.06666666666666667,0.06666666666666667,0.002667007668237344,600.0,1020,1020,hyser_subject_logo
hyser,hyser_subject_logo|subject16,confidence_blend_alpha_0.50,subject16,session2,session2,0.5009803921568627,0.5009803921568627,0.49698749204249426,0.49698749204249426,0.6617207602172017,1.6756929573418258,0.1424651281465599,0.313159582405277,0.313159582405277,0.2088235294117647,0.2088235294117647,0.0274650355985337,600.0,1020,1020,hyser_subject_logo
hyser,hyser_subject_logo|subject16,confidence_blend_alpha_0.75,subject16,session2,session2,0.4803921568627451,0.48039215686274506,0.46787162442497776,0.46787162442497776,0.7100817262905371,1.818874943608964,0.16233905604450252,0.38168958224033095,0.38168958224033095,0.4294117647058823,0.4294117647058823,0.09390912563790559,600.0,1020,1020,hyser_subject_logo
hyser,hyser_subject_logo|subject16,selective_prediction,subject16,session2,session2,0.48594771241830065,0.48594771241830054,0.4831888963101749,0.4831888963101749,0.6351289450241137,1.607026975878949,0.03471006186347631,0.28235099696539173,0.28235099696539173,0.006862745098039216,0.006862745098039216,0.001646519408188265,600.0,3060,3060,hyser_subject_logo
hyser,hyser_subject_logo|subject16,set_acsa_tau_0.02,subject16,session2,session2,0.4852941176470588,0.4852941176470587,0.4826770321408796,0.4826770321408796,0.6354264151685614,1.5921480723386923,0.04144098690822728,0.2860056267312551,0.2860056267312551,0.010784313725490196,0.010784313725490196,0.00011632352423309941,600.0,1020,1020,hyser_subject_logo
hyser,hyser_subject_logo|subject16,agency_margin_tau_0.02,subject16,session2,session2,0.4852941176470588,0.4852941176470587,0.48285213710235175,0.48285213710235175,0.6738786897436182,3.041258268283627,0.08895270455924068,0.2860567528164225,0.2860567528164225,0.011764705882352941,0.011764705882352941,0.0001287878001358483,600.0,1020,1020,hyser_subject_logo
hyser,hyser_subject_logo|subject16,set_acsa_tau_0.05,subject16,session2,session2,0.4872549019607843,0.4872549019607843,0.48497037141650334,0.48497037141650334,0.6347022286547339,1.59079524437949,0.04162487181877222,0.2854894143890287,0.2854894143890287,0.018627450980392157,0.018627450980392157,0.0003943485450267558,600.0,1020,1020,hyser_subject_logo
hyser,hyser_subject_logo|subject16,agency_margin_tau_0.05,subject16,session2,session2,0.48823529411764705,0.488235294117647,0.4861609546083513,0.4861609546083513,0.671275299922042,3.0327200900159723,0.07763602643223509,0.285512810032095,0.285512810032095,0.020588235294117647,0.020588235294117647,0.00044524088442236283,600.0,1020,1020,hyser_subject_logo
hyser,hyser_subject_logo|subject16,set_acsa_tau_0.10,subject16,session2,session2,0.48823529411764705,0.488235294117647,0.4864625880703006,0.4864625880703006,0.6353331914855435,1.6005997545843167,0.04635761284333363,0.2875562922695088,0.2875562922695088,0.05392156862745098,0.05392156862745098,0.003112015528793704,600.0,1020,1020,hyser_subject_logo
hyser,hyser_subject_logo|subject16,agency_margin_tau_0.10,subject16,session2,session2,0.49019607843137253,0.4901960784313725,0.4882700033488721,0.4882700033488721,0.6673833018964165,2.8737934684163506,0.07094018310998952,0.2875257842098922,0.2875257842098922,0.05784313725490196,0.05784313725490196,0.003302206888563113,600.0,1020,1020,hyser_subject_logo
hyser,hyser_subject_logo|subject16,set_acsa_tau_0.15,subject16,session2,session2,0.4931372549019608,0.49313725490196075,0.49142452519241725,0.49142452519241725,0.6336019771565056,1.5943981966770684,0.05026521755490133,0.28701626550907133,0.28701626550907133,0.07450980392156863,0.07450980392156863,0.005728429489348366,600.0,1020,1020,hyser_subject_logo
hyser,hyser_subject_logo|subject16,agency_margin_tau_0.15,subject16,session2,session2,0.49411764705882355,0.49411764705882344,0.49235583189417403,0.49235583189417403,0.6631876958396474,2.7102226114677235,0.07558710574685859,0.28701392982019025,0.28701392982019025,0.07647058823529412,0.07647058823529412,0.0058133011805586166,600.0,1020,1020,hyser_subject_logo
hyser,hyser_subject_logo|subject16,set_acsa_tau_0.20,subject16,session2,session2,0.4892156862745098,0.4892156862745098,0.48691739620111096,0.48691739620111096,0.6366240461552743,1.6351625086870087,0.04826663546601754,0.289502328450998,0.289502328450998,0.09215686274509804,0.09215686274509804,0.008826831327942243,600.0,1020,1020,hyser_subject_logo
hyser,hyser_subject_logo|subject16,agency_margin_tau_0.20,subject16,session2,session2,0.4892156862745098,0.4892156862745098,0.48711079430959214,0.48711079430959214,0.6667048532864525,2.7121416688337474,0.07369080671202208,0.28956699942644515,0.28956699942644515,0.09313725490196079,0.09313725490196079,0.008839295603844994,600.0,1020,1020,hyser_subject_logo
hyser,hyser_subject_logo|subject17,user_only,subject17,session1,session1,0.19203980099502488,0.1980392156862745,0.15598475669371095,0.15598475669371095,0.995493154868368,3.5822973668565985,0.22173988676101072,0.7527273466986293,0.7527273466986293,0.0,0.0,0.0,600.0,1005,1005,hyser_subject_logo
hyser,hyser_subject_logo|subject17,assist_only,subject17,session1,session1,0.27761194029850744,0.28039215686274516,0.24456925034708424,0.24456925034708424,0.8757247557679516,2.725269091882319,0.045545157281989386,0.6074438461763041,0.6074438461763041,0.7114427860696517,0.7114427860696517,0.2196209061690889,600.0,1005,1005,hyser_subject_logo
hyser,hyser_subject_logo|subject17,confidence_blend_alpha_0.25,subject17,session1,session1,0.2099502487562189,0.21666666666666667,0.17285217481519655,0.17285217481519655,0.930755055109213,2.980640733931924,0.13728133195028097,0.7177128278904538,0.7177128278904538,0.07263681592039802,0.07263681592039802,0.0031283233861268546,600.0,1005,1005,hyser_subject_logo
hyser,hyser_subject_logo|subject17,confidence_blend_alpha_0.50,subject17,session1,session1,0.23781094527363184,0.2450980392156863,0.2019432327293092,0.2019432327293092,0.8892142886727687,2.8009244715254815,0.05333911095386999,0.6614880204954048,0.6614880204954048,0.21293532338308457,0.21293532338308457,0.028122636022273165,600.0,1005,1005,hyser_subject_logo
hyser,hyser_subject_logo|subject17,confidence_blend_alpha_0.75,subject17,session1,session1,0.2646766169154229,0.27156862745098037,0.2274918008409046,0.2274918008409046,0.8708708555590349,2.7191545601871825,0.0409066820520363,0.6058638936823136,0.6058638936823136,0.4427860696517413,0.4427860696517413,0.09976651786449527,600.0,1005,1005,hyser_subject_logo
hyser,hyser_subject_logo|subject17,selective_prediction,subject17,session1,session1,0.19933665008291873,0.20522875816993463,0.16471150018312147,0.16471150018312147,0.9891879562156397,3.5622951367261497,0.21847152985123108,0.7372085844489117,0.7372085844489117,0.010281923714759536,0.010281923714759536,0.0025817039654220226,600.0,3015,3015,hyser_subject_logo
hyser,hyser_subject_logo|subject17,set_acsa_tau_0.02,subject17,session1,session1,0.19402985074626866,0.19999999999999998,0.1582366592565727,0.1582366592565727,0.9912073660982053,3.5716755149586277,0.22495191738549816,0.7415353661305646,0.7415353661305646,0.006965174129353234,0.006965174129353234,7.507342093732015e-05,600.0,1005,1005,hyser_subject_logo
hyser,hyser_subject_logo|subject17,agency_margin_tau_0.02,subject17,session1,session1,0.19303482587064677,0.19901960784313724,0.15659224914731323,0.15659224914731323,1.0014205686058313,4.073931964172938,0.2547667965691874,0.741556266217291,0.741556266217291,0.007960199004975124,0.007960199004975124,9.298454918454302e-05,600.0,1005,1005,hyser_subject_logo
hyser,hyser_subject_logo|subject17,set_acsa_tau_0.05,subject17,session1,session1,0.19701492537313434,0.2029411764705882,0.16144962742617106,0.16144962742617106,0.9898923787853997,3.5625343925275197,0.22270835557343094,0.7393292233960961,0.7393292233960961,0.014925373134328358,0.014925373134328358,0.0004028726882809813,600.0,1005,1005,hyser_subject_logo
hyser,hyser_subject_logo|subject17,agency_margin_tau_0.05,subject17,session1,session1,0.19701492537313434,0.2029411764705882,0.1603631678876892,0.1603631678876892,0.9997382452028057,4.179279295830465,0.2523628230401408,0.7392753238874387,0.7392753238874387,0.01791044776119403,0.01791044776119403,0.0004896056137018494,600.0,1005,1005,hyser_subject_logo
hyser,hyser_subject_logo|subject17,set_acsa_tau_0.10,subject17,session1,session1,0.208955223880597,0.2147058823529412,0.17272787162363146,0.17272787162363146,0.9849655623473181,3.527815346283235,0.21480248584092376,0.7320733860245315,0.7320733860245315,0.050746268656716415,0.050746268656716415,0.0031736570593432207,600.0,1005,1005,hyser_subject_logo
hyser,hyser_subject_logo|subject17,agency_margin_tau_0.10,subject17,session1,session1,0.2099502487562189,0.21568627450980393,0.17297672014833188,0.17297672014833188,0.9974532470627555,4.494751276384326,0.248503485673123,0.73200594356502,0.73200594356502,0.05472636815920398,0.05472636815920398,0.0033676020253443585,600.0,1005,1005,hyser_subject_logo
hyser,hyser_subject_logo|subject17,set_acsa_tau_0.15,subject17,session1,session1,0.21592039800995025,0.22254901960784312,0.18011475703455804,0.18011475703455804,0.9821986755682116,3.5079555274496017,0.2097607790379918,0.7289025336585558,0.7289025336585558,0.07263681592039802,0.07263681592039802,0.005944033793598014,600.0,1005,1005,hyser_subject_logo
hyser,hyser_subject_logo|subject17,agency_margin_tau_0.15,subject17,session1,session1,0.21592039800995025,0.22254901960784312,0.1797801757512354,0.1797801757512354,0.9881566461388454,4.30247259261621,0.2381051642004427,0.7289263382772435,0.7289263382772435,0.07562189054726368,0.07562189054726368,0.006237630952454692,600.0,1005,1005,hyser_subject_logo
hyser,hyser_subject_logo|subject17,set_acsa_tau_0.20,subject17,session1,session1,0.21990049751243781,0.22647058823529415,0.18240769238547183,0.18240769238547183,0.9796460130478022,3.4851037886449503,0.20840869560483846,0.7253018696949174,0.7253018696949174,0.0955223880597015,0.0955223880597015,0.009978742399287146,600.0,1005,1005,hyser_subject_logo
hyser,hyser_subject_logo|subject17,agency_margin_tau_0.20,subject17,session1,session1,0.21990049751243781,0.22647058823529415,0.18220035570310616,0.18220035570310616,0.9833918044232515,4.113490090933683,0.2293988591644934,0.7253135232502576,0.7253135232502576,0.09751243781094528,0.09751243781094528,0.01020299539829738,600.0,1005,1005,hyser_subject_logo
hyser,hyser_subject_logo|subject17,user_only,subject17,session2,session2,0.2732673267326733,0.27107843137254894,0.2232941163480169,0.2232941163480169,0.8636090608906373,2.547180166122095,0.1377334031213383,0.5624071228758505,0.5624071228758505,0.0,0.0,0.0,600.0,1010,1010,hyser_subject_logo
hyser,hyser_subject_logo|subject17,assist_only,subject17,session2,session2,0.29306930693069305,0.2906862745098039,0.2727130296278672,0.2727130296278672,0.820040004175619,2.3408917200024018,0.04501368588512229,0.5353127768546931,0.5353127768546931,0.691089108910891,0.691089108910891,0.19989693644875495,600.0,1010,1010,hyser_subject_logo
hyser,hyser_subject_logo|subject17,confidence_blend_alpha_0.25,subject17,session2,session2,0.29504950495049503,0.29264705882352937,0.24430780261145438,0.24430780261145438,0.8217189851630495,2.2886639663306028,0.0734690628112796,0.5352684608027027,0.5352684608027027,0.0801980198019802,0.0801980198019802,0.002930726306748741,600.0,1010,1010,hyser_subject_logo
hyser,hyser_subject_logo|subject17,confidence_blend_alpha_0.50,subject17,session2,session2,0.32574257425742575,0.3230392156862745,0.2783782814374242,0.2783782814374242,0.8004941171346519,2.2176565388625633,0.052536511450752416,0.504878226565189,0.504878226565189,0.2099009900990099,0.2099009900990099,0.02194769118147981,600.0,1010,1010,hyser_subject_logo
hyser,hyser_subject_logo|subject17,confidence_blend_alpha_0.75,subject17,session2,session2,0.3415841584158416,0.3387254901960784,0.3097362591143219,0.3097362591143219,0.7999344568054448,2.222322686176504,0.0791297943709859,0.48966694217173745,0.48966694217173745,0.4762376237623762,0.4762376237623762,0.1025896653582733,600.0,1010,1010,hyser_subject_logo
hyser,hyser_subject_logo|subject17,selective_prediction,subject17,session2,session2,0.2729372937293729,0.2707516339869281,0.2230490880988568,0.2230490880988568,0.8635628405027299,2.5484688953169905,0.13855416202946316,0.5616806831185133,0.5616806831185133,0.0006600660066006601,0.0006600660066006601,0.00017040293278385173,600.0,3030,3030,hyser_subject_logo
hyser,hyser_subject_logo|subject17,set_acsa_tau_0.02,subject17,session2,session2,0.27623762376237626,0.2740196078431372,0.22508822939635068,0.22508822939635068,0.8576891945302145,2.5154412850551187,0.14075008906867395,0.5557280453198755,0.5557280453198755,0.01287128712871287,0.01287128712871287,0.00011338198225841014,600.0,1010,1010,hyser_subject_logo
hyser,hyser_subject_logo|subject17,agency_margin_tau_0.02,subject17,session2,session2,0.27623762376237626,0.2740196078431372,0.2253166012669289,0.2253166012669289,0.881700861529297,3.4486653041325877,0.1805280078653103,0.5555817638514795,0.5555817638514795,0.01485148514851485,0.01485148514851485,0.00012112728634648204,600.0,1010,1010,hyser_subject_logo
hyser,hyser_subject_logo|subject17,set_acsa_tau_0.05,subject17,session2,session2,0.2801980198019802,0.2779411764705882,0.23080841553556275,0.23080841553556275,0.8560807677389181,2.501866955460136,0.13913147586918556,0.5533711828897043,0.5533711828897043,0.03663366336633663,0.03663366336633663,0.0008145516760369297,600.0,1010,1010,hyser_subject_logo
hyser,hyser_subject_logo|subject17,agency_margin_tau_0.05,subject17,session2,session2,0.2801980198019802,0.2779411764705882,0.23098002016155783,0.23098002016155783,0.8778743364851672,3.5688815096583295,0.18263492698310485,0.553216945231559,0.553216945231559,0.03762376237623762,0.03762376237623762,0.0008174150526762602,600.0,1010,1010,hyser_subject_logo
hyser,hyser_subject_logo|subject17,set_acsa_tau_0.10,subject17,session2,session2,0.29306930693069305,0.29068627450980394,0.24559334585116385,0.24559334585116385,0.8514346698134738,2.4836843346767306,0.12933024864885934,0.5465267041707735,0.5465267041707735,0.060396039603960394,0.060396039603960394,0.0026352673912603446,600.0,1010,1010,hyser_subject_logo
hyser,hyser_subject_logo|subject17,agency_margin_tau_0.10,subject17,session2,session2,0.29405940594059404,0.2916666666666667,0.2463537375046858,0.2463537375046858,0.8639895218426612,3.4674550591274578,0.17094398265929248,0.5462649314721181,0.5462649314721181,0.062376237623762376,0.062376237623762376,0.00271493330788662,600.0,1010,1010,hyser_subject_logo
hyser,hyser_subject_logo|subject17,set_acsa_tau_0.15,subject17,session2,session2,0.3,0.29754901960784313,0.2533402289690719,0.2533402289690719,0.8479603798587683,2.4643139058541914,0.12546527953677142,0.545100962079054,0.545100962079054,0.0900990099009901,0.0900990099009901,0.006387993028610403,600.0,1010,1010,hyser_subject_logo
hyser,hyser_subject_logo|subject17,agency_margin_tau_0.15,subject17,session2,session2,0.300990099009901,0.2985294117647059,0.25387783004110437,0.25387783004110437,0.8556103007216612,3.1793632593246146,0.16003613467737635,0.5449977871996277,0.5449977871996277,0.09108910891089109,0.09108910891089109,0.006464270192779445,600.0,1010,1010,hyser_subject_logo
hyser,hyser_subject_logo|subject17,set_acsa_tau_0.20,subject17,session2,session2,0.3079207920792079,0.30539215686274507,0.26566053367579767,0.26566053367579767,0.8432472727325745,2.4489166627407677,0.12269751631629554,0.5411936941154508,0.5411936941154508,0.11485148514851486,0.11485148514851486,0.010653425958587096,600.0,1010,1010,hyser_subject_logo
hyser,hyser_subject_logo|subject17,agency_margin_tau_0.20,subject17,session2,session2,0.3079207920792079,0.30539215686274507,0.26561606832354206,0.26561606832354206,0.8486801615699433,2.9325254530273352,0.14812879260570896,0.5411936941154508,0.5411936941154508,0.11485148514851486,0.11485148514851486,0.010652900582769194,600.0,1010,1010,hyser_subject_logo
hyser,hyser_subject_logo|subject18,user_only,subject18,session1,session1,0.41568627450980394,0.4156862745098039,0.3881002146819523,0.3881002146819523,0.7173580464660712,2.0286544422133685,0.042514083767435026,0.37881671955191815,0.37881671955191815,0.0,0.0,0.0,600.0,1020,1020,hyser_subject_logo
hyser,hyser_subject_logo|subject18,assist_only,subject18,session1,session1,0.21764705882352942,0.2176470588235294,0.17570714466340628,0.17570714466340628,0.8702004021081716,2.923412713171979,0.056245405428548764,0.6069847581012942,0.6069847581012942,0.6764705882352942,0.6764705882352942,0.17599574674736063,600.0,1020,1020,hyser_subject_logo
hyser,hyser_subject_logo|subject18,confidence_blend_alpha_0.25,subject18,session1,session1,0.4117647058823529,0.4117647058823529,0.38000436454782344,0.38000436454782344,0.729138380789052,2.074221547618763,0.07530180317266455,0.3796623622839964,0.3796623622839964,0.08529411764705883,0.08529411764705883,0.0025846652118325544,600.0,1020,1020,hyser_subject_logo
hyser,hyser_subject_logo|subject18,confidence_blend_alpha_0.50,subject18,session1,session1,0.38333333333333336,0.3833333333333333,0.3491196137634579,0.3491196137634579,0.758538884837048,2.18280839985779,0.09726016601256098,0.406113387461611,0.406113387461611,0.23137254901960785,0.23137254901960785,0.01955455173151663,600.0,1020,1020,hyser_subject_logo
hyser,hyser_subject_logo|subject18,confidence_blend_alpha_0.75,subject18,session1,session1,0.3235294117647059,0.32352941176470584,0.2849204147084762,0.2849204147084762,0.805559558610059,2.3674518764374697,0.06226622474479185,0.48427902954378516,0.48427902954378516,0.4598039215686274,0.4598039215686274,0.07566790624057144,600.0,1020,1020,hyser_subject_logo
hyser,hyser_subject_logo|subject18,selective_prediction,subject18,session1,session1,0.41535947712418303,0.41535947712418303,0.3875575670016409,0.3875575670016409,0.7192042033196815,2.0360869445621588,0.04345959145344581,0.38062480242354324,0.38062480242354324,0.000326797385620915,0.000326797385620915,2.5343176010245215e-05,600.0,3060,3060,hyser_subject_logo
hyser,hyser_subject_logo|subject18,set_acsa_tau_0.02,subject18,session1,session1,0.4147058823529412,0.41470588235294115,0.3868786340333816,0.3868786340333816,0.723200642002403,2.061088607366838,0.050036209216995385,0.38161809672492697,0.38161809672492697,0.006862745098039216,0.006862745098039216,8.513950924906146e-05,600.0,1020,1020,hyser_subject_logo
hyser,hyser_subject_logo|subject18,agency_margin_tau_0.02,subject18,session1,session1,0.41274509803921566,0.4127450980392156,0.3847154855093698,0.3847154855093698,0.7517999525152106,3.1163996590766807,0.0778847393659571,0.3820454952428607,0.3820454952428607,0.012745098039215686,0.012745098039215686,0.00016218351508542588,600.0,1020,1020,hyser_subject_logo
hyser,hyser_subject_logo|subject18,set_acsa_tau_0.05,subject18,session1,session1,0.41274509803921566,0.4127450980392156,0.38414844962413314,0.38414844962413314,0.7249556795728084,2.0713586160821,0.04785327968432028,0.3840235265971004,0.3840235265971004,0.028431372549019607,0.028431372549019607,0.0009248346938773952,600.0,1020,1020,hyser_subject_logo
hyser,hyser_subject_logo|subject18,agency_margin_tau_0.05,subject18,session1,session1,0.4107843137254902,0.4107843137254901,0.3818550047273039,0.3818550047273039,0.7529611948887129,3.1810565478129758,0.0714803421214033,0.3844710534366805,0.3844710534366805,0.03627450980392157,0.03627450980392157,0.0010993989158970179,600.0,1020,1020,hyser_subject_logo
hyser,hyser_subject_logo|subject18,set_acsa_tau_0.10,subject18,session1,session1,0.40588235294117647,0.4058823529411764,0.3767210091274209,0.3767210091274209,0.7283679664061383,2.1451114657196437,0.05205824923362804,0.3876984084863963,0.3876984084863963,0.07745098039215687,0.07745098039215687,0.004673727620336072,600.0,1020,1020,hyser_subject_logo
hyser,hyser_subject_logo|subject18,agency_margin_tau_0.10,subject18,session1,session1,0.40588235294117647,0.4058823529411764,0.3767329222052729,0.3767329222052729,0.7520752714867827,3.142311009700153,0.07342456219012777,0.38771302844290995,0.38771302844290995,0.07745098039215687,0.07745098039215687,0.004661754527221893,600.0,1020,1020,hyser_subject_logo
hyser,hyser_subject_logo|subject18,set_acsa_tau_0.15,subject18,session1,session1,0.4019607843137255,0.40196078431372545,0.37085143972051154,0.37085143972051154,0.7308230276297883,2.1898052644713455,0.050234083881709655,0.3890828779010547,0.3890828779010547,0.11666666666666667,0.11666666666666667,0.009392324382329804,600.0,1020,1020,hyser_subject_logo
hyser,hyser_subject_logo|subject18,agency_margin_tau_0.15,subject18,session1,session1,0.4019607843137255,0.40196078431372545,0.37064589572323325,0.37064589572323325,0.7464109964648811,2.910273438752555,0.06556025436750067,0.3891029178236715,0.3891029178236715,0.11764705882352941,0.11764705882352941,0.009522321301273617,600.0,1020,1020,hyser_subject_logo
hyser,hyser_subject_logo|subject18,set_acsa_tau_0.20,subject18,session1,session1,0.3990196078431373,0.39901960784313717,0.36785753553577877,0.36785753553577877,0.7323248659449795,2.1971352341030603,0.05197227089043476,0.3900755870986827,0.3900755870986827,0.13137254901960785,0.13137254901960785,0.01181520710638796,600.0,1020,1020,hyser_subject_logo
hyser,hyser_subject_logo|subject18,agency_margin_tau_0.20,subject18,session1,session1,0.3990196078431373,0.39901960784313717,0.3678952801098021,0.3678952801098021,0.744776322621249,2.6941599867709956,0.06507059428803397,0.3900925983994652,0.3900925983994652,0.1323529411764706,0.1323529411764706,0.011980396140316535,600.0,1020,1020,hyser_subject_logo
hyser,hyser_subject_logo|subject18,user_only,subject18,session2,session2,0.48177339901477834,0.48039215686274506,0.45065931514098606,0.45065931514098606,0.6355979318229119,1.6821123445250443,0.08022450824735422,0.27890586715908305,0.27890586715908305,0.0,0.0,0.0,600.0,1015,1015,hyser_subject_logo
hyser,hyser_subject_logo|subject18,assist_only,subject18,session2,session2,0.361576354679803,0.36019607843137247,0.3261408867449127,0.3261408867449127,0.7758061250693986,2.2428664752885936,0.07509786051353544,0.4535512253077778,0.4535512253077778,0.5655172413793104,0.5655172413793104,0.14177962382826628,600.0,1015,1015,hyser_subject_logo
hyser,hyser_subject_logo|subject18,confidence_blend_alpha_0.25,subject18,session2,session2,0.4857142857142857,0.48431372549019613,0.4528668214700757,0.4528668214700757,0.6481290076120353,1.7068048252977086,0.10903771825681799,0.2907139859834757,0.2907139859834757,0.061083743842364535,0.061083743842364535,0.0018022443772219916,600.0,1015,1015,hyser_subject_logo
hyser,hyser_subject_logo|subject18,confidence_blend_alpha_0.50,subject18,session2,session2,0.4886699507389163,0.4870588235294118,0.4619696142964841,0.4619696142964841,0.6756740650827703,1.7860687756765699,0.15706076971079014,0.31147816243087323,0.31147816243087323,0.17142857142857143,0.17142857142857143,0.013820347933678352,600.0,1015,1015,hyser_subject_logo
hyser,hyser_subject_logo|subject18,confidence_blend_alpha_0.75,subject18,session2,session2,0.4541871921182266,0.4525490196078431,0.43077936955682516,0.43077936955682516,0.7182331042351167,1.9224652205041075,0.15616917102824984,0.3604221402246269,0.3604221402246269,0.3704433497536946,0.3704433497536946,0.06141251233770753,600.0,1015,1015,hyser_subject_logo
hyser,hyser_subject_logo|subject18,selective_prediction,subject18,session2,session2,0.48144499178981937,0.4800653594771242,0.4502896887997021,0.4502896887997021,0.6366645786615042,1.6851962893645926,0.07955422389698716,0.2802885921294316,0.2802885921294316,0.0003284072249589491,0.0003284072249589491,1.631321362779639e-05,600.0,3045,3045,hyser_subject_logo
hyser,hyser_subject_logo|subject18,set_acsa_tau_0.02,subject18,session2,session2,0.4857142857142857,0.484313725490196,0.4544388146732874,0.4544388146732874,0.6370332920926481,1.6884498187540156,0.08016805536565891,0.27991533430685583,0.27991533430685583,0.007881773399014778,0.007881773399014778,5.9478744789956503e-05,600.0,1015,1015,hyser_subject_logo
hyser,hyser_subject_logo|subject18,agency_margin_tau_0.02,subject18,session2,session2,0.4857142857142857,0.484313725490196,0.4544388146732874,0.4544388146732874,0.6528352588971976,2.4726232941094137,0.10807151791878786,0.2798282369646878,0.2798282369646878,0.007881773399014778,0.007881773399014778,5.9478744789956503e-05,600.0,1015,1015,hyser_subject_logo
hyser,hyser_subject_logo|subject18,set_acsa_tau_0.05,subject18,session2,session2,0.4857142857142857,0.484313725490196,0.4528723240768167,0.4528723240768167,0.6374579926845884,1.6874127727851114,0.07627393238951709,0.2816192535039718,0.2816192535039718,0.019704433497536946,0.019704433497536946,0.0005047952122109626,600.0,1015,1015,hyser_subject_logo
hyser,hyser_subject_logo|subject18,agency_margin_tau_0.05,subject18,session2,session2,0.48669950738916257,0.4852941176470588,0.4533470987648317,0.4533470987648317,0.6521069388917777,2.4613631545720747,0.09330361789894151,0.2812955002208495,0.2812955002208495,0.022660098522167486,0.022660098522167486,0.0006286165314649317,600.0,1015,1015,hyser_subject_logo
hyser,hyser_subject_logo|subject18,set_acsa_tau_0.10,subject18,session2,session2,0.483743842364532,0.48215686274509795,0.45267404960174956,0.45267404960174956,0.6385850383951694,1.6974136063142817,0.06903856535863538,0.28581222381418303,0.28581222381418303,0.04926108374384237,0.04926108374384237,0.0026981176111028917,600.0,1015,1015,hyser_subject_logo
hyser,hyser_subject_logo|subject18,agency_margin_tau_0.10,subject18,session2,session2,0.48472906403940885,0.48313725490196074,0.4533534757926847,0.4533534757926847,0.651665750279638,2.4424907782360843,0.08219925301954921,0.285494127321394,0.285494127321394,0.05123152709359606,0.05123152709359606,0.002822802742834091,600.0,1015,1015,hyser_subject_logo
hyser,hyser_subject_logo|subject18,set_acsa_tau_0.15,subject18,session2,session2,0.48472906403940885,0.48313725490196074,0.4565979456371602,0.4565979456371602,0.6389014315828208,1.699361304085359,0.0685895631920731,0.286294014187817,0.286294014187817,0.08275862068965517,0.08275862068965517,0.006784168866944647,600.0,1015,1015,hyser_subject_logo
hyser,hyser_subject_logo|subject18,agency_margin_tau_0.15,subject18,session2,session2,0.48472906403940885,0.48313725490196074,0.4565979456371602,0.4565979456371602,0.6477788419687054,2.207347238776664,0.07237172382596342,0.28620502395375236,0.28620502395375236,0.08275862068965517,0.08275862068965517,0.006784168866944647,600.0,1015,1015,hyser_subject_logo
hyser,hyser_subject_logo|subject18,set_acsa_tau_0.20,subject18,session2,session2,0.48669950738916257,0.4850980392156862,0.45917089581683324,0.45917089581683324,0.6377658260573623,1.706846323264072,0.07000268944010608,0.2853591462361121,0.2853591462361121,0.09359605911330049,0.09359605911330049,0.008714814925516063,600.0,1015,1015,hyser_subject_logo
hyser,hyser_subject_logo|subject18,agency_margin_tau_0.20,subject18,session2,session2,0.48669950738916257,0.4850980392156862,0.45917089581683324,0.45917089581683324,0.6410930149804763,1.9213884293856474,0.07002645101482402,0.2852688856039461,0.2852688856039461,0.09359605911330049,0.09359605911330049,0.008714814925516063,600.0,1015,1015,hyser_subject_logo
hyser,hyser_subject_logo|subject19,user_only,subject19,session1,session1,0.35,0.35,0.32049211143363254,0.32049211143363254,0.7686158988519926,2.131012467298899,0.05569680576247728,0.4408065202335559,0.4408065202335559,0.0,0.0,0.0,600.0,1020,1020,hyser_subject_logo
hyser,hyser_subject_logo|subject19,assist_only,subject19,session1,session1,0.2833333333333333,0.2833333333333333,0.2602603776755668,0.2602603776755668,0.8611051292972879,2.6557339351829667,0.05736452606726235,0.5707458204685569,0.5707458204685569,0.6235294117647059,0.6235294117647059,0.1447809489767518,600.0,1020,1020,hyser_subject_logo
hyser,hyser_subject_logo|subject19,confidence_blend_alpha_0.25,subject19,session1,session1,0.3509803921568627,0.3509803921568627,0.3221280228184989,0.3221280228184989,0.7670620902744377,2.1242379086099747,0.04754521897038939,0.4396111925612644,0.4396111925612644,0.10686274509803921,0.10686274509803921,0.004610348946557656,600.0,1020,1020,hyser_subject_logo
hyser,hyser_subject_logo|subject19,confidence_blend_alpha_0.50,subject19,session1,session1,0.35294117647058826,0.3529411764705882,0.32880924204757994,0.32880924204757994,0.781959025822932,2.189720179967271,0.03998112534693943,0.46241741775030654,0.46241741775030654,0.26666666666666666,0.26666666666666666,0.026157066663815644,600.0,1020,1020,hyser_subject_logo
hyser,hyser_subject_logo|subject19,confidence_blend_alpha_0.75,subject19,session1,session1,0.3235294117647059,0.3235294117647059,0.3013196430147337,0.3013196430147337,0.8133067054974751,2.32320878053411,0.04331875463851431,0.5130067994426205,0.5130067994426205,0.4745098039215686,0.4745098039215686,0.08337715133744764,600.0,1020,1020,hyser_subject_logo
hyser,hyser_subject_logo|subject19,selective_prediction,subject19,session1,session1,0.3516339869281046,0.35163398692810455,0.3224036614326356,0.3224036614326356,0.7798125473932463,2.1854731582335374,0.053286562790474015,0.4813963079716796,0.4813963079716796,0.006209150326797385,0.006209150326797385,0.0010936433623220804,600.0,3060,3060,hyser_subject_logo
hyser,hyser_subject_logo|subject19,set_acsa_tau_0.02,subject19,session1,session1,0.3519607843137255,0.3519607843137255,0.32347433431117867,0.32347433431117867,0.7834285644435637,2.237213155462227,0.06080819528825105,0.4779371917747014,0.4779371917747014,0.01568627450980392,0.01568627450980392,0.00017993733866118706,600.0,1020,1020,hyser_subject_logo
hyser,hyser_subject_logo|subject19,agency_margin_tau_0.02,subject19,session1,session1,0.3509803921568627,0.3509803921568628,0.3223238819333432,0.3223238819333432,0.8304853985697211,4.404876665385956,0.13204988181681945,0.47824349752879053,0.47824349752879053,0.0196078431372549,0.0196078431372549,0.00022995237260159756,600.0,1020,1020,hyser_subject_logo
hyser,hyser_subject_logo|subject19,set_acsa_tau_0.05,subject19,session1,session1,0.3519607843137255,0.35196078431372546,0.3236513837395667,0.3236513837395667,0.7856788744190141,2.2553808951464265,0.06435891087485976,0.47758076960119217,0.47758076960119217,0.041176470588235294,0.041176470588235294,0.0011024058867119032,600.0,1020,1020,hyser_subject_logo
hyser,hyser_subject_logo|subject19,agency_margin_tau_0.05,subject19,session1,session1,0.35294117647058826,0.3529411764705882,0.32442776210314983,0.32442776210314983,0.8308582642162333,4.559785468735383,0.133301451058451,0.47708553247451324,0.47708553247451324,0.04803921568627451,0.04803921568627451,0.0013049176287445897,600.0,1020,1020,hyser_subject_logo
hyser,hyser_subject_logo|subject19,set_acsa_tau_0.10,subject19,session1,session1,0.35294117647058826,0.35294117647058826,0.3260311413832919,0.3260311413832919,0.7870526966648173,2.276873406821875,0.0683874019453841,0.47530605555256483,0.47530605555256483,0.09607843137254903,0.09607843137254903,0.005285258950135324,600.0,1020,1020,hyser_subject_logo
hyser,hyser_subject_logo|subject19,agency_margin_tau_0.10,subject19,session1,session1,0.3519607843137255,0.3519607843137255,0.324605941379265,0.324605941379265,0.8278502606318572,4.420084292134514,0.1376813536914548,0.4755366838701831,0.4755366838701831,0.10196078431372549,0.10196078431372549,0.0056425747049661246,600.0,1020,1020,hyser_subject_logo
hyser,hyser_subject_logo|subject19,set_acsa_tau_0.15,subject19,session1,session1,0.3558823529411765,0.3558823529411765,0.32824006020503793,0.32824006020503793,0.7883266288086898,2.302008631357579,0.070599332825347,0.4722177824784634,0.4722177824784634,0.14215686274509803,0.14215686274509803,0.011067718996611067,600.0,1020,1020,hyser_subject_logo
hyser,hyser_subject_logo|subject19,agency_margin_tau_0.15,subject19,session1,session1,0.3558823529411765,0.3558823529411765,0.3281441554416286,0.3281441554416286,0.8149296065624723,3.942840552315953,0.12733243675492079,0.47217223796550173,0.47217223796550173,0.14313725490196078,0.14313725490196078,0.011054130759615113,600.0,1020,1020,hyser_subject_logo
hyser,hyser_subject_logo|subject19,set_acsa_tau_0.20,subject19,session1,session1,0.3588235294117647,0.3588235294117647,0.33239037018535217,0.33239037018535217,0.7899152092140385,2.316339324822507,0.07143129839261943,0.4724215555969271,0.4724215555969271,0.17450980392156862,0.17450980392156862,0.01664260180263243,600.0,1020,1020,hyser_subject_logo
hyser,hyser_subject_logo|subject19,agency_margin_tau_0.20,subject19,session1,session1,0.3588235294117647,0.3588235294117647,0.3322623907059348,0.3322623907059348,0.8077328198070173,3.615011976767369,0.11587156931100961,0.47237399886319753,0.47237399886319753,0.17450980392156862,0.17450980392156862,0.016487762464921698,600.0,1020,1020,hyser_subject_logo
hyser,hyser_subject_logo|subject19,user_only,subject19,session2,session2,0.4233502538071066,0.4107843137254902,0.390033216563355,0.390033216563355,0.7051472253585896,1.9454259252985462,0.059990302613194914,0.346261066623592,0.346261066623592,0.0,0.0,0.0,600.0,985,985,hyser_subject_logo
hyser,hyser_subject_logo|subject19,assist_only,subject19,session2,session2,0.36446700507614216,0.3558823529411765,0.32797104427395785,0.32797104427395785,0.790866434664904,2.338543670687243,0.06577993163206791,0.46702139786644753,0.46702139786644753,0.6274111675126903,0.6274111675126903,0.14003235872393935,600.0,985,985,hyser_subject_logo
hyser,hyser_subject_logo|subject19,confidence_blend_alpha_0.25,subject19,session2,session2,0.44873096446700506,0.43549019607843137,0.4151763110835077,0.4151763110835077,0.7038836329368782,1.9280473897827215,0.10846422382884843,0.33483410521679235,0.33483410521679235,0.09441624365482233,0.09441624365482233,0.004428924573198891,600.0,985,985,hyser_subject_logo
hyser,hyser_subject_logo|subject19,confidence_blend_alpha_0.50,subject19,session2,session2,0.4548223350253807,0.4419607843137255,0.42587514205480625,0.42587514205480625,0.7177489703474121,1.969900003702624,0.13940980699907188,0.34495876323460256,0.34495876323460256,0.23756345177664975,0.23756345177664975,0.023923496278591486,600.0,985,985,hyser_subject_logo
hyser,hyser_subject_logo|subject19,confidence_blend_alpha_0.75,subject19,session2,session2,0.42741116751269037,0.4166666666666667,0.394613559808225,0.394613559808225,0.7467432375901918,2.066882983669842,0.13192873838839597,0.38978657266213596,0.38978657266213596,0.44873096446700506,0.44873096446700506,0.0774498245900959,600.0,985,985,hyser_subject_logo
hyser,hyser_subject_logo|subject19,selective_prediction,subject19,session2,session2,0.42470389170896783,0.41241830065359475,0.3928971659010785,0.3928971659010785,0.7136211645886666,1.9763066547078028,0.05357930502315685,0.3721077546985748,0.3721077546985748,0.012182741116751269,0.012182741116751269,0.002018833447009583,600.0,2955,2955,hyser_subject_logo
hyser,hyser_subject_logo|subject19,set_acsa_tau_0.02,subject19,session2,session2,0.42741116751269037,0.41470588235294115,0.3934549215310667,0.3934549215310667,0.7138262792525988,2.0368420590636767,0.05945586859211789,0.36755804260055286,0.36755804260055286,0.015228426395939087,0.015228426395939087,0.00017969088900189376,600.0,985,985,hyser_subject_logo
hyser,hyser_subject_logo|subject19,agency_margin_tau_0.02,subject19,session2,session2,0.42842639593908627,0.4156862745098039,0.3943175558880862,0.3943175558880862,0.7452977897996445,3.7259138661591553,0.11080377632167326,0.36702079679826,0.36702079679826,0.017258883248730966,0.017258883248730966,0.00019329822916967968,600.0,985,985,hyser_subject_logo
hyser,hyser_subject_logo|subject19,set_acsa_tau_0.05,subject19,session2,session2,0.4304568527918782,0.41764705882352937,0.397026260844573,0.397026260844573,0.714555230366176,2.0367263971039713,0.05916778073557882,0.3693008814878267,0.3693008814878267,0.03654822335025381,0.03654822335025381,0.0009685628772264805,600.0,985,985,hyser_subject_logo
hyser,hyser_subject_logo|subject19,agency_margin_tau_0.05,subject19,session2,session2,0.4304568527918782,0.41764705882352937,0.39655916340677855,0.39655916340677855,0.741613079987611,3.6654329112440056,0.09805686628783195,0.36898920538259494,0.36898920538259494,0.04263959390862944,0.04263959390862944,0.00114170805739633,600.0,985,985,hyser_subject_logo
hyser,hyser_subject_logo|subject19,set_acsa_tau_0.10,subject19,session2,session2,0.4385786802030457,0.4254901960784313,0.40416350429823905,0.40416350429823905,0.7140932705996272,2.0398519721239476,0.058137164480293255,0.3659225360559821,0.3659225360559821,0.08426395939086294,0.08426395939086294,0.004519700014705397,600.0,985,985,hyser_subject_logo
hyser,hyser_subject_logo|subject19,agency_margin_tau_0.10,subject19,session2,session2,0.43756345177664974,0.4245098039215686,0.4029386960616687,0.4029386960616687,0.7320262595904825,3.4353720997039643,0.07788637861264591,0.36660185156040703,0.36660185156040703,0.08730964467005076,0.08730964467005076,0.004684229175475585,600.0,985,985,hyser_subject_logo
hyser,hyser_subject_logo|subject19,set_acsa_tau_0.15,subject19,session2,session2,0.4436548223350254,0.430392156862745,0.4093347116379051,0.4093347116379051,0.7139019916846663,2.0468192600839465,0.05520054986965172,0.36358011012639996,0.36358011012639996,0.12385786802030457,0.12385786802030457,0.009470075515489337,600.0,985,985,hyser_subject_logo
hyser,hyser_subject_logo|subject19,agency_margin_tau_0.15,subject19,session2,session2,0.4416243654822335,0.42843137254901953,0.40725425707028146,0.40725425707028146,0.7285079548370357,3.1385245343787536,0.06264986086409347,0.36430017577263557,0.36430017577263557,0.12487309644670051,0.12487309644670051,0.009537090542330843,600.0,985,985,hyser_subject_logo
hyser,hyser_subject_logo|subject19,set_acsa_tau_0.20,subject19,session2,session2,0.44263959390862945,0.4296078431372548,0.41029144476828483,0.41029144476828483,0.7159512466634796,2.065584708594885,0.053566626533955455,0.3631331473299073,0.3631331473299073,0.1634517766497462,0.1634517766497462,0.01621419463010456,600.0,985,985,hyser_subject_logo
hyser,hyser_subject_logo|subject19,agency_margin_tau_0.20,subject19,session2,session2,0.4416243654822335,0.4286274509803921,0.40926440732807395,0.40926440732807395,0.7260064346374158,2.884979039656186,0.06150889895955555,0.3636941076984675,0.3636941076984675,0.1634517766497462,0.1634517766497462,0.016118152480578865,600.0,985,985,hyser_subject_logo
hyser,hyser_subject_logo|subject20,user_only,subject20,session1,session1,0.4766169154228856,0.4784313725490196,0.4503014144242333,0.4503014144242333,0.674666282621955,1.8265082936166603,0.10823928449947323,0.29647575627446965,0.29647575627446965,0.0,0.0,0.0,600.0,1005,1005,hyser_subject_logo
hyser,hyser_subject_logo|subject20,assist_only,subject20,session1,session1,0.4079601990049751,0.40901960784313723,0.38293329603409954,0.38293329603409954,0.7543301645113053,2.161565443175852,0.11018380707410642,0.3801769476280681,0.3801769476280681,0.5890547263681593,0.5890547263681593,0.1313107003890501,600.0,1005,1005,hyser_subject_logo
hyser,hyser_subject_logo|subject20,confidence_blend_alpha_0.25,subject20,session1,session1,0.4955223880597015,0.4974509803921569,0.47194808673926275,0.47194808673926275,0.6728196861935722,1.8075189439944046,0.15924746333955903,0.27015287034746444,0.27015287034746444,0.07960199004975124,0.07960199004975124,0.0029835189892724896,600.0,1005,1005,hyser_subject_logo
hyser,hyser_subject_logo|subject20,confidence_blend_alpha_0.50,subject20,session1,session1,0.49950248756218907,0.5013725490196078,0.47317608338467493,0.47317608338467493,0.6854814676989601,1.8456423774009962,0.19011935058148927,0.26507493649179803,0.26507493649179803,0.22786069651741295,0.22786069651741295,0.022523057121163783,600.0,1005,1005,hyser_subject_logo
hyser,hyser_subject_logo|subject20,confidence_blend_alpha_0.75,subject20,session1,session1,0.47064676616915424,0.4717647058823529,0.4457987246708419,0.4457987246708419,0.7126516271381187,1.9358892314669074,0.17718348055457142,0.3043181664853823,0.3043181664853823,0.41592039800995023,0.41592039800995023,0.06804865784109948,600.0,1005,1005,hyser_subject_logo
hyser,hyser_subject_logo|subject20,selective_prediction,subject20,session1,session1,0.47827529021558873,0.4800653594771242,0.4533553633765661,0.4533553633765661,0.6702803592221568,1.8195411865797944,0.0984258481450717,0.29568641463213974,0.29568641463213974,0.006301824212271974,0.006301824212271974,0.0007391661105730258,600.0,3015,3015,hyser_subject_logo
hyser,hyser_subject_logo|subject20,set_acsa_tau_0.02,subject20,session1,session1,0.47960199004975124,0.48156862745098045,0.4539589090310238,0.4539589090310238,0.668271802052541,1.837381885699985,0.09134169096880063,0.28958937654446415,0.28958937654446415,0.011940298507462687,0.011940298507462687,0.00012010065380959443,600.0,1005,1005,hyser_subject_logo
hyser,hyser_subject_logo|subject20,agency_margin_tau_0.02,subject20,session1,session1,0.48059701492537316,0.48254901960784313,0.4563065924755054,0.4563065924755054,0.6853877621851244,3.0800539777433156,0.10432235577101825,0.2891964615894787,0.2891964615894787,0.015920398009950248,0.015920398009950248,0.000161613837032659,600.0,1005,1005,hyser_subject_logo
hyser,hyser_subject_logo|subject20,set_acsa_tau_0.05,subject20,session1,session1,0.4835820895522388,0.4854901960784314,0.45678390488881104,0.45678390488881104,0.6682773403194323,1.8383118988677196,0.09107791347682107,0.28962909779316054,0.28962909779316054,0.030845771144278607,0.030845771144278607,0.0008468104066625849,600.0,1005,1005,hyser_subject_logo
hyser,hyser_subject_logo|subject20,agency_margin_tau_0.05,subject20,session1,session1,0.4855721393034826,0.4874509803921569,0.4585528305085255,0.4585528305085255,0.6834003631912872,3.1464954956867803,0.09810056728503208,0.28920018225260385,0.28920018225260385,0.03482587064676617,0.03482587064676617,0.000962898985164959,600.0,1005,1005,hyser_subject_logo
hyser,hyser_subject_logo|subject20,set_acsa_tau_0.10,subject20,session1,session1,0.48258706467661694,0.4847058823529412,0.4571623954566946,0.4571623954566946,0.6667887352444857,1.8298289506137788,0.09144669486593292,0.28942489398962185,0.28942489398962185,0.07263681592039802,0.07263681592039802,0.004013488064457238,600.0,1005,1005,hyser_subject_logo
hyser,hyser_subject_logo|subject20,agency_margin_tau_0.10,subject20,session1,session1,0.48258706467661694,0.4847058823529412,0.4568141362284941,0.4568141362284941,0.6748896924578981,2.8622149246520405,0.08953440622467941,0.28936656372569625,0.28936656372569625,0.07562189054726368,0.07562189054726368,0.004091727686609723,600.0,1005,1005,hyser_subject_logo
hyser,hyser_subject_logo|subject20,set_acsa_tau_0.15,subject20,session1,session1,0.48258706467661694,0.4845098039215687,0.4579666599212613,0.4579666599212613,0.6678980144409802,1.8456540323526438,0.09554345148591055,0.2894266252514376,0.2894266252514376,0.1263681592039801,0.1263681592039801,0.01051297469411987,600.0,1005,1005,hyser_subject_logo
hyser,hyser_subject_logo|subject20,agency_margin_tau_0.15,subject20,session1,session1,0.481592039800995,0.4837254901960784,0.45593250135322394,0.45593250135322394,0.6763226640609914,2.6580929537304607,0.09591363990752426,0.2893661578547381,0.2893661578547381,0.13134328358208955,0.13134328358208955,0.011112871693657957,600.0,1005,1005,hyser_subject_logo
hyser,hyser_subject_logo|subject20,set_acsa_tau_0.20,subject20,session1,session1,0.4766169154228856,0.478235294117647,0.45076399316130766,0.45076399316130766,0.6704311537947245,1.8684805799952007,0.09167717570395945,0.2905757988594345,0.2905757988594345,0.15323383084577114,0.15323383084577114,0.015266052285755928,600.0,1005,1005,hyser_subject_logo
hyser,hyser_subject_logo|subject20,agency_margin_tau_0.20,subject20,session1,session1,0.47761194029850745,0.47941176470588237,0.4513951128605786,0.4513951128605786,0.6699607888272672,2.293421327663553,0.08699678903360193,0.28993224073881,0.28993224073881,0.15422885572139303,0.15422885572139303,0.015361084704507559,600.0,1005,1005,hyser_subject_logo
hyser,hyser_subject_logo|subject20,user_only,subject20,session2,session2,0.538235294117647,0.5382352941176469,0.5332012972432522,0.5332012972432522,0.6427933405705628,1.7471293246542725,0.1776320919493164,0.2229875394007604,0.2229875394007604,0.0,0.0,0.0,600.0,1020,1020,hyser_subject_logo
hyser,hyser_subject_logo|subject20,assist_only,subject20,session2,session2,0.36470588235294116,0.3647058823529412,0.332329619477019,0.332329619477019,0.779137039094913,2.323293374531135,0.07612361997800829,0.43211432440809006,0.43211432440809006,0.6235294117647059,0.6235294117647059,0.13604808385368794,600.0,1020,1020,hyser_subject_logo
hyser,hyser_subject_logo|subject20,confidence_blend_alpha_0.25,subject20,session2,session2,0.5470588235294118,0.5470588235294118,0.5367216672471816,0.5367216672471816,0.6567278148752929,1.765176065097419,0.22303645859184634,0.2113250302161316,0.2113250302161316,0.09019607843137255,0.09019607843137255,0.00328741718393686,600.0,1020,1020,hyser_subject_logo
hyser,hyser_subject_logo|subject20,confidence_blend_alpha_0.50,subject20,session2,session2,0.5323529411764706,0.5323529411764706,0.5123773904198065,0.5123773904198065,0.6840965893975659,1.8368616348983484,0.23683192150134705,0.23037037113499917,0.23037037113499917,0.24019607843137256,0.24019607843137256,0.021051024662811845,600.0,1020,1020,hyser_subject_logo
hyser,hyser_subject_logo|subject20,confidence_blend_alpha_0.75,subject20,session2,session2,0.48333333333333334,0.48333333333333334,0.452647210144726,0.452647210144726,0.7248996641373818,1.9634156430287577,0.20160601484692162,0.3108693038531047,0.3108693038531047,0.4264705882352941,0.4264705882352941,0.06544745573510376,600.0,1020,1020,hyser_subject_logo
hyser,hyser_subject_logo|subject20,selective_prediction,subject20,session2,session2,0.5392156862745098,0.5392156862745098,0.534164464233474,0.534164464233474,0.6403068813150935,1.744336749444689,0.17432856351033635,0.22440090169212779,0.22440090169212779,0.00392156862745098,0.00392156862745098,0.0005815444290181374,600.0,3060,3060,hyser_subject_logo
hyser,hyser_subject_logo|subject20,set_acsa_tau_0.02,subject20,session2,session2,0.5372549019607843,0.5372549019607843,0.5309550869252706,0.5309550869252706,0.636750540190991,1.840336857421159,0.16997327056263017,0.22341123344554745,0.22341123344554745,0.014705882352941176,0.014705882352941176,0.000155534515857151,600.0,1020,1020,hyser_subject_logo
hyser,hyser_subject_logo|subject20,agency_margin_tau_0.02,subject20,session2,session2,0.5372549019607843,0.5372549019607843,0.5304137174111769,0.5304137174111769,0.6581801741692778,3.019811598080943,0.18171435916033923,0.2234784521108259,0.2234784521108259,0.018627450980392157,0.018627450980392157,0.00020616361770657741,600.0,1020,1020,hyser_subject_logo
hyser,hyser_subject_logo|subject20,set_acsa_tau_0.05,subject20,session2,session2,0.538235294117647,0.5382352941176471,0.5287710064462301,0.5287710064462301,0.6375993813373805,1.8589869889236272,0.16638363844608772,0.22340651758193308,0.22340651758193308,0.047058823529411764,0.047058823529411764,0.0013013330162757071,600.0,1020,1020,hyser_subject_logo
hyser,hyser_subject_logo|subject20,agency_margin_tau_0.05,subject20,session2,session2,0.538235294117647,0.5382352941176471,0.5281273428158906,0.5281273428158906,0.6603877439803515,3.181764780842056,0.16771602380409528,0.22332782062314593,0.22332782062314593,0.050980392156862744,0.050980392156862744,0.001399787375151218,600.0,1020,1020,hyser_subject_logo
hyser,hyser_subject_logo|subject20,set_acsa_tau_0.10,subject20,session2,session2,0.5343137254901961,0.5343137254901961,0.5211777555959618,0.5211777555959618,0.6385751411129583,1.8592519701609196,0.15685518639955043,0.22700171252422743,0.22700171252422743,0.10196078431372549,0.10196078431372549,0.005230236767298325,600.0,1020,1020,hyser_subject_logo
hyser,hyser_subject_logo|subject20,agency_margin_tau_0.10,subject20,session2,session2,0.5352941176470588,0.5352941176470588,0.5220224894643403,0.5220224894643403,0.6532140760815203,3.055865392812348,0.13995336601623012,0.2267336544715937,0.2267336544715937,0.10686274509803921,0.10686274509803921,0.005446444334019357,600.0,1020,1020,hyser_subject_logo
hyser,hyser_subject_logo|subject20,set_acsa_tau_0.15,subject20,session2,session2,0.5313725490196078,0.5313725490196078,0.5162311963408638,0.5162311963408638,0.641680229555958,1.8875077873381978,0.1513851075474625,0.22869769593793193,0.22869769593793193,0.15098039215686274,0.15098039215686274,0.01113813497916034,600.0,1020,1020,hyser_subject_logo
hyser,hyser_subject_logo|subject20,agency_margin_tau_0.15,subject20,session2,session2,0.5323529411764706,0.5323529411764706,0.5173780843437459,0.5173780843437459,0.648606861257393,2.728289329588072,0.12195448109805014,0.2286461890742385,0.2286461890742385,0.15490196078431373,0.15490196078431373,0.011524968603300375,600.0,1020,1020,hyser_subject_logo
hyser,hyser_subject_logo|subject20,set_acsa_tau_0.20,subject20,session2,session2,0.5294117647058824,0.5294117647058825,0.514756658127818,0.514756658127818,0.6443536525273421,1.9022636676323788,0.14417264379073202,0.2326720662564938,0.2326720662564938,0.17549019607843136,0.17549019607843136,0.015295496605003513,600.0,1020,1020,hyser_subject_logo
hyser,hyser_subject_logo|subject20,agency_margin_tau_0.20,subject20,session2,session2,0.5294117647058824,0.5294117647058825,0.514756658127818,0.514756658127818,0.6456609521713996,2.44964807326323,0.11688885506925352,0.2326720662564938,0.2326720662564938,0.17549019607843136,0.17549019607843136,0.015295496605003513,600.0,1020,1020,hyser_subject_logo
hyser,hyser_within_subject_dayshift|session2,plain_conf_threshold_matched_tau_0.02,subject01,session2,session2,0.515736040609137,0.4992156862745098,0.48232705888992033,0.48232705888992033,0.6516598808410006,1.8256540474551057,0.16452661830392484,0.25199078887158616,0.25199078887158616,0.0,0.0,0.0,600.0,985,985,hyser_within_subject_dayshift
hyser,hyser_within_subject_dayshift|session2,plain_conf_threshold_matched_tau_0.02,subject02,session2,session2,0.37425742574257426,0.3786274509803921,0.34075164328923624,0.34075164328923624,0.7494909106342936,2.2065534913428366,0.09056272084751205,0.37069416071502914,0.37069416071502914,0.0009900990099009901,0.0009900990099009901,4.214372891023727e-05,600.0,1010,1010,hyser_within_subject_dayshift
hyser,hyser_within_subject_dayshift|session2,plain_conf_threshold_matched_tau_0.02,subject03,session2,session2,0.4152284263959391,0.403921568627451,0.37119896643926387,0.37119896643926387,0.7501265077524826,2.1021779925291173,0.06543167235869092,0.41884637069239655,0.41884637069239655,0.0,0.0,0.0,600.0,985,985,hyser_within_subject_dayshift
hyser,hyser_within_subject_dayshift|session2,plain_conf_threshold_matched_tau_0.02,subject04,session2,session2,0.5264705882352941,0.526470588235294,0.4897214008473754,0.4897214008473754,0.666605139721881,1.7256295624068452,0.18979806101710278,0.2767397920191441,0.2767397920191441,0.000980392156862745,0.000980392156862745,1.842973126150019e-05,600.0,1020,1020,hyser_within_subject_dayshift
hyser,hyser_within_subject_dayshift|session2,plain_conf_threshold_matched_tau_0.02,subject05,session2,session2,0.15,0.15,0.10523944085509973,0.10523944085509973,0.9534670881748744,3.183163100589704,0.1220167437815991,0.7932390292633862,0.7932390292633862,0.0,0.0,0.0,600.0,1020,1020,hyser_within_subject_dayshift
hyser,hyser_within_subject_dayshift|session2,plain_conf_threshold_matched_tau_0.02,subject06,session2,session2,0.5373134328358209,0.5313725490196078,0.5226256370324526,0.5226256370324526,0.660639330865164,1.7732808531674324,0.16967348034517182,0.3123309960737533,0.3123309960737533,0.0009950248756218905,0.0009950248756218905,7.116159090189343e-05,600.0,1005,1005,hyser_within_subject_dayshift
hyser,hyser_within_subject_dayshift|session2,plain_conf_threshold_matched_tau_0.02,subject07,session2,session2,0.5264705882352941,0.5264705882352941,0.517172411966587,0.517172411966587,0.6251725920339948,1.6739102369762624,0.16226767470347378,0.24918314341111905,0.24918314341111905,0.0,0.0,0.0,600.0,1020,1020,hyser_within_subject_dayshift
hyser,hyser_within_subject_dayshift|session2,plain_conf_threshold_matched_tau_0.02,subject08,session2,session2,0.3783251231527094,0.37745098039215685,0.33714925733523,0.33714925733523,0.7559387653599529,2.1097199085085925,0.06932037665256102,0.42621198312982406,0.42621198312982406,0.0,0.0,0.0,600.0,1015,1015,hyser_within_subject_dayshift
hyser,hyser_within_subject_dayshift|session2,plain_conf_threshold_matched_tau_0.02,subject09,session2,session2,0.4725490196078431,0.4725490196078431,0.46225087077406524,0.46225087077406524,0.6837367254624138,1.8420232210193017,0.1298485591469123,0.3054066497796012,0.3054066497796012,0.00196078431372549,0.00196078431372549,0.00036592445046707326,600.0,1020,1020,hyser_within_subject_dayshift
hyser,hyser_within_subject_dayshift|session2,plain_conf_threshold_matched_tau_0.02,subject10,session2,session2,0.408,0.40892156862745094,0.37027802603011073,0.37027802603011073,0.7480106097263434,2.050025499674786,0.05728038968028513,0.41983589432287305,0.41983589432287305,0.0,0.0,0.0,600.0,1000,1000,hyser_within_subject_dayshift
hyser,hyser_within_subject_dayshift|session2,plain_conf_threshold_matched_tau_0.02,subject11,session2,session2,0.2571428571428571,0.25607843137254904,0.23499992399209665,0.23499992399209665,0.8646858493209739,2.5558133707698656,0.04341862013488739,0.6250464181949766,0.6250464181949766,0.0,0.0,0.0,600.0,1015,1015,hyser_within_subject_dayshift
hyser,hyser_within_subject_dayshift|session2,plain_conf_threshold_matched_tau_0.02,subject12,session2,session2,0.28078817733990147,0.2821568627450981,0.2731823648862083,0.2731823648862083,0.8313844752824988,2.6893239582236386,0.07778995848902596,0.5187432514666743,0.5187432514666743,0.0,0.0,0.0,600.0,1015,1015,hyser_within_subject_dayshift
hyser,hyser_within_subject_dayshift|session2,plain_conf_threshold_matched_tau_0.02,subject13,session2,session2,0.5470588235294118,0.5470588235294118,0.5320719134492236,0.5320719134492236,0.6141737765072306,1.654338875089383,0.15588009614253578,0.22689789001619246,0.22689789001619246,0.0,0.0,0.0,600.0,1020,1020,hyser_within_subject_dayshift
hyser,hyser_within_subject_dayshift|session2,plain_conf_threshold_matched_tau_0.02,subject14,session2,session2,0.41194029850746267,0.4119607843137255,0.40251302295834096,0.40251302295834096,0.7285922337393868,2.033300881300128,0.09694332674272299,0.37081916870778503,0.37081916870778503,0.0009950248756218905,0.0009950248756218905,2.5822757825245177e-07,600.0,1005,1005,hyser_within_subject_dayshift
hyser,hyser_within_subject_dayshift|session2,plain_conf_threshold_matched_tau_0.02,subject15,session2,session2,0.42885572139303485,0.43431372549019615,0.40362556973394004,0.40362556973394004,0.693098810534777,1.821254886902931,0.06935300296134686,0.35101635819397975,0.35101635819397975,0.0,0.0,0.0,600.0,1005,1005,hyser_within_subject_dayshift
hyser,hyser_within_subject_dayshift|session2,plain_conf_threshold_matched_tau_0.02,subject16,session2,session2,0.47941176470588237,0.47941176470588237,0.4806146783912486,0.4806146783912486,0.6824451791748126,1.7601326666297379,0.10424552950186362,0.3472539480412897,0.3472539480412897,0.0,0.0,0.0,600.0,1020,1020,hyser_within_subject_dayshift
hyser,hyser_within_subject_dayshift|session2,plain_conf_threshold_matched_tau_0.02,subject17,session2,session2,0.2504950495049505,0.24803921568627452,0.20138676153544535,0.20138676153544535,0.8840277627838394,2.696237430160807,0.053620341987325376,0.659579734880372,0.659579734880372,0.0,0.0,0.0,600.0,1010,1010,hyser_within_subject_dayshift
hyser,hyser_within_subject_dayshift|session2,plain_conf_threshold_matched_tau_0.02,subject18,session2,session2,0.40492610837438425,0.4035294117647059,0.3745714942255556,0.3745714942255556,0.7245352886497596,2.017883639768775,0.062287862714715744,0.39285294794131564,0.39285294794131564,0.0,0.0,0.0,600.0,1015,1015,hyser_within_subject_dayshift
hyser,hyser_within_subject_dayshift|session2,plain_conf_threshold_matched_tau_0.02,subject19,session2,session2,0.40609137055837563,0.39450980392156865,0.3725448539417583,0.3725448539417583,0.7271146903061296,1.9946961902596452,0.0829275342704646,0.3866654769968514,0.3866654769968514,0.0,0.0,0.0,600.0,985,985,hyser_within_subject_dayshift
hyser,hyser_within_subject_dayshift|session2,plain_conf_threshold_matched_tau_0.02,subject20,session2,session2,0.4588235294117647,0.45882352941176474,0.44236903142616546,0.44236903142616546,0.7192786055443003,1.9637864307352786,0.1336126942126399,0.34259092548171477,0.34259092548171477,0.0,0.0,0.0,600.0,1020,1020,hyser_within_subject_dayshift
hyser,hyser_subject_logo|subject01,plain_conf_threshold_matched_tau_0.02,subject01,session1,session1,0.32574257425742575,0.3230392156862744,0.31605442271203,0.31605442271203,0.7981886134344309,2.3403929511407635,0.10455252650255902,0.4557602694848546,0.4557602694848546,0.0049504950495049506,0.0049504950495049506,0.001124284638983737,600.0,1010,1010,hyser_subject_logo
hyser,hyser_subject_logo|subject01,plain_conf_threshold_matched_tau_0.02,subject01,session2,session2,0.3766497461928934,0.36607843137254903,0.3309972429444981,0.3309972429444981,0.7804341232488617,2.256133794264252,0.0841215130545871,0.44651365016568173,0.44651365016568173,0.007106598984771574,0.007106598984771574,0.001093207770339706,600.0,985,985,hyser_subject_logo
hyser,hyser_subject_logo|subject02,plain_conf_threshold_matched_tau_0.02,subject02,session1,session1,0.2995073891625616,0.301764705882353,0.26791576074534834,0.26791576074534834,0.8513571746457504,2.534650400533616,0.08546679441279431,0.5479133464209992,0.5479133464209992,0.005911330049261084,0.005911330049261084,0.0016294725881250728,600.0,1015,1015,hyser_subject_logo
hyser,hyser_subject_logo|subject02,plain_conf_threshold_matched_tau_0.02,subject02,session2,session2,0.3207920792079208,0.32294117647058823,0.2938581943548031,0.2938581943548031,0.8019904350056193,2.428926343041043,0.09460939942160403,0.441655249963043,0.441655249963043,0.015841584158415842,0.015841584158415842,0.00452165417678375,600.0,1010,1010,hyser_subject_logo
hyser,hyser_subject_logo|subject03,plain_conf_threshold_matched_tau_0.02,subject03,session1,session1,0.2316326530612245,0.22666666666666668,0.19097247364380618,0.19097247364380618,0.9444492906886005,2.9975127584904904,0.2088984726678324,0.6748620631544061,0.6748620631544061,0.0010204081632653062,0.0010204081632653062,0.0006938713374801337,600.0,980,980,hyser_subject_logo
hyser,hyser_subject_logo|subject03,plain_conf_threshold_matched_tau_0.02,subject03,session2,session2,0.3177664974619289,0.31000000000000005,0.2643381079267012,0.2643381079267012,0.8386025155677928,2.5758080532224787,0.15630785342345077,0.48246714523669054,0.48246714523669054,0.0,0.0,0.0,600.0,985,985,hyser_subject_logo
hyser,hyser_subject_logo|subject04,plain_conf_threshold_matched_tau_0.02,subject04,session1,session1,0.5178217821782178,0.5203921568627452,0.5060541034729704,0.5060541034729704,0.5979681888273953,1.6353854596172952,0.07356390771697242,0.21780604048530278,0.21780604048530278,0.0049504950495049506,0.0049504950495049506,0.0010976491294642338,600.0,1010,1010,hyser_subject_logo
hyser,hyser_subject_logo|subject04,plain_conf_threshold_matched_tau_0.02,subject04,session2,session2,0.4303921568627451,0.43039215686274507,0.38388915934028084,0.38388915934028084,0.6856146553385076,1.821028464060815,0.08373107164431196,0.32390148575672545,0.32390148575672545,0.00196078431372549,0.00196078431372549,0.00046211601575488225,600.0,1020,1020,hyser_subject_logo
hyser,hyser_subject_logo|subject05,plain_conf_threshold_matched_tau_0.02,subject05,session1,session1,0.23487179487179488,0.22754901960784313,0.18190147893230704,0.18190147893230704,0.9147357099050402,2.748054503705525,0.20820242153737267,0.5889209506110991,0.5889209506110991,0.0,0.0,0.0,600.0,975,975,hyser_subject_logo
hyser,hyser_subject_logo|subject05,plain_conf_threshold_matched_tau_0.02,subject05,session2,session2,0.11666666666666667,0.11666666666666667,0.09450932428817133,0.09450932428817133,1.0499892858352646,3.7603662118657466,0.28968312158940096,0.8141769445680661,0.8141769445680661,0.0,0.0,0.0,600.0,1020,1020,hyser_subject_logo
hyser,hyser_subject_logo|subject06,plain_conf_threshold_matched_tau_0.02,subject06,session1,session1,0.396078431372549,0.396078431372549,0.35584583919344465,0.35584583919344465,0.7579642504413393,2.113071945337374,0.07602700339609586,0.4257239378378884,0.4257239378378884,0.0,0.0,0.0,600.0,1020,1020,hyser_subject_logo
hyser,hyser_subject_logo|subject06,plain_conf_threshold_matched_tau_0.02,subject06,session2,session2,0.4039800995024876,0.39803921568627443,0.3649884896275205,0.3649884896275205,0.7646623298900024,2.1151048079898396,0.06534837804483838,0.4373878482593388,0.4373878482593388,0.0009950248756218905,0.0009950248756218905,0.0002276025032728567,600.0,1005,1005,hyser_subject_logo
hyser,hyser_subject_logo|subject07,plain_conf_threshold_matched_tau_0.02,subject07,session1,session1,0.38823529411764707,0.388235294117647,0.3669961320075036,0.3669961320075036,0.7214471627376865,2.0357615387051915,0.06624173629082075,0.37451096105008447,0.37451096105008447,0.0029411764705882353,0.0029411764705882353,0.0005584421650071399,600.0,1020,1020,hyser_subject_logo
hyser,hyser_subject_logo|subject07,plain_conf_threshold_matched_tau_0.02,subject07,session2,session2,0.41862745098039217,0.4186274509803921,0.38312728906749705,0.38312728906749705,0.7150596556352576,2.0388896939106256,0.04218390890034811,0.3550959166355044,0.3550959166355044,0.0,0.0,0.0,600.0,1020,1020,hyser_subject_logo
hyser,hyser_subject_logo|subject08,plain_conf_threshold_matched_tau_0.02,subject08,session1,session1,0.20980392156862746,0.20980392156862748,0.20012470869083782,0.20012470869083782,0.9375485344845238,3.2074228556893183,0.15167715802328333,0.698752633410688,0.698752633410688,0.0,0.0,0.0,600.0,1020,1020,hyser_subject_logo
hyser,hyser_subject_logo|subject08,plain_conf_threshold_matched_tau_0.02,subject08,session2,session2,0.361576354679803,0.36000000000000004,0.347115186709322,0.347115186709322,0.7832029615240436,2.220622134550307,0.07380962156903387,0.47795547629955026,0.47795547629955026,0.005911330049261084,0.005911330049261084,0.0013057934936277504,600.0,1015,1015,hyser_subject_logo
hyser,hyser_subject_logo|subject09,plain_conf_threshold_matched_tau_0.02,subject09,session1,session1,0.3803921568627451,0.3803921568627451,0.3436426302502169,0.3436426302502169,0.78592481152336,2.0621530812010893,0.10365227063205669,0.4935698087071607,0.4935698087071607,0.011764705882352941,0.011764705882352941,0.0022786880486907533,600.0,1020,1020,hyser_subject_logo
hyser,hyser_subject_logo|subject09,plain_conf_threshold_matched_tau_0.02,subject09,session2,session2,0.28823529411764703,0.28823529411764703,0.2663696256145497,0.2663696256145497,0.8347103997473045,2.468411740764876,0.09613857184613457,0.5240198901012938,0.5240198901012938,0.01568627450980392,0.01568627450980392,0.0033808101342350143,600.0,1020,1020,hyser_subject_logo
hyser,hyser_subject_logo|subject10,plain_conf_threshold_matched_tau_0.02,subject10,session1,session1,0.47783251231527096,0.4768627450980393,0.4335093095702249,0.4335093095702249,0.654556052609281,1.8038144974163381,0.04566430149126178,0.28555178493637723,0.28555178493637723,0.0,0.0,0.0,600.0,1015,1015,hyser_subject_logo
hyser,hyser_subject_logo|subject10,plain_conf_threshold_matched_tau_0.02,subject10,session2,session2,0.426,0.427156862745098,0.3756761302126743,0.3756761302126743,0.7230940767002482,2.1213680589498556,0.052636970162987615,0.3522756488289037,0.3522756488289037,0.0,0.0,0.0,600.0,1000,1000,hyser_subject_logo
hyser,hyser_subject_logo|subject11,plain_conf_threshold_matched_tau_0.02,subject11,session1,session1,0.30974358974358973,0.2980392156862745,0.27112247646074156,0.27112247646074156,0.8306818382963284,2.2491572046968638,0.09432617304289909,0.5728362597947534,0.5728362597947534,0.003076923076923077,0.003076923076923077,0.0011714698440809075,600.0,975,975,hyser_subject_logo
hyser,hyser_subject_logo|subject11,plain_conf_threshold_matched_tau_0.02,subject11,session2,session2,0.34285714285714286,0.3411764705882353,0.32981763355602667,0.32981763355602667,0.7899540782945922,2.2372972751241886,0.06099019372319559,0.45290207526909293,0.45290207526909293,0.002955665024630542,0.002955665024630542,0.0005523147422440021,600.0,1015,1015,hyser_subject_logo
hyser,hyser_subject_logo|subject12,plain_conf_threshold_matched_tau_0.02,subject12,session1,session1,0.3237623762376238,0.3247058823529412,0.3340047291764185,0.3340047291764185,0.8586813825096488,2.674521453612729,0.1586853964778374,0.5205794897232722,0.5205794897232722,0.0039603960396039604,0.0039603960396039604,0.00206185036613229,600.0,1010,1010,hyser_subject_logo
hyser,hyser_subject_logo|subject12,plain_conf_threshold_matched_tau_0.02,subject12,session2,session2,0.2916256157635468,0.29215686274509806,0.2781356556194836,0.2781356556194836,0.8949786476418825,2.9192518953129696,0.18302508825379316,0.5522480593067045,0.5522480593067045,0.0009852216748768472,0.0009852216748768472,0.000484836828633351,600.0,1015,1015,hyser_subject_logo
hyser,hyser_subject_logo|subject13,plain_conf_threshold_matched_tau_0.02,subject13,session1,session1,0.3870646766169154,0.3908823529411765,0.3717397127423443,0.3717397127423443,0.7712859135809862,2.147104383129983,0.04904614017443344,0.4561791577007712,0.4561791577007712,0.003980099502487562,0.003980099502487562,0.00024481642837061293,600.0,1005,1005,hyser_subject_logo
hyser,hyser_subject_logo|subject13,plain_conf_threshold_matched_tau_0.02,subject13,session2,session2,0.4892156862745098,0.4892156862745098,0.4759817148606315,0.4759817148606315,0.6241552722720164,1.6903864156683317,0.05626782189436159,0.2607266267509707,0.2607266267509707,0.00392156862745098,0.00392156862745098,0.0006210788142784598,600.0,1020,1020,hyser_subject_logo
hyser,hyser_subject_logo|subject14,plain_conf_threshold_matched_tau_0.02,subject14,session1,session1,0.2306930693069307,0.22843137254901957,0.19278241942752392,0.19278241942752392,0.9256759336771161,3.27704013959697,0.17681550736290808,0.614545461583139,0.614545461583139,0.0019801980198019802,0.0019801980198019802,0.0014337259572661705,600.0,1010,1010,hyser_subject_logo
hyser,hyser_subject_logo|subject14,plain_conf_threshold_matched_tau_0.02,subject14,session2,session2,0.32935323383084575,0.33078431372549016,0.3157957041360907,0.3157957041360907,0.7847415250807088,2.329226210398667,0.10945926967358215,0.42510113107453895,0.42510113107453895,0.001990049751243781,0.001990049751243781,0.0014091203826742348,600.0,1005,1005,hyser_subject_logo
hyser,hyser_subject_logo|subject15,plain_conf_threshold_matched_tau_0.02,subject15,session1,session1,0.2950980392156863,0.2950980392156863,0.2975075653591168,0.2975075653591168,0.8461526654172735,2.634720438020249,0.09182693836934455,0.551086428216367,0.551086428216367,0.00784313725490196,0.00784313725490196,0.001657454603872894,600.0,1020,1020,hyser_subject_logo
hyser,hyser_subject_logo|subject15,plain_conf_threshold_matched_tau_0.02,subject15,session2,session2,0.4129353233830846,0.41568627450980394,0.39127173466116494,0.39127173466116494,0.7052874400234622,1.8888830170332804,0.0430698699578175,0.36496085842593295,0.36496085842593295,0.0009950248756218905,0.0009950248756218905,0.0002489062492856013,600.0,1005,1005,hyser_subject_logo
hyser,hyser_subject_logo|subject16,plain_conf_threshold_matched_tau_0.02,subject16,session1,session1,0.17788944723618091,0.18529411764705883,0.14791597363102532,0.14791597363102532,0.9654046259690842,3.2358800935599294,0.21162449363050456,0.6917252189526868,0.6917252189526868,0.0010050251256281408,0.0010050251256281408,0.00010595015977841257,600.0,995,995,hyser_subject_logo
hyser,hyser_subject_logo|subject16,plain_conf_threshold_matched_tau_0.02,subject16,session2,session2,0.4852941176470588,0.4852941176470587,0.4823854811892799,0.4823854811892799,0.6337773726998875,1.5873869838549035,0.03637857929069498,0.28078703930724735,0.28078703930724735,0.0,0.0,0.0,600.0,1020,1020,hyser_subject_logo
hyser,hyser_subject_logo|subject17,plain_conf_threshold_matched_tau_0.02,subject17,session1,session1,0.19203980099502488,0.1980392156862745,0.15585923735617527,0.15585923735617527,0.9963263781191206,3.5805438941156047,0.22251483687322732,0.7545457534689664,0.7545457534689664,0.001990049751243781,0.001990049751243781,0.0004454487888726285,600.0,1005,1005,hyser_subject_logo
hyser,hyser_subject_logo|subject17,plain_conf_threshold_matched_tau_0.02,subject17,session2,session2,0.2732673267326733,0.27107843137254894,0.2232941163480169,0.2232941163480169,0.8636090608906373,2.547180166122095,0.1377334031213383,0.5624071228758505,0.5624071228758505,0.0,0.0,0.0,600.0,1010,1010,hyser_subject_logo
hyser,hyser_subject_logo|subject18,plain_conf_threshold_matched_tau_0.02,subject18,session1,session1,0.41568627450980394,0.4156862745098039,0.3881002146819523,0.3881002146819523,0.7193458053094001,2.0405349812397877,0.04802338029683996,0.3813076133859986,0.3813076133859986,0.0,0.0,0.0,600.0,1020,1020,hyser_subject_logo
hyser,hyser_subject_logo|subject18,plain_conf_threshold_matched_tau_0.02,subject18,session2,session2,0.48177339901477834,0.48039215686274506,0.45065931514098606,0.45065931514098606,0.6358292085784766,1.6830075614613835,0.08040755019477393,0.2790867047696029,0.2790867047696029,0.0,0.0,0.0,600.0,1015,1015,hyser_subject_logo
hyser,hyser_subject_logo|subject19,plain_conf_threshold_matched_tau_0.02,subject19,session1,session1,0.3509803921568627,0.3509803921568627,0.3212959004779014,0.3212959004779014,0.7773404960475203,2.1762253074873126,0.053735647255404285,0.4784548725156465,0.4784548725156465,0.000980392156862745,0.000980392156862745,0.0001212579223457902,600.0,1020,1020,hyser_subject_logo
hyser,hyser_subject_logo|subject19,plain_conf_threshold_matched_tau_0.02,subject19,session2,session2,0.42233502538071066,0.40980392156862744,0.3893256744203338,0.3893256744203338,0.7095764600599253,1.9518708169280004,0.05710259710477203,0.3615978626509791,0.3615978626509791,0.003045685279187817,0.003045685279187817,0.0004362753460865314,600.0,985,985,hyser_subject_logo
hyser,hyser_subject_logo|subject20,plain_conf_threshold_matched_tau_0.02,subject20,session1,session1,0.4766169154228856,0.4784313725490196,0.4503014144242333,0.4503014144242333,0.6717191952358376,1.8201273134324094,0.10385015641577956,0.29347366862717317,0.29347366862717317,0.0,0.0,0.0,600.0,1005,1005,hyser_subject_logo
hyser,hyser_subject_logo|subject20,plain_conf_threshold_matched_tau_0.02,subject20,session2,session2,0.538235294117647,0.5382352941176469,0.5332012972432522,0.5332012972432522,0.6424479107997553,1.7464636060341892,0.17722339790654112,0.22279246069588196,0.22279246069588196,0.0,0.0,0.0,600.0,1020,1020,hyser_subject_logo
hyser,hyser_within_subject_dayshift|session2,plain_conf_threshold_matched_tau_0.05,subject01,session2,session2,0.515736040609137,0.4992156862745098,0.48232705888992033,0.48232705888992033,0.6443654584601659,1.8114602990593842,0.15673129005353378,0.24479081563172872,0.24479081563172872,0.0,0.0,0.0,600.0,985,985,hyser_within_subject_dayshift
hyser,hyser_within_subject_dayshift|session2,plain_conf_threshold_matched_tau_0.05,subject02,session2,session2,0.37524752475247525,0.3798039215686274,0.3414613096425809,0.3414613096425809,0.7456634335081851,2.1989256265967243,0.08706461691608232,0.3651126429518418,0.3651126429518418,0.0019801980198019802,0.0019801980198019802,6.08180939574036e-05,600.0,1010,1010,hyser_within_subject_dayshift
hyser,hyser_within_subject_dayshift|session2,plain_conf_threshold_matched_tau_0.05,subject03,session2,session2,0.4152284263959391,0.403921568627451,0.37119896643926387,0.37119896643926387,0.7501265077524826,2.1021779925291173,0.06543167235869092,0.41884637069239655,0.41884637069239655,0.0,0.0,0.0,600.0,985,985,hyser_within_subject_dayshift
hyser,hyser_within_subject_dayshift|session2,plain_conf_threshold_matched_tau_0.05,subject04,session2,session2,0.5274509803921569,0.5274509803921568,0.49036519460218597,0.49036519460218597,0.6584440477768395,1.708594438616515,0.18279439114682353,0.2656309180741607,0.2656309180741607,0.00196078431372549,0.00196078431372549,8.972077843076017e-05,600.0,1020,1020,hyser_within_subject_dayshift
hyser,hyser_within_subject_dayshift|session2,plain_conf_threshold_matched_tau_0.05,subject05,session2,session2,0.15,0.15,0.10523944085509973,0.10523944085509973,0.9534670881748744,3.183163100589704,0.1220167437815991,0.7932390292633862,0.7932390292633862,0.0,0.0,0.0,600.0,1020,1020,hyser_within_subject_dayshift
hyser,hyser_within_subject_dayshift|session2,plain_conf_threshold_matched_tau_0.05,subject06,session2,session2,0.5383084577114428,0.5323529411764705,0.5234189162058825,0.5234189162058825,0.6548232077911262,1.762556117376616,0.15632385953449168,0.2991689049508924,0.2991689049508924,0.001990049751243781,0.001990049751243781,7.785130967164176e-05,600.0,1005,1005,hyser_within_subject_dayshift
hyser,hyser_within_subject_dayshift|session2,plain_conf_threshold_matched_tau_0.05,subject07,session2,session2,0.5274509803921569,0.5274509803921569,0.5184487432060493,0.5184487432060493,0.6232707905098513,1.6701957551572315,0.1598459175043512,0.24790506785329636,0.24790506785329636,0.0029411764705882353,0.0029411764705882353,0.0003288394452160514,600.0,1020,1020,hyser_within_subject_dayshift
hyser,hyser_within_subject_dayshift|session2,plain_conf_threshold_matched_tau_0.05,subject08,session2,session2,0.3793103448275862,0.3784313725490196,0.3382638984836316,0.3382638984836316,0.7528967991500974,2.103459616041585,0.06733767838352275,0.41942955180769725,0.41942955180769725,0.0009852216748768472,0.0009852216748768472,3.8129322796647316e-05,600.0,1015,1015,hyser_within_subject_dayshift
hyser,hyser_within_subject_dayshift|session2,plain_conf_threshold_matched_tau_0.05,subject09,session2,session2,0.4764705882352941,0.4764705882352942,0.46728504189154896,0.46728504189154896,0.6749307604479963,1.8226193251770395,0.12515458956167985,0.29415924279853056,0.29415924279853056,0.0058823529411764705,0.0058823529411764705,0.0007347998988707886,600.0,1020,1020,hyser_within_subject_dayshift
hyser,hyser_within_subject_dayshift|session2,plain_conf_threshold_matched_tau_0.05,subject10,session2,session2,0.407,0.4074509803921568,0.3693011812584309,0.3693011812584309,0.7449268043988984,2.044449427689752,0.05226245054240472,0.4121848813278642,0.4121848813278642,0.001,0.001,5.0791196166214195e-05,600.0,1000,1000,hyser_within_subject_dayshift
hyser,hyser_within_subject_dayshift|session2,plain_conf_threshold_matched_tau_0.05,subject11,session2,session2,0.258128078817734,0.25705882352941184,0.23615956287552073,0.23615956287552073,0.8638446656241711,2.5533464994953725,0.04358543058922122,0.6217941454026493,0.6217941454026493,0.0009852216748768472,0.0009852216748768472,8.014725037549875e-05,600.0,1015,1015,hyser_within_subject_dayshift
hyser,hyser_within_subject_dayshift|session2,plain_conf_threshold_matched_tau_0.05,subject12,session2,session2,0.28078817733990147,0.2821568627450981,0.2730812154314871,0.2730812154314871,0.8315049426525312,2.687950302144814,0.07694458208447261,0.5206061662636833,0.5206061662636833,0.0009852216748768472,0.0009852216748768472,0.00015211960324976463,600.0,1015,1015,hyser_within_subject_dayshift
hyser,hyser_within_subject_dayshift|session2,plain_conf_threshold_matched_tau_0.05,subject13,session2,session2,0.5480392156862746,0.5480392156862746,0.5329996267631825,0.5329996267631825,0.609544497028348,1.645777181042195,0.15195083245186422,0.22158046091650568,0.22158046091650568,0.000980392156862745,0.000980392156862745,1.8038414989301704e-05,600.0,1020,1020,hyser_within_subject_dayshift
hyser,hyser_within_subject_dayshift|session2,plain_conf_threshold_matched_tau_0.05,subject14,session2,session2,0.4129353233830846,0.4129411764705882,0.4032274231407201,0.4032274231407201,0.7270433005381638,2.0335275186763475,0.09605141809327766,0.36761087450977376,0.36761087450977376,0.0029850746268656717,0.0029850746268656717,0.00019460781533771096,600.0,1005,1005,hyser_within_subject_dayshift
hyser,hyser_within_subject_dayshift|session2,plain_conf_threshold_matched_tau_0.05,subject15,session2,session2,0.42786069651741293,0.43333333333333335,0.40249444811919544,0.40249444811919544,0.694571671618416,1.8238619020531537,0.0701042891723944,0.3549678015831694,0.3549678015831694,0.0009950248756218905,0.0009950248756218905,2.0534499579568063e-05,600.0,1005,1005,hyser_within_subject_dayshift
hyser,hyser_within_subject_dayshift|session2,plain_conf_threshold_matched_tau_0.05,subject16,session2,session2,0.47843137254901963,0.4784313725490197,0.4797627068377152,0.4797627068377152,0.6798133632556426,1.7532072267073564,0.09797150942258503,0.34330574134276515,0.34330574134276515,0.00392156862745098,0.00392156862745098,0.00029922174210916667,600.0,1020,1020,hyser_within_subject_dayshift
hyser,hyser_within_subject_dayshift|session2,plain_conf_threshold_matched_tau_0.05,subject17,session2,session2,0.2504950495049505,0.24803921568627452,0.20138676153544535,0.20138676153544535,0.8847292448671055,2.6973704018514715,0.05426725064507225,0.6616559724049549,0.6616559724049549,0.0,0.0,0.0,600.0,1010,1010,hyser_within_subject_dayshift
hyser,hyser_within_subject_dayshift|session2,plain_conf_threshold_matched_tau_0.05,subject18,session2,session2,0.40492610837438425,0.4035294117647059,0.3745714942255556,0.3745714942255556,0.7251088651786386,2.0184332793497304,0.06199263764736502,0.39457412210339304,0.39457412210339304,0.0,0.0,0.0,600.0,1015,1015,hyser_within_subject_dayshift
hyser,hyser_within_subject_dayshift|session2,plain_conf_threshold_matched_tau_0.05,subject19,session2,session2,0.4020304568527919,0.3905882352941177,0.36932180233486683,0.36932180233486683,0.7285699846766468,1.9967443623214807,0.07463020161259655,0.3949446658301568,0.3949446658301568,0.006091370558375634,0.006091370558375634,0.00038317780745419184,600.0,985,985,hyser_within_subject_dayshift
hyser,hyser_within_subject_dayshift|session2,plain_conf_threshold_matched_tau_0.05,subject20,session2,session2,0.4588235294117647,0.45882352941176474,0.44236903142616546,0.44236903142616546,0.7203536360022967,1.965391274807303,0.1323114928728563,0.35074717859571697,0.35074717859571697,0.0,0.0,0.0,600.0,1020,1020,hyser_within_subject_dayshift
hyser,hyser_subject_logo|subject01,plain_conf_threshold_matched_tau_0.05,subject01,session1,session1,0.3188118811881188,0.3161764705882352,0.30983945050194606,0.30983945050194606,0.8099677995402553,2.3727788433976387,0.11740816157757951,0.4697414997438096,0.4697414997438096,0.015841584158415842,0.015841584158415842,0.003398969971353139,600.0,1010,1010,hyser_subject_logo
hyser,hyser_subject_logo|subject01,plain_conf_threshold_matched_tau_0.05,subject01,session2,session2,0.3817258883248731,0.3709803921568628,0.3331286273288854,0.3331286273288854,0.7783703586676096,2.2659745146642196,0.08634894672070156,0.4370576738104997,0.4370576738104997,0.016243654822335026,0.016243654822335026,0.002846672392036205,600.0,985,985,hyser_subject_logo
hyser,hyser_subject_logo|subject02,plain_conf_threshold_matched_tau_0.05,subject02,session1,session1,0.3103448275862069,0.31254901960784315,0.2799576915350785,0.2799576915350785,0.8378948558867161,2.499336985270612,0.0777970253358323,0.5282973691432855,0.5282973691432855,0.016748768472906402,0.016748768472906402,0.0044461722064149485,600.0,1015,1015,hyser_subject_logo
hyser,hyser_subject_logo|subject02,plain_conf_threshold_matched_tau_0.05,subject02,session2,session2,0.3297029702970297,0.3329411764705882,0.3025663536510909,0.3025663536510909,0.7931667498438006,2.4131067647412467,0.08775278778938118,0.4234878905109338,0.4234878905109338,0.024752475247524754,0.024752475247524754,0.007467437838246314,600.0,1010,1010,hyser_subject_logo
hyser,hyser_subject_logo|subject03,plain_conf_threshold_matched_tau_0.05,subject03,session1,session1,0.2316326530612245,0.22666666666666668,0.1908841841055098,0.1908841841055098,0.9442904251114511,2.9973395748229312,0.20877412666110795,0.674536737062859,0.674536737062859,0.0020408163265306124,0.0020408163265306124,0.001447957478092127,600.0,980,980,hyser_subject_logo
hyser,hyser_subject_logo|subject03,plain_conf_threshold_matched_tau_0.05,subject03,session2,session2,0.3177664974619289,0.31000000000000005,0.2643381079267012,0.2643381079267012,0.8381756641445383,2.572788830894261,0.15678705739444704,0.4825102760635453,0.4825102760635453,0.0,0.0,0.0,600.0,985,985,hyser_subject_logo
hyser,hyser_subject_logo|subject04,plain_conf_threshold_matched_tau_0.05,subject04,session1,session1,0.5168316831683168,0.5194117647058825,0.505853915570892,0.505853915570892,0.5992316752487782,1.6358057051292447,0.06901862686196321,0.22119366580284547,0.22119366580284547,0.015841584158415842,0.015841584158415842,0.004204253522034307,600.0,1010,1010,hyser_subject_logo
hyser,hyser_subject_logo|subject04,plain_conf_threshold_matched_tau_0.05,subject04,session2,session2,0.43529411764705883,0.43529411764705883,0.3877317266477973,0.3877317266477973,0.6817161237157854,1.8105713902745095,0.08348078864983868,0.31971522713088135,0.31971522713088135,0.008823529411764706,0.008823529411764706,0.0019086804881279543,600.0,1020,1020,hyser_subject_logo
hyser,hyser_subject_logo|subject05,plain_conf_threshold_matched_tau_0.05,subject05,session1,session1,0.2358974358974359,0.22852941176470587,0.18248751754355574,0.18248751754355574,0.9128706861346388,2.7435645250747625,0.20838618554241903,0.5838828945408211,0.5838828945408211,0.0010256410256410256,0.0010256410256410256,0.00021217273239807608,600.0,975,975,hyser_subject_logo
hyser,hyser_subject_logo|subject05,plain_conf_threshold_matched_tau_0.05,subject05,session2,session2,0.11372549019607843,0.11372549019607842,0.09368511305460876,0.09368511305460876,1.0530459189792731,3.7647838639765125,0.2927599478850361,0.8206592076279537,0.8206592076279537,0.0029411764705882353,0.0029411764705882353,0.0013063769477874917,600.0,1020,1020,hyser_subject_logo
hyser,hyser_subject_logo|subject06,plain_conf_threshold_matched_tau_0.05,subject06,session1,session1,0.39509803921568626,0.39509803921568626,0.35484938828700935,0.35484938828700935,0.7590326225293115,2.1156224272972466,0.07795595341988504,0.426860701384201,0.426860701384201,0.00196078431372549,0.00196078431372549,0.0004533298872015725,600.0,1020,1020,hyser_subject_logo
hyser,hyser_subject_logo|subject06,plain_conf_threshold_matched_tau_0.05,subject06,session2,session2,0.40696517412935324,0.4009803921568627,0.36871668498913523,0.36871668498913523,0.7615824061129485,2.1098929440696947,0.06308002694191568,0.4317499851710243,0.4317499851710243,0.003980099502487562,0.003980099502487562,0.0013580275389720904,600.0,1005,1005,hyser_subject_logo
hyser,hyser_subject_logo|subject07,plain_conf_threshold_matched_tau_0.05,subject07,session1,session1,0.3862745098039216,0.38627450980392153,0.365715109890152,0.365715109890152,0.7299542102395279,2.0548691929899934,0.06756054224213849,0.38470306617313915,0.38470306617313915,0.010784313725490196,0.010784313725490196,0.0019065984297633187,600.0,1020,1020,hyser_subject_logo
hyser,hyser_subject_logo|subject07,plain_conf_threshold_matched_tau_0.05,subject07,session2,session2,0.4137254901960784,0.4137254901960784,0.377474130813507,0.377474130813507,0.7218676834655888,2.0501060354401077,0.03665440492715822,0.36660596020717073,0.36660596020717073,0.006862745098039216,0.006862745098039216,0.001508974146852273,600.0,1020,1020,hyser_subject_logo
hyser,hyser_subject_logo|subject08,plain_conf_threshold_matched_tau_0.05,subject08,session1,session1,0.21568627450980393,0.21568627450980393,0.206332042546546,0.206332042546546,0.931405712009434,3.180171446857324,0.14875576575492988,0.6838133230705193,0.6838133230705193,0.0058823529411764705,0.0058823529411764705,0.0013795555825304917,600.0,1020,1020,hyser_subject_logo
hyser,hyser_subject_logo|subject08,plain_conf_threshold_matched_tau_0.05,subject08,session2,session2,0.3645320197044335,0.3629411764705882,0.34897066701339763,0.34897066701339763,0.7802974506607506,2.2139667263971843,0.07494381440064617,0.4697717011063461,0.4697717011063461,0.012807881773399015,0.012807881773399015,0.0023000429184560963,600.0,1015,1015,hyser_subject_logo
hyser,hyser_subject_logo|subject09,plain_conf_threshold_matched_tau_0.05,subject09,session1,session1,0.37549019607843137,0.37549019607843137,0.33960071474773496,0.33960071474773496,0.7892643300771695,2.068599951465307,0.11064765668750622,0.49214401140595665,0.49214401140595665,0.022549019607843137,0.022549019607843137,0.006309937088511573,600.0,1020,1020,hyser_subject_logo
hyser,hyser_subject_logo|subject09,plain_conf_threshold_matched_tau_0.05,subject09,session2,session2,0.29411764705882354,0.29411764705882354,0.2745920940452632,0.2745920940452632,0.8287363083575234,2.44713471620427,0.09761394898114793,0.5087699220870361,0.5087699220870361,0.03529411764705882,0.03529411764705882,0.008825754469670181,600.0,1020,1020,hyser_subject_logo
hyser,hyser_subject_logo|subject10,plain_conf_threshold_matched_tau_0.05,subject10,session1,session1,0.4748768472906404,0.4739215686274511,0.4289278557137659,0.4289278557137659,0.6573669216332241,1.809806710362822,0.045368071684002524,0.2885628716138813,0.2885628716138813,0.002955665024630542,0.002955665024630542,0.0008953002085114857,600.0,1015,1015,hyser_subject_logo
hyser,hyser_subject_logo|subject10,plain_conf_threshold_matched_tau_0.05,subject10,session2,session2,0.426,0.427156862745098,0.37566915157997877,0.37566915157997877,0.7236064354234018,2.1257604234608665,0.05239552071873475,0.35216835767615523,0.35216835767615523,0.001,0.001,0.00030649036095197727,600.0,1000,1000,hyser_subject_logo
hyser,hyser_subject_logo|subject11,plain_conf_threshold_matched_tau_0.05,subject11,session1,session1,0.30974358974358973,0.2980392156862745,0.2712412964346293,0.2712412964346293,0.8306491141914397,2.24931619155377,0.10203822216551675,0.5673181830012005,0.5673181830012005,0.012307692307692308,0.012307692307692308,0.0031603301243226566,600.0,975,975,hyser_subject_logo
hyser,hyser_subject_logo|subject11,plain_conf_threshold_matched_tau_0.05,subject11,session2,session2,0.34285714285714286,0.3411764705882353,0.32981763355602667,0.32981763355602667,0.789625601829996,2.2367638668271854,0.06259215382913447,0.4521813877789947,0.4521813877789947,0.002955665024630542,0.002955665024630542,0.0005523147422440021,600.0,1015,1015,hyser_subject_logo
hyser,hyser_subject_logo|subject12,plain_conf_threshold_matched_tau_0.05,subject12,session1,session1,0.33762376237623765,0.3394117647058823,0.3510175422945926,0.3510175422945926,0.842838535554699,2.62852454324209,0.1498153684965879,0.49462933325476505,0.49462933325476505,0.02277227722772277,0.02277227722772277,0.009912992906256567,600.0,1010,1010,hyser_subject_logo
hyser,hyser_subject_logo|subject12,plain_conf_threshold_matched_tau_0.05,subject12,session2,session2,0.29261083743842364,0.2931372549019608,0.27896246405452907,0.27896246405452907,0.8928860968295581,2.913315631646906,0.18297112631087997,0.5504384098989296,0.5504384098989296,0.002955665024630542,0.002955665024630542,0.000755467801196992,600.0,1015,1015,hyser_subject_logo
hyser,hyser_subject_logo|subject13,plain_conf_threshold_matched_tau_0.05,subject13,session1,session1,0.3990049751243781,0.4026470588235294,0.38284708616906743,0.38284708616906743,0.760376349494403,2.126520002331983,0.050034824604646845,0.43349882610055,0.43349882610055,0.01890547263681592,0.01890547263681592,0.0033986106248358253,600.0,1005,1005,hyser_subject_logo
hyser,hyser_subject_logo|subject13,plain_conf_threshold_matched_tau_0.05,subject13,session2,session2,0.49019607843137253,0.4901960784313726,0.47782352323659294,0.47782352323659294,0.6236913019486893,1.689816187735381,0.05499626100402887,0.2599832293350471,0.2599832293350471,0.006862745098039216,0.006862745098039216,0.001368987133653765,600.0,1020,1020,hyser_subject_logo
hyser,hyser_subject_logo|subject14,plain_conf_threshold_matched_tau_0.05,subject14,session1,session1,0.23564356435643563,0.2333333333333333,0.19905840088338927,0.19905840088338927,0.9183681360050666,3.2681894553078368,0.17247639092209643,0.599361911942426,0.599361911942426,0.007920792079207921,0.007920792079207921,0.005293990500273061,600.0,1010,1010,hyser_subject_logo
hyser,hyser_subject_logo|subject14,plain_conf_threshold_matched_tau_0.05,subject14,session2,session2,0.33134328358208953,0.33274509803921565,0.31747304759132133,0.31747304759132133,0.7836395513950625,2.35145227342531,0.11140498783553125,0.4217629967459803,0.4217629967459803,0.005970149253731343,0.005970149253731343,0.001977493720102837,600.0,1005,1005,hyser_subject_logo
hyser,hyser_subject_logo|subject15,plain_conf_threshold_matched_tau_0.05,subject15,session1,session1,0.307843137254902,0.307843137254902,0.31019492823687805,0.31019492823687805,0.833625319701067,2.604543045336339,0.0892050938733756,0.5212218651741104,0.5212218651741104,0.025490196078431372,0.025490196078431372,0.00852898946723098,600.0,1020,1020,hyser_subject_logo
hyser,hyser_subject_logo|subject15,plain_conf_threshold_matched_tau_0.05,subject15,session2,session2,0.41194029850746267,0.4147058823529412,0.3901171646566464,0.3901171646566464,0.7097889265491929,1.8952505521953278,0.04867829518512754,0.375314268374707,0.375314268374707,0.005970149253731343,0.005970149253731343,0.0014249946522437412,600.0,1005,1005,hyser_subject_logo
hyser,hyser_subject_logo|subject16,plain_conf_threshold_matched_tau_0.05,subject16,session1,session1,0.18592964824120603,0.1931372549019608,0.15814083455487493,0.15814083455487493,0.9571825492136251,3.2212576581750194,0.20601127300515273,0.6747426453528445,0.6747426453528445,0.009045226130653266,0.009045226130653266,0.0028910734697791068,600.0,995,995,hyser_subject_logo
hyser,hyser_subject_logo|subject16,plain_conf_threshold_matched_tau_0.05,subject16,session2,session2,0.4872549019607843,0.4872549019607843,0.4842726538444301,0.4842726538444301,0.6363632370616793,1.6417573016265938,0.039915229404282264,0.28249890379497744,0.28249890379497744,0.01764705882352941,0.01764705882352941,0.007440707170160227,600.0,1020,1020,hyser_subject_logo
hyser,hyser_subject_logo|subject17,plain_conf_threshold_matched_tau_0.05,subject17,session1,session1,0.20298507462686566,0.20882352941176469,0.16901304790365154,0.16901304790365154,0.9852870029196715,3.5552453881702775,0.2159134724573385,0.7281686221534458,0.7281686221534458,0.013930348258706468,0.013930348258706468,0.004321268251887078,600.0,1005,1005,hyser_subject_logo
hyser,hyser_subject_logo|subject17,plain_conf_threshold_matched_tau_0.05,subject17,session2,session2,0.2732673267326733,0.27107843137254894,0.2232941163480169,0.2232941163480169,0.8636355860505244,2.5472309349633773,0.13769003247640305,0.5626428768030756,0.5626428768030756,0.0,0.0,0.0,600.0,1010,1010,hyser_subject_logo
hyser,hyser_subject_logo|subject18,plain_conf_threshold_matched_tau_0.05,subject18,session1,session1,0.4147058823529412,0.4147058823529412,0.386447417059311,0.386447417059311,0.7214471145414203,2.046127174662034,0.048011781060001715,0.3859630166346694,0.3859630166346694,0.000980392156862745,0.000980392156862745,7.602952803073565e-05,600.0,1020,1020,hyser_subject_logo
hyser,hyser_subject_logo|subject18,plain_conf_threshold_matched_tau_0.05,subject18,session2,session2,0.48177339901477834,0.48039215686274506,0.45065931514098606,0.45065931514098606,0.6379477951899629,1.689197214386904,0.08245075244222842,0.28301799176077624,0.28301799176077624,0.0,0.0,0.0,600.0,1015,1015,hyser_subject_logo
hyser,hyser_subject_logo|subject19,plain_conf_threshold_matched_tau_0.05,subject19,session1,session1,0.353921568627451,0.353921568627451,0.3240328493658497,0.3240328493658497,0.7809054064179345,2.1950823649033,0.05327039918866273,0.47963307870215105,0.47963307870215105,0.00784313725490196,0.00784313725490196,0.0013551851017077846,600.0,1020,1020,hyser_subject_logo
hyser,hyser_subject_logo|subject19,plain_conf_threshold_matched_tau_0.05,subject19,session2,session2,0.4243654822335025,0.4123529411764706,0.39215548106670006,0.39215548106670006,0.7160243019890549,1.9908791230628373,0.053213002030628405,0.3760202159025992,0.3760202159025992,0.015228426395939087,0.015228426395939087,0.002568473593408854,600.0,985,985,hyser_subject_logo
hyser,hyser_subject_logo|subject20,plain_conf_threshold_matched_tau_0.05,subject20,session1,session1,0.47761194029850745,0.47941176470588237,0.4528814014921001,0.4528814014921001,0.6706087227247141,1.820828604433572,0.09546674072448301,0.29848268830773866,0.29848268830773866,0.006965174129353234,0.006965174129353234,0.000937540972778336,600.0,1005,1005,hyser_subject_logo
hyser,hyser_subject_logo|subject20,plain_conf_threshold_matched_tau_0.05,subject20,session2,session2,0.5392156862745098,0.5392156862745098,0.5342681123408368,0.5342681123408368,0.6401879743020213,1.7459104448026892,0.17429938898470013,0.22376790706108382,0.22376790706108382,0.0029411764705882353,0.0029411764705882353,0.00022521147228328828,600.0,1020,1020,hyser_subject_logo
hyser,hyser_within_subject_dayshift|session2,plain_conf_threshold_matched_tau_0.10,subject01,session2,session2,0.5208121827411167,0.5041176470588234,0.48865914305790914,0.48865914305790914,0.6374458005866781,1.798227967709912,0.15929434256859848,0.23294260233264413,0.23294260233264413,0.007106598984771574,0.007106598984771574,0.0006328546332293631,600.0,985,985,hyser_within_subject_dayshift
hyser,hyser_within_subject_dayshift|session2,plain_conf_threshold_matched_tau_0.10,subject02,session2,session2,0.37623762376237624,0.38078431372549015,0.34187717306291376,0.34187717306291376,0.7436450408985287,2.1948627950109825,0.08496577591840217,0.36223957873945317,0.36223957873945317,0.0049504950495049506,0.0049504950495049506,0.0004786603161384153,600.0,1010,1010,hyser_within_subject_dayshift
hyser,hyser_within_subject_dayshift|session2,plain_conf_threshold_matched_tau_0.10,subject03,session2,session2,0.41421319796954315,0.40294117647058825,0.3703790858554514,0.3703790858554514,0.7506510278283536,2.10389000093809,0.06339881567751258,0.41958754782798596,0.41958754782798596,0.0010152284263959391,0.0010152284263959391,0.0004252004338142512,600.0,985,985,hyser_within_subject_dayshift
hyser,hyser_within_subject_dayshift|session2,plain_conf_threshold_matched_tau_0.10,subject04,session2,session2,0.5333333333333333,0.5333333333333333,0.4942107510914313,0.4942107510914313,0.6495553444019241,1.686023981140182,0.1815452730479313,0.2541579457640433,0.2541579457640433,0.00784313725490196,0.00784313725490196,0.0004929897528226307,600.0,1020,1020,hyser_within_subject_dayshift
hyser,hyser_within_subject_dayshift|session2,plain_conf_threshold_matched_tau_0.10,subject05,session2,session2,0.153921568627451,0.153921568627451,0.11011597979984883,0.11011597979984883,0.950819359956007,3.1804593939750805,0.11971809024230724,0.7809239776505743,0.7809239776505743,0.00392156862745098,0.00392156862745098,0.0004890725592298557,600.0,1020,1020,hyser_within_subject_dayshift
hyser,hyser_within_subject_dayshift|session2,plain_conf_threshold_matched_tau_0.10,subject06,session2,session2,0.5462686567164179,0.5401960784313724,0.5328966625070252,0.5328966625070252,0.6452859567802873,1.7407078650856522,0.15775264258135002,0.2864318810837711,0.2864318810837711,0.011940298507462687,0.011940298507462687,0.002319275540714134,600.0,1005,1005,hyser_within_subject_dayshift
hyser,hyser_within_subject_dayshift|session2,plain_conf_threshold_matched_tau_0.10,subject07,session2,session2,0.5274509803921569,0.5274509803921569,0.5187062362486389,0.5187062362486389,0.6195349696565876,1.6616210515407388,0.15450238021069673,0.2507445833365361,0.2507445833365361,0.010784313725490196,0.010784313725490196,0.001237769225092293,600.0,1020,1020,hyser_within_subject_dayshift
hyser,hyser_within_subject_dayshift|session2,plain_conf_threshold_matched_tau_0.10,subject08,session2,session2,0.38029556650246304,0.37941176470588234,0.33982884605171304,0.33982884605171304,0.7501440610337572,2.0977260821964117,0.06504464437060738,0.41280099702254314,0.41280099702254314,0.003940886699507389,0.003940886699507389,0.00027612096551068614,600.0,1015,1015,hyser_within_subject_dayshift
hyser,hyser_within_subject_dayshift|session2,plain_conf_threshold_matched_tau_0.10,subject09,session2,session2,0.4823529411764706,0.48235294117647065,0.4773462436121895,0.4773462436121895,0.6638687963611246,1.7965378657857383,0.12057932194824375,0.28344755503349595,0.28344755503349595,0.021568627450980392,0.021568627450980392,0.002655001719327911,600.0,1020,1020,hyser_within_subject_dayshift
hyser,hyser_within_subject_dayshift|session2,plain_conf_threshold_matched_tau_0.10,subject10,session2,session2,0.41,0.4108823529411765,0.37115409222897466,0.37115409222897466,0.7419344662174958,2.038929598138431,0.05155292240478569,0.4057279198273841,0.4057279198273841,0.006,0.006,0.0004436350989765396,600.0,1000,1000,hyser_within_subject_dayshift
hyser,hyser_within_subject_dayshift|session2,plain_conf_threshold_matched_tau_0.10,subject11,session2,session2,0.270935960591133,0.2698039215686275,0.24959058422134342,0.24959058422134342,0.8518704316658078,2.521188880362539,0.04773973239719018,0.5827953644185387,0.5827953644185387,0.013793103448275862,0.013793103448275862,0.0019722776939921946,600.0,1015,1015,hyser_within_subject_dayshift
hyser,hyser_within_subject_dayshift|session2,plain_conf_threshold_matched_tau_0.10,subject12,session2,session2,0.2827586206896552,0.2841176470588236,0.27476483317037076,0.27476483317037076,0.8290445876622636,2.6808178452147144,0.07534889425345312,0.5160250938008938,0.5160250938008938,0.003940886699507389,0.003940886699507389,0.0006920349343819419,600.0,1015,1015,hyser_within_subject_dayshift
hyser,hyser_within_subject_dayshift|session2,plain_conf_threshold_matched_tau_0.10,subject13,session2,session2,0.55,0.55,0.5366790278315726,0.5366790278315726,0.6078483308724065,1.6404374162778315,0.15328010395567954,0.2199935766922474,0.2199935766922474,0.004901960784313725,0.004901960784313725,0.001189471333188524,600.0,1020,1020,hyser_within_subject_dayshift
hyser,hyser_within_subject_dayshift|session2,plain_conf_threshold_matched_tau_0.10,subject14,session2,session2,0.41492537313432837,0.4149019607843137,0.4047855953744362,0.4047855953744362,0.723652102490032,2.0289252073586694,0.09407057691384364,0.3605510278480225,0.3605510278480225,0.006965174129353234,0.006965174129353234,0.0006924668867738603,600.0,1005,1005,hyser_within_subject_dayshift
hyser,hyser_within_subject_dayshift|session2,plain_conf_threshold_matched_tau_0.10,subject15,session2,session2,0.42587064676616915,0.43137254901960786,0.40079250121805154,0.40079250121805154,0.6982317656400185,1.8297950480877787,0.06579038452912507,0.3663054051533878,0.3663054051533878,0.005970149253731343,0.005970149253731343,0.00077689420259265,600.0,1005,1005,hyser_within_subject_dayshift
hyser,hyser_within_subject_dayshift|session2,plain_conf_threshold_matched_tau_0.10,subject16,session2,session2,0.4725490196078431,0.47254901960784323,0.4755774615168843,0.4755774615168843,0.6832123469402153,1.760346403898396,0.09678972388174141,0.35362306975952457,0.35362306975952457,0.010784313725490196,0.010784313725490196,0.0016940149973373741,600.0,1020,1020,hyser_within_subject_dayshift
hyser,hyser_within_subject_dayshift|session2,plain_conf_threshold_matched_tau_0.10,subject17,session2,session2,0.2495049504950495,0.24705882352941178,0.2008541041314465,0.2008541041314465,0.8848505942869697,2.697199424047004,0.05611046635277246,0.6602536593185787,0.6602536593185787,0.0009900990099009901,0.0009900990099009901,0.00024813363813552244,600.0,1010,1010,hyser_within_subject_dayshift
hyser,hyser_within_subject_dayshift|session2,plain_conf_threshold_matched_tau_0.10,subject18,session2,session2,0.40492610837438425,0.4035294117647059,0.3745714942255556,0.3745714942255556,0.725511737920955,2.018743696144283,0.059694093936474846,0.39631065306665086,0.39631065306665086,0.0,0.0,0.0,600.0,1015,1015,hyser_within_subject_dayshift
hyser,hyser_within_subject_dayshift|session2,plain_conf_threshold_matched_tau_0.10,subject19,session2,session2,0.4020304568527919,0.3911764705882353,0.3708143912109596,0.3708143912109596,0.7299509395877541,1.9981253839452713,0.07100674073618729,0.39962953825155056,0.39962953825155056,0.017258883248730966,0.017258883248730966,0.0026853592875007424,600.0,985,985,hyser_within_subject_dayshift
hyser,hyser_within_subject_dayshift|session2,plain_conf_threshold_matched_tau_0.10,subject20,session2,session2,0.45588235294117646,0.45588235294117646,0.43989376831994814,0.43989376831994814,0.7218392798700718,1.9660220158893382,0.126312742692722,0.36225477238268783,0.36225477238268783,0.004901960784313725,0.004901960784313725,0.0007226076092160906,600.0,1020,1020,hyser_within_subject_dayshift
hyser,hyser_subject_logo|subject01,plain_conf_threshold_matched_tau_0.10,subject01,session1,session1,0.3217821782178218,0.31911764705882345,0.31394886862215843,0.31394886862215843,0.8134393924015187,2.3739396069028946,0.12283597573384795,0.4731714060274229,0.4731714060274229,0.041584158415841586,0.041584158415841586,0.009309589097411539,600.0,1010,1010,hyser_subject_logo
hyser,hyser_subject_logo|subject01,plain_conf_threshold_matched_tau_0.10,subject01,session2,session2,0.383756345177665,0.3729411764705883,0.33314766616687264,0.33314766616687264,0.7809537773651488,2.274651702817181,0.08563211936298676,0.4393687489479999,0.4393687489479999,0.026395939086294416,0.026395939086294416,0.0053398342853009486,600.0,985,985,hyser_subject_logo
hyser,hyser_subject_logo|subject02,plain_conf_threshold_matched_tau_0.10,subject02,session1,session1,0.3133004926108374,0.31549019607843143,0.284675484641924,0.284675484641924,0.8336038716436365,2.480388073393459,0.07800848859716004,0.5245828017195716,0.5245828017195716,0.03251231527093596,0.03251231527093596,0.011272188323781416,600.0,1015,1015,hyser_subject_logo
hyser,hyser_subject_logo|subject02,plain_conf_threshold_matched_tau_0.10,subject02,session2,session2,0.33762376237623765,0.3415686274509804,0.31148094231926765,0.31148094231926765,0.7861774233608269,2.39806079517079,0.09250737154080094,0.41196745648691785,0.41196745648691785,0.034653465346534656,0.034653465346534656,0.009465361339551198,600.0,1010,1010,hyser_subject_logo
hyser,hyser_subject_logo|subject03,plain_conf_threshold_matched_tau_0.10,subject03,session1,session1,0.23061224489795917,0.22588235294117645,0.1888309969210444,0.1888309969210444,0.9444070597449189,2.998688800547192,0.21031231837646752,0.6730153938520005,0.6730153938520005,0.00510204081632653,0.00510204081632653,0.0018059539438017172,600.0,980,980,hyser_subject_logo
hyser,hyser_subject_logo|subject03,plain_conf_threshold_matched_tau_0.10,subject03,session2,session2,0.3147208121827411,0.3070588235294118,0.2612920640638233,0.2612920640638233,0.8451496333715118,2.6113037856680887,0.15625224397008142,0.5001764822120823,0.5001764822120823,0.007106598984771574,0.007106598984771574,0.0028108043868840748,600.0,985,985,hyser_subject_logo
hyser,hyser_subject_logo|subject04,plain_conf_threshold_matched_tau_0.10,subject04,session1,session1,0.5198019801980198,0.5223529411764706,0.5085045910092142,0.5085045910092142,0.5975193138142317,1.62580835230235,0.0708075098630742,0.22165640495266692,0.22165640495266692,0.03663366336633663,0.03663366336633663,0.00987044873404046,600.0,1010,1010,hyser_subject_logo
hyser,hyser_subject_logo|subject04,plain_conf_threshold_matched_tau_0.10,subject04,session2,session2,0.4362745098039216,0.4362745098039216,0.39292963408827264,0.39292963408827264,0.6865269998283201,1.8048744845271225,0.08132481140536382,0.3270902656159297,0.3270902656159297,0.03627450980392157,0.03627450980392157,0.010905069528787526,600.0,1020,1020,hyser_subject_logo
hyser,hyser_subject_logo|subject05,plain_conf_threshold_matched_tau_0.10,subject05,session1,session1,0.23487179487179488,0.22754901960784313,0.1825840527017702,0.1825840527017702,0.9144824604010575,2.7529396622850473,0.20978149700787393,0.587753167201569,0.587753167201569,0.0071794871794871795,0.0071794871794871795,0.0026676989812434936,600.0,975,975,hyser_subject_logo
hyser,hyser_subject_logo|subject05,plain_conf_threshold_matched_tau_0.10,subject05,session2,session2,0.10392156862745099,0.10392156862745097,0.09133702327144375,0.09133702327144375,1.0649715083263613,3.7666844977567933,0.30618224350194206,0.8533815792706204,0.8533815792706204,0.03333333333333333,0.03333333333333333,0.013296769034454408,600.0,1020,1020,hyser_subject_logo
hyser,hyser_subject_logo|subject06,plain_conf_threshold_matched_tau_0.10,subject06,session1,session1,0.3911764705882353,0.3911764705882353,0.3489679012828872,0.3489679012828872,0.7639154694811446,2.122205326672996,0.0851393219773646,0.4348497459977623,0.4348497459977623,0.018627450980392157,0.018627450980392157,0.004543863386303858,600.0,1020,1020,hyser_subject_logo
hyser,hyser_subject_logo|subject06,plain_conf_threshold_matched_tau_0.10,subject06,session2,session2,0.41691542288557215,0.4107843137254901,0.3795477494136296,0.3795477494136296,0.7526322036611669,2.0920568500712897,0.05724666765194393,0.41986442480260316,0.41986442480260316,0.013930348258706468,0.013930348258706468,0.004868199903400783,600.0,1005,1005,hyser_subject_logo
hyser,hyser_subject_logo|subject07,plain_conf_threshold_matched_tau_0.10,subject07,session1,session1,0.3892156862745098,0.38921568627450975,0.3695612660287703,0.3695612660287703,0.7320435308266826,2.062708270905119,0.0653569418592358,0.3887604513572796,0.3887604513572796,0.021568627450980392,0.021568627450980392,0.004590310315739432,600.0,1020,1020,hyser_subject_logo
hyser,hyser_subject_logo|subject07,plain_conf_threshold_matched_tau_0.10,subject07,session2,session2,0.40980392156862744,0.40980392156862744,0.3719453267199308,0.3719453267199308,0.7278606962698527,2.0655266971544366,0.03937304978101525,0.3758585954828913,0.3758585954828913,0.014705882352941176,0.014705882352941176,0.0032109603607435293,600.0,1020,1020,hyser_subject_logo
hyser,hyser_subject_logo|subject08,plain_conf_threshold_matched_tau_0.10,subject08,session1,session1,0.2196078431372549,0.21960784313725493,0.209594225224224,0.209594225224224,0.9266842019677018,3.156580197039421,0.14619601118997583,0.674238126916213,0.674238126916213,0.011764705882352941,0.011764705882352941,0.0039149192455878706,600.0,1020,1020,hyser_subject_logo
hyser,hyser_subject_logo|subject08,plain_conf_threshold_matched_tau_0.10,subject08,session2,session2,0.35960591133004927,0.3580392156862745,0.34129312745969054,0.34129312745969054,0.7826608094323542,2.2160963290314744,0.08275061354810873,0.4744345028317797,0.4744345028317797,0.029556650246305417,0.029556650246305417,0.004711390188257968,600.0,1015,1015,hyser_subject_logo
hyser,hyser_subject_logo|subject09,plain_conf_threshold_matched_tau_0.10,subject09,session1,session1,0.3735294117647059,0.3735294117647059,0.3379310506228291,0.3379310506228291,0.7913348150653051,2.1103492850719867,0.10979288669846148,0.4941013295596641,0.4941013295596641,0.029411764705882353,0.029411764705882353,0.008683502699482764,600.0,1020,1020,hyser_subject_logo
hyser,hyser_subject_logo|subject09,plain_conf_threshold_matched_tau_0.10,subject09,session2,session2,0.29901960784313725,0.29901960784313725,0.2791607564094633,0.2791607564094633,0.8265699752838729,2.442312098341151,0.10002022205511951,0.5033843025141143,0.5033843025141143,0.06666666666666667,0.06666666666666667,0.018818587655349397,600.0,1020,1020,hyser_subject_logo
hyser,hyser_subject_logo|subject10,plain_conf_threshold_matched_tau_0.10,subject10,session1,session1,0.47586206896551725,0.4749019607843138,0.42970271393260573,0.42970271393260573,0.6575930007011498,1.8139363228243301,0.04781516972561288,0.2873026745501617,0.2873026745501617,0.012807881773399015,0.012807881773399015,0.004761473116882907,600.0,1015,1015,hyser_subject_logo
hyser,hyser_subject_logo|subject10,plain_conf_threshold_matched_tau_0.10,subject10,session2,session2,0.428,0.42911764705882355,0.3775756897762529,0.3775756897762529,0.7273829511056308,2.141184101490853,0.04847819853011346,0.35037785932334475,0.35037785932334475,0.014,0.014,0.004079137374867685,600.0,1000,1000,hyser_subject_logo
hyser,hyser_subject_logo|subject11,plain_conf_threshold_matched_tau_0.10,subject11,session1,session1,0.3169230769230769,0.30490196078431375,0.2782241142335216,0.2782241142335216,0.827049070797438,2.2456115866267683,0.09556458285134838,0.5599594799240085,0.5599594799240085,0.03487179487179487,0.03487179487179487,0.010201005776024806,600.0,975,975,hyser_subject_logo
hyser,hyser_subject_logo|subject11,plain_conf_threshold_matched_tau_0.10,subject11,session2,session2,0.3448275862068966,0.3431372549019608,0.3314945847141832,0.3314945847141832,0.7869012226899721,2.230489017391138,0.06349146447545564,0.44746948966820066,0.44746948966820066,0.0049261083743842365,0.0049261083743842365,0.0009150431053634923,600.0,1015,1015,hyser_subject_logo
hyser,hyser_subject_logo|subject12,plain_conf_threshold_matched_tau_0.10,subject12,session1,session1,0.3584158415841584,0.36098039215686273,0.3744303892644877,0.3744303892644877,0.8195151539142099,2.552052090004286,0.13277116292984625,0.46763309637264633,0.46763309637264633,0.047524752475247525,0.047524752475247525,0.020834098688050348,600.0,1010,1010,hyser_subject_logo
hyser,hyser_subject_logo|subject12,plain_conf_threshold_matched_tau_0.10,subject12,session2,session2,0.2975369458128079,0.29803921568627456,0.2835880025377104,0.2835880025377104,0.8844296179958262,2.8891211354196704,0.18080984581540427,0.5452081770118177,0.5452081770118177,0.012807881773399015,0.012807881773399015,0.004062723012674134,600.0,1015,1015,hyser_subject_logo
hyser,hyser_subject_logo|subject13,plain_conf_threshold_matched_tau_0.10,subject13,session1,session1,0.4059701492537313,0.40950980392156866,0.39349204953134076,0.39349204953134076,0.7580202566401583,2.116086148151185,0.04953258867845099,0.43678946935355034,0.43678946935355034,0.050746268656716415,0.050746268656716415,0.013375805772396082,600.0,1005,1005,hyser_subject_logo
hyser,hyser_subject_logo|subject13,plain_conf_threshold_matched_tau_0.10,subject13,session2,session2,0.4931372549019608,0.49313725490196075,0.48458194348838823,0.48458194348838823,0.6225392256707104,1.686786678641543,0.054776969353692084,0.2614104219448513,0.2614104219448513,0.03137254901960784,0.03137254901960784,0.009890375559023125,600.0,1020,1020,hyser_subject_logo
hyser,hyser_subject_logo|subject14,plain_conf_threshold_matched_tau_0.10,subject14,session1,session1,0.24356435643564356,0.24117647058823533,0.20772670993713063,0.20772670993713063,0.9094713871868186,3.2540725883022525,0.16471827145961412,0.5815844046932953,0.5815844046932953,0.019801980198019802,0.019801980198019802,0.012209230969979659,600.0,1010,1010,hyser_subject_logo
hyser,hyser_subject_logo|subject14,plain_conf_threshold_matched_tau_0.10,subject14,session2,session2,0.33134328358208953,0.33274509803921565,0.31642432455131836,0.31642432455131836,0.785391530528453,2.357086935653129,0.11023712715720131,0.422716171048003,0.422716171048003,0.015920398009950248,0.015920398009950248,0.004040197925313255,600.0,1005,1005,hyser_subject_logo
hyser,hyser_subject_logo|subject15,plain_conf_threshold_matched_tau_0.10,subject15,session1,session1,0.32254901960784316,0.32254901960784316,0.3236355937740742,0.3236355937740742,0.8229606132695905,2.555341121158288,0.08629133010122575,0.5020727420772307,0.5020727420772307,0.05,0.05,0.0152816519294165,600.0,1020,1020,hyser_subject_logo
hyser,hyser_subject_logo|subject15,plain_conf_threshold_matched_tau_0.10,subject15,session2,session2,0.4059701492537313,0.40882352941176475,0.3863822431435481,0.3863822431435481,0.7199748802214848,1.9104929308321417,0.05685109117576442,0.39292586389907974,0.39292586389907974,0.027860696517412936,0.027860696517412936,0.006646352310416282,600.0,1005,1005,hyser_subject_logo
hyser,hyser_subject_logo|subject16,plain_conf_threshold_matched_tau_0.10,subject16,session1,session1,0.19195979899497487,0.19901960784313727,0.16415784188475385,0.16415784188475385,0.9503690795896148,3.2044738806507813,0.20208656469949404,0.6628549156756862,0.6628549156756862,0.017085427135678392,0.017085427135678392,0.004861650668822622,600.0,995,995,hyser_subject_logo
hyser,hyser_subject_logo|subject16,plain_conf_threshold_matched_tau_0.10,subject16,session2,session2,0.4892156862745098,0.4892156862745098,0.48589295313511904,0.48589295313511904,0.6371755999322227,1.6974947654919192,0.03663596664453325,0.28704071999211866,0.28704071999211866,0.03529411764705882,0.03529411764705882,0.01313570858795604,600.0,1020,1020,hyser_subject_logo
hyser,hyser_subject_logo|subject17,plain_conf_threshold_matched_tau_0.10,subject17,session1,session1,0.2099502487562189,0.21568627450980396,0.17540623375075537,0.17540623375075537,0.9795973589205618,3.5406447471981384,0.2111810015569963,0.7164227321227112,0.7164227321227112,0.029850746268656716,0.029850746268656716,0.009985908568144552,600.0,1005,1005,hyser_subject_logo
hyser,hyser_subject_logo|subject17,plain_conf_threshold_matched_tau_0.10,subject17,session2,session2,0.2722772277227723,0.27009803921568626,0.22260673562020342,0.22260673562020342,0.8651595008416518,2.5566625765526334,0.1386704711590965,0.5683326268968669,0.5683326268968669,0.0029702970297029703,0.0029702970297029703,0.0007085053790583635,600.0,1010,1010,hyser_subject_logo
hyser,hyser_subject_logo|subject18,plain_conf_threshold_matched_tau_0.10,subject18,session1,session1,0.4147058823529412,0.41470588235294115,0.3857617382454649,0.3857617382454649,0.7237019714272586,2.0585781040286775,0.04736771950623341,0.38867438757735295,0.38867438757735295,0.0029411764705882353,0.0029411764705882353,0.0002439916538063183,600.0,1020,1020,hyser_subject_logo
hyser,hyser_subject_logo|subject18,plain_conf_threshold_matched_tau_0.10,subject18,session2,session2,0.47783251231527096,0.4764705882352941,0.44602303276734007,0.44602303276734007,0.6424438561103424,1.700207399414318,0.07869256286709315,0.2879090362522848,0.2879090362522848,0.003940886699507389,0.003940886699507389,0.0005653370513884219,600.0,1015,1015,hyser_subject_logo
hyser,hyser_subject_logo|subject19,plain_conf_threshold_matched_tau_0.10,subject19,session1,session1,0.35294117647058826,0.3529411764705882,0.3246458318598907,0.3246458318598907,0.7856003288171642,2.2171702526598334,0.053220809616370615,0.48691094877351443,0.48691094877351443,0.0196078431372549,0.0196078431372549,0.0038170628265816473,600.0,1020,1020,hyser_subject_logo
hyser,hyser_subject_logo|subject19,plain_conf_threshold_matched_tau_0.10,subject19,session2,session2,0.43147208121827413,0.4201960784313725,0.40130672179079135,0.40130672179079135,0.7147648621302568,1.9916292652257246,0.05772831414346823,0.37553080572692504,0.37553080572692504,0.03350253807106599,0.03350253807106599,0.008771998493760797,600.0,985,985,hyser_subject_logo
hyser,hyser_subject_logo|subject20,plain_conf_threshold_matched_tau_0.10,subject20,session1,session1,0.47960199004975124,0.48117647058823526,0.4555691993212371,0.4555691993212371,0.6655751939151766,1.8120799098731737,0.094695961276181,0.2917888453482388,0.2917888453482388,0.01691542288557214,0.01691542288557214,0.0023968901522073045,600.0,1005,1005,hyser_subject_logo
hyser,hyser_subject_logo|subject20,plain_conf_threshold_matched_tau_0.10,subject20,session2,session2,0.5362745098039216,0.5362745098039216,0.5309280496223346,0.5309280496223346,0.6429278701937254,1.7495333921297,0.16842680493110782,0.2373587710921109,0.2373587710921109,0.013725490196078431,0.013725490196078431,0.0030374317831923865,600.0,1020,1020,hyser_subject_logo
hyser,hyser_within_subject_dayshift|session2,plain_conf_threshold_matched_tau_0.15,subject01,session2,session2,0.5238578680203045,0.5070588235294117,0.4918073342821089,0.4918073342821089,0.6351809437814546,1.791809881677932,0.15876651824503482,0.23166561914298422,0.23166561914298422,0.016243654822335026,0.016243654822335026,0.0017572235658451024,600.0,985,985,hyser_within_subject_dayshift
hyser,hyser_within_subject_dayshift|session2,plain_conf_threshold_matched_tau_0.15,subject02,session2,session2,0.37623762376237624,0.38078431372549015,0.3420850119259576,0.3420850119259576,0.7430852476762368,2.192750371029252,0.08597246826394044,0.3618518498459247,0.3618518498459247,0.006930693069306931,0.006930693069306931,0.0005927551217989106,600.0,1010,1010,hyser_within_subject_dayshift
hyser,hyser_within_subject_dayshift|session2,plain_conf_threshold_matched_tau_0.15,subject03,session2,session2,0.41624365482233505,0.40490196078431373,0.37364944532282324,0.37364944532282324,0.7500137565601611,2.102213544133582,0.06391177938554476,0.41833276563767885,0.41833276563767885,0.012182741116751269,0.012182741116751269,0.003156118528952104,600.0,985,985,hyser_within_subject_dayshift
hyser,hyser_within_subject_dayshift|session2,plain_conf_threshold_matched_tau_0.15,subject04,session2,session2,0.5362745098039216,0.5362745098039214,0.4978293757650571,0.4978293757650571,0.6458312399430791,1.6777252718700058,0.18148066358907824,0.24783634205331775,0.24783634205331775,0.012745098039215686,0.012745098039215686,0.0009920798080085612,600.0,1020,1020,hyser_within_subject_dayshift
hyser,hyser_within_subject_dayshift|session2,plain_conf_threshold_matched_tau_0.15,subject05,session2,session2,0.16666666666666666,0.16666666666666666,0.1288546480134595,0.1288546480134595,0.9425924624806505,3.1631627162236193,0.11168020965008606,0.7509701665460193,0.7509701665460193,0.016666666666666666,0.016666666666666666,0.0014821356949991237,600.0,1020,1020,hyser_within_subject_dayshift
hyser,hyser_within_subject_dayshift|session2,plain_conf_threshold_matched_tau_0.15,subject06,session2,session2,0.5522388059701493,0.546078431372549,0.5422799551155445,0.5422799551155445,0.6390050625361717,1.7237253559344836,0.16055975627309674,0.280506815735817,0.280506815735817,0.01791044776119403,0.01791044776119403,0.0033773219592474063,600.0,1005,1005,hyser_within_subject_dayshift
hyser,hyser_within_subject_dayshift|session2,plain_conf_threshold_matched_tau_0.15,subject07,session2,session2,0.5245098039215687,0.5245098039215685,0.5163780066736581,0.5163780066736581,0.6207712630278414,1.6623300467020845,0.1522429724287219,0.25758818141800094,0.25758818141800094,0.020588235294117647,0.020588235294117647,0.002640687171731947,600.0,1020,1020,hyser_within_subject_dayshift
hyser,hyser_within_subject_dayshift|session2,plain_conf_threshold_matched_tau_0.15,subject08,session2,session2,0.38226600985221676,0.3813725490196078,0.34131967958178366,0.34131967958178366,0.7478227927353851,2.090750029862768,0.06628004883736971,0.4074237380705353,0.4074237380705353,0.005911330049261084,0.005911330049261084,0.0006987719588223669,600.0,1015,1015,hyser_within_subject_dayshift
hyser,hyser_within_subject_dayshift|session2,plain_conf_threshold_matched_tau_0.15,subject09,session2,session2,0.49019607843137253,0.4901960784313726,0.4889711935560914,0.4889711935560914,0.6566517398569697,1.7797220589864737,0.12471815339259736,0.27575733219844745,0.27575733219844745,0.041176470588235294,0.041176470588235294,0.005403362145598297,600.0,1020,1020,hyser_within_subject_dayshift
hyser,hyser_within_subject_dayshift|session2,plain_conf_threshold_matched_tau_0.15,subject10,session2,session2,0.407,0.4074509803921569,0.3692811032210444,0.3692811032210444,0.7441155024388563,2.0440755016734617,0.04579681204308609,0.41065449008126975,0.41065449008126975,0.02,0.02,0.002719541804731527,600.0,1000,1000,hyser_within_subject_dayshift
hyser,hyser_within_subject_dayshift|session2,plain_conf_threshold_matched_tau_0.15,subject11,session2,session2,0.2729064039408867,0.27176470588235296,0.251979025526571,0.251979025526571,0.849788284158178,2.516157658628732,0.048848044995460985,0.5769305352154809,0.5769305352154809,0.015763546798029555,0.015763546798029555,0.002115523832466318,600.0,1015,1015,hyser_within_subject_dayshift
hyser,hyser_within_subject_dayshift|session2,plain_conf_threshold_matched_tau_0.15,subject12,session2,session2,0.2827586206896552,0.2841176470588236,0.27476483317037076,0.27476483317037076,0.8283284469042501,2.679677561253738,0.07526481141847038,0.5149295810438357,0.5149295810438357,0.003940886699507389,0.003940886699507389,0.0006920349343819419,600.0,1015,1015,hyser_within_subject_dayshift
hyser,hyser_within_subject_dayshift|session2,plain_conf_threshold_matched_tau_0.15,subject13,session2,session2,0.5509803921568628,0.5509803921568628,0.5388650932788384,0.5388650932788384,0.6081627308760214,1.6403204519350745,0.15372548962728233,0.22093042209427438,0.22093042209427438,0.010784313725490196,0.010784313725490196,0.0026923252397986455,600.0,1020,1020,hyser_within_subject_dayshift
hyser,hyser_within_subject_dayshift|session2,plain_conf_threshold_matched_tau_0.15,subject14,session2,session2,0.41890547263681593,0.4188235294117647,0.40879282679751544,0.40879282679751544,0.7215432358138413,2.0322158546519082,0.09562727195846255,0.356283612462547,0.356283612462547,0.014925373134328358,0.014925373134328358,0.0022719175566616305,600.0,1005,1005,hyser_within_subject_dayshift
hyser,hyser_within_subject_dayshift|session2,plain_conf_threshold_matched_tau_0.15,subject15,session2,session2,0.4248756218905473,0.4303921568627452,0.4005211011763283,0.4005211011763283,0.7004922261604261,1.8399872779877113,0.060327892761993254,0.37237813806842535,0.37237813806842535,0.011940298507462687,0.011940298507462687,0.001943512849343578,600.0,1005,1005,hyser_within_subject_dayshift
hyser,hyser_within_subject_dayshift|session2,plain_conf_threshold_matched_tau_0.15,subject16,session2,session2,0.4676470588235294,0.4676470588235294,0.47164814750871015,0.47164814750871015,0.686755951459458,1.8499197097120017,0.08751585731230327,0.36078187554731994,0.36078187554731994,0.018627450980392157,0.018627450980392157,0.0028608052664536236,600.0,1020,1020,hyser_within_subject_dayshift
hyser,hyser_within_subject_dayshift|session2,plain_conf_threshold_matched_tau_0.15,subject17,session2,session2,0.2504950495049505,0.24803921568627452,0.2026811547717718,0.2026811547717718,0.8839958117082386,2.697598931902454,0.05589971745153096,0.656803727200569,0.656803727200569,0.006930693069306931,0.006930693069306931,0.0013630247921526933,600.0,1010,1010,hyser_within_subject_dayshift
hyser,hyser_within_subject_dayshift|session2,plain_conf_threshold_matched_tau_0.15,subject18,session2,session2,0.40295566502463054,0.40156862745098043,0.3720758583517309,0.3720758583517309,0.7268702996190782,2.0183506546043555,0.05749668803669528,0.4015879443444477,0.4015879443444477,0.003940886699507389,0.003940886699507389,0.0009038162494362907,600.0,1015,1015,hyser_within_subject_dayshift
hyser,hyser_within_subject_dayshift|session2,plain_conf_threshold_matched_tau_0.15,subject19,session2,session2,0.4040609137055838,0.39333333333333337,0.37409140398543395,0.37409140398543395,0.7296917212318944,2.000060116995967,0.06918005394836722,0.40169213216961036,0.40169213216961036,0.03553299492385787,0.03553299492385787,0.006429471707070635,600.0,985,985,hyser_within_subject_dayshift
hyser,hyser_within_subject_dayshift|session2,plain_conf_threshold_matched_tau_0.15,subject20,session2,session2,0.45098039215686275,0.4509803921568627,0.43560011531354836,0.43560011531354836,0.7256772961303098,1.980121846476923,0.11874346991555909,0.3750566944834812,0.3750566944834812,0.010784313725490196,0.010784313725490196,0.001464416351225984,600.0,1020,1020,hyser_within_subject_dayshift
hyser,hyser_subject_logo|subject01,plain_conf_threshold_matched_tau_0.15,subject01,session1,session1,0.32475247524752476,0.32205882352941173,0.31664587045440534,0.31664587045440534,0.8124802894973059,2.3775128018234604,0.12279367164834427,0.473077549252301,0.473077549252301,0.061386138613861385,0.061386138613861385,0.013790747662186421,600.0,1010,1010,hyser_subject_logo
hyser,hyser_subject_logo|subject01,plain_conf_threshold_matched_tau_0.15,subject01,session2,session2,0.3868020304568528,0.37588235294117645,0.3356460007545903,0.3356460007545903,0.7806909779088503,2.276990722514084,0.08158633425199201,0.437871554564701,0.437871554564701,0.0416243654822335,0.0416243654822335,0.01043149199251631,600.0,985,985,hyser_subject_logo
hyser,hyser_subject_logo|subject02,plain_conf_threshold_matched_tau_0.15,subject02,session1,session1,0.31724137931034485,0.3194117647058824,0.28779591131430265,0.28779591131430265,0.8289984874886569,2.451972476326239,0.07886277366272669,0.5180502820895452,0.5180502820895452,0.052216748768472904,0.052216748768472904,0.017901902692356947,600.0,1015,1015,hyser_subject_logo
hyser,hyser_subject_logo|subject02,plain_conf_threshold_matched_tau_0.15,subject02,session2,session2,0.3504950495049505,0.3543137254901961,0.3287930191852089,0.3287930191852089,0.777442879156865,2.3712588907718097,0.09082924518058871,0.3973877522224441,0.3973877522224441,0.04950495049504951,0.04950495049504951,0.012782815243909812,600.0,1010,1010,hyser_subject_logo
hyser,hyser_subject_logo|subject03,plain_conf_threshold_matched_tau_0.15,subject03,session1,session1,0.23061224489795917,0.22607843137254904,0.19009483987507694,0.19009483987507694,0.9445719915955114,3.0019660856882413,0.20976464408554235,0.6731478477954432,0.6731478477954432,0.013265306122448979,0.013265306122448979,0.004993756452857267,600.0,980,980,hyser_subject_logo
hyser,hyser_subject_logo|subject03,plain_conf_threshold_matched_tau_0.15,subject03,session2,session2,0.3096446700507614,0.30215686274509806,0.2569047662002821,0.2569047662002821,0.8537949165984475,2.6375200906899536,0.15803108104375255,0.5176929602264803,0.5176929602264803,0.015228426395939087,0.015228426395939087,0.007074638086166194,600.0,985,985,hyser_subject_logo
hyser,hyser_subject_logo|subject04,plain_conf_threshold_matched_tau_0.15,subject04,session1,session1,0.5257425742574258,0.5282352941176471,0.5155111983755709,0.5155111983755709,0.5963260130906722,1.6189402578746293,0.07413599109853079,0.22216541844231186,0.22216541844231186,0.05742574257425743,0.05742574257425743,0.015562023766201794,600.0,1010,1010,hyser_subject_logo
hyser,hyser_subject_logo|subject04,plain_conf_threshold_matched_tau_0.15,subject04,session2,session2,0.442156862745098,0.4421568627450981,0.4030572515628531,0.4030572515628531,0.6846403429338644,1.7856121114026993,0.07236736425625111,0.33019804040553496,0.33019804040553496,0.06568627450980392,0.06568627450980392,0.022986265912545645,600.0,1020,1020,hyser_subject_logo
hyser,hyser_subject_logo|subject05,plain_conf_threshold_matched_tau_0.15,subject05,session1,session1,0.23282051282051283,0.22558823529411764,0.18343499372041966,0.18343499372041966,0.9188385088192214,2.757549996258932,0.2089750117069439,0.6034060694208102,0.6034060694208102,0.013333333333333334,0.013333333333333334,0.005850958974501968,600.0,975,975,hyser_subject_logo
hyser,hyser_subject_logo|subject05,plain_conf_threshold_matched_tau_0.15,subject05,session2,session2,0.10098039215686275,0.10098039215686272,0.09243992849776422,0.09243992849776422,1.0672124391968,3.7608827790206627,0.31008890971161995,0.8651884648612731,0.8651884648612731,0.054901960784313725,0.054901960784313725,0.02105897926472422,600.0,1020,1020,hyser_subject_logo
hyser,hyser_subject_logo|subject06,plain_conf_threshold_matched_tau_0.15,subject06,session1,session1,0.3862745098039216,0.38627450980392153,0.3461583097659764,0.3461583097659764,0.7673840638583321,2.123439388371078,0.08678445085852181,0.4437337294484776,0.4437337294484776,0.027450980392156862,0.027450980392156862,0.00870620016286728,600.0,1020,1020,hyser_subject_logo
hyser,hyser_subject_logo|subject06,plain_conf_threshold_matched_tau_0.15,subject06,session2,session2,0.4228855721393035,0.41666666666666663,0.38571577092857606,0.38571577092857606,0.7504127642495197,2.083859227708534,0.056401138206013966,0.4234834478724674,0.4234834478724674,0.024875621890547265,0.024875621890547265,0.010260573661827099,600.0,1005,1005,hyser_subject_logo
hyser,hyser_subject_logo|subject07,plain_conf_threshold_matched_tau_0.15,subject07,session1,session1,0.3911764705882353,0.39117647058823524,0.372071090531633,0.372071090531633,0.7354191504649075,2.0722452038940036,0.05424145192757995,0.39677130133098837,0.39677130133098837,0.03235294117647059,0.03235294117647059,0.007089711853966386,600.0,1020,1020,hyser_subject_logo
hyser,hyser_subject_logo|subject07,plain_conf_threshold_matched_tau_0.15,subject07,session2,session2,0.4166666666666667,0.4166666666666666,0.3786854863612316,0.3786854863612316,0.7290932448547094,2.0699775068860067,0.04392264534407259,0.37707157613579967,0.37707157613579967,0.028431372549019607,0.028431372549019607,0.0058174333898187835,600.0,1020,1020,hyser_subject_logo
hyser,hyser_subject_logo|subject08,plain_conf_threshold_matched_tau_0.15,subject08,session1,session1,0.21372549019607842,0.21372549019607845,0.20382524636950053,0.20382524636950053,0.9304599017667741,3.1604054669625743,0.15263985933182336,0.6831807657362224,0.6831807657362224,0.0196078431372549,0.0196078431372549,0.0069931665777918555,600.0,1020,1020,hyser_subject_logo
hyser,hyser_subject_logo|subject08,plain_conf_threshold_matched_tau_0.15,subject08,session2,session2,0.3586206896551724,0.35725490196078435,0.33964067449640617,0.33964067449640617,0.7838547299783895,2.2134140494100567,0.0823386754474039,0.4786942846048558,0.4786942846048558,0.04433497536945813,0.04433497536945813,0.00816061767420091,600.0,1015,1015,hyser_subject_logo
hyser,hyser_subject_logo|subject09,plain_conf_threshold_matched_tau_0.15,subject09,session1,session1,0.37058823529411766,0.37058823529411766,0.33516328167088133,0.33516328167088133,0.7959053302772561,2.123322446185369,0.11818912783594089,0.5021625649086717,0.5021625649086717,0.052941176470588235,0.052941176470588235,0.013486980231268913,600.0,1020,1020,hyser_subject_logo
hyser,hyser_subject_logo|subject09,plain_conf_threshold_matched_tau_0.15,subject09,session2,session2,0.30196078431372547,0.30196078431372547,0.2813190205425798,0.2813190205425798,0.8226830853896122,2.4510718992745137,0.10184795964131489,0.4938439260741963,0.4938439260741963,0.10098039215686275,0.10098039215686275,0.030005549132301544,600.0,1020,1020,hyser_subject_logo
hyser,hyser_subject_logo|subject10,plain_conf_threshold_matched_tau_0.15,subject10,session1,session1,0.470935960591133,0.4700000000000001,0.4233938823583059,0.4233938823583059,0.6643180427950155,1.8304750098306932,0.0473413587373673,0.2941253990724854,0.2941253990724854,0.027586206896551724,0.027586206896551724,0.011189008885659027,600.0,1015,1015,hyser_subject_logo
hyser,hyser_subject_logo|subject10,plain_conf_threshold_matched_tau_0.15,subject10,session2,session2,0.428,0.42911764705882355,0.3776957919457385,0.3776957919457385,0.7283137844759175,2.1464518651294613,0.05393902355963782,0.3451456082016845,0.3451456082016845,0.024,0.024,0.007987300314825184,600.0,1000,1000,hyser_subject_logo
hyser,hyser_subject_logo|subject11,plain_conf_threshold_matched_tau_0.15,subject11,session1,session1,0.31794871794871793,0.3058823529411765,0.2790960614951911,0.2790960614951911,0.8286718197477589,2.251344981477875,0.09760902599604114,0.5586802768964265,0.5586802768964265,0.06256410256410257,0.06256410256410257,0.01731144334940395,600.0,975,975,hyser_subject_logo
hyser,hyser_subject_logo|subject11,plain_conf_threshold_matched_tau_0.15,subject11,session2,session2,0.3536945812807882,0.35196078431372546,0.3412642105017154,0.3412642105017154,0.7802299980729753,2.215250037130832,0.0688789115423739,0.4347866721913296,0.4347866721913296,0.0187192118226601,0.0187192118226601,0.0035920384138785097,600.0,1015,1015,hyser_subject_logo
hyser,hyser_subject_logo|subject12,plain_conf_threshold_matched_tau_0.15,subject12,session1,session1,0.37425742574257426,0.3770588235294118,0.39112665074516206,0.39112665074516206,0.8015483379363398,2.4771047240294246,0.11419102219201545,0.4577896374592897,0.4577896374592897,0.0702970297029703,0.0702970297029703,0.03110388503975557,600.0,1010,1010,hyser_subject_logo
hyser,hyser_subject_logo|subject12,plain_conf_threshold_matched_tau_0.15,subject12,session2,session2,0.3054187192118227,0.30588235294117655,0.2928183164186741,0.2928183164186741,0.8769690503495198,2.85835617244391,0.17430958377978006,0.5415288190303955,0.5415288190303955,0.03152709359605911,0.03152709359605911,0.010615040871385992,600.0,1015,1015,hyser_subject_logo
hyser,hyser_subject_logo|subject13,plain_conf_threshold_matched_tau_0.15,subject13,session1,session1,0.4079601990049751,0.4114705882352942,0.3955208180412961,0.3955208180412961,0.7588776804700653,2.1128908425355672,0.04796101878266596,0.44319361149947584,0.44319361149947584,0.07263681592039802,0.07263681592039802,0.021736925000060896,600.0,1005,1005,hyser_subject_logo
hyser,hyser_subject_logo|subject13,plain_conf_threshold_matched_tau_0.15,subject13,session2,session2,0.49411764705882355,0.49411764705882355,0.4906162925490682,0.4906162925490682,0.6223902144306568,1.688910892456021,0.06169162225171856,0.2603375594997767,0.2603375594997767,0.06862745098039216,0.06862745098039216,0.023271927858856584,600.0,1020,1020,hyser_subject_logo
hyser,hyser_subject_logo|subject14,plain_conf_threshold_matched_tau_0.15,subject14,session1,session1,0.24455445544554455,0.242156862745098,0.20903218292343384,0.20903218292343384,0.9078158224079554,3.2523826508206186,0.16400084399549184,0.5784442233233437,0.5784442233233437,0.028712871287128714,0.028712871287128714,0.014706096843492184,600.0,1010,1010,hyser_subject_logo
hyser,hyser_subject_logo|subject14,plain_conf_threshold_matched_tau_0.15,subject14,session2,session2,0.32736318407960197,0.3288235294117647,0.31276353945273244,0.31276353945273244,0.7895734498245852,2.364434773587316,0.11010114110987039,0.43153158696524885,0.43153158696524885,0.020895522388059702,0.020895522388059702,0.006593888807179745,600.0,1005,1005,hyser_subject_logo
hyser,hyser_subject_logo|subject15,plain_conf_threshold_matched_tau_0.15,subject15,session1,session1,0.3254901960784314,0.3254901960784314,0.3282000130259031,0.3282000130259031,0.8210108253311165,2.545843963270958,0.09153070802909057,0.49847646191833755,0.49847646191833755,0.060784313725490195,0.060784313725490195,0.01920021790368552,600.0,1020,1020,hyser_subject_logo
hyser,hyser_subject_logo|subject15,plain_conf_threshold_matched_tau_0.15,subject15,session2,session2,0.3990049751243781,0.4019607843137255,0.3823403777404776,0.3823403777404776,0.7256076090893598,1.9387937662046457,0.047482334196016024,0.40207692187287813,0.40207692187287813,0.042786069651741296,0.042786069651741296,0.010335993904019895,600.0,1005,1005,hyser_subject_logo
hyser,hyser_subject_logo|subject16,plain_conf_threshold_matched_tau_0.15,subject16,session1,session1,0.20100502512562815,0.20784313725490197,0.17349032479944948,0.17349032479944948,0.9389839508453883,3.1881884785822714,0.1920676401611069,0.6429013353055293,0.6429013353055293,0.03015075376884422,0.03015075376884422,0.009672602245917197,600.0,995,995,hyser_subject_logo
hyser,hyser_subject_logo|subject16,plain_conf_threshold_matched_tau_0.15,subject16,session2,session2,0.48627450980392156,0.4862745098039216,0.4831796842423798,0.4831796842423798,0.6410188514281074,1.7113763202898629,0.036801013091860305,0.29511941335257014,0.29511941335257014,0.04215686274509804,0.04215686274509804,0.015954969273156767,600.0,1020,1020,hyser_subject_logo
hyser,hyser_subject_logo|subject17,plain_conf_threshold_matched_tau_0.15,subject17,session1,session1,0.21194029850746268,0.21764705882352944,0.17682335306880984,0.17682335306880984,0.9774067154715919,3.5292110119499505,0.20854062887284802,0.7135352536248549,0.7135352536248549,0.042786069651741296,0.042786069651741296,0.01558257700167668,600.0,1005,1005,hyser_subject_logo
hyser,hyser_subject_logo|subject17,plain_conf_threshold_matched_tau_0.15,subject17,session2,session2,0.28217821782178215,0.2799019607843137,0.23324880488124075,0.23324880488124075,0.8583407593926509,2.522188981006101,0.1295121513004942,0.5668050305517633,0.5668050305517633,0.01881188118811881,0.01881188118811881,0.004584021063797683,600.0,1010,1010,hyser_subject_logo
hyser,hyser_subject_logo|subject18,plain_conf_threshold_matched_tau_0.15,subject18,session1,session1,0.4147058823529412,0.4147058823529412,0.3846170854219841,0.3846170854219841,0.7259481511733361,2.067353432288871,0.05145465820453422,0.39122598451606616,0.39122598451606616,0.00784313725490196,0.00784313725490196,0.0013266670556230026,600.0,1020,1020,hyser_subject_logo
hyser,hyser_subject_logo|subject18,plain_conf_threshold_matched_tau_0.15,subject18,session2,session2,0.47783251231527096,0.4764705882352941,0.4463829384649799,0.4463829384649799,0.6440888109740482,1.7042613823429396,0.08007463831101276,0.2906254381352891,0.2906254381352891,0.01083743842364532,0.01083743842364532,0.002047076343316428,600.0,1015,1015,hyser_subject_logo
hyser,hyser_subject_logo|subject19,plain_conf_threshold_matched_tau_0.15,subject19,session1,session1,0.3480392156862745,0.3480392156862745,0.3249478575230725,0.3249478575230725,0.7956379861985509,2.260681150175542,0.0597503773319628,0.4982171731688286,0.4982171731688286,0.03823529411764706,0.03823529411764706,0.009867397228573984,600.0,1020,1020,hyser_subject_logo
hyser,hyser_subject_logo|subject19,plain_conf_threshold_matched_tau_0.15,subject19,session2,session2,0.43756345177664974,0.42627450980392156,0.4076452269382748,0.4076452269382748,0.7102811357300179,1.9839937242285786,0.06432162109392432,0.37052611507016986,0.37052611507016986,0.04467005076142132,0.04467005076142132,0.010859961663169883,600.0,985,985,hyser_subject_logo
hyser,hyser_subject_logo|subject20,plain_conf_threshold_matched_tau_0.15,subject20,session1,session1,0.48059701492537316,0.48176470588235293,0.45728505841515327,0.45728505841515327,0.665396526605679,1.8079046076328467,0.09643582134276789,0.29100191465384956,0.29100191465384956,0.029850746268656716,0.029850746268656716,0.006573564471190774,600.0,1005,1005,hyser_subject_logo
hyser,hyser_subject_logo|subject20,plain_conf_threshold_matched_tau_0.15,subject20,session2,session2,0.5333333333333333,0.5333333333333334,0.5285520238035887,0.5285520238035887,0.6446772060991942,1.7534768151860234,0.1640719142320231,0.24263410071742098,0.24263410071742098,0.024509803921568627,0.024509803921568627,0.005844752005814137,600.0,1020,1020,hyser_subject_logo
hyser,hyser_within_subject_dayshift|session2,plain_conf_threshold_matched_tau_0.20,subject01,session2,session2,0.5289340101522843,0.5119607843137254,0.4975799081172478,0.4975799081172478,0.6323728122989702,1.7875913821799352,0.162219189039952,0.22487532145032194,0.22487532145032194,0.023350253807106598,0.023350253807106598,0.0029946790125056936,600.0,985,985,hyser_within_subject_dayshift
hyser,hyser_within_subject_dayshift|session2,plain_conf_threshold_matched_tau_0.20,subject02,session2,session2,0.3792079207920792,0.3837254901960784,0.3458209505690551,0.3458209505690551,0.7421391687338018,2.1865093050642836,0.086521947093829,0.3605324656454027,0.3605324656454027,0.013861386138613862,0.013861386138613862,0.001658198991437231,600.0,1010,1010,hyser_within_subject_dayshift
hyser,hyser_within_subject_dayshift|session2,plain_conf_threshold_matched_tau_0.20,subject03,session2,session2,0.4203045685279188,0.4088235294117647,0.3780793258455213,0.3780793258455213,0.7480033676489897,2.098270226736117,0.06944730849926264,0.41576987482315186,0.41576987482315186,0.019289340101522844,0.019289340101522844,0.004294636528458909,600.0,985,985,hyser_within_subject_dayshift
hyser,hyser_within_subject_dayshift|session2,plain_conf_threshold_matched_tau_0.20,subject04,session2,session2,0.538235294117647,0.538235294117647,0.5001274955187427,0.5001274955187427,0.6435030241004733,1.6729187351902965,0.18135559485394756,0.24552494092352597,0.24552494092352597,0.023529411764705882,0.023529411764705882,0.0029242319742562987,600.0,1020,1020,hyser_within_subject_dayshift
hyser,hyser_within_subject_dayshift|session2,plain_conf_threshold_matched_tau_0.20,subject05,session2,session2,0.17254901960784313,0.17254901960784316,0.13635623196878485,0.13635623196878485,0.9382659186850134,3.1511141627859036,0.11855059573551063,0.7369503850686018,0.7369503850686018,0.023529411764705882,0.023529411764705882,0.00199536713073396,600.0,1020,1020,hyser_within_subject_dayshift
hyser,hyser_within_subject_dayshift|session2,plain_conf_threshold_matched_tau_0.20,subject06,session2,session2,0.5572139303482587,0.5509803921568628,0.5481531138560494,0.5481531138560494,0.6338736780015032,1.7117287118138476,0.16320329419640583,0.2731716193096425,0.2731716193096425,0.022885572139303482,0.022885572139303482,0.004362003470076547,600.0,1005,1005,hyser_within_subject_dayshift
hyser,hyser_within_subject_dayshift|session2,plain_conf_threshold_matched_tau_0.20,subject07,session2,session2,0.5264705882352941,0.5264705882352941,0.5198589075283984,0.5198589075283984,0.6200403490056788,1.6587281400159501,0.15611829668731472,0.25908271020420276,0.25908271020420276,0.028431372549019607,0.028431372549019607,0.003830387681424412,600.0,1020,1020,hyser_within_subject_dayshift
hyser,hyser_within_subject_dayshift|session2,plain_conf_threshold_matched_tau_0.20,subject08,session2,session2,0.3832512315270936,0.38235294117647056,0.34157472796474175,0.34157472796474175,0.7468580236679166,2.087499549222473,0.06667678805252603,0.4062044008454711,0.4062044008454711,0.007881773399014778,0.007881773399014778,0.0011849926281522064,600.0,1015,1015,hyser_within_subject_dayshift
hyser,hyser_within_subject_dayshift|session2,plain_conf_threshold_matched_tau_0.20,subject09,session2,session2,0.49411764705882355,0.49411764705882355,0.49434294172324705,0.49434294172324705,0.651026275166097,1.7663668635243117,0.12852051098402498,0.26981327860609233,0.26981327860609233,0.05196078431372549,0.05196078431372549,0.007764150984530917,600.0,1020,1020,hyser_within_subject_dayshift
hyser,hyser_within_subject_dayshift|session2,plain_conf_threshold_matched_tau_0.20,subject10,session2,session2,0.406,0.40647058823529414,0.36861635244897206,0.36861635244897206,0.7454447309581608,2.049406717563969,0.04600028338687222,0.41314038421336874,0.41314038421336874,0.026,0.026,0.0033715119240956765,600.0,1000,1000,hyser_within_subject_dayshift
hyser,hyser_within_subject_dayshift|session2,plain_conf_threshold_matched_tau_0.20,subject11,session2,session2,0.2748768472906404,0.27372549019607845,0.2541948122494315,0.2541948122494315,0.8487412799765217,2.5138002322746527,0.04621863938418143,0.5733552201408668,0.5733552201408668,0.017733990147783252,0.017733990147783252,0.002260150786310867,600.0,1015,1015,hyser_within_subject_dayshift
hyser,hyser_within_subject_dayshift|session2,plain_conf_threshold_matched_tau_0.20,subject12,session2,session2,0.28472906403940884,0.28607843137254907,0.2770038318841845,0.2770038318841845,0.8257902416353564,2.674964850300181,0.07444974920891721,0.5098420221808435,0.5098420221808435,0.005911330049261084,0.005911330049261084,0.0009327695828781848,600.0,1015,1015,hyser_within_subject_dayshift
hyser,hyser_within_subject_dayshift|session2,plain_conf_threshold_matched_tau_0.20,subject13,session2,session2,0.5558823529411765,0.5558823529411765,0.5456283387428853,0.5456283387428853,0.6068679842242171,1.6395201563962065,0.1587030643625906,0.2180351673671467,0.2180351673671467,0.0196078431372549,0.0196078431372549,0.004141487066423561,600.0,1020,1020,hyser_within_subject_dayshift
hyser,hyser_within_subject_dayshift|session2,plain_conf_threshold_matched_tau_0.20,subject14,session2,session2,0.4228855721393035,0.4227450980392157,0.4118158147804977,0.4118158147804977,0.719211699811354,2.0311244774850956,0.09872044022592236,0.35143203647944266,0.35143203647944266,0.01890547263681592,0.01890547263681592,0.0029509323690907184,600.0,1005,1005,hyser_within_subject_dayshift
hyser,hyser_within_subject_dayshift|session2,plain_conf_threshold_matched_tau_0.20,subject15,session2,session2,0.4248756218905473,0.4303921568627452,0.40081153299603367,0.40081153299603367,0.7015936220655196,1.84580327769248,0.05813461960351318,0.3730051418713814,0.3730051418713814,0.023880597014925373,0.023880597014925373,0.004167640245440955,600.0,1005,1005,hyser_within_subject_dayshift
hyser,hyser_within_subject_dayshift|session2,plain_conf_threshold_matched_tau_0.20,subject16,session2,session2,0.4676470588235294,0.46764705882352936,0.47266435095772735,0.47266435095772735,0.6868470853664108,1.8599306317878712,0.08622537796731561,0.35938039455492216,0.35938039455492216,0.024509803921568627,0.024509803921568627,0.004617476007436262,600.0,1020,1020,hyser_within_subject_dayshift
hyser,hyser_within_subject_dayshift|session2,plain_conf_threshold_matched_tau_0.20,subject17,session2,session2,0.2504950495049505,0.24803921568627452,0.2026811547717718,0.2026811547717718,0.883641820413419,2.6971108994401813,0.05596126370978543,0.655365670746163,0.655365670746163,0.006930693069306931,0.006930693069306931,0.0013630247921526933,600.0,1010,1010,hyser_within_subject_dayshift
hyser,hyser_within_subject_dayshift|session2,plain_conf_threshold_matched_tau_0.20,subject18,session2,session2,0.4019704433497537,0.40058823529411763,0.3713578842362654,0.3713578842362654,0.729255057431652,2.0220224452057822,0.05831570510958994,0.4093047176814816,0.4093047176814816,0.005911330049261084,0.005911330049261084,0.0015975885008347082,600.0,1015,1015,hyser_within_subject_dayshift
hyser,hyser_within_subject_dayshift|session2,plain_conf_threshold_matched_tau_0.20,subject19,session2,session2,0.4071065989847716,0.3962745098039216,0.3776155328368506,0.3776155328368506,0.7276366862841586,1.9961752913221635,0.07095197934216574,0.39900334404238014,0.39900334404238014,0.05177664974619289,0.05177664974619289,0.009682032350949275,600.0,985,985,hyser_within_subject_dayshift
hyser,hyser_within_subject_dayshift|session2,plain_conf_threshold_matched_tau_0.20,subject20,session2,session2,0.44901960784313727,0.4490196078431372,0.43409655604273356,0.43409655604273356,0.7279650206892867,1.9848134171261818,0.11704552342069259,0.3809811385363223,0.3809811385363223,0.012745098039215686,0.012745098039215686,0.00233643366455682,600.0,1020,1020,hyser_within_subject_dayshift
hyser,hyser_subject_logo|subject01,plain_conf_threshold_matched_tau_0.20,subject01,session1,session1,0.32772277227722774,0.3249999999999999,0.31982802921505177,0.31982802921505177,0.8109915882941449,2.3769866424238186,0.12054491167080421,0.47116902463860233,0.47116902463860233,0.07326732673267326,0.07326732673267326,0.0173752074156207,600.0,1010,1010,hyser_subject_logo
hyser,hyser_subject_logo|subject01,plain_conf_threshold_matched_tau_0.20,subject01,session2,session2,0.383756345177665,0.37294117647058816,0.3340880229532595,0.3340880229532595,0.7860686635078326,2.2916489150199566,0.0807997869873442,0.4446021641412621,0.4446021641412621,0.05279187817258883,0.05279187817258883,0.012553502013921195,600.0,985,985,hyser_subject_logo
hyser,hyser_subject_logo|subject02,plain_conf_threshold_matched_tau_0.20,subject02,session1,session1,0.32019704433497537,0.3223529411764706,0.29043438331879223,0.29043438331879223,0.8263323642875625,2.4401751052731098,0.07898004114877302,0.5136192283692969,0.5136192283692969,0.06699507389162561,0.06699507389162561,0.021808309816699848,600.0,1015,1015,hyser_subject_logo
hyser,hyser_subject_logo|subject02,plain_conf_threshold_matched_tau_0.20,subject02,session2,session2,0.35544554455445543,0.3594117647058824,0.33470617278268283,0.33470617278268283,0.7720911677365943,2.356967046392756,0.09267223544334202,0.38723170960264924,0.38723170960264924,0.061386138613861385,0.061386138613861385,0.01660777667576219,600.0,1010,1010,hyser_subject_logo
hyser,hyser_subject_logo|subject03,plain_conf_threshold_matched_tau_0.20,subject03,session1,session1,0.22857142857142856,0.2241176470588235,0.1880065614087416,0.1880065614087416,0.9466650679918428,3.0223589715059043,0.21163308168344314,0.6759768822929825,0.6759768822929825,0.02142857142857143,0.02142857142857143,0.007759628601238616,600.0,980,980,hyser_subject_logo
hyser,hyser_subject_logo|subject03,plain_conf_threshold_matched_tau_0.20,subject03,session2,session2,0.30761421319796955,0.3001960784313726,0.2541164424251405,0.2541164424251405,0.8577339502059037,2.656453266141818,0.16025251798841392,0.5241180692413058,0.5241180692413058,0.028426395939086295,0.028426395939086295,0.011123632229355264,600.0,985,985,hyser_subject_logo
hyser,hyser_subject_logo|subject04,plain_conf_threshold_matched_tau_0.20,subject04,session1,session1,0.5336633663366337,0.5360784313725491,0.5247801568013959,0.5247801568013959,0.5930865108886684,1.607464477052167,0.08047893935005722,0.21968878554620158,0.21968878554620158,0.07227722772277227,0.07227722772277227,0.01889503046656654,600.0,1010,1010,hyser_subject_logo
hyser,hyser_subject_logo|subject04,plain_conf_threshold_matched_tau_0.20,subject04,session2,session2,0.44509803921568625,0.44509803921568625,0.4080015960618587,0.4080015960618587,0.6860667927500785,1.7808777888954004,0.06571824157041711,0.33616163691390294,0.33616163691390294,0.08529411764705883,0.08529411764705883,0.030248375914207683,600.0,1020,1020,hyser_subject_logo
hyser,hyser_subject_logo|subject05,plain_conf_threshold_matched_tau_0.20,subject05,session1,session1,0.2317948717948718,0.2246078431372549,0.18493297871860695,0.18493297871860695,0.9193336797582042,2.7542291185358105,0.2063216165385808,0.6135918956029242,0.6135918956029242,0.02564102564102564,0.02564102564102564,0.011745053390988821,600.0,975,975,hyser_subject_logo
hyser,hyser_subject_logo|subject05,plain_conf_threshold_matched_tau_0.20,subject05,session2,session2,0.10196078431372549,0.10196078431372549,0.09461527843707689,0.09461527843707689,1.0665128681735112,3.7453654697491485,0.3090426697557635,0.8730921446309926,0.8730921446309926,0.07156862745098039,0.07156862745098039,0.027150692046450754,600.0,1020,1020,hyser_subject_logo
hyser,hyser_subject_logo|subject06,plain_conf_threshold_matched_tau_0.20,subject06,session1,session1,0.3803921568627451,0.3803921568627451,0.3398572777440186,0.3398572777440186,0.7723092799930437,2.1392159710113208,0.09179233868233352,0.45104063587706245,0.45104063587706245,0.0392156862745098,0.0392156862745098,0.012567074551320518,600.0,1020,1020,hyser_subject_logo
hyser,hyser_subject_logo|subject06,plain_conf_threshold_matched_tau_0.20,subject06,session2,session2,0.4228855721393035,0.4166666666666666,0.3850738228669983,0.3850738228669983,0.7505573080773025,2.0737336938616857,0.05599861042242186,0.4301262700983801,0.4301262700983801,0.031840796019900496,0.031840796019900496,0.01395034259539486,600.0,1005,1005,hyser_subject_logo
hyser,hyser_subject_logo|subject07,plain_conf_threshold_matched_tau_0.20,subject07,session1,session1,0.3931372549019608,0.3931372549019608,0.37464375587603327,0.37464375587603327,0.7369634836183987,2.0746636757713137,0.057036606923622606,0.40359506570760073,0.40359506570760073,0.04019607843137255,0.04019607843137255,0.009074940956852105,600.0,1020,1020,hyser_subject_logo
hyser,hyser_subject_logo|subject07,plain_conf_threshold_matched_tau_0.20,subject07,session2,session2,0.41568627450980394,0.4156862745098039,0.37719414597401146,0.37719414597401146,0.7326498126633788,2.0760635322340324,0.050405199180498676,0.3833765201781464,0.3833765201781464,0.03431372549019608,0.03431372549019608,0.007106841355252021,600.0,1020,1020,hyser_subject_logo
hyser,hyser_subject_logo|subject08,plain_conf_threshold_matched_tau_0.20,subject08,session1,session1,0.21666666666666667,0.21666666666666667,0.20529467835051823,0.20529467835051823,0.9266902978123959,3.1417680299572637,0.14937523759903953,0.6781478959324684,0.6781478959324684,0.026470588235294117,0.026470588235294117,0.0103652033882242,600.0,1020,1020,hyser_subject_logo
hyser,hyser_subject_logo|subject08,plain_conf_threshold_matched_tau_0.20,subject08,session2,session2,0.3586206896551724,0.35725490196078435,0.3371994138635625,0.3371994138635625,0.7847893270318432,2.213076623171331,0.08132209245317883,0.4821623337971882,0.4821623337971882,0.053201970443349754,0.053201970443349754,0.009992800371844182,600.0,1015,1015,hyser_subject_logo
hyser,hyser_subject_logo|subject09,plain_conf_threshold_matched_tau_0.20,subject09,session1,session1,0.37058823529411766,0.37058823529411766,0.33620524730576623,0.33620524730576623,0.7952990925891875,2.1309421686058845,0.12230468859677925,0.5035482648275,0.5035482648275,0.07156862745098039,0.07156862745098039,0.01799848349406534,600.0,1020,1020,hyser_subject_logo
hyser,hyser_subject_logo|subject09,plain_conf_threshold_matched_tau_0.20,subject09,session2,session2,0.296078431372549,0.29607843137254897,0.275148422178075,0.275148422178075,0.8264661053442559,2.4553851833514297,0.10810253941705936,0.5035187064692066,0.5035187064692066,0.12352941176470589,0.12352941176470589,0.03694022922416192,600.0,1020,1020,hyser_subject_logo
hyser,hyser_subject_logo|subject10,plain_conf_threshold_matched_tau_0.20,subject10,session1,session1,0.470935960591133,0.47000000000000003,0.4243924151437226,0.4243924151437226,0.6672931845532365,1.834405356905747,0.042353465230319784,0.2988274147108045,0.2988274147108045,0.041379310344827586,0.041379310344827586,0.016031985503916244,600.0,1015,1015,hyser_subject_logo
hyser,hyser_subject_logo|subject10,plain_conf_threshold_matched_tau_0.20,subject10,session2,session2,0.42,0.42127450980392156,0.37001304193988,0.37001304193988,0.7341410398758798,2.1669475525032613,0.06527118565477931,0.3509467884144634,0.3509467884144634,0.038,0.038,0.012729871528498965,600.0,1000,1000,hyser_subject_logo
hyser,hyser_subject_logo|subject11,plain_conf_threshold_matched_tau_0.20,subject11,session1,session1,0.3148717948717949,0.3029411764705882,0.2753319873001788,0.2753319873001788,0.831545793106032,2.258746185424071,0.10243977708266945,0.5644598690360192,0.5644598690360192,0.07487179487179488,0.07487179487179488,0.020447775151748216,600.0,975,975,hyser_subject_logo
hyser,hyser_subject_logo|subject11,plain_conf_threshold_matched_tau_0.20,subject11,session2,session2,0.3605911330049261,0.3588235294117647,0.3480745122378501,0.3480745122378501,0.776410752669784,2.208277543726798,0.06990929774532177,0.42570432012835047,0.42570432012835047,0.03251231527093596,0.03251231527093596,0.00673584947328909,600.0,1015,1015,hyser_subject_logo
hyser,hyser_subject_logo|subject12,plain_conf_threshold_matched_tau_0.20,subject12,session1,session1,0.3821782178217822,0.3850980392156863,0.39731278151930777,0.39731278151930777,0.7915207967378405,2.432114656931418,0.10825688905814937,0.44803407792000194,0.44803407792000194,0.08712871287128712,0.08712871287128712,0.03859016785162164,600.0,1010,1010,hyser_subject_logo
hyser,hyser_subject_logo|subject12,plain_conf_threshold_matched_tau_0.20,subject12,session2,session2,0.3083743842364532,0.3088235294117647,0.2967042650377835,0.2967042650377835,0.8740301677263304,2.848761285011711,0.1698033028734995,0.5412212487082844,0.5412212487082844,0.0374384236453202,0.0374384236453202,0.013523022086214287,600.0,1015,1015,hyser_subject_logo
hyser,hyser_subject_logo|subject13,plain_conf_threshold_matched_tau_0.20,subject13,session1,session1,0.4059701492537313,0.40950980392156866,0.3947724736531752,0.3947724736531752,0.7605099377309731,2.114363499839522,0.04743617381352083,0.44818985290659813,0.44818985290659813,0.09154228855721393,0.09154228855721393,0.028067331303251418,600.0,1005,1005,hyser_subject_logo
hyser,hyser_subject_logo|subject13,plain_conf_threshold_matched_tau_0.20,subject13,session2,session2,0.5029411764705882,0.5029411764705882,0.5044733436855974,0.5044733436855974,0.61999213531966,1.6826547259483928,0.07075284137681932,0.2568904947837169,0.2568904947837169,0.09509803921568627,0.09509803921568627,0.031904674987247646,600.0,1020,1020,hyser_subject_logo
hyser,hyser_subject_logo|subject14,plain_conf_threshold_matched_tau_0.20,subject14,session1,session1,0.2495049504950495,0.24705882352941178,0.21430367625204083,0.21430367625204083,0.9045540752426151,3.2487949372082863,0.15756423466032782,0.5715823318598322,0.5715823318598322,0.03762376237623762,0.03762376237623762,0.01724343413177012,600.0,1010,1010,hyser_subject_logo
hyser,hyser_subject_logo|subject14,plain_conf_threshold_matched_tau_0.20,subject14,session2,session2,0.32736318407960197,0.32862745098039214,0.3138125016988605,0.3138125016988605,0.7923312530145289,2.3669223872969916,0.11092445145343599,0.4353330405575312,0.4353330405575312,0.03482587064676617,0.03482587064676617,0.010128706229098379,600.0,1005,1005,hyser_subject_logo
hyser,hyser_subject_logo|subject15,plain_conf_threshold_matched_tau_0.20,subject15,session1,session1,0.3303921568627451,0.3303921568627451,0.3319204055172685,0.3319204055172685,0.8191818477915955,2.5338155512787477,0.08549210875108275,0.4960957223360376,0.4960957223360376,0.07058823529411765,0.07058823529411765,0.022064454521171988,600.0,1020,1020,hyser_subject_logo
hyser,hyser_subject_logo|subject15,plain_conf_threshold_matched_tau_0.20,subject15,session2,session2,0.39601990049751246,0.39901960784313734,0.38004147921934606,0.38004147921934606,0.7290272275798891,1.9534779201375543,0.05032816549706269,0.4058243351466822,0.4058243351466822,0.056716417910447764,0.056716417910447764,0.013844783612227006,600.0,1005,1005,hyser_subject_logo
hyser,hyser_subject_logo|subject16,plain_conf_threshold_matched_tau_0.20,subject16,session1,session1,0.20402010050251257,0.21078431372549022,0.17642493767759704,0.17642493767759704,0.9369884785003155,3.184772660658173,0.18694973320489364,0.6413891547792553,0.6413891547792553,0.0371859296482412,0.0371859296482412,0.012063862110192367,600.0,995,995,hyser_subject_logo
hyser,hyser_subject_logo|subject16,plain_conf_threshold_matched_tau_0.20,subject16,session2,session2,0.48627450980392156,0.4862745098039215,0.48320918390814593,0.48320918390814593,0.6391649143043818,1.7147804930538562,0.03699090484931794,0.29493772138808966,0.29493772138808966,0.059803921568627454,0.059803921568627454,0.021697228325073953,600.0,1020,1020,hyser_subject_logo
hyser,hyser_subject_logo|subject17,plain_conf_threshold_matched_tau_0.20,subject17,session1,session1,0.21791044776119403,0.22352941176470592,0.1811840137800641,0.1811840137800641,0.972537614836165,3.500828401135836,0.20356072780313836,0.706468532579927,0.706468532579927,0.056716417910447764,0.056716417910447764,0.020615776847399202,600.0,1005,1005,hyser_subject_logo
hyser,hyser_subject_logo|subject17,plain_conf_threshold_matched_tau_0.20,subject17,session2,session2,0.2871287128712871,0.2848039215686274,0.2377739217937135,0.2377739217937135,0.8555984056457591,2.5057023801341485,0.12402404593294374,0.5652385568086585,0.5652385568086585,0.024752475247524754,0.024752475247524754,0.00565614018146601,600.0,1010,1010,hyser_subject_logo
hyser,hyser_subject_logo|subject18,plain_conf_threshold_matched_tau_0.20,subject18,session1,session1,0.41274509803921566,0.41274509803921566,0.38188193018079797,0.38188193018079797,0.7302108974672341,2.0821216771386237,0.050369733161457785,0.3969753993729642,0.3969753993729642,0.013725490196078431,0.013725490196078431,0.0028947120455877647,600.0,1020,1020,hyser_subject_logo
hyser,hyser_subject_logo|subject18,plain_conf_threshold_matched_tau_0.20,subject18,session2,session2,0.47783251231527096,0.4764705882352941,0.44656190312924865,0.44656190312924865,0.6454577531522243,1.7069227036945436,0.08163028311180737,0.29307464904439273,0.29307464904439273,0.015763546798029555,0.015763546798029555,0.002974298315868618,600.0,1015,1015,hyser_subject_logo
hyser,hyser_subject_logo|subject19,plain_conf_threshold_matched_tau_0.20,subject19,session1,session1,0.353921568627451,0.35392156862745094,0.33221659438220247,0.33221659438220247,0.7944830889962724,2.270058930178615,0.056993977461838354,0.49319373674557676,0.49319373674557676,0.052941176470588235,0.052941176470588235,0.01313168081581505,600.0,1020,1020,hyser_subject_logo
hyser,hyser_subject_logo|subject19,plain_conf_threshold_matched_tau_0.20,subject19,session2,session2,0.43756345177664974,0.4262745098039215,0.40774122361315235,0.40774122361315235,0.7100668807949477,1.9849414119197482,0.0637410243594482,0.37130115765087374,0.37130115765087374,0.05583756345177665,0.05583756345177665,0.013616413477445367,600.0,985,985,hyser_subject_logo
hyser,hyser_subject_logo|subject20,plain_conf_threshold_matched_tau_0.20,subject20,session1,session1,0.47960199004975124,0.48058823529411765,0.4561032577869848,0.4561032577869848,0.668818373925292,1.8206373580737603,0.09444084605339134,0.2924114329231786,0.2924114329231786,0.041791044776119404,0.041791044776119404,0.009453831283248313,600.0,1005,1005,hyser_subject_logo
hyser,hyser_subject_logo|subject20,plain_conf_threshold_matched_tau_0.20,subject20,session2,session2,0.5303921568627451,0.5303921568627451,0.5256412121612043,0.5256412121612043,0.6482466974847498,1.783966507994923,0.1604191945723073,0.25046981261672446,0.25046981261672446,0.03431372549019608,0.03431372549019608,0.008594991503903197,600.0,1020,1020,hyser_subject_logo

