dataset_id,split_family,comparison_family,tau,policy_a,policy_b_same_tau,policy_b,split_id,subject_id,session,day,selected_threshold,target_intervention_rate,selected_intervention_rate,intervention_rate_gap,exact_budget_match,candidate_threshold_count,trace_count,disagreement_trace_count,max_attainable_intervention_rate
hyser,hyser_subject_logo,agency_vs_plain_conf_exact_budget,0.02,agency_margin_tau_0.02,plain_conf_threshold_matched_tau_0.02,plain_conf_threshold_exact_budget_tau_0.02,hyser_subject_logo|subject01,subject01,session1,session1,0.6811973525102599,0.01485148514851485,0.01485148514851485,0.0,True,203,1010,700,0.693069306930693
hyser,hyser_subject_logo,agency_vs_plain_conf_exact_budget,0.02,agency_margin_tau_0.02,plain_conf_threshold_matched_tau_0.02,plain_conf_threshold_exact_budget_tau_0.02,hyser_subject_logo|subject01,subject01,session2,session2,0.7286999294712729,0.012182741116751269,0.01116751269035533,0.0010152284263959394,False,203,985,544,0.5522842639593909
hyser,hyser_subject_logo,agency_vs_plain_conf_exact_budget,0.02,agency_margin_tau_0.02,plain_conf_threshold_matched_tau_0.02,plain_conf_threshold_exact_budget_tau_0.02,hyser_subject_logo|subject02,subject02,session1,session1,0.6613403859160171,0.019704433497536946,0.0187192118226601,0.0009852216748768468,False,203,1015,764,0.7527093596059113
hyser,hyser_subject_logo,agency_vs_plain_conf_exact_budget,0.02,agency_margin_tau_0.02,plain_conf_threshold_matched_tau_0.02,plain_conf_threshold_exact_budget_tau_0.02,hyser_subject_logo|subject02,subject02,session2,session2,0.8273620758915573,0.011881188118811881,0.01287128712871287,0.0009900990099009892,False,203,1010,726,0.7188118811881188
hyser,hyser_subject_logo,agency_vs_plain_conf_exact_budget,0.02,agency_margin_tau_0.02,plain_conf_threshold_matched_tau_0.02,plain_conf_threshold_exact_budget_tau_0.02,hyser_subject_logo|subject03,subject03,session1,session1,0.5334396813801798,0.00816326530612245,0.00816326530612245,0.0,True,203,980,812,0.8285714285714286
hyser,hyser_subject_logo,agency_vs_plain_conf_exact_budget,0.02,agency_margin_tau_0.02,plain_conf_threshold_matched_tau_0.02,plain_conf_threshold_exact_budget_tau_0.02,hyser_subject_logo|subject03,subject03,session2,session2,0.6263062129582206,0.005076142131979695,0.0040609137055837565,0.0010152284263959385,False,203,985,729,0.7401015228426396
hyser,hyser_subject_logo,agency_vs_plain_conf_exact_budget,0.02,agency_margin_tau_0.02,plain_conf_threshold_matched_tau_0.02,plain_conf_threshold_exact_budget_tau_0.02,hyser_subject_logo|subject04,subject04,session1,session1,0.7286999294712729,0.007920792079207921,0.00891089108910891,0.0009900990099009892,False,203,1010,608,0.601980198019802
hyser,hyser_subject_logo,agency_vs_plain_conf_exact_budget,0.02,agency_margin_tau_0.02,plain_conf_threshold_matched_tau_0.02,plain_conf_threshold_exact_budget_tau_0.02,hyser_subject_logo|subject04,subject04,session2,session2,0.6613403859160171,0.011764705882352941,0.011764705882352941,0.0,True,203,1020,598,0.5862745098039216
hyser,hyser_subject_logo,agency_vs_plain_conf_exact_budget,0.02,agency_margin_tau_0.02,plain_conf_threshold_matched_tau_0.02,plain_conf_threshold_exact_budget_tau_0.02,hyser_subject_logo|subject05,subject05,session1,session1,0.561615777095356,0.008205128205128205,0.0071794871794871795,0.0010256410256410256,False,203,975,676,0.6933333333333334
hyser,hyser_subject_logo,agency_vs_plain_conf_exact_budget,0.02,agency_margin_tau_0.02,plain_conf_threshold_matched_tau_0.02,plain_conf_threshold_exact_budget_tau_0.02,hyser_subject_logo|subject05,subject05,session2,session2,0.643417714912693,0.013725490196078431,0.012745098039215686,0.000980392156862745,False,203,1020,804,0.788235294117647
hyser,hyser_subject_logo,agency_vs_plain_conf_exact_budget,0.02,agency_margin_tau_0.02,plain_conf_threshold_matched_tau_0.02,plain_conf_threshold_exact_budget_tau_0.02,hyser_subject_logo|subject06,subject06,session1,session1,0.6613403859160171,0.004901960784313725,0.004901960784313725,0.0,True,203,1020,651,0.638235294117647
hyser,hyser_subject_logo,agency_vs_plain_conf_exact_budget,0.02,agency_margin_tau_0.02,plain_conf_threshold_matched_tau_0.02,plain_conf_threshold_exact_budget_tau_0.02,hyser_subject_logo|subject06,subject06,session2,session2,0.6811973525102599,0.004975124378109453,0.003980099502487562,0.0009950248756218907,False,203,1005,713,0.709452736318408
hyser,hyser_subject_logo,agency_vs_plain_conf_exact_budget,0.02,agency_margin_tau_0.02,plain_conf_threshold_matched_tau_0.02,plain_conf_threshold_exact_budget_tau_0.02,hyser_subject_logo|subject07,subject07,session1,session1,0.6263062129582206,0.013725490196078431,0.012745098039215686,0.000980392156862745,False,203,1020,659,0.6460784313725491
hyser,hyser_subject_logo,agency_vs_plain_conf_exact_budget,0.02,agency_margin_tau_0.02,plain_conf_threshold_matched_tau_0.02,plain_conf_threshold_exact_budget_tau_0.02,hyser_subject_logo|subject07,subject07,session2,session2,0.7031359251728128,0.004901960784313725,0.0058823529411764705,0.000980392156862745,False,203,1020,647,0.634313725490196
hyser,hyser_subject_logo,agency_vs_plain_conf_exact_budget,0.02,agency_margin_tau_0.02,plain_conf_threshold_matched_tau_0.02,plain_conf_threshold_exact_budget_tau_0.02,hyser_subject_logo|subject08,subject08,session1,session1,0.7031359251728128,0.004901960784313725,0.004901960784313725,0.0,True,203,1020,874,0.8568627450980392
hyser,hyser_subject_logo,agency_vs_plain_conf_exact_budget,0.02,agency_margin_tau_0.02,plain_conf_threshold_matched_tau_0.02,plain_conf_threshold_exact_budget_tau_0.02,hyser_subject_logo|subject08,subject08,session2,session2,0.7031359251728128,0.012807881773399015,0.012807881773399015,0.0,True,203,1015,618,0.6088669950738916
hyser,hyser_subject_logo,agency_vs_plain_conf_exact_budget,0.02,agency_margin_tau_0.02,plain_conf_threshold_matched_tau_0.02,plain_conf_threshold_exact_budget_tau_0.02,hyser_subject_logo|subject09,subject09,session1,session1,0.7557601434764666,0.016666666666666666,0.01568627450980392,0.000980392156862745,False,203,1020,568,0.5568627450980392
hyser,hyser_subject_logo,agency_vs_plain_conf_exact_budget,0.02,agency_margin_tau_0.02,plain_conf_threshold_matched_tau_0.02,plain_conf_threshold_exact_budget_tau_0.02,hyser_subject_logo|subject09,subject09,session2,session2,0.8273620758915573,0.01568627450980392,0.012745098039215686,0.0029411764705882353,False,203,1020,717,0.7029411764705882
hyser,hyser_subject_logo,agency_vs_plain_conf_exact_budget,0.02,agency_margin_tau_0.02,plain_conf_threshold_matched_tau_0.02,plain_conf_threshold_exact_budget_tau_0.02,hyser_subject_logo|subject10,subject10,session1,session1,0.643417714912693,0.003940886699507389,0.003940886699507389,0.0,True,203,1015,590,0.5812807881773399
hyser,hyser_subject_logo,agency_vs_plain_conf_exact_budget,0.02,agency_margin_tau_0.02,plain_conf_threshold_matched_tau_0.02,plain_conf_threshold_exact_budget_tau_0.02,hyser_subject_logo|subject10,subject10,session2,session2,0.5848054470689596,0.008,0.008,0.0,True,203,1000,644,0.644
hyser,hyser_subject_logo,agency_vs_plain_conf_exact_budget,0.02,agency_margin_tau_0.02,plain_conf_threshold_matched_tau_0.02,plain_conf_threshold_exact_budget_tau_0.02,hyser_subject_logo|subject11,subject11,session1,session1,0.6811973525102599,0.011282051282051283,0.012307692307692308,0.0010256410256410248,False,203,975,662,0.678974358974359
hyser,hyser_subject_logo,agency_vs_plain_conf_exact_budget,0.02,agency_margin_tau_0.02,plain_conf_threshold_matched_tau_0.02,plain_conf_threshold_exact_budget_tau_0.02,hyser_subject_logo|subject11,subject11,session2,session2,0.542891227342386,0.011822660098522168,0.009852216748768473,0.0019704433497536953,False,203,1015,710,0.6995073891625616
hyser,hyser_subject_logo,agency_vs_plain_conf_exact_budget,0.02,agency_margin_tau_0.02,plain_conf_threshold_matched_tau_0.02,plain_conf_threshold_exact_budget_tau_0.02,hyser_subject_logo|subject12,subject12,session1,session1,0.7855960735762261,0.0049504950495049506,0.0049504950495049506,0.0,True,203,1010,765,0.7574257425742574
hyser,hyser_subject_logo,agency_vs_plain_conf_exact_budget,0.02,agency_margin_tau_0.02,plain_conf_threshold_matched_tau_0.02,plain_conf_threshold_exact_budget_tau_0.02,hyser_subject_logo|subject12,subject12,session2,session2,0.5734457667560073,0.011822660098522168,0.012807881773399015,0.0009852216748768468,False,203,1015,760,0.7487684729064039
hyser,hyser_subject_logo,agency_vs_plain_conf_exact_budget,0.02,agency_margin_tau_0.02,plain_conf_threshold_matched_tau_0.02,plain_conf_threshold_exact_budget_tau_0.02,hyser_subject_logo|subject13,subject13,session1,session1,0.7286999294712729,0.015920398009950248,0.014925373134328358,0.0009950248756218898,False,203,1005,669,0.6656716417910448
hyser,hyser_subject_logo,agency_vs_plain_conf_exact_budget,0.02,agency_margin_tau_0.02,plain_conf_threshold_matched_tau_0.02,plain_conf_threshold_exact_budget_tau_0.02,hyser_subject_logo|subject13,subject13,session2,session2,0.6112938168834663,0.018627450980392157,0.018627450980392157,0.0,True,203,1020,628,0.615686274509804
hyser,hyser_subject_logo,agency_vs_plain_conf_exact_budget,0.02,agency_margin_tau_0.02,plain_conf_threshold_matched_tau_0.02,plain_conf_threshold_exact_budget_tau_0.02,hyser_subject_logo|subject14,subject14,session1,session1,0.6811973525102599,0.007920792079207921,0.007920792079207921,0.0,True,203,1010,763,0.7554455445544555
hyser,hyser_subject_logo,agency_vs_plain_conf_exact_budget,0.02,agency_margin_tau_0.02,plain_conf_threshold_matched_tau_0.02,plain_conf_threshold_exact_budget_tau_0.02,hyser_subject_logo|subject14,subject14,session2,session2,0.5964996600725705,0.012935323383084577,0.012935323383084577,0.0,True,203,1005,655,0.6517412935323383
hyser,hyser_subject_logo,agency_vs_plain_conf_exact_budget,0.02,agency_margin_tau_0.02,plain_conf_threshold_matched_tau_0.02,plain_conf_threshold_exact_budget_tau_0.02,hyser_subject_logo|subject15,subject15,session1,session1,0.7855960735762261,0.00784313725490196,0.00784313725490196,0.0,True,203,1020,783,0.7676470588235295
hyser,hyser_subject_logo,agency_vs_plain_conf_exact_budget,0.02,agency_margin_tau_0.02,plain_conf_threshold_matched_tau_0.02,plain_conf_threshold_exact_budget_tau_0.02,hyser_subject_logo|subject15,subject15,session2,session2,0.5964996600725705,0.022885572139303482,0.022885572139303482,0.0,True,203,1005,645,0.6417910447761194
hyser,hyser_subject_logo,agency_vs_plain_conf_exact_budget,0.02,agency_margin_tau_0.02,plain_conf_threshold_matched_tau_0.02,plain_conf_threshold_exact_budget_tau_0.02,hyser_subject_logo|subject16,subject16,session1,session1,0.5964996600725705,0.01407035175879397,0.01407035175879397,0.0,True,203,995,699,0.7025125628140704
hyser,hyser_subject_logo,agency_vs_plain_conf_exact_budget,0.02,agency_margin_tau_0.02,plain_conf_threshold_matched_tau_0.02,plain_conf_threshold_exact_budget_tau_0.02,hyser_subject_logo|subject16,subject16,session2,session2,0.7031359251728128,0.011764705882352941,0.013725490196078431,0.00196078431372549,False,203,1020,606,0.5941176470588235
hyser,hyser_subject_logo,agency_vs_plain_conf_exact_budget,0.02,agency_margin_tau_0.02,plain_conf_threshold_matched_tau_0.02,plain_conf_threshold_exact_budget_tau_0.02,hyser_subject_logo|subject17,subject17,session1,session1,0.7031359251728128,0.007960199004975124,0.008955223880597015,0.0009950248756218916,False,203,1005,715,0.7114427860696517
hyser,hyser_subject_logo,agency_vs_plain_conf_exact_budget,0.02,agency_margin_tau_0.02,plain_conf_threshold_matched_tau_0.02,plain_conf_threshold_exact_budget_tau_0.02,hyser_subject_logo|subject17,subject17,session2,session2,0.5155441852369551,0.01485148514851485,0.016831683168316833,0.001980198019801982,False,203,1010,698,0.691089108910891
hyser,hyser_subject_logo,agency_vs_plain_conf_exact_budget,0.02,agency_margin_tau_0.02,plain_conf_threshold_matched_tau_0.02,plain_conf_threshold_exact_budget_tau_0.02,hyser_subject_logo|subject18,subject18,session1,session1,0.4699626639761713,0.012745098039215686,0.012745098039215686,0.0,True,203,1020,690,0.6764705882352942
hyser,hyser_subject_logo,agency_vs_plain_conf_exact_budget,0.02,agency_margin_tau_0.02,plain_conf_threshold_matched_tau_0.02,plain_conf_threshold_exact_budget_tau_0.02,hyser_subject_logo|subject18,subject18,session2,session2,0.542891227342386,0.007881773399014778,0.006896551724137931,0.0009852216748768468,False,203,1015,574,0.5655172413793104
hyser,hyser_subject_logo,agency_vs_plain_conf_exact_budget,0.02,agency_margin_tau_0.02,plain_conf_threshold_matched_tau_0.02,plain_conf_threshold_exact_budget_tau_0.02,hyser_subject_logo|subject19,subject19,session1,session1,0.561615777095356,0.0196078431372549,0.0196078431372549,0.0,True,203,1020,636,0.6235294117647059
hyser,hyser_subject_logo,agency_vs_plain_conf_exact_budget,0.02,agency_margin_tau_0.02,plain_conf_threshold_matched_tau_0.02,plain_conf_threshold_exact_budget_tau_0.02,hyser_subject_logo|subject19,subject19,session2,session2,0.6613403859160171,0.017258883248730966,0.016243654822335026,0.0010152284263959394,False,203,985,618,0.6274111675126903
hyser,hyser_subject_logo,agency_vs_plain_conf_exact_budget,0.02,agency_margin_tau_0.02,plain_conf_threshold_matched_tau_0.02,plain_conf_threshold_exact_budget_tau_0.02,hyser_subject_logo|subject20,subject20,session1,session1,0.5848054470689596,0.015920398009950248,0.015920398009950248,0.0,True,203,1005,592,0.5890547263681593
hyser,hyser_subject_logo,agency_vs_plain_conf_exact_budget,0.02,agency_margin_tau_0.02,plain_conf_threshold_matched_tau_0.02,plain_conf_threshold_exact_budget_tau_0.02,hyser_subject_logo|subject20,subject20,session2,session2,0.5155441852369551,0.018627450980392157,0.018627450980392157,0.0,True,203,1020,636,0.6235294117647059
hyser,hyser_subject_logo,agency_vs_plain_conf_exact_budget,0.05,agency_margin_tau_0.05,plain_conf_threshold_matched_tau_0.05,plain_conf_threshold_exact_budget_tau_0.05,hyser_subject_logo|subject01,subject01,session1,session1,0.5848054470689596,0.033663366336633666,0.03663366336633663,0.002970297029702966,False,203,1010,700,0.693069306930693
hyser,hyser_subject_logo,agency_vs_plain_conf_exact_budget,0.05,agency_margin_tau_0.05,plain_conf_threshold_matched_tau_0.05,plain_conf_threshold_exact_budget_tau_0.05,hyser_subject_logo|subject01,subject01,session2,session2,0.5155441852369551,0.03654822335025381,0.03756345177664975,0.0010152284263959394,False,203,985,544,0.5522842639593909
hyser,hyser_subject_logo,agency_vs_plain_conf_exact_budget,0.05,agency_margin_tau_0.05,plain_conf_threshold_matched_tau_0.05,plain_conf_threshold_exact_budget_tau_0.05,hyser_subject_logo|subject02,subject02,session1,session1,0.5155441852369551,0.05123152709359606,0.05024630541871921,0.0009852216748768503,False,203,1015,764,0.7527093596059113
hyser,hyser_subject_logo,agency_vs_plain_conf_exact_budget,0.05,agency_margin_tau_0.05,plain_conf_threshold_matched_tau_0.05,plain_conf_threshold_exact_budget_tau_0.05,hyser_subject_logo|subject02,subject02,session2,session2,0.7031359251728128,0.02574257425742574,0.024752475247524754,0.0009900990099009875,False,203,1010,726,0.7188118811881188
hyser,hyser_subject_logo,agency_vs_plain_conf_exact_budget,0.05,agency_margin_tau_0.05,plain_conf_threshold_matched_tau_0.05,plain_conf_threshold_exact_budget_tau_0.05,hyser_subject_logo|subject03,subject03,session1,session1,0.47731905359952537,0.019387755102040816,0.018367346938775512,0.0010204081632653045,False,203,980,812,0.8285714285714286
hyser,hyser_subject_logo,agency_vs_plain_conf_exact_budget,0.05,agency_margin_tau_0.05,plain_conf_threshold_matched_tau_0.05,plain_conf_threshold_exact_budget_tau_0.05,hyser_subject_logo|subject03,subject03,session2,session2,0.507043375534236,0.014213197969543147,0.014213197969543147,0.0,True,203,985,729,0.7401015228426396
hyser,hyser_subject_logo,agency_vs_plain_conf_exact_budget,0.05,agency_margin_tau_0.05,plain_conf_threshold_matched_tau_0.05,plain_conf_threshold_exact_budget_tau_0.05,hyser_subject_logo|subject04,subject04,session1,session1,0.6112938168834663,0.02574257425742574,0.024752475247524754,0.0009900990099009875,False,203,1010,608,0.601980198019802
hyser,hyser_subject_logo,agency_vs_plain_conf_exact_budget,0.05,agency_margin_tau_0.05,plain_conf_threshold_matched_tau_0.05,plain_conf_threshold_exact_budget_tau_0.05,hyser_subject_logo|subject04,subject04,session2,session2,0.5848054470689596,0.028431372549019607,0.028431372549019607,0.0,True,203,1020,598,0.5862745098039216
hyser,hyser_subject_logo,agency_vs_plain_conf_exact_budget,0.05,agency_margin_tau_0.05,plain_conf_threshold_matched_tau_0.05,plain_conf_threshold_exact_budget_tau_0.05,hyser_subject_logo|subject05,subject05,session1,session1,0.48482440968251644,0.019487179487179488,0.017435897435897435,0.002051282051282053,False,203,975,676,0.6933333333333334
hyser,hyser_subject_logo,agency_vs_plain_conf_exact_budget,0.05,agency_margin_tau_0.05,plain_conf_threshold_matched_tau_0.05,plain_conf_threshold_exact_budget_tau_0.05,hyser_subject_logo|subject05,subject05,session2,session2,0.5734457667560073,0.029411764705882353,0.029411764705882353,0.0,True,203,1020,804,0.788235294117647
hyser,hyser_subject_logo,agency_vs_plain_conf_exact_budget,0.05,agency_margin_tau_0.05,plain_conf_threshold_matched_tau_0.05,plain_conf_threshold_exact_budget_tau_0.05,hyser_subject_logo|subject06,subject06,session1,session1,0.5734457667560073,0.01764705882352941,0.01764705882352941,0.0,True,203,1020,651,0.638235294117647
hyser,hyser_subject_logo,agency_vs_plain_conf_exact_budget,0.05,agency_margin_tau_0.05,plain_conf_threshold_matched_tau_0.05,plain_conf_threshold_exact_budget_tau_0.05,hyser_subject_logo|subject06,subject06,session2,session2,0.561615777095356,0.012935323383084577,0.013930348258706468,0.0009950248756218916,False,203,1005,713,0.709452736318408
hyser,hyser_subject_logo,agency_vs_plain_conf_exact_budget,0.05,agency_margin_tau_0.05,plain_conf_threshold_matched_tau_0.05,plain_conf_threshold_exact_budget_tau_0.05,hyser_subject_logo|subject07,subject07,session1,session1,0.542891227342386,0.024509803921568627,0.024509803921568627,0.0,True,203,1020,659,0.6460784313725491
hyser,hyser_subject_logo,agency_vs_plain_conf_exact_budget,0.05,agency_margin_tau_0.05,plain_conf_threshold_matched_tau_0.05,plain_conf_threshold_exact_budget_tau_0.05,hyser_subject_logo|subject07,subject07,session2,session2,0.5237630859688936,0.023529411764705882,0.021568627450980392,0.00196078431372549,False,203,1020,647,0.634313725490196
hyser,hyser_subject_logo,agency_vs_plain_conf_exact_budget,0.05,agency_margin_tau_0.05,plain_conf_threshold_matched_tau_0.05,plain_conf_threshold_exact_budget_tau_0.05,hyser_subject_logo|subject08,subject08,session1,session1,0.5001052117493339,0.020588235294117647,0.0196078431372549,0.000980392156862745,False,203,1020,874,0.8568627450980392
hyser,hyser_subject_logo,agency_vs_plain_conf_exact_budget,0.05,agency_margin_tau_0.05,plain_conf_threshold_matched_tau_0.05,plain_conf_threshold_exact_budget_tau_0.05,hyser_subject_logo|subject08,subject08,session2,session2,0.542891227342386,0.033497536945812804,0.033497536945812804,0.0,True,203,1015,618,0.6088669950738916
hyser,hyser_subject_logo,agency_vs_plain_conf_exact_budget,0.05,agency_margin_tau_0.05,plain_conf_threshold_matched_tau_0.05,plain_conf_threshold_exact_budget_tau_0.05,hyser_subject_logo|subject09,subject09,session1,session1,0.5237630859688936,0.043137254901960784,0.045098039215686274,0.00196078431372549,False,203,1020,568,0.5568627450980392
hyser,hyser_subject_logo,agency_vs_plain_conf_exact_budget,0.05,agency_margin_tau_0.05,plain_conf_threshold_matched_tau_0.05,plain_conf_threshold_exact_budget_tau_0.05,hyser_subject_logo|subject09,subject09,session2,session2,0.6112938168834663,0.05,0.05196078431372549,0.00196078431372549,False,203,1020,717,0.7029411764705882
hyser,hyser_subject_logo,agency_vs_plain_conf_exact_budget,0.05,agency_margin_tau_0.05,plain_conf_threshold_matched_tau_0.05,plain_conf_threshold_exact_budget_tau_0.05,hyser_subject_logo|subject10,subject10,session1,session1,0.561615777095356,0.013793103448275862,0.012807881773399015,0.0009852216748768468,False,203,1015,590,0.5812807881773399
hyser,hyser_subject_logo,agency_vs_plain_conf_exact_budget,0.05,agency_margin_tau_0.05,plain_conf_threshold_matched_tau_0.05,plain_conf_threshold_exact_budget_tau_0.05,hyser_subject_logo|subject10,subject10,session2,session2,0.542891227342386,0.02,0.019,0.0010000000000000009,False,203,1000,644,0.644
hyser,hyser_subject_logo,agency_vs_plain_conf_exact_budget,0.05,agency_margin_tau_0.05,plain_conf_threshold_matched_tau_0.05,plain_conf_threshold_exact_budget_tau_0.05,hyser_subject_logo|subject11,subject11,session1,session1,0.5734457667560073,0.03076923076923077,0.03282051282051282,0.0020512820512820495,False,203,975,662,0.678974358974359
hyser,hyser_subject_logo,agency_vs_plain_conf_exact_budget,0.05,agency_margin_tau_0.05,plain_conf_threshold_matched_tau_0.05,plain_conf_threshold_exact_budget_tau_0.05,hyser_subject_logo|subject11,subject11,session2,session2,0.4636257086258861,0.033497536945812804,0.033497536945812804,0.0,True,203,1015,710,0.6995073891625616
hyser,hyser_subject_logo,agency_vs_plain_conf_exact_budget,0.05,agency_margin_tau_0.05,plain_conf_threshold_matched_tau_0.05,plain_conf_threshold_exact_budget_tau_0.05,hyser_subject_logo|subject12,subject12,session1,session1,0.7031359251728128,0.01782178217821782,0.01485148514851485,0.0029702970297029695,False,203,1010,765,0.7574257425742574
hyser,hyser_subject_logo,agency_vs_plain_conf_exact_budget,0.05,agency_margin_tau_0.05,plain_conf_threshold_matched_tau_0.05,plain_conf_threshold_exact_budget_tau_0.05,hyser_subject_logo|subject12,subject12,session2,session2,0.542891227342386,0.0187192118226601,0.0187192118226601,0.0,True,203,1015,760,0.7487684729064039
hyser,hyser_subject_logo,agency_vs_plain_conf_exact_budget,0.05,agency_margin_tau_0.05,plain_conf_threshold_matched_tau_0.05,plain_conf_threshold_exact_budget_tau_0.05,hyser_subject_logo|subject13,subject13,session1,session1,0.6112938168834663,0.04079601990049751,0.041791044776119404,0.0009950248756218916,False,203,1005,669,0.6656716417910448
hyser,hyser_subject_logo,agency_vs_plain_conf_exact_budget,0.05,agency_margin_tau_0.05,plain_conf_threshold_matched_tau_0.05,plain_conf_threshold_exact_budget_tau_0.05,hyser_subject_logo|subject13,subject13,session2,session2,0.542891227342386,0.03725490196078431,0.03823529411764706,0.0009803921568627486,False,203,1020,628,0.615686274509804
hyser,hyser_subject_logo,agency_vs_plain_conf_exact_budget,0.05,agency_margin_tau_0.05,plain_conf_threshold_matched_tau_0.05,plain_conf_threshold_exact_budget_tau_0.05,hyser_subject_logo|subject14,subject14,session1,session1,0.507043375534236,0.027722772277227723,0.026732673267326732,0.000990099009900991,False,203,1010,763,0.7554455445544555
hyser,hyser_subject_logo,agency_vs_plain_conf_exact_budget,0.05,agency_margin_tau_0.05,plain_conf_threshold_matched_tau_0.05,plain_conf_threshold_exact_budget_tau_0.05,hyser_subject_logo|subject14,subject14,session2,session2,0.48482440968251644,0.025870646766169153,0.025870646766169153,0.0,True,203,1005,655,0.6517412935323383
hyser,hyser_subject_logo,agency_vs_plain_conf_exact_budget,0.05,agency_margin_tau_0.05,plain_conf_threshold_matched_tau_0.05,plain_conf_threshold_exact_budget_tau_0.05,hyser_subject_logo|subject15,subject15,session1,session1,0.7286999294712729,0.014705882352941176,0.01568627450980392,0.000980392156862745,False,203,1020,783,0.7676470588235295
hyser,hyser_subject_logo,agency_vs_plain_conf_exact_budget,0.05,agency_margin_tau_0.05,plain_conf_threshold_matched_tau_0.05,plain_conf_threshold_exact_budget_tau_0.05,hyser_subject_logo|subject15,subject15,session2,session2,0.5001052117493339,0.04378109452736319,0.04477611940298507,0.0009950248756218846,False,203,1005,645,0.6417910447761194
hyser,hyser_subject_logo,agency_vs_plain_conf_exact_budget,0.05,agency_margin_tau_0.05,plain_conf_threshold_matched_tau_0.05,plain_conf_threshold_exact_budget_tau_0.05,hyser_subject_logo|subject16,subject16,session1,session1,0.44064464738253956,0.04321608040201005,0.04321608040201005,0.0,True,203,995,699,0.7025125628140704
hyser,hyser_subject_logo,agency_vs_plain_conf_exact_budget,0.05,agency_margin_tau_0.05,plain_conf_threshold_matched_tau_0.05,plain_conf_threshold_exact_budget_tau_0.05,hyser_subject_logo|subject16,subject16,session2,session2,0.6613403859160171,0.020588235294117647,0.0196078431372549,0.000980392156862745,False,203,1020,606,0.5941176470588235
hyser,hyser_subject_logo,agency_vs_plain_conf_exact_budget,0.05,agency_margin_tau_0.05,plain_conf_threshold_matched_tau_0.05,plain_conf_threshold_exact_budget_tau_0.05,hyser_subject_logo|subject17,subject17,session1,session1,0.643417714912693,0.01791044776119403,0.01791044776119403,0.0,True,203,1005,715,0.7114427860696517
hyser,hyser_subject_logo,agency_vs_plain_conf_exact_budget,0.05,agency_margin_tau_0.05,plain_conf_threshold_matched_tau_0.05,plain_conf_threshold_exact_budget_tau_0.05,hyser_subject_logo|subject17,subject17,session2,session2,0.4299318861505241,0.03762376237623762,0.03762376237623762,0.0,True,203,1010,698,0.691089108910891
hyser,hyser_subject_logo,agency_vs_plain_conf_exact_budget,0.05,agency_margin_tau_0.05,plain_conf_threshold_matched_tau_0.05,plain_conf_threshold_exact_budget_tau_0.05,hyser_subject_logo|subject18,subject18,session1,session1,0.3967382351636186,0.03627450980392157,0.03627450980392157,0.0,True,203,1020,690,0.6764705882352942
hyser,hyser_subject_logo,agency_vs_plain_conf_exact_budget,0.05,agency_margin_tau_0.05,plain_conf_threshold_matched_tau_0.05,plain_conf_threshold_exact_budget_tau_0.05,hyser_subject_logo|subject18,subject18,session2,session2,0.4353449681709936,0.022660098522167486,0.023645320197044337,0.0009852216748768503,False,203,1015,574,0.5655172413793104
hyser,hyser_subject_logo,agency_vs_plain_conf_exact_budget,0.05,agency_margin_tau_0.05,plain_conf_threshold_matched_tau_0.05,plain_conf_threshold_exact_budget_tau_0.05,hyser_subject_logo|subject19,subject19,session1,session1,0.47731905359952537,0.04803921568627451,0.04803921568627451,0.0,True,203,1020,636,0.6235294117647059
hyser,hyser_subject_logo,agency_vs_plain_conf_exact_budget,0.05,agency_margin_tau_0.05,plain_conf_threshold_matched_tau_0.05,plain_conf_threshold_exact_budget_tau_0.05,hyser_subject_logo|subject19,subject19,session2,session2,0.5334396813801798,0.04263959390862944,0.0416243654822335,0.0010152284263959394,False,203,985,618,0.6274111675126903
hyser,hyser_subject_logo,agency_vs_plain_conf_exact_budget,0.05,agency_margin_tau_0.05,plain_conf_threshold_matched_tau_0.05,plain_conf_threshold_exact_budget_tau_0.05,hyser_subject_logo|subject20,subject20,session1,session1,0.49238364901155335,0.03482587064676617,0.03482587064676617,0.0,True,203,1005,592,0.5890547263681593
hyser,hyser_subject_logo,agency_vs_plain_conf_exact_budget,0.05,agency_margin_tau_0.05,plain_conf_threshold_matched_tau_0.05,plain_conf_threshold_exact_budget_tau_0.05,hyser_subject_logo|subject20,subject20,session2,session2,0.4060372481084884,0.050980392156862744,0.050980392156862744,0.0,True,203,1020,636,0.6235294117647059
hyser,hyser_subject_logo,agency_vs_plain_conf_exact_budget,0.10,agency_margin_tau_0.10,plain_conf_threshold_matched_tau_0.10,plain_conf_threshold_exact_budget_tau_0.10,hyser_subject_logo|subject01,subject01,session1,session1,0.4699626639761713,0.07227722772277227,0.07128712871287128,0.000990099009900991,False,203,1010,700,0.693069306930693
hyser,hyser_subject_logo,agency_vs_plain_conf_exact_budget,0.10,agency_margin_tau_0.10,plain_conf_threshold_matched_tau_0.10,plain_conf_threshold_exact_budget_tau_0.10,hyser_subject_logo|subject01,subject01,session2,session2,0.44607552626475894,0.06598984771573604,0.06598984771573604,0.0,True,203,985,544,0.5522842639593909
hyser,hyser_subject_logo,agency_vs_plain_conf_exact_budget,0.10,agency_margin_tau_0.10,plain_conf_threshold_matched_tau_0.10,plain_conf_threshold_exact_budget_tau_0.10,hyser_subject_logo|subject02,subject02,session1,session1,0.4060372481084884,0.10738916256157635,0.10541871921182266,0.0019704433497536866,False,203,1015,764,0.7527093596059113
hyser,hyser_subject_logo,agency_vs_plain_conf_exact_budget,0.10,agency_margin_tau_0.10,plain_conf_threshold_matched_tau_0.10,plain_conf_threshold_exact_budget_tau_0.10,hyser_subject_logo|subject02,subject02,session2,session2,0.48482440968251644,0.053465346534653464,0.054455445544554455,0.000990099009900991,False,203,1010,726,0.7188118811881188
hyser,hyser_subject_logo,agency_vs_plain_conf_exact_budget,0.10,agency_margin_tau_0.10,plain_conf_threshold_matched_tau_0.10,plain_conf_threshold_exact_budget_tau_0.10,hyser_subject_logo|subject03,subject03,session1,session1,0.4105070333122331,0.04591836734693878,0.04795918367346939,0.002040816326530609,False,203,980,812,0.8285714285714286
hyser,hyser_subject_logo,agency_vs_plain_conf_exact_budget,0.10,agency_margin_tau_0.10,plain_conf_threshold_matched_tau_0.10,plain_conf_threshold_exact_budget_tau_0.10,hyser_subject_logo|subject03,subject03,session2,session2,0.4575635131947191,0.029441624365482234,0.029441624365482234,0.0,True,203,985,729,0.7401015228426396
hyser,hyser_subject_logo,agency_vs_plain_conf_exact_budget,0.10,agency_margin_tau_0.10,plain_conf_threshold_matched_tau_0.10,plain_conf_threshold_exact_budget_tau_0.10,hyser_subject_logo|subject04,subject04,session1,session1,0.5155441852369551,0.054455445544554455,0.053465346534653464,0.000990099009900991,False,203,1010,608,0.601980198019802
hyser,hyser_subject_logo,agency_vs_plain_conf_exact_budget,0.10,agency_margin_tau_0.10,plain_conf_threshold_matched_tau_0.10,plain_conf_threshold_exact_budget_tau_0.10,hyser_subject_logo|subject04,subject04,session2,session2,0.5237630859688936,0.052941176470588235,0.054901960784313725,0.00196078431372549,False,203,1020,598,0.5862745098039216
hyser,hyser_subject_logo,agency_vs_plain_conf_exact_budget,0.10,agency_margin_tau_0.10,plain_conf_threshold_matched_tau_0.10,plain_conf_threshold_exact_budget_tau_0.10,hyser_subject_logo|subject05,subject05,session1,session1,0.4247094614492711,0.03794871794871795,0.036923076923076927,0.0010256410256410248,False,203,975,676,0.6933333333333334
hyser,hyser_subject_logo,agency_vs_plain_conf_exact_budget,0.10,agency_margin_tau_0.10,plain_conf_threshold_matched_tau_0.10,plain_conf_threshold_exact_budget_tau_0.10,hyser_subject_logo|subject05,subject05,session2,session2,0.5001052117493339,0.054901960784313725,0.054901960784313725,0.0,True,203,1020,804,0.788235294117647
hyser,hyser_subject_logo,agency_vs_plain_conf_exact_budget,0.10,agency_margin_tau_0.10,plain_conf_threshold_matched_tau_0.10,plain_conf_threshold_exact_budget_tau_0.10,hyser_subject_logo|subject06,subject06,session1,session1,0.48482440968251644,0.03137254901960784,0.030392156862745098,0.000980392156862745,False,203,1020,651,0.638235294117647
hyser,hyser_subject_logo,agency_vs_plain_conf_exact_budget,0.10,agency_margin_tau_0.10,plain_conf_threshold_matched_tau_0.10,plain_conf_threshold_exact_budget_tau_0.10,hyser_subject_logo|subject06,subject06,session2,session2,0.48482440968251644,0.029850746268656716,0.028855721393034824,0.0009950248756218916,False,203,1005,713,0.709452736318408
hyser,hyser_subject_logo,agency_vs_plain_conf_exact_budget,0.10,agency_margin_tau_0.10,plain_conf_threshold_matched_tau_0.10,plain_conf_threshold_exact_budget_tau_0.10,hyser_subject_logo|subject07,subject07,session1,session1,0.4105070333122331,0.06274509803921569,0.06274509803921569,0.0,True,203,1020,659,0.6460784313725491
hyser,hyser_subject_logo,agency_vs_plain_conf_exact_budget,0.10,agency_margin_tau_0.10,plain_conf_threshold_matched_tau_0.10,plain_conf_threshold_exact_budget_tau_0.10,hyser_subject_logo|subject07,subject07,session2,session2,0.36580928244149674,0.06274509803921569,0.06274509803921569,0.0,True,203,1020,647,0.634313725490196
hyser,hyser_subject_logo,agency_vs_plain_conf_exact_budget,0.10,agency_margin_tau_0.10,plain_conf_threshold_matched_tau_0.10,plain_conf_threshold_exact_budget_tau_0.10,hyser_subject_logo|subject08,subject08,session1,session1,0.4299318861505241,0.03823529411764706,0.03823529411764706,0.0,True,203,1020,874,0.8568627450980392
hyser,hyser_subject_logo,agency_vs_plain_conf_exact_budget,0.10,agency_margin_tau_0.10,plain_conf_threshold_matched_tau_0.10,plain_conf_threshold_exact_budget_tau_0.10,hyser_subject_logo|subject08,subject08,session2,session2,0.401310763336284,0.07881773399014778,0.08078817733990148,0.0019704433497537005,False,203,1015,618,0.6088669950738916
hyser,hyser_subject_logo,agency_vs_plain_conf_exact_budget,0.10,agency_margin_tau_0.10,plain_conf_threshold_matched_tau_0.10,plain_conf_threshold_exact_budget_tau_0.10,hyser_subject_logo|subject09,subject09,session1,session1,0.4247094614492711,0.08627450980392157,0.08529411764705883,0.0009803921568627416,False,203,1020,568,0.5568627450980392
hyser,hyser_subject_logo,agency_vs_plain_conf_exact_budget,0.10,agency_margin_tau_0.10,plain_conf_threshold_matched_tau_0.10,plain_conf_threshold_exact_budget_tau_0.10,hyser_subject_logo|subject09,subject09,session2,session2,0.507043375534236,0.09607843137254903,0.09607843137254903,0.0,True,203,1020,717,0.7029411764705882
hyser,hyser_subject_logo,agency_vs_plain_conf_exact_budget,0.10,agency_margin_tau_0.10,plain_conf_threshold_matched_tau_0.10,plain_conf_threshold_exact_budget_tau_0.10,hyser_subject_logo|subject10,subject10,session1,session1,0.4699626639761713,0.04039408866995074,0.04039408866995074,0.0,True,203,1015,590,0.5812807881773399
hyser,hyser_subject_logo,agency_vs_plain_conf_exact_budget,0.10,agency_margin_tau_0.10,plain_conf_threshold_matched_tau_0.10,plain_conf_threshold_exact_budget_tau_0.10,hyser_subject_logo|subject10,subject10,session2,session2,0.4575635131947191,0.044,0.042,0.001999999999999995,False,203,1000,644,0.644
hyser,hyser_subject_logo,agency_vs_plain_conf_exact_budget,0.10,agency_margin_tau_0.10,plain_conf_threshold_matched_tau_0.10,plain_conf_threshold_exact_budget_tau_0.10,hyser_subject_logo|subject11,subject11,session1,session1,0.507043375534236,0.06153846153846154,0.059487179487179485,0.0020512820512820565,False,203,975,662,0.678974358974359
hyser,hyser_subject_logo,agency_vs_plain_conf_exact_budget,0.10,agency_margin_tau_0.10,plain_conf_threshold_matched_tau_0.10,plain_conf_threshold_exact_budget_tau_0.10,hyser_subject_logo|subject11,subject11,session2,session2,0.401310763336284,0.06206896551724138,0.06206896551724138,0.0,True,203,1015,710,0.6995073891625616
hyser,hyser_subject_logo,agency_vs_plain_conf_exact_budget,0.10,agency_margin_tau_0.10,plain_conf_threshold_matched_tau_0.10,plain_conf_threshold_exact_budget_tau_0.10,hyser_subject_logo|subject12,subject12,session1,session1,0.5525122000489866,0.0504950495049505,0.0504950495049505,0.0,True,203,1010,765,0.7574257425742574
hyser,hyser_subject_logo,agency_vs_plain_conf_exact_budget,0.10,agency_margin_tau_0.10,plain_conf_threshold_matched_tau_0.10,plain_conf_threshold_exact_budget_tau_0.10,hyser_subject_logo|subject12,subject12,session2,session2,0.4699626639761713,0.03645320197044335,0.035467980295566505,0.0009852216748768433,False,203,1015,760,0.7487684729064039
hyser,hyser_subject_logo,agency_vs_plain_conf_exact_budget,0.10,agency_margin_tau_0.10,plain_conf_threshold_matched_tau_0.10,plain_conf_threshold_exact_budget_tau_0.10,hyser_subject_logo|subject13,subject13,session1,session1,0.47731905359952537,0.08358208955223881,0.08358208955223881,0.0,True,203,1005,669,0.6656716417910448
hyser,hyser_subject_logo,agency_vs_plain_conf_exact_budget,0.10,agency_margin_tau_0.10,plain_conf_threshold_matched_tau_0.10,plain_conf_threshold_exact_budget_tau_0.10,hyser_subject_logo|subject13,subject13,session2,session2,0.5001052117493339,0.07352941176470588,0.07254901960784314,0.0009803921568627416,False,203,1020,628,0.615686274509804
hyser,hyser_subject_logo,agency_vs_plain_conf_exact_budget,0.10,agency_margin_tau_0.10,plain_conf_threshold_matched_tau_0.10,plain_conf_threshold_exact_budget_tau_0.10,hyser_subject_logo|subject14,subject14,session1,session1,0.4060372481084884,0.055445544554455446,0.055445544554455446,0.0,True,203,1010,763,0.7554455445544555
hyser,hyser_subject_logo,agency_vs_plain_conf_exact_budget,0.10,agency_margin_tau_0.10,plain_conf_threshold_matched_tau_0.10,plain_conf_threshold_exact_budget_tau_0.10,hyser_subject_logo|subject14,subject14,session2,session2,0.3967382351636186,0.05771144278606965,0.05771144278606965,0.0,True,203,1005,655,0.6517412935323383
hyser,hyser_subject_logo,agency_vs_plain_conf_exact_budget,0.10,agency_margin_tau_0.10,plain_conf_threshold_matched_tau_0.10,plain_conf_threshold_exact_budget_tau_0.10,hyser_subject_logo|subject15,subject15,session1,session1,0.5734457667560073,0.045098039215686274,0.04411764705882353,0.0009803921568627416,False,203,1020,783,0.7676470588235295
hyser,hyser_subject_logo,agency_vs_plain_conf_exact_budget,0.10,agency_margin_tau_0.10,plain_conf_threshold_matched_tau_0.10,plain_conf_threshold_exact_budget_tau_0.10,hyser_subject_logo|subject15,subject15,session2,session2,0.4299318861505241,0.07661691542288557,0.07860696517412935,0.001990049751243783,False,203,1005,645,0.6417910447761194
hyser,hyser_subject_logo,agency_vs_plain_conf_exact_budget,0.10,agency_margin_tau_0.10,plain_conf_threshold_matched_tau_0.10,plain_conf_threshold_exact_budget_tau_0.10,hyser_subject_logo|subject16,subject16,session1,session1,0.3622642832310775,0.08743718592964825,0.08844221105527639,0.0010050251256281395,False,203,995,699,0.7025125628140704
hyser,hyser_subject_logo,agency_vs_plain_conf_exact_budget,0.10,agency_margin_tau_0.10,plain_conf_threshold_matched_tau_0.10,plain_conf_threshold_exact_budget_tau_0.10,hyser_subject_logo|subject16,subject16,session2,session2,0.4699626639761713,0.05784313725490196,0.054901960784313725,0.0029411764705882387,False,203,1020,606,0.5941176470588235
hyser,hyser_subject_logo,agency_vs_plain_conf_exact_budget,0.10,agency_margin_tau_0.10,plain_conf_threshold_matched_tau_0.10,plain_conf_threshold_exact_budget_tau_0.10,hyser_subject_logo|subject17,subject17,session1,session1,0.47731905359952537,0.05472636815920398,0.05472636815920398,0.0,True,203,1005,715,0.7114427860696517
hyser,hyser_subject_logo,agency_vs_plain_conf_exact_budget,0.10,agency_margin_tau_0.10,plain_conf_threshold_matched_tau_0.10,plain_conf_threshold_exact_budget_tau_0.10,hyser_subject_logo|subject17,subject17,session2,session2,0.38088853797208766,0.062376237623762376,0.061386138613861385,0.000990099009900991,False,203,1010,698,0.691089108910891
hyser,hyser_subject_logo,agency_vs_plain_conf_exact_budget,0.10,agency_margin_tau_0.10,plain_conf_threshold_matched_tau_0.10,plain_conf_threshold_exact_budget_tau_0.10,hyser_subject_logo|subject18,subject18,session1,session1,0.33298217131513286,0.07745098039215687,0.07745098039215687,0.0,True,203,1020,690,0.6764705882352942
hyser,hyser_subject_logo,agency_vs_plain_conf_exact_budget,0.10,agency_margin_tau_0.10,plain_conf_threshold_matched_tau_0.10,plain_conf_threshold_exact_budget_tau_0.10,hyser_subject_logo|subject18,subject18,session2,session2,0.3732683704892703,0.05123152709359606,0.05024630541871921,0.0009852216748768503,False,203,1015,574,0.5655172413793104
hyser,hyser_subject_logo,agency_vs_plain_conf_exact_budget,0.10,agency_margin_tau_0.10,plain_conf_threshold_matched_tau_0.10,plain_conf_threshold_exact_budget_tau_0.10,hyser_subject_logo|subject19,subject19,session1,session1,0.37716755723629414,0.10196078431372549,0.10196078431372549,0.0,True,203,1020,636,0.6235294117647059
hyser,hyser_subject_logo,agency_vs_plain_conf_exact_budget,0.10,agency_margin_tau_0.10,plain_conf_threshold_matched_tau_0.10,plain_conf_threshold_exact_budget_tau_0.10,hyser_subject_logo|subject19,subject19,session2,session2,0.3967382351636186,0.08730964467005076,0.08527918781725888,0.0020304568527918787,False,203,985,618,0.6274111675126903
hyser,hyser_subject_logo,agency_vs_plain_conf_exact_budget,0.10,agency_margin_tau_0.10,plain_conf_threshold_matched_tau_0.10,plain_conf_threshold_exact_budget_tau_0.10,hyser_subject_logo|subject20,subject20,session1,session1,0.35860472267300003,0.07562189054726368,0.07661691542288557,0.0009950248756218916,False,203,1005,592,0.5890547263681593
hyser,hyser_subject_logo,agency_vs_plain_conf_exact_budget,0.10,agency_margin_tau_0.10,plain_conf_threshold_matched_tau_0.10,plain_conf_threshold_exact_budget_tau_0.10,hyser_subject_logo|subject20,subject20,session2,session2,0.33587494502957593,0.10686274509803921,0.10882352941176471,0.001960784313725497,False,203,1020,636,0.6235294117647059
hyser,hyser_subject_logo,agency_vs_plain_conf_exact_budget,0.15,agency_margin_tau_0.15,plain_conf_threshold_matched_tau_0.15,plain_conf_threshold_exact_budget_tau_0.15,hyser_subject_logo|subject01,subject01,session1,session1,0.4152103343637594,0.1,0.1,0.0,True,203,1010,700,0.693069306930693
hyser,hyser_subject_logo,agency_vs_plain_conf_exact_budget,0.15,agency_margin_tau_0.15,plain_conf_threshold_matched_tau_0.15,plain_conf_threshold_exact_budget_tau_0.15,hyser_subject_logo|subject01,subject01,session2,session2,0.3967382351636186,0.09847715736040609,0.09746192893401015,0.0010152284263959394,False,203,985,544,0.5522842639593909
hyser,hyser_subject_logo,agency_vs_plain_conf_exact_budget,0.15,agency_margin_tau_0.15,plain_conf_threshold_matched_tau_0.15,plain_conf_threshold_exact_budget_tau_0.15,hyser_subject_logo|subject02,subject02,session1,session1,0.34892328904082687,0.16354679802955666,0.16157635467980297,0.0019704433497536866,False,203,1015,764,0.7527093596059113
hyser,hyser_subject_logo,agency_vs_plain_conf_exact_budget,0.15,agency_margin_tau_0.15,plain_conf_threshold_matched_tau_0.15,plain_conf_threshold_exact_budget_tau_0.15,hyser_subject_logo|subject02,subject02,session2,session2,0.3693192355847823,0.10297029702970296,0.10396039603960396,0.000990099009900991,False,203,1010,726,0.7188118811881188
hyser,hyser_subject_logo,agency_vs_plain_conf_exact_budget,0.15,agency_margin_tau_0.15,plain_conf_threshold_matched_tau_0.15,plain_conf_threshold_exact_budget_tau_0.15,hyser_subject_logo|subject03,subject03,session1,session1,0.37716755723629414,0.07040816326530612,0.07040816326530612,0.0,True,203,980,812,0.8285714285714286
hyser,hyser_subject_logo,agency_vs_plain_conf_exact_budget,0.15,agency_margin_tau_0.15,plain_conf_threshold_matched_tau_0.15,plain_conf_threshold_exact_budget_tau_0.15,hyser_subject_logo|subject03,subject03,session2,session2,0.4152103343637594,0.05177664974619289,0.050761421319796954,0.0010152284263959394,False,203,985,729,0.7401015228426396
hyser,hyser_subject_logo,agency_vs_plain_conf_exact_budget,0.15,agency_margin_tau_0.15,plain_conf_threshold_matched_tau_0.15,plain_conf_threshold_exact_budget_tau_0.15,hyser_subject_logo|subject04,subject04,session1,session1,0.4152103343637594,0.08811881188118811,0.08712871287128712,0.000990099009900991,False,203,1010,608,0.601980198019802
hyser,hyser_subject_logo,agency_vs_plain_conf_exact_budget,0.15,agency_margin_tau_0.15,plain_conf_threshold_matched_tau_0.15,plain_conf_threshold_exact_budget_tau_0.15,hyser_subject_logo|subject04,subject04,session2,session2,0.4636257086258861,0.08725490196078431,0.08823529411764706,0.0009803921568627555,False,203,1020,598,0.5862745098039216
hyser,hyser_subject_logo,agency_vs_plain_conf_exact_budget,0.15,agency_margin_tau_0.15,plain_conf_threshold_matched_tau_0.15,plain_conf_threshold_exact_budget_tau_0.15,hyser_subject_logo|subject05,subject05,session1,session1,0.38504053012986444,0.06461538461538462,0.06666666666666667,0.0020512820512820495,False,203,975,676,0.6933333333333334
hyser,hyser_subject_logo,agency_vs_plain_conf_exact_budget,0.15,agency_margin_tau_0.15,plain_conf_threshold_matched_tau_0.15,plain_conf_threshold_exact_budget_tau_0.15,hyser_subject_logo|subject05,subject05,session2,session2,0.44607552626475894,0.08333333333333333,0.08627450980392157,0.0029411764705882387,False,203,1020,804,0.788235294117647
hyser,hyser_subject_logo,agency_vs_plain_conf_exact_budget,0.15,agency_margin_tau_0.15,plain_conf_threshold_matched_tau_0.15,plain_conf_threshold_exact_budget_tau_0.15,hyser_subject_logo|subject06,subject06,session1,session1,0.4353449681709936,0.05,0.050980392156862744,0.0009803921568627416,False,203,1020,651,0.638235294117647
hyser,hyser_subject_logo,agency_vs_plain_conf_exact_budget,0.15,agency_margin_tau_0.15,plain_conf_threshold_matched_tau_0.15,plain_conf_threshold_exact_budget_tau_0.15,hyser_subject_logo|subject06,subject06,session2,session2,0.4299318861505241,0.0527363184079602,0.04975124378109453,0.0029850746268656678,False,203,1005,713,0.709452736318408
hyser,hyser_subject_logo,agency_vs_plain_conf_exact_budget,0.15,agency_margin_tau_0.15,plain_conf_threshold_matched_tau_0.15,plain_conf_threshold_exact_budget_tau_0.15,hyser_subject_logo|subject07,subject07,session1,session1,0.3387240386994502,0.10294117647058823,0.10196078431372549,0.0009803921568627416,False,203,1020,659,0.6460784313725491
hyser,hyser_subject_logo,agency_vs_plain_conf_exact_budget,0.15,agency_margin_tau_0.15,plain_conf_threshold_matched_tau_0.15,plain_conf_threshold_exact_budget_tau_0.15,hyser_subject_logo|subject07,subject07,session2,session2,0.32712243958441545,0.08627450980392157,0.08627450980392157,0.0,True,203,1020,647,0.634313725490196
hyser,hyser_subject_logo,agency_vs_plain_conf_exact_budget,0.15,agency_margin_tau_0.15,plain_conf_threshold_matched_tau_0.15,plain_conf_threshold_exact_budget_tau_0.15,hyser_subject_logo|subject08,subject08,session1,session1,0.34892328904082687,0.07549019607843137,0.07549019607843137,0.0,True,203,1020,874,0.8568627450980392
hyser,hyser_subject_logo,agency_vs_plain_conf_exact_budget,0.15,agency_margin_tau_0.15,plain_conf_threshold_matched_tau_0.15,plain_conf_threshold_exact_budget_tau_0.15,hyser_subject_logo|subject08,subject08,session2,session2,0.3622642832310775,0.10837438423645321,0.1103448275862069,0.0019704433497536866,False,203,1015,618,0.6088669950738916
hyser,hyser_subject_logo,agency_vs_plain_conf_exact_budget,0.15,agency_margin_tau_0.15,plain_conf_threshold_matched_tau_0.15,plain_conf_threshold_exact_budget_tau_0.15,hyser_subject_logo|subject09,subject09,session1,session1,0.38088853797208766,0.12156862745098039,0.12058823529411765,0.0009803921568627416,False,203,1020,568,0.5568627450980392
hyser,hyser_subject_logo,agency_vs_plain_conf_exact_budget,0.15,agency_margin_tau_0.15,plain_conf_threshold_matched_tau_0.15,plain_conf_threshold_exact_budget_tau_0.15,hyser_subject_logo|subject09,subject09,session2,session2,0.4152103343637594,0.1676470588235294,0.16862745098039217,0.0009803921568627694,False,203,1020,717,0.7029411764705882
hyser,hyser_subject_logo,agency_vs_plain_conf_exact_budget,0.15,agency_margin_tau_0.15,plain_conf_threshold_matched_tau_0.15,plain_conf_threshold_exact_budget_tau_0.15,hyser_subject_logo|subject10,subject10,session1,session1,0.4299318861505241,0.06206896551724138,0.061083743842364535,0.0009852216748768433,False,203,1015,590,0.5812807881773399
hyser,hyser_subject_logo,agency_vs_plain_conf_exact_budget,0.15,agency_margin_tau_0.15,plain_conf_threshold_matched_tau_0.15,plain_conf_threshold_exact_budget_tau_0.15,hyser_subject_logo|subject10,subject10,session2,session2,0.4200566891682108,0.064,0.063,0.0010000000000000009,False,203,1000,644,0.644
hyser,hyser_subject_logo,agency_vs_plain_conf_exact_budget,0.15,agency_margin_tau_0.15,plain_conf_threshold_matched_tau_0.15,plain_conf_threshold_exact_budget_tau_0.15,hyser_subject_logo|subject11,subject11,session1,session1,0.44064464738253956,0.09538461538461539,0.09743589743589744,0.0020512820512820495,False,203,975,662,0.678974358974359
hyser,hyser_subject_logo,agency_vs_plain_conf_exact_budget,0.15,agency_margin_tau_0.15,plain_conf_threshold_matched_tau_0.15,plain_conf_threshold_exact_budget_tau_0.15,hyser_subject_logo|subject11,subject11,session2,session2,0.36580928244149674,0.08472906403940887,0.08571428571428572,0.0009852216748768433,False,203,1015,710,0.6995073891625616
hyser,hyser_subject_logo,agency_vs_plain_conf_exact_budget,0.15,agency_margin_tau_0.15,plain_conf_threshold_matched_tau_0.15,plain_conf_threshold_exact_budget_tau_0.15,hyser_subject_logo|subject12,subject12,session1,session1,0.4516043346924761,0.09306930693069307,0.09306930693069307,0.0,True,203,1010,765,0.7574257425742574
hyser,hyser_subject_logo,agency_vs_plain_conf_exact_budget,0.15,agency_margin_tau_0.15,plain_conf_threshold_matched_tau_0.15,plain_conf_threshold_exact_budget_tau_0.15,hyser_subject_logo|subject12,subject12,session2,session2,0.4105070333122331,0.06305418719211822,0.06305418719211822,0.0,True,203,1015,760,0.7487684729064039
hyser,hyser_subject_logo,agency_vs_plain_conf_exact_budget,0.15,agency_margin_tau_0.15,plain_conf_threshold_matched_tau_0.15,plain_conf_threshold_exact_budget_tau_0.15,hyser_subject_logo|subject13,subject13,session1,session1,0.4353449681709936,0.11641791044776119,0.1154228855721393,0.0009950248756218916,False,203,1005,669,0.6656716417910448
hyser,hyser_subject_logo,agency_vs_plain_conf_exact_budget,0.15,agency_margin_tau_0.15,plain_conf_threshold_matched_tau_0.15,plain_conf_threshold_exact_budget_tau_0.15,hyser_subject_logo|subject13,subject13,session2,session2,0.44607552626475894,0.11078431372549019,0.11176470588235295,0.0009803921568627555,False,203,1020,628,0.615686274509804
hyser,hyser_subject_logo,agency_vs_plain_conf_exact_budget,0.15,agency_margin_tau_0.15,plain_conf_threshold_matched_tau_0.15,plain_conf_threshold_exact_budget_tau_0.15,hyser_subject_logo|subject14,subject14,session1,session1,0.3555463493907982,0.09405940594059406,0.09306930693069307,0.000990099009900991,False,203,1010,763,0.7554455445544555
hyser,hyser_subject_logo,agency_vs_plain_conf_exact_budget,0.15,agency_margin_tau_0.15,plain_conf_threshold_matched_tau_0.15,plain_conf_threshold_exact_budget_tau_0.15,hyser_subject_logo|subject14,subject14,session2,session2,0.36580928244149674,0.07860696517412935,0.07761194029850746,0.0009950248756218916,False,203,1005,655,0.6517412935323383
hyser,hyser_subject_logo,agency_vs_plain_conf_exact_budget,0.15,agency_margin_tau_0.15,plain_conf_threshold_matched_tau_0.15,plain_conf_threshold_exact_budget_tau_0.15,hyser_subject_logo|subject15,subject15,session1,session1,0.4575635131947191,0.07745098039215687,0.07745098039215687,0.0,True,203,1020,783,0.7676470588235295
hyser,hyser_subject_logo,agency_vs_plain_conf_exact_budget,0.15,agency_margin_tau_0.15,plain_conf_threshold_matched_tau_0.15,plain_conf_threshold_exact_budget_tau_0.15,hyser_subject_logo|subject15,subject15,session2,session2,0.38504053012986444,0.1154228855721393,0.11442786069651742,0.0009950248756218777,False,203,1005,645,0.6417910447761194
hyser,hyser_subject_logo,agency_vs_plain_conf_exact_budget,0.15,agency_margin_tau_0.15,plain_conf_threshold_matched_tau_0.15,plain_conf_threshold_exact_budget_tau_0.15,hyser_subject_logo|subject16,subject16,session1,session1,0.32425383139427405,0.12160804020100502,0.11959798994974874,0.002010050251256279,False,203,995,699,0.7025125628140704
hyser,hyser_subject_logo,agency_vs_plain_conf_exact_budget,0.15,agency_margin_tau_0.15,plain_conf_threshold_matched_tau_0.15,plain_conf_threshold_exact_budget_tau_0.15,hyser_subject_logo|subject16,subject16,session2,session2,0.4299318861505241,0.07647058823529412,0.07647058823529412,0.0,True,203,1020,606,0.5941176470588235
hyser,hyser_subject_logo,agency_vs_plain_conf_exact_budget,0.15,agency_margin_tau_0.15,plain_conf_threshold_matched_tau_0.15,plain_conf_threshold_exact_budget_tau_0.15,hyser_subject_logo|subject17,subject17,session1,session1,0.4299318861505241,0.07562189054726368,0.0736318407960199,0.0019900497512437693,False,203,1005,715,0.7114427860696517
hyser,hyser_subject_logo,agency_vs_plain_conf_exact_budget,0.15,agency_margin_tau_0.15,plain_conf_threshold_matched_tau_0.15,plain_conf_threshold_exact_budget_tau_0.15,hyser_subject_logo|subject17,subject17,session2,session2,0.3387240386994502,0.09108910891089109,0.09108910891089109,0.0,True,203,1010,698,0.691089108910891
hyser,hyser_subject_logo,agency_vs_plain_conf_exact_budget,0.15,agency_margin_tau_0.15,plain_conf_threshold_matched_tau_0.15,plain_conf_threshold_exact_budget_tau_0.15,hyser_subject_logo|subject18,subject18,session1,session1,0.29024264707931674,0.11764705882352941,0.11960784313725491,0.001960784313725497,False,203,1020,690,0.6764705882352942
hyser,hyser_subject_logo,agency_vs_plain_conf_exact_budget,0.15,agency_margin_tau_0.15,plain_conf_threshold_matched_tau_0.15,plain_conf_threshold_exact_budget_tau_0.15,hyser_subject_logo|subject18,subject18,session2,session2,0.32162137709290206,0.08275862068965517,0.08275862068965517,0.0,True,203,1015,574,0.5655172413793104
hyser,hyser_subject_logo,agency_vs_plain_conf_exact_budget,0.15,agency_margin_tau_0.15,plain_conf_threshold_matched_tau_0.15,plain_conf_threshold_exact_budget_tau_0.15,hyser_subject_logo|subject19,subject19,session1,session1,0.34174578273924533,0.14313725490196078,0.14313725490196078,0.0,True,203,1020,636,0.6235294117647059
hyser,hyser_subject_logo,agency_vs_plain_conf_exact_budget,0.15,agency_margin_tau_0.15,plain_conf_threshold_matched_tau_0.15,plain_conf_threshold_exact_budget_tau_0.15,hyser_subject_logo|subject19,subject19,session2,session2,0.34174578273924533,0.12487309644670051,0.12487309644670051,0.0,True,203,985,618,0.6274111675126903
hyser,hyser_subject_logo,agency_vs_plain_conf_exact_budget,0.15,agency_margin_tau_0.15,plain_conf_threshold_matched_tau_0.15,plain_conf_threshold_exact_budget_tau_0.15,hyser_subject_logo|subject20,subject20,session1,session1,0.30250270407744184,0.13134328358208955,0.13034825870646766,0.0009950248756218916,False,203,1005,592,0.5890547263681593
hyser,hyser_subject_logo,agency_vs_plain_conf_exact_budget,0.15,agency_margin_tau_0.15,plain_conf_threshold_matched_tau_0.15,plain_conf_threshold_exact_budget_tau_0.15,hyser_subject_logo|subject20,subject20,session2,session2,0.29745039975803905,0.15490196078431373,0.153921568627451,0.0009803921568627416,False,203,1020,636,0.6235294117647059
hyser,hyser_subject_logo,agency_vs_plain_conf_exact_budget,0.20,agency_margin_tau_0.20,plain_conf_threshold_matched_tau_0.20,plain_conf_threshold_exact_budget_tau_0.20,hyser_subject_logo|subject01,subject01,session1,session1,0.3693192355847823,0.13465346534653466,0.13465346534653466,0.0,True,203,1010,700,0.693069306930693
hyser,hyser_subject_logo,agency_vs_plain_conf_exact_budget,0.20,agency_margin_tau_0.20,plain_conf_threshold_matched_tau_0.20,plain_conf_threshold_exact_budget_tau_0.20,hyser_subject_logo|subject01,subject01,session2,session2,0.37716755723629414,0.11269035532994924,0.11370558375634518,0.0010152284263959394,False,203,985,544,0.5522842639593909
hyser,hyser_subject_logo,agency_vs_plain_conf_exact_budget,0.20,agency_margin_tau_0.20,plain_conf_threshold_matched_tau_0.20,plain_conf_threshold_exact_budget_tau_0.20,hyser_subject_logo|subject02,subject02,session1,session1,0.31591040980682494,0.20098522167487684,0.2019704433497537,0.0009852216748768572,False,203,1015,764,0.7527093596059113
hyser,hyser_subject_logo,agency_vs_plain_conf_exact_budget,0.20,agency_margin_tau_0.20,plain_conf_threshold_matched_tau_0.20,plain_conf_threshold_exact_budget_tau_0.20,hyser_subject_logo|subject02,subject02,session2,session2,0.32712243958441545,0.15742574257425743,0.15346534653465346,0.003960396039603964,False,203,1010,726,0.7188118811881188
hyser,hyser_subject_logo,agency_vs_plain_conf_exact_budget,0.20,agency_margin_tau_0.20,plain_conf_threshold_matched_tau_0.20,plain_conf_threshold_exact_budget_tau_0.20,hyser_subject_logo|subject03,subject03,session1,session1,0.35232535218064576,0.10204081632653061,0.10204081632653061,0.0,True,203,980,812,0.8285714285714286
hyser,hyser_subject_logo,agency_vs_plain_conf_exact_budget,0.20,agency_margin_tau_0.20,plain_conf_threshold_matched_tau_0.20,plain_conf_threshold_exact_budget_tau_0.20,hyser_subject_logo|subject03,subject03,session2,session2,0.3885807640235283,0.06903553299492386,0.06700507614213198,0.0020304568527918787,False,203,985,729,0.7401015228426396
hyser,hyser_subject_logo,agency_vs_plain_conf_exact_budget,0.20,agency_margin_tau_0.20,plain_conf_threshold_matched_tau_0.20,plain_conf_threshold_exact_budget_tau_0.20,hyser_subject_logo|subject04,subject04,session1,session1,0.3622642832310775,0.11485148514851486,0.11584158415841585,0.000990099009900991,False,203,1010,608,0.601980198019802
hyser,hyser_subject_logo,agency_vs_plain_conf_exact_budget,0.20,agency_margin_tau_0.20,plain_conf_threshold_matched_tau_0.20,plain_conf_threshold_exact_budget_tau_0.20,hyser_subject_logo|subject04,subject04,session2,session2,0.4152103343637594,0.11960784313725491,0.12156862745098039,0.0019607843137254832,False,203,1020,598,0.5862745098039216
hyser,hyser_subject_logo,agency_vs_plain_conf_exact_budget,0.20,agency_margin_tau_0.20,plain_conf_threshold_matched_tau_0.20,plain_conf_threshold_exact_budget_tau_0.20,hyser_subject_logo|subject05,subject05,session1,session1,0.3622642832310775,0.09230769230769231,0.09230769230769231,0.0,True,203,975,676,0.6933333333333334
hyser,hyser_subject_logo,agency_vs_plain_conf_exact_budget,0.20,agency_margin_tau_0.20,plain_conf_threshold_matched_tau_0.20,plain_conf_threshold_exact_budget_tau_0.20,hyser_subject_logo|subject05,subject05,session2,session2,0.4105070333122331,0.11176470588235295,0.10980392156862745,0.001960784313725497,False,203,1020,804,0.788235294117647
hyser,hyser_subject_logo,agency_vs_plain_conf_exact_budget,0.20,agency_margin_tau_0.20,plain_conf_threshold_matched_tau_0.20,plain_conf_threshold_exact_budget_tau_0.20,hyser_subject_logo|subject06,subject06,session1,session1,0.4060372481084884,0.06274509803921569,0.06274509803921569,0.0,True,203,1020,651,0.638235294117647
hyser,hyser_subject_logo,agency_vs_plain_conf_exact_budget,0.20,agency_margin_tau_0.20,plain_conf_threshold_matched_tau_0.20,plain_conf_threshold_exact_budget_tau_0.20,hyser_subject_logo|subject06,subject06,session2,session2,0.4060372481084884,0.06567164179104477,0.06567164179104477,0.0,True,203,1005,713,0.709452736318408
hyser,hyser_subject_logo,agency_vs_plain_conf_exact_budget,0.20,agency_margin_tau_0.20,plain_conf_threshold_matched_tau_0.20,plain_conf_threshold_exact_budget_tau_0.20,hyser_subject_logo|subject07,subject07,session1,session1,0.32425383139427405,0.12156862745098039,0.12058823529411765,0.0009803921568627416,False,203,1020,659,0.6460784313725491
hyser,hyser_subject_logo,agency_vs_plain_conf_exact_budget,0.20,agency_margin_tau_0.20,plain_conf_threshold_matched_tau_0.20,plain_conf_threshold_exact_budget_tau_0.20,hyser_subject_logo|subject07,subject07,session2,session2,0.30250270407744184,0.10490196078431373,0.10392156862745099,0.0009803921568627416,False,203,1020,647,0.634313725490196
hyser,hyser_subject_logo,agency_vs_plain_conf_exact_budget,0.20,agency_margin_tau_0.20,plain_conf_threshold_matched_tau_0.20,plain_conf_threshold_exact_budget_tau_0.20,hyser_subject_logo|subject08,subject08,session1,session1,0.31876659384095346,0.10294117647058823,0.10196078431372549,0.0009803921568627416,False,203,1020,874,0.8568627450980392
hyser,hyser_subject_logo,agency_vs_plain_conf_exact_budget,0.20,agency_margin_tau_0.20,plain_conf_threshold_matched_tau_0.20,plain_conf_threshold_exact_budget_tau_0.20,hyser_subject_logo|subject08,subject08,session2,session2,0.3387240386994502,0.13399014778325122,0.13399014778325122,0.0,True,203,1015,618,0.6088669950738916
hyser,hyser_subject_logo,agency_vs_plain_conf_exact_budget,0.20,agency_margin_tau_0.20,plain_conf_threshold_matched_tau_0.20,plain_conf_threshold_exact_budget_tau_0.20,hyser_subject_logo|subject09,subject09,session1,session1,0.3555463493907982,0.13823529411764707,0.13823529411764707,0.0,True,203,1020,568,0.5568627450980392
hyser,hyser_subject_logo,agency_vs_plain_conf_exact_budget,0.20,agency_margin_tau_0.20,plain_conf_threshold_matched_tau_0.20,plain_conf_threshold_exact_budget_tau_0.20,hyser_subject_logo|subject09,subject09,session2,session2,0.38088853797208766,0.20098039215686275,0.2019607843137255,0.0009803921568627416,False,203,1020,717,0.7029411764705882
hyser,hyser_subject_logo,agency_vs_plain_conf_exact_budget,0.20,agency_margin_tau_0.20,plain_conf_threshold_matched_tau_0.20,plain_conf_threshold_exact_budget_tau_0.20,hyser_subject_logo|subject10,subject10,session1,session1,0.401310763336284,0.08768472906403942,0.08669950738916256,0.0009852216748768572,False,203,1015,590,0.5812807881773399
hyser,hyser_subject_logo,agency_vs_plain_conf_exact_budget,0.20,agency_margin_tau_0.20,plain_conf_threshold_matched_tau_0.20,plain_conf_threshold_exact_budget_tau_0.20,hyser_subject_logo|subject10,subject10,session2,session2,0.3926046649090333,0.091,0.092,0.0010000000000000009,False,203,1000,644,0.644
hyser,hyser_subject_logo,agency_vs_plain_conf_exact_budget,0.20,agency_margin_tau_0.20,plain_conf_threshold_matched_tau_0.20,plain_conf_threshold_exact_budget_tau_0.20,hyser_subject_logo|subject11,subject11,session1,session1,0.37716755723629414,0.13333333333333333,0.13333333333333333,0.0,True,203,975,662,0.678974358974359
hyser,hyser_subject_logo,agency_vs_plain_conf_exact_budget,0.20,agency_margin_tau_0.20,plain_conf_threshold_matched_tau_0.20,plain_conf_threshold_exact_budget_tau_0.20,hyser_subject_logo|subject11,subject11,session2,session2,0.34174578273924533,0.10246305418719212,0.10443349753694581,0.0019704433497536866,False,203,1015,710,0.6995073891625616
hyser,hyser_subject_logo,agency_vs_plain_conf_exact_budget,0.20,agency_margin_tau_0.20,plain_conf_threshold_matched_tau_0.20,plain_conf_threshold_exact_budget_tau_0.20,hyser_subject_logo|subject12,subject12,session1,session1,0.44064464738253956,0.1,0.1,0.0,True,203,1010,765,0.7574257425742574
hyser,hyser_subject_logo,agency_vs_plain_conf_exact_budget,0.20,agency_margin_tau_0.20,plain_conf_threshold_matched_tau_0.20,plain_conf_threshold_exact_budget_tau_0.20,hyser_subject_logo|subject12,subject12,session2,session2,0.38504053012986444,0.08571428571428572,0.08768472906403942,0.0019704433497537005,False,203,1015,760,0.7487684729064039
hyser,hyser_subject_logo,agency_vs_plain_conf_exact_budget,0.20,agency_margin_tau_0.20,plain_conf_threshold_matched_tau_0.20,plain_conf_threshold_exact_budget_tau_0.20,hyser_subject_logo|subject13,subject13,session1,session1,0.38088853797208766,0.15522388059701492,0.1572139303482587,0.001990049751243783,False,203,1005,669,0.6656716417910448
hyser,hyser_subject_logo,agency_vs_plain_conf_exact_budget,0.20,agency_margin_tau_0.20,plain_conf_threshold_matched_tau_0.20,plain_conf_threshold_exact_budget_tau_0.20,hyser_subject_logo|subject13,subject13,session2,session2,0.401310763336284,0.15294117647058825,0.15588235294117647,0.002941176470588225,False,203,1020,628,0.615686274509804
hyser,hyser_subject_logo,agency_vs_plain_conf_exact_budget,0.20,agency_margin_tau_0.20,plain_conf_threshold_matched_tau_0.20,plain_conf_threshold_exact_budget_tau_0.20,hyser_subject_logo|subject14,subject14,session1,session1,0.32425383139427405,0.12079207920792079,0.12079207920792079,0.0,True,203,1010,763,0.7554455445544555
hyser,hyser_subject_logo,agency_vs_plain_conf_exact_budget,0.20,agency_margin_tau_0.20,plain_conf_threshold_matched_tau_0.20,plain_conf_threshold_exact_budget_tau_0.20,hyser_subject_logo|subject14,subject14,session2,session2,0.32712243958441545,0.10746268656716418,0.10845771144278607,0.0009950248756218916,False,203,1005,655,0.6517412935323383
hyser,hyser_subject_logo,agency_vs_plain_conf_exact_budget,0.20,agency_margin_tau_0.20,plain_conf_threshold_matched_tau_0.20,plain_conf_threshold_exact_budget_tau_0.20,hyser_subject_logo|subject15,subject15,session1,session1,0.3885807640235283,0.11960784313725491,0.11862745098039215,0.0009803921568627555,False,203,1020,783,0.7676470588235295
hyser,hyser_subject_logo,agency_vs_plain_conf_exact_budget,0.20,agency_margin_tau_0.20,plain_conf_threshold_matched_tau_0.20,plain_conf_threshold_exact_budget_tau_0.20,hyser_subject_logo|subject15,subject15,session2,session2,0.35232535218064576,0.15323383084577114,0.15422885572139303,0.0009950248756218916,False,203,1005,645,0.6417910447761194
hyser,hyser_subject_logo,agency_vs_plain_conf_exact_budget,0.20,agency_margin_tau_0.20,plain_conf_threshold_matched_tau_0.20,plain_conf_threshold_exact_budget_tau_0.20,hyser_subject_logo|subject16,subject16,session1,session1,0.30250270407744184,0.14170854271356784,0.14170854271356784,0.0,True,203,995,699,0.7025125628140704
hyser,hyser_subject_logo,agency_vs_plain_conf_exact_budget,0.20,agency_margin_tau_0.20,plain_conf_threshold_matched_tau_0.20,plain_conf_threshold_exact_budget_tau_0.20,hyser_subject_logo|subject16,subject16,session2,session2,0.4060372481084884,0.09313725490196079,0.09313725490196079,0.0,True,203,1020,606,0.5941176470588235
hyser,hyser_subject_logo,agency_vs_plain_conf_exact_budget,0.20,agency_margin_tau_0.20,plain_conf_threshold_matched_tau_0.20,plain_conf_threshold_exact_budget_tau_0.20,hyser_subject_logo|subject17,subject17,session1,session1,0.3967382351636186,0.09751243781094528,0.09651741293532339,0.0009950248756218916,False,203,1005,715,0.7114427860696517
hyser,hyser_subject_logo,agency_vs_plain_conf_exact_budget,0.20,agency_margin_tau_0.20,plain_conf_threshold_matched_tau_0.20,plain_conf_threshold_exact_budget_tau_0.20,hyser_subject_logo|subject17,subject17,session2,session2,0.32162137709290206,0.11485148514851486,0.11584158415841585,0.000990099009900991,False,203,1010,698,0.691089108910891
hyser,hyser_subject_logo,agency_vs_plain_conf_exact_budget,0.20,agency_margin_tau_0.20,plain_conf_threshold_matched_tau_0.20,plain_conf_threshold_exact_budget_tau_0.20,hyser_subject_logo|subject18,subject18,session1,session1,0.274753538503586,0.1323529411764706,0.13431372549019607,0.0019607843137254832,False,203,1020,690,0.6764705882352942
hyser,hyser_subject_logo,agency_vs_plain_conf_exact_budget,0.20,agency_margin_tau_0.20,plain_conf_threshold_matched_tau_0.20,plain_conf_threshold_exact_budget_tau_0.20,hyser_subject_logo|subject18,subject18,session2,session2,0.307880787761617,0.09359605911330049,0.09261083743842365,0.0009852216748768433,False,203,1015,574,0.5655172413793104
hyser,hyser_subject_logo,agency_vs_plain_conf_exact_budget,0.20,agency_margin_tau_0.20,plain_conf_threshold_matched_tau_0.20,plain_conf_threshold_exact_budget_tau_0.20,hyser_subject_logo|subject19,subject19,session1,session1,0.31591040980682494,0.17450980392156862,0.17352941176470588,0.0009803921568627416,False,203,1020,636,0.6235294117647059
hyser,hyser_subject_logo,agency_vs_plain_conf_exact_budget,0.20,agency_margin_tau_0.20,plain_conf_threshold_matched_tau_0.20,plain_conf_threshold_exact_budget_tau_0.20,hyser_subject_logo|subject19,subject19,session2,session2,0.30250270407744184,0.1634517766497462,0.16142131979695432,0.0020304568527918787,False,203,985,618,0.6274111675126903
hyser,hyser_subject_logo,agency_vs_plain_conf_exact_budget,0.20,agency_margin_tau_0.20,plain_conf_threshold_matched_tau_0.20,plain_conf_threshold_exact_budget_tau_0.20,hyser_subject_logo|subject20,subject20,session1,session1,0.28148530746975375,0.15422885572139303,0.15422885572139303,0.0,True,203,1005,592,0.5890547263681593
hyser,hyser_subject_logo,agency_vs_plain_conf_exact_budget,0.20,agency_margin_tau_0.20,plain_conf_threshold_matched_tau_0.20,plain_conf_threshold_exact_budget_tau_0.20,hyser_subject_logo|subject20,subject20,session2,session2,0.28148530746975375,0.17549019607843136,0.17549019607843136,0.0,True,203,1020,636,0.6235294117647059
hyser,hyser_within_subject_dayshift,agency_vs_plain_conf_exact_budget,0.02,agency_margin_tau_0.02,plain_conf_threshold_matched_tau_0.02,plain_conf_threshold_exact_budget_tau_0.02,hyser_within_subject_dayshift|session2,subject01,session2,session2,0.507043375534236,0.017258883248730966,0.016243654822335026,0.0010152284263959394,False,203,985,508,0.515736040609137
hyser,hyser_within_subject_dayshift,agency_vs_plain_conf_exact_budget,0.02,agency_margin_tau_0.02,plain_conf_threshold_matched_tau_0.02,plain_conf_threshold_exact_budget_tau_0.02,hyser_within_subject_dayshift|session2,subject02,session2,session2,0.4200566891682108,0.023762376237623763,0.02277227722772277,0.000990099009900991,False,203,1010,642,0.6356435643564357
hyser,hyser_within_subject_dayshift,agency_vs_plain_conf_exact_budget,0.02,agency_margin_tau_0.02,plain_conf_threshold_matched_tau_0.02,plain_conf_threshold_exact_budget_tau_0.02,hyser_within_subject_dayshift|session2,subject03,session2,session2,0.48482440968251644,0.015228426395939087,0.016243654822335026,0.0010152284263959394,False,203,985,674,0.6842639593908629
hyser,hyser_within_subject_dayshift,agency_vs_plain_conf_exact_budget,0.02,agency_margin_tau_0.02,plain_conf_threshold_matched_tau_0.02,plain_conf_threshold_exact_budget_tau_0.02,hyser_within_subject_dayshift|session2,subject04,session2,session2,0.4699626639761713,0.023529411764705882,0.021568627450980392,0.00196078431372549,False,203,1020,578,0.5666666666666667
hyser,hyser_within_subject_dayshift,agency_vs_plain_conf_exact_budget,0.02,agency_margin_tau_0.02,plain_conf_threshold_matched_tau_0.02,plain_conf_threshold_exact_budget_tau_0.02,hyser_within_subject_dayshift|session2,subject05,session2,session2,0.4516043346924761,0.03235294117647059,0.03137254901960784,0.0009803921568627486,False,203,1020,741,0.7264705882352941
hyser,hyser_within_subject_dayshift,agency_vs_plain_conf_exact_budget,0.02,agency_margin_tau_0.02,plain_conf_threshold_matched_tau_0.02,plain_conf_threshold_exact_budget_tau_0.02,hyser_within_subject_dayshift|session2,subject06,session2,session2,0.5334396813801798,0.013930348258706468,0.013930348258706468,0.0,True,203,1005,528,0.5253731343283582
hyser,hyser_within_subject_dayshift,agency_vs_plain_conf_exact_budget,0.02,agency_margin_tau_0.02,plain_conf_threshold_matched_tau_0.02,plain_conf_threshold_exact_budget_tau_0.02,hyser_within_subject_dayshift|session2,subject07,session2,session2,0.5155441852369551,0.018627450980392157,0.018627450980392157,0.0,True,203,1020,553,0.542156862745098
hyser,hyser_within_subject_dayshift,agency_vs_plain_conf_exact_budget,0.02,agency_margin_tau_0.02,plain_conf_threshold_matched_tau_0.02,plain_conf_threshold_exact_budget_tau_0.02,hyser_within_subject_dayshift|session2,subject08,session2,session2,0.3926046649090333,0.026600985221674877,0.027586206896551724,0.0009852216748768468,False,203,1015,587,0.5783251231527093
hyser,hyser_within_subject_dayshift,agency_vs_plain_conf_exact_budget,0.02,agency_margin_tau_0.02,plain_conf_threshold_matched_tau_0.02,plain_conf_threshold_exact_budget_tau_0.02,hyser_within_subject_dayshift|session2,subject09,session2,session2,0.561615777095356,0.021568627450980392,0.023529411764705882,0.00196078431372549,False,203,1020,533,0.5225490196078432
hyser,hyser_within_subject_dayshift,agency_vs_plain_conf_exact_budget,0.02,agency_margin_tau_0.02,plain_conf_threshold_matched_tau_0.02,plain_conf_threshold_exact_budget_tau_0.02,hyser_within_subject_dayshift|session2,subject10,session2,session2,0.5237630859688936,0.018,0.017,0.0009999999999999974,False,203,1000,558,0.558
hyser,hyser_within_subject_dayshift,agency_vs_plain_conf_exact_budget,0.02,agency_margin_tau_0.02,plain_conf_threshold_matched_tau_0.02,plain_conf_threshold_exact_budget_tau_0.02,hyser_within_subject_dayshift|session2,subject11,session2,session2,0.4636257086258861,0.017733990147783252,0.0187192118226601,0.0009852216748768468,False,203,1015,731,0.7201970443349753
hyser,hyser_within_subject_dayshift,agency_vs_plain_conf_exact_budget,0.02,agency_margin_tau_0.02,plain_conf_threshold_matched_tau_0.02,plain_conf_threshold_exact_budget_tau_0.02,hyser_within_subject_dayshift|session2,subject12,session2,session2,0.4353449681709936,0.017733990147783252,0.016748768472906402,0.0009852216748768503,False,203,1015,796,0.7842364532019704
hyser,hyser_within_subject_dayshift,agency_vs_plain_conf_exact_budget,0.02,agency_margin_tau_0.02,plain_conf_threshold_matched_tau_0.02,plain_conf_threshold_exact_budget_tau_0.02,hyser_within_subject_dayshift|session2,subject13,session2,session2,0.4636257086258861,0.021568627450980392,0.020588235294117647,0.000980392156862745,False,203,1020,555,0.5441176470588235
hyser,hyser_within_subject_dayshift,agency_vs_plain_conf_exact_budget,0.02,agency_margin_tau_0.02,plain_conf_threshold_matched_tau_0.02,plain_conf_threshold_exact_budget_tau_0.02,hyser_within_subject_dayshift|session2,subject14,session2,session2,0.49238364901155335,0.015920398009950248,0.015920398009950248,0.0,True,203,1005,697,0.6935323383084577
hyser,hyser_within_subject_dayshift,agency_vs_plain_conf_exact_budget,0.02,agency_margin_tau_0.02,plain_conf_threshold_matched_tau_0.02,plain_conf_threshold_exact_budget_tau_0.02,hyser_within_subject_dayshift|session2,subject15,session2,session2,0.5001052117493339,0.015920398009950248,0.014925373134328358,0.0009950248756218898,False,203,1005,553,0.5502487562189055
hyser,hyser_within_subject_dayshift,agency_vs_plain_conf_exact_budget,0.02,agency_margin_tau_0.02,plain_conf_threshold_matched_tau_0.02,plain_conf_threshold_exact_budget_tau_0.02,hyser_within_subject_dayshift|session2,subject16,session2,session2,0.5525122000489866,0.011764705882352941,0.011764705882352941,0.0,True,203,1020,580,0.5686274509803921
hyser,hyser_within_subject_dayshift,agency_vs_plain_conf_exact_budget,0.02,agency_margin_tau_0.02,plain_conf_threshold_matched_tau_0.02,plain_conf_threshold_exact_budget_tau_0.02,hyser_within_subject_dayshift|session2,subject17,session2,session2,0.4200566891682108,0.01782178217821782,0.01782178217821782,0.0,True,203,1010,715,0.7079207920792079
hyser,hyser_within_subject_dayshift,agency_vs_plain_conf_exact_budget,0.02,agency_margin_tau_0.02,plain_conf_threshold_matched_tau_0.02,plain_conf_threshold_exact_budget_tau_0.02,hyser_within_subject_dayshift|session2,subject18,session2,session2,0.5001052117493339,0.003940886699507389,0.003940886699507389,0.0,True,203,1015,601,0.5921182266009852
hyser,hyser_within_subject_dayshift,agency_vs_plain_conf_exact_budget,0.02,agency_margin_tau_0.02,plain_conf_threshold_matched_tau_0.02,plain_conf_threshold_exact_budget_tau_0.02,hyser_within_subject_dayshift|session2,subject19,session2,session2,0.561615777095356,0.019289340101522844,0.019289340101522844,0.0,True,203,985,631,0.6406091370558376
hyser,hyser_within_subject_dayshift,agency_vs_plain_conf_exact_budget,0.02,agency_margin_tau_0.02,plain_conf_threshold_matched_tau_0.02,plain_conf_threshold_exact_budget_tau_0.02,hyser_within_subject_dayshift|session2,subject20,session2,session2,0.4636257086258861,0.013725490196078431,0.012745098039215686,0.000980392156862745,False,203,1020,680,0.6666666666666666
hyser,hyser_within_subject_dayshift,agency_vs_plain_conf_exact_budget,0.05,agency_margin_tau_0.05,plain_conf_threshold_matched_tau_0.05,plain_conf_threshold_exact_budget_tau_0.05,hyser_within_subject_dayshift|session2,subject01,session2,session2,0.4105070333122331,0.049746192893401014,0.047715736040609136,0.0020304568527918787,False,203,985,508,0.515736040609137
hyser,hyser_within_subject_dayshift,agency_vs_plain_conf_exact_budget,0.05,agency_margin_tau_0.05,plain_conf_threshold_matched_tau_0.05,plain_conf_threshold_exact_budget_tau_0.05,hyser_within_subject_dayshift|session2,subject02,session2,session2,0.34174578273924533,0.05643564356435644,0.054455445544554455,0.001980198019801982,False,203,1010,642,0.6356435643564357
hyser,hyser_within_subject_dayshift,agency_vs_plain_conf_exact_budget,0.05,agency_margin_tau_0.05,plain_conf_threshold_matched_tau_0.05,plain_conf_threshold_exact_budget_tau_0.05,hyser_within_subject_dayshift|session2,subject03,session2,session2,0.4247094614492711,0.03756345177664975,0.03654822335025381,0.0010152284263959394,False,203,985,674,0.6842639593908629
hyser,hyser_within_subject_dayshift,agency_vs_plain_conf_exact_budget,0.05,agency_margin_tau_0.05,plain_conf_threshold_matched_tau_0.05,plain_conf_threshold_exact_budget_tau_0.05,hyser_within_subject_dayshift|session2,subject04,session2,session2,0.4105070333122331,0.05588235294117647,0.054901960784313725,0.0009803921568627486,False,203,1020,578,0.5666666666666667
hyser,hyser_within_subject_dayshift,agency_vs_plain_conf_exact_budget,0.05,agency_margin_tau_0.05,plain_conf_threshold_matched_tau_0.05,plain_conf_threshold_exact_budget_tau_0.05,hyser_within_subject_dayshift|session2,subject05,session2,session2,0.3622642832310775,0.07745098039215687,0.0784313725490196,0.0009803921568627416,False,203,1020,741,0.7264705882352941
hyser,hyser_within_subject_dayshift,agency_vs_plain_conf_exact_budget,0.05,agency_margin_tau_0.05,plain_conf_threshold_matched_tau_0.05,plain_conf_threshold_exact_budget_tau_0.05,hyser_within_subject_dayshift|session2,subject06,session2,session2,0.4353449681709936,0.03383084577114428,0.03383084577114428,0.0,True,203,1005,528,0.5253731343283582
hyser,hyser_within_subject_dayshift,agency_vs_plain_conf_exact_budget,0.05,agency_margin_tau_0.05,plain_conf_threshold_matched_tau_0.05,plain_conf_threshold_exact_budget_tau_0.05,hyser_within_subject_dayshift|session2,subject07,session2,session2,0.44064464738253956,0.0392156862745098,0.0392156862745098,0.0,True,203,1020,553,0.542156862745098
hyser,hyser_within_subject_dayshift,agency_vs_plain_conf_exact_budget,0.05,agency_margin_tau_0.05,plain_conf_threshold_matched_tau_0.05,plain_conf_threshold_exact_budget_tau_0.05,hyser_within_subject_dayshift|session2,subject08,session2,session2,0.33298217131513286,0.059113300492610835,0.059113300492610835,0.0,True,203,1015,587,0.5783251231527093
hyser,hyser_within_subject_dayshift,agency_vs_plain_conf_exact_budget,0.05,agency_margin_tau_0.05,plain_conf_threshold_matched_tau_0.05,plain_conf_threshold_exact_budget_tau_0.05,hyser_within_subject_dayshift|session2,subject09,session2,session2,0.4516043346924761,0.058823529411764705,0.059803921568627454,0.0009803921568627486,False,203,1020,533,0.5225490196078432
hyser,hyser_within_subject_dayshift,agency_vs_plain_conf_exact_budget,0.05,agency_margin_tau_0.05,plain_conf_threshold_matched_tau_0.05,plain_conf_threshold_exact_budget_tau_0.05,hyser_within_subject_dayshift|session2,subject10,session2,session2,0.3732683704892703,0.056,0.056,0.0,True,203,1000,558,0.558
hyser,hyser_within_subject_dayshift,agency_vs_plain_conf_exact_budget,0.05,agency_margin_tau_0.05,plain_conf_threshold_matched_tau_0.05,plain_conf_threshold_exact_budget_tau_0.05,hyser_within_subject_dayshift|session2,subject11,session2,session2,0.3453734805161122,0.053201970443349754,0.052216748768472904,0.0009852216748768503,False,203,1015,731,0.7201970443349753
hyser,hyser_within_subject_dayshift,agency_vs_plain_conf_exact_budget,0.05,agency_margin_tau_0.05,plain_conf_threshold_matched_tau_0.05,plain_conf_threshold_exact_budget_tau_0.05,hyser_within_subject_dayshift|session2,subject12,session2,session2,0.38088853797208766,0.03842364532019704,0.03842364532019704,0.0,True,203,1015,796,0.7842364532019704
hyser,hyser_within_subject_dayshift,agency_vs_plain_conf_exact_budget,0.05,agency_margin_tau_0.05,plain_conf_threshold_matched_tau_0.05,plain_conf_threshold_exact_budget_tau_0.05,hyser_within_subject_dayshift|session2,subject13,session2,session2,0.4105070333122331,0.04019607843137255,0.04215686274509804,0.00196078431372549,False,203,1020,555,0.5441176470588235
hyser,hyser_within_subject_dayshift,agency_vs_plain_conf_exact_budget,0.05,agency_margin_tau_0.05,plain_conf_threshold_matched_tau_0.05,plain_conf_threshold_exact_budget_tau_0.05,hyser_within_subject_dayshift|session2,subject14,session2,session2,0.35860472267300003,0.05472636815920398,0.05472636815920398,0.0,True,203,1005,697,0.6935323383084577
hyser,hyser_within_subject_dayshift,agency_vs_plain_conf_exact_budget,0.05,agency_margin_tau_0.05,plain_conf_threshold_matched_tau_0.05,plain_conf_threshold_exact_budget_tau_0.05,hyser_within_subject_dayshift|session2,subject15,session2,session2,0.38088853797208766,0.05472636815920398,0.0527363184079602,0.001990049751243783,False,203,1005,553,0.5502487562189055
hyser,hyser_within_subject_dayshift,agency_vs_plain_conf_exact_budget,0.05,agency_margin_tau_0.05,plain_conf_threshold_matched_tau_0.05,plain_conf_threshold_exact_budget_tau_0.05,hyser_within_subject_dayshift|session2,subject16,session2,session2,0.4060372481084884,0.03725490196078431,0.03627450980392157,0.0009803921568627416,False,203,1020,580,0.5686274509803921
hyser,hyser_within_subject_dayshift,agency_vs_plain_conf_exact_budget,0.05,agency_margin_tau_0.05,plain_conf_threshold_matched_tau_0.05,plain_conf_threshold_exact_budget_tau_0.05,hyser_within_subject_dayshift|session2,subject17,session2,session2,0.31876659384095346,0.04950495049504951,0.04950495049504951,0.0,True,203,1010,715,0.7079207920792079
hyser,hyser_within_subject_dayshift,agency_vs_plain_conf_exact_budget,0.05,agency_margin_tau_0.05,plain_conf_threshold_matched_tau_0.05,plain_conf_threshold_exact_budget_tau_0.05,hyser_within_subject_dayshift|session2,subject18,session2,session2,0.3967382351636186,0.011822660098522168,0.012807881773399015,0.0009852216748768468,False,203,1015,601,0.5921182266009852
hyser,hyser_within_subject_dayshift,agency_vs_plain_conf_exact_budget,0.05,agency_margin_tau_0.05,plain_conf_threshold_matched_tau_0.05,plain_conf_threshold_exact_budget_tau_0.05,hyser_within_subject_dayshift|session2,subject19,session2,session2,0.4699626639761713,0.047715736040609136,0.048730964467005075,0.0010152284263959394,False,203,985,631,0.6406091370558376
hyser,hyser_within_subject_dayshift,agency_vs_plain_conf_exact_budget,0.05,agency_margin_tau_0.05,plain_conf_threshold_matched_tau_0.05,plain_conf_threshold_exact_budget_tau_0.05,hyser_within_subject_dayshift|session2,subject20,session2,session2,0.3732683704892703,0.0392156862745098,0.03725490196078431,0.00196078431372549,False,203,1020,680,0.6666666666666666
hyser,hyser_within_subject_dayshift,agency_vs_plain_conf_exact_budget,0.10,agency_margin_tau_0.10,plain_conf_threshold_matched_tau_0.10,plain_conf_threshold_exact_budget_tau_0.10,hyser_within_subject_dayshift|session2,subject01,session2,session2,0.3300739067154611,0.08934010152284264,0.08934010152284264,0.0,True,203,985,508,0.515736040609137
hyser,hyser_within_subject_dayshift,agency_vs_plain_conf_exact_budget,0.10,agency_margin_tau_0.10,plain_conf_threshold_matched_tau_0.10,plain_conf_threshold_exact_budget_tau_0.10,hyser_within_subject_dayshift|session2,subject02,session2,session2,0.2598356244886569,0.12475247524752475,0.12475247524752475,0.0,True,203,1010,642,0.6356435643564357
hyser,hyser_within_subject_dayshift,agency_vs_plain_conf_exact_budget,0.10,agency_margin_tau_0.10,plain_conf_threshold_matched_tau_0.10,plain_conf_threshold_exact_budget_tau_0.10,hyser_within_subject_dayshift|session2,subject03,session2,session2,0.3693192355847823,0.08020304568527918,0.08020304568527918,0.0,True,203,985,674,0.6842639593908629
hyser,hyser_within_subject_dayshift,agency_vs_plain_conf_exact_budget,0.10,agency_margin_tau_0.10,plain_conf_threshold_matched_tau_0.10,plain_conf_threshold_exact_budget_tau_0.10,hyser_within_subject_dayshift|session2,subject04,session2,session2,0.3555463493907982,0.10980392156862745,0.11176470588235295,0.001960784313725497,False,203,1020,578,0.5666666666666667
hyser,hyser_within_subject_dayshift,agency_vs_plain_conf_exact_budget,0.10,agency_margin_tau_0.10,plain_conf_threshold_matched_tau_0.10,plain_conf_threshold_exact_budget_tau_0.10,hyser_within_subject_dayshift|session2,subject05,session2,session2,0.2638261956906978,0.153921568627451,0.15588235294117647,0.0019607843137254832,False,203,1020,741,0.7264705882352941
hyser,hyser_within_subject_dayshift,agency_vs_plain_conf_exact_budget,0.10,agency_margin_tau_0.10,plain_conf_threshold_matched_tau_0.10,plain_conf_threshold_exact_budget_tau_0.10,hyser_within_subject_dayshift|session2,subject06,session2,session2,0.36580928244149674,0.06069651741293532,0.0626865671641791,0.001990049751243776,False,203,1005,528,0.5253731343283582
hyser,hyser_within_subject_dayshift,agency_vs_plain_conf_exact_budget,0.10,agency_margin_tau_0.10,plain_conf_threshold_matched_tau_0.10,plain_conf_threshold_exact_budget_tau_0.10,hyser_within_subject_dayshift|session2,subject07,session2,session2,0.34174578273924533,0.09313725490196079,0.09411764705882353,0.0009803921568627416,False,203,1020,553,0.542156862745098
hyser,hyser_within_subject_dayshift,agency_vs_plain_conf_exact_budget,0.10,agency_margin_tau_0.10,plain_conf_threshold_matched_tau_0.10,plain_conf_threshold_exact_budget_tau_0.10,hyser_within_subject_dayshift|session2,subject08,session2,session2,0.26798345380942457,0.10443349753694581,0.10344827586206896,0.0009852216748768433,False,203,1015,587,0.5783251231527093
hyser,hyser_within_subject_dayshift,agency_vs_plain_conf_exact_budget,0.10,agency_margin_tau_0.10,plain_conf_threshold_matched_tau_0.10,plain_conf_threshold_exact_budget_tau_0.10,hyser_within_subject_dayshift|session2,subject09,session2,session2,0.35860472267300003,0.11372549019607843,0.11274509803921569,0.0009803921568627416,False,203,1020,533,0.5225490196078432
hyser,hyser_within_subject_dayshift,agency_vs_plain_conf_exact_budget,0.10,agency_margin_tau_0.10,plain_conf_threshold_matched_tau_0.10,plain_conf_threshold_exact_budget_tau_0.10,hyser_within_subject_dayshift|session2,subject10,session2,session2,0.2858608628331954,0.112,0.111,0.0010000000000000009,False,203,1000,558,0.558
hyser,hyser_within_subject_dayshift,agency_vs_plain_conf_exact_budget,0.10,agency_margin_tau_0.10,plain_conf_threshold_matched_tau_0.10,plain_conf_threshold_exact_budget_tau_0.10,hyser_within_subject_dayshift|session2,subject11,session2,session2,0.274753538503586,0.10541871921182266,0.10640394088669951,0.0009852216748768433,False,203,1015,731,0.7201970443349753
hyser,hyser_within_subject_dayshift,agency_vs_plain_conf_exact_budget,0.10,agency_margin_tau_0.10,plain_conf_threshold_matched_tau_0.10,plain_conf_threshold_exact_budget_tau_0.10,hyser_within_subject_dayshift|session2,subject12,session2,session2,0.2927112056934692,0.10640394088669951,0.10541871921182266,0.0009852216748768433,False,203,1015,796,0.7842364532019704
hyser,hyser_within_subject_dayshift,agency_vs_plain_conf_exact_budget,0.10,agency_margin_tau_0.10,plain_conf_threshold_matched_tau_0.10,plain_conf_threshold_exact_budget_tau_0.10,hyser_within_subject_dayshift|session2,subject13,session2,session2,0.34892328904082687,0.08529411764705883,0.08529411764705883,0.0,True,203,1020,555,0.5441176470588235
hyser,hyser_within_subject_dayshift,agency_vs_plain_conf_exact_budget,0.10,agency_margin_tau_0.10,plain_conf_threshold_matched_tau_0.10,plain_conf_threshold_exact_budget_tau_0.10,hyser_within_subject_dayshift|session2,subject14,session2,session2,0.2790846598412965,0.11641791044776119,0.11641791044776119,0.0,True,203,1005,697,0.6935323383084577
hyser,hyser_within_subject_dayshift,agency_vs_plain_conf_exact_budget,0.10,agency_margin_tau_0.10,plain_conf_threshold_matched_tau_0.10,plain_conf_threshold_exact_budget_tau_0.10,hyser_within_subject_dayshift|session2,subject15,session2,session2,0.32425383139427405,0.09651741293532339,0.0955223880597015,0.0009950248756218916,False,203,1005,553,0.5502487562189055
hyser,hyser_within_subject_dayshift,agency_vs_plain_conf_exact_budget,0.10,agency_margin_tau_0.10,plain_conf_threshold_matched_tau_0.10,plain_conf_threshold_exact_budget_tau_0.10,hyser_within_subject_dayshift|session2,subject16,session2,session2,0.30250270407744184,0.08823529411764706,0.08823529411764706,0.0,True,203,1020,580,0.5686274509803921
hyser,hyser_within_subject_dayshift,agency_vs_plain_conf_exact_budget,0.10,agency_margin_tau_0.10,plain_conf_threshold_matched_tau_0.10,plain_conf_threshold_exact_budget_tau_0.10,hyser_within_subject_dayshift|session2,subject17,session2,session2,0.24649563300548097,0.10693069306930693,0.10693069306930693,0.0,True,203,1010,715,0.7079207920792079
hyser,hyser_within_subject_dayshift,agency_vs_plain_conf_exact_budget,0.10,agency_margin_tau_0.10,plain_conf_threshold_matched_tau_0.10,plain_conf_threshold_exact_budget_tau_0.10,hyser_within_subject_dayshift|session2,subject18,session2,session2,0.3555463493907982,0.024630541871921183,0.024630541871921183,0.0,True,203,1015,601,0.5921182266009852
hyser,hyser_within_subject_dayshift,agency_vs_plain_conf_exact_budget,0.10,agency_margin_tau_0.10,plain_conf_threshold_matched_tau_0.10,plain_conf_threshold_exact_budget_tau_0.10,hyser_within_subject_dayshift|session2,subject19,session2,session2,0.35232535218064576,0.09035532994923857,0.08934010152284264,0.0010152284263959394,False,203,985,631,0.6406091370558376
hyser,hyser_within_subject_dayshift,agency_vs_plain_conf_exact_budget,0.10,agency_margin_tau_0.10,plain_conf_threshold_matched_tau_0.10,plain_conf_threshold_exact_budget_tau_0.10,hyser_within_subject_dayshift|session2,subject20,session2,session2,0.31591040980682494,0.07941176470588235,0.07941176470588235,0.0,True,203,1020,680,0.6666666666666666
hyser,hyser_within_subject_dayshift,agency_vs_plain_conf_exact_budget,0.15,agency_margin_tau_0.15,plain_conf_threshold_matched_tau_0.15,plain_conf_threshold_exact_budget_tau_0.15,hyser_within_subject_dayshift|session2,subject01,session2,session2,0.3051708115665435,0.12284263959390863,0.12081218274111676,0.0020304568527918787,False,203,985,508,0.515736040609137
hyser,hyser_within_subject_dayshift,agency_vs_plain_conf_exact_budget,0.15,agency_margin_tau_0.15,plain_conf_threshold_matched_tau_0.15,plain_conf_threshold_exact_budget_tau_0.15,hyser_within_subject_dayshift|session2,subject02,session2,session2,0.23215801722984813,0.15445544554455445,0.15346534653465346,0.000990099009900991,False,203,1010,642,0.6356435643564357
hyser,hyser_within_subject_dayshift,agency_vs_plain_conf_exact_budget,0.15,agency_margin_tau_0.15,plain_conf_threshold_matched_tau_0.15,plain_conf_threshold_exact_budget_tau_0.15,hyser_within_subject_dayshift|session2,subject03,session2,session2,0.33587494502957593,0.1218274111675127,0.12081218274111676,0.0010152284263959394,False,203,985,674,0.6842639593908629
hyser,hyser_within_subject_dayshift,agency_vs_plain_conf_exact_budget,0.15,agency_margin_tau_0.15,plain_conf_threshold_matched_tau_0.15,plain_conf_threshold_exact_budget_tau_0.15,hyser_within_subject_dayshift|session2,subject04,session2,session2,0.31308580272581366,0.1607843137254902,0.1607843137254902,0.0,True,203,1020,578,0.5666666666666667
hyser,hyser_within_subject_dayshift,agency_vs_plain_conf_exact_budget,0.15,agency_margin_tau_0.15,plain_conf_threshold_matched_tau_0.15,plain_conf_threshold_exact_budget_tau_0.15,hyser_within_subject_dayshift|session2,subject05,session2,session2,0.23935790536807836,0.20098039215686275,0.2019607843137255,0.0009803921568627416,False,203,1020,741,0.7264705882352941
hyser,hyser_within_subject_dayshift,agency_vs_plain_conf_exact_budget,0.15,agency_margin_tau_0.15,plain_conf_threshold_matched_tau_0.15,plain_conf_threshold_exact_budget_tau_0.15,hyser_within_subject_dayshift|session2,subject06,session2,session2,0.32712243958441545,0.08656716417910448,0.08656716417910448,0.0,True,203,1005,528,0.5253731343283582
hyser,hyser_within_subject_dayshift,agency_vs_plain_conf_exact_budget,0.15,agency_margin_tau_0.15,plain_conf_threshold_matched_tau_0.15,plain_conf_threshold_exact_budget_tau_0.15,hyser_within_subject_dayshift|session2,subject07,session2,session2,0.29024264707931674,0.12745098039215685,0.12745098039215685,0.0,True,203,1020,553,0.542156862745098
hyser,hyser_within_subject_dayshift,agency_vs_plain_conf_exact_budget,0.15,agency_margin_tau_0.15,plain_conf_threshold_matched_tau_0.15,plain_conf_threshold_exact_budget_tau_0.15,hyser_within_subject_dayshift|session2,subject08,session2,session2,0.2501945198112522,0.13004926108374384,0.13004926108374384,0.0,True,203,1015,587,0.5783251231527093
hyser,hyser_within_subject_dayshift,agency_vs_plain_conf_exact_budget,0.15,agency_margin_tau_0.15,plain_conf_threshold_matched_tau_0.15,plain_conf_threshold_exact_budget_tau_0.15,hyser_within_subject_dayshift|session2,subject09,session2,session2,0.307880787761617,0.15784313725490196,0.1568627450980392,0.0009803921568627416,False,203,1020,533,0.5225490196078432
hyser,hyser_within_subject_dayshift,agency_vs_plain_conf_exact_budget,0.15,agency_margin_tau_0.15,plain_conf_threshold_matched_tau_0.15,plain_conf_threshold_exact_budget_tau_0.15,hyser_within_subject_dayshift|session2,subject10,session2,session2,0.2638261956906978,0.141,0.142,0.0010000000000000009,False,203,1000,558,0.558
hyser,hyser_within_subject_dayshift,agency_vs_plain_conf_exact_budget,0.15,agency_margin_tau_0.15,plain_conf_threshold_matched_tau_0.15,plain_conf_threshold_exact_budget_tau_0.15,hyser_within_subject_dayshift|session2,subject11,session2,session2,0.24649563300548097,0.1438423645320197,0.14482758620689656,0.0009852216748768572,False,203,1015,731,0.7201970443349753
hyser,hyser_within_subject_dayshift,agency_vs_plain_conf_exact_budget,0.15,agency_margin_tau_0.15,plain_conf_threshold_matched_tau_0.15,plain_conf_threshold_exact_budget_tau_0.15,hyser_within_subject_dayshift|session2,subject12,session2,session2,0.24459825247692105,0.1891625615763547,0.18719211822660098,0.0019704433497537144,False,203,1015,796,0.7842364532019704
hyser,hyser_within_subject_dayshift,agency_vs_plain_conf_exact_budget,0.15,agency_margin_tau_0.15,plain_conf_threshold_matched_tau_0.15,plain_conf_threshold_exact_budget_tau_0.15,hyser_within_subject_dayshift|session2,subject13,session2,session2,0.32162137709290206,0.11078431372549019,0.10980392156862745,0.0009803921568627416,False,203,1020,555,0.5441176470588235
hyser,hyser_within_subject_dayshift,agency_vs_plain_conf_exact_budget,0.15,agency_margin_tau_0.15,plain_conf_threshold_matched_tau_0.15,plain_conf_threshold_exact_budget_tau_0.15,hyser_within_subject_dayshift|session2,subject14,session2,session2,0.2501945198112522,0.1562189054726368,0.15522388059701492,0.0009950248756218916,False,203,1005,697,0.6935323383084577
hyser,hyser_within_subject_dayshift,agency_vs_plain_conf_exact_budget,0.15,agency_margin_tau_0.15,plain_conf_threshold_matched_tau_0.15,plain_conf_threshold_exact_budget_tau_0.15,hyser_within_subject_dayshift|session2,subject15,session2,session2,0.2858608628331954,0.12437810945273632,0.12238805970149254,0.001990049751243783,False,203,1005,553,0.5502487562189055
hyser,hyser_within_subject_dayshift,agency_vs_plain_conf_exact_budget,0.15,agency_margin_tau_0.15,plain_conf_threshold_matched_tau_0.15,plain_conf_threshold_exact_budget_tau_0.15,hyser_within_subject_dayshift|session2,subject16,session2,session2,0.2790846598412965,0.10784313725490197,0.10784313725490197,0.0,True,203,1020,580,0.5686274509803921
hyser,hyser_within_subject_dayshift,agency_vs_plain_conf_exact_budget,0.15,agency_margin_tau_0.15,plain_conf_threshold_matched_tau_0.15,plain_conf_threshold_exact_budget_tau_0.15,hyser_within_subject_dayshift|session2,subject17,session2,session2,0.22848998077743038,0.14356435643564355,0.14356435643564355,0.0,True,203,1010,715,0.7079207920792079
hyser,hyser_within_subject_dayshift,agency_vs_plain_conf_exact_budget,0.15,agency_margin_tau_0.15,plain_conf_threshold_matched_tau_0.15,plain_conf_threshold_exact_budget_tau_0.15,hyser_within_subject_dayshift|session2,subject18,session2,session2,0.31591040980682494,0.033497536945812804,0.034482758620689655,0.0009852216748768503,False,203,1015,601,0.5921182266009852
hyser,hyser_within_subject_dayshift,agency_vs_plain_conf_exact_budget,0.15,agency_margin_tau_0.15,plain_conf_threshold_matched_tau_0.15,plain_conf_threshold_exact_budget_tau_0.15,hyser_within_subject_dayshift|session2,subject19,session2,session2,0.29995811722988064,0.116751269035533,0.11573604060913706,0.0010152284263959394,False,203,985,631,0.6406091370558376
hyser,hyser_within_subject_dayshift,agency_vs_plain_conf_exact_budget,0.15,agency_margin_tau_0.15,plain_conf_threshold_matched_tau_0.15,plain_conf_threshold_exact_budget_tau_0.15,hyser_within_subject_dayshift|session2,subject20,session2,session2,0.2858608628331954,0.10882352941176471,0.11078431372549019,0.0019607843137254832,False,203,1020,680,0.6666666666666666
hyser,hyser_within_subject_dayshift,agency_vs_plain_conf_exact_budget,0.20,agency_margin_tau_0.20,plain_conf_threshold_matched_tau_0.20,plain_conf_threshold_exact_budget_tau_0.20,hyser_within_subject_dayshift|session2,subject01,session2,session2,0.2927112056934692,0.13807106598984772,0.13807106598984772,0.0,True,203,985,508,0.515736040609137
hyser,hyser_within_subject_dayshift,agency_vs_plain_conf_exact_budget,0.20,agency_margin_tau_0.20,plain_conf_threshold_matched_tau_0.20,plain_conf_threshold_exact_budget_tau_0.20,hyser_within_subject_dayshift|session2,subject02,session2,session2,0.2231637756282922,0.1712871287128713,0.17227722772277226,0.0009900990099009632,False,203,1010,642,0.6356435643564357
hyser,hyser_within_subject_dayshift,agency_vs_plain_conf_exact_budget,0.20,agency_margin_tau_0.20,plain_conf_threshold_matched_tau_0.20,plain_conf_threshold_exact_budget_tau_0.20,hyser_within_subject_dayshift|session2,subject03,session2,session2,0.31591040980682494,0.14720812182741116,0.14720812182741116,0.0,True,203,985,674,0.6842639593908629
hyser,hyser_within_subject_dayshift,agency_vs_plain_conf_exact_budget,0.20,agency_margin_tau_0.20,plain_conf_threshold_matched_tau_0.20,plain_conf_threshold_exact_budget_tau_0.20,hyser_within_subject_dayshift|session2,subject04,session2,session2,0.29024264707931674,0.19019607843137254,0.18823529411764706,0.0019607843137254832,False,203,1020,578,0.5666666666666667
hyser,hyser_within_subject_dayshift,agency_vs_plain_conf_exact_budget,0.20,agency_margin_tau_0.20,plain_conf_threshold_matched_tau_0.20,plain_conf_threshold_exact_budget_tau_0.20,hyser_within_subject_dayshift|session2,subject05,session2,session2,0.224877467415346,0.2372549019607843,0.2372549019607843,0.0,True,203,1020,741,0.7264705882352941
hyser,hyser_within_subject_dayshift,agency_vs_plain_conf_exact_budget,0.20,agency_margin_tau_0.20,plain_conf_threshold_matched_tau_0.20,plain_conf_threshold_exact_budget_tau_0.20,hyser_within_subject_dayshift|session2,subject06,session2,session2,0.3051708115665435,0.10149253731343283,0.10248756218905472,0.0009950248756218916,False,203,1005,528,0.5253731343283582
hyser,hyser_within_subject_dayshift,agency_vs_plain_conf_exact_budget,0.20,agency_margin_tau_0.20,plain_conf_threshold_matched_tau_0.20,plain_conf_threshold_exact_budget_tau_0.20,hyser_within_subject_dayshift|session2,subject07,session2,session2,0.27245213999788476,0.14607843137254903,0.14607843137254903,0.0,True,203,1020,553,0.542156862745098
hyser,hyser_within_subject_dayshift,agency_vs_plain_conf_exact_budget,0.20,agency_margin_tau_0.20,plain_conf_threshold_matched_tau_0.20,plain_conf_threshold_exact_budget_tau_0.20,hyser_within_subject_dayshift|session2,subject08,session2,session2,0.24286448593692525,0.14187192118226602,0.14285714285714285,0.0009852216748768294,False,203,1015,587,0.5783251231527093
hyser,hyser_within_subject_dayshift,agency_vs_plain_conf_exact_budget,0.20,agency_margin_tau_0.20,plain_conf_threshold_matched_tau_0.20,plain_conf_threshold_exact_budget_tau_0.20,hyser_within_subject_dayshift|session2,subject09,session2,session2,0.274753538503586,0.18529411764705883,0.18529411764705883,0.0,True,203,1020,533,0.5225490196078432
hyser,hyser_within_subject_dayshift,agency_vs_plain_conf_exact_budget,0.20,agency_margin_tau_0.20,plain_conf_threshold_matched_tau_0.20,plain_conf_threshold_exact_budget_tau_0.20,hyser_within_subject_dayshift|session2,subject10,session2,session2,0.25400080111913054,0.155,0.153,0.0020000000000000018,False,203,1000,558,0.558
hyser,hyser_within_subject_dayshift,agency_vs_plain_conf_exact_budget,0.20,agency_margin_tau_0.20,plain_conf_threshold_matched_tau_0.20,plain_conf_threshold_exact_budget_tau_0.20,hyser_within_subject_dayshift|session2,subject11,session2,session2,0.23753125802182706,0.16551724137931034,0.16354679802955666,0.0019704433497536866,False,203,1015,731,0.7201970443349753
hyser,hyser_within_subject_dayshift,agency_vs_plain_conf_exact_budget,0.20,agency_margin_tau_0.20,plain_conf_threshold_matched_tau_0.20,plain_conf_threshold_exact_budget_tau_0.20,hyser_within_subject_dayshift|session2,subject12,session2,session2,0.22848998077743038,0.22561576354679802,0.22660098522167488,0.0009852216748768572,False,203,1015,796,0.7842364532019704
hyser,hyser_within_subject_dayshift,agency_vs_plain_conf_exact_budget,0.20,agency_margin_tau_0.20,plain_conf_threshold_matched_tau_0.20,plain_conf_threshold_exact_budget_tau_0.20,hyser_within_subject_dayshift|session2,subject13,session2,session2,0.30250270407744184,0.13137254901960785,0.1303921568627451,0.0009803921568627416,False,203,1020,555,0.5441176470588235
hyser,hyser_within_subject_dayshift,agency_vs_plain_conf_exact_budget,0.20,agency_margin_tau_0.20,plain_conf_threshold_matched_tau_0.20,plain_conf_threshold_exact_budget_tau_0.20,hyser_within_subject_dayshift|session2,subject14,session2,session2,0.23396170313426437,0.18109452736318407,0.18308457711442785,0.001990049751243783,False,203,1005,697,0.6935323383084577
hyser,hyser_within_subject_dayshift,agency_vs_plain_conf_exact_budget,0.20,agency_margin_tau_0.20,plain_conf_threshold_matched_tau_0.20,plain_conf_threshold_exact_budget_tau_0.20,hyser_within_subject_dayshift|session2,subject15,session2,session2,0.2659865047791443,0.15024875621890546,0.14925373134328357,0.0009950248756218916,False,203,1005,553,0.5502487562189055
hyser,hyser_within_subject_dayshift,agency_vs_plain_conf_exact_budget,0.20,agency_margin_tau_0.20,plain_conf_threshold_matched_tau_0.20,plain_conf_threshold_exact_budget_tau_0.20,hyser_within_subject_dayshift|session2,subject16,session2,session2,0.26174115268366777,0.12254901960784313,0.12254901960784313,0.0,True,203,1020,580,0.5686274509803921
hyser,hyser_within_subject_dayshift,agency_vs_plain_conf_exact_budget,0.20,agency_margin_tau_0.20,plain_conf_threshold_matched_tau_0.20,plain_conf_threshold_exact_budget_tau_0.20,hyser_within_subject_dayshift|session2,subject17,session2,session2,0.2130706529557263,0.16534653465346535,0.16732673267326734,0.001980198019801982,False,203,1010,715,0.7079207920792079
hyser,hyser_within_subject_dayshift,agency_vs_plain_conf_exact_budget,0.20,agency_margin_tau_0.20,plain_conf_threshold_matched_tau_0.20,plain_conf_threshold_exact_budget_tau_0.20,hyser_within_subject_dayshift|session2,subject18,session2,session2,0.29495143446267447,0.04334975369458128,0.04334975369458128,0.0,True,203,1015,601,0.5921182266009852
hyser,hyser_within_subject_dayshift,agency_vs_plain_conf_exact_budget,0.20,agency_margin_tau_0.20,plain_conf_threshold_matched_tau_0.20,plain_conf_threshold_exact_budget_tau_0.20,hyser_within_subject_dayshift|session2,subject19,session2,session2,0.27245213999788476,0.13604060913705585,0.13705583756345177,0.0010152284263959255,False,203,985,631,0.6406091370558376
hyser,hyser_within_subject_dayshift,agency_vs_plain_conf_exact_budget,0.20,agency_margin_tau_0.20,plain_conf_threshold_matched_tau_0.20,plain_conf_threshold_exact_budget_tau_0.20,hyser_within_subject_dayshift|session2,subject20,session2,session2,0.27681742540758913,0.1264705882352941,0.12745098039215685,0.0009803921568627416,False,203,1020,680,0.6666666666666666

