dataset_id,split_family,policy,metric,unit_cols,n_units,observed,ci_low,ci_high
cemhsey,cemhsey_forward_day_logo,agency_margin_tau_0.02,active_macro_f1,split_id|subject_id|session|day,130,0.5889744349522453,0.5573023425407292,0.6209104057359955
cemhsey,cemhsey_forward_day_logo,agency_margin_tau_0.02,active_macro_f1,split_id|subject_id|session|day,130,0.4152212948698266,0.3848874514113408,0.4477992222912477
cemhsey,cemhsey_forward_day_logo,agency_margin_tau_0.05,active_macro_f1,split_id|subject_id|session|day,130,0.6043706588419525,0.571367912951118,0.6369122189275
cemhsey,cemhsey_forward_day_logo,agency_margin_tau_0.05,active_macro_f1,split_id|subject_id|session|day,130,0.45272231658594164,0.4180783743930303,0.48917698644351165
cemhsey,cemhsey_forward_day_logo,agency_margin_tau_0.10,active_macro_f1,split_id|subject_id|session|day,130,0.6274027446969229,0.5925567675679875,0.6618313962979867
cemhsey,cemhsey_forward_day_logo,agency_margin_tau_0.10,active_macro_f1,split_id|subject_id|session|day,130,0.49884253132790835,0.46078883416160765,0.5379674627824251
cemhsey,cemhsey_forward_day_logo,agency_margin_tau_0.15,active_macro_f1,split_id|subject_id|session|day,130,0.6409500961832444,0.6047344918780664,0.6766500968345872
cemhsey,cemhsey_forward_day_logo,agency_margin_tau_0.15,active_macro_f1,split_id|subject_id|session|day,130,0.5294827598808232,0.4898195306898761,0.5701961085305117
cemhsey,cemhsey_forward_day_logo,agency_margin_tau_0.20,active_macro_f1,split_id|subject_id|session|day,130,0.6502536676788,0.6129771764497075,0.6872683412759165
cemhsey,cemhsey_forward_day_logo,agency_margin_tau_0.20,active_macro_f1,split_id|subject_id|session|day,130,0.5469754932105118,0.5069576705617289,0.5890520578054311
cemhsey,cemhsey_forward_day_logo,assist_only,active_macro_f1,split_id|subject_id|session|day,130,0.6435968890058389,0.607139713562186,0.6814622267543481
cemhsey,cemhsey_forward_day_logo,assist_only,active_macro_f1,split_id|subject_id|session|day,130,0.6435968890058389,0.607139713562186,0.6814622267543481
cemhsey,cemhsey_forward_day_logo,confidence_blend_alpha_0.25,active_macro_f1,split_id|subject_id|session|day,130,0.6334986982831472,0.5973550619529425,0.6690056893895309
cemhsey,cemhsey_forward_day_logo,confidence_blend_alpha_0.25,active_macro_f1,split_id|subject_id|session|day,130,0.5111724106268508,0.4727479544990839,0.5519161512496429
cemhsey,cemhsey_forward_day_logo,confidence_blend_alpha_0.50,active_macro_f1,split_id|subject_id|session|day,130,0.6697083812765207,0.6314669378045207,0.7076268160257303
cemhsey,cemhsey_forward_day_logo,confidence_blend_alpha_0.50,active_macro_f1,split_id|subject_id|session|day,130,0.5867808309412783,0.5473696949359002,0.6299147487533624
cemhsey,cemhsey_forward_day_logo,confidence_blend_alpha_0.75,active_macro_f1,split_id|subject_id|session|day,130,0.6700943163588275,0.6316728538107403,0.7085933071476495
cemhsey,cemhsey_forward_day_logo,confidence_blend_alpha_0.75,active_macro_f1,split_id|subject_id|session|day,130,0.6445025430510525,0.6068605406505926,0.6831656466147197
cemhsey,cemhsey_forward_day_logo,selective_prediction,active_macro_f1,split_id|subject_id|session|day,130,0.5846630609909339,0.552400463245504,0.617042153768685
cemhsey,cemhsey_forward_day_logo,selective_prediction,active_macro_f1,split_id|subject_id|session|day,130,0.4070374146889143,0.37570815213711806,0.4416347251826712
cemhsey,cemhsey_forward_day_logo,set_acsa_tau_0.02,active_macro_f1,split_id|subject_id|session|day,130,0.588069910342616,0.556733176798679,0.6201914641956277
cemhsey,cemhsey_forward_day_logo,set_acsa_tau_0.02,active_macro_f1,split_id|subject_id|session|day,130,0.4132176721535058,0.38283796706782,0.44573356897017136
cemhsey,cemhsey_forward_day_logo,set_acsa_tau_0.05,active_macro_f1,split_id|subject_id|session|day,130,0.6026910935074842,0.5697294378044011,0.6351325467000399
cemhsey,cemhsey_forward_day_logo,set_acsa_tau_0.05,active_macro_f1,split_id|subject_id|session|day,130,0.4501003934486219,0.41559549590072786,0.4869945626506533
cemhsey,cemhsey_forward_day_logo,set_acsa_tau_0.10,active_macro_f1,split_id|subject_id|session|day,130,0.6255164364938666,0.5913611310600654,0.6596543307157999
cemhsey,cemhsey_forward_day_logo,set_acsa_tau_0.10,active_macro_f1,split_id|subject_id|session|day,130,0.4963586682596516,0.458674940491263,0.5362888180178814
cemhsey,cemhsey_forward_day_logo,set_acsa_tau_0.15,active_macro_f1,split_id|subject_id|session|day,130,0.6397111882682688,0.603274700568769,0.6751350536717058
cemhsey,cemhsey_forward_day_logo,set_acsa_tau_0.15,active_macro_f1,split_id|subject_id|session|day,130,0.5278650032466337,0.4883840361359725,0.5688044992546515
cemhsey,cemhsey_forward_day_logo,set_acsa_tau_0.20,active_macro_f1,split_id|subject_id|session|day,130,0.6498067404702954,0.6125356382808429,0.6868726363588643
cemhsey,cemhsey_forward_day_logo,set_acsa_tau_0.20,active_macro_f1,split_id|subject_id|session|day,130,0.5463585187151545,0.5063605776394978,0.5882065055852982
cemhsey,cemhsey_forward_day_logo,user_only,active_macro_f1,split_id|subject_id|session|day,130,0.5775596884029974,0.5459206849483419,0.6086371024603179
cemhsey,cemhsey_forward_day_logo,user_only,active_macro_f1,split_id|subject_id|session|day,130,0.38758209917588515,0.35814819305160994,0.4188714198023063
cemhsey,cemhsey_forward_day_logo,agency_margin_tau_0.02,active_risk_coverage_auc,split_id|subject_id|session|day,130,0.24155674935892757,0.204064026395165,0.2815290590160248
cemhsey,cemhsey_forward_day_logo,agency_margin_tau_0.02,active_risk_coverage_auc,split_id|subject_id|session|day,130,0.4134692909689333,0.3690505436452651,0.45609460603677177
cemhsey,cemhsey_forward_day_logo,agency_margin_tau_0.05,active_risk_coverage_auc,split_id|subject_id|session|day,130,0.23787006488590323,0.2006548119751269,0.2784071187127802
cemhsey,cemhsey_forward_day_logo,agency_margin_tau_0.05,active_risk_coverage_auc,split_id|subject_id|session|day,130,0.396573515117575,0.35121711650487064,0.441362979303779
cemhsey,cemhsey_forward_day_logo,agency_margin_tau_0.10,active_risk_coverage_auc,split_id|subject_id|session|day,130,0.23355998592836694,0.19625713851145932,0.2741523427644882
cemhsey,cemhsey_forward_day_logo,agency_margin_tau_0.10,active_risk_coverage_auc,split_id|subject_id|session|day,130,0.3829027786102599,0.3367366627131265,0.42729988793004897
cemhsey,cemhsey_forward_day_logo,agency_margin_tau_0.15,active_risk_coverage_auc,split_id|subject_id|session|day,130,0.23156801667348847,0.19326957578877202,0.2718622846261108
cemhsey,cemhsey_forward_day_logo,agency_margin_tau_0.15,active_risk_coverage_auc,split_id|subject_id|session|day,130,0.3734682540922121,0.32586673342437833,0.4178646677029687
cemhsey,cemhsey_forward_day_logo,agency_margin_tau_0.20,active_risk_coverage_auc,split_id|subject_id|session|day,130,0.23048700953392764,0.1921633930585342,0.2710118167455366
cemhsey,cemhsey_forward_day_logo,agency_margin_tau_0.20,active_risk_coverage_auc,split_id|subject_id|session|day,130,0.36862171623951917,0.321174360409922,0.41189172479207464
cemhsey,cemhsey_forward_day_logo,assist_only,active_risk_coverage_auc,split_id|subject_id|session|day,130,0.24279321468916024,0.2039852818424365,0.28295969452360364
cemhsey,cemhsey_forward_day_logo,assist_only,active_risk_coverage_auc,split_id|subject_id|session|day,130,0.24279321468916024,0.2039852818424365,0.28295969452360364
cemhsey,cemhsey_forward_day_logo,confidence_blend_alpha_0.25,active_risk_coverage_auc,split_id|subject_id|session|day,130,0.2339053313723097,0.19753950252029892,0.2724194444900705
cemhsey,cemhsey_forward_day_logo,confidence_blend_alpha_0.25,active_risk_coverage_auc,split_id|subject_id|session|day,130,0.38543885714125675,0.34380756765635045,0.42424388489372333
cemhsey,cemhsey_forward_day_logo,confidence_blend_alpha_0.50,active_risk_coverage_auc,split_id|subject_id|session|day,130,0.2208972725586443,0.1836872318353733,0.2607863919298383
cemhsey,cemhsey_forward_day_logo,confidence_blend_alpha_0.50,active_risk_coverage_auc,split_id|subject_id|session|day,130,0.3034005488909221,0.2606383009394586,0.3432842301484828
cemhsey,cemhsey_forward_day_logo,confidence_blend_alpha_0.75,active_risk_coverage_auc,split_id|subject_id|session|day,130,0.22296910968753506,0.1840798326090322,0.2630763424533902
cemhsey,cemhsey_forward_day_logo,confidence_blend_alpha_0.75,active_risk_coverage_auc,split_id|subject_id|session|day,130,0.24499292926201963,0.20550583444031212,0.28510569796712304
cemhsey,cemhsey_forward_day_logo,selective_prediction,active_risk_coverage_auc,split_id|subject_id|session|day,130,0.2540063642014023,0.21645688759039614,0.29281260360391786
cemhsey,cemhsey_forward_day_logo,selective_prediction,active_risk_coverage_auc,split_id|subject_id|session|day,130,0.4562116103766331,0.4128079953712253,0.4954221792511409
cemhsey,cemhsey_forward_day_logo,set_acsa_tau_0.02,active_risk_coverage_auc,split_id|subject_id|session|day,130,0.24180505394770213,0.20422262479292713,0.2817918908399966
cemhsey,cemhsey_forward_day_logo,set_acsa_tau_0.02,active_risk_coverage_auc,split_id|subject_id|session|day,130,0.41437166421074473,0.3701818178037046,0.4576766275559647
cemhsey,cemhsey_forward_day_logo,set_acsa_tau_0.05,active_risk_coverage_auc,split_id|subject_id|session|day,130,0.23813587214041862,0.2009803858742117,0.2786047986688804
cemhsey,cemhsey_forward_day_logo,set_acsa_tau_0.05,active_risk_coverage_auc,split_id|subject_id|session|day,130,0.3970057098456769,0.35167742249580086,0.4415309555787882
cemhsey,cemhsey_forward_day_logo,set_acsa_tau_0.10,active_risk_coverage_auc,split_id|subject_id|session|day,130,0.2337551944808449,0.19652546293961143,0.27426484635990067
cemhsey,cemhsey_forward_day_logo,set_acsa_tau_0.10,active_risk_coverage_auc,split_id|subject_id|session|day,130,0.3830404143900618,0.3364288403998879,0.42785431278133573
cemhsey,cemhsey_forward_day_logo,set_acsa_tau_0.15,active_risk_coverage_auc,split_id|subject_id|session|day,130,0.2316689440015941,0.19343300169790317,0.27195745959122725
cemhsey,cemhsey_forward_day_logo,set_acsa_tau_0.15,active_risk_coverage_auc,split_id|subject_id|session|day,130,0.37348344088559576,0.3258702253524827,0.41842697224899034
cemhsey,cemhsey_forward_day_logo,set_acsa_tau_0.20,active_risk_coverage_auc,split_id|subject_id|session|day,130,0.2305181733690099,0.19218944376587427,0.2710491857670244
cemhsey,cemhsey_forward_day_logo,set_acsa_tau_0.20,active_risk_coverage_auc,split_id|subject_id|session|day,130,0.36855402663393244,0.3210586495375251,0.41156303366810737
cemhsey,cemhsey_forward_day_logo,user_only,active_risk_coverage_auc,split_id|subject_id|session|day,130,0.25802794309783267,0.2216269146349968,0.2949576454981971
cemhsey,cemhsey_forward_day_logo,user_only,active_risk_coverage_auc,split_id|subject_id|session|day,130,0.49118265669151856,0.45145496603302343,0.528605863214623
cemhsey,cemhsey_forward_day_logo,agency_margin_tau_0.02,balanced_accuracy,split_id|subject_id|session|day,130,0.6022893772893773,0.5721611721611721,0.6320982142857141
cemhsey,cemhsey_forward_day_logo,agency_margin_tau_0.02,balanced_accuracy,split_id|subject_id|session|day,130,0.44647435897435894,0.4179933608058608,0.4774381868131868
cemhsey,cemhsey_forward_day_logo,agency_margin_tau_0.05,balanced_accuracy,split_id|subject_id|session|day,130,0.617857142857143,0.5863518772893773,0.6484478021978021
cemhsey,cemhsey_forward_day_logo,agency_margin_tau_0.05,balanced_accuracy,split_id|subject_id|session|day,130,0.48168498168498164,0.4494047619047619,0.5159432234432234
cemhsey,cemhsey_forward_day_logo,agency_margin_tau_0.10,balanced_accuracy,split_id|subject_id|session|day,130,0.6416208791208791,0.6095135073260074,0.6732337454212454
cemhsey,cemhsey_forward_day_logo,agency_margin_tau_0.10,balanced_accuracy,split_id|subject_id|session|day,130,0.5239010989010989,0.48841346153846155,0.5611355311355313
cemhsey,cemhsey_forward_day_logo,agency_margin_tau_0.15,balanced_accuracy,split_id|subject_id|session|day,130,0.6558150183150183,0.6213759157509158,0.6891563644688643
cemhsey,cemhsey_forward_day_logo,agency_margin_tau_0.15,balanced_accuracy,split_id|subject_id|session|day,130,0.5509615384615385,0.5146680402930403,0.5891597985347984
cemhsey,cemhsey_forward_day_logo,agency_margin_tau_0.20,balanced_accuracy,split_id|subject_id|session|day,130,0.6653846153846154,0.6304933608058609,0.7001510989010988
cemhsey,cemhsey_forward_day_logo,agency_margin_tau_0.20,balanced_accuracy,split_id|subject_id|session|day,130,0.5671245421245422,0.5309970238095238,0.6066277472527473
cemhsey,cemhsey_forward_day_logo,assist_only,balanced_accuracy,split_id|subject_id|session|day,130,0.6599816849816849,0.6249416208791209,0.6957543498168497
cemhsey,cemhsey_forward_day_logo,assist_only,balanced_accuracy,split_id|subject_id|session|day,130,0.6599816849816849,0.6249416208791209,0.6957543498168497
cemhsey,cemhsey_forward_day_logo,confidence_blend_alpha_0.25,balanced_accuracy,split_id|subject_id|session|day,130,0.6476648351648352,0.6139171245421244,0.6810496794871795
cemhsey,cemhsey_forward_day_logo,confidence_blend_alpha_0.25,balanced_accuracy,split_id|subject_id|session|day,130,0.5383699633699632,0.5029246794871794,0.5777483974358975
cemhsey,cemhsey_forward_day_logo,confidence_blend_alpha_0.50,balanced_accuracy,split_id|subject_id|session|day,130,0.6846611721611722,0.6489377289377289,0.7203800366300366
cemhsey,cemhsey_forward_day_logo,confidence_blend_alpha_0.50,balanced_accuracy,split_id|subject_id|session|day,130,0.6080128205128206,0.5727369505494506,0.6484935897435896
cemhsey,cemhsey_forward_day_logo,confidence_blend_alpha_0.75,balanced_accuracy,split_id|subject_id|session|day,130,0.6855311355311355,0.6499004120879122,0.7216174450549451
cemhsey,cemhsey_forward_day_logo,confidence_blend_alpha_0.75,balanced_accuracy,split_id|subject_id|session|day,130,0.6601648351648352,0.6245856227106227,0.6964766483516484
cemhsey,cemhsey_forward_day_logo,selective_prediction,balanced_accuracy,split_id|subject_id|session|day,130,0.5976495726495727,0.5669257478632479,0.6283772130647131
cemhsey,cemhsey_forward_day_logo,selective_prediction,balanced_accuracy,split_id|subject_id|session|day,130,0.43864468864468864,0.4100259462759463,0.47088255494505493
cemhsey,cemhsey_forward_day_logo,set_acsa_tau_0.02,balanced_accuracy,split_id|subject_id|session|day,130,0.6014652014652013,0.5714720695970696,0.631095467032967
cemhsey,cemhsey_forward_day_logo,set_acsa_tau_0.02,balanced_accuracy,split_id|subject_id|session|day,130,0.4447344322344322,0.4161607142857142,0.47574404761904754
cemhsey,cemhsey_forward_day_logo,set_acsa_tau_0.05,balanced_accuracy,split_id|subject_id|session|day,130,0.6164835164835164,0.5851167582417582,0.6469345238095239
cemhsey,cemhsey_forward_day_logo,set_acsa_tau_0.05,balanced_accuracy,split_id|subject_id|session|day,130,0.47939560439560436,0.44756639194139197,0.5137637362637362
cemhsey,cemhsey_forward_day_logo,set_acsa_tau_0.10,balanced_accuracy,split_id|subject_id|session|day,130,0.6400183150183151,0.6073717948717948,0.671481227106227
cemhsey,cemhsey_forward_day_logo,set_acsa_tau_0.10,balanced_accuracy,split_id|subject_id|session|day,130,0.5217032967032968,0.48625572344322343,0.5593898809523808
cemhsey,cemhsey_forward_day_logo,set_acsa_tau_0.15,balanced_accuracy,split_id|subject_id|session|day,130,0.6547161172161172,0.6202369505494506,0.6877827380952379
cemhsey,cemhsey_forward_day_logo,set_acsa_tau_0.15,balanced_accuracy,split_id|subject_id|session|day,130,0.5494505494505495,0.5129658882783882,0.5877323717948717
cemhsey,cemhsey_forward_day_logo,set_acsa_tau_0.20,balanced_accuracy,split_id|subject_id|session|day,130,0.66492673992674,0.6299416208791209,0.6997367216117216
cemhsey,cemhsey_forward_day_logo,set_acsa_tau_0.20,balanced_accuracy,split_id|subject_id|session|day,130,0.5664377289377289,0.529945054945055,0.6062488553113552
cemhsey,cemhsey_forward_day_logo,user_only,balanced_accuracy,split_id|subject_id|session|day,130,0.59010989010989,0.5600709706959707,0.6196451465201467
cemhsey,cemhsey_forward_day_logo,user_only,balanced_accuracy,split_id|subject_id|session|day,130,0.42023809523809524,0.3933997252747253,0.44968063186813184
cemhsey,cemhsey_forward_day_logo,agency_margin_tau_0.02,ece,split_id|subject_id|session|day,130,0.19275283107669555,0.18517731499131593,0.20043764627158964
cemhsey,cemhsey_forward_day_logo,agency_margin_tau_0.02,ece,split_id|subject_id|session|day,130,0.20794148603381446,0.1924794605201703,0.2246575136445343
cemhsey,cemhsey_forward_day_logo,agency_margin_tau_0.05,ece,split_id|subject_id|session|day,130,0.18395205075494958,0.17637036309390547,0.1913815781024024
cemhsey,cemhsey_forward_day_logo,agency_margin_tau_0.05,ece,split_id|subject_id|session|day,130,0.18960524166478976,0.17424198297911678,0.20605763062516969
cemhsey,cemhsey_forward_day_logo,agency_margin_tau_0.10,ece,split_id|subject_id|session|day,130,0.17827561036249953,0.17019477049113488,0.18615852220541781
cemhsey,cemhsey_forward_day_logo,agency_margin_tau_0.10,ece,split_id|subject_id|session|day,130,0.17877417627945272,0.16427398127031403,0.19490260036934923
cemhsey,cemhsey_forward_day_logo,agency_margin_tau_0.15,ece,split_id|subject_id|session|day,130,0.1804918820673868,0.17043776446592657,0.19029760779211977
cemhsey,cemhsey_forward_day_logo,agency_margin_tau_0.15,ece,split_id|subject_id|session|day,130,0.18524984937535177,0.16982462083065522,0.20178852188590418
cemhsey,cemhsey_forward_day_logo,agency_margin_tau_0.20,ece,split_id|subject_id|session|day,130,0.18916560094689033,0.17776114272135937,0.20055486307111817
cemhsey,cemhsey_forward_day_logo,agency_margin_tau_0.20,ece,split_id|subject_id|session|day,130,0.19705492673915542,0.18164272449595187,0.21488426117580062
cemhsey,cemhsey_forward_day_logo,assist_only,ece,split_id|subject_id|session|day,130,0.26566742508666197,0.24763028018131716,0.2847072505062297
cemhsey,cemhsey_forward_day_logo,assist_only,ece,split_id|subject_id|session|day,130,0.26566742508666197,0.24763028018131716,0.2847072505062297
cemhsey,cemhsey_forward_day_logo,confidence_blend_alpha_0.25,ece,split_id|subject_id|session|day,130,0.25145296906604575,0.23441563878283628,0.2688848823338076
cemhsey,cemhsey_forward_day_logo,confidence_blend_alpha_0.25,ece,split_id|subject_id|session|day,130,0.2699343261355335,0.24572599678646584,0.2956849515072833
cemhsey,cemhsey_forward_day_logo,confidence_blend_alpha_0.50,ece,split_id|subject_id|session|day,130,0.2878403525570021,0.26802246988301304,0.30689572022200656
cemhsey,cemhsey_forward_day_logo,confidence_blend_alpha_0.50,ece,split_id|subject_id|session|day,130,0.2875370356444549,0.26508783256393087,0.31213390480516795
cemhsey,cemhsey_forward_day_logo,confidence_blend_alpha_0.75,ece,split_id|subject_id|session|day,130,0.28972389244154,0.2695338982516138,0.3098922695110326
cemhsey,cemhsey_forward_day_logo,confidence_blend_alpha_0.75,ece,split_id|subject_id|session|day,130,0.29511808153407393,0.2734684252645629,0.3159333236292869
cemhsey,cemhsey_forward_day_logo,selective_prediction,ece,split_id|subject_id|session|day,130,0.1921844601546746,0.18049007774507658,0.20459960064522628
cemhsey,cemhsey_forward_day_logo,selective_prediction,ece,split_id|subject_id|session|day,130,0.20355123823636748,0.18615144600243322,0.2229627709049954
cemhsey,cemhsey_forward_day_logo,set_acsa_tau_0.02,ece,split_id|subject_id|session|day,130,0.19806349165553175,0.18561988027618176,0.21037497954657494
cemhsey,cemhsey_forward_day_logo,set_acsa_tau_0.02,ece,split_id|subject_id|session|day,130,0.20052192826039805,0.1847452186184017,0.2178460911081737
cemhsey,cemhsey_forward_day_logo,set_acsa_tau_0.05,ece,split_id|subject_id|session|day,130,0.20165782487337675,0.18857401314663996,0.2143322263763433
cemhsey,cemhsey_forward_day_logo,set_acsa_tau_0.05,ece,split_id|subject_id|session|day,130,0.2059312874005909,0.1889042108231277,0.22408501669874403
cemhsey,cemhsey_forward_day_logo,set_acsa_tau_0.10,ece,split_id|subject_id|session|day,130,0.207985330002389,0.1944730296984932,0.22156651996210328
cemhsey,cemhsey_forward_day_logo,set_acsa_tau_0.10,ece,split_id|subject_id|session|day,130,0.2144158747708201,0.19668904240152935,0.2332229778835434
cemhsey,cemhsey_forward_day_logo,set_acsa_tau_0.15,ece,split_id|subject_id|session|day,130,0.2135300200283108,0.1993855304433488,0.22737867433855294
cemhsey,cemhsey_forward_day_logo,set_acsa_tau_0.15,ece,split_id|subject_id|session|day,130,0.22092830320104676,0.20322838759772063,0.23953552794102975
cemhsey,cemhsey_forward_day_logo,set_acsa_tau_0.20,ece,split_id|subject_id|session|day,130,0.21718620408275882,0.20270462210791365,0.23184647875305858
cemhsey,cemhsey_forward_day_logo,set_acsa_tau_0.20,ece,split_id|subject_id|session|day,130,0.22797108808664987,0.21036516692751103,0.24678063037549092
cemhsey,cemhsey_forward_day_logo,user_only,ece,split_id|subject_id|session|day,130,0.1925617117996752,0.1805845616706264,0.20563900674902247
cemhsey,cemhsey_forward_day_logo,user_only,ece,split_id|subject_id|session|day,130,0.2082783809332793,0.18963874733331418,0.22830499022902534
cemhsey,cemhsey_forward_day_logo,agency_margin_tau_0.02,macro_f1,split_id|subject_id|session|day,130,0.5889744349522453,0.5573023425407292,0.6209104057359955
cemhsey,cemhsey_forward_day_logo,agency_margin_tau_0.02,macro_f1,split_id|subject_id|session|day,130,0.4152212948698266,0.3848874514113408,0.4477992222912477
cemhsey,cemhsey_forward_day_logo,agency_margin_tau_0.05,macro_f1,split_id|subject_id|session|day,130,0.6043706588419525,0.571367912951118,0.6369122189275
cemhsey,cemhsey_forward_day_logo,agency_margin_tau_0.05,macro_f1,split_id|subject_id|session|day,130,0.45272231658594164,0.4180783743930303,0.48917698644351165
cemhsey,cemhsey_forward_day_logo,agency_margin_tau_0.10,macro_f1,split_id|subject_id|session|day,130,0.6274027446969229,0.5925567675679875,0.6618313962979867
cemhsey,cemhsey_forward_day_logo,agency_margin_tau_0.10,macro_f1,split_id|subject_id|session|day,130,0.49884253132790835,0.46078883416160765,0.5379674627824251
cemhsey,cemhsey_forward_day_logo,agency_margin_tau_0.15,macro_f1,split_id|subject_id|session|day,130,0.6409500961832444,0.6047344918780664,0.6766500968345872
cemhsey,cemhsey_forward_day_logo,agency_margin_tau_0.15,macro_f1,split_id|subject_id|session|day,130,0.5294827598808232,0.4898195306898761,0.5701961085305117
cemhsey,cemhsey_forward_day_logo,agency_margin_tau_0.20,macro_f1,split_id|subject_id|session|day,130,0.6502536676788,0.6129771764497075,0.6872683412759165
cemhsey,cemhsey_forward_day_logo,agency_margin_tau_0.20,macro_f1,split_id|subject_id|session|day,130,0.5469754932105118,0.5069576705617289,0.5890520578054311
cemhsey,cemhsey_forward_day_logo,assist_only,macro_f1,split_id|subject_id|session|day,130,0.6435968890058389,0.607139713562186,0.6814622267543481
cemhsey,cemhsey_forward_day_logo,assist_only,macro_f1,split_id|subject_id|session|day,130,0.6435968890058389,0.607139713562186,0.6814622267543481
cemhsey,cemhsey_forward_day_logo,confidence_blend_alpha_0.25,macro_f1,split_id|subject_id|session|day,130,0.6334986982831472,0.5973550619529425,0.6690056893895309
cemhsey,cemhsey_forward_day_logo,confidence_blend_alpha_0.25,macro_f1,split_id|subject_id|session|day,130,0.5111724106268508,0.4727479544990839,0.5519161512496429
cemhsey,cemhsey_forward_day_logo,confidence_blend_alpha_0.50,macro_f1,split_id|subject_id|session|day,130,0.6697083812765207,0.6314669378045207,0.7076268160257303
cemhsey,cemhsey_forward_day_logo,confidence_blend_alpha_0.50,macro_f1,split_id|subject_id|session|day,130,0.5867808309412783,0.5473696949359002,0.6299147487533624
cemhsey,cemhsey_forward_day_logo,confidence_blend_alpha_0.75,macro_f1,split_id|subject_id|session|day,130,0.6700943163588275,0.6316728538107403,0.7085933071476495
cemhsey,cemhsey_forward_day_logo,confidence_blend_alpha_0.75,macro_f1,split_id|subject_id|session|day,130,0.6445025430510525,0.6068605406505926,0.6831656466147197
cemhsey,cemhsey_forward_day_logo,selective_prediction,macro_f1,split_id|subject_id|session|day,130,0.5846630609909339,0.552400463245504,0.617042153768685
cemhsey,cemhsey_forward_day_logo,selective_prediction,macro_f1,split_id|subject_id|session|day,130,0.4070374146889143,0.37570815213711806,0.4416347251826712
cemhsey,cemhsey_forward_day_logo,set_acsa_tau_0.02,macro_f1,split_id|subject_id|session|day,130,0.588069910342616,0.556733176798679,0.6201914641956277
cemhsey,cemhsey_forward_day_logo,set_acsa_tau_0.02,macro_f1,split_id|subject_id|session|day,130,0.4132176721535058,0.38283796706782,0.44573356897017136
cemhsey,cemhsey_forward_day_logo,set_acsa_tau_0.05,macro_f1,split_id|subject_id|session|day,130,0.6026910935074842,0.5697294378044011,0.6351325467000399
cemhsey,cemhsey_forward_day_logo,set_acsa_tau_0.05,macro_f1,split_id|subject_id|session|day,130,0.4501003934486219,0.41559549590072786,0.4869945626506533
cemhsey,cemhsey_forward_day_logo,set_acsa_tau_0.10,macro_f1,split_id|subject_id|session|day,130,0.6255164364938666,0.5913611310600654,0.6596543307157999
cemhsey,cemhsey_forward_day_logo,set_acsa_tau_0.10,macro_f1,split_id|subject_id|session|day,130,0.4963586682596516,0.458674940491263,0.5362888180178814
cemhsey,cemhsey_forward_day_logo,set_acsa_tau_0.15,macro_f1,split_id|subject_id|session|day,130,0.6397111882682688,0.603274700568769,0.6751350536717058
cemhsey,cemhsey_forward_day_logo,set_acsa_tau_0.15,macro_f1,split_id|subject_id|session|day,130,0.5278650032466337,0.4883840361359725,0.5688044992546515
cemhsey,cemhsey_forward_day_logo,set_acsa_tau_0.20,macro_f1,split_id|subject_id|session|day,130,0.6498067404702954,0.6125356382808429,0.6868726363588643
cemhsey,cemhsey_forward_day_logo,set_acsa_tau_0.20,macro_f1,split_id|subject_id|session|day,130,0.5463585187151545,0.5063605776394978,0.5882065055852982
cemhsey,cemhsey_forward_day_logo,user_only,macro_f1,split_id|subject_id|session|day,130,0.5775596884029974,0.5459206849483419,0.6086371024603179
cemhsey,cemhsey_forward_day_logo,user_only,macro_f1,split_id|subject_id|session|day,130,0.38758209917588515,0.35814819305160994,0.4188714198023063
cemhsey,cemhsey_forward_day_logo,agency_margin_tau_0.02,mean_ali,split_id|subject_id|session|day,130,0.00030307302003367573,0.00027054558777608455,0.00033221895281978906
cemhsey,cemhsey_forward_day_logo,agency_margin_tau_0.02,mean_ali,split_id|subject_id|session|day,130,0.0005256887126107998,0.00046893550481452283,0.0005834269798628561
cemhsey,cemhsey_forward_day_logo,agency_margin_tau_0.05,mean_ali,split_id|subject_id|session|day,130,0.001767660998855409,0.001636335014148329,0.0018982560873286912
cemhsey,cemhsey_forward_day_logo,agency_margin_tau_0.05,mean_ali,split_id|subject_id|session|day,130,0.003253680883307484,0.0029581754823555886,0.0035627370294409842
cemhsey,cemhsey_forward_day_logo,agency_margin_tau_0.10,mean_ali,split_id|subject_id|session|day,130,0.006055863885176522,0.005639208146076344,0.0064254204578514185
cemhsey,cemhsey_forward_day_logo,agency_margin_tau_0.10,mean_ali,split_id|subject_id|session|day,130,0.010733328844086922,0.00976733553877004,0.011666880457789928
cemhsey,cemhsey_forward_day_logo,agency_margin_tau_0.15,mean_ali,split_id|subject_id|session|day,130,0.010594615155582219,0.009924234240799995,0.011213508157913029
cemhsey,cemhsey_forward_day_logo,agency_margin_tau_0.15,mean_ali,split_id|subject_id|session|day,130,0.018980697965091865,0.017430173845373927,0.020506404113718287
cemhsey,cemhsey_forward_day_logo,agency_margin_tau_0.20,mean_ali,split_id|subject_id|session|day,130,0.014814193649142859,0.013977715932624,0.015626334478127897
cemhsey,cemhsey_forward_day_logo,agency_margin_tau_0.20,mean_ali,split_id|subject_id|session|day,130,0.025620145658152026,0.02372958935792538,0.02758312605126053
cemhsey,cemhsey_forward_day_logo,assist_only,mean_ali,split_id|subject_id|session|day,130,0.05339264975628219,0.050090105441108666,0.05645522765173592
cemhsey,cemhsey_forward_day_logo,assist_only,mean_ali,split_id|subject_id|session|day,130,0.1309426062457788,0.11280969170134209,0.1517082937489411
cemhsey,cemhsey_forward_day_logo,confidence_blend_alpha_0.25,mean_ali,split_id|subject_id|session|day,130,0.005187302266765184,0.004810886928846302,0.005594032071190254
cemhsey,cemhsey_forward_day_logo,confidence_blend_alpha_0.25,mean_ali,split_id|subject_id|session|day,130,0.009537474205582985,0.008750608267618474,0.010453634813854794
cemhsey,cemhsey_forward_day_logo,confidence_blend_alpha_0.50,mean_ali,split_id|subject_id|session|day,130,0.018601199823110037,0.0175999848124054,0.01970239196869608
cemhsey,cemhsey_forward_day_logo,confidence_blend_alpha_0.50,mean_ali,split_id|subject_id|session|day,130,0.03448026845335498,0.031993515877091226,0.03712688813486362
cemhsey,cemhsey_forward_day_logo,confidence_blend_alpha_0.75,mean_ali,split_id|subject_id|session|day,130,0.034650473663459296,0.03253520391411742,0.036794750533477694
cemhsey,cemhsey_forward_day_logo,confidence_blend_alpha_0.75,mean_ali,split_id|subject_id|session|day,130,0.09090639819212731,0.07814639202581168,0.1047913982102375
cemhsey,cemhsey_forward_day_logo,selective_prediction,mean_ali,split_id|subject_id|session|day,130,0.0011103461863379135,0.0008827232262963494,0.0013764057903450776
cemhsey,cemhsey_forward_day_logo,selective_prediction,mean_ali,split_id|subject_id|session|day,130,0.0029374215208847775,0.0022686616703877288,0.0036924945681168953
cemhsey,cemhsey_forward_day_logo,set_acsa_tau_0.02,mean_ali,split_id|subject_id|session|day,130,0.0002566613362890368,0.00022852022413920612,0.000283245285926138
cemhsey,cemhsey_forward_day_logo,set_acsa_tau_0.02,mean_ali,split_id|subject_id|session|day,130,0.0004194114526350769,0.000374213575280976,0.0004684478330284469
cemhsey,cemhsey_forward_day_logo,set_acsa_tau_0.05,mean_ali,split_id|subject_id|session|day,130,0.00159946169029682,0.001476514503795927,0.0017295596944000592
cemhsey,cemhsey_forward_day_logo,set_acsa_tau_0.05,mean_ali,split_id|subject_id|session|day,130,0.0027920162581280194,0.002542528173831745,0.0030526692001233862
cemhsey,cemhsey_forward_day_logo,set_acsa_tau_0.10,mean_ali,split_id|subject_id|session|day,130,0.005762834170606837,0.0053576173009680286,0.006129974637038778
cemhsey,cemhsey_forward_day_logo,set_acsa_tau_0.10,mean_ali,split_id|subject_id|session|day,130,0.010060069085623449,0.009147030326906648,0.01093886308983553
cemhsey,cemhsey_forward_day_logo,set_acsa_tau_0.15,mean_ali,split_id|subject_id|session|day,130,0.01033474090035199,0.009713199563756337,0.010944683477203508
cemhsey,cemhsey_forward_day_logo,set_acsa_tau_0.15,mean_ali,split_id|subject_id|session|day,130,0.018618509795933106,0.017107992945284166,0.020120609143161865
cemhsey,cemhsey_forward_day_logo,set_acsa_tau_0.20,mean_ali,split_id|subject_id|session|day,130,0.014686198165726414,0.013848399914332976,0.015514811084607248
cemhsey,cemhsey_forward_day_logo,set_acsa_tau_0.20,mean_ali,split_id|subject_id|session|day,130,0.02547827554190664,0.023599256100420334,0.027428244709439577
cemhsey,cemhsey_forward_day_logo,user_only,mean_ali,split_id|subject_id|session|day,130,0.0,0.0,0.0
cemhsey,cemhsey_forward_day_logo,user_only,mean_ali,split_id|subject_id|session|day,130,0.0,0.0,0.0
cemhsey,cemhsey_forward_day_logo,agency_margin_tau_0.02,risk_coverage_auc,split_id|subject_id|session|day,130,0.24155674935892757,0.204064026395165,0.2815290590160248
cemhsey,cemhsey_forward_day_logo,agency_margin_tau_0.02,risk_coverage_auc,split_id|subject_id|session|day,130,0.4134692909689333,0.3690505436452651,0.45609460603677177
cemhsey,cemhsey_forward_day_logo,agency_margin_tau_0.05,risk_coverage_auc,split_id|subject_id|session|day,130,0.23787006488590323,0.2006548119751269,0.2784071187127802
cemhsey,cemhsey_forward_day_logo,agency_margin_tau_0.05,risk_coverage_auc,split_id|subject_id|session|day,130,0.396573515117575,0.35121711650487064,0.441362979303779
cemhsey,cemhsey_forward_day_logo,agency_margin_tau_0.10,risk_coverage_auc,split_id|subject_id|session|day,130,0.23355998592836694,0.19625713851145932,0.2741523427644882
cemhsey,cemhsey_forward_day_logo,agency_margin_tau_0.10,risk_coverage_auc,split_id|subject_id|session|day,130,0.3829027786102599,0.3367366627131265,0.42729988793004897
cemhsey,cemhsey_forward_day_logo,agency_margin_tau_0.15,risk_coverage_auc,split_id|subject_id|session|day,130,0.23156801667348847,0.19326957578877202,0.2718622846261108
cemhsey,cemhsey_forward_day_logo,agency_margin_tau_0.15,risk_coverage_auc,split_id|subject_id|session|day,130,0.3734682540922121,0.32586673342437833,0.4178646677029687
cemhsey,cemhsey_forward_day_logo,agency_margin_tau_0.20,risk_coverage_auc,split_id|subject_id|session|day,130,0.23048700953392764,0.1921633930585342,0.2710118167455366
cemhsey,cemhsey_forward_day_logo,agency_margin_tau_0.20,risk_coverage_auc,split_id|subject_id|session|day,130,0.36862171623951917,0.321174360409922,0.41189172479207464
cemhsey,cemhsey_forward_day_logo,assist_only,risk_coverage_auc,split_id|subject_id|session|day,130,0.24279321468916024,0.2039852818424365,0.28295969452360364
cemhsey,cemhsey_forward_day_logo,assist_only,risk_coverage_auc,split_id|subject_id|session|day,130,0.24279321468916024,0.2039852818424365,0.28295969452360364
cemhsey,cemhsey_forward_day_logo,confidence_blend_alpha_0.25,risk_coverage_auc,split_id|subject_id|session|day,130,0.2339053313723097,0.19753950252029892,0.2724194444900705
cemhsey,cemhsey_forward_day_logo,confidence_blend_alpha_0.25,risk_coverage_auc,split_id|subject_id|session|day,130,0.38543885714125675,0.34380756765635045,0.42424388489372333
cemhsey,cemhsey_forward_day_logo,confidence_blend_alpha_0.50,risk_coverage_auc,split_id|subject_id|session|day,130,0.2208972725586443,0.1836872318353733,0.2607863919298383
cemhsey,cemhsey_forward_day_logo,confidence_blend_alpha_0.50,risk_coverage_auc,split_id|subject_id|session|day,130,0.3034005488909221,0.2606383009394586,0.3432842301484828
cemhsey,cemhsey_forward_day_logo,confidence_blend_alpha_0.75,risk_coverage_auc,split_id|subject_id|session|day,130,0.22296910968753506,0.1840798326090322,0.2630763424533902
cemhsey,cemhsey_forward_day_logo,confidence_blend_alpha_0.75,risk_coverage_auc,split_id|subject_id|session|day,130,0.24499292926201963,0.20550583444031212,0.28510569796712304
cemhsey,cemhsey_forward_day_logo,selective_prediction,risk_coverage_auc,split_id|subject_id|session|day,130,0.2540063642014023,0.21645688759039614,0.29281260360391786
cemhsey,cemhsey_forward_day_logo,selective_prediction,risk_coverage_auc,split_id|subject_id|session|day,130,0.4562116103766331,0.4128079953712253,0.4954221792511409
cemhsey,cemhsey_forward_day_logo,set_acsa_tau_0.02,risk_coverage_auc,split_id|subject_id|session|day,130,0.24180505394770213,0.20422262479292713,0.2817918908399966
cemhsey,cemhsey_forward_day_logo,set_acsa_tau_0.02,risk_coverage_auc,split_id|subject_id|session|day,130,0.41437166421074473,0.3701818178037046,0.4576766275559647
cemhsey,cemhsey_forward_day_logo,set_acsa_tau_0.05,risk_coverage_auc,split_id|subject_id|session|day,130,0.23813587214041862,0.2009803858742117,0.2786047986688804
cemhsey,cemhsey_forward_day_logo,set_acsa_tau_0.05,risk_coverage_auc,split_id|subject_id|session|day,130,0.3970057098456769,0.35167742249580086,0.4415309555787882
cemhsey,cemhsey_forward_day_logo,set_acsa_tau_0.10,risk_coverage_auc,split_id|subject_id|session|day,130,0.2337551944808449,0.19652546293961143,0.27426484635990067
cemhsey,cemhsey_forward_day_logo,set_acsa_tau_0.10,risk_coverage_auc,split_id|subject_id|session|day,130,0.3830404143900618,0.3364288403998879,0.42785431278133573
cemhsey,cemhsey_forward_day_logo,set_acsa_tau_0.15,risk_coverage_auc,split_id|subject_id|session|day,130,0.2316689440015941,0.19343300169790317,0.27195745959122725
cemhsey,cemhsey_forward_day_logo,set_acsa_tau_0.15,risk_coverage_auc,split_id|subject_id|session|day,130,0.37348344088559576,0.3258702253524827,0.41842697224899034
cemhsey,cemhsey_forward_day_logo,set_acsa_tau_0.20,risk_coverage_auc,split_id|subject_id|session|day,130,0.2305181733690099,0.19218944376587427,0.2710491857670244
cemhsey,cemhsey_forward_day_logo,set_acsa_tau_0.20,risk_coverage_auc,split_id|subject_id|session|day,130,0.36855402663393244,0.3210586495375251,0.41156303366810737
cemhsey,cemhsey_forward_day_logo,user_only,risk_coverage_auc,split_id|subject_id|session|day,130,0.25802794309783267,0.2216269146349968,0.2949576454981971
cemhsey,cemhsey_forward_day_logo,user_only,risk_coverage_auc,split_id|subject_id|session|day,130,0.49118265669151856,0.45145496603302343,0.528605863214623
db10,db10_able_to_amputee,agency_margin_tau_0.02,active_macro_f1,split_id|subject_id|session,15,0.1362575126511612,0.10867050024651985,0.16024992997397636
db10,db10_able_to_amputee,agency_margin_tau_0.02,active_macro_f1,split_id|subject_id|session,15,0.1643257275329254,0.12571331042447217,0.2000529643373042
db10,db10_able_to_amputee,agency_margin_tau_0.02,active_macro_f1,split_id|subject_id|session,15,0.1559953234721673,0.12013159034986474,0.19000041616376726
db10,db10_able_to_amputee,agency_margin_tau_0.02,active_macro_f1,split_id|subject_id|session,1,0.0699772973733694,0.0699772973733694,0.0699772973733694
db10,db10_able_to_amputee,agency_margin_tau_0.02,active_macro_f1,split_id|subject_id|session,1,0.083598616710695,0.083598616710695,0.083598616710695
db10,db10_able_to_amputee,agency_margin_tau_0.02,active_macro_f1,split_id|subject_id|session,15,0.10318657276125096,0.08072259440582116,0.12355008686825987
db10,db10_able_to_amputee,agency_margin_tau_0.02,active_macro_f1,split_id|subject_id|session,15,0.1559953234721673,0.12013159034986474,0.19000041616376726
db10,db10_able_to_amputee,agency_margin_tau_0.05,active_macro_f1,split_id|subject_id|session,15,0.27101871254345655,0.2114449924737384,0.32635728987090085
db10,db10_able_to_amputee,agency_margin_tau_0.05,active_macro_f1,split_id|subject_id|session,15,0.342396594395126,0.25404886269100746,0.42109089571055736
db10,db10_able_to_amputee,agency_margin_tau_0.05,active_macro_f1,split_id|subject_id|session,15,0.3159093601673823,0.23680988052507437,0.3907277667957218
db10,db10_able_to_amputee,agency_margin_tau_0.05,active_macro_f1,split_id|subject_id|session,1,0.0699772973733694,0.0699772973733694,0.0699772973733694
db10,db10_able_to_amputee,agency_margin_tau_0.05,active_macro_f1,split_id|subject_id|session,1,0.083598616710695,0.083598616710695,0.083598616710695
db10,db10_able_to_amputee,agency_margin_tau_0.05,active_macro_f1,split_id|subject_id|session,15,0.18371412704717688,0.14785072869544316,0.21761735514231562
db10,db10_able_to_amputee,agency_margin_tau_0.05,active_macro_f1,split_id|subject_id|session,15,0.3159093601673823,0.23680988052507437,0.3907277667957218
db10,db10_able_to_amputee,agency_margin_tau_0.10,active_macro_f1,split_id|subject_id|session,15,0.4348869873731371,0.34740216867391815,0.5164975853833509
db10,db10_able_to_amputee,agency_margin_tau_0.10,active_macro_f1,split_id|subject_id|session,15,0.45417875419854237,0.34559153037884577,0.5574542005624097
db10,db10_able_to_amputee,agency_margin_tau_0.10,active_macro_f1,split_id|subject_id|session,15,0.4157355722379938,0.31471470819001507,0.512307934542488
db10,db10_able_to_amputee,agency_margin_tau_0.10,active_macro_f1,split_id|subject_id|session,1,0.0699772973733694,0.0699772973733694,0.0699772973733694
db10,db10_able_to_amputee,agency_margin_tau_0.10,active_macro_f1,split_id|subject_id|session,1,0.083598616710695,0.083598616710695,0.083598616710695
db10,db10_able_to_amputee,agency_margin_tau_0.10,active_macro_f1,split_id|subject_id|session,15,0.2831139492802374,0.22584532229494586,0.33742172026228245
db10,db10_able_to_amputee,agency_margin_tau_0.10,active_macro_f1,split_id|subject_id|session,15,0.4157355722379938,0.31471470819001507,0.512307934542488
db10,db10_able_to_amputee,agency_margin_tau_0.15,active_macro_f1,split_id|subject_id|session,15,0.5325314811828422,0.4334564029740592,0.622453257807445
db10,db10_able_to_amputee,agency_margin_tau_0.15,active_macro_f1,split_id|subject_id|session,15,0.4884809828692492,0.3818841424567533,0.5913675357685354
db10,db10_able_to_amputee,agency_margin_tau_0.15,active_macro_f1,split_id|subject_id|session,15,0.4453581201514016,0.3437477516263465,0.5406536721726023
db10,db10_able_to_amputee,agency_margin_tau_0.15,active_macro_f1,split_id|subject_id|session,1,0.0699772973733694,0.0699772973733694,0.0699772973733694
db10,db10_able_to_amputee,agency_margin_tau_0.15,active_macro_f1,split_id|subject_id|session,1,0.083598616710695,0.083598616710695,0.083598616710695
db10,db10_able_to_amputee,agency_margin_tau_0.15,active_macro_f1,split_id|subject_id|session,15,0.33117740482984376,0.26308915591971377,0.3954058436803961
db10,db10_able_to_amputee,agency_margin_tau_0.15,active_macro_f1,split_id|subject_id|session,15,0.4453581201514016,0.3437477516263465,0.5406536721726023
db10,db10_able_to_amputee,agency_margin_tau_0.20,active_macro_f1,split_id|subject_id|session,15,0.5911931610682085,0.477152467244462,0.6894995390224138
db10,db10_able_to_amputee,agency_margin_tau_0.20,active_macro_f1,split_id|subject_id|session,15,0.5036412735302237,0.39685411470591125,0.606227195096777
db10,db10_able_to_amputee,agency_margin_tau_0.20,active_macro_f1,split_id|subject_id|session,15,0.4597469079551221,0.35756837446829964,0.5537913380180075
db10,db10_able_to_amputee,agency_margin_tau_0.20,active_macro_f1,split_id|subject_id|session,1,0.0699772973733694,0.0699772973733694,0.0699772973733694
db10,db10_able_to_amputee,agency_margin_tau_0.20,active_macro_f1,split_id|subject_id|session,1,0.083598616710695,0.083598616710695,0.083598616710695
db10,db10_able_to_amputee,agency_margin_tau_0.20,active_macro_f1,split_id|subject_id|session,15,0.3766395031792691,0.2990859666968741,0.45041304251002956
db10,db10_able_to_amputee,agency_margin_tau_0.20,active_macro_f1,split_id|subject_id|session,15,0.4597469079551221,0.35756837446829964,0.5537913380180075
db10,db10_able_to_amputee,assist_only,active_macro_f1,split_id|subject_id|session,15,0.6901945395175738,0.5558017409075379,0.8000855018475522
db10,db10_able_to_amputee,assist_only,active_macro_f1,split_id|subject_id|session,15,0.5295683230845859,0.4128425990356624,0.6294964959599637
db10,db10_able_to_amputee,assist_only,active_macro_f1,split_id|subject_id|session,15,0.4858187116972712,0.38235210995639346,0.5799404002509791
db10,db10_able_to_amputee,assist_only,active_macro_f1,split_id|subject_id|session,1,0.0,0.0,0.0
db10,db10_able_to_amputee,assist_only,active_macro_f1,split_id|subject_id|session,1,0.0,0.0,0.0
db10,db10_able_to_amputee,assist_only,active_macro_f1,split_id|subject_id|session,15,0.4858187116972712,0.38235210995639346,0.5799404002509791
db10,db10_able_to_amputee,assist_only,active_macro_f1,split_id|subject_id|session,15,0.4858187116972712,0.38235210995639346,0.5799404002509791
db10,db10_able_to_amputee,confidence_blend_alpha_0.25,active_macro_f1,split_id|subject_id|session,15,0.5980735733844793,0.4784635210549744,0.705110568350413
db10,db10_able_to_amputee,confidence_blend_alpha_0.25,active_macro_f1,split_id|subject_id|session,15,0.4984712093739365,0.38837213060537934,0.6028393843361785
db10,db10_able_to_amputee,confidence_blend_alpha_0.25,active_macro_f1,split_id|subject_id|session,15,0.4544474649229794,0.35000134046599174,0.5490871215682837
db10,db10_able_to_amputee,confidence_blend_alpha_0.25,active_macro_f1,split_id|subject_id|session,1,0.0699772973733694,0.0699772973733694,0.0699772973733694
db10,db10_able_to_amputee,confidence_blend_alpha_0.25,active_macro_f1,split_id|subject_id|session,1,0.083598616710695,0.083598616710695,0.083598616710695
db10,db10_able_to_amputee,confidence_blend_alpha_0.25,active_macro_f1,split_id|subject_id|session,15,0.3684309580975406,0.28934982912136303,0.4430687028669469
db10,db10_able_to_amputee,confidence_blend_alpha_0.25,active_macro_f1,split_id|subject_id|session,15,0.4544474649229794,0.35000134046599174,0.5490871215682837
db10,db10_able_to_amputee,confidence_blend_alpha_0.50,active_macro_f1,split_id|subject_id|session,15,0.6811814716170834,0.5514307320794501,0.7900143301585691
db10,db10_able_to_amputee,confidence_blend_alpha_0.50,active_macro_f1,split_id|subject_id|session,15,0.5271216913222443,0.4148330802631344,0.6253890007421102
db10,db10_able_to_amputee,confidence_blend_alpha_0.50,active_macro_f1,split_id|subject_id|session,15,0.48251559598705734,0.37784241587981104,0.5750168774631628
db10,db10_able_to_amputee,confidence_blend_alpha_0.50,active_macro_f1,split_id|subject_id|session,1,0.0699772973733694,0.0699772973733694,0.0699772973733694
db10,db10_able_to_amputee,confidence_blend_alpha_0.50,active_macro_f1,split_id|subject_id|session,1,0.083598616710695,0.083598616710695,0.083598616710695
db10,db10_able_to_amputee,confidence_blend_alpha_0.50,active_macro_f1,split_id|subject_id|session,15,0.4780077916915876,0.3742395909081044,0.5687457557791517
db10,db10_able_to_amputee,confidence_blend_alpha_0.50,active_macro_f1,split_id|subject_id|session,15,0.48251559598705734,0.37784241587981104,0.5750168774631628
db10,db10_able_to_amputee,confidence_blend_alpha_0.75,active_macro_f1,split_id|subject_id|session,15,0.6885934507562559,0.5540535186991166,0.7986215566394783
db10,db10_able_to_amputee,confidence_blend_alpha_0.75,active_macro_f1,split_id|subject_id|session,15,0.5313519557876462,0.41558187979903904,0.6295778485735486
db10,db10_able_to_amputee,confidence_blend_alpha_0.75,active_macro_f1,split_id|subject_id|session,15,0.4859941963265113,0.3826770122935302,0.5806886491655985
db10,db10_able_to_amputee,confidence_blend_alpha_0.75,active_macro_f1,split_id|subject_id|session,1,0.0699772973733694,0.0699772973733694,0.0699772973733694
db10,db10_able_to_amputee,confidence_blend_alpha_0.75,active_macro_f1,split_id|subject_id|session,1,0.083598616710695,0.083598616710695,0.083598616710695
db10,db10_able_to_amputee,confidence_blend_alpha_0.75,active_macro_f1,split_id|subject_id|session,15,0.48566328507641293,0.38109301907990156,0.5802478198003227
db10,db10_able_to_amputee,confidence_blend_alpha_0.75,active_macro_f1,split_id|subject_id|session,15,0.4859941963265113,0.3826770122935302,0.5806886491655985
db10,db10_able_to_amputee,selective_prediction,active_macro_f1,split_id|subject_id|session,15,0.48389435270545916,0.38211542515311175,0.5710252379499383
db10,db10_able_to_amputee,selective_prediction,active_macro_f1,split_id|subject_id|session,15,0.3349365909595452,0.25748832679215755,0.4080291933364281
db10,db10_able_to_amputee,selective_prediction,active_macro_f1,split_id|subject_id|session,15,0.27486203015506605,0.21154175385984714,0.3347193410706583
db10,db10_able_to_amputee,selective_prediction,active_macro_f1,split_id|subject_id|session,1,0.0699772973733694,0.0699772973733694,0.0699772973733694
db10,db10_able_to_amputee,selective_prediction,active_macro_f1,split_id|subject_id|session,1,0.083598616710695,0.083598616710695,0.083598616710695
db10,db10_able_to_amputee,selective_prediction,active_macro_f1,split_id|subject_id|session,15,0.2745217705942416,0.2134657454555853,0.3343055233501159
db10,db10_able_to_amputee,selective_prediction,active_macro_f1,split_id|subject_id|session,15,0.27486203015506605,0.21154175385984714,0.3347193410706583
db10,db10_able_to_amputee,set_acsa_tau_0.02,active_macro_f1,split_id|subject_id|session,15,0.12865197469360942,0.10334177026644405,0.15103085896601715
db10,db10_able_to_amputee,set_acsa_tau_0.02,active_macro_f1,split_id|subject_id|session,15,0.14216143532358197,0.10828370196315774,0.1748209199132379
db10,db10_able_to_amputee,set_acsa_tau_0.02,active_macro_f1,split_id|subject_id|session,15,0.13162403065625253,0.10093340329589437,0.16198310470472282
db10,db10_able_to_amputee,set_acsa_tau_0.02,active_macro_f1,split_id|subject_id|session,1,0.0699772973733694,0.0699772973733694,0.0699772973733694
db10,db10_able_to_amputee,set_acsa_tau_0.02,active_macro_f1,split_id|subject_id|session,1,0.083598616710695,0.083598616710695,0.083598616710695
db10,db10_able_to_amputee,set_acsa_tau_0.02,active_macro_f1,split_id|subject_id|session,15,0.09786672071797796,0.07699726416029135,0.11723222542727979
db10,db10_able_to_amputee,set_acsa_tau_0.02,active_macro_f1,split_id|subject_id|session,15,0.13162403065625253,0.10093340329589437,0.16198310470472282
db10,db10_able_to_amputee,set_acsa_tau_0.05,active_macro_f1,split_id|subject_id|session,15,0.2600558457651976,0.20298594737953882,0.3130638460405781
db10,db10_able_to_amputee,set_acsa_tau_0.05,active_macro_f1,split_id|subject_id|session,15,0.3173275908034073,0.2342945581230773,0.3922081641270175
db10,db10_able_to_amputee,set_acsa_tau_0.05,active_macro_f1,split_id|subject_id|session,15,0.28709012221740365,0.21428434067671048,0.35680974889500255
db10,db10_able_to_amputee,set_acsa_tau_0.05,active_macro_f1,split_id|subject_id|session,1,0.0699772973733694,0.0699772973733694,0.0699772973733694
db10,db10_able_to_amputee,set_acsa_tau_0.05,active_macro_f1,split_id|subject_id|session,1,0.083598616710695,0.083598616710695,0.083598616710695
db10,db10_able_to_amputee,set_acsa_tau_0.05,active_macro_f1,split_id|subject_id|session,15,0.1710359098634971,0.1376567166062609,0.20227148502005374
db10,db10_able_to_amputee,set_acsa_tau_0.05,active_macro_f1,split_id|subject_id|session,15,0.28709012221740365,0.21428434067671048,0.35680974889500255
db10,db10_able_to_amputee,set_acsa_tau_0.10,active_macro_f1,split_id|subject_id|session,15,0.4260592786262043,0.3381550538843309,0.5063305505893976
db10,db10_able_to_amputee,set_acsa_tau_0.10,active_macro_f1,split_id|subject_id|session,15,0.44059755598944506,0.33301609875953664,0.5414279831013205
db10,db10_able_to_amputee,set_acsa_tau_0.10,active_macro_f1,split_id|subject_id|session,15,0.4010375028998574,0.3006676562851783,0.4959573668131934
db10,db10_able_to_amputee,set_acsa_tau_0.10,active_macro_f1,split_id|subject_id|session,1,0.0699772973733694,0.0699772973733694,0.0699772973733694
db10,db10_able_to_amputee,set_acsa_tau_0.10,active_macro_f1,split_id|subject_id|session,1,0.083598616710695,0.083598616710695,0.083598616710695
db10,db10_able_to_amputee,set_acsa_tau_0.10,active_macro_f1,split_id|subject_id|session,15,0.26773054030262317,0.21273861087656032,0.32095107432973785
db10,db10_able_to_amputee,set_acsa_tau_0.10,active_macro_f1,split_id|subject_id|session,15,0.4010375028998574,0.3006676562851783,0.4959573668131934
db10,db10_able_to_amputee,set_acsa_tau_0.15,active_macro_f1,split_id|subject_id|session,15,0.5282286948651004,0.43011151224621746,0.6173528119722215
db10,db10_able_to_amputee,set_acsa_tau_0.15,active_macro_f1,split_id|subject_id|session,15,0.4794707041877026,0.37168569516220473,0.5832215716696003
db10,db10_able_to_amputee,set_acsa_tau_0.15,active_macro_f1,split_id|subject_id|session,15,0.4368577239224217,0.3366330112937525,0.532122014146042
db10,db10_able_to_amputee,set_acsa_tau_0.15,active_macro_f1,split_id|subject_id|session,1,0.0699772973733694,0.0699772973733694,0.0699772973733694
db10,db10_able_to_amputee,set_acsa_tau_0.15,active_macro_f1,split_id|subject_id|session,1,0.083598616710695,0.083598616710695,0.083598616710695
db10,db10_able_to_amputee,set_acsa_tau_0.15,active_macro_f1,split_id|subject_id|session,15,0.31890232589043754,0.25306564529425185,0.38249209578843196
db10,db10_able_to_amputee,set_acsa_tau_0.15,active_macro_f1,split_id|subject_id|session,15,0.4368577239224217,0.3366330112937525,0.532122014146042
db10,db10_able_to_amputee,set_acsa_tau_0.20,active_macro_f1,split_id|subject_id|session,15,0.5892220105825122,0.47563139282547207,0.6869942062497418
db10,db10_able_to_amputee,set_acsa_tau_0.20,active_macro_f1,split_id|subject_id|session,15,0.49888222291734835,0.3915474842673838,0.6004802827581706
db10,db10_able_to_amputee,set_acsa_tau_0.20,active_macro_f1,split_id|subject_id|session,15,0.45481820676937995,0.3535420997841175,0.5493646189441035
db10,db10_able_to_amputee,set_acsa_tau_0.20,active_macro_f1,split_id|subject_id|session,1,0.0699772973733694,0.0699772973733694,0.0699772973733694
db10,db10_able_to_amputee,set_acsa_tau_0.20,active_macro_f1,split_id|subject_id|session,1,0.083598616710695,0.083598616710695,0.083598616710695
db10,db10_able_to_amputee,set_acsa_tau_0.20,active_macro_f1,split_id|subject_id|session,15,0.36792228475810546,0.291626186294801,0.4411231094485587
db10,db10_able_to_amputee,set_acsa_tau_0.20,active_macro_f1,split_id|subject_id|session,15,0.45481820676937995,0.3535420997841175,0.5493646189441035
db10,db10_able_to_amputee,user_only,active_macro_f1,split_id|subject_id|session,15,0.08141828194123196,0.0654234728648836,0.09469834591762674
db10,db10_able_to_amputee,user_only,active_macro_f1,split_id|subject_id|session,15,0.07592001010169021,0.06273071088249584,0.08814919585633942
db10,db10_able_to_amputee,user_only,active_macro_f1,split_id|subject_id|session,15,0.07592001010169021,0.06273071088249584,0.08814919585633942
db10,db10_able_to_amputee,user_only,active_macro_f1,split_id|subject_id|session,1,0.0699772973733694,0.0699772973733694,0.0699772973733694
db10,db10_able_to_amputee,user_only,active_macro_f1,split_id|subject_id|session,1,0.083598616710695,0.083598616710695,0.083598616710695
db10,db10_able_to_amputee,user_only,active_macro_f1,split_id|subject_id|session,15,0.08245548447765623,0.06561867280654789,0.09791573481047965
db10,db10_able_to_amputee,user_only,active_macro_f1,split_id|subject_id|session,15,0.07592001010169021,0.06273071088249584,0.08814919585633942
db10,db10_able_to_amputee,agency_margin_tau_0.02,active_risk_coverage_auc,split_id|subject_id|session,15,0.647607088751431,0.5893914461989948,0.7169672739019752
db10,db10_able_to_amputee,agency_margin_tau_0.02,active_risk_coverage_auc,split_id|subject_id|session,15,0.7260424674854712,0.6532510475083122,0.7993402673548066
db10,db10_able_to_amputee,agency_margin_tau_0.02,active_risk_coverage_auc,split_id|subject_id|session,15,0.7626517792049997,0.6990549839420436,0.8270887695727525
db10,db10_able_to_amputee,agency_margin_tau_0.02,active_risk_coverage_auc,split_id|subject_id|session,1,0.8816706736700908,0.8816706736700908,0.8816706736700908
db10,db10_able_to_amputee,agency_margin_tau_0.02,active_risk_coverage_auc,split_id|subject_id|session,1,0.874902696888538,0.874902696888538,0.874902696888538
db10,db10_able_to_amputee,agency_margin_tau_0.02,active_risk_coverage_auc,split_id|subject_id|session,15,0.8280996032764744,0.7870837467222717,0.8732813245185568
db10,db10_able_to_amputee,agency_margin_tau_0.02,active_risk_coverage_auc,split_id|subject_id|session,15,0.7626517792049997,0.6990549839420436,0.8270887695727525
db10,db10_able_to_amputee,agency_margin_tau_0.05,active_risk_coverage_auc,split_id|subject_id|session,15,0.4747343310420105,0.3781978099715394,0.5829274262471995
db10,db10_able_to_amputee,agency_margin_tau_0.05,active_risk_coverage_auc,split_id|subject_id|session,15,0.5805621212986212,0.4710612173381626,0.6924668746694669
db10,db10_able_to_amputee,agency_margin_tau_0.05,active_risk_coverage_auc,split_id|subject_id|session,15,0.6446354777059826,0.5458973979387742,0.742341671929629
db10,db10_able_to_amputee,agency_margin_tau_0.05,active_risk_coverage_auc,split_id|subject_id|session,1,0.8816706736700908,0.8816706736700908,0.8816706736700908
db10,db10_able_to_amputee,agency_margin_tau_0.05,active_risk_coverage_auc,split_id|subject_id|session,1,0.874902696888538,0.874902696888538,0.874902696888538
db10,db10_able_to_amputee,agency_margin_tau_0.05,active_risk_coverage_auc,split_id|subject_id|session,15,0.7469944306745113,0.6793098728523073,0.8112385660619261
db10,db10_able_to_amputee,agency_margin_tau_0.05,active_risk_coverage_auc,split_id|subject_id|session,15,0.6446354777059826,0.5458973979387742,0.742341671929629
db10,db10_able_to_amputee,agency_margin_tau_0.10,active_risk_coverage_auc,split_id|subject_id|session,15,0.3304040460394081,0.21233666355136013,0.4645204457784351
db10,db10_able_to_amputee,agency_margin_tau_0.10,active_risk_coverage_auc,split_id|subject_id|session,15,0.5144680617677435,0.3907840817331624,0.6365671374158818
db10,db10_able_to_amputee,agency_margin_tau_0.10,active_risk_coverage_auc,split_id|subject_id|session,15,0.5903610450786263,0.4752271607793552,0.6998574502244697
db10,db10_able_to_amputee,agency_margin_tau_0.10,active_risk_coverage_auc,split_id|subject_id|session,1,0.8816706736700908,0.8816706736700908,0.8816706736700908
db10,db10_able_to_amputee,agency_margin_tau_0.10,active_risk_coverage_auc,split_id|subject_id|session,1,0.874902696888538,0.874902696888538,0.874902696888538
db10,db10_able_to_amputee,agency_margin_tau_0.10,active_risk_coverage_auc,split_id|subject_id|session,15,0.6684453757771638,0.5805705802828678,0.7528760005115557
db10,db10_able_to_amputee,agency_margin_tau_0.10,active_risk_coverage_auc,split_id|subject_id|session,15,0.5903610450786263,0.4752271607793552,0.6998574502244697
db10,db10_able_to_amputee,agency_margin_tau_0.15,active_risk_coverage_auc,split_id|subject_id|session,15,0.2746817244866848,0.15410728598740164,0.41886913631760875
db10,db10_able_to_amputee,agency_margin_tau_0.15,active_risk_coverage_auc,split_id|subject_id|session,15,0.5014295560574483,0.3780885361520245,0.6228460533280081
db10,db10_able_to_amputee,agency_margin_tau_0.15,active_risk_coverage_auc,split_id|subject_id|session,15,0.5810924143992208,0.4675173622726817,0.6881086515740777
db10,db10_able_to_amputee,agency_margin_tau_0.15,active_risk_coverage_auc,split_id|subject_id|session,1,0.8816706736700908,0.8816706736700908,0.8816706736700908
db10,db10_able_to_amputee,agency_margin_tau_0.15,active_risk_coverage_auc,split_id|subject_id|session,1,0.874902696888538,0.874902696888538,0.874902696888538
db10,db10_able_to_amputee,agency_margin_tau_0.15,active_risk_coverage_auc,split_id|subject_id|session,15,0.6416833801810667,0.5439009442751771,0.738592874151979
db10,db10_able_to_amputee,agency_margin_tau_0.15,active_risk_coverage_auc,split_id|subject_id|session,15,0.5810924143992208,0.4675173622726817,0.6881086515740777
db10,db10_able_to_amputee,agency_margin_tau_0.20,active_risk_coverage_auc,split_id|subject_id|session,15,0.2516113170917216,0.12711317476124565,0.4024375692493639
db10,db10_able_to_amputee,agency_margin_tau_0.20,active_risk_coverage_auc,split_id|subject_id|session,15,0.49543392858682317,0.37180497513074456,0.6165672943316001
db10,db10_able_to_amputee,agency_margin_tau_0.20,active_risk_coverage_auc,split_id|subject_id|session,15,0.5758545284839559,0.46441813530419296,0.6804870923168949
db10,db10_able_to_amputee,agency_margin_tau_0.20,active_risk_coverage_auc,split_id|subject_id|session,1,0.8816706736700908,0.8816706736700908,0.8816706736700908
db10,db10_able_to_amputee,agency_margin_tau_0.20,active_risk_coverage_auc,split_id|subject_id|session,1,0.874902696888538,0.874902696888538,0.874902696888538
db10,db10_able_to_amputee,agency_margin_tau_0.20,active_risk_coverage_auc,split_id|subject_id|session,15,0.6189099444936232,0.5144101506752227,0.7215940547106863
db10,db10_able_to_amputee,agency_margin_tau_0.20,active_risk_coverage_auc,split_id|subject_id|session,15,0.5758545284839559,0.46441813530419296,0.6804870923168949
db10,db10_able_to_amputee,assist_only,active_risk_coverage_auc,split_id|subject_id|session,15,0.22297165968634983,0.0920314471428055,0.3829538586219438
db10,db10_able_to_amputee,assist_only,active_risk_coverage_auc,split_id|subject_id|session,15,0.4903227980515265,0.3642946691367878,0.618527788546475
db10,db10_able_to_amputee,assist_only,active_risk_coverage_auc,split_id|subject_id|session,15,0.5713827775444005,0.4562738299087794,0.6903520458077451
db10,db10_able_to_amputee,assist_only,active_risk_coverage_auc,split_id|subject_id|session,1,1.0,1.0,1.0
db10,db10_able_to_amputee,assist_only,active_risk_coverage_auc,split_id|subject_id|session,1,1.0,1.0,1.0
db10,db10_able_to_amputee,assist_only,active_risk_coverage_auc,split_id|subject_id|session,15,0.5713827775444005,0.4562738299087794,0.6903520458077451
db10,db10_able_to_amputee,assist_only,active_risk_coverage_auc,split_id|subject_id|session,15,0.5713827775444005,0.4562738299087794,0.6903520458077451
db10,db10_able_to_amputee,confidence_blend_alpha_0.25,active_risk_coverage_auc,split_id|subject_id|session,15,0.3650534117283191,0.23997257839746852,0.5008808947433938
db10,db10_able_to_amputee,confidence_blend_alpha_0.25,active_risk_coverage_auc,split_id|subject_id|session,15,0.5264361340818997,0.41974922353022676,0.6297923076779822
db10,db10_able_to_amputee,confidence_blend_alpha_0.25,active_risk_coverage_auc,split_id|subject_id|session,15,0.6080545772467837,0.5073007020992967,0.7035614208593821
db10,db10_able_to_amputee,confidence_blend_alpha_0.25,active_risk_coverage_auc,split_id|subject_id|session,1,0.8816706736700908,0.8816706736700908,0.8816706736700908
db10,db10_able_to_amputee,confidence_blend_alpha_0.25,active_risk_coverage_auc,split_id|subject_id|session,1,0.874902696888538,0.874902696888538,0.874902696888538
db10,db10_able_to_amputee,confidence_blend_alpha_0.25,active_risk_coverage_auc,split_id|subject_id|session,15,0.6672427708850986,0.5856594428488685,0.7471085383089326
db10,db10_able_to_amputee,confidence_blend_alpha_0.25,active_risk_coverage_auc,split_id|subject_id|session,15,0.6080545772467837,0.5073007020992967,0.7035614208593821
db10,db10_able_to_amputee,confidence_blend_alpha_0.50,active_risk_coverage_auc,split_id|subject_id|session,15,0.2369221280025743,0.10510891396071367,0.3942290955018118
db10,db10_able_to_amputee,confidence_blend_alpha_0.50,active_risk_coverage_auc,split_id|subject_id|session,15,0.47861034712454514,0.3713045079538234,0.5849284054538503
db10,db10_able_to_amputee,confidence_blend_alpha_0.50,active_risk_coverage_auc,split_id|subject_id|session,15,0.5715813424490787,0.46869285624713747,0.6708441183021896
db10,db10_able_to_amputee,confidence_blend_alpha_0.50,active_risk_coverage_auc,split_id|subject_id|session,1,0.8816706736700908,0.8816706736700908,0.8816706736700908
db10,db10_able_to_amputee,confidence_blend_alpha_0.50,active_risk_coverage_auc,split_id|subject_id|session,1,0.874902696888538,0.874902696888538,0.874902696888538
db10,db10_able_to_amputee,confidence_blend_alpha_0.50,active_risk_coverage_auc,split_id|subject_id|session,15,0.5771788902984383,0.47313965103047456,0.6882537246639374
db10,db10_able_to_amputee,confidence_blend_alpha_0.50,active_risk_coverage_auc,split_id|subject_id|session,15,0.5715813424490787,0.46869285624713747,0.6708441183021896
db10,db10_able_to_amputee,confidence_blend_alpha_0.75,active_risk_coverage_auc,split_id|subject_id|session,15,0.2267400102651269,0.09548506510499917,0.3852298138162228
db10,db10_able_to_amputee,confidence_blend_alpha_0.75,active_risk_coverage_auc,split_id|subject_id|session,15,0.4963235975034983,0.37064807121675886,0.6242723054328744
db10,db10_able_to_amputee,confidence_blend_alpha_0.75,active_risk_coverage_auc,split_id|subject_id|session,15,0.5766078626904658,0.46168889861689744,0.6943953282101935
db10,db10_able_to_amputee,confidence_blend_alpha_0.75,active_risk_coverage_auc,split_id|subject_id|session,1,0.8816706736700908,0.8816706736700908,0.8816706736700908
db10,db10_able_to_amputee,confidence_blend_alpha_0.75,active_risk_coverage_auc,split_id|subject_id|session,1,0.874902696888538,0.874902696888538,0.874902696888538
db10,db10_able_to_amputee,confidence_blend_alpha_0.75,active_risk_coverage_auc,split_id|subject_id|session,15,0.5712873348060986,0.4587341412599599,0.6870100918633395
db10,db10_able_to_amputee,confidence_blend_alpha_0.75,active_risk_coverage_auc,split_id|subject_id|session,15,0.5766078626904658,0.46168889861689744,0.6943953282101935
db10,db10_able_to_amputee,selective_prediction,active_risk_coverage_auc,split_id|subject_id|session,15,0.286449486320256,0.1622291997644339,0.43479956839441103
db10,db10_able_to_amputee,selective_prediction,active_risk_coverage_auc,split_id|subject_id|session,15,0.5318945544018242,0.4175174163472377,0.6429107532086451
db10,db10_able_to_amputee,selective_prediction,active_risk_coverage_auc,split_id|subject_id|session,15,0.6170739293552452,0.5160382687013847,0.7101631793954503
db10,db10_able_to_amputee,selective_prediction,active_risk_coverage_auc,split_id|subject_id|session,1,0.881681360164433,0.881681360164433,0.881681360164433
db10,db10_able_to_amputee,selective_prediction,active_risk_coverage_auc,split_id|subject_id|session,1,0.8749173954772851,0.8749173954772851,0.8749173954772851
db10,db10_able_to_amputee,selective_prediction,active_risk_coverage_auc,split_id|subject_id|session,15,0.6179487501643351,0.5182109169261463,0.7216305190186292
db10,db10_able_to_amputee,selective_prediction,active_risk_coverage_auc,split_id|subject_id|session,15,0.6170739293552452,0.5160382687013847,0.7101631793954503
db10,db10_able_to_amputee,set_acsa_tau_0.02,active_risk_coverage_auc,split_id|subject_id|session,15,0.6544964540679072,0.598539190469926,0.7215932750572838
db10,db10_able_to_amputee,set_acsa_tau_0.02,active_risk_coverage_auc,split_id|subject_id|session,15,0.7402847678340179,0.6685084062045672,0.8110391143719191
db10,db10_able_to_amputee,set_acsa_tau_0.02,active_risk_coverage_auc,split_id|subject_id|session,15,0.7781274714757098,0.7149757169541633,0.8396617462600039
db10,db10_able_to_amputee,set_acsa_tau_0.02,active_risk_coverage_auc,split_id|subject_id|session,1,0.8816706736700908,0.8816706736700908,0.8816706736700908
db10,db10_able_to_amputee,set_acsa_tau_0.02,active_risk_coverage_auc,split_id|subject_id|session,1,0.874902696888538,0.874902696888538,0.874902696888538
db10,db10_able_to_amputee,set_acsa_tau_0.02,active_risk_coverage_auc,split_id|subject_id|session,15,0.8325820501087509,0.7929516481176412,0.8759094733672971
db10,db10_able_to_amputee,set_acsa_tau_0.02,active_risk_coverage_auc,split_id|subject_id|session,15,0.7781274714757098,0.7149757169541633,0.8396617462600039
db10,db10_able_to_amputee,set_acsa_tau_0.05,active_risk_coverage_auc,split_id|subject_id|session,15,0.4788006900832372,0.38403660019616714,0.5858636853920173
db10,db10_able_to_amputee,set_acsa_tau_0.05,active_risk_coverage_auc,split_id|subject_id|session,15,0.5871960265203006,0.4779822671166391,0.6984525518148054
db10,db10_able_to_amputee,set_acsa_tau_0.05,active_risk_coverage_auc,split_id|subject_id|session,15,0.6523581711122206,0.5551979052933802,0.7501316554456208
db10,db10_able_to_amputee,set_acsa_tau_0.05,active_risk_coverage_auc,split_id|subject_id|session,1,0.8816706736700908,0.8816706736700908,0.8816706736700908
db10,db10_able_to_amputee,set_acsa_tau_0.05,active_risk_coverage_auc,split_id|subject_id|session,1,0.874902696888538,0.874902696888538,0.874902696888538
db10,db10_able_to_amputee,set_acsa_tau_0.05,active_risk_coverage_auc,split_id|subject_id|session,15,0.7518963548027341,0.6847779890437036,0.8149079622195423
db10,db10_able_to_amputee,set_acsa_tau_0.05,active_risk_coverage_auc,split_id|subject_id|session,15,0.6523581711122206,0.5551979052933802,0.7501316554456208
db10,db10_able_to_amputee,set_acsa_tau_0.10,active_risk_coverage_auc,split_id|subject_id|session,15,0.3320175723920838,0.2143774175250515,0.46560713905983286
db10,db10_able_to_amputee,set_acsa_tau_0.10,active_risk_coverage_auc,split_id|subject_id|session,15,0.516395098609698,0.3932718519630857,0.6383779349391018
db10,db10_able_to_amputee,set_acsa_tau_0.10,active_risk_coverage_auc,split_id|subject_id|session,15,0.5925016587760699,0.4785083745836272,0.7023628286661255
db10,db10_able_to_amputee,set_acsa_tau_0.10,active_risk_coverage_auc,split_id|subject_id|session,1,0.8816706736700908,0.8816706736700908,0.8816706736700908
db10,db10_able_to_amputee,set_acsa_tau_0.10,active_risk_coverage_auc,split_id|subject_id|session,1,0.874902696888538,0.874902696888538,0.874902696888538
db10,db10_able_to_amputee,set_acsa_tau_0.10,active_risk_coverage_auc,split_id|subject_id|session,15,0.6721812946812588,0.5850488237251629,0.7568183083258598
db10,db10_able_to_amputee,set_acsa_tau_0.10,active_risk_coverage_auc,split_id|subject_id|session,15,0.5925016587760699,0.4785083745836272,0.7023628286661255
db10,db10_able_to_amputee,set_acsa_tau_0.15,active_risk_coverage_auc,split_id|subject_id|session,15,0.2751191542611457,0.15483202511108057,0.4192952848642309
db10,db10_able_to_amputee,set_acsa_tau_0.15,active_risk_coverage_auc,split_id|subject_id|session,15,0.5022917590000299,0.3792894375372442,0.6238868404033847
db10,db10_able_to_amputee,set_acsa_tau_0.15,active_risk_coverage_auc,split_id|subject_id|session,15,0.5818865199063791,0.46860224993776695,0.6889351665457406
db10,db10_able_to_amputee,set_acsa_tau_0.15,active_risk_coverage_auc,split_id|subject_id|session,1,0.8816706736700908,0.8816706736700908,0.8816706736700908
db10,db10_able_to_amputee,set_acsa_tau_0.15,active_risk_coverage_auc,split_id|subject_id|session,1,0.874902696888538,0.874902696888538,0.874902696888538
db10,db10_able_to_amputee,set_acsa_tau_0.15,active_risk_coverage_auc,split_id|subject_id|session,15,0.6436312055068885,0.5451518060755135,0.7409698865904247
db10,db10_able_to_amputee,set_acsa_tau_0.15,active_risk_coverage_auc,split_id|subject_id|session,15,0.5818865199063791,0.46860224993776695,0.6889351665457406
db10,db10_able_to_amputee,set_acsa_tau_0.20,active_risk_coverage_auc,split_id|subject_id|session,15,0.25171779132548405,0.12729261956057902,0.4024523259034501
db10,db10_able_to_amputee,set_acsa_tau_0.20,active_risk_coverage_auc,split_id|subject_id|session,15,0.4957906366134109,0.3720844782181897,0.6169587399989935
db10,db10_able_to_amputee,set_acsa_tau_0.20,active_risk_coverage_auc,split_id|subject_id|session,15,0.5762150159531938,0.46484959440586854,0.6810281421625587
db10,db10_able_to_amputee,set_acsa_tau_0.20,active_risk_coverage_auc,split_id|subject_id|session,1,0.8816706736700908,0.8816706736700908,0.8816706736700908
db10,db10_able_to_amputee,set_acsa_tau_0.20,active_risk_coverage_auc,split_id|subject_id|session,1,0.874902696888538,0.874902696888538,0.874902696888538
db10,db10_able_to_amputee,set_acsa_tau_0.20,active_risk_coverage_auc,split_id|subject_id|session,15,0.6199339674832303,0.5151608483693767,0.7229094015004242
db10,db10_able_to_amputee,set_acsa_tau_0.20,active_risk_coverage_auc,split_id|subject_id|session,15,0.5762150159531938,0.46484959440586854,0.6810281421625587
db10,db10_able_to_amputee,user_only,active_risk_coverage_auc,split_id|subject_id|session,15,0.8802043354559295,0.8613509996845835,0.8993821112036019
db10,db10_able_to_amputee,user_only,active_risk_coverage_auc,split_id|subject_id|session,15,0.8866467654193102,0.8623880285570902,0.9110958876089623
db10,db10_able_to_amputee,user_only,active_risk_coverage_auc,split_id|subject_id|session,15,0.8866467654193102,0.8623880285570902,0.9110958876089623
db10,db10_able_to_amputee,user_only,active_risk_coverage_auc,split_id|subject_id|session,1,0.8816706736700908,0.8816706736700908,0.8816706736700908
db10,db10_able_to_amputee,user_only,active_risk_coverage_auc,split_id|subject_id|session,1,0.874902696888538,0.874902696888538,0.874902696888538
db10,db10_able_to_amputee,user_only,active_risk_coverage_auc,split_id|subject_id|session,15,0.8612689179277976,0.8414410058641251,0.8803844734482673
db10,db10_able_to_amputee,user_only,active_risk_coverage_auc,split_id|subject_id|session,15,0.8866467654193102,0.8623880285570902,0.9110958876089623
db10,db10_able_to_amputee,agency_margin_tau_0.02,balanced_accuracy,split_id|subject_id|session,15,0.17778643578643571,0.15531269841269835,0.19715187590187586
db10,db10_able_to_amputee,agency_margin_tau_0.02,balanced_accuracy,split_id|subject_id|session,15,0.2078528138528138,0.17190216450216445,0.24247222222222217
db10,db10_able_to_amputee,agency_margin_tau_0.02,balanced_accuracy,split_id|subject_id|session,15,0.20044733044733043,0.16637799422799424,0.23232727272727263
db10,db10_able_to_amputee,agency_margin_tau_0.02,balanced_accuracy,split_id|subject_id|session,1,0.0967532467532467,0.0967532467532467,0.0967532467532467
db10,db10_able_to_amputee,agency_margin_tau_0.02,balanced_accuracy,split_id|subject_id|session,1,0.1025974025974025,0.1025974025974025,0.1025974025974025
db10,db10_able_to_amputee,agency_margin_tau_0.02,balanced_accuracy,split_id|subject_id|session,15,0.16178354978354975,0.1419443001443001,0.18089675324675322
db10,db10_able_to_amputee,agency_margin_tau_0.02,balanced_accuracy,split_id|subject_id|session,15,0.20044733044733043,0.16637799422799424,0.23232727272727263
db10,db10_able_to_amputee,agency_margin_tau_0.05,balanced_accuracy,split_id|subject_id|session,15,0.28284559884559884,0.23781406926406923,0.3243744588744588
db10,db10_able_to_amputee,agency_margin_tau_0.05,balanced_accuracy,split_id|subject_id|session,15,0.3319711399711399,0.26046746031746026,0.39893585858585845
db10,db10_able_to_amputee,agency_margin_tau_0.05,balanced_accuracy,split_id|subject_id|session,15,0.3073448773448773,0.24368506493506487,0.3691794372294371
db10,db10_able_to_amputee,agency_margin_tau_0.05,balanced_accuracy,split_id|subject_id|session,1,0.0967532467532467,0.0967532467532467,0.0967532467532467
db10,db10_able_to_amputee,agency_margin_tau_0.05,balanced_accuracy,split_id|subject_id|session,1,0.1025974025974025,0.1025974025974025,0.1025974025974025
db10,db10_able_to_amputee,agency_margin_tau_0.05,balanced_accuracy,split_id|subject_id|session,15,0.21574891774891777,0.18597330447330446,0.24423831168831164
db10,db10_able_to_amputee,agency_margin_tau_0.05,balanced_accuracy,split_id|subject_id|session,15,0.3073448773448773,0.24368506493506487,0.3691794372294371
db10,db10_able_to_amputee,agency_margin_tau_0.10,balanced_accuracy,split_id|subject_id|session,15,0.4220750360750361,0.34937922077922073,0.4902321067821068
db10,db10_able_to_amputee,agency_margin_tau_0.10,balanced_accuracy,split_id|subject_id|session,15,0.4124992784992785,0.32598600288600277,0.49866587301587284
db10,db10_able_to_amputee,agency_margin_tau_0.10,balanced_accuracy,split_id|subject_id|session,15,0.3742510822510822,0.29548528138528124,0.4518839826839826
db10,db10_able_to_amputee,agency_margin_tau_0.10,balanced_accuracy,split_id|subject_id|session,1,0.0967532467532467,0.0967532467532467,0.0967532467532467
db10,db10_able_to_amputee,agency_margin_tau_0.10,balanced_accuracy,split_id|subject_id|session,1,0.1025974025974025,0.1025974025974025,0.1025974025974025
db10,db10_able_to_amputee,agency_margin_tau_0.10,balanced_accuracy,split_id|subject_id|session,15,0.2856854256854257,0.24121825396825394,0.32806233766233767
db10,db10_able_to_amputee,agency_margin_tau_0.10,balanced_accuracy,split_id|subject_id|session,15,0.3742510822510822,0.29548528138528124,0.4518839826839826
db10,db10_able_to_amputee,agency_margin_tau_0.15,balanced_accuracy,split_id|subject_id|session,15,0.5062106782106782,0.4211992063492063,0.5853940836940836
db10,db10_able_to_amputee,agency_margin_tau_0.15,balanced_accuracy,split_id|subject_id|session,15,0.4345310245310245,0.34669199134199136,0.5191889610389608
db10,db10_able_to_amputee,agency_margin_tau_0.15,balanced_accuracy,split_id|subject_id|session,15,0.39124963924963924,0.31164675324675317,0.46753939393939387
db10,db10_able_to_amputee,agency_margin_tau_0.15,balanced_accuracy,split_id|subject_id|session,1,0.0967532467532467,0.0967532467532467,0.0967532467532467
db10,db10_able_to_amputee,agency_margin_tau_0.15,balanced_accuracy,split_id|subject_id|session,1,0.1025974025974025,0.1025974025974025,0.1025974025974025
db10,db10_able_to_amputee,agency_margin_tau_0.15,balanced_accuracy,split_id|subject_id|session,15,0.31826262626262625,0.2664640692640692,0.3679691197691198
db10,db10_able_to_amputee,agency_margin_tau_0.15,balanced_accuracy,split_id|subject_id|session,15,0.39124963924963924,0.31164675324675317,0.46753939393939387
db10,db10_able_to_amputee,agency_margin_tau_0.20,balanced_accuracy,split_id|subject_id|session,15,0.5577316017316019,0.46001493506493507,0.6456219336219337
db10,db10_able_to_amputee,agency_margin_tau_0.20,balanced_accuracy,split_id|subject_id|session,15,0.4434141414141414,0.3541270562770562,0.5258056998556998
db10,db10_able_to_amputee,agency_margin_tau_0.20,balanced_accuracy,split_id|subject_id|session,15,0.39879365079365087,0.31865339105339113,0.4749645743145744
db10,db10_able_to_amputee,agency_margin_tau_0.20,balanced_accuracy,split_id|subject_id|session,1,0.0967532467532467,0.0967532467532467,0.0967532467532467
db10,db10_able_to_amputee,agency_margin_tau_0.20,balanced_accuracy,split_id|subject_id|session,1,0.1025974025974025,0.1025974025974025,0.1025974025974025
db10,db10_able_to_amputee,agency_margin_tau_0.20,balanced_accuracy,split_id|subject_id|session,15,0.3484126984126984,0.2909132034632035,0.4066028138528138
db10,db10_able_to_amputee,agency_margin_tau_0.20,balanced_accuracy,split_id|subject_id|session,15,0.39879365079365087,0.31865339105339113,0.4749645743145744
db10,db10_able_to_amputee,assist_only,balanced_accuracy,split_id|subject_id|session,15,0.6490591630591631,0.5395878787878788,0.7435295815295816
db10,db10_able_to_amputee,assist_only,balanced_accuracy,split_id|subject_id|session,15,0.4622481962481963,0.3756109668109668,0.544349567099567
db10,db10_able_to_amputee,assist_only,balanced_accuracy,split_id|subject_id|session,15,0.4165108225108226,0.34056558441558443,0.48832265512265505
db10,db10_able_to_amputee,assist_only,balanced_accuracy,split_id|subject_id|session,1,0.0909090909090909,0.0909090909090909,0.0909090909090909
db10,db10_able_to_amputee,assist_only,balanced_accuracy,split_id|subject_id|session,1,0.0909090909090909,0.0909090909090909,0.0909090909090909
db10,db10_able_to_amputee,assist_only,balanced_accuracy,split_id|subject_id|session,15,0.4165108225108226,0.34056558441558443,0.48832265512265505
db10,db10_able_to_amputee,assist_only,balanced_accuracy,split_id|subject_id|session,15,0.4165108225108226,0.34056558441558443,0.48832265512265505
db10,db10_able_to_amputee,confidence_blend_alpha_0.25,balanced_accuracy,split_id|subject_id|session,15,0.5686089466089466,0.4660896103896104,0.660731673881674
db10,db10_able_to_amputee,confidence_blend_alpha_0.25,balanced_accuracy,split_id|subject_id|session,15,0.44134199134199137,0.35185548340548345,0.5260896825396824
db10,db10_able_to_amputee,confidence_blend_alpha_0.25,balanced_accuracy,split_id|subject_id|session,15,0.3971313131313131,0.3155838383838383,0.47392929292929287
db10,db10_able_to_amputee,confidence_blend_alpha_0.25,balanced_accuracy,split_id|subject_id|session,1,0.0967532467532467,0.0967532467532467,0.0967532467532467
db10,db10_able_to_amputee,confidence_blend_alpha_0.25,balanced_accuracy,split_id|subject_id|session,1,0.1025974025974025,0.1025974025974025,0.1025974025974025
db10,db10_able_to_amputee,confidence_blend_alpha_0.25,balanced_accuracy,split_id|subject_id|session,15,0.34431457431457435,0.28455916305916307,0.4048492063492064
db10,db10_able_to_amputee,confidence_blend_alpha_0.25,balanced_accuracy,split_id|subject_id|session,15,0.3971313131313131,0.3155838383838383,0.47392929292929287
db10,db10_able_to_amputee,confidence_blend_alpha_0.50,balanced_accuracy,split_id|subject_id|session,15,0.6416998556998558,0.5339638528138527,0.7366516594516596
db10,db10_able_to_amputee,confidence_blend_alpha_0.50,balanced_accuracy,split_id|subject_id|session,15,0.4595411255411255,0.3728995670995671,0.5429475468975469
db10,db10_able_to_amputee,confidence_blend_alpha_0.50,balanced_accuracy,split_id|subject_id|session,15,0.41311976911976905,0.33496955266955264,0.48678679653679646
db10,db10_able_to_amputee,confidence_blend_alpha_0.50,balanced_accuracy,split_id|subject_id|session,1,0.0967532467532467,0.0967532467532467,0.0967532467532467
db10,db10_able_to_amputee,confidence_blend_alpha_0.50,balanced_accuracy,split_id|subject_id|session,1,0.1025974025974025,0.1025974025974025,0.1025974025974025
db10,db10_able_to_amputee,confidence_blend_alpha_0.50,balanced_accuracy,split_id|subject_id|session,15,0.4125050505050505,0.3377948773448773,0.48357821067821055
db10,db10_able_to_amputee,confidence_blend_alpha_0.50,balanced_accuracy,split_id|subject_id|session,15,0.41311976911976905,0.33496955266955264,0.48678679653679646
db10,db10_able_to_amputee,confidence_blend_alpha_0.75,balanced_accuracy,split_id|subject_id|session,15,0.6478499278499279,0.5383695526695527,0.7428006493506493
db10,db10_able_to_amputee,confidence_blend_alpha_0.75,balanced_accuracy,split_id|subject_id|session,15,0.4634718614718614,0.3774007936507936,0.5457555555555555
db10,db10_able_to_amputee,confidence_blend_alpha_0.75,balanced_accuracy,split_id|subject_id|session,15,0.41703318903318903,0.34027157287157295,0.4889792207792207
db10,db10_able_to_amputee,confidence_blend_alpha_0.75,balanced_accuracy,split_id|subject_id|session,1,0.0967532467532467,0.0967532467532467,0.0967532467532467
db10,db10_able_to_amputee,confidence_blend_alpha_0.75,balanced_accuracy,split_id|subject_id|session,1,0.1025974025974025,0.1025974025974025,0.1025974025974025
db10,db10_able_to_amputee,confidence_blend_alpha_0.75,balanced_accuracy,split_id|subject_id|session,15,0.41650505050505043,0.3402647186147185,0.48751854256854243
db10,db10_able_to_amputee,confidence_blend_alpha_0.75,balanced_accuracy,split_id|subject_id|session,15,0.41703318903318903,0.34027157287157295,0.4889792207792207
db10,db10_able_to_amputee,selective_prediction,balanced_accuracy,split_id|subject_id|session,15,0.47304858104858094,0.3864788840788841,0.5476559403559403
db10,db10_able_to_amputee,selective_prediction,balanced_accuracy,split_id|subject_id|session,15,0.3336536796536797,0.2672280904280904,0.3987234006734007
db10,db10_able_to_amputee,selective_prediction,balanced_accuracy,split_id|subject_id|session,15,0.2843328523328524,0.2303926647426647,0.3363164261664261
db10,db10_able_to_amputee,selective_prediction,balanced_accuracy,split_id|subject_id|session,1,0.0967532467532467,0.0967532467532467,0.0967532467532467
db10,db10_able_to_amputee,selective_prediction,balanced_accuracy,split_id|subject_id|session,1,0.1025974025974025,0.1025974025974025,0.1025974025974025
db10,db10_able_to_amputee,selective_prediction,balanced_accuracy,split_id|subject_id|session,15,0.2863270803270803,0.23757130832130835,0.33416774891774886
db10,db10_able_to_amputee,selective_prediction,balanced_accuracy,split_id|subject_id|session,15,0.2843328523328524,0.2303926647426647,0.3363164261664261
db10,db10_able_to_amputee,set_acsa_tau_0.02,balanced_accuracy,split_id|subject_id|session,15,0.16939682539682538,0.14916038961038955,0.18709170274170264
db10,db10_able_to_amputee,set_acsa_tau_0.02,balanced_accuracy,split_id|subject_id|session,15,0.19347186147186143,0.15952164502164495,0.2263308802308802
db10,db10_able_to_amputee,set_acsa_tau_0.02,balanced_accuracy,split_id|subject_id|session,15,0.18439249639249636,0.1530720779220779,0.21500995670995665
db10,db10_able_to_amputee,set_acsa_tau_0.02,balanced_accuracy,split_id|subject_id|session,1,0.0967532467532467,0.0967532467532467,0.0967532467532467
db10,db10_able_to_amputee,set_acsa_tau_0.02,balanced_accuracy,split_id|subject_id|session,1,0.1025974025974025,0.1025974025974025,0.1025974025974025
db10,db10_able_to_amputee,set_acsa_tau_0.02,balanced_accuracy,split_id|subject_id|session,15,0.15837806637806634,0.13952272727272721,0.1768838383838384
db10,db10_able_to_amputee,set_acsa_tau_0.02,balanced_accuracy,split_id|subject_id|session,15,0.18439249639249636,0.1530720779220779,0.21500995670995665
db10,db10_able_to_amputee,set_acsa_tau_0.05,balanced_accuracy,split_id|subject_id|session,15,0.27406349206349206,0.2316388888888889,0.3144099567099567
db10,db10_able_to_amputee,set_acsa_tau_0.05,balanced_accuracy,split_id|subject_id|session,15,0.31563636363636355,0.2478189033189033,0.3802859307359307
db10,db10_able_to_amputee,set_acsa_tau_0.05,balanced_accuracy,split_id|subject_id|session,15,0.2887186147186147,0.2284100288600288,0.34731341991341985
db10,db10_able_to_amputee,set_acsa_tau_0.05,balanced_accuracy,split_id|subject_id|session,1,0.0967532467532467,0.0967532467532467,0.0967532467532467
db10,db10_able_to_amputee,set_acsa_tau_0.05,balanced_accuracy,split_id|subject_id|session,1,0.1025974025974025,0.1025974025974025,0.1025974025974025
db10,db10_able_to_amputee,set_acsa_tau_0.05,balanced_accuracy,split_id|subject_id|session,15,0.20810101010101,0.1795391053391053,0.2356088023088023
db10,db10_able_to_amputee,set_acsa_tau_0.05,balanced_accuracy,split_id|subject_id|session,15,0.2887186147186147,0.2284100288600288,0.34731341991341985
db10,db10_able_to_amputee,set_acsa_tau_0.10,balanced_accuracy,split_id|subject_id|session,15,0.41631168831168824,0.34451219336219335,0.4840526695526695
db10,db10_able_to_amputee,set_acsa_tau_0.10,balanced_accuracy,split_id|subject_id|session,15,0.40326118326118326,0.317177417027417,0.4890645021645022
db10,db10_able_to_amputee,set_acsa_tau_0.10,balanced_accuracy,split_id|subject_id|session,15,0.3646176046176046,0.28776681096681095,0.44057063492063486
db10,db10_able_to_amputee,set_acsa_tau_0.10,balanced_accuracy,split_id|subject_id|session,1,0.0967532467532467,0.0967532467532467,0.0967532467532467
db10,db10_able_to_amputee,set_acsa_tau_0.10,balanced_accuracy,split_id|subject_id|session,1,0.1025974025974025,0.1025974025974025,0.1025974025974025
db10,db10_able_to_amputee,set_acsa_tau_0.10,balanced_accuracy,split_id|subject_id|session,15,0.27674747474747474,0.23309790764790767,0.3184220057720058
db10,db10_able_to_amputee,set_acsa_tau_0.10,balanced_accuracy,split_id|subject_id|session,15,0.3646176046176046,0.28776681096681095,0.44057063492063486
db10,db10_able_to_amputee,set_acsa_tau_0.15,balanced_accuracy,split_id|subject_id|session,15,0.5034805194805194,0.4189936507936508,0.5817396825396826
db10,db10_able_to_amputee,set_acsa_tau_0.15,balanced_accuracy,split_id|subject_id|session,15,0.42831746031746026,0.3404725108225108,0.515383189033189
db10,db10_able_to_amputee,set_acsa_tau_0.15,balanced_accuracy,split_id|subject_id|session,15,0.38552958152958156,0.3067347041847041,0.46191435786435786
db10,db10_able_to_amputee,set_acsa_tau_0.15,balanced_accuracy,split_id|subject_id|session,1,0.0967532467532467,0.0967532467532467,0.0967532467532467
db10,db10_able_to_amputee,set_acsa_tau_0.15,balanced_accuracy,split_id|subject_id|session,1,0.1025974025974025,0.1025974025974025,0.1025974025974025
db10,db10_able_to_amputee,set_acsa_tau_0.15,balanced_accuracy,split_id|subject_id|session,15,0.31147474747474746,0.2601158008658009,0.36038730158730153
db10,db10_able_to_amputee,set_acsa_tau_0.15,balanced_accuracy,split_id|subject_id|session,15,0.38552958152958156,0.3067347041847041,0.46191435786435786
db10,db10_able_to_amputee,set_acsa_tau_0.20,balanced_accuracy,split_id|subject_id|session,15,0.5564184704184706,0.458922582972583,0.6441255411255412
db10,db10_able_to_amputee,set_acsa_tau_0.20,balanced_accuracy,split_id|subject_id|session,15,0.44002886002885994,0.350957215007215,0.5237203463203463
db10,db10_able_to_amputee,set_acsa_tau_0.20,balanced_accuracy,split_id|subject_id|session,15,0.3952207792207792,0.315673088023088,0.47156551226551235
db10,db10_able_to_amputee,set_acsa_tau_0.20,balanced_accuracy,split_id|subject_id|session,1,0.0967532467532467,0.0967532467532467,0.0967532467532467
db10,db10_able_to_amputee,set_acsa_tau_0.20,balanced_accuracy,split_id|subject_id|session,1,0.1025974025974025,0.1025974025974025,0.1025974025974025
db10,db10_able_to_amputee,set_acsa_tau_0.20,balanced_accuracy,split_id|subject_id|session,15,0.34351226551226544,0.28645281385281385,0.4008535353535353
db10,db10_able_to_amputee,set_acsa_tau_0.20,balanced_accuracy,split_id|subject_id|session,15,0.3952207792207792,0.315673088023088,0.47156551226551235
db10,db10_able_to_amputee,user_only,balanced_accuracy,split_id|subject_id|session,15,0.12640981240981236,0.11300815295815292,0.13828989898989894
db10,db10_able_to_amputee,user_only,balanced_accuracy,split_id|subject_id|session,15,0.13987012987012984,0.12218340548340544,0.15599985569985567
db10,db10_able_to_amputee,user_only,balanced_accuracy,split_id|subject_id|session,15,0.13987012987012984,0.12218340548340544,0.15599985569985567
db10,db10_able_to_amputee,user_only,balanced_accuracy,split_id|subject_id|session,1,0.0967532467532467,0.0967532467532467,0.0967532467532467
db10,db10_able_to_amputee,user_only,balanced_accuracy,split_id|subject_id|session,1,0.1025974025974025,0.1025974025974025,0.1025974025974025
db10,db10_able_to_amputee,user_only,balanced_accuracy,split_id|subject_id|session,15,0.14349783549783546,0.12790584415584416,0.1585825396825396
db10,db10_able_to_amputee,user_only,balanced_accuracy,split_id|subject_id|session,15,0.13987012987012984,0.12218340548340544,0.15599985569985567
db10,db10_able_to_amputee,agency_margin_tau_0.02,ece,split_id|subject_id|session,15,0.23091548762578898,0.19818673424927302,0.267532856935543
db10,db10_able_to_amputee,agency_margin_tau_0.02,ece,split_id|subject_id|session,15,0.3221749390795736,0.2319291880875981,0.4422094189194804
db10,db10_able_to_amputee,agency_margin_tau_0.02,ece,split_id|subject_id|session,15,0.33083250441985457,0.24127344463110567,0.44771921711785406
db10,db10_able_to_amputee,agency_margin_tau_0.02,ece,split_id|subject_id|session,1,0.2722817520050043,0.2722817520050043,0.2722817520050043
db10,db10_able_to_amputee,agency_margin_tau_0.02,ece,split_id|subject_id|session,1,0.2487650541610464,0.2487650541610464,0.2487650541610464
db10,db10_able_to_amputee,agency_margin_tau_0.02,ece,split_id|subject_id|session,15,0.29783487504985345,0.2716749329419406,0.3240486550761384
db10,db10_able_to_amputee,agency_margin_tau_0.02,ece,split_id|subject_id|session,15,0.33083250441985457,0.24127344463110567,0.44771921711785406
db10,db10_able_to_amputee,agency_margin_tau_0.05,ece,split_id|subject_id|session,15,0.21478057924579325,0.17885540258540963,0.2509113981543082
db10,db10_able_to_amputee,agency_margin_tau_0.05,ece,split_id|subject_id|session,15,0.25991582270072355,0.1581608589588457,0.3928861556531414
db10,db10_able_to_amputee,agency_margin_tau_0.05,ece,split_id|subject_id|session,15,0.26804537923401006,0.16668525620970923,0.398734523611974
db10,db10_able_to_amputee,agency_margin_tau_0.05,ece,split_id|subject_id|session,1,0.2722817520050043,0.2722817520050043,0.2722817520050043
db10,db10_able_to_amputee,agency_margin_tau_0.05,ece,split_id|subject_id|session,1,0.2487650541610464,0.2487650541610464,0.2487650541610464
db10,db10_able_to_amputee,agency_margin_tau_0.05,ece,split_id|subject_id|session,15,0.2471582774490867,0.21767164244100679,0.27478680600921795
db10,db10_able_to_amputee,agency_margin_tau_0.05,ece,split_id|subject_id|session,15,0.26804537923401006,0.16668525620970923,0.398734523611974
db10,db10_able_to_amputee,agency_margin_tau_0.10,ece,split_id|subject_id|session,15,0.18989560719835102,0.14892297559574075,0.23086539087997826
db10,db10_able_to_amputee,agency_margin_tau_0.10,ece,split_id|subject_id|session,15,0.20490037115886056,0.09587491331494928,0.3472022466295132
db10,db10_able_to_amputee,agency_margin_tau_0.10,ece,split_id|subject_id|session,15,0.21238340333045078,0.10408835610116988,0.3530414403435899
db10,db10_able_to_amputee,agency_margin_tau_0.10,ece,split_id|subject_id|session,1,0.2722817520050043,0.2722817520050043,0.2722817520050043
db10,db10_able_to_amputee,agency_margin_tau_0.10,ece,split_id|subject_id|session,1,0.2487650541610464,0.2487650541610464,0.2487650541610464
db10,db10_able_to_amputee,agency_margin_tau_0.10,ece,split_id|subject_id|session,15,0.18208720656296576,0.15095027297429006,0.21553986873489023
db10,db10_able_to_amputee,agency_margin_tau_0.10,ece,split_id|subject_id|session,15,0.21238340333045078,0.10408835610116988,0.3530414403435899
db10,db10_able_to_amputee,agency_margin_tau_0.15,ece,split_id|subject_id|session,15,0.16702402000031197,0.12147038109306983,0.21149950521118246
db10,db10_able_to_amputee,agency_margin_tau_0.15,ece,split_id|subject_id|session,15,0.19121564325358123,0.08204920998951319,0.335064691343924
db10,db10_able_to_amputee,agency_margin_tau_0.15,ece,split_id|subject_id|session,15,0.19938090084026558,0.09333179973616425,0.342658704121099
db10,db10_able_to_amputee,agency_margin_tau_0.15,ece,split_id|subject_id|session,1,0.2722817520050043,0.2722817520050043,0.2722817520050043
db10,db10_able_to_amputee,agency_margin_tau_0.15,ece,split_id|subject_id|session,1,0.2487650541610464,0.2487650541610464,0.2487650541610464
db10,db10_able_to_amputee,agency_margin_tau_0.15,ece,split_id|subject_id|session,15,0.16223939754571912,0.13000105009920818,0.20147373175012925
db10,db10_able_to_amputee,agency_margin_tau_0.15,ece,split_id|subject_id|session,15,0.19938090084026558,0.09333179973616425,0.342658704121099
db10,db10_able_to_amputee,agency_margin_tau_0.20,ece,split_id|subject_id|session,15,0.15217476624952947,0.1038165772192712,0.19995833605716895
db10,db10_able_to_amputee,agency_margin_tau_0.20,ece,split_id|subject_id|session,15,0.18458378009543247,0.07674715273671433,0.3303111151656932
db10,db10_able_to_amputee,agency_margin_tau_0.20,ece,split_id|subject_id|session,15,0.1932381326906872,0.08782698597769495,0.3382483251518868
db10,db10_able_to_amputee,agency_margin_tau_0.20,ece,split_id|subject_id|session,1,0.2722817520050043,0.2722817520050043,0.2722817520050043
db10,db10_able_to_amputee,agency_margin_tau_0.20,ece,split_id|subject_id|session,1,0.2487650541610464,0.2487650541610464,0.2487650541610464
db10,db10_able_to_amputee,agency_margin_tau_0.20,ece,split_id|subject_id|session,15,0.14602075482971102,0.11532966621409185,0.18308436621994553
db10,db10_able_to_amputee,agency_margin_tau_0.20,ece,split_id|subject_id|session,15,0.1932381326906872,0.08782698597769495,0.3382483251518868
db10,db10_able_to_amputee,assist_only,ece,split_id|subject_id|session,15,0.10157414625421658,0.06798337024442196,0.13781769202353022
db10,db10_able_to_amputee,assist_only,ece,split_id|subject_id|session,15,0.09685136714997127,0.06426237714183111,0.13579515180825927
db10,db10_able_to_amputee,assist_only,ece,split_id|subject_id|session,15,0.09879052818473252,0.06973072315808054,0.13245416930441356
db10,db10_able_to_amputee,assist_only,ece,split_id|subject_id|session,1,0.4090909090909091,0.4090909090909091,0.4090909090909091
db10,db10_able_to_amputee,assist_only,ece,split_id|subject_id|session,1,0.4090909090909091,0.4090909090909091,0.4090909090909091
db10,db10_able_to_amputee,assist_only,ece,split_id|subject_id|session,15,0.09879052818473252,0.06973072315808054,0.13245416930441356
db10,db10_able_to_amputee,assist_only,ece,split_id|subject_id|session,15,0.09879052818473252,0.06973072315808054,0.13245416930441356
db10,db10_able_to_amputee,confidence_blend_alpha_0.25,ece,split_id|subject_id|session,15,0.3121233500705104,0.2712674598980413,0.3590815431784289
db10,db10_able_to_amputee,confidence_blend_alpha_0.25,ece,split_id|subject_id|session,15,0.42656839581515615,0.38116056718941416,0.47754181649922667
db10,db10_able_to_amputee,confidence_blend_alpha_0.25,ece,split_id|subject_id|session,15,0.40511764019275043,0.35956255922167507,0.4601195012401153
db10,db10_able_to_amputee,confidence_blend_alpha_0.25,ece,split_id|subject_id|session,1,0.212831443873883,0.212831443873883,0.212831443873883
db10,db10_able_to_amputee,confidence_blend_alpha_0.25,ece,split_id|subject_id|session,1,0.1935867776337718,0.1935867776337718,0.1935867776337718
db10,db10_able_to_amputee,confidence_blend_alpha_0.25,ece,split_id|subject_id|session,15,0.3005618023908354,0.26265071488876757,0.3386821841441225
db10,db10_able_to_amputee,confidence_blend_alpha_0.25,ece,split_id|subject_id|session,15,0.40511764019275043,0.35956255922167507,0.4601195012401153
db10,db10_able_to_amputee,confidence_blend_alpha_0.50,ece,split_id|subject_id|session,15,0.19692599725006416,0.15368246141471778,0.24225927609326692
db10,db10_able_to_amputee,confidence_blend_alpha_0.50,ece,split_id|subject_id|session,15,0.26587809124611783,0.23118845935243973,0.30327405191260726
db10,db10_able_to_amputee,confidence_blend_alpha_0.50,ece,split_id|subject_id|session,15,0.2493140618419589,0.21222188818849108,0.28906553850015143
db10,db10_able_to_amputee,confidence_blend_alpha_0.50,ece,split_id|subject_id|session,1,0.1533811357427619,0.1533811357427619,0.1533811357427619
db10,db10_able_to_amputee,confidence_blend_alpha_0.50,ece,split_id|subject_id|session,1,0.1384085011064972,0.1384085011064972,0.1384085011064972
db10,db10_able_to_amputee,confidence_blend_alpha_0.50,ece,split_id|subject_id|session,15,0.21037735119768147,0.176397280290341,0.24274225773094923
db10,db10_able_to_amputee,confidence_blend_alpha_0.50,ece,split_id|subject_id|session,15,0.2493140618419589,0.21222188818849108,0.28906553850015143
db10,db10_able_to_amputee,confidence_blend_alpha_0.75,ece,split_id|subject_id|session,15,0.09666132665977648,0.08066769471244642,0.11370807228719415
db10,db10_able_to_amputee,confidence_blend_alpha_0.75,ece,split_id|subject_id|session,15,0.10333317438060705,0.08519272628248038,0.12343139369051533
db10,db10_able_to_amputee,confidence_blend_alpha_0.75,ece,split_id|subject_id|session,15,0.09345442375040366,0.07200921840991491,0.11556476421807928
db10,db10_able_to_amputee,confidence_blend_alpha_0.75,ece,split_id|subject_id|session,1,0.0939308276116406,0.0939308276116406,0.0939308276116406
db10,db10_able_to_amputee,confidence_blend_alpha_0.75,ece,split_id|subject_id|session,1,0.0832302245792226,0.0832302245792226,0.0832302245792226
db10,db10_able_to_amputee,confidence_blend_alpha_0.75,ece,split_id|subject_id|session,15,0.09296464345828405,0.07218889119029633,0.11525338623381999
db10,db10_able_to_amputee,confidence_blend_alpha_0.75,ece,split_id|subject_id|session,15,0.09345442375040366,0.07200921840991491,0.11556476421807928
db10,db10_able_to_amputee,selective_prediction,ece,split_id|subject_id|session,15,0.16549845312313993,0.12650289779310658,0.20649954875889084
db10,db10_able_to_amputee,selective_prediction,ece,split_id|subject_id|session,15,0.19901858631559588,0.09678258672628362,0.33366176606610914
db10,db10_able_to_amputee,selective_prediction,ece,split_id|subject_id|session,15,0.20922384168288588,0.1073411104235674,0.34515107608077317
db10,db10_able_to_amputee,selective_prediction,ece,split_id|subject_id|session,1,0.2722817520050043,0.2722817520050043,0.2722817520050043
db10,db10_able_to_amputee,selective_prediction,ece,split_id|subject_id|session,1,0.2487650541610464,0.2487650541610464,0.2487650541610464
db10,db10_able_to_amputee,selective_prediction,ece,split_id|subject_id|session,15,0.15475416154921226,0.1219960435339585,0.19181646523464435
db10,db10_able_to_amputee,selective_prediction,ece,split_id|subject_id|session,15,0.20922384168288588,0.1073411104235674,0.34515107608077317
db10,db10_able_to_amputee,set_acsa_tau_0.02,ece,split_id|subject_id|session,15,0.14209153853800885,0.10910533104305757,0.18396729559329741
db10,db10_able_to_amputee,set_acsa_tau_0.02,ece,split_id|subject_id|session,15,0.1807909603920958,0.07561187864564713,0.3281489578245473
db10,db10_able_to_amputee,set_acsa_tau_0.02,ece,split_id|subject_id|session,15,0.1827924377503275,0.07765581458820175,0.33083486660975525
db10,db10_able_to_amputee,set_acsa_tau_0.02,ece,split_id|subject_id|session,1,0.2722817520050043,0.2722817520050043,0.2722817520050043
db10,db10_able_to_amputee,set_acsa_tau_0.02,ece,split_id|subject_id|session,1,0.2487650541610464,0.2487650541610464,0.2487650541610464
db10,db10_able_to_amputee,set_acsa_tau_0.02,ece,split_id|subject_id|session,15,0.13801335420368488,0.11361896591830639,0.16523062008199957
db10,db10_able_to_amputee,set_acsa_tau_0.02,ece,split_id|subject_id|session,15,0.1827924377503275,0.07765581458820175,0.33083486660975525
db10,db10_able_to_amputee,set_acsa_tau_0.05,ece,split_id|subject_id|session,15,0.14289238847227226,0.10559565519760317,0.1865478337176416
db10,db10_able_to_amputee,set_acsa_tau_0.05,ece,split_id|subject_id|session,15,0.1817550803426133,0.07495066039804422,0.32897984583156153
db10,db10_able_to_amputee,set_acsa_tau_0.05,ece,split_id|subject_id|session,15,0.18479727413142327,0.0776333461590728,0.33213542429571974
db10,db10_able_to_amputee,set_acsa_tau_0.05,ece,split_id|subject_id|session,1,0.2722817520050043,0.2722817520050043,0.2722817520050043
db10,db10_able_to_amputee,set_acsa_tau_0.05,ece,split_id|subject_id|session,1,0.2487650541610464,0.2487650541610464,0.2487650541610464
db10,db10_able_to_amputee,set_acsa_tau_0.05,ece,split_id|subject_id|session,15,0.13849405356355582,0.11312016342670184,0.16700799237783828
db10,db10_able_to_amputee,set_acsa_tau_0.05,ece,split_id|subject_id|session,15,0.18479727413142327,0.0776333461590728,0.33213542429571974
db10,db10_able_to_amputee,set_acsa_tau_0.10,ece,split_id|subject_id|session,15,0.15434106904120082,0.11258244412004026,0.19787453033457506
db10,db10_able_to_amputee,set_acsa_tau_0.10,ece,split_id|subject_id|session,15,0.18332070119547167,0.07730724715833827,0.3290956516421954
db10,db10_able_to_amputee,set_acsa_tau_0.10,ece,split_id|subject_id|session,15,0.18995455677707812,0.08411678076294375,0.3354090430542868
db10,db10_able_to_amputee,set_acsa_tau_0.10,ece,split_id|subject_id|session,1,0.2722817520050043,0.2722817520050043,0.2722817520050043
db10,db10_able_to_amputee,set_acsa_tau_0.10,ece,split_id|subject_id|session,1,0.2487650541610464,0.2487650541610464,0.2487650541610464
db10,db10_able_to_amputee,set_acsa_tau_0.10,ece,split_id|subject_id|session,15,0.1380242295210839,0.11178980129128711,0.1679096696932046
db10,db10_able_to_amputee,set_acsa_tau_0.10,ece,split_id|subject_id|session,15,0.18995455677707812,0.08411678076294375,0.3354090430542868
db10,db10_able_to_amputee,set_acsa_tau_0.15,ece,split_id|subject_id|session,15,0.15216842807581163,0.10632002573061351,0.19764967069580025
db10,db10_able_to_amputee,set_acsa_tau_0.15,ece,split_id|subject_id|session,15,0.18150772397234866,0.07447607196145535,0.3277593098798867
db10,db10_able_to_amputee,set_acsa_tau_0.15,ece,split_id|subject_id|session,15,0.18937460168380926,0.08308726648464575,0.33496523983388593
db10,db10_able_to_amputee,set_acsa_tau_0.15,ece,split_id|subject_id|session,1,0.2722817520050043,0.2722817520050043,0.2722817520050043
db10,db10_able_to_amputee,set_acsa_tau_0.15,ece,split_id|subject_id|session,1,0.2487650541610464,0.2487650541610464,0.2487650541610464
db10,db10_able_to_amputee,set_acsa_tau_0.15,ece,split_id|subject_id|session,15,0.1338179623730072,0.10752693163206174,0.16351539078841792
db10,db10_able_to_amputee,set_acsa_tau_0.15,ece,split_id|subject_id|session,15,0.18937460168380926,0.08308726648464575,0.33496523983388593
db10,db10_able_to_amputee,set_acsa_tau_0.20,ece,split_id|subject_id|session,15,0.14636306311034114,0.09965809014945491,0.1944090722553978
db10,db10_able_to_amputee,set_acsa_tau_0.20,ece,split_id|subject_id|session,15,0.18021433373599202,0.07324712845182256,0.32677607969751427
db10,db10_able_to_amputee,set_acsa_tau_0.20,ece,split_id|subject_id|session,15,0.18881944727567262,0.08332982591649447,0.33443978143943515
db10,db10_able_to_amputee,set_acsa_tau_0.20,ece,split_id|subject_id|session,1,0.2722817520050043,0.2722817520050043,0.2722817520050043
db10,db10_able_to_amputee,set_acsa_tau_0.20,ece,split_id|subject_id|session,1,0.2487650541610464,0.2487650541610464,0.2487650541610464
db10,db10_able_to_amputee,set_acsa_tau_0.20,ece,split_id|subject_id|session,15,0.12731287399857247,0.10103571657635121,0.1580066175448365
db10,db10_able_to_amputee,set_acsa_tau_0.20,ece,split_id|subject_id|session,15,0.18881944727567262,0.08332982591649447,0.33443978143943515
db10,db10_able_to_amputee,user_only,ece,split_id|subject_id|session,15,0.19079796956566944,0.15359721870224774,0.230094697246069
db10,db10_able_to_amputee,user_only,ece,split_id|subject_id|session,15,0.34797846275968325,0.2597329013429197,0.4527932141203668
db10,db10_able_to_amputee,user_only,ece,split_id|subject_id|session,15,0.34797846275968325,0.2597329013429197,0.4527932141203668
db10,db10_able_to_amputee,user_only,ece,split_id|subject_id|session,1,0.2722817520050043,0.2722817520050043,0.2722817520050043
db10,db10_able_to_amputee,user_only,ece,split_id|subject_id|session,1,0.2487650541610464,0.2487650541610464,0.2487650541610464
db10,db10_able_to_amputee,user_only,ece,split_id|subject_id|session,15,0.3051307392469132,0.26630891645997873,0.34322464368649985
db10,db10_able_to_amputee,user_only,ece,split_id|subject_id|session,15,0.34797846275968325,0.2597329013429197,0.4527932141203668
db10,db10_able_to_amputee,agency_margin_tau_0.02,macro_f1,split_id|subject_id|session,15,0.15425154794286397,0.12652079684572648,0.18033471053222802
db10,db10_able_to_amputee,agency_margin_tau_0.02,macro_f1,split_id|subject_id|session,15,0.19184959778824492,0.14950348615073122,0.23101075470572102
db10,db10_able_to_amputee,agency_margin_tau_0.02,macro_f1,split_id|subject_id|session,15,0.18450478284371377,0.1436137062495214,0.22202566457184683
db10,db10_able_to_amputee,agency_margin_tau_0.02,macro_f1,split_id|subject_id|session,1,0.0497662731398542,0.0497662731398542,0.0497662731398542
db10,db10_able_to_amputee,agency_margin_tau_0.02,macro_f1,split_id|subject_id|session,1,0.060121039105556,0.060121039105556,0.060121039105556
db10,db10_able_to_amputee,agency_margin_tau_0.02,macro_f1,split_id|subject_id|session,15,0.14277733265441123,0.11846044065534486,0.1639190828401756
db10,db10_able_to_amputee,agency_margin_tau_0.02,macro_f1,split_id|subject_id|session,15,0.18450478284371377,0.1436137062495214,0.22202566457184683
db10,db10_able_to_amputee,agency_margin_tau_0.05,macro_f1,split_id|subject_id|session,15,0.25160239909304205,0.2055092940029167,0.29584839453288575
db10,db10_able_to_amputee,agency_margin_tau_0.05,macro_f1,split_id|subject_id|session,15,0.34663225277732784,0.2616089377629525,0.4243794982501987
db10,db10_able_to_amputee,agency_margin_tau_0.05,macro_f1,split_id|subject_id|session,15,0.3229188052496623,0.24351709361338703,0.39705066053190596
db10,db10_able_to_amputee,agency_margin_tau_0.05,macro_f1,split_id|subject_id|session,1,0.0497662731398542,0.0497662731398542,0.0497662731398542
db10,db10_able_to_amputee,agency_margin_tau_0.05,macro_f1,split_id|subject_id|session,1,0.060121039105556,0.060121039105556,0.060121039105556
db10,db10_able_to_amputee,agency_margin_tau_0.05,macro_f1,split_id|subject_id|session,15,0.2101444913908173,0.17437157356838026,0.24301645135529856
db10,db10_able_to_amputee,agency_margin_tau_0.05,macro_f1,split_id|subject_id|session,15,0.3229188052496623,0.24351709361338703,0.39705066053190596
db10,db10_able_to_amputee,agency_margin_tau_0.10,macro_f1,split_id|subject_id|session,15,0.36278728641801367,0.29784113618349356,0.42480450943053905
db10,db10_able_to_amputee,agency_margin_tau_0.10,macro_f1,split_id|subject_id|session,15,0.44244972506054114,0.340497552133842,0.5384122505944159
db10,db10_able_to_amputee,agency_margin_tau_0.10,macro_f1,split_id|subject_id|session,15,0.4072140188682771,0.31027762661668057,0.49992271160931356
db10,db10_able_to_amputee,agency_margin_tau_0.10,macro_f1,split_id|subject_id|session,1,0.0497662731398542,0.0497662731398542,0.0497662731398542
db10,db10_able_to_amputee,agency_margin_tau_0.10,macro_f1,split_id|subject_id|session,1,0.060121039105556,0.060121039105556,0.060121039105556
db10,db10_able_to_amputee,agency_margin_tau_0.10,macro_f1,split_id|subject_id|session,15,0.2946516637249558,0.24309863579977467,0.3436374548220094
db10,db10_able_to_amputee,agency_margin_tau_0.10,macro_f1,split_id|subject_id|session,15,0.4072140188682771,0.31027762661668057,0.49992271160931356
db10,db10_able_to_amputee,agency_margin_tau_0.15,macro_f1,split_id|subject_id|session,15,0.4335264103227667,0.35649164728516564,0.5047394143117294
db10,db10_able_to_amputee,agency_margin_tau_0.15,macro_f1,split_id|subject_id|session,15,0.4745639342754302,0.3707037092106368,0.5731501621952758
db10,db10_able_to_amputee,agency_margin_tau_0.15,macro_f1,split_id|subject_id|session,15,0.43452708750643576,0.3387897505951386,0.5258271620807908
db10,db10_able_to_amputee,agency_margin_tau_0.15,macro_f1,split_id|subject_id|session,1,0.0497662731398542,0.0497662731398542,0.0497662731398542
db10,db10_able_to_amputee,agency_margin_tau_0.15,macro_f1,split_id|subject_id|session,1,0.060121039105556,0.060121039105556,0.060121039105556
db10,db10_able_to_amputee,agency_margin_tau_0.15,macro_f1,split_id|subject_id|session,15,0.3384129779066205,0.2791080118618557,0.3954444161888664
db10,db10_able_to_amputee,agency_margin_tau_0.15,macro_f1,split_id|subject_id|session,15,0.43452708750643576,0.3387897505951386,0.5258271620807908
db10,db10_able_to_amputee,agency_margin_tau_0.20,macro_f1,split_id|subject_id|session,15,0.4765102439705083,0.38714851495757063,0.5559250928850312
db10,db10_able_to_amputee,agency_margin_tau_0.20,macro_f1,split_id|subject_id|session,15,0.48871444069731684,0.38307909239081506,0.5874484352970797
db10,db10_able_to_amputee,agency_margin_tau_0.20,macro_f1,split_id|subject_id|session,15,0.4477837018092286,0.3523404586281997,0.539546433060653
db10,db10_able_to_amputee,agency_margin_tau_0.20,macro_f1,split_id|subject_id|session,1,0.0497662731398542,0.0497662731398542,0.0497662731398542
db10,db10_able_to_amputee,agency_margin_tau_0.20,macro_f1,split_id|subject_id|session,1,0.060121039105556,0.060121039105556,0.060121039105556
db10,db10_able_to_amputee,agency_margin_tau_0.20,macro_f1,split_id|subject_id|session,15,0.3794865518100149,0.3129226528539124,0.4449492432854772
db10,db10_able_to_amputee,agency_margin_tau_0.20,macro_f1,split_id|subject_id|session,15,0.4477837018092286,0.3523404586281997,0.539546433060653
db10,db10_able_to_amputee,assist_only,macro_f1,split_id|subject_id|session,15,0.5566059254086705,0.4635529159720271,0.6380217116137068
db10,db10_able_to_amputee,assist_only,macro_f1,split_id|subject_id|session,15,0.5208083607617701,0.41830071088422194,0.6106049320913228
db10,db10_able_to_amputee,assist_only,macro_f1,split_id|subject_id|session,15,0.47956627694022874,0.3862818670955628,0.5615388539419893
db10,db10_able_to_amputee,assist_only,macro_f1,split_id|subject_id|session,1,0.0606060606060606,0.0606060606060606,0.0606060606060606
db10,db10_able_to_amputee,assist_only,macro_f1,split_id|subject_id|session,1,0.0606060606060606,0.0606060606060606,0.0606060606060606
db10,db10_able_to_amputee,assist_only,macro_f1,split_id|subject_id|session,15,0.47956627694022874,0.3862818670955628,0.5615388539419893
db10,db10_able_to_amputee,assist_only,macro_f1,split_id|subject_id|session,15,0.47956627694022874,0.3862818670955628,0.5615388539419893
db10,db10_able_to_amputee,confidence_blend_alpha_0.25,macro_f1,split_id|subject_id|session,15,0.49496946286254195,0.39703675625997414,0.5814271081535625
db10,db10_able_to_amputee,confidence_blend_alpha_0.25,macro_f1,split_id|subject_id|session,15,0.48821512110178317,0.3827588039353219,0.5899327167144744
db10,db10_able_to_amputee,confidence_blend_alpha_0.25,macro_f1,split_id|subject_id|session,15,0.44653626427069076,0.3499897937068958,0.5386364248391264
db10,db10_able_to_amputee,confidence_blend_alpha_0.25,macro_f1,split_id|subject_id|session,1,0.0497662731398542,0.0497662731398542,0.0497662731398542
db10,db10_able_to_amputee,confidence_blend_alpha_0.25,macro_f1,split_id|subject_id|session,1,0.060121039105556,0.060121039105556,0.060121039105556
db10,db10_able_to_amputee,confidence_blend_alpha_0.25,macro_f1,split_id|subject_id|session,15,0.37731686387476737,0.3065893506921697,0.4479018113297924
db10,db10_able_to_amputee,confidence_blend_alpha_0.25,macro_f1,split_id|subject_id|session,15,0.44653626427069076,0.3499897937068958,0.5386364248391264
db10,db10_able_to_amputee,confidence_blend_alpha_0.50,macro_f1,split_id|subject_id|session,15,0.5539751756794691,0.4601178888040295,0.6344118491784883
db10,db10_able_to_amputee,confidence_blend_alpha_0.50,macro_f1,split_id|subject_id|session,15,0.5127690882243414,0.40639389180782587,0.6085935003245022
db10,db10_able_to_amputee,confidence_blend_alpha_0.50,macro_f1,split_id|subject_id|session,15,0.47093787234903967,0.37018339586842947,0.5592268024375542
db10,db10_able_to_amputee,confidence_blend_alpha_0.50,macro_f1,split_id|subject_id|session,1,0.0497662731398542,0.0497662731398542,0.0497662731398542
db10,db10_able_to_amputee,confidence_blend_alpha_0.50,macro_f1,split_id|subject_id|session,1,0.060121039105556,0.060121039105556,0.060121039105556
db10,db10_able_to_amputee,confidence_blend_alpha_0.50,macro_f1,split_id|subject_id|session,15,0.4732579973708408,0.38064041819410277,0.555546285514306
db10,db10_able_to_amputee,confidence_blend_alpha_0.50,macro_f1,split_id|subject_id|session,15,0.47093787234903967,0.37018339586842947,0.5592268024375542
db10,db10_able_to_amputee,confidence_blend_alpha_0.75,macro_f1,split_id|subject_id|session,15,0.5568236463939241,0.4630893894294072,0.6384152517951446
db10,db10_able_to_amputee,confidence_blend_alpha_0.75,macro_f1,split_id|subject_id|session,15,0.522780534151196,0.4231731794755255,0.6118443319068609
db10,db10_able_to_amputee,confidence_blend_alpha_0.75,macro_f1,split_id|subject_id|session,15,0.48013093230995935,0.3868215213708932,0.5634193552599094
db10,db10_able_to_amputee,confidence_blend_alpha_0.75,macro_f1,split_id|subject_id|session,1,0.0497662731398542,0.0497662731398542,0.0497662731398542
db10,db10_able_to_amputee,confidence_blend_alpha_0.75,macro_f1,split_id|subject_id|session,1,0.060121039105556,0.060121039105556,0.060121039105556
db10,db10_able_to_amputee,confidence_blend_alpha_0.75,macro_f1,split_id|subject_id|session,15,0.4797922819660526,0.38555111942614356,0.5622295633559716
db10,db10_able_to_amputee,confidence_blend_alpha_0.75,macro_f1,split_id|subject_id|session,15,0.48013093230995935,0.3868215213708932,0.5634193552599094
db10,db10_able_to_amputee,selective_prediction,macro_f1,split_id|subject_id|session,15,0.4168241487353786,0.33264510940677516,0.48901268954073196
db10,db10_able_to_amputee,selective_prediction,macro_f1,split_id|subject_id|session,15,0.3465341021334017,0.2723607646357083,0.42101114323903904
db10,db10_able_to_amputee,selective_prediction,macro_f1,split_id|subject_id|session,15,0.2909223947147854,0.22628029118147083,0.35243131439528225
db10,db10_able_to_amputee,selective_prediction,macro_f1,split_id|subject_id|session,1,0.0497662731398542,0.0497662731398542,0.0497662731398542
db10,db10_able_to_amputee,selective_prediction,macro_f1,split_id|subject_id|session,1,0.060121039105556,0.060121039105556,0.060121039105556
db10,db10_able_to_amputee,selective_prediction,macro_f1,split_id|subject_id|session,15,0.2959827369984191,0.24011362159589594,0.3512822901845675
db10,db10_able_to_amputee,selective_prediction,macro_f1,split_id|subject_id|session,15,0.2909223947147854,0.22628029118147083,0.35243131439528225
db10,db10_able_to_amputee,set_acsa_tau_0.02,macro_f1,split_id|subject_id|session,15,0.144381897553176,0.11815279179754917,0.16823044062148287
db10,db10_able_to_amputee,set_acsa_tau_0.02,macro_f1,split_id|subject_id|session,15,0.17372189815265152,0.13524211330067792,0.2098054202807549
db10,db10_able_to_amputee,set_acsa_tau_0.02,macro_f1,split_id|subject_id|session,15,0.16449769073587547,0.12889671691439578,0.1993657214041386
db10,db10_able_to_amputee,set_acsa_tau_0.02,macro_f1,split_id|subject_id|session,1,0.0497662731398542,0.0497662731398542,0.0497662731398542
db10,db10_able_to_amputee,set_acsa_tau_0.02,macro_f1,split_id|subject_id|session,1,0.060121039105556,0.060121039105556,0.060121039105556
db10,db10_able_to_amputee,set_acsa_tau_0.02,macro_f1,split_id|subject_id|session,15,0.13858190803746742,0.11536916376929228,0.1590595015102418
db10,db10_able_to_amputee,set_acsa_tau_0.02,macro_f1,split_id|subject_id|session,15,0.16449769073587547,0.12889671691439578,0.1993657214041386
db10,db10_able_to_amputee,set_acsa_tau_0.05,macro_f1,split_id|subject_id|session,15,0.23876048581589693,0.19494385178469276,0.28066521365536884
db10,db10_able_to_amputee,set_acsa_tau_0.05,macro_f1,split_id|subject_id|session,15,0.32644715402253843,0.2465776188093917,0.40017327100643735
db10,db10_able_to_amputee,set_acsa_tau_0.05,macro_f1,split_id|subject_id|session,15,0.2995515166128391,0.22586221011504432,0.368732428335885
db10,db10_able_to_amputee,set_acsa_tau_0.05,macro_f1,split_id|subject_id|session,1,0.0497662731398542,0.0497662731398542,0.0497662731398542
db10,db10_able_to_amputee,set_acsa_tau_0.05,macro_f1,split_id|subject_id|session,1,0.060121039105556,0.060121039105556,0.060121039105556
db10,db10_able_to_amputee,set_acsa_tau_0.05,macro_f1,split_id|subject_id|session,15,0.20005266134863137,0.16663133739874092,0.23174572348495043
db10,db10_able_to_amputee,set_acsa_tau_0.05,macro_f1,split_id|subject_id|session,15,0.2995515166128391,0.22586221011504432,0.368732428335885
db10,db10_able_to_amputee,set_acsa_tau_0.10,macro_f1,split_id|subject_id|session,15,0.35476156633246797,0.29162376465219436,0.41661467552205506
db10,db10_able_to_amputee,set_acsa_tau_0.10,macro_f1,split_id|subject_id|session,15,0.4317173691016554,0.3291065931532403,0.5291178399048015
db10,db10_able_to_amputee,set_acsa_tau_0.10,macro_f1,split_id|subject_id|session,15,0.3954152801338785,0.30022381154686745,0.4856493331671153
db10,db10_able_to_amputee,set_acsa_tau_0.10,macro_f1,split_id|subject_id|session,1,0.0497662731398542,0.0497662731398542,0.0497662731398542
db10,db10_able_to_amputee,set_acsa_tau_0.10,macro_f1,split_id|subject_id|session,1,0.060121039105556,0.060121039105556,0.060121039105556
db10,db10_able_to_amputee,set_acsa_tau_0.10,macro_f1,split_id|subject_id|session,15,0.28236020618222285,0.23236255181047347,0.3307741067258427
db10,db10_able_to_amputee,set_acsa_tau_0.10,macro_f1,split_id|subject_id|session,15,0.3954152801338785,0.30022381154686745,0.4856493331671153
db10,db10_able_to_amputee,set_acsa_tau_0.15,macro_f1,split_id|subject_id|session,15,0.4295402054844189,0.35373663526499455,0.5000391469091354
db10,db10_able_to_amputee,set_acsa_tau_0.15,macro_f1,split_id|subject_id|session,15,0.46730704587338,0.3645129895167842,0.5653097748786938
db10,db10_able_to_amputee,set_acsa_tau_0.15,macro_f1,split_id|subject_id|session,15,0.42769739217683883,0.3314699531510006,0.5184948933671979
db10,db10_able_to_amputee,set_acsa_tau_0.15,macro_f1,split_id|subject_id|session,1,0.0497662731398542,0.0497662731398542,0.0497662731398542
db10,db10_able_to_amputee,set_acsa_tau_0.15,macro_f1,split_id|subject_id|session,1,0.060121039105556,0.060121039105556,0.060121039105556
db10,db10_able_to_amputee,set_acsa_tau_0.15,macro_f1,split_id|subject_id|session,15,0.3286290077715705,0.27102944124660905,0.38458301472365036
db10,db10_able_to_amputee,set_acsa_tau_0.15,macro_f1,split_id|subject_id|session,15,0.42769739217683883,0.3314699531510006,0.5184948933671979
db10,db10_able_to_amputee,set_acsa_tau_0.20,macro_f1,split_id|subject_id|session,15,0.47468712555366205,0.38597411486406236,0.5536690304299848
db10,db10_able_to_amputee,set_acsa_tau_0.20,macro_f1,split_id|subject_id|session,15,0.48480420713794226,0.3805074558595419,0.5835469267651037
db10,db10_able_to_amputee,set_acsa_tau_0.20,macro_f1,split_id|subject_id|session,15,0.4437246150796176,0.3481616658190255,0.5348885731480889
db10,db10_able_to_amputee,set_acsa_tau_0.20,macro_f1,split_id|subject_id|session,1,0.0497662731398542,0.0497662731398542,0.0497662731398542
db10,db10_able_to_amputee,set_acsa_tau_0.20,macro_f1,split_id|subject_id|session,1,0.060121039105556,0.060121039105556,0.060121039105556
db10,db10_able_to_amputee,set_acsa_tau_0.20,macro_f1,split_id|subject_id|session,15,0.372601053367567,0.3073584028406748,0.4374395568820957
db10,db10_able_to_amputee,set_acsa_tau_0.20,macro_f1,split_id|subject_id|session,15,0.4437246150796176,0.3481616658190255,0.5348885731480889
db10,db10_able_to_amputee,user_only,macro_f1,split_id|subject_id|session,15,0.10283476988464336,0.084442039987254,0.11864585912494958
db10,db10_able_to_amputee,user_only,macro_f1,split_id|subject_id|session,15,0.11267427856950143,0.0911752967437247,0.13209128389831368
db10,db10_able_to_amputee,user_only,macro_f1,split_id|subject_id|session,15,0.11267427856950143,0.0911752967437247,0.13209128389831368
db10,db10_able_to_amputee,user_only,macro_f1,split_id|subject_id|session,1,0.0497662731398542,0.0497662731398542,0.0497662731398542
db10,db10_able_to_amputee,user_only,macro_f1,split_id|subject_id|session,1,0.060121039105556,0.060121039105556,0.060121039105556
db10,db10_able_to_amputee,user_only,macro_f1,split_id|subject_id|session,15,0.12218875402743984,0.10289082703801701,0.13935665127720162
db10,db10_able_to_amputee,user_only,macro_f1,split_id|subject_id|session,15,0.11267427856950143,0.0911752967437247,0.13209128389831368
db10,db10_able_to_amputee,agency_margin_tau_0.02,mean_ali,split_id|subject_id|session,15,0.0016627573389744335,0.0012692773843016626,0.002032611895117132
db10,db10_able_to_amputee,agency_margin_tau_0.02,mean_ali,split_id|subject_id|session,15,0.0012524559353464867,0.0009574609963441437,0.0015182556418432663
db10,db10_able_to_amputee,agency_margin_tau_0.02,mean_ali,split_id|subject_id|session,15,0.0012770915330024134,0.0009703707567582519,0.0015544419684959245
db10,db10_able_to_amputee,agency_margin_tau_0.02,mean_ali,split_id|subject_id|session,1,0.0,0.0,0.0
db10,db10_able_to_amputee,agency_margin_tau_0.02,mean_ali,split_id|subject_id|session,1,0.0,0.0,0.0
db10,db10_able_to_amputee,agency_margin_tau_0.02,mean_ali,split_id|subject_id|session,15,0.0006661882606385201,0.0005410120567651667,0.0007759581590176106
db10,db10_able_to_amputee,agency_margin_tau_0.02,mean_ali,split_id|subject_id|session,15,0.0012770915330024134,0.0009703707567582519,0.0015544419684959245
db10,db10_able_to_amputee,agency_margin_tau_0.05,mean_ali,split_id|subject_id|session,15,0.008779311500097973,0.006907638008914395,0.01060086782800479
db10,db10_able_to_amputee,agency_margin_tau_0.05,mean_ali,split_id|subject_id|session,15,0.007149724214324007,0.0055693624526380065,0.008659603410887076
db10,db10_able_to_amputee,agency_margin_tau_0.05,mean_ali,split_id|subject_id|session,15,0.007039186954294979,0.005442407176304799,0.008549230490367871
db10,db10_able_to_amputee,agency_margin_tau_0.05,mean_ali,split_id|subject_id|session,1,0.0,0.0,0.0
db10,db10_able_to_amputee,agency_margin_tau_0.05,mean_ali,split_id|subject_id|session,1,0.0,0.0,0.0
db10,db10_able_to_amputee,agency_margin_tau_0.05,mean_ali,split_id|subject_id|session,15,0.0041645619725458796,0.0034982095388933292,0.004782813116261426
db10,db10_able_to_amputee,agency_margin_tau_0.05,mean_ali,split_id|subject_id|session,15,0.007039186954294979,0.005442407176304799,0.008549230490367871
db10,db10_able_to_amputee,agency_margin_tau_0.10,mean_ali,split_id|subject_id|session,15,0.02251450312010952,0.01853063510463792,0.025664252243559345
db10,db10_able_to_amputee,agency_margin_tau_0.10,mean_ali,split_id|subject_id|session,15,0.016030512956971905,0.01279526364739419,0.019361835823143873
db10,db10_able_to_amputee,agency_margin_tau_0.10,mean_ali,split_id|subject_id|session,15,0.015681190423825434,0.012529578950941074,0.018993734036430534
db10,db10_able_to_amputee,agency_margin_tau_0.10,mean_ali,split_id|subject_id|session,1,0.0,0.0,0.0
db10,db10_able_to_amputee,agency_margin_tau_0.10,mean_ali,split_id|subject_id|session,1,0.0,0.0,0.0
db10,db10_able_to_amputee,agency_margin_tau_0.10,mean_ali,split_id|subject_id|session,15,0.012885051379744874,0.011139030896401564,0.014375445358566045
db10,db10_able_to_amputee,agency_margin_tau_0.10,mean_ali,split_id|subject_id|session,15,0.015681190423825434,0.012529578950941074,0.018993734036430534
db10,db10_able_to_amputee,agency_margin_tau_0.15,mean_ali,split_id|subject_id|session,15,0.03468624475354409,0.028903410297395616,0.0389162105796659
db10,db10_able_to_amputee,agency_margin_tau_0.15,mean_ali,split_id|subject_id|session,15,0.02096462728616853,0.01673301271029613,0.0255399654875796
db10,db10_able_to_amputee,agency_margin_tau_0.15,mean_ali,split_id|subject_id|session,15,0.020520792042756544,0.016249656670304317,0.025082813167556693
db10,db10_able_to_amputee,agency_margin_tau_0.15,mean_ali,split_id|subject_id|session,1,0.0,0.0,0.0
db10,db10_able_to_amputee,agency_margin_tau_0.15,mean_ali,split_id|subject_id|session,1,0.0,0.0,0.0
db10,db10_able_to_amputee,agency_margin_tau_0.15,mean_ali,split_id|subject_id|session,15,0.022531485042642855,0.018874559317163,0.02687239143131626
db10,db10_able_to_amputee,agency_margin_tau_0.15,mean_ali,split_id|subject_id|session,15,0.020520792042756544,0.016249656670304317,0.025082813167556693
db10,db10_able_to_amputee,agency_margin_tau_0.20,mean_ali,split_id|subject_id|session,15,0.04457957680831804,0.03694052954724776,0.05091505790859615
db10,db10_able_to_amputee,agency_margin_tau_0.20,mean_ali,split_id|subject_id|session,15,0.024325705430211828,0.019375137878431654,0.029542415442394467
db10,db10_able_to_amputee,agency_margin_tau_0.20,mean_ali,split_id|subject_id|session,15,0.023920048548425207,0.01893268608398182,0.029112591401114295
db10,db10_able_to_amputee,agency_margin_tau_0.20,mean_ali,split_id|subject_id|session,1,0.0,0.0,0.0
db10,db10_able_to_amputee,agency_margin_tau_0.20,mean_ali,split_id|subject_id|session,1,0.0,0.0,0.0
db10,db10_able_to_amputee,agency_margin_tau_0.20,mean_ali,split_id|subject_id|session,15,0.032850801496827155,0.027178345729164725,0.04014556072369871
db10,db10_able_to_amputee,agency_margin_tau_0.20,mean_ali,split_id|subject_id|session,15,0.023920048548425207,0.01893268608398182,0.029112591401114295
db10,db10_able_to_amputee,assist_only,mean_ali,split_id|subject_id|session,15,0.0957248497020248,0.0681619556353571,0.1369740936165251
db10,db10_able_to_amputee,assist_only,mean_ali,split_id|subject_id|session,15,0.1446248978708954,0.03296189703871252,0.29739930414392896
db10,db10_able_to_amputee,assist_only,mean_ali,split_id|subject_id|session,15,0.14405058443363922,0.03249516396709319,0.2968674227077384
db10,db10_able_to_amputee,assist_only,mean_ali,split_id|subject_id|session,1,0.2416782899085662,0.2416782899085662,0.2416782899085662
db10,db10_able_to_amputee,assist_only,mean_ali,split_id|subject_id|session,1,0.2010259147689945,0.2010259147689945,0.2010259147689945
db10,db10_able_to_amputee,assist_only,mean_ali,split_id|subject_id|session,15,0.07563453628994873,0.06332387334477177,0.08909227185785157
db10,db10_able_to_amputee,assist_only,mean_ali,split_id|subject_id|session,15,0.14405058443363922,0.03249516396709319,0.2968674227077384
db10,db10_able_to_amputee,confidence_blend_alpha_0.25,mean_ali,split_id|subject_id|session,15,0.04364829609779686,0.03582973382735172,0.05040190923141825
db10,db10_able_to_amputee,confidence_blend_alpha_0.25,mean_ali,split_id|subject_id|session,15,0.023113126916295437,0.01822059674763645,0.028361491920606965
db10,db10_able_to_amputee,confidence_blend_alpha_0.25,mean_ali,split_id|subject_id|session,15,0.022322108662447212,0.017602316680719966,0.027325283126570045
db10,db10_able_to_amputee,confidence_blend_alpha_0.25,mean_ali,split_id|subject_id|session,1,0.0,0.0,0.0
db10,db10_able_to_amputee,confidence_blend_alpha_0.25,mean_ali,split_id|subject_id|session,1,0.0,0.0,0.0
db10,db10_able_to_amputee,confidence_blend_alpha_0.25,mean_ali,split_id|subject_id|session,15,0.03308761899894712,0.02605847283084683,0.04218907384538645
db10,db10_able_to_amputee,confidence_blend_alpha_0.25,mean_ali,split_id|subject_id|session,15,0.022322108662447212,0.017602316680719966,0.027325283126570045
db10,db10_able_to_amputee,confidence_blend_alpha_0.50,mean_ali,split_id|subject_id|session,15,0.08401965489615697,0.06409822985597144,0.11145911065691086
db10,db10_able_to_amputee,confidence_blend_alpha_0.50,mean_ali,split_id|subject_id|session,15,0.037552201194185675,0.02534237827926315,0.05246697608770416
db10,db10_able_to_amputee,confidence_blend_alpha_0.50,mean_ali,split_id|subject_id|session,15,0.03780406683746498,0.0246378716446355,0.05447464087569318
db10,db10_able_to_amputee,confidence_blend_alpha_0.50,mean_ali,split_id|subject_id|session,1,0.0,0.0,0.0
db10,db10_able_to_amputee,confidence_blend_alpha_0.50,mean_ali,split_id|subject_id|session,1,0.0,0.0,0.0
db10,db10_able_to_amputee,confidence_blend_alpha_0.50,mean_ali,split_id|subject_id|session,15,0.06833678245333627,0.05736391395248603,0.08133045357474993
db10,db10_able_to_amputee,confidence_blend_alpha_0.50,mean_ali,split_id|subject_id|session,15,0.03780406683746498,0.0246378716446355,0.05447464087569318
db10,db10_able_to_amputee,confidence_blend_alpha_0.75,mean_ali,split_id|subject_id|session,15,0.09472127899149978,0.06717183748379339,0.13613890213310925
db10,db10_able_to_amputee,confidence_blend_alpha_0.75,mean_ali,split_id|subject_id|session,15,0.14288108335824523,0.032204860052659816,0.293899852820119
db10,db10_able_to_amputee,confidence_blend_alpha_0.75,mean_ali,split_id|subject_id|session,15,0.142741182487337,0.03186321053821926,0.29453060526614816
db10,db10_able_to_amputee,confidence_blend_alpha_0.75,mean_ali,split_id|subject_id|session,1,0.0,0.0,0.0
db10,db10_able_to_amputee,confidence_blend_alpha_0.75,mean_ali,split_id|subject_id|session,1,0.0,0.0,0.0
db10,db10_able_to_amputee,confidence_blend_alpha_0.75,mean_ali,split_id|subject_id|session,15,0.0743875979754826,0.06241597182391279,0.08749966596803285
db10,db10_able_to_amputee,confidence_blend_alpha_0.75,mean_ali,split_id|subject_id|session,15,0.142741182487337,0.03186321053821926,0.29453060526614816
db10,db10_able_to_amputee,selective_prediction,mean_ali,split_id|subject_id|session,15,0.03959467719907859,0.03335707581767281,0.04598086504539335
db10,db10_able_to_amputee,selective_prediction,mean_ali,split_id|subject_id|session,15,0.019149454329483017,0.013133607487637155,0.026246730086233825
db10,db10_able_to_amputee,selective_prediction,mean_ali,split_id|subject_id|session,15,0.017700325800884036,0.0113551682266652,0.02647455608967076
db10,db10_able_to_amputee,selective_prediction,mean_ali,split_id|subject_id|session,1,0.0,0.0,0.0
db10,db10_able_to_amputee,selective_prediction,mean_ali,split_id|subject_id|session,1,0.0,0.0,0.0
db10,db10_able_to_amputee,selective_prediction,mean_ali,split_id|subject_id|session,15,0.03303456642716117,0.025821181124653564,0.0410598432313696
db10,db10_able_to_amputee,selective_prediction,mean_ali,split_id|subject_id|session,15,0.017700325800884036,0.0113551682266652,0.02647455608967076
db10,db10_able_to_amputee,set_acsa_tau_0.02,mean_ali,split_id|subject_id|session,15,0.0011788877197800665,0.0008919641696786283,0.0014794932002481647
db10,db10_able_to_amputee,set_acsa_tau_0.02,mean_ali,split_id|subject_id|session,15,0.0009662525139769402,0.0007388095983813344,0.0011699726500819354
db10,db10_able_to_amputee,set_acsa_tau_0.02,mean_ali,split_id|subject_id|session,15,0.0009793934885716734,0.0007515239915371923,0.0011881935426845502
db10,db10_able_to_amputee,set_acsa_tau_0.02,mean_ali,split_id|subject_id|session,1,0.0,0.0,0.0
db10,db10_able_to_amputee,set_acsa_tau_0.02,mean_ali,split_id|subject_id|session,1,0.0,0.0,0.0
db10,db10_able_to_amputee,set_acsa_tau_0.02,mean_ali,split_id|subject_id|session,15,0.0005618575185539867,0.0004592877344931746,0.0006571291726388286
db10,db10_able_to_amputee,set_acsa_tau_0.02,mean_ali,split_id|subject_id|session,15,0.0009793934885716734,0.0007515239915371923,0.0011881935426845502
db10,db10_able_to_amputee,set_acsa_tau_0.05,mean_ali,split_id|subject_id|session,15,0.007640773246718021,0.005994514144441513,0.009310461253933608
db10,db10_able_to_amputee,set_acsa_tau_0.05,mean_ali,split_id|subject_id|session,15,0.006336683205172101,0.004926369942226924,0.007693950632752726
db10,db10_able_to_amputee,set_acsa_tau_0.05,mean_ali,split_id|subject_id|session,15,0.006138434486614253,0.004790434423947917,0.007445744905641542
db10,db10_able_to_amputee,set_acsa_tau_0.05,mean_ali,split_id|subject_id|session,1,0.0,0.0,0.0
db10,db10_able_to_amputee,set_acsa_tau_0.05,mean_ali,split_id|subject_id|session,1,0.0,0.0,0.0
db10,db10_able_to_amputee,set_acsa_tau_0.05,mean_ali,split_id|subject_id|session,15,0.003671909392111773,0.003089319115874204,0.004217547756704702
db10,db10_able_to_amputee,set_acsa_tau_0.05,mean_ali,split_id|subject_id|session,15,0.006138434486614253,0.004790434423947917,0.007445744905641542
db10,db10_able_to_amputee,set_acsa_tau_0.10,mean_ali,split_id|subject_id|session,15,0.02123665515642963,0.017458918057539036,0.02431271732626323
db10,db10_able_to_amputee,set_acsa_tau_0.10,mean_ali,split_id|subject_id|session,15,0.0151798471313233,0.012141704793511015,0.01833879860489052
db10,db10_able_to_amputee,set_acsa_tau_0.10,mean_ali,split_id|subject_id|session,15,0.014820922595684231,0.011798325583190593,0.01801164614507996
db10,db10_able_to_amputee,set_acsa_tau_0.10,mean_ali,split_id|subject_id|session,1,0.0,0.0,0.0
db10,db10_able_to_amputee,set_acsa_tau_0.10,mean_ali,split_id|subject_id|session,1,0.0,0.0,0.0
db10,db10_able_to_amputee,set_acsa_tau_0.10,mean_ali,split_id|subject_id|session,15,0.01175493658588362,0.01019610265994595,0.013207383590144657
db10,db10_able_to_amputee,set_acsa_tau_0.10,mean_ali,split_id|subject_id|session,15,0.014820922595684231,0.011798325583190593,0.01801164614507996
db10,db10_able_to_amputee,set_acsa_tau_0.15,mean_ali,split_id|subject_id|session,15,0.03360419489822105,0.028065556260527733,0.03764967909209193
db10,db10_able_to_amputee,set_acsa_tau_0.15,mean_ali,split_id|subject_id|session,15,0.020227416770778363,0.016153923836635883,0.024620617036680507
db10,db10_able_to_amputee,set_acsa_tau_0.15,mean_ali,split_id|subject_id|session,15,0.019832860855296456,0.015700767111348646,0.0242361438162947
db10,db10_able_to_amputee,set_acsa_tau_0.15,mean_ali,split_id|subject_id|session,1,0.0,0.0,0.0
db10,db10_able_to_amputee,set_acsa_tau_0.15,mean_ali,split_id|subject_id|session,1,0.0,0.0,0.0
db10,db10_able_to_amputee,set_acsa_tau_0.15,mean_ali,split_id|subject_id|session,15,0.020964130908545132,0.01755729891928864,0.025331585818995035
db10,db10_able_to_amputee,set_acsa_tau_0.15,mean_ali,split_id|subject_id|session,15,0.019832860855296456,0.015700767111348646,0.0242361438162947
db10,db10_able_to_amputee,set_acsa_tau_0.20,mean_ali,split_id|subject_id|session,15,0.043882819827560836,0.03642120912001223,0.04992119890711024
db10,db10_able_to_amputee,set_acsa_tau_0.20,mean_ali,split_id|subject_id|session,15,0.02389859747339381,0.01904186792610769,0.028995156400166776
db10,db10_able_to_amputee,set_acsa_tau_0.20,mean_ali,split_id|subject_id|session,15,0.02347387964077209,0.01873822093881078,0.02844994903146087
db10,db10_able_to_amputee,set_acsa_tau_0.20,mean_ali,split_id|subject_id|session,1,0.0,0.0,0.0
db10,db10_able_to_amputee,set_acsa_tau_0.20,mean_ali,split_id|subject_id|session,1,0.0,0.0,0.0
db10,db10_able_to_amputee,set_acsa_tau_0.20,mean_ali,split_id|subject_id|session,15,0.03141661778063646,0.025987569237406475,0.03849209256015656
db10,db10_able_to_amputee,set_acsa_tau_0.20,mean_ali,split_id|subject_id|session,15,0.02347387964077209,0.01873822093881078,0.02844994903146087
db10,db10_able_to_amputee,user_only,mean_ali,split_id|subject_id|session,15,0.0,0.0,0.0
db10,db10_able_to_amputee,user_only,mean_ali,split_id|subject_id|session,15,0.0,0.0,0.0
db10,db10_able_to_amputee,user_only,mean_ali,split_id|subject_id|session,15,0.0,0.0,0.0
db10,db10_able_to_amputee,user_only,mean_ali,split_id|subject_id|session,1,0.0,0.0,0.0
db10,db10_able_to_amputee,user_only,mean_ali,split_id|subject_id|session,1,0.0,0.0,0.0
db10,db10_able_to_amputee,user_only,mean_ali,split_id|subject_id|session,15,0.0,0.0,0.0
db10,db10_able_to_amputee,user_only,mean_ali,split_id|subject_id|session,15,0.0,0.0,0.0
db10,db10_able_to_amputee,agency_margin_tau_0.02,risk_coverage_auc,split_id|subject_id|session,15,0.4388557428230985,0.35846748017777263,0.5225184307077794
db10,db10_able_to_amputee,agency_margin_tau_0.02,risk_coverage_auc,split_id|subject_id|session,15,0.3465852272326953,0.2328791689629405,0.4851961975592436
db10,db10_able_to_amputee,agency_margin_tau_0.02,risk_coverage_auc,split_id|subject_id|session,15,0.36224469006453147,0.24906948618527067,0.4985646290636338
db10,db10_able_to_amputee,agency_margin_tau_0.02,risk_coverage_auc,split_id|subject_id|session,1,0.9171585644433156,0.9171585644433156,0.9171585644433156
db10,db10_able_to_amputee,agency_margin_tau_0.02,risk_coverage_auc,split_id|subject_id|session,1,0.9142813738991796,0.9142813738991796,0.9142813738991796
db10,db10_able_to_amputee,agency_margin_tau_0.02,risk_coverage_auc,split_id|subject_id|session,15,0.3342066626106888,0.26751076145376407,0.4151192871040333
db10,db10_able_to_amputee,agency_margin_tau_0.02,risk_coverage_auc,split_id|subject_id|session,15,0.36224469006453147,0.24906948618527067,0.4985646290636338
db10,db10_able_to_amputee,agency_margin_tau_0.05,risk_coverage_auc,split_id|subject_id|session,15,0.3953075414514509,0.309524316204143,0.48880749307792076
db10,db10_able_to_amputee,agency_margin_tau_0.05,risk_coverage_auc,split_id|subject_id|session,15,0.3064314196184293,0.18673245937013597,0.4525282727475671
db10,db10_able_to_amputee,agency_margin_tau_0.05,risk_coverage_auc,split_id|subject_id|session,15,0.3299548082190174,0.2163288862616721,0.470241309874338
db10,db10_able_to_amputee,agency_margin_tau_0.05,risk_coverage_auc,split_id|subject_id|session,1,0.9171585644433156,0.9171585644433156,0.9171585644433156
db10,db10_able_to_amputee,agency_margin_tau_0.05,risk_coverage_auc,split_id|subject_id|session,1,0.9142813738991796,0.9142813738991796,0.9142813738991796
db10,db10_able_to_amputee,agency_margin_tau_0.05,risk_coverage_auc,split_id|subject_id|session,15,0.3134005745145098,0.25282947075909257,0.3858969796024442
db10,db10_able_to_amputee,agency_margin_tau_0.05,risk_coverage_auc,split_id|subject_id|session,15,0.3299548082190174,0.2163288862616721,0.470241309874338
db10,db10_able_to_amputee,agency_margin_tau_0.10,risk_coverage_auc,split_id|subject_id|session,15,0.35080259769007227,0.26059126141505035,0.449313275203757
db10,db10_able_to_amputee,agency_margin_tau_0.10,risk_coverage_auc,split_id|subject_id|session,15,0.2893570397711938,0.16662405106774378,0.4404124287541273
db10,db10_able_to_amputee,agency_margin_tau_0.10,risk_coverage_auc,split_id|subject_id|session,15,0.31877692483508324,0.20335242438480255,0.461345976186867
db10,db10_able_to_amputee,agency_margin_tau_0.10,risk_coverage_auc,split_id|subject_id|session,1,0.9171585644433156,0.9171585644433156,0.9171585644433156
db10,db10_able_to_amputee,agency_margin_tau_0.10,risk_coverage_auc,split_id|subject_id|session,1,0.9142813738991796,0.9142813738991796,0.9142813738991796
db10,db10_able_to_amputee,agency_margin_tau_0.10,risk_coverage_auc,split_id|subject_id|session,15,0.28419630834318343,0.2291028641678146,0.34530187040008153
db10,db10_able_to_amputee,agency_margin_tau_0.10,risk_coverage_auc,split_id|subject_id|session,15,0.31877692483508324,0.20335242438480255,0.461345976186867
db10,db10_able_to_amputee,agency_margin_tau_0.15,risk_coverage_auc,split_id|subject_id|session,15,0.3249472463917917,0.22920485922637118,0.4286309827368302
db10,db10_able_to_amputee,agency_margin_tau_0.15,risk_coverage_auc,split_id|subject_id|session,15,0.2838603475168652,0.1613161441852888,0.4366834851256242
db10,db10_able_to_amputee,agency_margin_tau_0.15,risk_coverage_auc,split_id|subject_id|session,15,0.3146471183346088,0.19857477265247123,0.45844900208386197
db10,db10_able_to_amputee,agency_margin_tau_0.15,risk_coverage_auc,split_id|subject_id|session,1,0.9171585644433156,0.9171585644433156,0.9171585644433156
db10,db10_able_to_amputee,agency_margin_tau_0.15,risk_coverage_auc,split_id|subject_id|session,1,0.9142813738991796,0.9142813738991796,0.9142813738991796
db10,db10_able_to_amputee,agency_margin_tau_0.15,risk_coverage_auc,split_id|subject_id|session,15,0.26616503174693196,0.21557451416356535,0.31883239112299055
db10,db10_able_to_amputee,agency_margin_tau_0.15,risk_coverage_auc,split_id|subject_id|session,15,0.3146471183346088,0.19857477265247123,0.45844900208386197
db10,db10_able_to_amputee,agency_margin_tau_0.20,risk_coverage_auc,split_id|subject_id|session,15,0.31044658660663155,0.2151459414035964,0.41793494316275365
db10,db10_able_to_amputee,agency_margin_tau_0.20,risk_coverage_auc,split_id|subject_id|session,15,0.28168223627944017,0.15949397455004855,0.43463132012551736
db10,db10_able_to_amputee,agency_margin_tau_0.20,risk_coverage_auc,split_id|subject_id|session,15,0.3128118509169345,0.19748928552256267,0.4574243250490973
db10,db10_able_to_amputee,agency_margin_tau_0.20,risk_coverage_auc,split_id|subject_id|session,1,0.9171585644433156,0.9171585644433156,0.9171585644433156
db10,db10_able_to_amputee,agency_margin_tau_0.20,risk_coverage_auc,split_id|subject_id|session,1,0.9142813738991796,0.9142813738991796,0.9142813738991796
db10,db10_able_to_amputee,agency_margin_tau_0.20,risk_coverage_auc,split_id|subject_id|session,15,0.255167204788779,0.2037590587341701,0.30725016218130624
db10,db10_able_to_amputee,agency_margin_tau_0.20,risk_coverage_auc,split_id|subject_id|session,15,0.3128118509169345,0.19748928552256267,0.4574243250490973
db10,db10_able_to_amputee,assist_only,risk_coverage_auc,split_id|subject_id|session,15,0.2523807702061295,0.18895597502378234,0.31929036237911573
db10,db10_able_to_amputee,assist_only,risk_coverage_auc,split_id|subject_id|session,15,0.1930798561108584,0.1458135792497675,0.24288716294420723
db10,db10_able_to_amputee,assist_only,risk_coverage_auc,split_id|subject_id|session,15,0.23786639072271776,0.1855347930233384,0.29338997992080934
db10,db10_able_to_amputee,assist_only,risk_coverage_auc,split_id|subject_id|session,1,0.5025605518828724,0.5025605518828724,0.5025605518828724
db10,db10_able_to_amputee,assist_only,risk_coverage_auc,split_id|subject_id|session,1,0.5025605518828724,0.5025605518828724,0.5025605518828724
db10,db10_able_to_amputee,assist_only,risk_coverage_auc,split_id|subject_id|session,15,0.23786639072271776,0.1855347930233384,0.29338997992080934
db10,db10_able_to_amputee,assist_only,risk_coverage_auc,split_id|subject_id|session,15,0.23786639072271776,0.1855347930233384,0.29338997992080934
db10,db10_able_to_amputee,confidence_blend_alpha_0.25,risk_coverage_auc,split_id|subject_id|session,15,0.364845441375123,0.2687385630316998,0.46555642610566744
db10,db10_able_to_amputee,confidence_blend_alpha_0.25,risk_coverage_auc,split_id|subject_id|session,15,0.28667415058509416,0.17403065885883973,0.41810507191752233
db10,db10_able_to_amputee,confidence_blend_alpha_0.25,risk_coverage_auc,split_id|subject_id|session,15,0.32118248680293876,0.20531164842973695,0.45904490683263033
db10,db10_able_to_amputee,confidence_blend_alpha_0.25,risk_coverage_auc,split_id|subject_id|session,1,0.9171585644433156,0.9171585644433156,0.9171585644433156
db10,db10_able_to_amputee,confidence_blend_alpha_0.25,risk_coverage_auc,split_id|subject_id|session,1,0.9142813738991796,0.9142813738991796,0.9142813738991796
db10,db10_able_to_amputee,confidence_blend_alpha_0.25,risk_coverage_auc,split_id|subject_id|session,15,0.34921019312818197,0.29032817171115743,0.403638855523853
db10,db10_able_to_amputee,confidence_blend_alpha_0.25,risk_coverage_auc,split_id|subject_id|session,15,0.32118248680293876,0.20531164842973695,0.45904490683263033
db10,db10_able_to_amputee,confidence_blend_alpha_0.50,risk_coverage_auc,split_id|subject_id|session,15,0.26131325514986004,0.195945098590788,0.32901362754743185
db10,db10_able_to_amputee,confidence_blend_alpha_0.50,risk_coverage_auc,split_id|subject_id|session,15,0.2500798150480642,0.14943630702763147,0.3718079575123413
db10,db10_able_to_amputee,confidence_blend_alpha_0.50,risk_coverage_auc,split_id|subject_id|session,15,0.28774243399602095,0.18562094852375877,0.4146871980790043
db10,db10_able_to_amputee,confidence_blend_alpha_0.50,risk_coverage_auc,split_id|subject_id|session,1,0.9171585644433156,0.9171585644433156,0.9171585644433156
db10,db10_able_to_amputee,confidence_blend_alpha_0.50,risk_coverage_auc,split_id|subject_id|session,1,0.9142813738991796,0.9142813738991796,0.9142813738991796
db10,db10_able_to_amputee,confidence_blend_alpha_0.50,risk_coverage_auc,split_id|subject_id|session,15,0.23722999989834742,0.18577139761558667,0.29466012373816763
db10,db10_able_to_amputee,confidence_blend_alpha_0.50,risk_coverage_auc,split_id|subject_id|session,15,0.28774243399602095,0.18562094852375877,0.4146871980790043
db10,db10_able_to_amputee,confidence_blend_alpha_0.75,risk_coverage_auc,split_id|subject_id|session,15,0.25333393195103654,0.18958457001886694,0.31983431960268444
db10,db10_able_to_amputee,confidence_blend_alpha_0.75,risk_coverage_auc,split_id|subject_id|session,15,0.19241355595303913,0.1445449750279873,0.2427246844652297
db10,db10_able_to_amputee,confidence_blend_alpha_0.75,risk_coverage_auc,split_id|subject_id|session,15,0.23584859902295843,0.18194728617589515,0.29386284562781667
db10,db10_able_to_amputee,confidence_blend_alpha_0.75,risk_coverage_auc,split_id|subject_id|session,1,0.9171585644433156,0.9171585644433156,0.9171585644433156
db10,db10_able_to_amputee,confidence_blend_alpha_0.75,risk_coverage_auc,split_id|subject_id|session,1,0.9142813738991796,0.9142813738991796,0.9142813738991796
db10,db10_able_to_amputee,confidence_blend_alpha_0.75,risk_coverage_auc,split_id|subject_id|session,15,0.23551053223106028,0.18356251260028078,0.29131338456370975
db10,db10_able_to_amputee,confidence_blend_alpha_0.75,risk_coverage_auc,split_id|subject_id|session,15,0.23584859902295843,0.18194728617589515,0.29386284562781667
db10,db10_able_to_amputee,selective_prediction,risk_coverage_auc,split_id|subject_id|session,15,0.3105942091832563,0.2315016460049274,0.3965746488968736
db10,db10_able_to_amputee,selective_prediction,risk_coverage_auc,split_id|subject_id|session,15,0.3007342649418391,0.18145735695155388,0.4468439713500884
db10,db10_able_to_amputee,selective_prediction,risk_coverage_auc,split_id|subject_id|session,15,0.33851518300689526,0.22874679989870392,0.47307647925236984
db10,db10_able_to_amputee,selective_prediction,risk_coverage_auc,split_id|subject_id|session,1,0.9171614890127854,0.9171614890127854,0.9171614890127854
db10,db10_able_to_amputee,selective_prediction,risk_coverage_auc,split_id|subject_id|session,1,0.914285161943925,0.914285161943925,0.914285161943925
db10,db10_able_to_amputee,selective_prediction,risk_coverage_auc,split_id|subject_id|session,15,0.2816194884359754,0.22693962743651394,0.3364095527611993
db10,db10_able_to_amputee,selective_prediction,risk_coverage_auc,split_id|subject_id|session,15,0.33851518300689526,0.22874679989870392,0.47307647925236984
db10,db10_able_to_amputee,set_acsa_tau_0.02,risk_coverage_auc,split_id|subject_id|session,15,0.4817581996330509,0.40237734471239145,0.5618390636516771
db10,db10_able_to_amputee,set_acsa_tau_0.02,risk_coverage_auc,split_id|subject_id|session,15,0.35505937654851316,0.2430159994349867,0.49143865263277214
db10,db10_able_to_amputee,set_acsa_tau_0.02,risk_coverage_auc,split_id|subject_id|session,15,0.37119467957173297,0.2595830473360444,0.5058079212222232
db10,db10_able_to_amputee,set_acsa_tau_0.02,risk_coverage_auc,split_id|subject_id|session,1,0.9171585644433156,0.9171585644433156,0.9171585644433156
db10,db10_able_to_amputee,set_acsa_tau_0.02,risk_coverage_auc,split_id|subject_id|session,1,0.9142813738991796,0.9142813738991796,0.9142813738991796
db10,db10_able_to_amputee,set_acsa_tau_0.02,risk_coverage_auc,split_id|subject_id|session,15,0.3420754870221368,0.27538579006628194,0.42266865852199637
db10,db10_able_to_amputee,set_acsa_tau_0.02,risk_coverage_auc,split_id|subject_id|session,15,0.37119467957173297,0.2595830473360444,0.5058079212222232
db10,db10_able_to_amputee,set_acsa_tau_0.05,risk_coverage_auc,split_id|subject_id|session,15,0.41199998498160084,0.32578657010340073,0.5041465653070838
db10,db10_able_to_amputee,set_acsa_tau_0.05,risk_coverage_auc,split_id|subject_id|session,15,0.3102133305430561,0.19124888537108806,0.4564703482882365
db10,db10_able_to_amputee,set_acsa_tau_0.05,risk_coverage_auc,split_id|subject_id|session,15,0.33425771564740475,0.22125334798864899,0.4743447659990118
db10,db10_able_to_amputee,set_acsa_tau_0.05,risk_coverage_auc,split_id|subject_id|session,1,0.9171585644433156,0.9171585644433156,0.9171585644433156
db10,db10_able_to_amputee,set_acsa_tau_0.05,risk_coverage_auc,split_id|subject_id|session,1,0.9142813738991796,0.9142813738991796,0.9142813738991796
db10,db10_able_to_amputee,set_acsa_tau_0.05,risk_coverage_auc,split_id|subject_id|session,15,0.31816121964023025,0.25677546129719225,0.39082379348080487
db10,db10_able_to_amputee,set_acsa_tau_0.05,risk_coverage_auc,split_id|subject_id|session,15,0.33425771564740475,0.22125334798864899,0.4743447659990118
db10,db10_able_to_amputee,set_acsa_tau_0.10,risk_coverage_auc,split_id|subject_id|session,15,0.3539548320953959,0.2629148536159915,0.4527307549704838
db10,db10_able_to_amputee,set_acsa_tau_0.10,risk_coverage_auc,split_id|subject_id|session,15,0.290062903228004,0.16730377731620888,0.441130758098045
db10,db10_able_to_amputee,set_acsa_tau_0.10,risk_coverage_auc,split_id|subject_id|session,15,0.31953101649737964,0.20416685302563986,0.4617218257072414
db10,db10_able_to_amputee,set_acsa_tau_0.10,risk_coverage_auc,split_id|subject_id|session,1,0.9171585644433156,0.9171585644433156,0.9171585644433156
db10,db10_able_to_amputee,set_acsa_tau_0.10,risk_coverage_auc,split_id|subject_id|session,1,0.9142813738991796,0.9142813738991796,0.9142813738991796
db10,db10_able_to_amputee,set_acsa_tau_0.10,risk_coverage_auc,split_id|subject_id|session,15,0.2861211809024022,0.23092442597306254,0.34782495071313174
db10,db10_able_to_amputee,set_acsa_tau_0.10,risk_coverage_auc,split_id|subject_id|session,15,0.31953101649737964,0.20416685302563986,0.4617218257072414
db10,db10_able_to_amputee,set_acsa_tau_0.15,risk_coverage_auc,split_id|subject_id|session,15,0.3257346912232532,0.2300435140284156,0.42956811830359914
db10,db10_able_to_amputee,set_acsa_tau_0.15,risk_coverage_auc,split_id|subject_id|session,15,0.2841529426426259,0.16174944645762834,0.43681925458311005
db10,db10_able_to_amputee,set_acsa_tau_0.15,risk_coverage_auc,split_id|subject_id|session,15,0.31491947360268663,0.19887313063865208,0.45858929983602637
db10,db10_able_to_amputee,set_acsa_tau_0.15,risk_coverage_auc,split_id|subject_id|session,1,0.9171585644433156,0.9171585644433156,0.9171585644433156
db10,db10_able_to_amputee,set_acsa_tau_0.15,risk_coverage_auc,split_id|subject_id|session,1,0.9142813738991796,0.9142813738991796,0.9142813738991796
db10,db10_able_to_amputee,set_acsa_tau_0.15,risk_coverage_auc,split_id|subject_id|session,15,0.26707975931179534,0.21618700273153732,0.3196635412747418
db10,db10_able_to_amputee,set_acsa_tau_0.15,risk_coverage_auc,split_id|subject_id|session,15,0.31491947360268663,0.19887313063865208,0.45858929983602637
db10,db10_able_to_amputee,set_acsa_tau_0.20,risk_coverage_auc,split_id|subject_id|session,15,0.3106377267613369,0.21540218765706512,0.41805587503876235
db10,db10_able_to_amputee,set_acsa_tau_0.20,risk_coverage_auc,split_id|subject_id|session,15,0.2817932279357481,0.15957912609879885,0.4347612861585808
db10,db10_able_to_amputee,set_acsa_tau_0.20,risk_coverage_auc,split_id|subject_id|session,15,0.312934127009027,0.19761728662306416,0.45746807665632405
db10,db10_able_to_amputee,set_acsa_tau_0.20,risk_coverage_auc,split_id|subject_id|session,1,0.9171585644433156,0.9171585644433156,0.9171585644433156
db10,db10_able_to_amputee,set_acsa_tau_0.20,risk_coverage_auc,split_id|subject_id|session,1,0.9142813738991796,0.9142813738991796,0.9142813738991796
db10,db10_able_to_amputee,set_acsa_tau_0.20,risk_coverage_auc,split_id|subject_id|session,15,0.25558695389931524,0.20418489260226122,0.3076571783404615
db10,db10_able_to_amputee,set_acsa_tau_0.20,risk_coverage_auc,split_id|subject_id|session,15,0.312934127009027,0.19761728662306416,0.45746807665632405
db10,db10_able_to_amputee,user_only,risk_coverage_auc,split_id|subject_id|session,15,0.8155335445292818,0.7767570099870803,0.8501087509998757
db10,db10_able_to_amputee,user_only,risk_coverage_auc,split_id|subject_id|session,15,0.6748850608546455,0.595914246956181,0.7572837042606165
db10,db10_able_to_amputee,user_only,risk_coverage_auc,split_id|subject_id|session,15,0.6748850608546455,0.595914246956181,0.7572837042606165
db10,db10_able_to_amputee,user_only,risk_coverage_auc,split_id|subject_id|session,1,0.9171585644433156,0.9171585644433156,0.9171585644433156
db10,db10_able_to_amputee,user_only,risk_coverage_auc,split_id|subject_id|session,1,0.9142813738991796,0.9142813738991796,0.9142813738991796
db10,db10_able_to_amputee,user_only,risk_coverage_auc,split_id|subject_id|session,15,0.7596667501339677,0.7170520353358539,0.8058495204789317
db10,db10_able_to_amputee,user_only,risk_coverage_auc,split_id|subject_id|session,15,0.6748850608546455,0.595914246956181,0.7572837042606165
db10,db10_amputee_loso,agency_margin_tau_0.02,active_macro_f1,split_id|subject_id|session,15,0.1652182718067388,0.12879903658202796,0.20344610855741832
db10,db10_amputee_loso,agency_margin_tau_0.02,active_macro_f1,split_id|subject_id|session,15,0.5330609999174228,0.40646710391828794,0.6364425376951303
db10,db10_amputee_loso,agency_margin_tau_0.02,active_macro_f1,split_id|subject_id|session,15,0.509240309790348,0.3875253791213058,0.6098645156150122
db10,db10_amputee_loso,agency_margin_tau_0.02,active_macro_f1,split_id|subject_id|session,15,0.16043657078407994,0.12452864481431059,0.19858587124850624
db10,db10_amputee_loso,agency_margin_tau_0.02,active_macro_f1,split_id|subject_id|session,15,0.509240309790348,0.3875253791213058,0.6098645156150122
db10,db10_amputee_loso,agency_margin_tau_0.05,active_macro_f1,split_id|subject_id|session,15,0.3441205403490661,0.2576562897222322,0.43144233557992406
db10,db10_amputee_loso,agency_margin_tau_0.05,active_macro_f1,split_id|subject_id|session,15,0.5715196937138683,0.44340841061722824,0.6785944545314778
db10,db10_amputee_loso,agency_margin_tau_0.05,active_macro_f1,split_id|subject_id|session,15,0.5457255865642872,0.4214221046166492,0.6527073858123708
db10,db10_amputee_loso,agency_margin_tau_0.05,active_macro_f1,split_id|subject_id|session,15,0.27900674372657697,0.20594545860764876,0.3494023401283037
db10,db10_amputee_loso,agency_margin_tau_0.05,active_macro_f1,split_id|subject_id|session,15,0.5457255865642872,0.4214221046166492,0.6527073858123708
db10,db10_amputee_loso,agency_margin_tau_0.10,active_macro_f1,split_id|subject_id|session,15,0.5305122034619252,0.41491194040749674,0.6400058174363148
db10,db10_amputee_loso,agency_margin_tau_0.10,active_macro_f1,split_id|subject_id|session,15,0.5877824570563658,0.4614040795494709,0.6906801232306848
db10,db10_amputee_loso,agency_margin_tau_0.10,active_macro_f1,split_id|subject_id|session,15,0.5612022414855588,0.43785207820228844,0.6619961289564351
db10,db10_amputee_loso,agency_margin_tau_0.10,active_macro_f1,split_id|subject_id|session,15,0.41778486450584223,0.3163704994699471,0.5093694674077697
db10,db10_amputee_loso,agency_margin_tau_0.10,active_macro_f1,split_id|subject_id|session,15,0.5612022414855588,0.43785207820228844,0.6619961289564351
db10,db10_amputee_loso,agency_margin_tau_0.15,active_macro_f1,split_id|subject_id|session,15,0.6230933469017084,0.48867736945608237,0.7369537863467452
db10,db10_amputee_loso,agency_margin_tau_0.15,active_macro_f1,split_id|subject_id|session,15,0.5908694724164022,0.4639868888009488,0.6925350534544591
db10,db10_amputee_loso,agency_margin_tau_0.15,active_macro_f1,split_id|subject_id|session,15,0.5637714099724899,0.4403893661504765,0.6636706225521012
db10,db10_amputee_loso,agency_margin_tau_0.15,active_macro_f1,split_id|subject_id|session,15,0.496809672171066,0.3786705057732663,0.598772151800098
db10,db10_amputee_loso,agency_margin_tau_0.15,active_macro_f1,split_id|subject_id|session,15,0.5637714099724899,0.4403893661504765,0.6636706225521012
db10,db10_amputee_loso,agency_margin_tau_0.20,active_macro_f1,split_id|subject_id|session,15,0.6577344811517337,0.5145578397642093,0.7704501158890646
db10,db10_amputee_loso,agency_margin_tau_0.20,active_macro_f1,split_id|subject_id|session,15,0.5920579805821041,0.46516768849509726,0.6936800139055704
db10,db10_amputee_loso,agency_margin_tau_0.20,active_macro_f1,split_id|subject_id|session,15,0.5649328985155441,0.44042982938845493,0.6644627735494989
db10,db10_amputee_loso,agency_margin_tau_0.20,active_macro_f1,split_id|subject_id|session,15,0.534799374399808,0.4075684365404428,0.639825233960681
db10,db10_amputee_loso,agency_margin_tau_0.20,active_macro_f1,split_id|subject_id|session,15,0.5649328985155441,0.44042982938845493,0.6644627735494989
db10,db10_amputee_loso,assist_only,active_macro_f1,split_id|subject_id|session,15,0.6805578113642626,0.5281037227651554,0.7940577931172094
db10,db10_amputee_loso,assist_only,active_macro_f1,split_id|subject_id|session,15,0.5951802297219719,0.4608627527400808,0.7012682311447839
db10,db10_amputee_loso,assist_only,active_macro_f1,split_id|subject_id|session,15,0.565696053045819,0.4310193400712315,0.6717568369325105
db10,db10_amputee_loso,assist_only,active_macro_f1,split_id|subject_id|session,15,0.565696053045819,0.4310193400712315,0.6717568369325105
db10,db10_amputee_loso,assist_only,active_macro_f1,split_id|subject_id|session,15,0.565696053045819,0.4310193400712315,0.6717568369325105
db10,db10_amputee_loso,confidence_blend_alpha_0.25,active_macro_f1,split_id|subject_id|session,15,0.6322484589766438,0.49308537469662445,0.7420491018600721
db10,db10_amputee_loso,confidence_blend_alpha_0.25,active_macro_f1,split_id|subject_id|session,15,0.5934775089199774,0.46588453604271396,0.6944772913427165
db10,db10_amputee_loso,confidence_blend_alpha_0.25,active_macro_f1,split_id|subject_id|session,15,0.5680445279485051,0.4449564831360468,0.6660450654888437
db10,db10_amputee_loso,confidence_blend_alpha_0.25,active_macro_f1,split_id|subject_id|session,15,0.5087704912282365,0.3893679754017457,0.6086022361732688
db10,db10_amputee_loso,confidence_blend_alpha_0.25,active_macro_f1,split_id|subject_id|session,15,0.5680445279485051,0.4449564831360468,0.6660450654888437
db10,db10_amputee_loso,confidence_blend_alpha_0.50,active_macro_f1,split_id|subject_id|session,15,0.6732395771051003,0.5241683451619524,0.785647889791149
db10,db10_amputee_loso,confidence_blend_alpha_0.50,active_macro_f1,split_id|subject_id|session,15,0.5980856193142808,0.47049514594496966,0.7010489037596078
db10,db10_amputee_loso,confidence_blend_alpha_0.50,active_macro_f1,split_id|subject_id|session,15,0.569791136289583,0.441883756020431,0.6714102875282684
db10,db10_amputee_loso,confidence_blend_alpha_0.50,active_macro_f1,split_id|subject_id|session,15,0.5646983468845955,0.4324527880156448,0.6698351746303483
db10,db10_amputee_loso,confidence_blend_alpha_0.50,active_macro_f1,split_id|subject_id|session,15,0.569791136289583,0.441883756020431,0.6714102875282684
db10,db10_amputee_loso,confidence_blend_alpha_0.75,active_macro_f1,split_id|subject_id|session,15,0.6784129733626764,0.5270126349925539,0.7916451842911592
db10,db10_amputee_loso,confidence_blend_alpha_0.75,active_macro_f1,split_id|subject_id|session,15,0.596901132320335,0.46303292090237896,0.7021161863224148
db10,db10_amputee_loso,confidence_blend_alpha_0.75,active_macro_f1,split_id|subject_id|session,15,0.5668182499308696,0.4313381726338639,0.6729987246520313
db10,db10_amputee_loso,confidence_blend_alpha_0.75,active_macro_f1,split_id|subject_id|session,15,0.5669881924842183,0.431940709411616,0.6734116002625312
db10,db10_amputee_loso,confidence_blend_alpha_0.75,active_macro_f1,split_id|subject_id|session,15,0.5668182499308696,0.4313381726338639,0.6729987246520313
db10,db10_amputee_loso,selective_prediction,active_macro_f1,split_id|subject_id|session,15,0.35860452452184494,0.2713160144980585,0.44213690950459794
db10,db10_amputee_loso,selective_prediction,active_macro_f1,split_id|subject_id|session,15,0.3441769955437408,0.26390454539104974,0.4105834862580231
db10,db10_amputee_loso,selective_prediction,active_macro_f1,split_id|subject_id|session,15,0.19355940355310003,0.14482015549567517,0.239579507486063
db10,db10_amputee_loso,selective_prediction,active_macro_f1,split_id|subject_id|session,15,0.1943987788960042,0.14980153527953438,0.2345150430565852
db10,db10_amputee_loso,selective_prediction,active_macro_f1,split_id|subject_id|session,15,0.19355940355310003,0.14482015549567517,0.239579507486063
db10,db10_amputee_loso,set_acsa_tau_0.02,active_macro_f1,split_id|subject_id|session,15,0.15429256007782494,0.12093456478175803,0.1902575705396223
db10,db10_amputee_loso,set_acsa_tau_0.02,active_macro_f1,split_id|subject_id|session,15,0.5070608837204582,0.3840819320088103,0.6127603394675645
db10,db10_amputee_loso,set_acsa_tau_0.02,active_macro_f1,split_id|subject_id|session,15,0.48054595034800235,0.36009326330688946,0.5864033203726757
db10,db10_amputee_loso,set_acsa_tau_0.02,active_macro_f1,split_id|subject_id|session,15,0.1403583986393991,0.11140051010497616,0.1724131799775547
db10,db10_amputee_loso,set_acsa_tau_0.02,active_macro_f1,split_id|subject_id|session,15,0.48054595034800235,0.36009326330688946,0.5864033203726757
db10,db10_amputee_loso,set_acsa_tau_0.05,active_macro_f1,split_id|subject_id|session,15,0.3289574326431104,0.24389138196160312,0.41348309335620514
db10,db10_amputee_loso,set_acsa_tau_0.05,active_macro_f1,split_id|subject_id|session,15,0.5645683853370331,0.43604293870053557,0.6718488599221595
db10,db10_amputee_loso,set_acsa_tau_0.05,active_macro_f1,split_id|subject_id|session,15,0.5383585548937021,0.4173868855807907,0.6444087693550962
db10,db10_amputee_loso,set_acsa_tau_0.05,active_macro_f1,split_id|subject_id|session,15,0.25037267108718164,0.18510805586469745,0.3152857240909874
db10,db10_amputee_loso,set_acsa_tau_0.05,active_macro_f1,split_id|subject_id|session,15,0.5383585548937021,0.4173868855807907,0.6444087693550962
db10,db10_amputee_loso,set_acsa_tau_0.10,active_macro_f1,split_id|subject_id|session,15,0.5215386404514131,0.40616496202162333,0.6310573967799141
db10,db10_amputee_loso,set_acsa_tau_0.10,active_macro_f1,split_id|subject_id|session,15,0.5846981356669417,0.45796224454367124,0.6865634905391218
db10,db10_amputee_loso,set_acsa_tau_0.10,active_macro_f1,split_id|subject_id|session,15,0.558078402560562,0.4355345766092455,0.6592958413123524
db10,db10_amputee_loso,set_acsa_tau_0.10,active_macro_f1,split_id|subject_id|session,15,0.3935696482223275,0.29496809065750956,0.486372311011367
db10,db10_amputee_loso,set_acsa_tau_0.10,active_macro_f1,split_id|subject_id|session,15,0.558078402560562,0.4355345766092455,0.6592958413123524
db10,db10_amputee_loso,set_acsa_tau_0.15,active_macro_f1,split_id|subject_id|session,15,0.6205658747038459,0.4866563686350832,0.7345301560601423
db10,db10_amputee_loso,set_acsa_tau_0.15,active_macro_f1,split_id|subject_id|session,15,0.5890795778029101,0.46244250349202165,0.6918426380603102
db10,db10_amputee_loso,set_acsa_tau_0.15,active_macro_f1,split_id|subject_id|session,15,0.5617780167644034,0.4392332282249036,0.6614727707727903
db10,db10_amputee_loso,set_acsa_tau_0.15,active_macro_f1,split_id|subject_id|session,15,0.48341823492784375,0.36711511751209625,0.5862702113018319
db10,db10_amputee_loso,set_acsa_tau_0.15,active_macro_f1,split_id|subject_id|session,15,0.5617780167644034,0.4392332282249036,0.6614727707727903
db10,db10_amputee_loso,set_acsa_tau_0.20,active_macro_f1,split_id|subject_id|session,15,0.6572371649523883,0.5140609037788896,0.7699141581427407
db10,db10_amputee_loso,set_acsa_tau_0.20,active_macro_f1,split_id|subject_id|session,15,0.5908824944489907,0.46420601441654374,0.6927918323615849
db10,db10_amputee_loso,set_acsa_tau_0.20,active_macro_f1,split_id|subject_id|session,15,0.5636135319080355,0.4399546476231303,0.6633168539701931
db10,db10_amputee_loso,set_acsa_tau_0.20,active_macro_f1,split_id|subject_id|session,15,0.5290095082921539,0.40323397544498335,0.6340255349153112
db10,db10_amputee_loso,set_acsa_tau_0.20,active_macro_f1,split_id|subject_id|session,15,0.5636135319080355,0.4399546476231303,0.6633168539701931
db10,db10_amputee_loso,user_only,active_macro_f1,split_id|subject_id|session,15,0.08060350653361362,0.06697048503387246,0.09230898494288156
db10,db10_amputee_loso,user_only,active_macro_f1,split_id|subject_id|session,15,0.07977292792599554,0.06650438983267075,0.09294888819491273
db10,db10_amputee_loso,user_only,active_macro_f1,split_id|subject_id|session,15,0.07977292792599554,0.06650438983267075,0.09294888819491273
db10,db10_amputee_loso,user_only,active_macro_f1,split_id|subject_id|session,15,0.08753942336548019,0.07482037147968673,0.10040569634363516
db10,db10_amputee_loso,user_only,active_macro_f1,split_id|subject_id|session,15,0.07977292792599554,0.06650438983267075,0.09294888819491273
db10,db10_amputee_loso,agency_margin_tau_0.02,active_risk_coverage_auc,split_id|subject_id|session,15,0.6309472861361736,0.5551214287228093,0.7094600024183371
db10,db10_amputee_loso,agency_margin_tau_0.02,active_risk_coverage_auc,split_id|subject_id|session,15,0.4074363075376745,0.28438057336193073,0.5499702298220162
db10,db10_amputee_loso,agency_margin_tau_0.02,active_risk_coverage_auc,split_id|subject_id|session,15,0.4707301382440656,0.34399588760116484,0.6075788644639128
db10,db10_amputee_loso,agency_margin_tau_0.02,active_risk_coverage_auc,split_id|subject_id|session,15,0.725959826095174,0.6561411977710525,0.8022646942289934
db10,db10_amputee_loso,agency_margin_tau_0.02,active_risk_coverage_auc,split_id|subject_id|session,15,0.4707301382440656,0.34399588760116484,0.6075788644639128
db10,db10_amputee_loso,agency_margin_tau_0.05,active_risk_coverage_auc,split_id|subject_id|session,15,0.435040432752442,0.318535397024723,0.5570098370748844
db10,db10_amputee_loso,agency_margin_tau_0.05,active_risk_coverage_auc,split_id|subject_id|session,15,0.3837214988975839,0.25736144594179455,0.5282429977202315
db10,db10_amputee_loso,agency_margin_tau_0.05,active_risk_coverage_auc,split_id|subject_id|session,15,0.4508560397753042,0.320918304519594,0.591345184627083
db10,db10_amputee_loso,agency_margin_tau_0.05,active_risk_coverage_auc,split_id|subject_id|session,15,0.6190488852511798,0.524979343303471,0.720177620450175
db10,db10_amputee_loso,agency_margin_tau_0.05,active_risk_coverage_auc,split_id|subject_id|session,15,0.4508560397753042,0.320918304519594,0.591345184627083
db10,db10_amputee_loso,agency_margin_tau_0.10,active_risk_coverage_auc,split_id|subject_id|session,15,0.3089858907230821,0.1855215543571512,0.46051344350458484
db10,db10_amputee_loso,agency_margin_tau_0.10,active_risk_coverage_auc,split_id|subject_id|session,15,0.37360398159355096,0.2492948051706456,0.5189700651081048
db10,db10_amputee_loso,agency_margin_tau_0.10,active_risk_coverage_auc,split_id|subject_id|session,15,0.44308863252215924,0.31268209418852766,0.5819324115605206
db10,db10_amputee_loso,agency_margin_tau_0.10,active_risk_coverage_auc,split_id|subject_id|session,15,0.5228091436862533,0.4028195937970418,0.6466424027398082
db10,db10_amputee_loso,agency_margin_tau_0.10,active_risk_coverage_auc,split_id|subject_id|session,15,0.44308863252215924,0.31268209418852766,0.5819324115605206
db10,db10_amputee_loso,agency_margin_tau_0.15,active_risk_coverage_auc,split_id|subject_id|session,15,0.2656374470859845,0.1407617912437882,0.4259978069340366
db10,db10_amputee_loso,agency_margin_tau_0.15,active_risk_coverage_auc,split_id|subject_id|session,15,0.3724918002407008,0.24842423491367402,0.5190699306038647
db10,db10_amputee_loso,agency_margin_tau_0.15,active_risk_coverage_auc,split_id|subject_id|session,15,0.44259971482154775,0.31279481742645293,0.5817251172702814
db10,db10_amputee_loso,agency_margin_tau_0.15,active_risk_coverage_auc,split_id|subject_id|session,15,0.47608255830604934,0.34372344262412685,0.6157747011936581
db10,db10_amputee_loso,agency_margin_tau_0.15,active_risk_coverage_auc,split_id|subject_id|session,15,0.44259971482154775,0.31279481742645293,0.5817251172702814
db10,db10_amputee_loso,agency_margin_tau_0.20,active_risk_coverage_auc,split_id|subject_id|session,15,0.25405002545397254,0.12894413187467393,0.41807661838973276
db10,db10_amputee_loso,agency_margin_tau_0.20,active_risk_coverage_auc,split_id|subject_id|session,15,0.371901936971736,0.2473378348558477,0.5190261197309745
db10,db10_amputee_loso,agency_margin_tau_0.20,active_risk_coverage_auc,split_id|subject_id|session,15,0.442319675468758,0.3128226334432217,0.5817048392414599
db10,db10_amputee_loso,agency_margin_tau_0.20,active_risk_coverage_auc,split_id|subject_id|session,15,0.4569302652244204,0.32391783000207564,0.6014656187469456
db10,db10_amputee_loso,agency_margin_tau_0.20,active_risk_coverage_auc,split_id|subject_id|session,15,0.442319675468758,0.3128226334432217,0.5817048392414599
db10,db10_amputee_loso,assist_only,active_risk_coverage_auc,split_id|subject_id|session,15,0.24802399416405804,0.12069486853632896,0.41440276387229225
db10,db10_amputee_loso,assist_only,active_risk_coverage_auc,split_id|subject_id|session,15,0.3761016808008143,0.24707261537213027,0.5312570498408212
db10,db10_amputee_loso,assist_only,active_risk_coverage_auc,split_id|subject_id|session,15,0.442764259426699,0.31083165575619914,0.5884466148778066
db10,db10_amputee_loso,assist_only,active_risk_coverage_auc,split_id|subject_id|session,15,0.442764259426699,0.31083165575619914,0.5884466148778066
db10,db10_amputee_loso,assist_only,active_risk_coverage_auc,split_id|subject_id|session,15,0.442764259426699,0.31083165575619914,0.5884466148778066
db10,db10_amputee_loso,confidence_blend_alpha_0.25,active_risk_coverage_auc,split_id|subject_id|session,15,0.32183520461646986,0.19116859823090268,0.4730350516261262
db10,db10_amputee_loso,confidence_blend_alpha_0.25,active_risk_coverage_auc,split_id|subject_id|session,15,0.37285718613285,0.2593787978695841,0.4957388710729611
db10,db10_amputee_loso,confidence_blend_alpha_0.25,active_risk_coverage_auc,split_id|subject_id|session,15,0.4590413565412952,0.32776552278935944,0.5961099108900103
db10,db10_amputee_loso,confidence_blend_alpha_0.25,active_risk_coverage_auc,split_id|subject_id|session,15,0.504658233152991,0.3879656880168723,0.6296895565076915
db10,db10_amputee_loso,confidence_blend_alpha_0.25,active_risk_coverage_auc,split_id|subject_id|session,15,0.4590413565412952,0.32776552278935944,0.5961099108900103
db10,db10_amputee_loso,confidence_blend_alpha_0.50,active_risk_coverage_auc,split_id|subject_id|session,15,0.2638721336037504,0.13544002390565538,0.4277422354271477
db10,db10_amputee_loso,confidence_blend_alpha_0.50,active_risk_coverage_auc,split_id|subject_id|session,15,0.34603403417448664,0.23931213727901562,0.46004334303051664
db10,db10_amputee_loso,confidence_blend_alpha_0.50,active_risk_coverage_auc,split_id|subject_id|session,15,0.43797715777781615,0.3127836617448647,0.5737341097026585
db10,db10_amputee_loso,confidence_blend_alpha_0.50,active_risk_coverage_auc,split_id|subject_id|session,15,0.45412137437227107,0.32098054518487595,0.5957673701224306
db10,db10_amputee_loso,confidence_blend_alpha_0.50,active_risk_coverage_auc,split_id|subject_id|session,15,0.43797715777781615,0.3127836617448647,0.5737341097026585
db10,db10_amputee_loso,confidence_blend_alpha_0.75,active_risk_coverage_auc,split_id|subject_id|session,15,0.25266667006124793,0.12482056554827951,0.41946423259461973
db10,db10_amputee_loso,confidence_blend_alpha_0.75,active_risk_coverage_auc,split_id|subject_id|session,15,0.376731009032925,0.24740478595240076,0.5322595905543803
db10,db10_amputee_loso,confidence_blend_alpha_0.75,active_risk_coverage_auc,split_id|subject_id|session,15,0.4433846119466866,0.3107062034477175,0.5881549052679925
db10,db10_amputee_loso,confidence_blend_alpha_0.75,active_risk_coverage_auc,split_id|subject_id|session,15,0.44616194502571893,0.313239885530445,0.5909694701017222
db10,db10_amputee_loso,confidence_blend_alpha_0.75,active_risk_coverage_auc,split_id|subject_id|session,15,0.4433846119466866,0.3107062034477175,0.5881549052679925
db10,db10_amputee_loso,selective_prediction,active_risk_coverage_auc,split_id|subject_id|session,15,0.4091305578461756,0.2937247098027988,0.5397327974065291
db10,db10_amputee_loso,selective_prediction,active_risk_coverage_auc,split_id|subject_id|session,15,0.46543742959484313,0.35407513531258983,0.5921541494560015
db10,db10_amputee_loso,selective_prediction,active_risk_coverage_auc,split_id|subject_id|session,15,0.6554678230676949,0.5640088479572367,0.7501302601058102
db10,db10_amputee_loso,selective_prediction,active_risk_coverage_auc,split_id|subject_id|session,15,0.6507516817420088,0.5635504693810115,0.7420942133280438
db10,db10_amputee_loso,selective_prediction,active_risk_coverage_auc,split_id|subject_id|session,15,0.6554678230676949,0.5640088479572367,0.7501302601058102
db10,db10_amputee_loso,set_acsa_tau_0.02,active_risk_coverage_auc,split_id|subject_id|session,15,0.6404575262200071,0.5669617961337586,0.7166087914239677
db10,db10_amputee_loso,set_acsa_tau_0.02,active_risk_coverage_auc,split_id|subject_id|session,15,0.4117597516738306,0.28641946498741394,0.5537894575400205
db10,db10_amputee_loso,set_acsa_tau_0.02,active_risk_coverage_auc,split_id|subject_id|session,15,0.47572994910286426,0.34948071678989395,0.6132615882148961
db10,db10_amputee_loso,set_acsa_tau_0.02,active_risk_coverage_auc,split_id|subject_id|session,15,0.7468372813836937,0.6808725513486716,0.8182560830569281
db10,db10_amputee_loso,set_acsa_tau_0.02,active_risk_coverage_auc,split_id|subject_id|session,15,0.47572994910286426,0.34948071678989395,0.6132615882148961
db10,db10_amputee_loso,set_acsa_tau_0.05,active_risk_coverage_auc,split_id|subject_id|session,15,0.44055611814648493,0.32456338278308416,0.5614469952946834
db10,db10_amputee_loso,set_acsa_tau_0.05,active_risk_coverage_auc,split_id|subject_id|session,15,0.38513354618323276,0.2577412248925228,0.528689871194086
db10,db10_amputee_loso,set_acsa_tau_0.05,active_risk_coverage_auc,split_id|subject_id|session,15,0.4521887441688299,0.32237802867027454,0.5929172339909139
db10,db10_amputee_loso,set_acsa_tau_0.05,active_risk_coverage_auc,split_id|subject_id|session,15,0.6335888567378286,0.5402220885531543,0.7330142567067589
db10,db10_amputee_loso,set_acsa_tau_0.05,active_risk_coverage_auc,split_id|subject_id|session,15,0.4521887441688299,0.32237802867027454,0.5929172339909139
db10,db10_amputee_loso,set_acsa_tau_0.10,active_risk_coverage_auc,split_id|subject_id|session,15,0.3102443434505962,0.18668124241503764,0.4620371048703515
db10,db10_amputee_loso,set_acsa_tau_0.10,active_risk_coverage_auc,split_id|subject_id|session,15,0.37408549702887645,0.24944159215449963,0.5190668147298575
db10,db10_amputee_loso,set_acsa_tau_0.10,active_risk_coverage_auc,split_id|subject_id|session,15,0.44356139728646515,0.31272507657405746,0.5819859469502725
db10,db10_amputee_loso,set_acsa_tau_0.10,active_risk_coverage_auc,split_id|subject_id|session,15,0.5290868454461434,0.4104696879065371,0.6516855267058747
db10,db10_amputee_loso,set_acsa_tau_0.10,active_risk_coverage_auc,split_id|subject_id|session,15,0.44356139728646515,0.31272507657405746,0.5819859469502725
db10,db10_amputee_loso,set_acsa_tau_0.15,active_risk_coverage_auc,split_id|subject_id|session,15,0.26579015097747344,0.14081001448376307,0.42606351369039436
db10,db10_amputee_loso,set_acsa_tau_0.15,active_risk_coverage_auc,split_id|subject_id|session,15,0.37273511833562867,0.2488619563681484,0.519152154854343
db10,db10_amputee_loso,set_acsa_tau_0.15,active_risk_coverage_auc,split_id|subject_id|session,15,0.44278563586409714,0.3128217654477915,0.5817709725275502
db10,db10_amputee_loso,set_acsa_tau_0.15,active_risk_coverage_auc,split_id|subject_id|session,15,0.4782633076798833,0.3453019729667068,0.6178678144811796
db10,db10_amputee_loso,set_acsa_tau_0.15,active_risk_coverage_auc,split_id|subject_id|session,15,0.44278563586409714,0.3128217654477915,0.5817709725275502
db10,db10_amputee_loso,set_acsa_tau_0.20,active_risk_coverage_auc,split_id|subject_id|session,15,0.25406284432175785,0.12896075834052834,0.41809667674399814
db10,db10_amputee_loso,set_acsa_tau_0.20,active_risk_coverage_auc,split_id|subject_id|session,15,0.3720385976502334,0.2475613326118615,0.5191025713622713
db10,db10_amputee_loso,set_acsa_tau_0.20,active_risk_coverage_auc,split_id|subject_id|session,15,0.4424060778215802,0.3128494027428155,0.5817505106359572
db10,db10_amputee_loso,set_acsa_tau_0.20,active_risk_coverage_auc,split_id|subject_id|session,15,0.45759795084375615,0.3241239533379394,0.6020713202080463
db10,db10_amputee_loso,set_acsa_tau_0.20,active_risk_coverage_auc,split_id|subject_id|session,15,0.4424060778215802,0.3128494027428155,0.5817505106359572
db10,db10_amputee_loso,user_only,active_risk_coverage_auc,split_id|subject_id|session,15,0.8898838683495234,0.8702195230676432,0.907822559039847
db10,db10_amputee_loso,user_only,active_risk_coverage_auc,split_id|subject_id|session,15,0.8890798817660949,0.8632148627763991,0.9146352889804072
db10,db10_amputee_loso,user_only,active_risk_coverage_auc,split_id|subject_id|session,15,0.8890798817660949,0.8632148627763991,0.9146352889804072
db10,db10_amputee_loso,user_only,active_risk_coverage_auc,split_id|subject_id|session,15,0.8812397799729959,0.8586892878221766,0.9032988719922141
db10,db10_amputee_loso,user_only,active_risk_coverage_auc,split_id|subject_id|session,15,0.8890798817660949,0.8632148627763991,0.9146352889804072
db10,db10_amputee_loso,agency_margin_tau_0.02,balanced_accuracy,split_id|subject_id|session,15,0.19275036075036076,0.16032489177489173,0.22855627705627707
db10,db10_amputee_loso,agency_margin_tau_0.02,balanced_accuracy,split_id|subject_id|session,15,0.4882453102453102,0.38198759018759015,0.578035137085137
db10,db10_amputee_loso,agency_margin_tau_0.02,balanced_accuracy,split_id|subject_id|session,15,0.4620923520923521,0.3624419191919192,0.5491402597402597
db10,db10_amputee_loso,agency_margin_tau_0.02,balanced_accuracy,split_id|subject_id|session,15,0.18847330447330443,0.16122871572871567,0.2166251803751803
db10,db10_amputee_loso,agency_margin_tau_0.02,balanced_accuracy,split_id|subject_id|session,15,0.4620923520923521,0.3624419191919192,0.5491402597402597
db10,db10_amputee_loso,agency_margin_tau_0.05,balanced_accuracy,split_id|subject_id|session,15,0.34078210678210674,0.2672792929292929,0.41778939393939396
db10,db10_amputee_loso,agency_margin_tau_0.05,balanced_accuracy,split_id|subject_id|session,15,0.5195786435786436,0.4160028138528139,0.6117813131313132
db10,db10_amputee_loso,agency_margin_tau_0.05,balanced_accuracy,split_id|subject_id|session,15,0.48993073593073594,0.38775440115440113,0.5796393939393939
db10,db10_amputee_loso,agency_margin_tau_0.05,balanced_accuracy,split_id|subject_id|session,15,0.2822453102453102,0.22801702741702745,0.3370969696969696
db10,db10_amputee_loso,agency_margin_tau_0.05,balanced_accuracy,split_id|subject_id|session,15,0.48993073593073594,0.38775440115440113,0.5796393939393939
db10,db10_amputee_loso,agency_margin_tau_0.10,balanced_accuracy,split_id|subject_id|session,15,0.5032784992784992,0.3991378066378066,0.604563492063492
db10,db10_amputee_loso,agency_margin_tau_0.10,balanced_accuracy,split_id|subject_id|session,15,0.5315613275613276,0.42834487734487736,0.6182085858585857
db10,db10_amputee_loso,agency_margin_tau_0.10,balanced_accuracy,split_id|subject_id|session,15,0.5007157287157288,0.4006259018759019,0.5886583694083695
db10,db10_amputee_loso,agency_margin_tau_0.10,balanced_accuracy,split_id|subject_id|session,15,0.3905714285714285,0.31194632034632036,0.46310699855699844
db10,db10_amputee_loso,agency_margin_tau_0.10,balanced_accuracy,split_id|subject_id|session,15,0.5007157287157288,0.4006259018759019,0.5886583694083695
db10,db10_amputee_loso,agency_margin_tau_0.15,balanced_accuracy,split_id|subject_id|session,15,0.5887503607503607,0.4709463924963924,0.6880237373737373
db10,db10_amputee_loso,agency_margin_tau_0.15,balanced_accuracy,split_id|subject_id|session,15,0.533959595959596,0.42973203463203463,0.621581240981241
db10,db10_amputee_loso,agency_margin_tau_0.15,balanced_accuracy,split_id|subject_id|session,15,0.5026262626262626,0.40254985569985563,0.5893589466089466
db10,db10_amputee_loso,agency_margin_tau_0.15,balanced_accuracy,split_id|subject_id|session,15,0.45399711399711407,0.36151962481962485,0.5349443001443
db10,db10_amputee_loso,agency_margin_tau_0.15,balanced_accuracy,split_id|subject_id|session,15,0.5026262626262626,0.40254985569985563,0.5893589466089466
db10,db10_amputee_loso,agency_margin_tau_0.20,balanced_accuracy,split_id|subject_id|session,15,0.6209350649350649,0.4996725829725829,0.7189063492063492
db10,db10_amputee_loso,agency_margin_tau_0.20,balanced_accuracy,split_id|subject_id|session,15,0.5348946608946609,0.43015880230880227,0.6223714285714286
db10,db10_amputee_loso,agency_margin_tau_0.20,balanced_accuracy,split_id|subject_id|session,15,0.5035613275613275,0.40324379509379515,0.5902264790764792
db10,db10_amputee_loso,agency_margin_tau_0.20,balanced_accuracy,split_id|subject_id|session,15,0.4845569985569986,0.38580375180375187,0.5709220057720059
db10,db10_amputee_loso,agency_margin_tau_0.20,balanced_accuracy,split_id|subject_id|session,15,0.5035613275613275,0.40324379509379515,0.5902264790764792
db10,db10_amputee_loso,assist_only,balanced_accuracy,split_id|subject_id|session,15,0.6415930735930735,0.512544227994228,0.7413202741702744
db10,db10_amputee_loso,assist_only,balanced_accuracy,split_id|subject_id|session,15,0.5402568542568543,0.4348005772005772,0.6263867965367965
db10,db10_amputee_loso,assist_only,balanced_accuracy,split_id|subject_id|session,15,0.507953823953824,0.402697113997114,0.59550772005772
db10,db10_amputee_loso,assist_only,balanced_accuracy,split_id|subject_id|session,15,0.507953823953824,0.402697113997114,0.59550772005772
db10,db10_amputee_loso,assist_only,balanced_accuracy,split_id|subject_id|session,15,0.507953823953824,0.402697113997114,0.59550772005772
db10,db10_amputee_loso,confidence_blend_alpha_0.25,balanced_accuracy,split_id|subject_id|session,15,0.5952236652236652,0.47182900432900415,0.6938085137085137
db10,db10_amputee_loso,confidence_blend_alpha_0.25,balanced_accuracy,split_id|subject_id|session,15,0.5367965367965367,0.4316022366522366,0.6241859307359306
db10,db10_amputee_loso,confidence_blend_alpha_0.25,balanced_accuracy,split_id|subject_id|session,15,0.5076709956709957,0.4062624098124098,0.5961010822510823
db10,db10_amputee_loso,confidence_blend_alpha_0.25,balanced_accuracy,split_id|subject_id|session,15,0.46410678210678213,0.3705582251082251,0.5479167388167387
db10,db10_amputee_loso,confidence_blend_alpha_0.25,balanced_accuracy,split_id|subject_id|session,15,0.5076709956709957,0.4062624098124098,0.5961010822510823
db10,db10_amputee_loso,confidence_blend_alpha_0.50,balanced_accuracy,split_id|subject_id|session,15,0.6339826839826839,0.5058079365079364,0.7333015873015872
db10,db10_amputee_loso,confidence_blend_alpha_0.50,balanced_accuracy,split_id|subject_id|session,15,0.5430851370851371,0.44026782106782103,0.6272489177489177
db10,db10_amputee_loso,confidence_blend_alpha_0.50,balanced_accuracy,split_id|subject_id|session,15,0.5087590187590189,0.4044244588744589,0.5981997113997115
db10,db10_amputee_loso,confidence_blend_alpha_0.50,balanced_accuracy,split_id|subject_id|session,15,0.5072871572871572,0.40604062049062045,0.5954933621933621
db10,db10_amputee_loso,confidence_blend_alpha_0.50,balanced_accuracy,split_id|subject_id|session,15,0.5087590187590189,0.4044244588744589,0.5981997113997115
db10,db10_amputee_loso,confidence_blend_alpha_0.75,balanced_accuracy,split_id|subject_id|session,15,0.6393650793650795,0.5116271284271284,0.7390599567099568
db10,db10_amputee_loso,confidence_blend_alpha_0.75,balanced_accuracy,split_id|subject_id|session,15,0.5418181818181818,0.4367058441558442,0.6271183261183262
db10,db10_amputee_loso,confidence_blend_alpha_0.75,balanced_accuracy,split_id|subject_id|session,15,0.5092121212121212,0.40327784992784993,0.5974096681096681
db10,db10_amputee_loso,confidence_blend_alpha_0.75,balanced_accuracy,split_id|subject_id|session,15,0.5093073593073593,0.40571666666666667,0.598283189033189
db10,db10_amputee_loso,confidence_blend_alpha_0.75,balanced_accuracy,split_id|subject_id|session,15,0.5092121212121212,0.40327784992784993,0.5974096681096681
db10,db10_amputee_loso,selective_prediction,balanced_accuracy,split_id|subject_id|session,15,0.3552996632996633,0.27828088023088016,0.43012652717652705
db10,db10_amputee_loso,selective_prediction,balanced_accuracy,split_id|subject_id|session,15,0.3427368927368927,0.2721826358826359,0.40237289562289563
db10,db10_amputee_loso,selective_prediction,balanced_accuracy,split_id|subject_id|session,15,0.21763924963924955,0.1730766474266474,0.25890726310726303
db10,db10_amputee_loso,selective_prediction,balanced_accuracy,split_id|subject_id|session,15,0.21016835016835014,0.17309158249158244,0.24620784030784026
db10,db10_amputee_loso,selective_prediction,balanced_accuracy,split_id|subject_id|session,15,0.21763924963924955,0.1730766474266474,0.25890726310726303
db10,db10_amputee_loso,set_acsa_tau_0.02,balanced_accuracy,split_id|subject_id|session,15,0.18355266955266955,0.15323643578643578,0.21798564213564212
db10,db10_amputee_loso,set_acsa_tau_0.02,balanced_accuracy,split_id|subject_id|session,15,0.469997113997114,0.3673720779220778,0.5598367243867243
db10,db10_amputee_loso,set_acsa_tau_0.02,balanced_accuracy,split_id|subject_id|session,15,0.44233189033189035,0.34387886002886014,0.5310526695526694
db10,db10_amputee_loso,set_acsa_tau_0.02,balanced_accuracy,split_id|subject_id|session,15,0.174034632034632,0.14957626262626264,0.19959567099567094
db10,db10_amputee_loso,set_acsa_tau_0.02,balanced_accuracy,split_id|subject_id|session,15,0.44233189033189035,0.34387886002886014,0.5310526695526694
db10,db10_amputee_loso,set_acsa_tau_0.05,balanced_accuracy,split_id|subject_id|session,15,0.3307647907647908,0.2581628427128427,0.408168326118326
db10,db10_amputee_loso,set_acsa_tau_0.05,balanced_accuracy,split_id|subject_id|session,15,0.5143809523809524,0.40854278499278507,0.6064536075036076
db10,db10_amputee_loso,set_acsa_tau_0.05,balanced_accuracy,split_id|subject_id|session,15,0.4846291486291486,0.3843301587301588,0.5739491341991341
db10,db10_amputee_loso,set_acsa_tau_0.05,balanced_accuracy,split_id|subject_id|session,15,0.26434920634920633,0.2131966810966811,0.31721010101010094
db10,db10_amputee_loso,set_acsa_tau_0.05,balanced_accuracy,split_id|subject_id|session,15,0.4846291486291486,0.3843301587301588,0.5739491341991341
db10,db10_amputee_loso,set_acsa_tau_0.10,balanced_accuracy,split_id|subject_id|session,15,0.4979480519480519,0.39391471861471855,0.5994991341991343
db10,db10_amputee_loso,set_acsa_tau_0.10,balanced_accuracy,split_id|subject_id|session,15,0.5291746031746033,0.42639343434343435,0.6158064935064935
db10,db10_amputee_loso,set_acsa_tau_0.10,balanced_accuracy,split_id|subject_id|session,15,0.49842712842712855,0.39883845598845596,0.5868169552669552
db10,db10_amputee_loso,set_acsa_tau_0.10,balanced_accuracy,split_id|subject_id|session,15,0.3761587301587302,0.29910353535353534,0.45019949494949485
db10,db10_amputee_loso,set_acsa_tau_0.10,balanced_accuracy,split_id|subject_id|session,15,0.49842712842712855,0.39883845598845596,0.5868169552669552
db10,db10_amputee_loso,set_acsa_tau_0.15,balanced_accuracy,split_id|subject_id|session,15,0.5872034632034632,0.469748556998557,0.6862706349206349
db10,db10_amputee_loso,set_acsa_tau_0.15,balanced_accuracy,split_id|subject_id|session,15,0.5324588744588745,0.42893441558441564,0.6196791486291486
db10,db10_amputee_loso,set_acsa_tau_0.15,balanced_accuracy,split_id|subject_id|session,15,0.5011053391053392,0.40160194805194815,0.5882616883116883
db10,db10_amputee_loso,set_acsa_tau_0.15,balanced_accuracy,split_id|subject_id|session,15,0.44606926406926406,0.3557830447330448,0.5265605339105339
db10,db10_amputee_loso,set_acsa_tau_0.15,balanced_accuracy,split_id|subject_id|session,15,0.5011053391053392,0.40160194805194815,0.5882616883116883
db10,db10_amputee_loso,set_acsa_tau_0.20,balanced_accuracy,split_id|subject_id|session,15,0.6205800865800865,0.49938131313131306,0.718461038961039
db10,db10_amputee_loso,set_acsa_tau_0.20,balanced_accuracy,split_id|subject_id|session,15,0.5338124098124098,0.4291736652236653,0.6216955266955266
db10,db10_amputee_loso,set_acsa_tau_0.20,balanced_accuracy,split_id|subject_id|session,15,0.5024819624819625,0.4026833333333334,0.5887654401154401
db10,db10_amputee_loso,set_acsa_tau_0.20,balanced_accuracy,split_id|subject_id|session,15,0.481088023088023,0.38375541125541124,0.567517316017316
db10,db10_amputee_loso,set_acsa_tau_0.20,balanced_accuracy,split_id|subject_id|session,15,0.5024819624819625,0.4026833333333334,0.5887654401154401
db10,db10_amputee_loso,user_only,balanced_accuracy,split_id|subject_id|session,15,0.11640115440115437,0.10501479076479071,0.12818564213564204
db10,db10_amputee_loso,user_only,balanced_accuracy,split_id|subject_id|session,15,0.13081096681096677,0.11349884559884557,0.1452166666666666
db10,db10_amputee_loso,user_only,balanced_accuracy,split_id|subject_id|session,15,0.13081096681096677,0.11349884559884557,0.1452166666666666
db10,db10_amputee_loso,user_only,balanced_accuracy,split_id|subject_id|session,15,0.12032034632034631,0.1110677489177489,0.13012893217893215
db10,db10_amputee_loso,user_only,balanced_accuracy,split_id|subject_id|session,15,0.13081096681096677,0.11349884559884557,0.1452166666666666
db10,db10_amputee_loso,agency_margin_tau_0.02,ece,split_id|subject_id|session,15,0.17708401840741608,0.1524517539951849,0.2027723703026507
db10,db10_amputee_loso,agency_margin_tau_0.02,ece,split_id|subject_id|session,15,0.19448490891557227,0.0934837339892777,0.3228396890193835
db10,db10_amputee_loso,agency_margin_tau_0.02,ece,split_id|subject_id|session,15,0.22289807140351445,0.13112260771283984,0.3445145397305254
db10,db10_amputee_loso,agency_margin_tau_0.02,ece,split_id|subject_id|session,15,0.25492623348732374,0.21977764727839452,0.2893965849412828
db10,db10_amputee_loso,agency_margin_tau_0.02,ece,split_id|subject_id|session,15,0.22289807140351445,0.13112260771283984,0.3445145397305254
db10,db10_amputee_loso,agency_margin_tau_0.05,ece,split_id|subject_id|session,15,0.13211082951318293,0.10013798157980287,0.16558069039391385
db10,db10_amputee_loso,agency_margin_tau_0.05,ece,split_id|subject_id|session,15,0.17047672930886484,0.07406759596052673,0.30384827363698735
db10,db10_amputee_loso,agency_margin_tau_0.05,ece,split_id|subject_id|session,15,0.21822065706874008,0.1288868747398739,0.3405285257446727
db10,db10_amputee_loso,agency_margin_tau_0.05,ece,split_id|subject_id|session,15,0.21613823096937085,0.17863794138710815,0.25943429594654366
db10,db10_amputee_loso,agency_margin_tau_0.05,ece,split_id|subject_id|session,15,0.21822065706874008,0.1288868747398739,0.3405285257446727
db10,db10_amputee_loso,agency_margin_tau_0.10,ece,split_id|subject_id|session,15,0.11595889974552519,0.08627733154601169,0.15429106634830905
db10,db10_amputee_loso,agency_margin_tau_0.10,ece,split_id|subject_id|session,15,0.16570447717992778,0.0691517792725966,0.3020620029059077
db10,db10_amputee_loso,agency_margin_tau_0.10,ece,split_id|subject_id|session,15,0.21894387997947987,0.12694833471560893,0.34115591241400767
db10,db10_amputee_loso,agency_margin_tau_0.10,ece,split_id|subject_id|session,15,0.1829875751851942,0.15449703540977278,0.21886922714589935
db10,db10_amputee_loso,agency_margin_tau_0.10,ece,split_id|subject_id|session,15,0.21894387997947987,0.12694833471560893,0.34115591241400767
db10,db10_amputee_loso,agency_margin_tau_0.15,ece,split_id|subject_id|session,15,0.10466810772624062,0.07573545786647407,0.14213707101457715
db10,db10_amputee_loso,agency_margin_tau_0.15,ece,split_id|subject_id|session,15,0.16390359421981274,0.06694297461984479,0.2998619304019259
db10,db10_amputee_loso,agency_margin_tau_0.15,ece,split_id|subject_id|session,15,0.21892680979037607,0.1262885536229764,0.3404326944591619
db10,db10_amputee_loso,agency_margin_tau_0.15,ece,split_id|subject_id|session,15,0.15611755524749513,0.13346520846947155,0.1836745159261233
db10,db10_amputee_loso,agency_margin_tau_0.15,ece,split_id|subject_id|session,15,0.21892680979037607,0.1262885536229764,0.3404326944591619
db10,db10_amputee_loso,agency_margin_tau_0.20,ece,split_id|subject_id|session,15,0.10065295787443138,0.0702588813186461,0.13949543740629183
db10,db10_amputee_loso,agency_margin_tau_0.20,ece,split_id|subject_id|session,15,0.16328739442641282,0.06646508333707164,0.29874416595215947
db10,db10_amputee_loso,agency_margin_tau_0.20,ece,split_id|subject_id|session,15,0.2191156033067574,0.1265889118832669,0.3403853294819176
db10,db10_amputee_loso,agency_margin_tau_0.20,ece,split_id|subject_id|session,15,0.1456613547439078,0.12108388718732989,0.1719189533230819
db10,db10_amputee_loso,agency_margin_tau_0.20,ece,split_id|subject_id|session,15,0.2191156033067574,0.1265889118832669,0.3403853294819176
db10,db10_amputee_loso,assist_only,ece,split_id|subject_id|session,15,0.10376379916524694,0.06977458273925034,0.1410830487508931
db10,db10_amputee_loso,assist_only,ece,split_id|subject_id|session,15,0.0919962645809412,0.06672515068652976,0.12376924100549648
db10,db10_amputee_loso,assist_only,ece,split_id|subject_id|session,15,0.14714486829542966,0.11791223750316678,0.1761751102879601
db10,db10_amputee_loso,assist_only,ece,split_id|subject_id|session,15,0.14714486829542966,0.11791223750316678,0.1761751102879601
db10,db10_amputee_loso,assist_only,ece,split_id|subject_id|session,15,0.14714486829542966,0.11791223750316678,0.1761751102879601
db10,db10_amputee_loso,confidence_blend_alpha_0.25,ece,split_id|subject_id|session,15,0.38675291980575166,0.32123287988593785,0.4438926278563691
db10,db10_amputee_loso,confidence_blend_alpha_0.25,ece,split_id|subject_id|session,15,0.4957859310983761,0.4575218387508588,0.5292645500158929
db10,db10_amputee_loso,confidence_blend_alpha_0.25,ece,split_id|subject_id|session,15,0.49601572865549687,0.4490129243233542,0.5341215994080519
db10,db10_amputee_loso,confidence_blend_alpha_0.25,ece,split_id|subject_id|session,15,0.39668312099704306,0.33905440783917673,0.4528651362107746
db10,db10_amputee_loso,confidence_blend_alpha_0.25,ece,split_id|subject_id|session,15,0.49601572865549687,0.4490129243233542,0.5341215994080519
db10,db10_amputee_loso,confidence_blend_alpha_0.50,ece,split_id|subject_id|session,15,0.2882642907145104,0.2431297665855384,0.330329672971675
db10,db10_amputee_loso,confidence_blend_alpha_0.50,ece,split_id|subject_id|session,15,0.3279613300979148,0.29231550078757096,0.3596675889997705
db10,db10_amputee_loso,confidence_blend_alpha_0.50,ece,split_id|subject_id|session,15,0.36136858712754605,0.32164998614074547,0.394233564517967
db10,db10_amputee_loso,confidence_blend_alpha_0.50,ece,split_id|subject_id|session,15,0.3288762012966619,0.2700889360115158,0.38013100428839114
db10,db10_amputee_loso,confidence_blend_alpha_0.50,ece,split_id|subject_id|session,15,0.36136858712754605,0.32164998614074547,0.394233564517967
db10,db10_amputee_loso,confidence_blend_alpha_0.75,ece,split_id|subject_id|session,15,0.17791879198253005,0.1395745490014398,0.21334675501315115
db10,db10_amputee_loso,confidence_blend_alpha_0.75,ece,split_id|subject_id|session,15,0.17862551904204854,0.14468901499066672,0.20989990538952702
db10,db10_amputee_loso,confidence_blend_alpha_0.75,ece,split_id|subject_id|session,15,0.23415156574466442,0.19318768614022966,0.2692854851081719
db10,db10_amputee_loso,confidence_blend_alpha_0.75,ece,split_id|subject_id|session,15,0.23274655194185292,0.1934356562924571,0.26687171459071524
db10,db10_amputee_loso,confidence_blend_alpha_0.75,ece,split_id|subject_id|session,15,0.23415156574466442,0.19318768614022966,0.2692854851081719
db10,db10_amputee_loso,selective_prediction,ece,split_id|subject_id|session,15,0.11905501294052609,0.09703970506321584,0.14329390637311695
db10,db10_amputee_loso,selective_prediction,ece,split_id|subject_id|session,15,0.20714736170290987,0.11682449738304299,0.3220286468040429
db10,db10_amputee_loso,selective_prediction,ece,split_id|subject_id|session,15,0.2630018417008671,0.17104584519807137,0.3694536788670486
db10,db10_amputee_loso,selective_prediction,ece,split_id|subject_id|session,15,0.13823766010706623,0.11087115947267089,0.16536499890631262
db10,db10_amputee_loso,selective_prediction,ece,split_id|subject_id|session,15,0.2630018417008671,0.17104584519807137,0.3694536788670486
db10,db10_amputee_loso,set_acsa_tau_0.02,ece,split_id|subject_id|session,15,0.11482482913855202,0.10424082619152338,0.12631688816339628
db10,db10_amputee_loso,set_acsa_tau_0.02,ece,split_id|subject_id|session,15,0.16871750709211214,0.07223607656365164,0.3039200583255438
db10,db10_amputee_loso,set_acsa_tau_0.02,ece,split_id|subject_id|session,15,0.2167305490451982,0.1258067390314337,0.33866392409640844
db10,db10_amputee_loso,set_acsa_tau_0.02,ece,split_id|subject_id|session,15,0.1481532941711595,0.13114024109838107,0.1660013145173007
db10,db10_amputee_loso,set_acsa_tau_0.02,ece,split_id|subject_id|session,15,0.2167305490451982,0.1258067390314337,0.33866392409640844
db10,db10_amputee_loso,set_acsa_tau_0.05,ece,split_id|subject_id|session,15,0.10057556835165635,0.08929986759600686,0.1114817877516414
db10,db10_amputee_loso,set_acsa_tau_0.05,ece,split_id|subject_id|session,15,0.16534793560364908,0.06817953073562379,0.3014996004593632
db10,db10_amputee_loso,set_acsa_tau_0.05,ece,split_id|subject_id|session,15,0.21903512693339114,0.12629226887670936,0.3404006413236857
db10,db10_amputee_loso,set_acsa_tau_0.05,ece,split_id|subject_id|session,15,0.15541752970039585,0.13704750673587127,0.1755058624631952
db10,db10_amputee_loso,set_acsa_tau_0.05,ece,split_id|subject_id|session,15,0.21903512693339114,0.12629226887670936,0.3404006413236857
db10,db10_amputee_loso,set_acsa_tau_0.10,ece,split_id|subject_id|session,15,0.10575213910892184,0.08529775815740925,0.13116160229712623
db10,db10_amputee_loso,set_acsa_tau_0.10,ece,split_id|subject_id|session,15,0.164981528502781,0.06770058338909846,0.3008363430917177
db10,db10_amputee_loso,set_acsa_tau_0.10,ece,split_id|subject_id|session,15,0.21940845683764845,0.12691683937823336,0.3408531852529524
db10,db10_amputee_loso,set_acsa_tau_0.10,ece,split_id|subject_id|session,15,0.15623094196745788,0.13500416754185904,0.17847999700210768
db10,db10_amputee_loso,set_acsa_tau_0.10,ece,split_id|subject_id|session,15,0.21940845683764845,0.12691683937823336,0.3408531852529524
db10,db10_amputee_loso,set_acsa_tau_0.15,ece,split_id|subject_id|session,15,0.10299190726350933,0.07436995088722836,0.13848729756283326
db10,db10_amputee_loso,set_acsa_tau_0.15,ece,split_id|subject_id|session,15,0.16377154635151042,0.06686624657378963,0.2994458073243277
db10,db10_amputee_loso,set_acsa_tau_0.15,ece,split_id|subject_id|session,15,0.21903121490055918,0.12672876754951823,0.34020265198664207
db10,db10_amputee_loso,set_acsa_tau_0.15,ece,split_id|subject_id|session,15,0.1516755749386647,0.12663237603544875,0.17678303848168267
db10,db10_amputee_loso,set_acsa_tau_0.15,ece,split_id|subject_id|session,15,0.21903121490055918,0.12672876754951823,0.34020265198664207
db10,db10_amputee_loso,set_acsa_tau_0.20,ece,split_id|subject_id|session,15,0.10080242672429189,0.07021890431051946,0.1397682010404629
db10,db10_amputee_loso,set_acsa_tau_0.20,ece,split_id|subject_id|session,15,0.16309226044243977,0.06634544008346373,0.2982630610104473
db10,db10_amputee_loso,set_acsa_tau_0.20,ece,split_id|subject_id|session,15,0.2187637876526221,0.12646682455002695,0.34006062601376214
db10,db10_amputee_loso,set_acsa_tau_0.20,ece,split_id|subject_id|session,15,0.14639055075896032,0.119225277725137,0.1734896714577191
db10,db10_amputee_loso,set_acsa_tau_0.20,ece,split_id|subject_id|session,15,0.2187637876526221,0.12646682455002695,0.34006062601376214
db10,db10_amputee_loso,user_only,ece,split_id|subject_id|session,15,0.13568199992564675,0.10464954533776838,0.16815457937934844
db10,db10_amputee_loso,user_only,ece,split_id|subject_id|session,15,0.3030353031687584,0.21393223607867562,0.4077360696930772
db10,db10_amputee_loso,user_only,ece,split_id|subject_id|session,15,0.3030353031687584,0.21393223607867562,0.4077360696930772
db10,db10_amputee_loso,user_only,ece,split_id|subject_id|session,15,0.14239791917978695,0.10744316791489858,0.17783652912367087
db10,db10_amputee_loso,user_only,ece,split_id|subject_id|session,15,0.3030353031687584,0.21393223607867562,0.4077360696930772
db10,db10_amputee_loso,agency_margin_tau_0.02,macro_f1,split_id|subject_id|session,15,0.16980157313629263,0.1318215617057078,0.20921868553882725
db10,db10_amputee_loso,agency_margin_tau_0.02,macro_f1,split_id|subject_id|session,15,0.499945058735789,0.3768856237476919,0.6038968887844685
db10,db10_amputee_loso,agency_margin_tau_0.02,macro_f1,split_id|subject_id|session,15,0.47784741063254754,0.3588105086878517,0.5781800252416834
db10,db10_amputee_loso,agency_margin_tau_0.02,macro_f1,split_id|subject_id|session,15,0.17113584250180316,0.14080601095568762,0.20201551187640057
db10,db10_amputee_loso,agency_margin_tau_0.02,macro_f1,split_id|subject_id|session,15,0.47784741063254754,0.3588105086878517,0.5781800252416834
db10,db10_amputee_loso,agency_margin_tau_0.05,macro_f1,split_id|subject_id|session,15,0.3034051492124357,0.22809275404792695,0.38169416369863146
db10,db10_amputee_loso,agency_margin_tau_0.05,macro_f1,split_id|subject_id|session,15,0.5447374589114812,0.4203734077011358,0.6487439377255385
db10,db10_amputee_loso,agency_margin_tau_0.05,macro_f1,split_id|subject_id|session,15,0.5186386475853774,0.39695845609910235,0.6232477849891521
db10,db10_amputee_loso,agency_margin_tau_0.05,macro_f1,split_id|subject_id|session,15,0.2773447995673702,0.21786948332349604,0.33784748399920395
db10,db10_amputee_loso,agency_margin_tau_0.05,macro_f1,split_id|subject_id|session,15,0.5186386475853774,0.39695845609910235,0.6232477849891521
db10,db10_amputee_loso,agency_margin_tau_0.10,macro_f1,split_id|subject_id|session,15,0.45125582742809917,0.35154661718430075,0.5480846681907882
db10,db10_amputee_loso,agency_margin_tau_0.10,macro_f1,split_id|subject_id|session,15,0.5593705618108485,0.43795647214715805,0.6602828099983301
db10,db10_amputee_loso,agency_margin_tau_0.10,macro_f1,split_id|subject_id|session,15,0.5322882535433899,0.4136664951090948,0.6324183739354795
db10,db10_amputee_loso,agency_margin_tau_0.10,macro_f1,split_id|subject_id|session,15,0.4057175664826257,0.3179048993028043,0.4930074993969152
db10,db10_amputee_loso,agency_margin_tau_0.10,macro_f1,split_id|subject_id|session,15,0.5322882535433899,0.4136664951090948,0.6324183739354795
db10,db10_amputee_loso,agency_margin_tau_0.15,macro_f1,split_id|subject_id|session,15,0.525676312274367,0.41445509687650756,0.6241235700073368
db10,db10_amputee_loso,agency_margin_tau_0.15,macro_f1,split_id|subject_id|session,15,0.5623631250356335,0.4407158339854529,0.6624694728207079
db10,db10_amputee_loso,agency_margin_tau_0.15,macro_f1,split_id|subject_id|session,15,0.5347869817348774,0.41562788694043823,0.6345654027396677
db10,db10_amputee_loso,agency_margin_tau_0.15,macro_f1,split_id|subject_id|session,15,0.4798157677174984,0.37749477773518464,0.5714290412814025
db10,db10_amputee_loso,agency_margin_tau_0.15,macro_f1,split_id|subject_id|session,15,0.5347869817348774,0.41562788694043823,0.6345654027396677
db10,db10_amputee_loso,agency_margin_tau_0.20,macro_f1,split_id|subject_id|session,15,0.552621780262745,0.43467194705275164,0.6489509851781168
db10,db10_amputee_loso,agency_margin_tau_0.20,macro_f1,split_id|subject_id|session,15,0.5634618059026156,0.4409277205359871,0.6634576244809725
db10,db10_amputee_loso,agency_margin_tau_0.20,macro_f1,split_id|subject_id|session,15,0.5359037990566444,0.4162690262102757,0.6360783143009432
db10,db10_amputee_loso,agency_margin_tau_0.20,macro_f1,split_id|subject_id|session,15,0.5161426914102881,0.4071867002726965,0.6088067302355383
db10,db10_amputee_loso,agency_margin_tau_0.20,macro_f1,split_id|subject_id|session,15,0.5359037990566444,0.4162690262102757,0.6360783143009432
db10,db10_amputee_loso,assist_only,macro_f1,split_id|subject_id|session,15,0.5700610270776287,0.4493105916990726,0.6674508446452304
db10,db10_amputee_loso,assist_only,macro_f1,split_id|subject_id|session,15,0.5768539621954344,0.4596514208325264,0.6692900733306101
db10,db10_amputee_loso,assist_only,macro_f1,split_id|subject_id|session,15,0.5471798643253625,0.430559673900011,0.6427444866272672
db10,db10_amputee_loso,assist_only,macro_f1,split_id|subject_id|session,15,0.5471798643253625,0.430559673900011,0.6427444866272672
db10,db10_amputee_loso,assist_only,macro_f1,split_id|subject_id|session,15,0.5471798643253625,0.430559673900011,0.6427444866272672
db10,db10_amputee_loso,confidence_blend_alpha_0.25,macro_f1,split_id|subject_id|session,15,0.5412451536569611,0.42295151468637515,0.6396334500268018
db10,db10_amputee_loso,confidence_blend_alpha_0.25,macro_f1,split_id|subject_id|session,15,0.5658734552704735,0.4418770998969137,0.6660963922705178
db10,db10_amputee_loso,confidence_blend_alpha_0.25,macro_f1,split_id|subject_id|session,15,0.5389976935417002,0.4187219409477824,0.639477139809718
db10,db10_amputee_loso,confidence_blend_alpha_0.25,macro_f1,split_id|subject_id|session,15,0.48980997681137517,0.38530988096047125,0.5813887953668873
db10,db10_amputee_loso,confidence_blend_alpha_0.25,macro_f1,split_id|subject_id|session,15,0.5389976935417002,0.4187219409477824,0.639477139809718
db10,db10_amputee_loso,confidence_blend_alpha_0.50,macro_f1,split_id|subject_id|session,15,0.5677533312981631,0.4471473229031239,0.6648328529901616
db10,db10_amputee_loso,confidence_blend_alpha_0.50,macro_f1,split_id|subject_id|session,15,0.57527790196199,0.4585156063426337,0.6700801409277539
db10,db10_amputee_loso,confidence_blend_alpha_0.50,macro_f1,split_id|subject_id|session,15,0.5431121836586583,0.42083301370079795,0.6444934996063224
db10,db10_amputee_loso,confidence_blend_alpha_0.50,macro_f1,split_id|subject_id|session,15,0.5452290982411048,0.42983830056276384,0.6426911808055125
db10,db10_amputee_loso,confidence_blend_alpha_0.50,macro_f1,split_id|subject_id|session,15,0.5431121836586583,0.42083301370079795,0.6444934996063224
db10,db10_amputee_loso,confidence_blend_alpha_0.75,macro_f1,split_id|subject_id|session,15,0.5694116132258028,0.44859213797371056,0.6669499350862046
db10,db10_amputee_loso,confidence_blend_alpha_0.75,macro_f1,split_id|subject_id|session,15,0.5782553396740308,0.4617092981940212,0.670610945218213
db10,db10_amputee_loso,confidence_blend_alpha_0.75,macro_f1,split_id|subject_id|session,15,0.5479419129236991,0.4306318656770971,0.6448387150270333
db10,db10_amputee_loso,confidence_blend_alpha_0.75,macro_f1,split_id|subject_id|session,15,0.5480726591057408,0.43131873272953186,0.6460414037420481
db10,db10_amputee_loso,confidence_blend_alpha_0.75,macro_f1,split_id|subject_id|session,15,0.5479419129236991,0.4306318656770971,0.6448387150270333
db10,db10_amputee_loso,selective_prediction,macro_f1,split_id|subject_id|session,15,0.3180105370612035,0.24195782835764815,0.38819144189165333
db10,db10_amputee_loso,selective_prediction,macro_f1,split_id|subject_id|session,15,0.34045172193025813,0.2647041601715806,0.4057803780482767
db10,db10_amputee_loso,selective_prediction,macro_f1,split_id|subject_id|session,15,0.2030043320299755,0.15467140508219124,0.2469634877295286
db10,db10_amputee_loso,selective_prediction,macro_f1,split_id|subject_id|session,15,0.19219859656893823,0.15419741132107662,0.22925663631595286
db10,db10_amputee_loso,selective_prediction,macro_f1,split_id|subject_id|session,15,0.2030043320299755,0.15467140508219124,0.2469634877295286
db10,db10_amputee_loso,set_acsa_tau_0.02,macro_f1,split_id|subject_id|session,15,0.15843527521034156,0.12289346182592013,0.19486372711474684
db10,db10_amputee_loso,set_acsa_tau_0.02,macro_f1,split_id|subject_id|session,15,0.4807040098707804,0.36021745413709055,0.5870297380237292
db10,db10_amputee_loso,set_acsa_tau_0.02,macro_f1,split_id|subject_id|session,15,0.45623187121384506,0.3376215622700142,0.5580215039241433
db10,db10_amputee_loso,set_acsa_tau_0.02,macro_f1,split_id|subject_id|session,15,0.15703554840426423,0.13088684603984702,0.1846110537584927
db10,db10_amputee_loso,set_acsa_tau_0.02,macro_f1,split_id|subject_id|session,15,0.45623187121384506,0.3376215622700142,0.5580215039241433
db10,db10_amputee_loso,set_acsa_tau_0.05,macro_f1,split_id|subject_id|session,15,0.2891319076018803,0.21634051179825428,0.3660679675970976
db10,db10_amputee_loso,set_acsa_tau_0.05,macro_f1,split_id|subject_id|session,15,0.5391035129715068,0.4136834613811854,0.6439339428656753
db10,db10_amputee_loso,set_acsa_tau_0.05,macro_f1,split_id|subject_id|session,15,0.5126188558951295,0.3918246191580352,0.6166557009757221
db10,db10_amputee_loso,set_acsa_tau_0.05,macro_f1,split_id|subject_id|session,15,0.2569393795315469,0.19905596451655366,0.3137507756577777
db10,db10_amputee_loso,set_acsa_tau_0.05,macro_f1,split_id|subject_id|session,15,0.5126188558951295,0.3918246191580352,0.6166557009757221
db10,db10_amputee_loso,set_acsa_tau_0.10,macro_f1,split_id|subject_id|session,15,0.4433017262984095,0.3445467957558434,0.5404165174299763
db10,db10_amputee_loso,set_acsa_tau_0.10,macro_f1,split_id|subject_id|session,15,0.557063223637256,0.4339849640595232,0.6578098773238793
db10,db10_amputee_loso,set_acsa_tau_0.10,macro_f1,split_id|subject_id|session,15,0.5300220954841577,0.4102813906423403,0.6301182468507806
db10,db10_amputee_loso,set_acsa_tau_0.10,macro_f1,split_id|subject_id|session,15,0.38790570422684556,0.3032373835918437,0.47553311783440055
db10,db10_amputee_loso,set_acsa_tau_0.10,macro_f1,split_id|subject_id|session,15,0.5300220954841577,0.4102813906423403,0.6301182468507806
db10,db10_amputee_loso,set_acsa_tau_0.15,macro_f1,split_id|subject_id|session,15,0.5234194996428005,0.41287895136345054,0.6222408925207177
db10,db10_amputee_loso,set_acsa_tau_0.15,macro_f1,split_id|subject_id|session,15,0.5610989317925096,0.4400253749015742,0.6606246568230127
db10,db10_amputee_loso,set_acsa_tau_0.15,macro_f1,split_id|subject_id|session,15,0.533473420812832,0.4151783884011946,0.6339812998557559
db10,db10_amputee_loso,set_acsa_tau_0.15,macro_f1,split_id|subject_id|session,15,0.469763758478695,0.36967907301334924,0.5616703025273146
db10,db10_amputee_loso,set_acsa_tau_0.15,macro_f1,split_id|subject_id|session,15,0.533473420812832,0.4151783884011946,0.6339812998557559
db10,db10_amputee_loso,set_acsa_tau_0.20,macro_f1,split_id|subject_id|session,15,0.5520848912496104,0.4341908974147216,0.6484684878348375
db10,db10_amputee_loso,set_acsa_tau_0.20,macro_f1,split_id|subject_id|session,15,0.5627128435670412,0.44075527696042327,0.6622886292007836
db10,db10_amputee_loso,set_acsa_tau_0.20,macro_f1,split_id|subject_id|session,15,0.5350849803338095,0.4158148196426584,0.6345829077442745
db10,db10_amputee_loso,set_acsa_tau_0.20,macro_f1,split_id|subject_id|session,15,0.511656728984757,0.4045332047987043,0.6042416359629437
db10,db10_amputee_loso,set_acsa_tau_0.20,macro_f1,split_id|subject_id|session,15,0.5350849803338095,0.4158148196426584,0.6345829077442745
db10,db10_amputee_loso,user_only,macro_f1,split_id|subject_id|session,15,0.09505322541087718,0.07758629437738326,0.11049162563913807
db10,db10_amputee_loso,user_only,macro_f1,split_id|subject_id|session,15,0.10550292112776109,0.08355167937064774,0.12443781635561961
db10,db10_amputee_loso,user_only,macro_f1,split_id|subject_id|session,15,0.10550292112776109,0.08355167937064774,0.12443781635561961
db10,db10_amputee_loso,user_only,macro_f1,split_id|subject_id|session,15,0.09752588852392978,0.0861924331593548,0.11003591499360538
db10,db10_amputee_loso,user_only,macro_f1,split_id|subject_id|session,15,0.10550292112776109,0.08355167937064774,0.12443781635561961
db10,db10_amputee_loso,agency_margin_tau_0.02,mean_ali,split_id|subject_id|session,15,0.00180741929454212,0.0013472985169477396,0.0022879198686322185
db10,db10_amputee_loso,agency_margin_tau_0.02,mean_ali,split_id|subject_id|session,15,0.0037327512750709164,0.002889014608857093,0.00438066574460772
db10,db10_amputee_loso,agency_margin_tau_0.02,mean_ali,split_id|subject_id|session,15,0.003616229014021256,0.002776563352757105,0.004244913800506302
db10,db10_amputee_loso,agency_margin_tau_0.02,mean_ali,split_id|subject_id|session,15,0.0022883388756060603,0.0016514579338635278,0.003038096328454813
db10,db10_amputee_loso,agency_margin_tau_0.02,mean_ali,split_id|subject_id|session,15,0.003616229014021256,0.002776563352757105,0.004244913800506302
db10,db10_amputee_loso,agency_margin_tau_0.05,mean_ali,split_id|subject_id|session,15,0.010078051607530052,0.008055923197209915,0.012077890853092473
db10,db10_amputee_loso,agency_margin_tau_0.05,mean_ali,split_id|subject_id|session,15,0.005809090904739623,0.004373679955111518,0.007189372100069054
db10,db10_amputee_loso,agency_margin_tau_0.05,mean_ali,split_id|subject_id|session,15,0.005624942373952696,0.00422980411622342,0.007008981473940327
db10,db10_amputee_loso,agency_margin_tau_0.05,mean_ali,split_id|subject_id|session,15,0.009139529719515867,0.00732175595118621,0.011705486453322615
db10,db10_amputee_loso,agency_margin_tau_0.05,mean_ali,split_id|subject_id|session,15,0.005624942373952696,0.00422980411622342,0.007008981473940327
db10,db10_amputee_loso,agency_margin_tau_0.10,mean_ali,split_id|subject_id|session,15,0.03206765159240884,0.027154126505099886,0.03973703043380093
db10,db10_amputee_loso,agency_margin_tau_0.10,mean_ali,split_id|subject_id|session,15,0.007050024453289753,0.004745398650166922,0.009769043002310275
db10,db10_amputee_loso,agency_margin_tau_0.10,mean_ali,split_id|subject_id|session,15,0.0068484794476402315,0.004572315363202885,0.009658626418798395
db10,db10_amputee_loso,agency_margin_tau_0.10,mean_ali,split_id|subject_id|session,15,0.02237193949878188,0.019565513894482616,0.025231363264460627
db10,db10_amputee_loso,agency_margin_tau_0.10,mean_ali,split_id|subject_id|session,15,0.0068484794476402315,0.004572315363202885,0.009658626418798395
db10,db10_amputee_loso,agency_margin_tau_0.15,mean_ali,split_id|subject_id|session,15,0.04620133639258799,0.03844115894773486,0.054229084306247004
db10,db10_amputee_loso,agency_margin_tau_0.15,mean_ali,split_id|subject_id|session,15,0.00769262966105312,0.0047917703503511195,0.01142960001332886
db10,db10_amputee_loso,agency_margin_tau_0.15,mean_ali,split_id|subject_id|session,15,0.007488069504146814,0.004626955667826892,0.011416484527369052
db10,db10_amputee_loso,agency_margin_tau_0.15,mean_ali,split_id|subject_id|session,15,0.03470297255955081,0.02995158499453799,0.03969279616483656
db10,db10_amputee_loso,agency_margin_tau_0.15,mean_ali,split_id|subject_id|session,15,0.007488069504146814,0.004626955667826892,0.011416484527369052
db10,db10_amputee_loso,agency_margin_tau_0.20,mean_ali,split_id|subject_id|session,15,0.052512764390799264,0.04277226904629302,0.06206374592208988
db10,db10_amputee_loso,agency_margin_tau_0.20,mean_ali,split_id|subject_id|session,15,0.008107590229910892,0.004803938247428346,0.012630368761766118
db10,db10_amputee_loso,agency_margin_tau_0.20,mean_ali,split_id|subject_id|session,15,0.007871775800864672,0.004635853998498252,0.012549975936438765
db10,db10_amputee_loso,agency_margin_tau_0.20,mean_ali,split_id|subject_id|session,15,0.04272747636328507,0.03574317425118097,0.050119774080038315
db10,db10_amputee_loso,agency_margin_tau_0.20,mean_ali,split_id|subject_id|session,15,0.007871775800864672,0.004635853998498252,0.012549975936438765
db10,db10_amputee_loso,assist_only,mean_ali,split_id|subject_id|session,15,0.057355438667925765,0.04594852486371168,0.06857015165922023
db10,db10_amputee_loso,assist_only,mean_ali,split_id|subject_id|session,15,0.1173924632071946,0.007507493813329513,0.27037857806745236
db10,db10_amputee_loso,assist_only,mean_ali,split_id|subject_id|session,15,0.11713465953840808,0.0071715955958568944,0.270198462167525
db10,db10_amputee_loso,assist_only,mean_ali,split_id|subject_id|session,15,0.052309456662108976,0.03937764453962102,0.06687493730783231
db10,db10_amputee_loso,assist_only,mean_ali,split_id|subject_id|session,15,0.11713465953840808,0.0071715955958568944,0.270198462167525
db10,db10_amputee_loso,confidence_blend_alpha_0.25,mean_ali,split_id|subject_id|session,15,0.042256393303074964,0.035527429182971505,0.0499881519305786
db10,db10_amputee_loso,confidence_blend_alpha_0.25,mean_ali,split_id|subject_id|session,15,0.0074847838807802275,0.004625402205453362,0.011704719000417576
db10,db10_amputee_loso,confidence_blend_alpha_0.25,mean_ali,split_id|subject_id|session,15,0.006663484135269732,0.004328460907888945,0.00999416802348127
db10,db10_amputee_loso,confidence_blend_alpha_0.25,mean_ali,split_id|subject_id|session,15,0.03202397764931614,0.0270421982663251,0.03708550511895615
db10,db10_amputee_loso,confidence_blend_alpha_0.25,mean_ali,split_id|subject_id|session,15,0.006663484135269732,0.004328460907888945,0.00999416802348127
db10,db10_amputee_loso,confidence_blend_alpha_0.50,mean_ali,split_id|subject_id|session,15,0.05503829876595331,0.04390455789525849,0.0657908953794543
db10,db10_amputee_loso,confidence_blend_alpha_0.50,mean_ali,split_id|subject_id|session,15,0.041427691908359994,0.007191038109321247,0.08649010259451995
db10,db10_amputee_loso,confidence_blend_alpha_0.50,mean_ali,split_id|subject_id|session,15,0.020046685168771793,0.005452443911971639,0.044494822825926726
db10,db10_amputee_loso,confidence_blend_alpha_0.50,mean_ali,split_id|subject_id|session,15,0.047714974540014346,0.03646478511565832,0.059932074296965204
db10,db10_amputee_loso,confidence_blend_alpha_0.50,mean_ali,split_id|subject_id|session,15,0.020046685168771793,0.005452443911971639,0.044494822825926726
db10,db10_amputee_loso,confidence_blend_alpha_0.75,mean_ali,split_id|subject_id|session,15,0.056678797619897386,0.04547656995671419,0.06774701314841827
db10,db10_amputee_loso,confidence_blend_alpha_0.75,mean_ali,split_id|subject_id|session,15,0.11568720464729922,0.0074005135494223575,0.2658609828689952
db10,db10_amputee_loso,confidence_blend_alpha_0.75,mean_ali,split_id|subject_id|session,15,0.11652822992629747,0.0070449152171442285,0.2690998764359165
db10,db10_amputee_loso,confidence_blend_alpha_0.75,mean_ali,split_id|subject_id|session,15,0.05085171304267828,0.03853683837530553,0.06474677344261545
db10,db10_amputee_loso,confidence_blend_alpha_0.75,mean_ali,split_id|subject_id|session,15,0.11652822992629747,0.0070449152171442285,0.2690998764359165
db10,db10_amputee_loso,selective_prediction,mean_ali,split_id|subject_id|session,15,0.01639470128383012,0.011722672069436895,0.021212294455378027
db10,db10_amputee_loso,selective_prediction,mean_ali,split_id|subject_id|session,15,0.012904304427260763,0.002751498109408793,0.025245401755950265
db10,db10_amputee_loso,selective_prediction,mean_ali,split_id|subject_id|session,15,0.006930288454349546,0.0008470654405764246,0.018692002393902424
db10,db10_amputee_loso,selective_prediction,mean_ali,split_id|subject_id|session,15,0.008273070522236093,0.005891108008321347,0.01043057854563153
db10,db10_amputee_loso,selective_prediction,mean_ali,split_id|subject_id|session,15,0.006930288454349546,0.0008470654405764246,0.018692002393902424
db10,db10_amputee_loso,set_acsa_tau_0.02,mean_ali,split_id|subject_id|session,15,0.0013121157054158603,0.0009447159803690801,0.001716584944719351
db10,db10_amputee_loso,set_acsa_tau_0.02,mean_ali,split_id|subject_id|session,15,0.003370893137156163,0.0025970407679636706,0.003956479301548025
db10,db10_amputee_loso,set_acsa_tau_0.02,mean_ali,split_id|subject_id|session,15,0.0032585993999588686,0.0025060910088148466,0.003823999241416482
db10,db10_amputee_loso,set_acsa_tau_0.02,mean_ali,split_id|subject_id|session,15,0.0017402416105996798,0.001246168092773288,0.002320534804792137
db10,db10_amputee_loso,set_acsa_tau_0.02,mean_ali,split_id|subject_id|session,15,0.0032585993999588686,0.0025060910088148466,0.003823999241416482
db10,db10_amputee_loso,set_acsa_tau_0.05,mean_ali,split_id|subject_id|session,15,0.008674550089819075,0.00672388329292646,0.010593645464713405
db10,db10_amputee_loso,set_acsa_tau_0.05,mean_ali,split_id|subject_id|session,15,0.005632460322450957,0.004252265087049343,0.006877651756481598
db10,db10_amputee_loso,set_acsa_tau_0.05,mean_ali,split_id|subject_id|session,15,0.005431954261897283,0.004103110084934535,0.0066322256359787396
db10,db10_amputee_loso,set_acsa_tau_0.05,mean_ali,split_id|subject_id|session,15,0.0075134546449675205,0.0059431600055290966,0.009779434868000633
db10,db10_amputee_loso,set_acsa_tau_0.05,mean_ali,split_id|subject_id|session,15,0.005431954261897283,0.004103110084934535,0.0066322256359787396
db10,db10_amputee_loso,set_acsa_tau_0.10,mean_ali,split_id|subject_id|session,15,0.0304112229041593,0.02567086926031811,0.038111737475178174
db10,db10_amputee_loso,set_acsa_tau_0.10,mean_ali,split_id|subject_id|session,15,0.00689852262745819,0.0047486052313697995,0.009344445058819206
db10,db10_amputee_loso,set_acsa_tau_0.10,mean_ali,split_id|subject_id|session,15,0.0066822617191918095,0.004559367890980373,0.00915812545674648
db10,db10_amputee_loso,set_acsa_tau_0.10,mean_ali,split_id|subject_id|session,15,0.019746591168564535,0.01735460997049404,0.022398762401704842
db10,db10_amputee_loso,set_acsa_tau_0.10,mean_ali,split_id|subject_id|session,15,0.0066822617191918095,0.004559367890980373,0.00915812545674648
db10,db10_amputee_loso,set_acsa_tau_0.15,mean_ali,split_id|subject_id|session,15,0.04554264756856521,0.037971703024297705,0.05358060475114752
db10,db10_amputee_loso,set_acsa_tau_0.15,mean_ali,split_id|subject_id|session,15,0.007584788821052828,0.004796622254772877,0.011126705474321905
db10,db10_amputee_loso,set_acsa_tau_0.15,mean_ali,split_id|subject_id|session,15,0.007337400563448507,0.004631584294828592,0.010926589214305062
db10,db10_amputee_loso,set_acsa_tau_0.15,mean_ali,split_id|subject_id|session,15,0.032727108517072404,0.02848753420471077,0.03720372721776783
db10,db10_amputee_loso,set_acsa_tau_0.15,mean_ali,split_id|subject_id|session,15,0.007337400563448507,0.004631584294828592,0.010926589214305062
db10,db10_amputee_loso,set_acsa_tau_0.20,mean_ali,split_id|subject_id|session,15,0.05236058954375302,0.04265400230881771,0.06196658609526229
db10,db10_amputee_loso,set_acsa_tau_0.20,mean_ali,split_id|subject_id|session,15,0.008022428838871106,0.004808790151850125,0.012358832518288447
db10,db10_amputee_loso,set_acsa_tau_0.20,mean_ali,split_id|subject_id|session,15,0.007747643632238899,0.00464309490089918,0.012159209720764263
db10,db10_amputee_loso,set_acsa_tau_0.20,mean_ali,split_id|subject_id|session,15,0.04173393401926744,0.035193702506093834,0.04872696179442848
db10,db10_amputee_loso,set_acsa_tau_0.20,mean_ali,split_id|subject_id|session,15,0.007747643632238899,0.00464309490089918,0.012159209720764263
db10,db10_amputee_loso,user_only,mean_ali,split_id|subject_id|session,15,0.0,0.0,0.0
db10,db10_amputee_loso,user_only,mean_ali,split_id|subject_id|session,15,0.0,0.0,0.0
db10,db10_amputee_loso,user_only,mean_ali,split_id|subject_id|session,15,0.0,0.0,0.0
db10,db10_amputee_loso,user_only,mean_ali,split_id|subject_id|session,15,0.0,0.0,0.0
db10,db10_amputee_loso,user_only,mean_ali,split_id|subject_id|session,15,0.0,0.0,0.0
db10,db10_amputee_loso,agency_margin_tau_0.02,risk_coverage_auc,split_id|subject_id|session,15,0.4482850132305237,0.33422971178920474,0.5674473912982521
db10,db10_amputee_loso,agency_margin_tau_0.02,risk_coverage_auc,split_id|subject_id|session,15,0.2748261727683856,0.14645690157049318,0.43344466647066504
db10,db10_amputee_loso,agency_margin_tau_0.02,risk_coverage_auc,split_id|subject_id|session,15,0.31073661390177343,0.18105617967234705,0.4694472350856049
db10,db10_amputee_loso,agency_margin_tau_0.02,risk_coverage_auc,split_id|subject_id|session,15,0.384402186188084,0.30426938189964586,0.45600244115094674
db10,db10_amputee_loso,agency_margin_tau_0.02,risk_coverage_auc,split_id|subject_id|session,15,0.31073661390177343,0.18105617967234705,0.4694472350856049
db10,db10_amputee_loso,agency_margin_tau_0.05,risk_coverage_auc,split_id|subject_id|session,15,0.391259056350788,0.2703365226728404,0.5193979084293378
db10,db10_amputee_loso,agency_margin_tau_0.05,risk_coverage_auc,split_id|subject_id|session,15,0.25575014575053473,0.13158449733795038,0.4180404652614311
db10,db10_amputee_loso,agency_margin_tau_0.05,risk_coverage_auc,split_id|subject_id|session,15,0.29520838995243087,0.1675011341808152,0.4521666117114689
db10,db10_amputee_loso,agency_margin_tau_0.05,risk_coverage_auc,split_id|subject_id|session,15,0.31123489313769,0.23951411457157631,0.3781351044795117
db10,db10_amputee_loso,agency_margin_tau_0.05,risk_coverage_auc,split_id|subject_id|session,15,0.29520838995243087,0.1675011341808152,0.4521666117114689
db10,db10_amputee_loso,agency_margin_tau_0.10,risk_coverage_auc,split_id|subject_id|session,15,0.2999710562163272,0.2046562201496589,0.42479266283079
db10,db10_amputee_loso,agency_margin_tau_0.10,risk_coverage_auc,split_id|subject_id|session,15,0.25150098843300783,0.127143234002584,0.41309532556985207
db10,db10_amputee_loso,agency_margin_tau_0.10,risk_coverage_auc,split_id|subject_id|session,15,0.29179454730335147,0.1640580867335203,0.44884479400038046
db10,db10_amputee_loso,agency_margin_tau_0.10,risk_coverage_auc,split_id|subject_id|session,15,0.25816158126079697,0.19097590382778837,0.3272598136531226
db10,db10_amputee_loso,agency_margin_tau_0.10,risk_coverage_auc,split_id|subject_id|session,15,0.29179454730335147,0.1640580867335203,0.44884479400038046
db10,db10_amputee_loso,agency_margin_tau_0.15,risk_coverage_auc,split_id|subject_id|session,15,0.27482236359842876,0.17879603668303554,0.4067330344569087
db10,db10_amputee_loso,agency_margin_tau_0.15,risk_coverage_auc,split_id|subject_id|session,15,0.2507648319151215,0.12577233116831596,0.4122813888022813
db10,db10_amputee_loso,agency_margin_tau_0.15,risk_coverage_auc,split_id|subject_id|session,15,0.29150606741258317,0.16387606217371037,0.4490275618967594
db10,db10_amputee_loso,agency_margin_tau_0.15,risk_coverage_auc,split_id|subject_id|session,15,0.23463256273159605,0.16785668728032557,0.3052627371594384
db10,db10_amputee_loso,agency_margin_tau_0.15,risk_coverage_auc,split_id|subject_id|session,15,0.29150606741258317,0.16387606217371037,0.4490275618967594
db10,db10_amputee_loso,agency_margin_tau_0.20,risk_coverage_auc,split_id|subject_id|session,15,0.26727162313795616,0.1714499009872268,0.3989558264197389
db10,db10_amputee_loso,agency_margin_tau_0.20,risk_coverage_auc,split_id|subject_id|session,15,0.2504044931976304,0.12509564676550056,0.4119183993157122
db10,db10_amputee_loso,agency_margin_tau_0.20,risk_coverage_auc,split_id|subject_id|session,15,0.2914396844205941,0.1638700531641038,0.4492845788899113
db10,db10_amputee_loso,agency_margin_tau_0.20,risk_coverage_auc,split_id|subject_id|session,15,0.22668978206877405,0.15883956901054708,0.29786515294311033
db10,db10_amputee_loso,agency_margin_tau_0.20,risk_coverage_auc,split_id|subject_id|session,15,0.2914396844205941,0.1638700531641038,0.4492845788899113
db10,db10_amputee_loso,assist_only,risk_coverage_auc,split_id|subject_id|session,15,0.2631643486862674,0.1664938238000545,0.3965196593667131
db10,db10_amputee_loso,assist_only,risk_coverage_auc,split_id|subject_id|session,15,0.1689084201054932,0.1180526002188768,0.22261657704993548
db10,db10_amputee_loso,assist_only,risk_coverage_auc,split_id|subject_id|session,15,0.21991093631352268,0.15275493059581216,0.2932889215217675
db10,db10_amputee_loso,assist_only,risk_coverage_auc,split_id|subject_id|session,15,0.21991093631352268,0.15275493059581216,0.2932889215217675
db10,db10_amputee_loso,assist_only,risk_coverage_auc,split_id|subject_id|session,15,0.21991093631352268,0.15275493059581216,0.2932889215217675
db10,db10_amputee_loso,confidence_blend_alpha_0.25,risk_coverage_auc,split_id|subject_id|session,15,0.2938923512183181,0.2003738306005632,0.42049456231917176
db10,db10_amputee_loso,confidence_blend_alpha_0.25,risk_coverage_auc,split_id|subject_id|session,15,0.25549410846075854,0.13974245720678286,0.3965751290931355
db10,db10_amputee_loso,confidence_blend_alpha_0.25,risk_coverage_auc,split_id|subject_id|session,15,0.3058253658046877,0.1746372964324165,0.46411612520537154
db10,db10_amputee_loso,confidence_blend_alpha_0.25,risk_coverage_auc,split_id|subject_id|session,15,0.2910703626913832,0.21286790617196089,0.3715857193861726
db10,db10_amputee_loso,confidence_blend_alpha_0.25,risk_coverage_auc,split_id|subject_id|session,15,0.3058253658046877,0.1746372964324165,0.46411612520537154
db10,db10_amputee_loso,confidence_blend_alpha_0.50,risk_coverage_auc,split_id|subject_id|session,15,0.2644538563908842,0.16733602156351735,0.3963946516439762
db10,db10_amputee_loso,confidence_blend_alpha_0.50,risk_coverage_auc,split_id|subject_id|session,15,0.2135904873466803,0.12280805638072198,0.326614039523977
db10,db10_amputee_loso,confidence_blend_alpha_0.50,risk_coverage_auc,split_id|subject_id|session,15,0.285709342109136,0.16151510802392127,0.4378513674588054
db10,db10_amputee_loso,confidence_blend_alpha_0.50,risk_coverage_auc,split_id|subject_id|session,15,0.2263417083526908,0.15894352912099124,0.2991524101861657
db10,db10_amputee_loso,confidence_blend_alpha_0.50,risk_coverage_auc,split_id|subject_id|session,15,0.285709342109136,0.16151510802392127,0.4378513674588054
db10,db10_amputee_loso,confidence_blend_alpha_0.75,risk_coverage_auc,split_id|subject_id|session,15,0.26274254488662263,0.16556641738482528,0.39639529633722315
db10,db10_amputee_loso,confidence_blend_alpha_0.75,risk_coverage_auc,split_id|subject_id|session,15,0.16907902292689855,0.11787737193390105,0.22332227252588555
db10,db10_amputee_loso,confidence_blend_alpha_0.75,risk_coverage_auc,split_id|subject_id|session,15,0.21992418203280828,0.15284251797522855,0.2943297218900883
db10,db10_amputee_loso,confidence_blend_alpha_0.75,risk_coverage_auc,split_id|subject_id|session,15,0.22001904671081465,0.15284627378154045,0.2937744444604905
db10,db10_amputee_loso,confidence_blend_alpha_0.75,risk_coverage_auc,split_id|subject_id|session,15,0.21992418203280828,0.15284251797522855,0.2943297218900883
db10,db10_amputee_loso,selective_prediction,risk_coverage_auc,split_id|subject_id|session,15,0.39809921449811014,0.29624347020877495,0.5117092826849982
db10,db10_amputee_loso,selective_prediction,risk_coverage_auc,split_id|subject_id|session,15,0.3004947817142495,0.19670804499051983,0.4260810863963167
db10,db10_amputee_loso,selective_prediction,risk_coverage_auc,split_id|subject_id|session,15,0.4686870525609618,0.3560969189033209,0.5910051780329818
db10,db10_amputee_loso,selective_prediction,risk_coverage_auc,split_id|subject_id|session,15,0.49295082376069616,0.41112345538613,0.5718399486170899
db10,db10_amputee_loso,selective_prediction,risk_coverage_auc,split_id|subject_id|session,15,0.4686870525609618,0.3560969189033209,0.5910051780329818
db10,db10_amputee_loso,set_acsa_tau_0.02,risk_coverage_auc,split_id|subject_id|session,15,0.48905175753095687,0.3784228129223348,0.6007562011922037
db10,db10_amputee_loso,set_acsa_tau_0.02,risk_coverage_auc,split_id|subject_id|session,15,0.27694714532153847,0.1481635114491419,0.43648287882465536
db10,db10_amputee_loso,set_acsa_tau_0.02,risk_coverage_auc,split_id|subject_id|session,15,0.31287652263161814,0.18219569829927634,0.4714704812983789
db10,db10_amputee_loso,set_acsa_tau_0.02,risk_coverage_auc,split_id|subject_id|session,15,0.40132062326320767,0.31943565358917364,0.4756044904104975
db10,db10_amputee_loso,set_acsa_tau_0.02,risk_coverage_auc,split_id|subject_id|session,15,0.31287652263161814,0.18219569829927634,0.4714704812983789
db10,db10_amputee_loso,set_acsa_tau_0.05,risk_coverage_auc,split_id|subject_id|session,15,0.4045518098938779,0.28129449002738915,0.5318939901047453
db10,db10_amputee_loso,set_acsa_tau_0.05,risk_coverage_auc,split_id|subject_id|session,15,0.2563117260650731,0.13183440001748678,0.41931936514064055
db10,db10_amputee_loso,set_acsa_tau_0.05,risk_coverage_auc,split_id|subject_id|session,15,0.29572224651982976,0.167603817872333,0.4522165397739009
db10,db10_amputee_loso,set_acsa_tau_0.05,risk_coverage_auc,split_id|subject_id|session,15,0.3198614406520642,0.24644434846696237,0.3878055489572459
db10,db10_amputee_loso,set_acsa_tau_0.05,risk_coverage_auc,split_id|subject_id|session,15,0.29572224651982976,0.167603817872333,0.4522165397739009
db10,db10_amputee_loso,set_acsa_tau_0.10,risk_coverage_auc,split_id|subject_id|session,15,0.3021346565333587,0.20634378537806466,0.4274808289275454
db10,db10_amputee_loso,set_acsa_tau_0.10,risk_coverage_auc,split_id|subject_id|session,15,0.2516802596440553,0.1273398911304325,0.413267436664815
db10,db10_amputee_loso,set_acsa_tau_0.10,risk_coverage_auc,split_id|subject_id|session,15,0.29192898560839886,0.16404505543856476,0.4489675305362141
db10,db10_amputee_loso,set_acsa_tau_0.10,risk_coverage_auc,split_id|subject_id|session,15,0.2617176508687113,0.19407258276067513,0.33132510179507374
db10,db10_amputee_loso,set_acsa_tau_0.10,risk_coverage_auc,split_id|subject_id|session,15,0.29192898560839886,0.16404505543856476,0.4489675305362141
db10,db10_amputee_loso,set_acsa_tau_0.15,risk_coverage_auc,split_id|subject_id|session,15,0.27508226616629433,0.17891698847921572,0.40693155132599723
db10,db10_amputee_loso,set_acsa_tau_0.15,risk_coverage_auc,split_id|subject_id|session,15,0.250841075983023,0.1259151155499642,0.41235378747518875
db10,db10_amputee_loso,set_acsa_tau_0.15,risk_coverage_auc,split_id|subject_id|session,15,0.29152937926164185,0.16386862028398164,0.44904163819244797
db10,db10_amputee_loso,set_acsa_tau_0.15,risk_coverage_auc,split_id|subject_id|session,15,0.23553241792518023,0.16871279478131107,0.3055070550753164
db10,db10_amputee_loso,set_acsa_tau_0.15,risk_coverage_auc,split_id|subject_id|session,15,0.29152937926164185,0.16386862028398164,0.44904163819244797
db10,db10_amputee_loso,set_acsa_tau_0.20,risk_coverage_auc,split_id|subject_id|session,15,0.26730106783495716,0.17145919740232413,0.3989601841449432
db10,db10_amputee_loso,set_acsa_tau_0.20,risk_coverage_auc,split_id|subject_id|session,15,0.25043031493440654,0.12513410521235707,0.41194167650570646
db10,db10_amputee_loso,set_acsa_tau_0.20,risk_coverage_auc,split_id|subject_id|session,15,0.29141444629059937,0.163862702221252,0.44925137518511593
db10,db10_amputee_loso,set_acsa_tau_0.20,risk_coverage_auc,split_id|subject_id|session,15,0.22688386854164305,0.15901738995409065,0.29789610567627184
db10,db10_amputee_loso,set_acsa_tau_0.20,risk_coverage_auc,split_id|subject_id|session,15,0.29141444629059937,0.163862702221252,0.44925137518511593
db10,db10_amputee_loso,user_only,risk_coverage_auc,split_id|subject_id|session,15,0.8394507632546234,0.8055266352119679,0.870915018416815
db10,db10_amputee_loso,user_only,risk_coverage_auc,split_id|subject_id|session,15,0.7078385516170748,0.6342771680885951,0.7838477608242564
db10,db10_amputee_loso,user_only,risk_coverage_auc,split_id|subject_id|session,15,0.7078385516170748,0.6342771680885951,0.7838477608242564
db10,db10_amputee_loso,user_only,risk_coverage_auc,split_id|subject_id|session,15,0.8227645927594835,0.7718796795383757,0.8651994042191692
db10,db10_amputee_loso,user_only,risk_coverage_auc,split_id|subject_id|session,15,0.7078385516170748,0.6342771680885951,0.7838477608242564
db10,db10_mixed_to_amputee,agency_margin_tau_0.02,active_macro_f1,split_id|subject_id|session,15,0.19971766296801083,0.1606545789149928,0.2381980766405235
db10,db10_mixed_to_amputee,agency_margin_tau_0.02,active_macro_f1,split_id|subject_id|session,15,0.5268368794903228,0.4213366966369576,0.6195275242892914
db10,db10_mixed_to_amputee,agency_margin_tau_0.02,active_macro_f1,split_id|subject_id|session,15,0.494996787768259,0.3984837525816532,0.5846330821213762
db10,db10_mixed_to_amputee,agency_margin_tau_0.02,active_macro_f1,split_id|subject_id|session,1,0.0699772973733694,0.0699772973733694,0.0699772973733694
db10,db10_mixed_to_amputee,agency_margin_tau_0.02,active_macro_f1,split_id|subject_id|session,1,0.083598616710695,0.083598616710695,0.083598616710695
db10,db10_mixed_to_amputee,agency_margin_tau_0.02,active_macro_f1,split_id|subject_id|session,15,0.1440892616193374,0.1226681282994112,0.16489268899415382
db10,db10_mixed_to_amputee,agency_margin_tau_0.02,active_macro_f1,split_id|subject_id|session,15,0.494996787768259,0.3984837525816532,0.5846330821213762
db10,db10_mixed_to_amputee,agency_margin_tau_0.05,active_macro_f1,split_id|subject_id|session,15,0.41041935292292314,0.3320931975309764,0.48503969513703954
db10,db10_mixed_to_amputee,agency_margin_tau_0.05,active_macro_f1,split_id|subject_id|session,15,0.5739461011177622,0.4703637954485275,0.6635705362475774
db10,db10_mixed_to_amputee,agency_margin_tau_0.05,active_macro_f1,split_id|subject_id|session,15,0.5370186857841315,0.4385791274390795,0.6230667754331911
db10,db10_mixed_to_amputee,agency_margin_tau_0.05,active_macro_f1,split_id|subject_id|session,1,0.0699772973733694,0.0699772973733694,0.0699772973733694
db10,db10_mixed_to_amputee,agency_margin_tau_0.05,active_macro_f1,split_id|subject_id|session,1,0.083598616710695,0.083598616710695,0.083598616710695
db10,db10_mixed_to_amputee,agency_margin_tau_0.05,active_macro_f1,split_id|subject_id|session,15,0.29694039467475764,0.24559054610744577,0.34346004201383257
db10,db10_mixed_to_amputee,agency_margin_tau_0.05,active_macro_f1,split_id|subject_id|session,15,0.5370186857841315,0.4385791274390795,0.6230667754331911
db10,db10_mixed_to_amputee,agency_margin_tau_0.10,active_macro_f1,split_id|subject_id|session,15,0.5851982894422992,0.4856811358456951,0.6726550409375461
db10,db10_mixed_to_amputee,agency_margin_tau_0.10,active_macro_f1,split_id|subject_id|session,15,0.5839177454862523,0.4805748290497117,0.6742713032753154
db10,db10_mixed_to_amputee,agency_margin_tau_0.10,active_macro_f1,split_id|subject_id|session,15,0.5447439569734853,0.44462070081813604,0.6319001674086087
db10,db10_mixed_to_amputee,agency_margin_tau_0.10,active_macro_f1,split_id|subject_id|session,1,0.0699772973733694,0.0699772973733694,0.0699772973733694
db10,db10_mixed_to_amputee,agency_margin_tau_0.10,active_macro_f1,split_id|subject_id|session,1,0.083598616710695,0.083598616710695,0.083598616710695
db10,db10_mixed_to_amputee,agency_margin_tau_0.10,active_macro_f1,split_id|subject_id|session,15,0.4130768272667001,0.3385877760704785,0.48436038751622396
db10,db10_mixed_to_amputee,agency_margin_tau_0.10,active_macro_f1,split_id|subject_id|session,15,0.5447439569734853,0.44462070081813604,0.6319001674086087
db10,db10_mixed_to_amputee,agency_margin_tau_0.15,active_macro_f1,split_id|subject_id|session,15,0.6644184557160053,0.5513519998688202,0.7563035064195
db10,db10_mixed_to_amputee,agency_margin_tau_0.15,active_macro_f1,split_id|subject_id|session,15,0.5851452920098281,0.4794415173163759,0.6761652462717143
db10,db10_mixed_to_amputee,agency_margin_tau_0.15,active_macro_f1,split_id|subject_id|session,15,0.5465526619369423,0.4459831439350409,0.6340436448660128
db10,db10_mixed_to_amputee,agency_margin_tau_0.15,active_macro_f1,split_id|subject_id|session,1,0.0699772973733694,0.0699772973733694,0.0699772973733694
db10,db10_mixed_to_amputee,agency_margin_tau_0.15,active_macro_f1,split_id|subject_id|session,1,0.083598616710695,0.083598616710695,0.083598616710695
db10,db10_mixed_to_amputee,agency_margin_tau_0.15,active_macro_f1,split_id|subject_id|session,15,0.4725213365289786,0.3862166989065777,0.5573903075330608
db10,db10_mixed_to_amputee,agency_margin_tau_0.15,active_macro_f1,split_id|subject_id|session,15,0.5465526619369423,0.4459831439350409,0.6340436448660128
db10,db10_mixed_to_amputee,agency_margin_tau_0.20,active_macro_f1,split_id|subject_id|session,15,0.6937835625631465,0.5737433382914112,0.7885012750075486
db10,db10_mixed_to_amputee,agency_margin_tau_0.20,active_macro_f1,split_id|subject_id|session,15,0.5851004708436565,0.47677209239748514,0.6769282593717743
db10,db10_mixed_to_amputee,agency_margin_tau_0.20,active_macro_f1,split_id|subject_id|session,15,0.5471596034620784,0.4456605384340923,0.6340722896404358
db10,db10_mixed_to_amputee,agency_margin_tau_0.20,active_macro_f1,split_id|subject_id|session,1,0.0699772973733694,0.0699772973733694,0.0699772973733694
db10,db10_mixed_to_amputee,agency_margin_tau_0.20,active_macro_f1,split_id|subject_id|session,1,0.083598616710695,0.083598616710695,0.083598616710695
db10,db10_mixed_to_amputee,agency_margin_tau_0.20,active_macro_f1,split_id|subject_id|session,15,0.5042544077526686,0.4108290322189311,0.5925534374852945
db10,db10_mixed_to_amputee,agency_margin_tau_0.20,active_macro_f1,split_id|subject_id|session,15,0.5471596034620784,0.4456605384340923,0.6340722896404358
db10,db10_mixed_to_amputee,assist_only,active_macro_f1,split_id|subject_id|session,15,0.710158940003744,0.5875927976864735,0.8043988546902602
db10,db10_mixed_to_amputee,assist_only,active_macro_f1,split_id|subject_id|session,15,0.5866745724003516,0.47405574630410713,0.679696563409342
db10,db10_mixed_to_amputee,assist_only,active_macro_f1,split_id|subject_id|session,15,0.5484939438978844,0.44344521428689526,0.6362991478899712
db10,db10_mixed_to_amputee,assist_only,active_macro_f1,split_id|subject_id|session,1,0.0,0.0,0.0
db10,db10_mixed_to_amputee,assist_only,active_macro_f1,split_id|subject_id|session,1,0.0,0.0,0.0
db10,db10_mixed_to_amputee,assist_only,active_macro_f1,split_id|subject_id|session,15,0.5484939438978844,0.44344521428689526,0.6362991478899712
db10,db10_mixed_to_amputee,assist_only,active_macro_f1,split_id|subject_id|session,15,0.5484939438978844,0.44344521428689526,0.6362991478899712
db10,db10_mixed_to_amputee,confidence_blend_alpha_0.25,active_macro_f1,split_id|subject_id|session,15,0.682598963854423,0.564580613180156,0.7769531747907763
db10,db10_mixed_to_amputee,confidence_blend_alpha_0.25,active_macro_f1,split_id|subject_id|session,15,0.5879685859639487,0.4835474542142682,0.6789047553977458
db10,db10_mixed_to_amputee,confidence_blend_alpha_0.25,active_macro_f1,split_id|subject_id|session,15,0.5491325962563558,0.4495133214019435,0.6344148675353088
db10,db10_mixed_to_amputee,confidence_blend_alpha_0.25,active_macro_f1,split_id|subject_id|session,1,0.0699772973733694,0.0699772973733694,0.0699772973733694
db10,db10_mixed_to_amputee,confidence_blend_alpha_0.25,active_macro_f1,split_id|subject_id|session,1,0.083598616710695,0.083598616710695,0.083598616710695
db10,db10_mixed_to_amputee,confidence_blend_alpha_0.25,active_macro_f1,split_id|subject_id|session,15,0.4941748516449903,0.4030076696857417,0.5819708822035736
db10,db10_mixed_to_amputee,confidence_blend_alpha_0.25,active_macro_f1,split_id|subject_id|session,15,0.5491325962563558,0.4495133214019435,0.6344148675353088
db10,db10_mixed_to_amputee,confidence_blend_alpha_0.50,active_macro_f1,split_id|subject_id|session,15,0.7058075547452597,0.5826451149406535,0.8008545217215026
db10,db10_mixed_to_amputee,confidence_blend_alpha_0.50,active_macro_f1,split_id|subject_id|session,15,0.590586688662299,0.48403065839006576,0.6804397396092428
db10,db10_mixed_to_amputee,confidence_blend_alpha_0.50,active_macro_f1,split_id|subject_id|session,15,0.5523884191524066,0.45245602351294767,0.637459492697054
db10,db10_mixed_to_amputee,confidence_blend_alpha_0.50,active_macro_f1,split_id|subject_id|session,1,0.0699772973733694,0.0699772973733694,0.0699772973733694
db10,db10_mixed_to_amputee,confidence_blend_alpha_0.50,active_macro_f1,split_id|subject_id|session,1,0.083598616710695,0.083598616710695,0.083598616710695
db10,db10_mixed_to_amputee,confidence_blend_alpha_0.50,active_macro_f1,split_id|subject_id|session,15,0.5440154549464518,0.4424324145806803,0.6325695508945024
db10,db10_mixed_to_amputee,confidence_blend_alpha_0.50,active_macro_f1,split_id|subject_id|session,15,0.5523884191524066,0.45245602351294767,0.637459492697054
db10,db10_mixed_to_amputee,confidence_blend_alpha_0.75,active_macro_f1,split_id|subject_id|session,15,0.7086821860427145,0.5864946221536967,0.8034501017955891
db10,db10_mixed_to_amputee,confidence_blend_alpha_0.75,active_macro_f1,split_id|subject_id|session,15,0.5908812430756936,0.4846867073034082,0.6800799356674003
db10,db10_mixed_to_amputee,confidence_blend_alpha_0.75,active_macro_f1,split_id|subject_id|session,15,0.5503426457258456,0.4484254493243451,0.6373736099046203
db10,db10_mixed_to_amputee,confidence_blend_alpha_0.75,active_macro_f1,split_id|subject_id|session,1,0.0699772973733694,0.0699772973733694,0.0699772973733694
db10,db10_mixed_to_amputee,confidence_blend_alpha_0.75,active_macro_f1,split_id|subject_id|session,1,0.083598616710695,0.083598616710695,0.083598616710695
db10,db10_mixed_to_amputee,confidence_blend_alpha_0.75,active_macro_f1,split_id|subject_id|session,15,0.5480499027017526,0.4433009905645242,0.6349691400207259
db10,db10_mixed_to_amputee,confidence_blend_alpha_0.75,active_macro_f1,split_id|subject_id|session,15,0.5503426457258456,0.4484254493243451,0.6373736099046203
db10,db10_mixed_to_amputee,selective_prediction,active_macro_f1,split_id|subject_id|session,15,0.4585471432346706,0.3710267401782086,0.5347620584752786
db10,db10_mixed_to_amputee,selective_prediction,active_macro_f1,split_id|subject_id|session,15,0.3385424073191654,0.2672722789490313,0.4111336133318755
db10,db10_mixed_to_amputee,selective_prediction,active_macro_f1,split_id|subject_id|session,15,0.2731536778278774,0.2133993675111131,0.3317745840192741
db10,db10_mixed_to_amputee,selective_prediction,active_macro_f1,split_id|subject_id|session,1,0.0699772973733694,0.0699772973733694,0.0699772973733694
db10,db10_mixed_to_amputee,selective_prediction,active_macro_f1,split_id|subject_id|session,1,0.083598616710695,0.083598616710695,0.083598616710695
db10,db10_mixed_to_amputee,selective_prediction,active_macro_f1,split_id|subject_id|session,15,0.2742116965942201,0.2192803512552474,0.32890870698177177
db10,db10_mixed_to_amputee,selective_prediction,active_macro_f1,split_id|subject_id|session,15,0.2731536778278774,0.2133993675111131,0.3317745840192741
db10,db10_mixed_to_amputee,set_acsa_tau_0.02,active_macro_f1,split_id|subject_id|session,15,0.18694529469160956,0.15040009047358502,0.22312051472537564
db10,db10_mixed_to_amputee,set_acsa_tau_0.02,active_macro_f1,split_id|subject_id|session,15,0.5015638339890583,0.3944494482442311,0.5994351264366379
db10,db10_mixed_to_amputee,set_acsa_tau_0.02,active_macro_f1,split_id|subject_id|session,15,0.4672564905702554,0.3696939887845592,0.5581822886352505
db10,db10_mixed_to_amputee,set_acsa_tau_0.02,active_macro_f1,split_id|subject_id|session,1,0.0699772973733694,0.0699772973733694,0.0699772973733694
db10,db10_mixed_to_amputee,set_acsa_tau_0.02,active_macro_f1,split_id|subject_id|session,1,0.083598616710695,0.083598616710695,0.083598616710695
db10,db10_mixed_to_amputee,set_acsa_tau_0.02,active_macro_f1,split_id|subject_id|session,15,0.1282695951254688,0.10957026595355561,0.14655559655897704
db10,db10_mixed_to_amputee,set_acsa_tau_0.02,active_macro_f1,split_id|subject_id|session,15,0.4672564905702554,0.3696939887845592,0.5581822886352505
db10,db10_mixed_to_amputee,set_acsa_tau_0.05,active_macro_f1,split_id|subject_id|session,15,0.3943764608381841,0.31765644267058396,0.46833990494360755
db10,db10_mixed_to_amputee,set_acsa_tau_0.05,active_macro_f1,split_id|subject_id|session,15,0.5604950544749241,0.4495620773837196,0.655506314155126
db10,db10_mixed_to_amputee,set_acsa_tau_0.05,active_macro_f1,split_id|subject_id|session,15,0.5233109275305673,0.4204765438882577,0.6130221553535632
db10,db10_mixed_to_amputee,set_acsa_tau_0.05,active_macro_f1,split_id|subject_id|session,1,0.0699772973733694,0.0699772973733694,0.0699772973733694
db10,db10_mixed_to_amputee,set_acsa_tau_0.05,active_macro_f1,split_id|subject_id|session,1,0.083598616710695,0.083598616710695,0.083598616710695
db10,db10_mixed_to_amputee,set_acsa_tau_0.05,active_macro_f1,split_id|subject_id|session,15,0.26927020930755313,0.22260213874602486,0.3150231311171423
db10,db10_mixed_to_amputee,set_acsa_tau_0.05,active_macro_f1,split_id|subject_id|session,15,0.5233109275305673,0.4204765438882577,0.6130221553535632
db10,db10_mixed_to_amputee,set_acsa_tau_0.10,active_macro_f1,split_id|subject_id|session,15,0.576310835213913,0.47714905066719154,0.6633243811058247
db10,db10_mixed_to_amputee,set_acsa_tau_0.10,active_macro_f1,split_id|subject_id|session,15,0.5772612121191165,0.4676485555814904,0.6723933849507964
db10,db10_mixed_to_amputee,set_acsa_tau_0.10,active_macro_f1,split_id|subject_id|session,15,0.5391988257339263,0.4347655541159557,0.6299943137527219
db10,db10_mixed_to_amputee,set_acsa_tau_0.10,active_macro_f1,split_id|subject_id|session,1,0.0699772973733694,0.0699772973733694,0.0699772973733694
db10,db10_mixed_to_amputee,set_acsa_tau_0.10,active_macro_f1,split_id|subject_id|session,1,0.083598616710695,0.083598616710695,0.083598616710695
db10,db10_mixed_to_amputee,set_acsa_tau_0.10,active_macro_f1,split_id|subject_id|session,15,0.38868806338277573,0.31789890681184263,0.4591326824746871
db10,db10_mixed_to_amputee,set_acsa_tau_0.10,active_macro_f1,split_id|subject_id|session,15,0.5391988257339263,0.4347655541159557,0.6299943137527219
db10,db10_mixed_to_amputee,set_acsa_tau_0.15,active_macro_f1,split_id|subject_id|session,15,0.6609950749069002,0.5493277267858305,0.7533091086980997
db10,db10_mixed_to_amputee,set_acsa_tau_0.15,active_macro_f1,split_id|subject_id|session,15,0.5805696379858168,0.4705513170585142,0.675060900199302
db10,db10_mixed_to_amputee,set_acsa_tau_0.15,active_macro_f1,split_id|subject_id|session,15,0.5429410796037607,0.43849300375215283,0.6317098924676351
db10,db10_mixed_to_amputee,set_acsa_tau_0.15,active_macro_f1,split_id|subject_id|session,1,0.0699772973733694,0.0699772973733694,0.0699772973733694
db10,db10_mixed_to_amputee,set_acsa_tau_0.15,active_macro_f1,split_id|subject_id|session,1,0.083598616710695,0.083598616710695,0.083598616710695
db10,db10_mixed_to_amputee,set_acsa_tau_0.15,active_macro_f1,split_id|subject_id|session,15,0.4593197544625456,0.37393653902495555,0.5446571957390672
db10,db10_mixed_to_amputee,set_acsa_tau_0.15,active_macro_f1,split_id|subject_id|session,15,0.5429410796037607,0.43849300375215283,0.6317098924676351
db10,db10_mixed_to_amputee,set_acsa_tau_0.20,active_macro_f1,split_id|subject_id|session,15,0.6932548000051966,0.5733541934386206,0.7879844393093844
db10,db10_mixed_to_amputee,set_acsa_tau_0.20,active_macro_f1,split_id|subject_id|session,15,0.5818624346694284,0.4723979749225784,0.6760568963271955
db10,db10_mixed_to_amputee,set_acsa_tau_0.20,active_macro_f1,split_id|subject_id|session,15,0.5442007264858391,0.4390576532115133,0.6328204237475905
db10,db10_mixed_to_amputee,set_acsa_tau_0.20,active_macro_f1,split_id|subject_id|session,1,0.0699772973733694,0.0699772973733694,0.0699772973733694
db10,db10_mixed_to_amputee,set_acsa_tau_0.20,active_macro_f1,split_id|subject_id|session,1,0.083598616710695,0.083598616710695,0.083598616710695
db10,db10_mixed_to_amputee,set_acsa_tau_0.20,active_macro_f1,split_id|subject_id|session,15,0.49844621250190607,0.4049458518934929,0.587608746229469
db10,db10_mixed_to_amputee,set_acsa_tau_0.20,active_macro_f1,split_id|subject_id|session,15,0.5442007264858391,0.4390576532115133,0.6328204237475905
db10,db10_mixed_to_amputee,user_only,active_macro_f1,split_id|subject_id|session,15,0.08804731009230608,0.0739475591168123,0.10336695437414269
db10,db10_mixed_to_amputee,user_only,active_macro_f1,split_id|subject_id|session,15,0.08643689124169247,0.06729254799232609,0.10431299821096159
db10,db10_mixed_to_amputee,user_only,active_macro_f1,split_id|subject_id|session,15,0.08643689124169247,0.06729254799232609,0.10431299821096159
db10,db10_mixed_to_amputee,user_only,active_macro_f1,split_id|subject_id|session,1,0.0699772973733694,0.0699772973733694,0.0699772973733694
db10,db10_mixed_to_amputee,user_only,active_macro_f1,split_id|subject_id|session,1,0.083598616710695,0.083598616710695,0.083598616710695
db10,db10_mixed_to_amputee,user_only,active_macro_f1,split_id|subject_id|session,15,0.08868801386230471,0.07685650425280854,0.10084704621831869
db10,db10_mixed_to_amputee,user_only,active_macro_f1,split_id|subject_id|session,15,0.08643689124169247,0.06729254799232609,0.10431299821096159
db10,db10_mixed_to_amputee,agency_margin_tau_0.02,active_risk_coverage_auc,split_id|subject_id|session,15,0.5571355804662237,0.48695193544685084,0.6295497728997811
db10,db10_mixed_to_amputee,agency_margin_tau_0.02,active_risk_coverage_auc,split_id|subject_id|session,15,0.4122504301027907,0.30029641462454,0.5305232094682137
db10,db10_mixed_to_amputee,agency_margin_tau_0.02,active_risk_coverage_auc,split_id|subject_id|session,15,0.48602854061665607,0.3784539878977181,0.5960321421647731
db10,db10_mixed_to_amputee,agency_margin_tau_0.02,active_risk_coverage_auc,split_id|subject_id|session,1,0.8816706736700908,0.8816706736700908,0.8816706736700908
db10,db10_mixed_to_amputee,agency_margin_tau_0.02,active_risk_coverage_auc,split_id|subject_id|session,1,0.874902696888538,0.874902696888538,0.874902696888538
db10,db10_mixed_to_amputee,agency_margin_tau_0.02,active_risk_coverage_auc,split_id|subject_id|session,15,0.7533946082533295,0.7007246259413126,0.8108943284767177
db10,db10_mixed_to_amputee,agency_margin_tau_0.02,active_risk_coverage_auc,split_id|subject_id|session,15,0.48602854061665607,0.3784539878977181,0.5960321421647731
db10,db10_mixed_to_amputee,agency_margin_tau_0.05,active_risk_coverage_auc,split_id|subject_id|session,15,0.33335353305058707,0.2407820054445612,0.43985706344930514
db10,db10_mixed_to_amputee,agency_margin_tau_0.05,active_risk_coverage_auc,split_id|subject_id|session,15,0.3952492730864722,0.2800180949227222,0.5141167897641569
db10,db10_mixed_to_amputee,agency_margin_tau_0.05,active_risk_coverage_auc,split_id|subject_id|session,15,0.473110726708186,0.36478034561056694,0.5843440627204713
db10,db10_mixed_to_amputee,agency_margin_tau_0.05,active_risk_coverage_auc,split_id|subject_id|session,1,0.8816706736700908,0.8816706736700908,0.8816706736700908
db10,db10_mixed_to_amputee,agency_margin_tau_0.05,active_risk_coverage_auc,split_id|subject_id|session,1,0.874902696888538,0.874902696888538,0.874902696888538
db10,db10_mixed_to_amputee,agency_margin_tau_0.05,active_risk_coverage_auc,split_id|subject_id|session,15,0.6084610247011526,0.5253846725317752,0.6894293119501113
db10,db10_mixed_to_amputee,agency_margin_tau_0.05,active_risk_coverage_auc,split_id|subject_id|session,15,0.473110726708186,0.36478034561056694,0.5843440627204713
db10,db10_mixed_to_amputee,agency_margin_tau_0.10,active_risk_coverage_auc,split_id|subject_id|session,15,0.22385275878915797,0.13247796470854664,0.3355365449430856
db10,db10_mixed_to_amputee,agency_margin_tau_0.10,active_risk_coverage_auc,split_id|subject_id|session,15,0.3959033804678799,0.2784848210937519,0.5174259239450174
db10,db10_mixed_to_amputee,agency_margin_tau_0.10,active_risk_coverage_auc,split_id|subject_id|session,15,0.4752613416512628,0.3647827356129259,0.5885235271424044
db10,db10_mixed_to_amputee,agency_margin_tau_0.10,active_risk_coverage_auc,split_id|subject_id|session,1,0.8816706736700908,0.8816706736700908,0.8816706736700908
db10,db10_mixed_to_amputee,agency_margin_tau_0.10,active_risk_coverage_auc,split_id|subject_id|session,1,0.874902696888538,0.874902696888538,0.874902696888538
db10,db10_mixed_to_amputee,agency_margin_tau_0.10,active_risk_coverage_auc,split_id|subject_id|session,15,0.5358120092735761,0.4341781219244758,0.6343087183388725
db10,db10_mixed_to_amputee,agency_margin_tau_0.10,active_risk_coverage_auc,split_id|subject_id|session,15,0.4752613416512628,0.3647827356129259,0.5885235271424044
db10,db10_mixed_to_amputee,agency_margin_tau_0.15,active_risk_coverage_auc,split_id|subject_id|session,15,0.20103884790738577,0.10083678991422819,0.33170092318646677
db10,db10_mixed_to_amputee,agency_margin_tau_0.15,active_risk_coverage_auc,split_id|subject_id|session,15,0.396406551083294,0.27823695843232515,0.5210566254615863
db10,db10_mixed_to_amputee,agency_margin_tau_0.15,active_risk_coverage_auc,split_id|subject_id|session,15,0.47567041723249515,0.3646843484573789,0.5897382695549068
db10,db10_mixed_to_amputee,agency_margin_tau_0.15,active_risk_coverage_auc,split_id|subject_id|session,1,0.8816706736700908,0.8816706736700908,0.8816706736700908
db10,db10_mixed_to_amputee,agency_margin_tau_0.15,active_risk_coverage_auc,split_id|subject_id|session,1,0.874902696888538,0.874902696888538,0.874902696888538
db10,db10_mixed_to_amputee,agency_margin_tau_0.15,active_risk_coverage_auc,split_id|subject_id|session,15,0.5107552684971128,0.396282581108577,0.6211302011987981
db10,db10_mixed_to_amputee,agency_margin_tau_0.15,active_risk_coverage_auc,split_id|subject_id|session,15,0.47567041723249515,0.3646843484573789,0.5897382695549068
db10,db10_mixed_to_amputee,agency_margin_tau_0.20,active_risk_coverage_auc,split_id|subject_id|session,15,0.18946165354871927,0.09268693999982039,0.3142808328289778
db10,db10_mixed_to_amputee,agency_margin_tau_0.20,active_risk_coverage_auc,split_id|subject_id|session,15,0.39711383811596157,0.2782369281980092,0.5237104349714599
db10,db10_mixed_to_amputee,agency_margin_tau_0.20,active_risk_coverage_auc,split_id|subject_id|session,15,0.4764688826936025,0.36395806611234155,0.5916476574334417
db10,db10_mixed_to_amputee,agency_margin_tau_0.20,active_risk_coverage_auc,split_id|subject_id|session,1,0.8816706736700908,0.8816706736700908,0.8816706736700908
db10,db10_mixed_to_amputee,agency_margin_tau_0.20,active_risk_coverage_auc,split_id|subject_id|session,1,0.874902696888538,0.874902696888538,0.874902696888538
db10,db10_mixed_to_amputee,agency_margin_tau_0.20,active_risk_coverage_auc,split_id|subject_id|session,15,0.4997065305351573,0.3822678133551627,0.6161854866718993
db10,db10_mixed_to_amputee,agency_margin_tau_0.20,active_risk_coverage_auc,split_id|subject_id|session,15,0.4764688826936025,0.36395806611234155,0.5916476574334417
db10,db10_mixed_to_amputee,assist_only,active_risk_coverage_auc,split_id|subject_id|session,15,0.18644706655899318,0.08864476450658683,0.3132406034445497
db10,db10_mixed_to_amputee,assist_only,active_risk_coverage_auc,split_id|subject_id|session,15,0.4029853469909292,0.2788487572275269,0.5366089821149689
db10,db10_mixed_to_amputee,assist_only,active_risk_coverage_auc,split_id|subject_id|session,15,0.4826867147455746,0.36126352250687854,0.6080809283179153
db10,db10_mixed_to_amputee,assist_only,active_risk_coverage_auc,split_id|subject_id|session,1,1.0,1.0,1.0
db10,db10_mixed_to_amputee,assist_only,active_risk_coverage_auc,split_id|subject_id|session,1,1.0,1.0,1.0
db10,db10_mixed_to_amputee,assist_only,active_risk_coverage_auc,split_id|subject_id|session,15,0.4826867147455746,0.36126352250687854,0.6080809283179153
db10,db10_mixed_to_amputee,assist_only,active_risk_coverage_auc,split_id|subject_id|session,15,0.4826867147455746,0.36126352250687854,0.6080809283179153
db10,db10_mixed_to_amputee,confidence_blend_alpha_0.25,active_risk_coverage_auc,split_id|subject_id|session,15,0.22488564175228526,0.1251653800289139,0.3498212923039305
db10,db10_mixed_to_amputee,confidence_blend_alpha_0.25,active_risk_coverage_auc,split_id|subject_id|session,15,0.39055805733517934,0.2853758308074011,0.4957826764897855
db10,db10_mixed_to_amputee,confidence_blend_alpha_0.25,active_risk_coverage_auc,split_id|subject_id|session,15,0.4819849308303394,0.37010462620012063,0.5926135879267593
db10,db10_mixed_to_amputee,confidence_blend_alpha_0.25,active_risk_coverage_auc,split_id|subject_id|session,1,0.8816706736700908,0.8816706736700908,0.8816706736700908
db10,db10_mixed_to_amputee,confidence_blend_alpha_0.25,active_risk_coverage_auc,split_id|subject_id|session,1,0.874902696888538,0.874902696888538,0.874902696888538
db10,db10_mixed_to_amputee,confidence_blend_alpha_0.25,active_risk_coverage_auc,split_id|subject_id|session,15,0.5274458568989607,0.41627618682870315,0.6353223252990031
db10,db10_mixed_to_amputee,confidence_blend_alpha_0.25,active_risk_coverage_auc,split_id|subject_id|session,15,0.4819849308303394,0.37010462620012063,0.5926135879267593
db10,db10_mixed_to_amputee,confidence_blend_alpha_0.50,active_risk_coverage_auc,split_id|subject_id|session,15,0.19299227206345038,0.09493991044006098,0.3180638820485161
db10,db10_mixed_to_amputee,confidence_blend_alpha_0.50,active_risk_coverage_auc,split_id|subject_id|session,15,0.38065477708819,0.27444749386153305,0.4851792228255008
db10,db10_mixed_to_amputee,confidence_blend_alpha_0.50,active_risk_coverage_auc,split_id|subject_id|session,15,0.47409275033642523,0.36401991207316436,0.5870036913660442
db10,db10_mixed_to_amputee,confidence_blend_alpha_0.50,active_risk_coverage_auc,split_id|subject_id|session,1,0.8816706736700908,0.8816706736700908,0.8816706736700908
db10,db10_mixed_to_amputee,confidence_blend_alpha_0.50,active_risk_coverage_auc,split_id|subject_id|session,1,0.874902696888538,0.874902696888538,0.874902696888538
db10,db10_mixed_to_amputee,confidence_blend_alpha_0.50,active_risk_coverage_auc,split_id|subject_id|session,15,0.48792745227156437,0.37262381449547866,0.6113542191933022
db10,db10_mixed_to_amputee,confidence_blend_alpha_0.50,active_risk_coverage_auc,split_id|subject_id|session,15,0.47409275033642523,0.36401991207316436,0.5870036913660442
db10,db10_mixed_to_amputee,confidence_blend_alpha_0.75,active_risk_coverage_auc,split_id|subject_id|session,15,0.18806114122681947,0.09023608429804075,0.3143094040091753
db10,db10_mixed_to_amputee,confidence_blend_alpha_0.75,active_risk_coverage_auc,split_id|subject_id|session,15,0.4026063806673763,0.27916514983537566,0.5343666917294113
db10,db10_mixed_to_amputee,confidence_blend_alpha_0.75,active_risk_coverage_auc,split_id|subject_id|session,15,0.48249518131938113,0.36085149224436325,0.6079283206069175
db10,db10_mixed_to_amputee,confidence_blend_alpha_0.75,active_risk_coverage_auc,split_id|subject_id|session,1,0.8816706736700908,0.8816706736700908,0.8816706736700908
db10,db10_mixed_to_amputee,confidence_blend_alpha_0.75,active_risk_coverage_auc,split_id|subject_id|session,1,0.874902696888538,0.874902696888538,0.874902696888538
db10,db10_mixed_to_amputee,confidence_blend_alpha_0.75,active_risk_coverage_auc,split_id|subject_id|session,15,0.4837594164246258,0.36301410221166336,0.608915070624853
db10,db10_mixed_to_amputee,confidence_blend_alpha_0.75,active_risk_coverage_auc,split_id|subject_id|session,15,0.48249518131938113,0.36085149224436325,0.6079283206069175
db10,db10_mixed_to_amputee,selective_prediction,active_risk_coverage_auc,split_id|subject_id|session,15,0.2919897970369682,0.19216723668426725,0.41204866370327964
db10,db10_mixed_to_amputee,selective_prediction,active_risk_coverage_auc,split_id|subject_id|session,15,0.48435958408624974,0.36963613084104696,0.597690190370858
db10,db10_mixed_to_amputee,selective_prediction,active_risk_coverage_auc,split_id|subject_id|session,15,0.5793669884173528,0.47939240377211245,0.6824715852868396
db10,db10_mixed_to_amputee,selective_prediction,active_risk_coverage_auc,split_id|subject_id|session,1,0.881681360164433,0.881681360164433,0.881681360164433
db10,db10_mixed_to_amputee,selective_prediction,active_risk_coverage_auc,split_id|subject_id|session,1,0.8749173954772851,0.8749173954772851,0.8749173954772851
db10,db10_mixed_to_amputee,selective_prediction,active_risk_coverage_auc,split_id|subject_id|session,15,0.5736141157081137,0.475610108603812,0.6743487022050979
db10,db10_mixed_to_amputee,selective_prediction,active_risk_coverage_auc,split_id|subject_id|session,15,0.5793669884173528,0.47939240377211245,0.6824715852868396
db10,db10_mixed_to_amputee,set_acsa_tau_0.02,active_risk_coverage_auc,split_id|subject_id|session,15,0.5672839992482597,0.4977585777948576,0.6382566961164621
db10,db10_mixed_to_amputee,set_acsa_tau_0.02,active_risk_coverage_auc,split_id|subject_id|session,15,0.41984679335299074,0.3032448799164258,0.54117659198759
db10,db10_mixed_to_amputee,set_acsa_tau_0.02,active_risk_coverage_auc,split_id|subject_id|session,15,0.4932052867669514,0.3831289658302804,0.6029656520411151
db10,db10_mixed_to_amputee,set_acsa_tau_0.02,active_risk_coverage_auc,split_id|subject_id|session,1,0.8816706736700908,0.8816706736700908,0.8816706736700908
db10,db10_mixed_to_amputee,set_acsa_tau_0.02,active_risk_coverage_auc,split_id|subject_id|session,1,0.874902696888538,0.874902696888538,0.874902696888538
db10,db10_mixed_to_amputee,set_acsa_tau_0.02,active_risk_coverage_auc,split_id|subject_id|session,15,0.7700303821394431,0.7199778813254584,0.8245108702505066
db10,db10_mixed_to_amputee,set_acsa_tau_0.02,active_risk_coverage_auc,split_id|subject_id|session,15,0.4932052867669514,0.3831289658302804,0.6029656520411151
db10,db10_mixed_to_amputee,set_acsa_tau_0.05,active_risk_coverage_auc,split_id|subject_id|session,15,0.33905057561044294,0.24561286550510208,0.44480706397776215
db10,db10_mixed_to_amputee,set_acsa_tau_0.05,active_risk_coverage_auc,split_id|subject_id|session,15,0.39846664137331017,0.28034211896373584,0.520021964486127
db10,db10_mixed_to_amputee,set_acsa_tau_0.05,active_risk_coverage_auc,split_id|subject_id|session,15,0.4759220004975539,0.36657372606504085,0.5887223087147756
db10,db10_mixed_to_amputee,set_acsa_tau_0.05,active_risk_coverage_auc,split_id|subject_id|session,1,0.8816706736700908,0.8816706736700908,0.8816706736700908
db10,db10_mixed_to_amputee,set_acsa_tau_0.05,active_risk_coverage_auc,split_id|subject_id|session,1,0.874902696888538,0.874902696888538,0.874902696888538
db10,db10_mixed_to_amputee,set_acsa_tau_0.05,active_risk_coverage_auc,split_id|subject_id|session,15,0.6216662579434795,0.5390049006083671,0.7002668038609644
db10,db10_mixed_to_amputee,set_acsa_tau_0.05,active_risk_coverage_auc,split_id|subject_id|session,15,0.4759220004975539,0.36657372606504085,0.5887223087147756
db10,db10_mixed_to_amputee,set_acsa_tau_0.10,active_risk_coverage_auc,split_id|subject_id|session,15,0.22495270608892562,0.1337218361686347,0.3364390727449011
db10,db10_mixed_to_amputee,set_acsa_tau_0.10,active_risk_coverage_auc,split_id|subject_id|session,15,0.39733240880000437,0.2785443549309799,0.5214838570162288
db10,db10_mixed_to_amputee,set_acsa_tau_0.10,active_risk_coverage_auc,split_id|subject_id|session,15,0.4762887088116322,0.3651683252630395,0.5903397203183692
db10,db10_mixed_to_amputee,set_acsa_tau_0.10,active_risk_coverage_auc,split_id|subject_id|session,1,0.8816706736700908,0.8816706736700908,0.8816706736700908
db10,db10_mixed_to_amputee,set_acsa_tau_0.10,active_risk_coverage_auc,split_id|subject_id|session,1,0.874902696888538,0.874902696888538,0.874902696888538
db10,db10_mixed_to_amputee,set_acsa_tau_0.10,active_risk_coverage_auc,split_id|subject_id|session,15,0.5414314676020507,0.43925794261881873,0.6400169557237372
db10,db10_mixed_to_amputee,set_acsa_tau_0.10,active_risk_coverage_auc,split_id|subject_id|session,15,0.4762887088116322,0.3651683252630395,0.5903397203183692
db10,db10_mixed_to_amputee,set_acsa_tau_0.15,active_risk_coverage_auc,split_id|subject_id|session,15,0.20064359210728508,0.10094821277737086,0.3303320779431934
db10,db10_mixed_to_amputee,set_acsa_tau_0.15,active_risk_coverage_auc,split_id|subject_id|session,15,0.39725443722590636,0.27828974873045137,0.52331173858233
db10,db10_mixed_to_amputee,set_acsa_tau_0.15,active_risk_coverage_auc,split_id|subject_id|session,15,0.47624474249542265,0.36485419338354164,0.5914216161877534
db10,db10_mixed_to_amputee,set_acsa_tau_0.15,active_risk_coverage_auc,split_id|subject_id|session,1,0.8816706736700908,0.8816706736700908,0.8816706736700908
db10,db10_mixed_to_amputee,set_acsa_tau_0.15,active_risk_coverage_auc,split_id|subject_id|session,1,0.874902696888538,0.874902696888538,0.874902696888538
db10,db10_mixed_to_amputee,set_acsa_tau_0.15,active_risk_coverage_auc,split_id|subject_id|session,15,0.5124367609111369,0.3975662537843005,0.6228679823533012
db10,db10_mixed_to_amputee,set_acsa_tau_0.15,active_risk_coverage_auc,split_id|subject_id|session,15,0.47624474249542265,0.36485419338354164,0.5914216161877534
db10,db10_mixed_to_amputee,set_acsa_tau_0.20,active_risk_coverage_auc,split_id|subject_id|session,15,0.18945774552520972,0.09268083922806007,0.31427522748641384
db10,db10_mixed_to_amputee,set_acsa_tau_0.20,active_risk_coverage_auc,split_id|subject_id|session,15,0.39756624279221303,0.27828974873045137,0.5249382885687979
db10,db10_mixed_to_amputee,set_acsa_tau_0.20,active_risk_coverage_auc,split_id|subject_id|session,15,0.47682128081689196,0.36410853663436343,0.5919175694564431
db10,db10_mixed_to_amputee,set_acsa_tau_0.20,active_risk_coverage_auc,split_id|subject_id|session,1,0.8816706736700908,0.8816706736700908,0.8816706736700908
db10,db10_mixed_to_amputee,set_acsa_tau_0.20,active_risk_coverage_auc,split_id|subject_id|session,1,0.874902696888538,0.874902696888538,0.874902696888538
db10,db10_mixed_to_amputee,set_acsa_tau_0.20,active_risk_coverage_auc,split_id|subject_id|session,15,0.5001345670586355,0.3827265972835206,0.6165970559757047
db10,db10_mixed_to_amputee,set_acsa_tau_0.20,active_risk_coverage_auc,split_id|subject_id|session,15,0.47682128081689196,0.36410853663436343,0.5919175694564431
db10,db10_mixed_to_amputee,user_only,active_risk_coverage_auc,split_id|subject_id|session,15,0.8791562398712606,0.85437549162142,0.9010247357719136
db10,db10_mixed_to_amputee,user_only,active_risk_coverage_auc,split_id|subject_id|session,15,0.8832649827999288,0.8551095548421559,0.9105187361234797
db10,db10_mixed_to_amputee,user_only,active_risk_coverage_auc,split_id|subject_id|session,15,0.8832649827999288,0.8551095548421559,0.9105187361234797
db10,db10_mixed_to_amputee,user_only,active_risk_coverage_auc,split_id|subject_id|session,1,0.8816706736700908,0.8816706736700908,0.8816706736700908
db10,db10_mixed_to_amputee,user_only,active_risk_coverage_auc,split_id|subject_id|session,1,0.874902696888538,0.874902696888538,0.874902696888538
db10,db10_mixed_to_amputee,user_only,active_risk_coverage_auc,split_id|subject_id|session,15,0.8635713430304198,0.8449491130775008,0.8803014925590054
db10,db10_mixed_to_amputee,user_only,active_risk_coverage_auc,split_id|subject_id|session,15,0.8832649827999288,0.8551095548421559,0.9105187361234797
db10,db10_mixed_to_amputee,agency_margin_tau_0.02,balanced_accuracy,split_id|subject_id|session,15,0.22528427128427125,0.19137604617604612,0.261437518037518
db10,db10_mixed_to_amputee,agency_margin_tau_0.02,balanced_accuracy,split_id|subject_id|session,15,0.47740548340548333,0.3902040404040404,0.5579701298701298
db10,db10_mixed_to_amputee,agency_margin_tau_0.02,balanced_accuracy,split_id|subject_id|session,15,0.44420202020202015,0.3641835497835498,0.5201946608946608
db10,db10_mixed_to_amputee,agency_margin_tau_0.02,balanced_accuracy,split_id|subject_id|session,1,0.0967532467532467,0.0967532467532467,0.0967532467532467
db10,db10_mixed_to_amputee,agency_margin_tau_0.02,balanced_accuracy,split_id|subject_id|session,1,0.1025974025974025,0.1025974025974025,0.1025974025974025
db10,db10_mixed_to_amputee,agency_margin_tau_0.02,balanced_accuracy,split_id|subject_id|session,15,0.18695815295815296,0.16446594516594512,0.2092056998556998
db10,db10_mixed_to_amputee,agency_margin_tau_0.02,balanced_accuracy,split_id|subject_id|session,15,0.44420202020202015,0.3641835497835498,0.5201946608946608
db10,db10_mixed_to_amputee,agency_margin_tau_0.05,balanced_accuracy,split_id|subject_id|session,15,0.3987330447330447,0.33483109668109673,0.4621563492063491
db10,db10_mixed_to_amputee,agency_margin_tau_0.05,balanced_accuracy,split_id|subject_id|session,15,0.5078585858585858,0.4201870851370851,0.5867234487734488
db10,db10_mixed_to_amputee,agency_margin_tau_0.05,balanced_accuracy,split_id|subject_id|session,15,0.4686810966810967,0.38745634920634914,0.5433820346320346
db10,db10_mixed_to_amputee,agency_margin_tau_0.05,balanced_accuracy,split_id|subject_id|session,1,0.0967532467532467,0.0967532467532467,0.0967532467532467
db10,db10_mixed_to_amputee,agency_margin_tau_0.05,balanced_accuracy,split_id|subject_id|session,1,0.1025974025974025,0.1025974025974025,0.1025974025974025
db10,db10_mixed_to_amputee,agency_margin_tau_0.05,balanced_accuracy,split_id|subject_id|session,15,0.2986724386724387,0.2577698412698412,0.33888362193362187
db10,db10_mixed_to_amputee,agency_margin_tau_0.05,balanced_accuracy,split_id|subject_id|session,15,0.4686810966810967,0.38745634920634914,0.5433820346320346
db10,db10_mixed_to_amputee,agency_margin_tau_0.10,balanced_accuracy,split_id|subject_id|session,15,0.5524213564213564,0.4658311688311688,0.6322264069264069
db10,db10_mixed_to_amputee,agency_margin_tau_0.10,balanced_accuracy,split_id|subject_id|session,15,0.5130216450216449,0.4270764069264069,0.591369696969697
db10,db10_mixed_to_amputee,agency_margin_tau_0.10,balanced_accuracy,split_id|subject_id|session,15,0.4715959595959596,0.3936683982683984,0.5455780663780664
db10,db10_mixed_to_amputee,agency_margin_tau_0.10,balanced_accuracy,split_id|subject_id|session,1,0.0967532467532467,0.0967532467532467,0.0967532467532467
db10,db10_mixed_to_amputee,agency_margin_tau_0.10,balanced_accuracy,split_id|subject_id|session,1,0.1025974025974025,0.1025974025974025,0.1025974025974025
db10,db10_mixed_to_amputee,agency_margin_tau_0.10,balanced_accuracy,split_id|subject_id|session,15,0.38333333333333336,0.3245577922077922,0.4437911976911976
db10,db10_mixed_to_amputee,agency_margin_tau_0.10,balanced_accuracy,split_id|subject_id|session,15,0.4715959595959596,0.3936683982683984,0.5455780663780664
db10,db10_mixed_to_amputee,agency_margin_tau_0.15,balanced_accuracy,split_id|subject_id|session,15,0.6254083694083693,0.5276151515151516,0.7096238095238097
db10,db10_mixed_to_amputee,agency_margin_tau_0.15,balanced_accuracy,split_id|subject_id|session,15,0.5142943722943722,0.4276390331890332,0.5938670274170273
db10,db10_mixed_to_amputee,agency_margin_tau_0.15,balanced_accuracy,split_id|subject_id|session,15,0.47319480519480517,0.3925056998556999,0.547015295815296
db10,db10_mixed_to_amputee,agency_margin_tau_0.15,balanced_accuracy,split_id|subject_id|session,1,0.0967532467532467,0.0967532467532467,0.0967532467532467
db10,db10_mixed_to_amputee,agency_margin_tau_0.15,balanced_accuracy,split_id|subject_id|session,1,0.1025974025974025,0.1025974025974025,0.1025974025974025
db10,db10_mixed_to_amputee,agency_margin_tau_0.15,balanced_accuracy,split_id|subject_id|session,15,0.4243261183261183,0.35663030303030296,0.49629668109668107
db10,db10_mixed_to_amputee,agency_margin_tau_0.15,balanced_accuracy,split_id|subject_id|session,15,0.47319480519480517,0.3925056998556999,0.547015295815296
db10,db10_mixed_to_amputee,agency_margin_tau_0.20,balanced_accuracy,split_id|subject_id|session,15,0.6534199134199133,0.5532941558441559,0.7382238816738815
db10,db10_mixed_to_amputee,agency_margin_tau_0.20,balanced_accuracy,split_id|subject_id|session,15,0.5144011544011543,0.4272110389610389,0.5944727272727274
db10,db10_mixed_to_amputee,agency_margin_tau_0.20,balanced_accuracy,split_id|subject_id|session,15,0.47363636363636363,0.39345505050505053,0.547543795093795
db10,db10_mixed_to_amputee,agency_margin_tau_0.20,balanced_accuracy,split_id|subject_id|session,1,0.0967532467532467,0.0967532467532467,0.0967532467532467
db10,db10_mixed_to_amputee,agency_margin_tau_0.20,balanced_accuracy,split_id|subject_id|session,1,0.1025974025974025,0.1025974025974025,0.1025974025974025
db10,db10_mixed_to_amputee,agency_margin_tau_0.20,balanced_accuracy,split_id|subject_id|session,15,0.4452727272727273,0.3725353535353536,0.5200696248196249
db10,db10_mixed_to_amputee,agency_margin_tau_0.20,balanced_accuracy,split_id|subject_id|session,15,0.47363636363636363,0.39345505050505053,0.547543795093795
db10,db10_mixed_to_amputee,assist_only,balanced_accuracy,split_id|subject_id|session,15,0.6673881673881673,0.565688961038961,0.7530497113997114
db10,db10_mixed_to_amputee,assist_only,balanced_accuracy,split_id|subject_id|session,15,0.5163896103896104,0.42961709956709954,0.5963847763347764
db10,db10_mixed_to_amputee,assist_only,balanced_accuracy,split_id|subject_id|session,15,0.4755930735930736,0.3959802308802308,0.549328932178932
db10,db10_mixed_to_amputee,assist_only,balanced_accuracy,split_id|subject_id|session,1,0.0909090909090909,0.0909090909090909,0.0909090909090909
db10,db10_mixed_to_amputee,assist_only,balanced_accuracy,split_id|subject_id|session,1,0.0909090909090909,0.0909090909090909,0.0909090909090909
db10,db10_mixed_to_amputee,assist_only,balanced_accuracy,split_id|subject_id|session,15,0.4755930735930736,0.3959802308802308,0.549328932178932
db10,db10_mixed_to_amputee,assist_only,balanced_accuracy,split_id|subject_id|session,15,0.4755930735930736,0.3959802308802308,0.549328932178932
db10,db10_mixed_to_amputee,confidence_blend_alpha_0.25,balanced_accuracy,split_id|subject_id|session,15,0.6426291486291488,0.5416230158730159,0.7276888167388167
db10,db10_mixed_to_amputee,confidence_blend_alpha_0.25,balanced_accuracy,split_id|subject_id|session,15,0.5182135642135642,0.4330593073593073,0.5976782106782105
db10,db10_mixed_to_amputee,confidence_blend_alpha_0.25,balanced_accuracy,split_id|subject_id|session,15,0.4767590187590187,0.3984518037518037,0.5505502886002885
db10,db10_mixed_to_amputee,confidence_blend_alpha_0.25,balanced_accuracy,split_id|subject_id|session,1,0.0967532467532467,0.0967532467532467,0.0967532467532467
db10,db10_mixed_to_amputee,confidence_blend_alpha_0.25,balanced_accuracy,split_id|subject_id|session,1,0.1025974025974025,0.1025974025974025,0.1025974025974025
db10,db10_mixed_to_amputee,confidence_blend_alpha_0.25,balanced_accuracy,split_id|subject_id|session,15,0.44139971139971135,0.37046695526695533,0.5154844155844155
db10,db10_mixed_to_amputee,confidence_blend_alpha_0.25,balanced_accuracy,split_id|subject_id|session,15,0.4767590187590187,0.3984518037518037,0.5505502886002885
db10,db10_mixed_to_amputee,confidence_blend_alpha_0.50,balanced_accuracy,split_id|subject_id|session,15,0.6636161616161617,0.5614450937950939,0.7501626262626261
db10,db10_mixed_to_amputee,confidence_blend_alpha_0.50,balanced_accuracy,split_id|subject_id|session,15,0.5215699855699856,0.44162027417027416,0.5977555555555555
db10,db10_mixed_to_amputee,confidence_blend_alpha_0.50,balanced_accuracy,split_id|subject_id|session,15,0.47797402597402583,0.4001832611832611,0.5502002164502163
db10,db10_mixed_to_amputee,confidence_blend_alpha_0.50,balanced_accuracy,split_id|subject_id|session,1,0.0967532467532467,0.0967532467532467,0.0967532467532467
db10,db10_mixed_to_amputee,confidence_blend_alpha_0.50,balanced_accuracy,split_id|subject_id|session,1,0.1025974025974025,0.1025974025974025,0.1025974025974025
db10,db10_mixed_to_amputee,confidence_blend_alpha_0.50,balanced_accuracy,split_id|subject_id|session,15,0.4723549783549784,0.3922566378066378,0.5456958874458875
db10,db10_mixed_to_amputee,confidence_blend_alpha_0.50,balanced_accuracy,split_id|subject_id|session,15,0.47797402597402583,0.4001832611832611,0.5502002164502163
db10,db10_mixed_to_amputee,confidence_blend_alpha_0.75,balanced_accuracy,split_id|subject_id|session,15,0.6658614718614719,0.5637958874458873,0.7515594516594518
db10,db10_mixed_to_amputee,confidence_blend_alpha_0.75,balanced_accuracy,split_id|subject_id|session,15,0.5192092352092351,0.43570937950937955,0.5964655844155844
db10,db10_mixed_to_amputee,confidence_blend_alpha_0.75,balanced_accuracy,split_id|subject_id|session,15,0.4771601731601732,0.3979752525252525,0.5511199855699856
db10,db10_mixed_to_amputee,confidence_blend_alpha_0.75,balanced_accuracy,split_id|subject_id|session,1,0.0967532467532467,0.0967532467532467,0.0967532467532467
db10,db10_mixed_to_amputee,confidence_blend_alpha_0.75,balanced_accuracy,split_id|subject_id|session,1,0.1025974025974025,0.1025974025974025,0.1025974025974025
db10,db10_mixed_to_amputee,confidence_blend_alpha_0.75,balanced_accuracy,split_id|subject_id|session,15,0.4755064935064935,0.39623520923520916,0.549290836940837
db10,db10_mixed_to_amputee,confidence_blend_alpha_0.75,balanced_accuracy,split_id|subject_id|session,15,0.4771601731601732,0.3979752525252525,0.5511199855699856
db10,db10_mixed_to_amputee,selective_prediction,balanced_accuracy,split_id|subject_id|session,15,0.4447359307359307,0.36775384800384797,0.5129640933140933
db10,db10_mixed_to_amputee,selective_prediction,balanced_accuracy,split_id|subject_id|session,15,0.34189321789321786,0.2802644540644541,0.4019358826358825
db10,db10_mixed_to_amputee,selective_prediction,balanced_accuracy,split_id|subject_id|session,15,0.287978835978836,0.2367426166426166,0.3393949013949014
db10,db10_mixed_to_amputee,selective_prediction,balanced_accuracy,split_id|subject_id|session,1,0.0967532467532467,0.0967532467532467,0.0967532467532467
db10,db10_mixed_to_amputee,selective_prediction,balanced_accuracy,split_id|subject_id|session,1,0.1025974025974025,0.1025974025974025,0.1025974025974025
db10,db10_mixed_to_amputee,selective_prediction,balanced_accuracy,split_id|subject_id|session,15,0.2872438672438672,0.2411322510822511,0.33442496392496396
db10,db10_mixed_to_amputee,selective_prediction,balanced_accuracy,split_id|subject_id|session,15,0.287978835978836,0.2367426166426166,0.3393949013949014
db10,db10_mixed_to_amputee,set_acsa_tau_0.02,balanced_accuracy,split_id|subject_id|session,15,0.2153044733044733,0.18199033189033187,0.2495108225108225
db10,db10_mixed_to_amputee,set_acsa_tau_0.02,balanced_accuracy,split_id|subject_id|session,15,0.45863203463203456,0.36905216450216444,0.5410649350649351
db10,db10_mixed_to_amputee,set_acsa_tau_0.02,balanced_accuracy,split_id|subject_id|session,15,0.4245281385281385,0.3442389610389611,0.5014090909090909
db10,db10_mixed_to_amputee,set_acsa_tau_0.02,balanced_accuracy,split_id|subject_id|session,1,0.0967532467532467,0.0967532467532467,0.0967532467532467
db10,db10_mixed_to_amputee,set_acsa_tau_0.02,balanced_accuracy,split_id|subject_id|session,1,0.1025974025974025,0.1025974025974025,0.1025974025974025
db10,db10_mixed_to_amputee,set_acsa_tau_0.02,balanced_accuracy,split_id|subject_id|session,15,0.17593939393939392,0.15503549783549783,0.19546681096681093
db10,db10_mixed_to_amputee,set_acsa_tau_0.02,balanced_accuracy,split_id|subject_id|session,15,0.4245281385281385,0.3442389610389611,0.5014090909090909
db10,db10_mixed_to_amputee,set_acsa_tau_0.05,balanced_accuracy,split_id|subject_id|session,15,0.3882020202020202,0.32511139971139974,0.4526859307359307
db10,db10_mixed_to_amputee,set_acsa_tau_0.05,balanced_accuracy,split_id|subject_id|session,15,0.4977431457431457,0.4078198412698412,0.5782229437229436
db10,db10_mixed_to_amputee,set_acsa_tau_0.05,balanced_accuracy,split_id|subject_id|session,15,0.45848484848484866,0.3748073593073593,0.5354277056277057
db10,db10_mixed_to_amputee,set_acsa_tau_0.05,balanced_accuracy,split_id|subject_id|session,1,0.0967532467532467,0.0967532467532467,0.0967532467532467
db10,db10_mixed_to_amputee,set_acsa_tau_0.05,balanced_accuracy,split_id|subject_id|session,1,0.1025974025974025,0.1025974025974025,0.1025974025974025
db10,db10_mixed_to_amputee,set_acsa_tau_0.05,balanced_accuracy,split_id|subject_id|session,15,0.28089466089466086,0.2402471861471861,0.3198333333333333
db10,db10_mixed_to_amputee,set_acsa_tau_0.05,balanced_accuracy,split_id|subject_id|session,15,0.45848484848484866,0.3748073593073593,0.5354277056277057
db10,db10_mixed_to_amputee,set_acsa_tau_0.10,balanced_accuracy,split_id|subject_id|session,15,0.5469494949494949,0.4608420634920635,0.6268378787878788
db10,db10_mixed_to_amputee,set_acsa_tau_0.10,balanced_accuracy,split_id|subject_id|session,15,0.5082193362193361,0.4181834776334776,0.5889780663780664
db10,db10_mixed_to_amputee,set_acsa_tau_0.10,balanced_accuracy,split_id|subject_id|session,15,0.4675353535353536,0.38442193362193366,0.5443086580086579
db10,db10_mixed_to_amputee,set_acsa_tau_0.10,balanced_accuracy,split_id|subject_id|session,1,0.0967532467532467,0.0967532467532467,0.0967532467532467
db10,db10_mixed_to_amputee,set_acsa_tau_0.10,balanced_accuracy,split_id|subject_id|session,1,0.1025974025974025,0.1025974025974025,0.1025974025974025
db10,db10_mixed_to_amputee,set_acsa_tau_0.10,balanced_accuracy,split_id|subject_id|session,15,0.3683953823953824,0.30865086580086576,0.4289046897546897
db10,db10_mixed_to_amputee,set_acsa_tau_0.10,balanced_accuracy,split_id|subject_id|session,15,0.4675353535353536,0.38442193362193366,0.5443086580086579
db10,db10_mixed_to_amputee,set_acsa_tau_0.15,balanced_accuracy,split_id|subject_id|session,15,0.6235324675324675,0.5259823232323232,0.7072981240981241
db10,db10_mixed_to_amputee,set_acsa_tau_0.15,balanced_accuracy,split_id|subject_id|session,15,0.5107994227994228,0.4229135642135642,0.5909149350649351
db10,db10_mixed_to_amputee,set_acsa_tau_0.15,balanced_accuracy,split_id|subject_id|session,15,0.4703232323232324,0.38866673881673885,0.5454589466089466
db10,db10_mixed_to_amputee,set_acsa_tau_0.15,balanced_accuracy,split_id|subject_id|session,1,0.0967532467532467,0.0967532467532467,0.0967532467532467
db10,db10_mixed_to_amputee,set_acsa_tau_0.15,balanced_accuracy,split_id|subject_id|session,1,0.1025974025974025,0.1025974025974025,0.1025974025974025
db10,db10_mixed_to_amputee,set_acsa_tau_0.15,balanced_accuracy,split_id|subject_id|session,15,0.41664935064935066,0.34842092352092346,0.48918701298701295
db10,db10_mixed_to_amputee,set_acsa_tau_0.15,balanced_accuracy,split_id|subject_id|session,15,0.4703232323232324,0.38866673881673885,0.5454589466089466
db10,db10_mixed_to_amputee,set_acsa_tau_0.20,balanced_accuracy,split_id|subject_id|session,15,0.6532150072150071,0.5531646464646466,0.7379500000000001
db10,db10_mixed_to_amputee,set_acsa_tau_0.20,balanced_accuracy,split_id|subject_id|session,15,0.5119163059163059,0.42416594516594514,0.5915642857142857
db10,db10_mixed_to_amputee,set_acsa_tau_0.20,balanced_accuracy,split_id|subject_id|session,15,0.4713102453102453,0.39023326118326124,0.5457320346320346
db10,db10_mixed_to_amputee,set_acsa_tau_0.20,balanced_accuracy,split_id|subject_id|session,1,0.0967532467532467,0.0967532467532467,0.0967532467532467
db10,db10_mixed_to_amputee,set_acsa_tau_0.20,balanced_accuracy,split_id|subject_id|session,1,0.1025974025974025,0.1025974025974025,0.1025974025974025
db10,db10_mixed_to_amputee,set_acsa_tau_0.20,balanced_accuracy,split_id|subject_id|session,15,0.44220490620490627,0.3699367965367965,0.5175883116883118
db10,db10_mixed_to_amputee,set_acsa_tau_0.20,balanced_accuracy,split_id|subject_id|session,15,0.4713102453102453,0.39023326118326124,0.5457320346320346
db10,db10_mixed_to_amputee,user_only,balanced_accuracy,split_id|subject_id|session,15,0.13050216450216442,0.11558578643578638,0.14694862914862908
db10,db10_mixed_to_amputee,user_only,balanced_accuracy,split_id|subject_id|session,15,0.14717748917748918,0.12732417027417026,0.1654323232323232
db10,db10_mixed_to_amputee,user_only,balanced_accuracy,split_id|subject_id|session,15,0.14717748917748918,0.12732417027417026,0.1654323232323232
db10,db10_mixed_to_amputee,user_only,balanced_accuracy,split_id|subject_id|session,1,0.0967532467532467,0.0967532467532467,0.0967532467532467
db10,db10_mixed_to_amputee,user_only,balanced_accuracy,split_id|subject_id|session,1,0.1025974025974025,0.1025974025974025,0.1025974025974025
db10,db10_mixed_to_amputee,user_only,balanced_accuracy,split_id|subject_id|session,15,0.13999999999999999,0.12687626262626253,0.1524891774891774
db10,db10_mixed_to_amputee,user_only,balanced_accuracy,split_id|subject_id|session,15,0.14717748917748918,0.12732417027417026,0.1654323232323232
db10,db10_mixed_to_amputee,agency_margin_tau_0.02,ece,split_id|subject_id|session,15,0.18270449243578735,0.1582931296628129,0.20598740651806355
db10,db10_mixed_to_amputee,agency_margin_tau_0.02,ece,split_id|subject_id|session,15,0.1342439676468671,0.0710202760067536,0.22398494355226473
db10,db10_mixed_to_amputee,agency_margin_tau_0.02,ece,split_id|subject_id|session,15,0.13832510032048947,0.07632734828344413,0.22734607032481885
db10,db10_mixed_to_amputee,agency_margin_tau_0.02,ece,split_id|subject_id|session,1,0.2722817520050043,0.2722817520050043,0.2722817520050043
db10,db10_mixed_to_amputee,agency_margin_tau_0.02,ece,split_id|subject_id|session,1,0.2487650541610464,0.2487650541610464,0.2487650541610464
db10,db10_mixed_to_amputee,agency_margin_tau_0.02,ece,split_id|subject_id|session,15,0.26435166864293425,0.23641073329781837,0.29681297136478285
db10,db10_mixed_to_amputee,agency_margin_tau_0.02,ece,split_id|subject_id|session,15,0.13832510032048947,0.07632734828344413,0.22734607032481885
db10,db10_mixed_to_amputee,agency_margin_tau_0.05,ece,split_id|subject_id|session,15,0.13453186471595305,0.10974374657752774,0.15998864995544715
db10,db10_mixed_to_amputee,agency_margin_tau_0.05,ece,split_id|subject_id|session,15,0.11680154556532908,0.05423019468765735,0.20790818448428325
db10,db10_mixed_to_amputee,agency_margin_tau_0.05,ece,split_id|subject_id|session,15,0.12126818962179918,0.056873792511273426,0.21223917041532833
db10,db10_mixed_to_amputee,agency_margin_tau_0.05,ece,split_id|subject_id|session,1,0.2722817520050043,0.2722817520050043,0.2722817520050043
db10,db10_mixed_to_amputee,agency_margin_tau_0.05,ece,split_id|subject_id|session,1,0.2487650541610464,0.2487650541610464,0.2487650541610464
db10,db10_mixed_to_amputee,agency_margin_tau_0.05,ece,split_id|subject_id|session,15,0.162664710829614,0.13452342356253938,0.19407284185360787
db10,db10_mixed_to_amputee,agency_margin_tau_0.05,ece,split_id|subject_id|session,15,0.12126818962179918,0.056873792511273426,0.21223917041532833
db10,db10_mixed_to_amputee,agency_margin_tau_0.10,ece,split_id|subject_id|session,15,0.09511360884855992,0.07148801509478617,0.12009678139504767
db10,db10_mixed_to_amputee,agency_margin_tau_0.10,ece,split_id|subject_id|session,15,0.1132793452980134,0.05101878381400301,0.20553063511681377
db10,db10_mixed_to_amputee,agency_margin_tau_0.10,ece,split_id|subject_id|session,15,0.11857047628838317,0.05625542585363151,0.20965054408513217
db10,db10_mixed_to_amputee,agency_margin_tau_0.10,ece,split_id|subject_id|session,1,0.2722817520050043,0.2722817520050043,0.2722817520050043
db10,db10_mixed_to_amputee,agency_margin_tau_0.10,ece,split_id|subject_id|session,1,0.2487650541610464,0.2487650541610464,0.2487650541610464
db10,db10_mixed_to_amputee,agency_margin_tau_0.10,ece,split_id|subject_id|session,15,0.11753923513067227,0.09500440292347155,0.14432406035378215
db10,db10_mixed_to_amputee,agency_margin_tau_0.10,ece,split_id|subject_id|session,15,0.11857047628838317,0.05625542585363151,0.20965054408513217
db10,db10_mixed_to_amputee,agency_margin_tau_0.15,ece,split_id|subject_id|session,15,0.08568616740238456,0.05935919911136691,0.11734189907230008
db10,db10_mixed_to_amputee,agency_margin_tau_0.15,ece,split_id|subject_id|session,15,0.11149657144513733,0.05074945660601191,0.20331222847074465
db10,db10_mixed_to_amputee,agency_margin_tau_0.15,ece,split_id|subject_id|session,15,0.11702916563181152,0.05614376832416614,0.20806866537687033
db10,db10_mixed_to_amputee,agency_margin_tau_0.15,ece,split_id|subject_id|session,1,0.2722817520050043,0.2722817520050043,0.2722817520050043
db10,db10_mixed_to_amputee,agency_margin_tau_0.15,ece,split_id|subject_id|session,1,0.2487650541610464,0.2487650541610464,0.2487650541610464
db10,db10_mixed_to_amputee,agency_margin_tau_0.15,ece,split_id|subject_id|session,15,0.09447980490849889,0.0734813134481285,0.12118453010612432
db10,db10_mixed_to_amputee,agency_margin_tau_0.15,ece,split_id|subject_id|session,15,0.11702916563181152,0.05614376832416614,0.20806866537687033
db10,db10_mixed_to_amputee,agency_margin_tau_0.20,ece,split_id|subject_id|session,15,0.0718434643881238,0.052346161901015494,0.09365674372357494
db10,db10_mixed_to_amputee,agency_margin_tau_0.20,ece,split_id|subject_id|session,15,0.10963492258819861,0.05014451745715782,0.20158773400417845
db10,db10_mixed_to_amputee,agency_margin_tau_0.20,ece,split_id|subject_id|session,15,0.11559701260560402,0.05558784022661192,0.2066424663555615
db10,db10_mixed_to_amputee,agency_margin_tau_0.20,ece,split_id|subject_id|session,1,0.2722817520050043,0.2722817520050043,0.2722817520050043
db10,db10_mixed_to_amputee,agency_margin_tau_0.20,ece,split_id|subject_id|session,1,0.2487650541610464,0.2487650541610464,0.2487650541610464
db10,db10_mixed_to_amputee,agency_margin_tau_0.20,ece,split_id|subject_id|session,15,0.08315290655645559,0.061928084575658994,0.1097507064559445
db10,db10_mixed_to_amputee,agency_margin_tau_0.20,ece,split_id|subject_id|session,15,0.11559701260560402,0.05558784022661192,0.2066424663555615
db10,db10_mixed_to_amputee,assist_only,ece,split_id|subject_id|session,15,0.06979726111879954,0.050983465427914924,0.09069867131055673
db10,db10_mixed_to_amputee,assist_only,ece,split_id|subject_id|session,15,0.06625254511900178,0.04875320245234601,0.08730819295141205
db10,db10_mixed_to_amputee,assist_only,ece,split_id|subject_id|session,15,0.0668402344590579,0.05192881934967557,0.08238818639343226
db10,db10_mixed_to_amputee,assist_only,ece,split_id|subject_id|session,1,0.4090909090909091,0.4090909090909091,0.4090909090909091
db10,db10_mixed_to_amputee,assist_only,ece,split_id|subject_id|session,1,0.4090909090909091,0.4090909090909091,0.4090909090909091
db10,db10_mixed_to_amputee,assist_only,ece,split_id|subject_id|session,15,0.0668402344590579,0.05192881934967557,0.08238818639343226
db10,db10_mixed_to_amputee,assist_only,ece,split_id|subject_id|session,15,0.0668402344590579,0.05192881934967557,0.08238818639343226
db10,db10_mixed_to_amputee,confidence_blend_alpha_0.25,ece,split_id|subject_id|session,15,0.37723827082753547,0.3134891582027849,0.4343036351339982
db10,db10_mixed_to_amputee,confidence_blend_alpha_0.25,ece,split_id|subject_id|session,15,0.4628979009446768,0.4166404921749744,0.5004558988495337
db10,db10_mixed_to_amputee,confidence_blend_alpha_0.25,ece,split_id|subject_id|session,15,0.4460352527913868,0.40011724950048655,0.48381421639320255
db10,db10_mixed_to_amputee,confidence_blend_alpha_0.25,ece,split_id|subject_id|session,1,0.212831443873883,0.212831443873883,0.212831443873883
db10,db10_mixed_to_amputee,confidence_blend_alpha_0.25,ece,split_id|subject_id|session,1,0.1935867776337718,0.1935867776337718,0.1935867776337718
db10,db10_mixed_to_amputee,confidence_blend_alpha_0.25,ece,split_id|subject_id|session,15,0.3888468484591337,0.3386943670267512,0.43667180047927207
db10,db10_mixed_to_amputee,confidence_blend_alpha_0.25,ece,split_id|subject_id|session,15,0.4460352527913868,0.40011724950048655,0.48381421639320255
db10,db10_mixed_to_amputee,confidence_blend_alpha_0.50,ece,split_id|subject_id|session,15,0.24831841769050353,0.1981414201683166,0.29467487630156786
db10,db10_mixed_to_amputee,confidence_blend_alpha_0.50,ece,split_id|subject_id|session,15,0.3095341232048927,0.27928176654021347,0.33858592774114765
db10,db10_mixed_to_amputee,confidence_blend_alpha_0.50,ece,split_id|subject_id|session,15,0.3042669497477243,0.27147778750853624,0.3342618844487411
db10,db10_mixed_to_amputee,confidence_blend_alpha_0.50,ece,split_id|subject_id|session,1,0.1533811357427619,0.1533811357427619,0.1533811357427619
db10,db10_mixed_to_amputee,confidence_blend_alpha_0.50,ece,split_id|subject_id|session,1,0.1384085011064972,0.1384085011064972,0.1384085011064972
db10,db10_mixed_to_amputee,confidence_blend_alpha_0.50,ece,split_id|subject_id|session,15,0.28233707412913944,0.24597829626643006,0.31659651299277014
db10,db10_mixed_to_amputee,confidence_blend_alpha_0.50,ece,split_id|subject_id|session,15,0.3042669497477243,0.27147778750853624,0.3342618844487411
db10,db10_mixed_to_amputee,confidence_blend_alpha_0.75,ece,split_id|subject_id|session,15,0.12327723884185354,0.09465569338506033,0.15302976838574955
db10,db10_mixed_to_amputee,confidence_blend_alpha_0.75,ece,split_id|subject_id|session,15,0.15978884479913671,0.13198381726349492,0.18606161091090717
db10,db10_mixed_to_amputee,confidence_blend_alpha_0.75,ece,split_id|subject_id|session,15,0.15353739834526667,0.12213146638019685,0.18261933678529876
db10,db10_mixed_to_amputee,confidence_blend_alpha_0.75,ece,split_id|subject_id|session,1,0.0939308276116406,0.0939308276116406,0.0939308276116406
db10,db10_mixed_to_amputee,confidence_blend_alpha_0.75,ece,split_id|subject_id|session,1,0.0832302245792226,0.0832302245792226,0.0832302245792226
db10,db10_mixed_to_amputee,confidence_blend_alpha_0.75,ece,split_id|subject_id|session,15,0.14893726206592087,0.1168416731265825,0.17910910146745262
db10,db10_mixed_to_amputee,confidence_blend_alpha_0.75,ece,split_id|subject_id|session,15,0.15353739834526667,0.12213146638019685,0.18261933678529876
db10,db10_mixed_to_amputee,selective_prediction,ece,split_id|subject_id|session,15,0.14834181667532084,0.117930265821165,0.18424861109329937
db10,db10_mixed_to_amputee,selective_prediction,ece,split_id|subject_id|session,15,0.1676170262966574,0.1115279797675778,0.24670308347233247
db10,db10_mixed_to_amputee,selective_prediction,ece,split_id|subject_id|session,15,0.18169879529892957,0.1226887108954009,0.26471943275654164
db10,db10_mixed_to_amputee,selective_prediction,ece,split_id|subject_id|session,1,0.2722817520050043,0.2722817520050043,0.2722817520050043
db10,db10_mixed_to_amputee,selective_prediction,ece,split_id|subject_id|session,1,0.2487650541610464,0.2487650541610464,0.2487650541610464
db10,db10_mixed_to_amputee,selective_prediction,ece,split_id|subject_id|session,15,0.13828942906643743,0.1106557076700263,0.17042126896831758
db10,db10_mixed_to_amputee,selective_prediction,ece,split_id|subject_id|session,15,0.18169879529892957,0.1226887108954009,0.26471943275654164
db10,db10_mixed_to_amputee,set_acsa_tau_0.02,ece,split_id|subject_id|session,15,0.12111824057756744,0.10284806942384868,0.14482688863121945
db10,db10_mixed_to_amputee,set_acsa_tau_0.02,ece,split_id|subject_id|session,15,0.112608977620055,0.05481879505088924,0.20288062132411222
db10,db10_mixed_to_amputee,set_acsa_tau_0.02,ece,split_id|subject_id|session,15,0.11668861237496614,0.05813499971793267,0.20695261419550343
db10,db10_mixed_to_amputee,set_acsa_tau_0.02,ece,split_id|subject_id|session,1,0.2722817520050043,0.2722817520050043,0.2722817520050043
db10,db10_mixed_to_amputee,set_acsa_tau_0.02,ece,split_id|subject_id|session,1,0.2487650541610464,0.2487650541610464,0.2487650541610464
db10,db10_mixed_to_amputee,set_acsa_tau_0.02,ece,split_id|subject_id|session,15,0.11629207090610529,0.09925815279407035,0.13416435423282164
db10,db10_mixed_to_amputee,set_acsa_tau_0.02,ece,split_id|subject_id|session,15,0.11668861237496614,0.05813499971793267,0.20695261419550343
db10,db10_mixed_to_amputee,set_acsa_tau_0.05,ece,split_id|subject_id|session,15,0.09108344134024503,0.07610689299540799,0.11048555064923948
db10,db10_mixed_to_amputee,set_acsa_tau_0.05,ece,split_id|subject_id|session,15,0.11121854199793807,0.05203480089230417,0.2022982472399963
db10,db10_mixed_to_amputee,set_acsa_tau_0.05,ece,split_id|subject_id|session,15,0.115959467093476,0.05575473357742563,0.207125797483637
db10,db10_mixed_to_amputee,set_acsa_tau_0.05,ece,split_id|subject_id|session,1,0.2722817520050043,0.2722817520050043,0.2722817520050043
db10,db10_mixed_to_amputee,set_acsa_tau_0.05,ece,split_id|subject_id|session,1,0.2487650541610464,0.2487650541610464,0.2487650541610464
db10,db10_mixed_to_amputee,set_acsa_tau_0.05,ece,split_id|subject_id|session,15,0.10296414035574417,0.08313179235330682,0.1239001823412413
db10,db10_mixed_to_amputee,set_acsa_tau_0.05,ece,split_id|subject_id|session,15,0.115959467093476,0.05575473357742563,0.207125797483637
db10,db10_mixed_to_amputee,set_acsa_tau_0.10,ece,split_id|subject_id|session,15,0.08827972645766533,0.07006438300927723,0.10823392738634467
db10,db10_mixed_to_amputee,set_acsa_tau_0.10,ece,split_id|subject_id|session,15,0.10978132244129092,0.05029231372679458,0.2017221864054615
db10,db10_mixed_to_amputee,set_acsa_tau_0.10,ece,split_id|subject_id|session,15,0.11547324485333095,0.05557747514891665,0.20655920568011463
db10,db10_mixed_to_amputee,set_acsa_tau_0.10,ece,split_id|subject_id|session,1,0.2722817520050043,0.2722817520050043,0.2722817520050043
db10,db10_mixed_to_amputee,set_acsa_tau_0.10,ece,split_id|subject_id|session,1,0.2487650541610464,0.2487650541610464,0.2487650541610464
db10,db10_mixed_to_amputee,set_acsa_tau_0.10,ece,split_id|subject_id|session,15,0.09127514979380089,0.07349049553544908,0.11424807199838027
db10,db10_mixed_to_amputee,set_acsa_tau_0.10,ece,split_id|subject_id|session,15,0.11547324485333095,0.05557747514891665,0.20655920568011463
db10,db10_mixed_to_amputee,set_acsa_tau_0.15,ece,split_id|subject_id|session,15,0.07547254570231916,0.05900851669009628,0.0962390894822986
db10,db10_mixed_to_amputee,set_acsa_tau_0.15,ece,split_id|subject_id|session,15,0.10902855897832928,0.049928030557772056,0.20105120950572264
db10,db10_mixed_to_amputee,set_acsa_tau_0.15,ece,split_id|subject_id|session,15,0.11488053609188108,0.05522462063279723,0.20595498193423883
db10,db10_mixed_to_amputee,set_acsa_tau_0.15,ece,split_id|subject_id|session,1,0.2722817520050043,0.2722817520050043,0.2722817520050043
db10,db10_mixed_to_amputee,set_acsa_tau_0.15,ece,split_id|subject_id|session,1,0.2487650541610464,0.2487650541610464,0.2487650541610464
db10,db10_mixed_to_amputee,set_acsa_tau_0.15,ece,split_id|subject_id|session,15,0.08282523261613632,0.06417132809180719,0.10468543370926763
db10,db10_mixed_to_amputee,set_acsa_tau_0.15,ece,split_id|subject_id|session,15,0.11488053609188108,0.05522462063279723,0.20595498193423883
db10,db10_mixed_to_amputee,set_acsa_tau_0.20,ece,split_id|subject_id|session,15,0.07226286012365217,0.05325224864600311,0.09384875104741647
db10,db10_mixed_to_amputee,set_acsa_tau_0.20,ece,split_id|subject_id|session,15,0.1082221439770123,0.0497064270576962,0.20022422594318104
db10,db10_mixed_to_amputee,set_acsa_tau_0.20,ece,split_id|subject_id|session,15,0.11433704689015618,0.05494735358331115,0.205405629945211
db10,db10_mixed_to_amputee,set_acsa_tau_0.20,ece,split_id|subject_id|session,1,0.2722817520050043,0.2722817520050043,0.2722817520050043
db10,db10_mixed_to_amputee,set_acsa_tau_0.20,ece,split_id|subject_id|session,1,0.2487650541610464,0.2487650541610464,0.2487650541610464
db10,db10_mixed_to_amputee,set_acsa_tau_0.20,ece,split_id|subject_id|session,15,0.07667454103728266,0.05875666133758259,0.09649526714167853
db10,db10_mixed_to_amputee,set_acsa_tau_0.20,ece,split_id|subject_id|session,15,0.11433704689015618,0.05494735358331115,0.205405629945211
db10,db10_mixed_to_amputee,user_only,ece,split_id|subject_id|session,15,0.1956422261554425,0.15401605586802186,0.2418653891609148
db10,db10_mixed_to_amputee,user_only,ece,split_id|subject_id|session,15,0.32552842246297853,0.26155286741947265,0.3978041620104167
db10,db10_mixed_to_amputee,user_only,ece,split_id|subject_id|session,15,0.32552842246297853,0.26155286741947265,0.3978041620104167
db10,db10_mixed_to_amputee,user_only,ece,split_id|subject_id|session,1,0.2722817520050043,0.2722817520050043,0.2722817520050043
db10,db10_mixed_to_amputee,user_only,ece,split_id|subject_id|session,1,0.2487650541610464,0.2487650541610464,0.2487650541610464
db10,db10_mixed_to_amputee,user_only,ece,split_id|subject_id|session,15,0.2542220067762704,0.20800818119255435,0.3009865049608234
db10,db10_mixed_to_amputee,user_only,ece,split_id|subject_id|session,15,0.32552842246297853,0.26155286741947265,0.3978041620104167
db10,db10_mixed_to_amputee,agency_margin_tau_0.02,macro_f1,split_id|subject_id|session,15,0.20330050426885135,0.16383132534904715,0.2422796013960681
db10,db10_mixed_to_amputee,agency_margin_tau_0.02,macro_f1,split_id|subject_id|session,15,0.5053356945076867,0.4015632731692171,0.5982908394778323
db10,db10_mixed_to_amputee,agency_margin_tau_0.02,macro_f1,split_id|subject_id|session,15,0.4774306088844413,0.3807583181089772,0.5662843442732545
db10,db10_mixed_to_amputee,agency_margin_tau_0.02,macro_f1,split_id|subject_id|session,1,0.0497662731398542,0.0497662731398542,0.0497662731398542
db10,db10_mixed_to_amputee,agency_margin_tau_0.02,macro_f1,split_id|subject_id|session,1,0.060121039105556,0.060121039105556,0.060121039105556
db10,db10_mixed_to_amputee,agency_margin_tau_0.02,macro_f1,split_id|subject_id|session,15,0.1725214358177194,0.14698746707677424,0.19600338368156822
db10,db10_mixed_to_amputee,agency_margin_tau_0.02,macro_f1,split_id|subject_id|session,15,0.4774306088844413,0.3807583181089772,0.5662843442732545
db10,db10_mixed_to_amputee,agency_margin_tau_0.05,macro_f1,split_id|subject_id|session,15,0.35008652968069887,0.285450271883192,0.40888610594888514
db10,db10_mixed_to_amputee,agency_margin_tau_0.05,macro_f1,split_id|subject_id|session,15,0.5524779060560849,0.4467776301303637,0.6422946903231272
db10,db10_mixed_to_amputee,agency_margin_tau_0.05,macro_f1,split_id|subject_id|session,15,0.5189064604327469,0.41830777185687834,0.6055909408885777
db10,db10_mixed_to_amputee,agency_margin_tau_0.05,macro_f1,split_id|subject_id|session,1,0.0497662731398542,0.0497662731398542,0.0497662731398542
db10,db10_mixed_to_amputee,agency_margin_tau_0.05,macro_f1,split_id|subject_id|session,1,0.060121039105556,0.060121039105556,0.060121039105556
db10,db10_mixed_to_amputee,agency_margin_tau_0.05,macro_f1,split_id|subject_id|session,15,0.3024272428286734,0.25477666201759,0.34933278730576384
db10,db10_mixed_to_amputee,agency_margin_tau_0.05,macro_f1,split_id|subject_id|session,15,0.5189064604327469,0.41830777185687834,0.6055909408885777
db10,db10_mixed_to_amputee,agency_margin_tau_0.10,macro_f1,split_id|subject_id|session,15,0.48264246128120963,0.4005487755113183,0.5572665796976525
db10,db10_mixed_to_amputee,agency_margin_tau_0.10,macro_f1,split_id|subject_id|session,15,0.5628964616871188,0.4581726550939818,0.6531339833700439
db10,db10_mixed_to_amputee,agency_margin_tau_0.10,macro_f1,split_id|subject_id|session,15,0.5273458352878558,0.42683194805923497,0.6134263286538603
db10,db10_mixed_to_amputee,agency_margin_tau_0.10,macro_f1,split_id|subject_id|session,1,0.0497662731398542,0.0497662731398542,0.0497662731398542
db10,db10_mixed_to_amputee,agency_margin_tau_0.10,macro_f1,split_id|subject_id|session,1,0.060121039105556,0.060121039105556,0.060121039105556
db10,db10_mixed_to_amputee,agency_margin_tau_0.10,macro_f1,split_id|subject_id|session,15,0.4077212969875624,0.3387143206095693,0.47591695495069114
db10,db10_mixed_to_amputee,agency_margin_tau_0.10,macro_f1,split_id|subject_id|session,15,0.5273458352878558,0.42683194805923497,0.6134263286538603
db10,db10_mixed_to_amputee,agency_margin_tau_0.15,macro_f1,split_id|subject_id|session,15,0.5495264617706945,0.46059652773220994,0.6283577658657681
db10,db10_mixed_to_amputee,agency_margin_tau_0.15,macro_f1,split_id|subject_id|session,15,0.5649938696293012,0.4583009879376461,0.6563197909999507
db10,db10_mixed_to_amputee,agency_margin_tau_0.15,macro_f1,split_id|subject_id|session,15,0.5298982550091742,0.42804811096628576,0.6153874822316985
db10,db10_mixed_to_amputee,agency_margin_tau_0.15,macro_f1,split_id|subject_id|session,1,0.0497662731398542,0.0497662731398542,0.0497662731398542
db10,db10_mixed_to_amputee,agency_margin_tau_0.15,macro_f1,split_id|subject_id|session,1,0.060121039105556,0.060121039105556,0.060121039105556
db10,db10_mixed_to_amputee,agency_margin_tau_0.15,macro_f1,split_id|subject_id|session,15,0.46574358283343575,0.38636923033353726,0.5434085843585232
db10,db10_mixed_to_amputee,agency_margin_tau_0.15,macro_f1,split_id|subject_id|session,15,0.5298982550091742,0.42804811096628576,0.6153874822316985
db10,db10_mixed_to_amputee,agency_margin_tau_0.20,macro_f1,split_id|subject_id|session,15,0.5721588246495687,0.47543941191571215,0.6524048787921847
db10,db10_mixed_to_amputee,agency_margin_tau_0.20,macro_f1,split_id|subject_id|session,15,0.5656911158021395,0.45796200883186483,0.6563011214286425
db10,db10_mixed_to_amputee,agency_margin_tau_0.20,macro_f1,split_id|subject_id|session,15,0.5310499977363219,0.42920983319643613,0.6163769849327188
db10,db10_mixed_to_amputee,agency_margin_tau_0.20,macro_f1,split_id|subject_id|session,1,0.0497662731398542,0.0497662731398542,0.0497662731398542
db10,db10_mixed_to_amputee,agency_margin_tau_0.20,macro_f1,split_id|subject_id|session,1,0.060121039105556,0.060121039105556,0.060121039105556
db10,db10_mixed_to_amputee,agency_margin_tau_0.20,macro_f1,split_id|subject_id|session,15,0.49737595301253285,0.4128728401639879,0.5773681436633779
db10,db10_mixed_to_amputee,agency_margin_tau_0.20,macro_f1,split_id|subject_id|session,15,0.5310499977363219,0.42920983319643613,0.6163769849327188
db10,db10_mixed_to_amputee,assist_only,macro_f1,split_id|subject_id|session,15,0.5852984742589913,0.48924727027162357,0.6662664750398221
db10,db10_mixed_to_amputee,assist_only,macro_f1,split_id|subject_id|session,15,0.5741315262894192,0.47488805732650136,0.6578630173859203
db10,db10_mixed_to_amputee,assist_only,macro_f1,split_id|subject_id|session,15,0.5386554347098371,0.4460394706876525,0.6202135233910249
db10,db10_mixed_to_amputee,assist_only,macro_f1,split_id|subject_id|session,1,0.0606060606060606,0.0606060606060606,0.0606060606060606
db10,db10_mixed_to_amputee,assist_only,macro_f1,split_id|subject_id|session,1,0.0606060606060606,0.0606060606060606,0.0606060606060606
db10,db10_mixed_to_amputee,assist_only,macro_f1,split_id|subject_id|session,15,0.5386554347098371,0.4460394706876525,0.6202135233910249
db10,db10_mixed_to_amputee,assist_only,macro_f1,split_id|subject_id|session,15,0.5386554347098371,0.4460394706876525,0.6202135233910249
db10,db10_mixed_to_amputee,confidence_blend_alpha_0.25,macro_f1,split_id|subject_id|session,15,0.5745230812726682,0.4772888778700536,0.6569413321407881
db10,db10_mixed_to_amputee,confidence_blend_alpha_0.25,macro_f1,split_id|subject_id|session,15,0.5690238503010562,0.4642231134443658,0.6595078860720229
db10,db10_mixed_to_amputee,confidence_blend_alpha_0.25,macro_f1,split_id|subject_id|session,15,0.5333947500121627,0.43177702082355324,0.6186486977800058
db10,db10_mixed_to_amputee,confidence_blend_alpha_0.25,macro_f1,split_id|subject_id|session,1,0.0497662731398542,0.0497662731398542,0.0497662731398542
db10,db10_mixed_to_amputee,confidence_blend_alpha_0.25,macro_f1,split_id|subject_id|session,1,0.060121039105556,0.060121039105556,0.060121039105556
db10,db10_mixed_to_amputee,confidence_blend_alpha_0.25,macro_f1,split_id|subject_id|session,15,0.4912560138651154,0.4078875287528527,0.5731553838638063
db10,db10_mixed_to_amputee,confidence_blend_alpha_0.25,macro_f1,split_id|subject_id|session,15,0.5333947500121627,0.43177702082355324,0.6186486977800058
db10,db10_mixed_to_amputee,confidence_blend_alpha_0.50,macro_f1,split_id|subject_id|session,15,0.5853218647240169,0.48765151767646475,0.6681580594556302
db10,db10_mixed_to_amputee,confidence_blend_alpha_0.50,macro_f1,split_id|subject_id|session,15,0.5762609093199161,0.47786702666757835,0.659672666744848
db10,db10_mixed_to_amputee,confidence_blend_alpha_0.50,macro_f1,split_id|subject_id|session,15,0.5374810353832695,0.43887877828267813,0.621127642349622
db10,db10_mixed_to_amputee,confidence_blend_alpha_0.50,macro_f1,split_id|subject_id|session,1,0.0497662731398542,0.0497662731398542,0.0497662731398542
db10,db10_mixed_to_amputee,confidence_blend_alpha_0.50,macro_f1,split_id|subject_id|session,1,0.060121039105556,0.060121039105556,0.060121039105556
db10,db10_mixed_to_amputee,confidence_blend_alpha_0.50,macro_f1,split_id|subject_id|session,15,0.5360991083366963,0.4437835234179615,0.6173297646526714
db10,db10_mixed_to_amputee,confidence_blend_alpha_0.50,macro_f1,split_id|subject_id|session,15,0.5374810353832695,0.43887877828267813,0.621127642349622
db10,db10_mixed_to_amputee,confidence_blend_alpha_0.75,macro_f1,split_id|subject_id|session,15,0.58509394980661,0.48974753068587434,0.6662374593850984
db10,db10_mixed_to_amputee,confidence_blend_alpha_0.75,macro_f1,split_id|subject_id|session,15,0.5776071583691669,0.48307919172186176,0.6591815921644792
db10,db10_mixed_to_amputee,confidence_blend_alpha_0.75,macro_f1,split_id|subject_id|session,15,0.5402744160104288,0.4476366530894732,0.6205629135554159
db10,db10_mixed_to_amputee,confidence_blend_alpha_0.75,macro_f1,split_id|subject_id|session,1,0.0497662731398542,0.0497662731398542,0.0497662731398542
db10,db10_mixed_to_amputee,confidence_blend_alpha_0.75,macro_f1,split_id|subject_id|session,1,0.060121039105556,0.060121039105556,0.060121039105556
db10,db10_mixed_to_amputee,confidence_blend_alpha_0.75,macro_f1,split_id|subject_id|session,15,0.5390043885927309,0.4461542696356559,0.6209953312636125
db10,db10_mixed_to_amputee,confidence_blend_alpha_0.75,macro_f1,split_id|subject_id|session,15,0.5402744160104288,0.4476366530894732,0.6205629135554159
db10,db10_mixed_to_amputee,selective_prediction,macro_f1,split_id|subject_id|session,15,0.41227692712127445,0.33524755851229027,0.48001643356208634
db10,db10_mixed_to_amputee,selective_prediction,macro_f1,split_id|subject_id|session,15,0.3513361764899605,0.28053720525949893,0.42333821574096764
db10,db10_mixed_to_amputee,selective_prediction,macro_f1,split_id|subject_id|session,15,0.2906419102587808,0.22770391893824318,0.3513837575177416
db10,db10_mixed_to_amputee,selective_prediction,macro_f1,split_id|subject_id|session,1,0.0497662731398542,0.0497662731398542,0.0497662731398542
db10,db10_mixed_to_amputee,selective_prediction,macro_f1,split_id|subject_id|session,1,0.060121039105556,0.060121039105556,0.060121039105556
db10,db10_mixed_to_amputee,selective_prediction,macro_f1,split_id|subject_id|session,15,0.2903810464608123,0.23968968199908233,0.34384141760111353
db10,db10_mixed_to_amputee,selective_prediction,macro_f1,split_id|subject_id|session,15,0.2906419102587808,0.22770391893824318,0.3513837575177416
db10,db10_mixed_to_amputee,set_acsa_tau_0.02,macro_f1,split_id|subject_id|session,15,0.1902800540649654,0.15323815022503667,0.2281345367154849
db10,db10_mixed_to_amputee,set_acsa_tau_0.02,macro_f1,split_id|subject_id|session,15,0.48649521305816995,0.3809793169313854,0.5804178073342628
db10,db10_mixed_to_amputee,set_acsa_tau_0.02,macro_f1,split_id|subject_id|session,15,0.45622856609292917,0.360202626186638,0.546201562033452
db10,db10_mixed_to_amputee,set_acsa_tau_0.02,macro_f1,split_id|subject_id|session,1,0.0497662731398542,0.0497662731398542,0.0497662731398542
db10,db10_mixed_to_amputee,set_acsa_tau_0.02,macro_f1,split_id|subject_id|session,1,0.060121039105556,0.060121039105556,0.060121039105556
db10,db10_mixed_to_amputee,set_acsa_tau_0.02,macro_f1,split_id|subject_id|session,15,0.16015461661403266,0.13657947844002477,0.18197328594198092
db10,db10_mixed_to_amputee,set_acsa_tau_0.02,macro_f1,split_id|subject_id|session,15,0.45622856609292917,0.360202626186638,0.546201562033452
db10,db10_mixed_to_amputee,set_acsa_tau_0.05,macro_f1,split_id|subject_id|session,15,0.3354056681163822,0.2717215465837693,0.39478375681348554
db10,db10_mixed_to_amputee,set_acsa_tau_0.05,macro_f1,split_id|subject_id|session,15,0.5426182586062541,0.4338678270829136,0.6361138679270434
db10,db10_mixed_to_amputee,set_acsa_tau_0.05,macro_f1,split_id|subject_id|session,15,0.5087394285227657,0.404646097182729,0.5970514676874011
db10,db10_mixed_to_amputee,set_acsa_tau_0.05,macro_f1,split_id|subject_id|session,1,0.0497662731398542,0.0497662731398542,0.0497662731398542
db10,db10_mixed_to_amputee,set_acsa_tau_0.05,macro_f1,split_id|subject_id|session,1,0.060121039105556,0.060121039105556,0.060121039105556
db10,db10_mixed_to_amputee,set_acsa_tau_0.05,macro_f1,split_id|subject_id|session,15,0.28071891786120623,0.23381040961368946,0.32548207160106657
db10,db10_mixed_to_amputee,set_acsa_tau_0.05,macro_f1,split_id|subject_id|session,15,0.5087394285227657,0.404646097182729,0.5970514676874011
db10,db10_mixed_to_amputee,set_acsa_tau_0.10,macro_f1,split_id|subject_id|session,15,0.4750760596799298,0.39363978950490747,0.5497194588155111
db10,db10_mixed_to_amputee,set_acsa_tau_0.10,macro_f1,split_id|subject_id|session,15,0.5581645383281962,0.4499034946911863,0.6520277069865882
db10,db10_mixed_to_amputee,set_acsa_tau_0.10,macro_f1,split_id|subject_id|session,15,0.5234511622478732,0.41828019049377396,0.6111399755699222
db10,db10_mixed_to_amputee,set_acsa_tau_0.10,macro_f1,split_id|subject_id|session,1,0.0497662731398542,0.0497662731398542,0.0497662731398542
db10,db10_mixed_to_amputee,set_acsa_tau_0.10,macro_f1,split_id|subject_id|session,1,0.060121039105556,0.060121039105556,0.060121039105556
db10,db10_mixed_to_amputee,set_acsa_tau_0.10,macro_f1,split_id|subject_id|session,15,0.3887321700644798,0.32222379852031713,0.45535532950029495
db10,db10_mixed_to_amputee,set_acsa_tau_0.10,macro_f1,split_id|subject_id|session,15,0.5234511622478732,0.41828019049377396,0.6111399755699222
db10,db10_mixed_to_amputee,set_acsa_tau_0.15,macro_f1,split_id|subject_id|session,15,0.5466563760838401,0.4586859497096075,0.6242862783830766
db10,db10_mixed_to_amputee,set_acsa_tau_0.15,macro_f1,split_id|subject_id|session,15,0.5618093660089617,0.45314879901833255,0.6542343038354579
db10,db10_mixed_to_amputee,set_acsa_tau_0.15,macro_f1,split_id|subject_id|session,15,0.5274412634924042,0.4236479044501871,0.6144437021605528
db10,db10_mixed_to_amputee,set_acsa_tau_0.15,macro_f1,split_id|subject_id|session,1,0.0497662731398542,0.0497662731398542,0.0497662731398542
db10,db10_mixed_to_amputee,set_acsa_tau_0.15,macro_f1,split_id|subject_id|session,1,0.060121039105556,0.060121039105556,0.060121039105556
db10,db10_mixed_to_amputee,set_acsa_tau_0.15,macro_f1,split_id|subject_id|session,15,0.4554398232614388,0.37733051936043505,0.5328922817207952
db10,db10_mixed_to_amputee,set_acsa_tau_0.15,macro_f1,split_id|subject_id|session,15,0.5274412634924042,0.4236479044501871,0.6144437021605528
db10,db10_mixed_to_amputee,set_acsa_tau_0.20,macro_f1,split_id|subject_id|session,15,0.5717264694846841,0.4751356474340867,0.6518073821744294
db10,db10_mixed_to_amputee,set_acsa_tau_0.20,macro_f1,split_id|subject_id|session,15,0.5633630968210467,0.4544032502806047,0.6542496740515912
db10,db10_mixed_to_amputee,set_acsa_tau_0.20,macro_f1,split_id|subject_id|session,15,0.5289212025597382,0.4261094574854412,0.6156942375005192
db10,db10_mixed_to_amputee,set_acsa_tau_0.20,macro_f1,split_id|subject_id|session,1,0.0497662731398542,0.0497662731398542,0.0497662731398542
db10,db10_mixed_to_amputee,set_acsa_tau_0.20,macro_f1,split_id|subject_id|session,1,0.060121039105556,0.060121039105556,0.060121039105556
db10,db10_mixed_to_amputee,set_acsa_tau_0.20,macro_f1,split_id|subject_id|session,15,0.49268279825747474,0.40870430322931,0.5730080349120678
db10,db10_mixed_to_amputee,set_acsa_tau_0.20,macro_f1,split_id|subject_id|session,15,0.5289212025597382,0.4261094574854412,0.6156942375005192
db10,db10_mixed_to_amputee,user_only,macro_f1,split_id|subject_id|session,15,0.112881816947481,0.09175287548688976,0.13281475627563583
db10,db10_mixed_to_amputee,user_only,macro_f1,split_id|subject_id|session,15,0.1216358036058607,0.0970952266614883,0.1440952528656766
db10,db10_mixed_to_amputee,user_only,macro_f1,split_id|subject_id|session,15,0.1216358036058607,0.0970952266614883,0.1440952528656766
db10,db10_mixed_to_amputee,user_only,macro_f1,split_id|subject_id|session,1,0.0497662731398542,0.0497662731398542,0.0497662731398542
db10,db10_mixed_to_amputee,user_only,macro_f1,split_id|subject_id|session,1,0.060121039105556,0.060121039105556,0.060121039105556
db10,db10_mixed_to_amputee,user_only,macro_f1,split_id|subject_id|session,15,0.12063404481190045,0.1058064686709969,0.13518576878416785
db10,db10_mixed_to_amputee,user_only,macro_f1,split_id|subject_id|session,15,0.1216358036058607,0.0970952266614883,0.1440952528656766
db10,db10_mixed_to_amputee,agency_margin_tau_0.02,mean_ali,split_id|subject_id|session,15,0.0022094121300968396,0.00175450678027635,0.002665280157413444
db10,db10_mixed_to_amputee,agency_margin_tau_0.02,mean_ali,split_id|subject_id|session,15,0.003486206462220173,0.0028957981143496766,0.004146669063635556
db10,db10_mixed_to_amputee,agency_margin_tau_0.02,mean_ali,split_id|subject_id|session,15,0.003392769356846847,0.0028069705965926475,0.004062327064703107
db10,db10_mixed_to_amputee,agency_margin_tau_0.02,mean_ali,split_id|subject_id|session,1,0.0,0.0,0.0
db10,db10_mixed_to_amputee,agency_margin_tau_0.02,mean_ali,split_id|subject_id|session,1,0.0,0.0,0.0
db10,db10_mixed_to_amputee,agency_margin_tau_0.02,mean_ali,split_id|subject_id|session,15,0.0011821188932378468,0.0009819772837746342,0.0014047297145347662
db10,db10_mixed_to_amputee,agency_margin_tau_0.02,mean_ali,split_id|subject_id|session,15,0.003392769356846847,0.0028069705965926475,0.004062327064703107
db10,db10_mixed_to_amputee,agency_margin_tau_0.05,mean_ali,split_id|subject_id|session,15,0.011413997934084348,0.009497156234144039,0.013139593775843497
db10,db10_mixed_to_amputee,agency_margin_tau_0.05,mean_ali,split_id|subject_id|session,15,0.005710099240644853,0.004526474887154326,0.0068962859640842415
db10,db10_mixed_to_amputee,agency_margin_tau_0.05,mean_ali,split_id|subject_id|session,15,0.00560515910232686,0.004413338971842105,0.006788026335431192
db10,db10_mixed_to_amputee,agency_margin_tau_0.05,mean_ali,split_id|subject_id|session,1,0.0,0.0,0.0
db10,db10_mixed_to_amputee,agency_margin_tau_0.05,mean_ali,split_id|subject_id|session,1,0.0,0.0,0.0
db10,db10_mixed_to_amputee,agency_margin_tau_0.05,mean_ali,split_id|subject_id|session,15,0.007158219809661946,0.006319112405019453,0.007856699748085188
db10,db10_mixed_to_amputee,agency_margin_tau_0.05,mean_ali,split_id|subject_id|session,15,0.00560515910232686,0.004413338971842105,0.006788026335431192
db10,db10_mixed_to_amputee,agency_margin_tau_0.10,mean_ali,split_id|subject_id|session,15,0.025821460971452225,0.021775484819597277,0.02947029713851028
db10,db10_mixed_to_amputee,agency_margin_tau_0.10,mean_ali,split_id|subject_id|session,15,0.007482680548417045,0.005264319315949296,0.010098018208620744
db10,db10_mixed_to_amputee,agency_margin_tau_0.10,mean_ali,split_id|subject_id|session,15,0.007342243999677267,0.005097638344031717,0.010027150720450283
db10,db10_mixed_to_amputee,agency_margin_tau_0.10,mean_ali,split_id|subject_id|session,1,0.0,0.0,0.0
db10,db10_mixed_to_amputee,agency_margin_tau_0.10,mean_ali,split_id|subject_id|session,1,0.0,0.0,0.0
db10,db10_mixed_to_amputee,agency_margin_tau_0.10,mean_ali,split_id|subject_id|session,15,0.01851004393476808,0.01673702529001914,0.02027156793931021
db10,db10_mixed_to_amputee,agency_margin_tau_0.10,mean_ali,split_id|subject_id|session,15,0.007342243999677267,0.005097638344031717,0.010027150720450283
db10,db10_mixed_to_amputee,agency_margin_tau_0.15,mean_ali,split_id|subject_id|session,15,0.04232471036507172,0.03466599450625669,0.052650832258792316
db10,db10_mixed_to_amputee,agency_margin_tau_0.15,mean_ali,split_id|subject_id|session,15,0.008529371932178313,0.00532439278650209,0.012715032477936329
db10,db10_mixed_to_amputee,agency_margin_tau_0.15,mean_ali,split_id|subject_id|session,15,0.00836276857939544,0.005171652766237349,0.012477610358626181
db10,db10_mixed_to_amputee,agency_margin_tau_0.15,mean_ali,split_id|subject_id|session,1,0.0,0.0,0.0
db10,db10_mixed_to_amputee,agency_margin_tau_0.15,mean_ali,split_id|subject_id|session,1,0.0,0.0,0.0
db10,db10_mixed_to_amputee,agency_margin_tau_0.15,mean_ali,split_id|subject_id|session,15,0.029486858228542037,0.02634597218739448,0.032941913236764854
db10,db10_mixed_to_amputee,agency_margin_tau_0.15,mean_ali,split_id|subject_id|session,15,0.00836276857939544,0.005171652766237349,0.012477610358626181
db10,db10_mixed_to_amputee,agency_margin_tau_0.20,mean_ali,split_id|subject_id|session,15,0.048357748512498265,0.0383884826994305,0.06162671427876248
db10,db10_mixed_to_amputee,agency_margin_tau_0.20,mean_ali,split_id|subject_id|session,15,0.00955408466502186,0.005329036698223388,0.015760104230152953
db10,db10_mixed_to_amputee,agency_margin_tau_0.20,mean_ali,split_id|subject_id|session,15,0.009405567522979533,0.0051745091513224276,0.015465388102954176
db10,db10_mixed_to_amputee,agency_margin_tau_0.20,mean_ali,split_id|subject_id|session,1,0.0,0.0,0.0
db10,db10_mixed_to_amputee,agency_margin_tau_0.20,mean_ali,split_id|subject_id|session,1,0.0,0.0,0.0
db10,db10_mixed_to_amputee,agency_margin_tau_0.20,mean_ali,split_id|subject_id|session,15,0.03780817679403392,0.032115270018984204,0.04473374032632694
db10,db10_mixed_to_amputee,agency_margin_tau_0.20,mean_ali,split_id|subject_id|session,15,0.009405567522979533,0.0051745091513224276,0.015465388102954176
db10,db10_mixed_to_amputee,assist_only,mean_ali,split_id|subject_id|session,15,0.05168495159084147,0.04092938170877656,0.06466798159438084
db10,db10_mixed_to_amputee,assist_only,mean_ali,split_id|subject_id|session,15,0.06950978653438518,0.006788516782908364,0.16978125986243658
db10,db10_mixed_to_amputee,assist_only,mean_ali,split_id|subject_id|session,15,0.06945448810276997,0.006652086096321115,0.16975822105767582
db10,db10_mixed_to_amputee,assist_only,mean_ali,split_id|subject_id|session,1,0.2416782899085662,0.2416782899085662,0.2416782899085662
db10,db10_mixed_to_amputee,assist_only,mean_ali,split_id|subject_id|session,1,0.2010259147689945,0.2010259147689945,0.2010259147689945
db10,db10_mixed_to_amputee,assist_only,mean_ali,split_id|subject_id|session,15,0.05323263746560453,0.03933270137252861,0.07180192754928874
db10,db10_mixed_to_amputee,assist_only,mean_ali,split_id|subject_id|session,15,0.06945448810276997,0.006652086096321115,0.16975822105767582
db10,db10_mixed_to_amputee,confidence_blend_alpha_0.25,mean_ali,split_id|subject_id|session,15,0.04160074531741455,0.033639102026504754,0.05217241460908595
db10,db10_mixed_to_amputee,confidence_blend_alpha_0.25,mean_ali,split_id|subject_id|session,15,0.008871302751162213,0.005054292862709052,0.0143623316319404
db10,db10_mixed_to_amputee,confidence_blend_alpha_0.25,mean_ali,split_id|subject_id|session,15,0.008765546511078828,0.004903887480389972,0.01446362839915499
db10,db10_mixed_to_amputee,confidence_blend_alpha_0.25,mean_ali,split_id|subject_id|session,1,0.0,0.0,0.0
db10,db10_mixed_to_amputee,confidence_blend_alpha_0.25,mean_ali,split_id|subject_id|session,1,0.0,0.0,0.0
db10,db10_mixed_to_amputee,confidence_blend_alpha_0.25,mean_ali,split_id|subject_id|session,15,0.03368189279779111,0.028278322118266305,0.04056183034850987
db10,db10_mixed_to_amputee,confidence_blend_alpha_0.25,mean_ali,split_id|subject_id|session,15,0.008765546511078828,0.004903887480389972,0.01446362839915499
db10,db10_mixed_to_amputee,confidence_blend_alpha_0.50,mean_ali,split_id|subject_id|session,15,0.049726960332348136,0.03951041652684065,0.06247779331615753
db10,db10_mixed_to_amputee,confidence_blend_alpha_0.50,mean_ali,split_id|subject_id|session,15,0.03444255795972513,0.006670315888077949,0.07199591209998082
db10,db10_mixed_to_amputee,confidence_blend_alpha_0.50,mean_ali,split_id|subject_id|session,15,0.01746079290174284,0.005088868267621036,0.03905243133852976
db10,db10_mixed_to_amputee,confidence_blend_alpha_0.50,mean_ali,split_id|subject_id|session,1,0.0,0.0,0.0
db10,db10_mixed_to_amputee,confidence_blend_alpha_0.50,mean_ali,split_id|subject_id|session,1,0.0,0.0,0.0
db10,db10_mixed_to_amputee,confidence_blend_alpha_0.50,mean_ali,split_id|subject_id|session,15,0.05009684151516498,0.03718143716238385,0.0670316546800104
db10,db10_mixed_to_amputee,confidence_blend_alpha_0.50,mean_ali,split_id|subject_id|session,15,0.01746079290174284,0.005088868267621036,0.03905243133852976
db10,db10_mixed_to_amputee,confidence_blend_alpha_0.75,mean_ali,split_id|subject_id|session,15,0.05111362061669459,0.04052182345223148,0.06401992728226183
db10,db10_mixed_to_amputee,confidence_blend_alpha_0.75,mean_ali,split_id|subject_id|session,15,0.06771448195644494,0.006750765226259103,0.16509898602545434
db10,db10_mixed_to_amputee,confidence_blend_alpha_0.75,mean_ali,split_id|subject_id|session,15,0.0690672657529868,0.006612270256860506,0.16927978343126623
db10,db10_mixed_to_amputee,confidence_blend_alpha_0.75,mean_ali,split_id|subject_id|session,1,0.0,0.0,0.0
db10,db10_mixed_to_amputee,confidence_blend_alpha_0.75,mean_ali,split_id|subject_id|session,1,0.0,0.0,0.0
db10,db10_mixed_to_amputee,confidence_blend_alpha_0.75,mean_ali,split_id|subject_id|session,15,0.052371163778667754,0.03875835608367403,0.07048893390503566
db10,db10_mixed_to_amputee,confidence_blend_alpha_0.75,mean_ali,split_id|subject_id|session,15,0.0690672657529868,0.006612270256860506,0.16927978343126623
db10,db10_mixed_to_amputee,selective_prediction,mean_ali,split_id|subject_id|session,15,0.020116052434151956,0.016164208667645678,0.02402735636673794
db10,db10_mixed_to_amputee,selective_prediction,mean_ali,split_id|subject_id|session,15,0.009299289401030555,0.00261964075286804,0.018431078616251744
db10,db10_mixed_to_amputee,selective_prediction,mean_ali,split_id|subject_id|session,15,0.0060373879038813005,0.0016136425011911862,0.014003901335916523
db10,db10_mixed_to_amputee,selective_prediction,mean_ali,split_id|subject_id|session,1,0.0,0.0,0.0
db10,db10_mixed_to_amputee,selective_prediction,mean_ali,split_id|subject_id|session,1,0.0,0.0,0.0
db10,db10_mixed_to_amputee,selective_prediction,mean_ali,split_id|subject_id|session,15,0.017194053808263263,0.01255851380607995,0.023274788824137724
db10,db10_mixed_to_amputee,selective_prediction,mean_ali,split_id|subject_id|session,15,0.0060373879038813005,0.0016136425011911862,0.014003901335916523
db10,db10_mixed_to_amputee,set_acsa_tau_0.02,mean_ali,split_id|subject_id|session,15,0.0016737306233511602,0.0012683683586583142,0.0020845388290555047
db10,db10_mixed_to_amputee,set_acsa_tau_0.02,mean_ali,split_id|subject_id|session,15,0.0031375079206061394,0.0025583106768692233,0.003741083547252562
db10,db10_mixed_to_amputee,set_acsa_tau_0.02,mean_ali,split_id|subject_id|session,15,0.0030210338243375806,0.002476394253505923,0.0036135981681645057
db10,db10_mixed_to_amputee,set_acsa_tau_0.02,mean_ali,split_id|subject_id|session,1,0.0,0.0,0.0
db10,db10_mixed_to_amputee,set_acsa_tau_0.02,mean_ali,split_id|subject_id|session,1,0.0,0.0,0.0
db10,db10_mixed_to_amputee,set_acsa_tau_0.02,mean_ali,split_id|subject_id|session,15,0.0009180156850504268,0.0007541867339248492,0.001101614633918631
db10,db10_mixed_to_amputee,set_acsa_tau_0.02,mean_ali,split_id|subject_id|session,15,0.0030210338243375806,0.002476394253505923,0.0036135981681645057
db10,db10_mixed_to_amputee,set_acsa_tau_0.05,mean_ali,split_id|subject_id|session,15,0.01010657162728667,0.008302200032197745,0.0118601127108281
db10,db10_mixed_to_amputee,set_acsa_tau_0.05,mean_ali,split_id|subject_id|session,15,0.005312179598012187,0.00428065359976629,0.006255077671387382
db10,db10_mixed_to_amputee,set_acsa_tau_0.05,mean_ali,split_id|subject_id|session,15,0.005194408019579793,0.004141224221404923,0.0061641189647573666
db10,db10_mixed_to_amputee,set_acsa_tau_0.05,mean_ali,split_id|subject_id|session,1,0.0,0.0,0.0
db10,db10_mixed_to_amputee,set_acsa_tau_0.05,mean_ali,split_id|subject_id|session,1,0.0,0.0,0.0
db10,db10_mixed_to_amputee,set_acsa_tau_0.05,mean_ali,split_id|subject_id|session,15,0.0060708356803503855,0.005390325220535196,0.006648053633413411
db10,db10_mixed_to_amputee,set_acsa_tau_0.05,mean_ali,split_id|subject_id|session,15,0.005194408019579793,0.004141224221404923,0.0061641189647573666
db10,db10_mixed_to_amputee,set_acsa_tau_0.10,mean_ali,split_id|subject_id|session,15,0.02449151679080092,0.020749884842503837,0.027882145453826817
db10,db10_mixed_to_amputee,set_acsa_tau_0.10,mean_ali,split_id|subject_id|session,15,0.0070920307723100606,0.00518818426657426,0.009326608688542046
db10,db10_mixed_to_amputee,set_acsa_tau_0.10,mean_ali,split_id|subject_id|session,15,0.006996268673001081,0.005047586114238269,0.009299119187132856
db10,db10_mixed_to_amputee,set_acsa_tau_0.10,mean_ali,split_id|subject_id|session,1,0.0,0.0,0.0
db10,db10_mixed_to_amputee,set_acsa_tau_0.10,mean_ali,split_id|subject_id|session,1,0.0,0.0,0.0
db10,db10_mixed_to_amputee,set_acsa_tau_0.10,mean_ali,split_id|subject_id|session,15,0.01651865923358328,0.015058422083032345,0.017907685662495468
db10,db10_mixed_to_amputee,set_acsa_tau_0.10,mean_ali,split_id|subject_id|session,15,0.006996268673001081,0.005047586114238269,0.009299119187132856
db10,db10_mixed_to_amputee,set_acsa_tau_0.15,mean_ali,split_id|subject_id|session,15,0.040202652927936074,0.03399292713337576,0.047712231615791086
db10,db10_mixed_to_amputee,set_acsa_tau_0.15,mean_ali,split_id|subject_id|session,15,0.008166715204806274,0.005328930875355913,0.011632908107218835
db10,db10_mixed_to_amputee,set_acsa_tau_0.15,mean_ali,split_id|subject_id|session,15,0.008081405344166745,0.00517759472782243,0.011639501769956881
db10,db10_mixed_to_amputee,set_acsa_tau_0.15,mean_ali,split_id|subject_id|session,1,0.0,0.0,0.0
db10,db10_mixed_to_amputee,set_acsa_tau_0.15,mean_ali,split_id|subject_id|session,1,0.0,0.0,0.0
db10,db10_mixed_to_amputee,set_acsa_tau_0.15,mean_ali,split_id|subject_id|session,15,0.027821153400607344,0.02511828677094335,0.030692803705254856
db10,db10_mixed_to_amputee,set_acsa_tau_0.15,mean_ali,split_id|subject_id|session,15,0.008081405344166745,0.00517759472782243,0.011639501769956881
db10,db10_mixed_to_amputee,set_acsa_tau_0.20,mean_ali,split_id|subject_id|session,15,0.04817606917819107,0.03823671350046781,0.061453817253345915
db10,db10_mixed_to_amputee,set_acsa_tau_0.20,mean_ali,split_id|subject_id|session,15,0.009230259304865833,0.005328930875355913,0.014698101661774068
db10,db10_mixed_to_amputee,set_acsa_tau_0.20,mean_ali,split_id|subject_id|session,15,0.009127149324002586,0.00517759472782243,0.014607739826690969
db10,db10_mixed_to_amputee,set_acsa_tau_0.20,mean_ali,split_id|subject_id|session,1,0.0,0.0,0.0
db10,db10_mixed_to_amputee,set_acsa_tau_0.20,mean_ali,split_id|subject_id|session,1,0.0,0.0,0.0
db10,db10_mixed_to_amputee,set_acsa_tau_0.20,mean_ali,split_id|subject_id|session,15,0.036722040905755766,0.031463934657543935,0.04297131980888721
db10,db10_mixed_to_amputee,set_acsa_tau_0.20,mean_ali,split_id|subject_id|session,15,0.009127149324002586,0.00517759472782243,0.014607739826690969
db10,db10_mixed_to_amputee,user_only,mean_ali,split_id|subject_id|session,15,0.0,0.0,0.0
db10,db10_mixed_to_amputee,user_only,mean_ali,split_id|subject_id|session,15,0.0,0.0,0.0
db10,db10_mixed_to_amputee,user_only,mean_ali,split_id|subject_id|session,15,0.0,0.0,0.0
db10,db10_mixed_to_amputee,user_only,mean_ali,split_id|subject_id|session,1,0.0,0.0,0.0
db10,db10_mixed_to_amputee,user_only,mean_ali,split_id|subject_id|session,1,0.0,0.0,0.0
db10,db10_mixed_to_amputee,user_only,mean_ali,split_id|subject_id|session,15,0.0,0.0,0.0
db10,db10_mixed_to_amputee,user_only,mean_ali,split_id|subject_id|session,15,0.0,0.0,0.0
db10,db10_mixed_to_amputee,agency_margin_tau_0.02,risk_coverage_auc,split_id|subject_id|session,15,0.3926394329617588,0.29781689917174037,0.5016135636987247
db10,db10_mixed_to_amputee,agency_margin_tau_0.02,risk_coverage_auc,split_id|subject_id|session,15,0.23863208780486686,0.13005998440911753,0.37266197937162526
db10,db10_mixed_to_amputee,agency_margin_tau_0.02,risk_coverage_auc,split_id|subject_id|session,15,0.26262396723151654,0.1575103984835277,0.3995821040871531
db10,db10_mixed_to_amputee,agency_margin_tau_0.02,risk_coverage_auc,split_id|subject_id|session,1,0.9171585644433156,0.9171585644433156,0.9171585644433156
db10,db10_mixed_to_amputee,agency_margin_tau_0.02,risk_coverage_auc,split_id|subject_id|session,1,0.9142813738991796,0.9142813738991796,0.9142813738991796
db10,db10_mixed_to_amputee,agency_margin_tau_0.02,risk_coverage_auc,split_id|subject_id|session,15,0.32769979225637996,0.25339870733512687,0.4123511126927979
db10,db10_mixed_to_amputee,agency_margin_tau_0.02,risk_coverage_auc,split_id|subject_id|session,15,0.26262396723151654,0.1575103984835277,0.3995821040871531
db10,db10_mixed_to_amputee,agency_margin_tau_0.05,risk_coverage_auc,split_id|subject_id|session,15,0.3453115670289908,0.24467148368756939,0.45862794086622877
db10,db10_mixed_to_amputee,agency_margin_tau_0.05,risk_coverage_auc,split_id|subject_id|session,15,0.22620799896533617,0.12106022210593007,0.3583403037915923
db10,db10_mixed_to_amputee,agency_margin_tau_0.05,risk_coverage_auc,split_id|subject_id|session,15,0.2522263595719427,0.15132147966672646,0.38362027586956854
db10,db10_mixed_to_amputee,agency_margin_tau_0.05,risk_coverage_auc,split_id|subject_id|session,1,0.9171585644433156,0.9171585644433156,0.9171585644433156
db10,db10_mixed_to_amputee,agency_margin_tau_0.05,risk_coverage_auc,split_id|subject_id|session,1,0.9142813738991796,0.9142813738991796,0.9142813738991796
db10,db10_mixed_to_amputee,agency_margin_tau_0.05,risk_coverage_auc,split_id|subject_id|session,15,0.2751833838070282,0.20693383934481258,0.3588534561893277
db10,db10_mixed_to_amputee,agency_margin_tau_0.05,risk_coverage_auc,split_id|subject_id|session,15,0.2522263595719427,0.15132147966672646,0.38362027586956854
db10,db10_mixed_to_amputee,agency_margin_tau_0.10,risk_coverage_auc,split_id|subject_id|session,15,0.2874100529594194,0.18875975306677562,0.3997923166274633
db10,db10_mixed_to_amputee,agency_margin_tau_0.10,risk_coverage_auc,split_id|subject_id|session,15,0.22148418944059609,0.11937519434318875,0.34889684841543317
db10,db10_mixed_to_amputee,agency_margin_tau_0.10,risk_coverage_auc,split_id|subject_id|session,15,0.24857863731054597,0.15187307319627297,0.37278810372403764
db10,db10_mixed_to_amputee,agency_margin_tau_0.10,risk_coverage_auc,split_id|subject_id|session,1,0.9171585644433156,0.9171585644433156,0.9171585644433156
db10,db10_mixed_to_amputee,agency_margin_tau_0.10,risk_coverage_auc,split_id|subject_id|session,1,0.9142813738991796,0.9142813738991796,0.9142813738991796
db10,db10_mixed_to_amputee,agency_margin_tau_0.10,risk_coverage_auc,split_id|subject_id|session,15,0.23935707475992235,0.17315281961383072,0.3140218544578612
db10,db10_mixed_to_amputee,agency_margin_tau_0.10,risk_coverage_auc,split_id|subject_id|session,15,0.24857863731054597,0.15187307319627297,0.37278810372403764
db10,db10_mixed_to_amputee,agency_margin_tau_0.15,risk_coverage_auc,split_id|subject_id|session,15,0.22934749125160858,0.15932097787963195,0.3070780201395153
db10,db10_mixed_to_amputee,agency_margin_tau_0.15,risk_coverage_auc,split_id|subject_id|session,15,0.2184193999650426,0.11883496621178202,0.3436384866279344
db10,db10_mixed_to_amputee,agency_margin_tau_0.15,risk_coverage_auc,split_id|subject_id|session,15,0.24567175351539383,0.15111190493815177,0.3686527698413188
db10,db10_mixed_to_amputee,agency_margin_tau_0.15,risk_coverage_auc,split_id|subject_id|session,1,0.9171585644433156,0.9171585644433156,0.9171585644433156
db10,db10_mixed_to_amputee,agency_margin_tau_0.15,risk_coverage_auc,split_id|subject_id|session,1,0.9142813738991796,0.9142813738991796,0.9142813738991796
db10,db10_mixed_to_amputee,agency_margin_tau_0.15,risk_coverage_auc,split_id|subject_id|session,15,0.22242876116601104,0.15924276596930215,0.2911116214466102
db10,db10_mixed_to_amputee,agency_margin_tau_0.15,risk_coverage_auc,split_id|subject_id|session,15,0.24567175351539383,0.15111190493815177,0.3686527698413188
db10,db10_mixed_to_amputee,agency_margin_tau_0.20,risk_coverage_auc,split_id|subject_id|session,15,0.22809074448517042,0.15724805103729456,0.304575598522287
db10,db10_mixed_to_amputee,agency_margin_tau_0.20,risk_coverage_auc,split_id|subject_id|session,15,0.2164780208083598,0.11873206395401265,0.34003393787482017
db10,db10_mixed_to_amputee,agency_margin_tau_0.20,risk_coverage_auc,split_id|subject_id|session,15,0.2439972926046203,0.15110729059359349,0.3655797625382342
db10,db10_mixed_to_amputee,agency_margin_tau_0.20,risk_coverage_auc,split_id|subject_id|session,1,0.9171585644433156,0.9171585644433156,0.9171585644433156
db10,db10_mixed_to_amputee,agency_margin_tau_0.20,risk_coverage_auc,split_id|subject_id|session,1,0.9142813738991796,0.9142813738991796,0.9142813738991796
db10,db10_mixed_to_amputee,agency_margin_tau_0.20,risk_coverage_auc,split_id|subject_id|session,15,0.21387366474123728,0.1530237133549494,0.27772936864568537
db10,db10_mixed_to_amputee,agency_margin_tau_0.20,risk_coverage_auc,split_id|subject_id|session,15,0.2439972926046203,0.15110729059359349,0.3655797625382342
db10,db10_mixed_to_amputee,assist_only,risk_coverage_auc,split_id|subject_id|session,15,0.22517834767610165,0.15454719766003713,0.3014982928229269
db10,db10_mixed_to_amputee,assist_only,risk_coverage_auc,split_id|subject_id|session,15,0.16479950457588438,0.11746374823690817,0.21364350023902123
db10,db10_mixed_to_amputee,assist_only,risk_coverage_auc,split_id|subject_id|session,15,0.2059278197773036,0.14865621401465498,0.2680375922693826
db10,db10_mixed_to_amputee,assist_only,risk_coverage_auc,split_id|subject_id|session,1,0.5025605518828724,0.5025605518828724,0.5025605518828724
db10,db10_mixed_to_amputee,assist_only,risk_coverage_auc,split_id|subject_id|session,1,0.5025605518828724,0.5025605518828724,0.5025605518828724
db10,db10_mixed_to_amputee,assist_only,risk_coverage_auc,split_id|subject_id|session,15,0.2059278197773036,0.14865621401465498,0.2680375922693826
db10,db10_mixed_to_amputee,assist_only,risk_coverage_auc,split_id|subject_id|session,15,0.2059278197773036,0.14865621401465498,0.2680375922693826
db10,db10_mixed_to_amputee,confidence_blend_alpha_0.25,risk_coverage_auc,split_id|subject_id|session,15,0.23271034393456377,0.1633343349879244,0.3120554009350046
db10,db10_mixed_to_amputee,confidence_blend_alpha_0.25,risk_coverage_auc,split_id|subject_id|session,15,0.22765511638304428,0.1234541046476491,0.35334216299672383
db10,db10_mixed_to_amputee,confidence_blend_alpha_0.25,risk_coverage_auc,split_id|subject_id|session,15,0.2621199435263372,0.15377374247072448,0.3991055305331427
db10,db10_mixed_to_amputee,confidence_blend_alpha_0.25,risk_coverage_auc,split_id|subject_id|session,1,0.9171585644433156,0.9171585644433156,0.9171585644433156
db10,db10_mixed_to_amputee,confidence_blend_alpha_0.25,risk_coverage_auc,split_id|subject_id|session,1,0.9142813738991796,0.9142813738991796,0.9142813738991796
db10,db10_mixed_to_amputee,confidence_blend_alpha_0.25,risk_coverage_auc,split_id|subject_id|session,15,0.25419917913601636,0.18138321134069607,0.329052767474606
db10,db10_mixed_to_amputee,confidence_blend_alpha_0.25,risk_coverage_auc,split_id|subject_id|session,15,0.2621199435263372,0.15377374247072448,0.3991055305331427
db10,db10_mixed_to_amputee,confidence_blend_alpha_0.50,risk_coverage_auc,split_id|subject_id|session,15,0.22271058732788357,0.15302846417217975,0.29867956510540566
db10,db10_mixed_to_amputee,confidence_blend_alpha_0.50,risk_coverage_auc,split_id|subject_id|session,15,0.17953991608304137,0.11745392815899648,0.24740095240991605
db10,db10_mixed_to_amputee,confidence_blend_alpha_0.50,risk_coverage_auc,split_id|subject_id|session,15,0.2357844108333102,0.14817460891985718,0.3490151463360246
db10,db10_mixed_to_amputee,confidence_blend_alpha_0.50,risk_coverage_auc,split_id|subject_id|session,1,0.9171585644433156,0.9171585644433156,0.9171585644433156
db10,db10_mixed_to_amputee,confidence_blend_alpha_0.50,risk_coverage_auc,split_id|subject_id|session,1,0.9142813738991796,0.9142813738991796,0.9142813738991796
db10,db10_mixed_to_amputee,confidence_blend_alpha_0.50,risk_coverage_auc,split_id|subject_id|session,15,0.2045101046931309,0.14907919514036155,0.26554748153675206
db10,db10_mixed_to_amputee,confidence_blend_alpha_0.50,risk_coverage_auc,split_id|subject_id|session,15,0.2357844108333102,0.14817460891985718,0.3490151463360246
db10,db10_mixed_to_amputee,confidence_blend_alpha_0.75,risk_coverage_auc,split_id|subject_id|session,15,0.22379331575716666,0.15360608939515522,0.3002065049417
db10,db10_mixed_to_amputee,confidence_blend_alpha_0.75,risk_coverage_auc,split_id|subject_id|session,15,0.16443387506862625,0.11701365033102502,0.2133140593672395
db10,db10_mixed_to_amputee,confidence_blend_alpha_0.75,risk_coverage_auc,split_id|subject_id|session,15,0.20555188818865572,0.14841673221318796,0.2678951142012088
db10,db10_mixed_to_amputee,confidence_blend_alpha_0.75,risk_coverage_auc,split_id|subject_id|session,1,0.9171585644433156,0.9171585644433156,0.9171585644433156
db10,db10_mixed_to_amputee,confidence_blend_alpha_0.75,risk_coverage_auc,split_id|subject_id|session,1,0.9142813738991796,0.9142813738991796,0.9142813738991796
db10,db10_mixed_to_amputee,confidence_blend_alpha_0.75,risk_coverage_auc,split_id|subject_id|session,15,0.2046531507412271,0.14741448727635126,0.2664521934578083
db10,db10_mixed_to_amputee,confidence_blend_alpha_0.75,risk_coverage_auc,split_id|subject_id|session,15,0.20555188818865572,0.14841673221318796,0.2678951142012088
db10,db10_mixed_to_amputee,selective_prediction,risk_coverage_auc,split_id|subject_id|session,15,0.29945863068053724,0.21552514039860973,0.3974669645917728
db10,db10_mixed_to_amputee,selective_prediction,risk_coverage_auc,split_id|subject_id|session,15,0.25370896875541765,0.16971499630359638,0.3459245826251443
db10,db10_mixed_to_amputee,selective_prediction,risk_coverage_auc,split_id|subject_id|session,15,0.3106641936341782,0.2173447732135668,0.42103311363286156
db10,db10_mixed_to_amputee,selective_prediction,risk_coverage_auc,split_id|subject_id|session,1,0.9171614890127854,0.9171614890127854,0.9171614890127854
db10,db10_mixed_to_amputee,selective_prediction,risk_coverage_auc,split_id|subject_id|session,1,0.914285161943925,0.914285161943925,0.914285161943925
db10,db10_mixed_to_amputee,selective_prediction,risk_coverage_auc,split_id|subject_id|session,15,0.30789489265689596,0.2360515354151076,0.38268863461243807
db10,db10_mixed_to_amputee,selective_prediction,risk_coverage_auc,split_id|subject_id|session,15,0.3106641936341782,0.2173447732135668,0.42103311363286156
db10,db10_mixed_to_amputee,set_acsa_tau_0.02,risk_coverage_auc,split_id|subject_id|session,15,0.43924398538947,0.34477909721275213,0.5416492448540187
db10,db10_mixed_to_amputee,set_acsa_tau_0.02,risk_coverage_auc,split_id|subject_id|session,15,0.24237915083150785,0.13169582570852278,0.378951329059163
db10,db10_mixed_to_amputee,set_acsa_tau_0.02,risk_coverage_auc,split_id|subject_id|session,15,0.2660263173122156,0.15892307928451244,0.40423337624714434
db10,db10_mixed_to_amputee,set_acsa_tau_0.02,risk_coverage_auc,split_id|subject_id|session,1,0.9171585644433156,0.9171585644433156,0.9171585644433156
db10,db10_mixed_to_amputee,set_acsa_tau_0.02,risk_coverage_auc,split_id|subject_id|session,1,0.9142813738991796,0.9142813738991796,0.9142813738991796
db10,db10_mixed_to_amputee,set_acsa_tau_0.02,risk_coverage_auc,split_id|subject_id|session,15,0.34359697019422747,0.2683178051822442,0.43254601846546775
db10,db10_mixed_to_amputee,set_acsa_tau_0.02,risk_coverage_auc,split_id|subject_id|session,15,0.2660263173122156,0.15892307928451244,0.40423337624714434
db10,db10_mixed_to_amputee,set_acsa_tau_0.05,risk_coverage_auc,split_id|subject_id|session,15,0.3562924902536412,0.2532600601833434,0.4693074793841885
db10,db10_mixed_to_amputee,set_acsa_tau_0.05,risk_coverage_auc,split_id|subject_id|session,15,0.2277728013668188,0.12191434594796477,0.360970450152381
db10,db10_mixed_to_amputee,set_acsa_tau_0.05,risk_coverage_auc,split_id|subject_id|session,15,0.25354910737266523,0.15216540325416786,0.3860893852375507
db10,db10_mixed_to_amputee,set_acsa_tau_0.05,risk_coverage_auc,split_id|subject_id|session,1,0.9171585644433156,0.9171585644433156,0.9171585644433156
db10,db10_mixed_to_amputee,set_acsa_tau_0.05,risk_coverage_auc,split_id|subject_id|session,1,0.9142813738991796,0.9142813738991796,0.9142813738991796
db10,db10_mixed_to_amputee,set_acsa_tau_0.05,risk_coverage_auc,split_id|subject_id|session,15,0.2826665907484051,0.2123203707319665,0.3675253434807834
db10,db10_mixed_to_amputee,set_acsa_tau_0.05,risk_coverage_auc,split_id|subject_id|session,15,0.25354910737266523,0.15216540325416786,0.3860893852375507
db10,db10_mixed_to_amputee,set_acsa_tau_0.10,risk_coverage_auc,split_id|subject_id|session,15,0.2889895626457673,0.19003777910114608,0.40153320606509874
db10,db10_mixed_to_amputee,set_acsa_tau_0.10,risk_coverage_auc,split_id|subject_id|session,15,0.22225192714569625,0.11939908533308104,0.3496820538684632
db10,db10_mixed_to_amputee,set_acsa_tau_0.10,risk_coverage_auc,split_id|subject_id|session,15,0.2491061008525899,0.151921726691672,0.3738223055506187
db10,db10_mixed_to_amputee,set_acsa_tau_0.10,risk_coverage_auc,split_id|subject_id|session,1,0.9171585644433156,0.9171585644433156,0.9171585644433156
db10,db10_mixed_to_amputee,set_acsa_tau_0.10,risk_coverage_auc,split_id|subject_id|session,1,0.9142813738991796,0.9142813738991796,0.9142813738991796
db10,db10_mixed_to_amputee,set_acsa_tau_0.10,risk_coverage_auc,split_id|subject_id|session,15,0.24204950297579325,0.17525347949130202,0.318066487125314
db10,db10_mixed_to_amputee,set_acsa_tau_0.10,risk_coverage_auc,split_id|subject_id|session,15,0.2491061008525899,0.151921726691672,0.3738223055506187
db10,db10_mixed_to_amputee,set_acsa_tau_0.15,risk_coverage_auc,split_id|subject_id|session,15,0.23037732955871043,0.1597086852896552,0.30720513586333315
db10,db10_mixed_to_amputee,set_acsa_tau_0.15,risk_coverage_auc,split_id|subject_id|session,15,0.21883789723935815,0.11885204263123801,0.34446624280375426
db10,db10_mixed_to_amputee,set_acsa_tau_0.15,risk_coverage_auc,split_id|subject_id|session,15,0.24593525472706976,0.1511167724330204,0.3689218233032904
db10,db10_mixed_to_amputee,set_acsa_tau_0.15,risk_coverage_auc,split_id|subject_id|session,1,0.9171585644433156,0.9171585644433156,0.9171585644433156
db10,db10_mixed_to_amputee,set_acsa_tau_0.15,risk_coverage_auc,split_id|subject_id|session,1,0.9142813738991796,0.9142813738991796,0.9142813738991796
db10,db10_mixed_to_amputee,set_acsa_tau_0.15,risk_coverage_auc,split_id|subject_id|session,15,0.22338681824912598,0.15989621142811766,0.2924751485916408
db10,db10_mixed_to_amputee,set_acsa_tau_0.15,risk_coverage_auc,split_id|subject_id|session,15,0.24593525472706976,0.1511167724330204,0.3689218233032904
db10,db10_mixed_to_amputee,set_acsa_tau_0.20,risk_coverage_auc,split_id|subject_id|session,15,0.22809286448214236,0.15724913438986715,0.30457338572229314
db10,db10_mixed_to_amputee,set_acsa_tau_0.20,risk_coverage_auc,split_id|subject_id|session,15,0.21668279712501246,0.11874380268585284,0.34051151409085934
db10,db10_mixed_to_amputee,set_acsa_tau_0.20,risk_coverage_auc,split_id|subject_id|session,15,0.24414713566913157,0.15111204349877203,0.36574072373433475
db10,db10_mixed_to_amputee,set_acsa_tau_0.20,risk_coverage_auc,split_id|subject_id|session,1,0.9171585644433156,0.9171585644433156,0.9171585644433156
db10,db10_mixed_to_amputee,set_acsa_tau_0.20,risk_coverage_auc,split_id|subject_id|session,1,0.9142813738991796,0.9142813738991796,0.9142813738991796
db10,db10_mixed_to_amputee,set_acsa_tau_0.20,risk_coverage_auc,split_id|subject_id|session,15,0.21424865044720692,0.15331237612997392,0.27791835112335916
db10,db10_mixed_to_amputee,set_acsa_tau_0.20,risk_coverage_auc,split_id|subject_id|session,15,0.24414713566913157,0.15111204349877203,0.36574072373433475
db10,db10_mixed_to_amputee,user_only,risk_coverage_auc,split_id|subject_id|session,15,0.8054896365994911,0.7671967131114649,0.8453764897237921
db10,db10_mixed_to_amputee,user_only,risk_coverage_auc,split_id|subject_id|session,15,0.64890034235267,0.5602276983943356,0.7401007331671189
db10,db10_mixed_to_amputee,user_only,risk_coverage_auc,split_id|subject_id|session,15,0.64890034235267,0.5602276983943356,0.7401007331671189
db10,db10_mixed_to_amputee,user_only,risk_coverage_auc,split_id|subject_id|session,1,0.9171585644433156,0.9171585644433156,0.9171585644433156
db10,db10_mixed_to_amputee,user_only,risk_coverage_auc,split_id|subject_id|session,1,0.9142813738991796,0.9142813738991796,0.9142813738991796
db10,db10_mixed_to_amputee,user_only,risk_coverage_auc,split_id|subject_id|session,15,0.7781084348999989,0.7369750395505511,0.8166725288067003
db10,db10_mixed_to_amputee,user_only,risk_coverage_auc,split_id|subject_id|session,15,0.64890034235267,0.5602276983943356,0.7401007331671189
hyser,hyser_subject_logo,agency_margin_tau_0.02,active_macro_f1,split_id|subject_id|session|day,40,0.32714593240626355,0.296969921792974,0.35816779323222514
hyser,hyser_subject_logo,agency_margin_tau_0.02,active_macro_f1,split_id|subject_id|session|day,40,0.3268373206168011,0.2959761335955238,0.3582277580742307
hyser,hyser_subject_logo,agency_margin_tau_0.05,active_macro_f1,split_id|subject_id|session|day,40,0.3302474729988192,0.3000361884057542,0.36136150990381083
hyser,hyser_subject_logo,agency_margin_tau_0.05,active_macro_f1,split_id|subject_id|session|day,40,0.33037279289414584,0.29919426190534976,0.3617337460888408
hyser,hyser_subject_logo,agency_margin_tau_0.10,active_macro_f1,split_id|subject_id|session|day,40,0.3345784975504316,0.3046126758007053,0.3651373233142765
hyser,hyser_subject_logo,agency_margin_tau_0.10,active_macro_f1,split_id|subject_id|session|day,40,0.33486044278100074,0.30355427042760263,0.3665167892619049
hyser,hyser_subject_logo,agency_margin_tau_0.15,active_macro_f1,split_id|subject_id|session|day,40,0.3389063710339647,0.3084138891366317,0.36916554331660717
hyser,hyser_subject_logo,agency_margin_tau_0.15,active_macro_f1,split_id|subject_id|session|day,40,0.337167624026267,0.3061899799915208,0.36867493000321655
hyser,hyser_subject_logo,agency_margin_tau_0.20,active_macro_f1,split_id|subject_id|session|day,40,0.34226012628017005,0.3121771444942694,0.3724314287163923
hyser,hyser_subject_logo,agency_margin_tau_0.20,active_macro_f1,split_id|subject_id|session|day,40,0.33884366970022334,0.30683702411235364,0.3706657045537859
hyser,hyser_subject_logo,assist_only,active_macro_f1,split_id|subject_id|session|day,40,0.28788565970576085,0.26282328824699386,0.3125690664836387
hyser,hyser_subject_logo,assist_only,active_macro_f1,split_id|subject_id|session|day,40,0.3065390068073879,0.2750119698310376,0.3385563991150924
hyser,hyser_subject_logo,confidence_blend_alpha_0.25,active_macro_f1,split_id|subject_id|session|day,40,0.3405064241729857,0.3095670756993641,0.3711893171553355
hyser,hyser_subject_logo,confidence_blend_alpha_0.25,active_macro_f1,split_id|subject_id|session|day,40,0.3390333046265171,0.30758033681458996,0.37112115201121454
hyser,hyser_subject_logo,confidence_blend_alpha_0.50,active_macro_f1,split_id|subject_id|session|day,40,0.3579132005163251,0.3275651563815895,0.3888110689508895
hyser,hyser_subject_logo,confidence_blend_alpha_0.50,active_macro_f1,split_id|subject_id|session|day,40,0.3409494843308152,0.30706322626837185,0.37534110802334536
hyser,hyser_subject_logo,confidence_blend_alpha_0.75,active_macro_f1,split_id|subject_id|session|day,40,0.3466379121263309,0.3175843007005278,0.3753917266061197
hyser,hyser_subject_logo,confidence_blend_alpha_0.75,active_macro_f1,split_id|subject_id|session|day,40,0.3279023077049361,0.29385972791166215,0.36295234954865196
hyser,hyser_subject_logo,selective_prediction,active_macro_f1,split_id|subject_id|session|day,40,0.3285077614937895,0.2984293219172715,0.3586438617421961
hyser,hyser_subject_logo,selective_prediction,active_macro_f1,split_id|subject_id|session|day,40,0.32999950010148443,0.29939427464000956,0.3614609600934511
hyser,hyser_subject_logo,set_acsa_tau_0.02,active_macro_f1,split_id|subject_id|session|day,40,0.32678591726375705,0.2967673369720832,0.3578888546126775
hyser,hyser_subject_logo,set_acsa_tau_0.02,active_macro_f1,split_id|subject_id|session|day,40,0.32690223869320634,0.2961535756126176,0.3582564084106439
hyser,hyser_subject_logo,set_acsa_tau_0.05,active_macro_f1,split_id|subject_id|session|day,40,0.3295863051650411,0.29954317831541377,0.3608056898509633
hyser,hyser_subject_logo,set_acsa_tau_0.05,active_macro_f1,split_id|subject_id|session|day,40,0.32978759322454476,0.2987857320364077,0.36172980163211355
hyser,hyser_subject_logo,set_acsa_tau_0.10,active_macro_f1,split_id|subject_id|session|day,40,0.3337534885434635,0.30380579766690613,0.3643026189553836
hyser,hyser_subject_logo,set_acsa_tau_0.10,active_macro_f1,split_id|subject_id|session|day,40,0.3342348487914097,0.30272210503964714,0.3667031365399366
hyser,hyser_subject_logo,set_acsa_tau_0.15,active_macro_f1,split_id|subject_id|session|day,40,0.33869165379480715,0.30813306281483954,0.3688488157247359
hyser,hyser_subject_logo,set_acsa_tau_0.15,active_macro_f1,split_id|subject_id|session|day,40,0.33711262509207784,0.30615868099414895,0.368872255452672
hyser,hyser_subject_logo,set_acsa_tau_0.20,active_macro_f1,split_id|subject_id|session|day,40,0.34207003845690986,0.31199675665176213,0.372124737847684
hyser,hyser_subject_logo,set_acsa_tau_0.20,active_macro_f1,split_id|subject_id|session|day,40,0.33880976145102587,0.3070820051202043,0.37079166380687356
hyser,hyser_subject_logo,user_only,active_macro_f1,split_id|subject_id|session|day,40,0.3250553611607254,0.29470201350339276,0.3562328273807886
hyser,hyser_subject_logo,user_only,active_macro_f1,split_id|subject_id|session|day,40,0.3250553611607254,0.29470201350339276,0.3562328273807886
hyser,hyser_subject_logo,agency_margin_tau_0.02,active_risk_coverage_auc,split_id|subject_id|session|day,40,0.45813486386515356,0.4172467606049649,0.5019796752178405
hyser,hyser_subject_logo,agency_margin_tau_0.02,active_risk_coverage_auc,split_id|subject_id|session|day,40,0.4540858195882597,0.4104533009386611,0.501184335713043
hyser,hyser_subject_logo,agency_margin_tau_0.05,active_risk_coverage_auc,split_id|subject_id|session|day,40,0.45642811870923694,0.41586569212144187,0.500010314986066
hyser,hyser_subject_logo,agency_margin_tau_0.05,active_risk_coverage_auc,split_id|subject_id|session|day,40,0.45249141128804615,0.408488156097551,0.49987545303160646
hyser,hyser_subject_logo,agency_margin_tau_0.10,active_risk_coverage_auc,split_id|subject_id|session|day,40,0.4538516581879416,0.4134005930839109,0.4973323312278075
hyser,hyser_subject_logo,agency_margin_tau_0.10,active_risk_coverage_auc,split_id|subject_id|session|day,40,0.4512372540753688,0.4070099140329562,0.49864896435383776
hyser,hyser_subject_logo,agency_margin_tau_0.15,active_risk_coverage_auc,split_id|subject_id|session|day,40,0.45154094938648887,0.4104916160631523,0.49526452454065734
hyser,hyser_subject_logo,agency_margin_tau_0.15,active_risk_coverage_auc,split_id|subject_id|session|day,40,0.45044618513436685,0.40611948745681015,0.49749176110695
hyser,hyser_subject_logo,agency_margin_tau_0.20,active_risk_coverage_auc,split_id|subject_id|session|day,40,0.4502130974978077,0.4098316172225651,0.4943405243378567
hyser,hyser_subject_logo,agency_margin_tau_0.20,active_risk_coverage_auc,split_id|subject_id|session|day,40,0.4504597280478114,0.4059327344456183,0.4976545486365204
hyser,hyser_subject_logo,assist_only,active_risk_coverage_auc,split_id|subject_id|session|day,40,0.5144010069993008,0.4832857426592347,0.5482290681627948
hyser,hyser_subject_logo,assist_only,active_risk_coverage_auc,split_id|subject_id|session|day,40,0.494999507134566,0.448104459407069,0.5427867694125643
hyser,hyser_subject_logo,confidence_blend_alpha_0.25,active_risk_coverage_auc,split_id|subject_id|session|day,40,0.44442203616719517,0.40425141759059496,0.4882086795483303
hyser,hyser_subject_logo,confidence_blend_alpha_0.25,active_risk_coverage_auc,split_id|subject_id|session|day,40,0.4463614646501394,0.40166307076556795,0.4926691395818338
hyser,hyser_subject_logo,confidence_blend_alpha_0.50,active_risk_coverage_auc,split_id|subject_id|session|day,40,0.42510809110393843,0.38714648597565793,0.46561182421801073
hyser,hyser_subject_logo,confidence_blend_alpha_0.50,active_risk_coverage_auc,split_id|subject_id|session|day,40,0.4429078353201767,0.396917506528652,0.48896325095865545
hyser,hyser_subject_logo,confidence_blend_alpha_0.75,active_risk_coverage_auc,split_id|subject_id|session|day,40,0.4454165462373517,0.4125016577266267,0.4838259031246144
hyser,hyser_subject_logo,confidence_blend_alpha_0.75,active_risk_coverage_auc,split_id|subject_id|session|day,40,0.4636451280606913,0.4165753278036336,0.5119369676973528
hyser,hyser_subject_logo,selective_prediction,active_risk_coverage_auc,split_id|subject_id|session|day,40,0.4598581544183272,0.4188937247898749,0.503309087495739
hyser,hyser_subject_logo,selective_prediction,active_risk_coverage_auc,split_id|subject_id|session|day,40,0.4641590915436572,0.4195699818936226,0.510487824468075
hyser,hyser_subject_logo,set_acsa_tau_0.02,active_risk_coverage_auc,split_id|subject_id|session|day,40,0.4582625751783772,0.417364463763713,0.5020666850716488
hyser,hyser_subject_logo,set_acsa_tau_0.02,active_risk_coverage_auc,split_id|subject_id|session|day,40,0.4542460776749587,0.41056311446144783,0.5014269899489013
hyser,hyser_subject_logo,set_acsa_tau_0.05,active_risk_coverage_auc,split_id|subject_id|session|day,40,0.45658995197425717,0.4159931230941062,0.5001411985346363
hyser,hyser_subject_logo,set_acsa_tau_0.05,active_risk_coverage_auc,split_id|subject_id|session|day,40,0.45275874718977616,0.4087120093196406,0.5001070185999726
hyser,hyser_subject_logo,set_acsa_tau_0.10,active_risk_coverage_auc,split_id|subject_id|session|day,40,0.4539826520190742,0.41354488041961246,0.4975030601356232
hyser,hyser_subject_logo,set_acsa_tau_0.10,active_risk_coverage_auc,split_id|subject_id|session|day,40,0.45143962782747993,0.40724453192089144,0.4988943654984257
hyser,hyser_subject_logo,set_acsa_tau_0.15,active_risk_coverage_auc,split_id|subject_id|session|day,40,0.4515789824916454,0.4105331286022574,0.4953545079278765
hyser,hyser_subject_logo,set_acsa_tau_0.15,active_risk_coverage_auc,split_id|subject_id|session|day,40,0.4505018498081467,0.4062144609830039,0.49758259071452327
hyser,hyser_subject_logo,set_acsa_tau_0.20,active_risk_coverage_auc,split_id|subject_id|session|day,40,0.4502397731047475,0.4098192210300964,0.4944213501531708
hyser,hyser_subject_logo,set_acsa_tau_0.20,active_risk_coverage_auc,split_id|subject_id|session|day,40,0.45048886323740084,0.40594692737829113,0.4977905723554367
hyser,hyser_subject_logo,user_only,active_risk_coverage_auc,split_id|subject_id|session|day,40,0.46725360563182416,0.4248560575720488,0.5116798577975112
hyser,hyser_subject_logo,user_only,active_risk_coverage_auc,split_id|subject_id|session|day,40,0.46725360563182416,0.4248560575720488,0.5116798577975112
hyser,hyser_subject_logo,agency_margin_tau_0.02,balanced_accuracy,split_id|subject_id|session|day,40,0.3530220588235294,0.32289375,0.38381243872549015
hyser,hyser_subject_logo,agency_margin_tau_0.02,balanced_accuracy,split_id|subject_id|session|day,40,0.3532647058823529,0.3228145220588235,0.38407892156862744
hyser,hyser_subject_logo,agency_margin_tau_0.05,balanced_accuracy,split_id|subject_id|session|day,40,0.3562549019607843,0.32638394607843135,0.3867512867647059
hyser,hyser_subject_logo,agency_margin_tau_0.05,balanced_accuracy,split_id|subject_id|session|day,40,0.35685294117647054,0.32630073529411757,0.38774546568627444
hyser,hyser_subject_logo,agency_margin_tau_0.10,balanced_accuracy,split_id|subject_id|session|day,40,0.360828431372549,0.3316228553921569,0.3903868872549019
hyser,hyser_subject_logo,agency_margin_tau_0.10,balanced_accuracy,split_id|subject_id|session|day,40,0.36104901960784314,0.33050428921568625,0.3923161764705882
hyser,hyser_subject_logo,agency_margin_tau_0.15,balanced_accuracy,split_id|subject_id|session|day,40,0.3648112745098039,0.33580992647058827,0.39389914215686267
hyser,hyser_subject_logo,agency_margin_tau_0.15,balanced_accuracy,split_id|subject_id|session|day,40,0.3638897058823529,0.3338080882352941,0.3948314338235294
hyser,hyser_subject_logo,agency_margin_tau_0.20,balanced_accuracy,split_id|subject_id|session|day,40,0.36765931372549016,0.33905398284313726,0.397106556372549
hyser,hyser_subject_logo,agency_margin_tau_0.20,balanced_accuracy,split_id|subject_id|session|day,40,0.36556372549019606,0.33501390931372543,0.39676838235294115
hyser,hyser_subject_logo,assist_only,balanced_accuracy,split_id|subject_id|session|day,40,0.3183921568627451,0.29461703431372543,0.3420666666666667
hyser,hyser_subject_logo,assist_only,balanced_accuracy,split_id|subject_id|session|day,40,0.33237009803921563,0.3007763480392157,0.3638113357843137
hyser,hyser_subject_logo,confidence_blend_alpha_0.25,balanced_accuracy,split_id|subject_id|session|day,40,0.3666053921568627,0.3371990808823529,0.3963691789215686
hyser,hyser_subject_logo,confidence_blend_alpha_0.25,balanced_accuracy,split_id|subject_id|session|day,40,0.36593627450980387,0.33432977941176467,0.39723596813725487
hyser,hyser_subject_logo,confidence_blend_alpha_0.50,balanced_accuracy,split_id|subject_id|session|day,40,0.3847230392156863,0.3554026348039216,0.4132832107843137
hyser,hyser_subject_logo,confidence_blend_alpha_0.50,balanced_accuracy,split_id|subject_id|session|day,40,0.368735294117647,0.33552953431372545,0.40233131127450983
hyser,hyser_subject_logo,confidence_blend_alpha_0.75,balanced_accuracy,split_id|subject_id|session|day,40,0.37526715686274503,0.3479882352941176,0.4019575980392157
hyser,hyser_subject_logo,confidence_blend_alpha_0.75,balanced_accuracy,split_id|subject_id|session|day,40,0.3569240196078431,0.3233593137254902,0.3906139093137254
hyser,hyser_subject_logo,selective_prediction,balanced_accuracy,split_id|subject_id|session|day,40,0.3543374183006536,0.3246722426470588,0.3845023284313725
hyser,hyser_subject_logo,selective_prediction,balanced_accuracy,split_id|subject_id|session|day,40,0.35576470588235287,0.3246105187908496,0.38672091503267975
hyser,hyser_subject_logo,set_acsa_tau_0.02,balanced_accuracy,split_id|subject_id|session|day,40,0.35272794117647055,0.3225261029411764,0.383477818627451
hyser,hyser_subject_logo,set_acsa_tau_0.02,balanced_accuracy,split_id|subject_id|session|day,40,0.3532328431372549,0.3227910539215686,0.38418860294117646
hyser,hyser_subject_logo,set_acsa_tau_0.05,balanced_accuracy,split_id|subject_id|session|day,40,0.35559313725490194,0.32568713235294117,0.38613854166666667
hyser,hyser_subject_logo,set_acsa_tau_0.05,balanced_accuracy,split_id|subject_id|session|day,40,0.3562279411764705,0.32565251225490194,0.3874012867647058
hyser,hyser_subject_logo,set_acsa_tau_0.10,balanced_accuracy,split_id|subject_id|session|day,40,0.3599705882352941,0.33064491421568626,0.38927573529411763
hyser,hyser_subject_logo,set_acsa_tau_0.10,balanced_accuracy,split_id|subject_id|session|day,40,0.3604779411764706,0.3298421568627451,0.39184583333333334
hyser,hyser_subject_logo,set_acsa_tau_0.15,balanced_accuracy,split_id|subject_id|session|day,40,0.36448774509803916,0.33539595588235294,0.3936880514705882
hyser,hyser_subject_logo,set_acsa_tau_0.15,balanced_accuracy,split_id|subject_id|session|day,40,0.3637671568627451,0.33346783088235293,0.3948071078431372
hyser,hyser_subject_logo,set_acsa_tau_0.20,balanced_accuracy,split_id|subject_id|session|day,40,0.3674828431372548,0.3388358455882353,0.39700410539215686
hyser,hyser_subject_logo,set_acsa_tau_0.20,balanced_accuracy,split_id|subject_id|session|day,40,0.3655024509803922,0.334794669117647,0.39657873774509805
hyser,hyser_subject_logo,user_only,balanced_accuracy,split_id|subject_id|session|day,40,0.35099754901960784,0.3206379901960784,0.38190551470588224
hyser,hyser_subject_logo,user_only,balanced_accuracy,split_id|subject_id|session|day,40,0.35099754901960784,0.3206379901960784,0.38190551470588224
hyser,hyser_subject_logo,agency_margin_tau_0.02,ece,split_id|subject_id|session|day,40,0.14946449424606595,0.13273730384873045,0.16905154862084196
hyser,hyser_subject_logo,agency_margin_tau_0.02,ece,split_id|subject_id|session|day,40,0.2096114587940643,0.1877414684279052,0.23325500798447774
hyser,hyser_subject_logo,agency_margin_tau_0.05,ece,split_id|subject_id|session|day,40,0.1479368002219526,0.13110004382566828,0.1680708460521799
hyser,hyser_subject_logo,agency_margin_tau_0.05,ece,split_id|subject_id|session|day,40,0.2090472759466023,0.18622830569818846,0.23385309356634776
hyser,hyser_subject_logo,agency_margin_tau_0.10,ece,split_id|subject_id|session|day,40,0.1430225627809302,0.1252632456490701,0.16314400707652735
hyser,hyser_subject_logo,agency_margin_tau_0.10,ece,split_id|subject_id|session|day,40,0.2086064747640788,0.18500142836724318,0.23445671409332206
hyser,hyser_subject_logo,agency_margin_tau_0.15,ece,split_id|subject_id|session|day,40,0.13662170870000026,0.11830914805577672,0.15689930421657616
hyser,hyser_subject_logo,agency_margin_tau_0.15,ece,split_id|subject_id|session|day,40,0.20396251223952655,0.1790914597914934,0.230454677160685
hyser,hyser_subject_logo,agency_margin_tau_0.20,ece,split_id|subject_id|session|day,40,0.12901839813678992,0.11150714852284907,0.14877107620052282
hyser,hyser_subject_logo,agency_margin_tau_0.20,ece,split_id|subject_id|session|day,40,0.1972214285279999,0.17237324742067894,0.22328972533599986
hyser,hyser_subject_logo,assist_only,ece,split_id|subject_id|session|day,40,0.07084228683625016,0.06320761491005424,0.07951486063539023
hyser,hyser_subject_logo,assist_only,ece,split_id|subject_id|session|day,40,0.12694486740327782,0.10930954647006601,0.14602702895825104
hyser,hyser_subject_logo,confidence_blend_alpha_0.25,ece,split_id|subject_id|session|day,40,0.08817309891552919,0.07521455780867672,0.10179990119997898
hyser,hyser_subject_logo,confidence_blend_alpha_0.25,ece,split_id|subject_id|session|day,40,0.09284688089391316,0.07759971929895211,0.1095465165652127
hyser,hyser_subject_logo,confidence_blend_alpha_0.50,ece,split_id|subject_id|session|day,40,0.10037709802784618,0.08691905014219273,0.11558946478747026
hyser,hyser_subject_logo,confidence_blend_alpha_0.50,ece,split_id|subject_id|session|day,40,0.0925093900817225,0.0779451961175579,0.10768574261572891
hyser,hyser_subject_logo,confidence_blend_alpha_0.75,ece,split_id|subject_id|session|day,40,0.10694204722089998,0.09165008552945937,0.12323589824196908
hyser,hyser_subject_logo,confidence_blend_alpha_0.75,ece,split_id|subject_id|session|day,40,0.10441878906791732,0.09017325518591505,0.11995960244998678
hyser,hyser_subject_logo,selective_prediction,ece,split_id|subject_id|session|day,40,0.10758419361243428,0.09003423726216164,0.12747151980526916
hyser,hyser_subject_logo,selective_prediction,ece,split_id|subject_id|session|day,40,0.12375463161863018,0.10345536862431046,0.1448073549684139
hyser,hyser_subject_logo,set_acsa_tau_0.02,ece,split_id|subject_id|session|day,40,0.1128821989886664,0.09568269707392149,0.1325884863402459
hyser,hyser_subject_logo,set_acsa_tau_0.02,ece,split_id|subject_id|session|day,40,0.1325497328155131,0.11268822475456058,0.15424451125296243
hyser,hyser_subject_logo,set_acsa_tau_0.05,ece,split_id|subject_id|session|day,40,0.11193238961652344,0.0947091008692383,0.1311758544747953
hyser,hyser_subject_logo,set_acsa_tau_0.05,ece,split_id|subject_id|session|day,40,0.13395143894965958,0.11354503178831152,0.15628098083346725
hyser,hyser_subject_logo,set_acsa_tau_0.10,ece,split_id|subject_id|session|day,40,0.11063014940963305,0.09371927589331416,0.1296687238972175
hyser,hyser_subject_logo,set_acsa_tau_0.10,ece,split_id|subject_id|session|day,40,0.13775087229414978,0.11702248267385411,0.15997034644089297
hyser,hyser_subject_logo,set_acsa_tau_0.15,ece,split_id|subject_id|session|day,40,0.10997038264078869,0.09330012805982574,0.1288125538675591
hyser,hyser_subject_logo,set_acsa_tau_0.15,ece,split_id|subject_id|session|day,40,0.14097660941702964,0.11936988029832607,0.16310254360610718
hyser,hyser_subject_logo,set_acsa_tau_0.20,ece,split_id|subject_id|session|day,40,0.10962799551520049,0.09297013818643145,0.12809752068523858
hyser,hyser_subject_logo,set_acsa_tau_0.20,ece,split_id|subject_id|session|day,40,0.14491947083626097,0.12288767851360337,0.1678823494175381
hyser,hyser_subject_logo,user_only,ece,split_id|subject_id|session|day,40,0.10714334436255393,0.08876893350587145,0.1275727775744174
hyser,hyser_subject_logo,user_only,ece,split_id|subject_id|session|day,40,0.10714334436255393,0.08876893350587145,0.1275727775744174
hyser,hyser_subject_logo,agency_margin_tau_0.02,macro_f1,split_id|subject_id|session|day,40,0.32714593240626355,0.296969921792974,0.35816779323222514
hyser,hyser_subject_logo,agency_margin_tau_0.02,macro_f1,split_id|subject_id|session|day,40,0.3268373206168011,0.2959761335955238,0.3582277580742307
hyser,hyser_subject_logo,agency_margin_tau_0.05,macro_f1,split_id|subject_id|session|day,40,0.3302474729988192,0.3000361884057542,0.36136150990381083
hyser,hyser_subject_logo,agency_margin_tau_0.05,macro_f1,split_id|subject_id|session|day,40,0.33037279289414584,0.29919426190534976,0.3617337460888408
hyser,hyser_subject_logo,agency_margin_tau_0.10,macro_f1,split_id|subject_id|session|day,40,0.3345784975504316,0.3046126758007053,0.3651373233142765
hyser,hyser_subject_logo,agency_margin_tau_0.10,macro_f1,split_id|subject_id|session|day,40,0.33486044278100074,0.30355427042760263,0.3665167892619049
hyser,hyser_subject_logo,agency_margin_tau_0.15,macro_f1,split_id|subject_id|session|day,40,0.3389063710339647,0.3084138891366317,0.36916554331660717
hyser,hyser_subject_logo,agency_margin_tau_0.15,macro_f1,split_id|subject_id|session|day,40,0.337167624026267,0.3061899799915208,0.36867493000321655
hyser,hyser_subject_logo,agency_margin_tau_0.20,macro_f1,split_id|subject_id|session|day,40,0.34226012628017005,0.3121771444942694,0.3724314287163923
hyser,hyser_subject_logo,agency_margin_tau_0.20,macro_f1,split_id|subject_id|session|day,40,0.33884366970022334,0.30683702411235364,0.3706657045537859
hyser,hyser_subject_logo,assist_only,macro_f1,split_id|subject_id|session|day,40,0.28788565970576085,0.26282328824699386,0.3125690664836387
hyser,hyser_subject_logo,assist_only,macro_f1,split_id|subject_id|session|day,40,0.3065390068073879,0.2750119698310376,0.3385563991150924
hyser,hyser_subject_logo,confidence_blend_alpha_0.25,macro_f1,split_id|subject_id|session|day,40,0.3405064241729857,0.3095670756993641,0.3711893171553355
hyser,hyser_subject_logo,confidence_blend_alpha_0.25,macro_f1,split_id|subject_id|session|day,40,0.3390333046265171,0.30758033681458996,0.37112115201121454
hyser,hyser_subject_logo,confidence_blend_alpha_0.50,macro_f1,split_id|subject_id|session|day,40,0.3579132005163251,0.3275651563815895,0.3888110689508895
hyser,hyser_subject_logo,confidence_blend_alpha_0.50,macro_f1,split_id|subject_id|session|day,40,0.3409494843308152,0.30706322626837185,0.37534110802334536
hyser,hyser_subject_logo,confidence_blend_alpha_0.75,macro_f1,split_id|subject_id|session|day,40,0.3466379121263309,0.3175843007005278,0.3753917266061197
hyser,hyser_subject_logo,confidence_blend_alpha_0.75,macro_f1,split_id|subject_id|session|day,40,0.3279023077049361,0.29385972791166215,0.36295234954865196
hyser,hyser_subject_logo,selective_prediction,macro_f1,split_id|subject_id|session|day,40,0.3285077614937895,0.2984293219172715,0.3586438617421961
hyser,hyser_subject_logo,selective_prediction,macro_f1,split_id|subject_id|session|day,40,0.32999950010148443,0.29939427464000956,0.3614609600934511
hyser,hyser_subject_logo,set_acsa_tau_0.02,macro_f1,split_id|subject_id|session|day,40,0.32678591726375705,0.2967673369720832,0.3578888546126775
hyser,hyser_subject_logo,set_acsa_tau_0.02,macro_f1,split_id|subject_id|session|day,40,0.32690223869320634,0.2961535756126176,0.3582564084106439
hyser,hyser_subject_logo,set_acsa_tau_0.05,macro_f1,split_id|subject_id|session|day,40,0.3295863051650411,0.29954317831541377,0.3608056898509633
hyser,hyser_subject_logo,set_acsa_tau_0.05,macro_f1,split_id|subject_id|session|day,40,0.32978759322454476,0.2987857320364077,0.36172980163211355
hyser,hyser_subject_logo,set_acsa_tau_0.10,macro_f1,split_id|subject_id|session|day,40,0.3337534885434635,0.30380579766690613,0.3643026189553836
hyser,hyser_subject_logo,set_acsa_tau_0.10,macro_f1,split_id|subject_id|session|day,40,0.3342348487914097,0.30272210503964714,0.3667031365399366
hyser,hyser_subject_logo,set_acsa_tau_0.15,macro_f1,split_id|subject_id|session|day,40,0.33869165379480715,0.30813306281483954,0.3688488157247359
hyser,hyser_subject_logo,set_acsa_tau_0.15,macro_f1,split_id|subject_id|session|day,40,0.33711262509207784,0.30615868099414895,0.368872255452672
hyser,hyser_subject_logo,set_acsa_tau_0.20,macro_f1,split_id|subject_id|session|day,40,0.34207003845690986,0.31199675665176213,0.372124737847684
hyser,hyser_subject_logo,set_acsa_tau_0.20,macro_f1,split_id|subject_id|session|day,40,0.33880976145102587,0.3070820051202043,0.37079166380687356
hyser,hyser_subject_logo,user_only,macro_f1,split_id|subject_id|session|day,40,0.3250553611607254,0.29470201350339276,0.3562328273807886
hyser,hyser_subject_logo,user_only,macro_f1,split_id|subject_id|session|day,40,0.3250553611607254,0.29470201350339276,0.3562328273807886
hyser,hyser_subject_logo,agency_margin_tau_0.02,mean_ali,split_id|subject_id|session|day,40,0.0001224735526014491,0.0001050915108886617,0.00013981213407990273
hyser,hyser_subject_logo,agency_margin_tau_0.02,mean_ali,split_id|subject_id|session|day,40,0.00015874238233087802,0.00014363386638566338,0.00017257443190948056
hyser,hyser_subject_logo,agency_margin_tau_0.05,mean_ali,split_id|subject_id|session|day,40,0.0007791123847097051,0.0006814816221488036,0.0008737181909621412
hyser,hyser_subject_logo,agency_margin_tau_0.05,mean_ali,split_id|subject_id|session|day,40,0.0010315659010950574,0.0009511678470664523,0.0011100871949446245
hyser,hyser_subject_logo,agency_margin_tau_0.10,mean_ali,split_id|subject_id|session|day,40,0.0033792007705516075,0.0030276991436838808,0.003705532324468777
hyser,hyser_subject_logo,agency_margin_tau_0.10,mean_ali,split_id|subject_id|session|day,40,0.0042184954770122796,0.003917043464546636,0.004501954609659061
hyser,hyser_subject_logo,agency_margin_tau_0.15,mean_ali,split_id|subject_id|session|day,40,0.007753149390674174,0.00702568433317519,0.008432455952005832
hyser,hyser_subject_logo,agency_margin_tau_0.15,mean_ali,split_id|subject_id|session|day,40,0.00922976385124229,0.008520797614972837,0.009925365874520278
hyser,hyser_subject_logo,agency_margin_tau_0.20,mean_ali,split_id|subject_id|session|day,40,0.012382446515824186,0.011327835499630304,0.013352504834448947
hyser,hyser_subject_logo,agency_margin_tau_0.20,mean_ali,split_id|subject_id|session|day,40,0.015348801885641816,0.014011352409408628,0.01667706062450718
hyser,hyser_subject_logo,assist_only,mean_ali,split_id|subject_id|session|day,40,0.19744207471072822,0.18411036476489354,0.2117448362359519
hyser,hyser_subject_logo,assist_only,mean_ali,split_id|subject_id|session|day,40,0.1414914961692381,0.1293964502800109,0.1555751226094656
hyser,hyser_subject_logo,confidence_blend_alpha_0.25,mean_ali,split_id|subject_id|session|day,40,0.003416871407749375,0.0029947148507545513,0.0038598628725077153
hyser,hyser_subject_logo,confidence_blend_alpha_0.25,mean_ali,split_id|subject_id|session|day,40,0.006852010280472376,0.006058330399924599,0.00763700618408417
hyser,hyser_subject_logo,confidence_blend_alpha_0.50,mean_ali,split_id|subject_id|session|day,40,0.027299494587271357,0.025087752285464386,0.02944589030241029
hyser,hyser_subject_logo,confidence_blend_alpha_0.50,mean_ali,split_id|subject_id|session|day,40,0.03852765869473818,0.03416275504826329,0.04322085848023903
hyser,hyser_subject_logo,confidence_blend_alpha_0.75,mean_ali,split_id|subject_id|session|day,40,0.10077019305016291,0.0934702013163532,0.10838041333362516
hyser,hyser_subject_logo,confidence_blend_alpha_0.75,mean_ali,split_id|subject_id|session|day,40,0.0873867084916875,0.07738497136468456,0.09815365937807652
hyser,hyser_subject_logo,selective_prediction,mean_ali,split_id|subject_id|session|day,40,0.0017551054825308335,0.0012732025046291021,0.002240401693792617
hyser,hyser_subject_logo,selective_prediction,mean_ali,split_id|subject_id|session|day,40,0.00679102020957457,0.0056218312928125475,0.008097240175598073
hyser,hyser_subject_logo,set_acsa_tau_0.02,mean_ali,split_id|subject_id|session|day,40,0.00010081256630121501,8.626965239346063e-05,0.00011555196179192696
hyser,hyser_subject_logo,set_acsa_tau_0.02,mean_ali,split_id|subject_id|session|day,40,0.00013329035392714656,0.00011983142343962452,0.00014677671433654732
hyser,hyser_subject_logo,set_acsa_tau_0.05,mean_ali,split_id|subject_id|session|day,40,0.0006859914473244724,0.0005943021346199941,0.0007778146579541163
hyser,hyser_subject_logo,set_acsa_tau_0.05,mean_ali,split_id|subject_id|session|day,40,0.0009060931079434075,0.0008360371384426517,0.0009714080707880475
hyser,hyser_subject_logo,set_acsa_tau_0.10,mean_ali,split_id|subject_id|session|day,40,0.0031852692181698326,0.002836912325465406,0.003518464826667391
hyser,hyser_subject_logo,set_acsa_tau_0.10,mean_ali,split_id|subject_id|session|day,40,0.003942359406203062,0.0036653291264159868,0.004201356423005703
hyser,hyser_subject_logo,set_acsa_tau_0.15,mean_ali,split_id|subject_id|session|day,40,0.00762331223826448,0.00690693322086086,0.008288114952907093
hyser,hyser_subject_logo,set_acsa_tau_0.15,mean_ali,split_id|subject_id|session|day,40,0.008910756517309836,0.008247610643203056,0.009566561804993485
hyser,hyser_subject_logo,set_acsa_tau_0.20,mean_ali,split_id|subject_id|session|day,40,0.012328540887984622,0.011289840881746716,0.013318764327019589
hyser,hyser_subject_logo,set_acsa_tau_0.20,mean_ali,split_id|subject_id|session|day,40,0.015119281458953268,0.013830213242196649,0.016401471132934088
hyser,hyser_subject_logo,user_only,mean_ali,split_id|subject_id|session|day,40,0.0,0.0,0.0
hyser,hyser_subject_logo,user_only,mean_ali,split_id|subject_id|session|day,40,0.0,0.0,0.0
hyser,hyser_subject_logo,agency_margin_tau_0.02,risk_coverage_auc,split_id|subject_id|session|day,40,0.45813486386515356,0.4172467606049649,0.5019796752178405
hyser,hyser_subject_logo,agency_margin_tau_0.02,risk_coverage_auc,split_id|subject_id|session|day,40,0.4540858195882597,0.4104533009386611,0.501184335713043
hyser,hyser_subject_logo,agency_margin_tau_0.05,risk_coverage_auc,split_id|subject_id|session|day,40,0.45642811870923694,0.41586569212144187,0.500010314986066
hyser,hyser_subject_logo,agency_margin_tau_0.05,risk_coverage_auc,split_id|subject_id|session|day,40,0.45249141128804615,0.408488156097551,0.49987545303160646
hyser,hyser_subject_logo,agency_margin_tau_0.10,risk_coverage_auc,split_id|subject_id|session|day,40,0.4538516581879416,0.4134005930839109,0.4973323312278075
hyser,hyser_subject_logo,agency_margin_tau_0.10,risk_coverage_auc,split_id|subject_id|session|day,40,0.4512372540753688,0.4070099140329562,0.49864896435383776
hyser,hyser_subject_logo,agency_margin_tau_0.15,risk_coverage_auc,split_id|subject_id|session|day,40,0.45154094938648887,0.4104916160631523,0.49526452454065734
hyser,hyser_subject_logo,agency_margin_tau_0.15,risk_coverage_auc,split_id|subject_id|session|day,40,0.45044618513436685,0.40611948745681015,0.49749176110695
hyser,hyser_subject_logo,agency_margin_tau_0.20,risk_coverage_auc,split_id|subject_id|session|day,40,0.4502130974978077,0.4098316172225651,0.4943405243378567
hyser,hyser_subject_logo,agency_margin_tau_0.20,risk_coverage_auc,split_id|subject_id|session|day,40,0.4504597280478114,0.4059327344456183,0.4976545486365204
hyser,hyser_subject_logo,assist_only,risk_coverage_auc,split_id|subject_id|session|day,40,0.5144010069993008,0.4832857426592347,0.5482290681627948
hyser,hyser_subject_logo,assist_only,risk_coverage_auc,split_id|subject_id|session|day,40,0.494999507134566,0.448104459407069,0.5427867694125643
hyser,hyser_subject_logo,confidence_blend_alpha_0.25,risk_coverage_auc,split_id|subject_id|session|day,40,0.44442203616719517,0.40425141759059496,0.4882086795483303
hyser,hyser_subject_logo,confidence_blend_alpha_0.25,risk_coverage_auc,split_id|subject_id|session|day,40,0.4463614646501394,0.40166307076556795,0.4926691395818338
hyser,hyser_subject_logo,confidence_blend_alpha_0.50,risk_coverage_auc,split_id|subject_id|session|day,40,0.42510809110393843,0.38714648597565793,0.46561182421801073
hyser,hyser_subject_logo,confidence_blend_alpha_0.50,risk_coverage_auc,split_id|subject_id|session|day,40,0.4429078353201767,0.396917506528652,0.48896325095865545
hyser,hyser_subject_logo,confidence_blend_alpha_0.75,risk_coverage_auc,split_id|subject_id|session|day,40,0.4454165462373517,0.4125016577266267,0.4838259031246144
hyser,hyser_subject_logo,confidence_blend_alpha_0.75,risk_coverage_auc,split_id|subject_id|session|day,40,0.4636451280606913,0.4165753278036336,0.5119369676973528
hyser,hyser_subject_logo,selective_prediction,risk_coverage_auc,split_id|subject_id|session|day,40,0.4598581544183272,0.4188937247898749,0.503309087495739
hyser,hyser_subject_logo,selective_prediction,risk_coverage_auc,split_id|subject_id|session|day,40,0.4641590915436572,0.4195699818936226,0.510487824468075
hyser,hyser_subject_logo,set_acsa_tau_0.02,risk_coverage_auc,split_id|subject_id|session|day,40,0.4582625751783772,0.417364463763713,0.5020666850716488
hyser,hyser_subject_logo,set_acsa_tau_0.02,risk_coverage_auc,split_id|subject_id|session|day,40,0.4542460776749587,0.41056311446144783,0.5014269899489013
hyser,hyser_subject_logo,set_acsa_tau_0.05,risk_coverage_auc,split_id|subject_id|session|day,40,0.45658995197425717,0.4159931230941062,0.5001411985346363
hyser,hyser_subject_logo,set_acsa_tau_0.05,risk_coverage_auc,split_id|subject_id|session|day,40,0.45275874718977616,0.4087120093196406,0.5001070185999726
hyser,hyser_subject_logo,set_acsa_tau_0.10,risk_coverage_auc,split_id|subject_id|session|day,40,0.4539826520190742,0.41354488041961246,0.4975030601356232
hyser,hyser_subject_logo,set_acsa_tau_0.10,risk_coverage_auc,split_id|subject_id|session|day,40,0.45143962782747993,0.40724453192089144,0.4988943654984257
hyser,hyser_subject_logo,set_acsa_tau_0.15,risk_coverage_auc,split_id|subject_id|session|day,40,0.4515789824916454,0.4105331286022574,0.4953545079278765
hyser,hyser_subject_logo,set_acsa_tau_0.15,risk_coverage_auc,split_id|subject_id|session|day,40,0.4505018498081467,0.4062144609830039,0.49758259071452327
hyser,hyser_subject_logo,set_acsa_tau_0.20,risk_coverage_auc,split_id|subject_id|session|day,40,0.4502397731047475,0.4098192210300964,0.4944213501531708
hyser,hyser_subject_logo,set_acsa_tau_0.20,risk_coverage_auc,split_id|subject_id|session|day,40,0.45048886323740084,0.40594692737829113,0.4977905723554367
hyser,hyser_subject_logo,user_only,risk_coverage_auc,split_id|subject_id|session|day,40,0.46725360563182416,0.4248560575720488,0.5116798577975112
hyser,hyser_subject_logo,user_only,risk_coverage_auc,split_id|subject_id|session|day,40,0.46725360563182416,0.4248560575720488,0.5116798577975112
hyser,hyser_within_subject_dayshift,agency_margin_tau_0.02,active_macro_f1,split_id|subject_id|session|day,20,0.39208957316791476,0.3465546615357114,0.44014268690943614
hyser,hyser_within_subject_dayshift,agency_margin_tau_0.02,active_macro_f1,split_id|subject_id|session|day,20,0.3886346157311909,0.34304977556926036,0.4357757405076994
hyser,hyser_within_subject_dayshift,agency_margin_tau_0.05,active_macro_f1,split_id|subject_id|session|day,20,0.4011381186381868,0.3541071746197358,0.45009770863131776
hyser,hyser_within_subject_dayshift,agency_margin_tau_0.05,active_macro_f1,split_id|subject_id|session|day,20,0.3920873034909719,0.34656189607159454,0.43934279984797003
hyser,hyser_within_subject_dayshift,agency_margin_tau_0.10,active_macro_f1,split_id|subject_id|session|day,20,0.41663524140366703,0.37003350366071686,0.466442143427044
hyser,hyser_within_subject_dayshift,agency_margin_tau_0.10,active_macro_f1,split_id|subject_id|session|day,20,0.395190907116534,0.3478852324508244,0.44309806701814913
hyser,hyser_within_subject_dayshift,agency_margin_tau_0.15,active_macro_f1,split_id|subject_id|session|day,20,0.42741735980912,0.3814178500512389,0.4764767947475492
hyser,hyser_within_subject_dayshift,agency_margin_tau_0.15,active_macro_f1,split_id|subject_id|session|day,20,0.3928898006618181,0.3481268586492595,0.439792191768557
hyser,hyser_within_subject_dayshift,agency_margin_tau_0.20,active_macro_f1,split_id|subject_id|session|day,20,0.4320375950646719,0.3866809232861803,0.48066825423687304
hyser,hyser_within_subject_dayshift,agency_margin_tau_0.20,active_macro_f1,split_id|subject_id|session|day,20,0.3901686084838134,0.3448534548401173,0.4370681267971657
hyser,hyser_within_subject_dayshift,assist_only,active_macro_f1,split_id|subject_id|session|day,20,0.3928631758931421,0.34528471467125055,0.44987091617284053
hyser,hyser_within_subject_dayshift,assist_only,active_macro_f1,split_id|subject_id|session|day,20,0.30683014826258737,0.2686868516754085,0.3481372356911234
hyser,hyser_within_subject_dayshift,confidence_blend_alpha_0.25,active_macro_f1,split_id|subject_id|session|day,20,0.41505375880299156,0.36721496212935595,0.4649642926076906
hyser,hyser_within_subject_dayshift,confidence_blend_alpha_0.25,active_macro_f1,split_id|subject_id|session|day,20,0.3975579280170861,0.35077149236563065,0.4451278687333196
hyser,hyser_within_subject_dayshift,confidence_blend_alpha_0.50,active_macro_f1,split_id|subject_id|session|day,20,0.44608659878662565,0.3971774048734972,0.4986075855516513
hyser,hyser_within_subject_dayshift,confidence_blend_alpha_0.50,active_macro_f1,split_id|subject_id|session|day,20,0.38982590749789503,0.34245774332985696,0.43830301284985684
hyser,hyser_within_subject_dayshift,confidence_blend_alpha_0.75,active_macro_f1,split_id|subject_id|session|day,20,0.4456919532493747,0.39437508515390035,0.5023030848051084
hyser,hyser_within_subject_dayshift,confidence_blend_alpha_0.75,active_macro_f1,split_id|subject_id|session|day,20,0.35336468648807506,0.3108547683569506,0.3987559229698658
hyser,hyser_within_subject_dayshift,selective_prediction,active_macro_f1,split_id|subject_id|session|day,20,0.3865543963525102,0.3410499183844105,0.4337515956053492
hyser,hyser_within_subject_dayshift,selective_prediction,active_macro_f1,split_id|subject_id|session|day,20,0.3859867678164049,0.34053385469514746,0.43314462004914056
hyser,hyser_within_subject_dayshift,set_acsa_tau_0.02,active_macro_f1,split_id|subject_id|session|day,20,0.3913048122469754,0.34568216015986863,0.43935833995628837
hyser,hyser_within_subject_dayshift,set_acsa_tau_0.02,active_macro_f1,split_id|subject_id|session|day,20,0.3886230604283361,0.3432481214816225,0.435313926769379
hyser,hyser_within_subject_dayshift,set_acsa_tau_0.05,active_macro_f1,split_id|subject_id|session|day,20,0.3995097491792297,0.3522301108606886,0.44836139484326365
hyser,hyser_within_subject_dayshift,set_acsa_tau_0.05,active_macro_f1,split_id|subject_id|session|day,20,0.39153651673604795,0.3450797378202689,0.43912160751496176
hyser,hyser_within_subject_dayshift,set_acsa_tau_0.10,active_macro_f1,split_id|subject_id|session|day,20,0.41546474797503263,0.36897106766062254,0.4649827714889617
hyser,hyser_within_subject_dayshift,set_acsa_tau_0.10,active_macro_f1,split_id|subject_id|session|day,20,0.3951236223574618,0.3475977004781671,0.4432102519188588
hyser,hyser_within_subject_dayshift,set_acsa_tau_0.15,active_macro_f1,split_id|subject_id|session|day,20,0.4265787276884616,0.3805755421267013,0.4754370535764558
hyser,hyser_within_subject_dayshift,set_acsa_tau_0.15,active_macro_f1,split_id|subject_id|session|day,20,0.3927727718023987,0.34780073273946116,0.4399132925860071
hyser,hyser_within_subject_dayshift,set_acsa_tau_0.20,active_macro_f1,split_id|subject_id|session|day,20,0.43200495618109047,0.386643547443403,0.4805912557701387
hyser,hyser_within_subject_dayshift,set_acsa_tau_0.20,active_macro_f1,split_id|subject_id|session|day,20,0.3901429332948448,0.34487782116300875,0.43709412197715186
hyser,hyser_within_subject_dayshift,user_only,active_macro_f1,split_id|subject_id|session|day,20,0.385725313552562,0.3403876374038928,0.432886361602483
hyser,hyser_within_subject_dayshift,user_only,active_macro_f1,split_id|subject_id|session|day,20,0.385725313552562,0.3403876374038928,0.432886361602483
hyser,hyser_within_subject_dayshift,agency_margin_tau_0.02,active_risk_coverage_auc,split_id|subject_id|session|day,20,0.384970918694226,0.3240394871929443,0.44443647785359175
hyser,hyser_within_subject_dayshift,agency_margin_tau_0.02,active_risk_coverage_auc,split_id|subject_id|session|day,20,0.398674844140908,0.3400492333780652,0.45561936660275204
hyser,hyser_within_subject_dayshift,agency_margin_tau_0.05,active_risk_coverage_auc,split_id|subject_id|session|day,20,0.3804009370282311,0.31846963820175944,0.4399572585132237
hyser,hyser_within_subject_dayshift,agency_margin_tau_0.05,active_risk_coverage_auc,split_id|subject_id|session|day,20,0.39755511810272254,0.3392528503420853,0.4538746807546984
hyser,hyser_within_subject_dayshift,agency_margin_tau_0.10,active_risk_coverage_auc,split_id|subject_id|session|day,20,0.3730167660354644,0.3124310012418842,0.4301152895776463
hyser,hyser_within_subject_dayshift,agency_margin_tau_0.10,active_risk_coverage_auc,split_id|subject_id|session|day,20,0.3954192724094363,0.33753442508433984,0.4516656988530277
hyser,hyser_within_subject_dayshift,agency_margin_tau_0.15,active_risk_coverage_auc,split_id|subject_id|session|day,20,0.3685440498317636,0.309462588472945,0.4241219965298892
hyser,hyser_within_subject_dayshift,agency_margin_tau_0.15,active_risk_coverage_auc,split_id|subject_id|session|day,20,0.3968340826768027,0.3398220913355995,0.45334958241627904
hyser,hyser_within_subject_dayshift,agency_margin_tau_0.20,active_risk_coverage_auc,split_id|subject_id|session|day,20,0.36646251456995615,0.30833037924157264,0.42089867944134696
hyser,hyser_within_subject_dayshift,agency_margin_tau_0.20,active_risk_coverage_auc,split_id|subject_id|session|day,20,0.39852974182636935,0.34196388649899334,0.45501285426182353
hyser,hyser_within_subject_dayshift,assist_only,active_risk_coverage_auc,split_id|subject_id|session|day,20,0.4166116504247265,0.3521915241828661,0.4735479918300472
hyser,hyser_within_subject_dayshift,assist_only,active_risk_coverage_auc,split_id|subject_id|session|day,20,0.4954942685750841,0.4466613991801906,0.5451608945587891
hyser,hyser_within_subject_dayshift,confidence_blend_alpha_0.25,active_risk_coverage_auc,split_id|subject_id|session|day,20,0.3735597815080881,0.31188834294756673,0.43189757290658004
hyser,hyser_within_subject_dayshift,confidence_blend_alpha_0.25,active_risk_coverage_auc,split_id|subject_id|session|day,20,0.39269444240926366,0.33327230867421154,0.450884890737496
hyser,hyser_within_subject_dayshift,confidence_blend_alpha_0.50,active_risk_coverage_auc,split_id|subject_id|session|day,20,0.347029396695991,0.2841676996868443,0.4014557138574277
hyser,hyser_within_subject_dayshift,confidence_blend_alpha_0.50,active_risk_coverage_auc,split_id|subject_id|session|day,20,0.39611163872859934,0.3390183654060136,0.45204557761092157
hyser,hyser_within_subject_dayshift,confidence_blend_alpha_0.75,active_risk_coverage_auc,split_id|subject_id|session|day,20,0.3571927033449931,0.2935596936304122,0.4116000763274446
hyser,hyser_within_subject_dayshift,confidence_blend_alpha_0.75,active_risk_coverage_auc,split_id|subject_id|session|day,20,0.4354133415595759,0.3818972115629412,0.4890476049414708
hyser,hyser_within_subject_dayshift,selective_prediction,active_risk_coverage_auc,split_id|subject_id|session|day,20,0.39961674643194567,0.34043751401476735,0.4578737001394042
hyser,hyser_within_subject_dayshift,selective_prediction,active_risk_coverage_auc,split_id|subject_id|session|day,20,0.4039873860900521,0.34542071642108446,0.46118235471872276
hyser,hyser_within_subject_dayshift,set_acsa_tau_0.02,active_risk_coverage_auc,split_id|subject_id|session|day,20,0.3852762105531959,0.324237063017302,0.44477495371161874
hyser,hyser_within_subject_dayshift,set_acsa_tau_0.02,active_risk_coverage_auc,split_id|subject_id|session|day,20,0.3989622328360226,0.34033645652847966,0.4561793743589451
hyser,hyser_within_subject_dayshift,set_acsa_tau_0.05,active_risk_coverage_auc,split_id|subject_id|session|day,20,0.3808341393860539,0.3187471311502222,0.44052733483647255
hyser,hyser_within_subject_dayshift,set_acsa_tau_0.05,active_risk_coverage_auc,split_id|subject_id|session|day,20,0.39803272084490215,0.3395765730994916,0.4545782589045425
hyser,hyser_within_subject_dayshift,set_acsa_tau_0.10,active_risk_coverage_auc,split_id|subject_id|session|day,20,0.3734513968324817,0.3128631623963175,0.430611795266207
hyser,hyser_within_subject_dayshift,set_acsa_tau_0.10,active_risk_coverage_auc,split_id|subject_id|session|day,20,0.3958648133274429,0.33783912125858445,0.4523739133417506
hyser,hyser_within_subject_dayshift,set_acsa_tau_0.15,active_risk_coverage_auc,split_id|subject_id|session|day,20,0.36886105540412684,0.3096746417226737,0.4245302635181905
hyser,hyser_within_subject_dayshift,set_acsa_tau_0.15,active_risk_coverage_auc,split_id|subject_id|session|day,20,0.39709965728687946,0.3399936462983815,0.4536939029411979
hyser,hyser_within_subject_dayshift,set_acsa_tau_0.20,active_risk_coverage_auc,split_id|subject_id|session|day,20,0.366497173229863,0.30835871193303094,0.4209590352587474
hyser,hyser_within_subject_dayshift,set_acsa_tau_0.20,active_risk_coverage_auc,split_id|subject_id|session|day,20,0.39863109294988636,0.34207124423484814,0.455095406722725
hyser,hyser_within_subject_dayshift,user_only,active_risk_coverage_auc,split_id|subject_id|session|day,20,0.40472649019857465,0.3463213135531669,0.4618783006812608
hyser,hyser_within_subject_dayshift,user_only,active_risk_coverage_auc,split_id|subject_id|session|day,20,0.40472649019857465,0.3463213135531669,0.4618783006812608
hyser,hyser_within_subject_dayshift,agency_margin_tau_0.02,balanced_accuracy,split_id|subject_id|session|day,20,0.415142156862745,0.3707727941176471,0.46014178921568627
hyser,hyser_within_subject_dayshift,agency_margin_tau_0.02,balanced_accuracy,split_id|subject_id|session|day,20,0.41184803921568625,0.3681477941176471,0.45626531862745096
hyser,hyser_within_subject_dayshift,agency_margin_tau_0.05,balanced_accuracy,split_id|subject_id|session|day,20,0.42351470588235285,0.37771053921568626,0.4688481617647059
hyser,hyser_within_subject_dayshift,agency_margin_tau_0.05,balanced_accuracy,split_id|subject_id|session|day,20,0.41528921568627447,0.37274938725490203,0.45914240196078426
hyser,hyser_within_subject_dayshift,agency_margin_tau_0.10,balanced_accuracy,split_id|subject_id|session|day,20,0.43686764705882347,0.39379325980392155,0.48416789215686273
hyser,hyser_within_subject_dayshift,agency_margin_tau_0.10,balanced_accuracy,split_id|subject_id|session|day,20,0.4187156862745097,0.37653235294117643,0.46318995098039223
hyser,hyser_within_subject_dayshift,agency_margin_tau_0.15,balanced_accuracy,split_id|subject_id|session|day,20,0.4460539215686275,0.40367230392156866,0.4931263480392156
hyser,hyser_within_subject_dayshift,agency_margin_tau_0.15,balanced_accuracy,split_id|subject_id|session|day,20,0.4168333333333333,0.3754563725490196,0.4608691176470587
hyser,hyser_within_subject_dayshift,agency_margin_tau_0.20,balanced_accuracy,split_id|subject_id|session|day,20,0.45025980392156856,0.4084281862745098,0.49775392156862736
hyser,hyser_within_subject_dayshift,agency_margin_tau_0.20,balanced_accuracy,split_id|subject_id|session|day,20,0.4147156862745097,0.37352279411764705,0.4580664215686274
hyser,hyser_within_subject_dayshift,assist_only,balanced_accuracy,split_id|subject_id|session|day,20,0.4088627450980392,0.363703431372549,0.4617889705882352
hyser,hyser_within_subject_dayshift,assist_only,balanced_accuracy,split_id|subject_id|session|day,20,0.33293137254901956,0.29659509803921563,0.370578431372549
hyser,hyser_within_subject_dayshift,confidence_blend_alpha_0.25,balanced_accuracy,split_id|subject_id|session|day,20,0.43674019607843134,0.39204620098039217,0.48325036764705886
hyser,hyser_within_subject_dayshift,confidence_blend_alpha_0.25,balanced_accuracy,split_id|subject_id|session|day,20,0.4225,0.37933112745098035,0.46771740196078426
hyser,hyser_within_subject_dayshift,confidence_blend_alpha_0.50,balanced_accuracy,split_id|subject_id|session|day,20,0.4650833333333332,0.42131299019607843,0.5140034313725489
hyser,hyser_within_subject_dayshift,confidence_blend_alpha_0.50,balanced_accuracy,split_id|subject_id|session|day,20,0.41674509803921567,0.37468284313725486,0.45942549019607837
hyser,hyser_within_subject_dayshift,confidence_blend_alpha_0.75,balanced_accuracy,split_id|subject_id|session|day,20,0.4625196078431372,0.41620490196078436,0.5155745098039216
hyser,hyser_within_subject_dayshift,confidence_blend_alpha_0.75,balanced_accuracy,split_id|subject_id|session|day,20,0.38039705882352937,0.3395116421568627,0.41998026960784307
hyser,hyser_within_subject_dayshift,selective_prediction,balanced_accuracy,split_id|subject_id|session|day,20,0.41006535947712414,0.36682238562091507,0.4539053104575163
hyser,hyser_within_subject_dayshift,selective_prediction,balanced_accuracy,split_id|subject_id|session|day,20,0.40958333333333324,0.3664915032679739,0.4535547794117647
hyser,hyser_within_subject_dayshift,set_acsa_tau_0.02,balanced_accuracy,split_id|subject_id|session|day,20,0.41440686274509797,0.3699850490196079,0.45940306372549017
hyser,hyser_within_subject_dayshift,set_acsa_tau_0.02,balanced_accuracy,split_id|subject_id|session|day,20,0.41184803921568625,0.3688205882352942,0.4558008578431372
hyser,hyser_within_subject_dayshift,set_acsa_tau_0.05,balanced_accuracy,split_id|subject_id|session|day,20,0.42204411764705885,0.37632745098039216,0.4676622549019608
hyser,hyser_within_subject_dayshift,set_acsa_tau_0.05,balanced_accuracy,split_id|subject_id|session|day,20,0.4148480392156862,0.3722604166666666,0.4588525735294117
hyser,hyser_within_subject_dayshift,set_acsa_tau_0.10,balanced_accuracy,split_id|subject_id|session|day,20,0.4356911764705882,0.39234276960784314,0.4829903186274509
hyser,hyser_within_subject_dayshift,set_acsa_tau_0.10,balanced_accuracy,split_id|subject_id|session|day,20,0.41842156862745095,0.3757345588235293,0.4632377450980392
hyser,hyser_within_subject_dayshift,set_acsa_tau_0.15,balanced_accuracy,split_id|subject_id|session|day,20,0.4453186274509803,0.40296654411764704,0.4922944852941176
hyser,hyser_within_subject_dayshift,set_acsa_tau_0.15,balanced_accuracy,split_id|subject_id|session|day,20,0.41658823529411765,0.3749610294117647,0.4605549019607843
hyser,hyser_within_subject_dayshift,set_acsa_tau_0.20,balanced_accuracy,split_id|subject_id|session|day,20,0.45025980392156856,0.40834215686274516,0.49784889705882346
hyser,hyser_within_subject_dayshift,set_acsa_tau_0.20,balanced_accuracy,split_id|subject_id|session|day,20,0.41466666666666663,0.37347377450980385,0.4580664215686274
hyser,hyser_within_subject_dayshift,user_only,balanced_accuracy,split_id|subject_id|session|day,20,0.4093872549019607,0.3661977941176471,0.45318345588235287
hyser,hyser_within_subject_dayshift,user_only,balanced_accuracy,split_id|subject_id|session|day,20,0.4093872549019607,0.3661977941176471,0.45318345588235287
hyser,hyser_within_subject_dayshift,agency_margin_tau_0.02,ece,split_id|subject_id|session|day,20,0.11476019922781047,0.09962763975408462,0.13012598091993663
hyser,hyser_within_subject_dayshift,agency_margin_tau_0.02,ece,split_id|subject_id|session|day,20,0.15852625522934902,0.14209627925432483,0.17571520776315563
hyser,hyser_within_subject_dayshift,agency_margin_tau_0.05,ece,split_id|subject_id|session|day,20,0.10414035333097624,0.08940039672693427,0.11944101320821315
hyser,hyser_within_subject_dayshift,agency_margin_tau_0.05,ece,split_id|subject_id|session|day,20,0.14739453063671584,0.1305224824848959,0.1652629105153612
hyser,hyser_within_subject_dayshift,agency_margin_tau_0.10,ece,split_id|subject_id|session|day,20,0.0952023920224871,0.08214715881442619,0.10831133819034697
hyser,hyser_within_subject_dayshift,agency_margin_tau_0.10,ece,split_id|subject_id|session|day,20,0.13049129339343377,0.11531269739141255,0.14685021928634956
hyser,hyser_within_subject_dayshift,agency_margin_tau_0.15,ece,split_id|subject_id|session|day,20,0.08775897551118506,0.0743548135988781,0.1017727475882198
hyser,hyser_within_subject_dayshift,agency_margin_tau_0.15,ece,split_id|subject_id|session|day,20,0.11465595319277151,0.0997253783498541,0.13001111124096218
hyser,hyser_within_subject_dayshift,agency_margin_tau_0.20,ece,split_id|subject_id|session|day,20,0.0884347949381202,0.07427496247520479,0.10271793337192377
hyser,hyser_within_subject_dayshift,agency_margin_tau_0.20,ece,split_id|subject_id|session|day,20,0.10401290455192405,0.08952215284943284,0.1190475452631171
hyser,hyser_within_subject_dayshift,assist_only,ece,split_id|subject_id|session|day,20,0.15945604649020334,0.12744150753824443,0.1963797501174685
hyser,hyser_within_subject_dayshift,assist_only,ece,split_id|subject_id|session|day,20,0.09445135094786769,0.0751771310226958,0.1156930985182711
hyser,hyser_within_subject_dayshift,confidence_blend_alpha_0.25,ece,split_id|subject_id|session|day,20,0.14804682977777303,0.1205331342284585,0.1780423615701278
hyser,hyser_within_subject_dayshift,confidence_blend_alpha_0.25,ece,split_id|subject_id|session|day,20,0.13327776812485084,0.107616760892766,0.16212601259692697
hyser,hyser_within_subject_dayshift,confidence_blend_alpha_0.50,ece,split_id|subject_id|session|day,20,0.20016136307816654,0.16902682696792015,0.23461602915347235
hyser,hyser_within_subject_dayshift,confidence_blend_alpha_0.50,ece,split_id|subject_id|session|day,20,0.1487793507819753,0.12217397969420836,0.17871742377909222
hyser,hyser_within_subject_dayshift,confidence_blend_alpha_0.75,ece,split_id|subject_id|session|day,20,0.21315193706052465,0.17921811252797742,0.250978771286235
hyser,hyser_within_subject_dayshift,confidence_blend_alpha_0.75,ece,split_id|subject_id|session|day,20,0.1275422488211863,0.10426618654364687,0.1535386301677779
hyser,hyser_within_subject_dayshift,selective_prediction,ece,split_id|subject_id|session|day,20,0.1027730722696463,0.08496969398485764,0.12196622695674249
hyser,hyser_within_subject_dayshift,selective_prediction,ece,split_id|subject_id|session|day,20,0.1066036287359329,0.08771818690713083,0.12743108046701362
hyser,hyser_within_subject_dayshift,set_acsa_tau_0.02,ece,split_id|subject_id|session|day,20,0.10279687593624771,0.08523868620120204,0.12038527971073207
hyser,hyser_within_subject_dayshift,set_acsa_tau_0.02,ece,split_id|subject_id|session|day,20,0.10394886883091692,0.08547986966378178,0.12281787123567195
hyser,hyser_within_subject_dayshift,set_acsa_tau_0.05,ece,split_id|subject_id|session|day,20,0.10348306372089537,0.08444690482055654,0.12218661490763698
hyser,hyser_within_subject_dayshift,set_acsa_tau_0.05,ece,split_id|subject_id|session|day,20,0.10428566099462877,0.08586166028248851,0.12330057939703964
hyser,hyser_within_subject_dayshift,set_acsa_tau_0.10,ece,split_id|subject_id|session|day,20,0.10492542319116618,0.08473310119149363,0.12666386947257324
hyser,hyser_within_subject_dayshift,set_acsa_tau_0.10,ece,split_id|subject_id|session|day,20,0.10384967975012369,0.0850704463736222,0.12297585266482376
hyser,hyser_within_subject_dayshift,set_acsa_tau_0.15,ece,split_id|subject_id|session|day,20,0.10578256990049946,0.08424761226168041,0.12936780771968331
hyser,hyser_within_subject_dayshift,set_acsa_tau_0.15,ece,split_id|subject_id|session|day,20,0.10090394006104668,0.08267206313359,0.11884666868197957
hyser,hyser_within_subject_dayshift,set_acsa_tau_0.20,ece,split_id|subject_id|session|day,20,0.10656685070175413,0.08487244027112399,0.13142847778936395
hyser,hyser_within_subject_dayshift,set_acsa_tau_0.20,ece,split_id|subject_id|session|day,20,0.09984781914213856,0.0811545300855645,0.11819324368211437
hyser,hyser_within_subject_dayshift,user_only,ece,split_id|subject_id|session|day,20,0.10682669908672596,0.0880279828336201,0.12755138977263042
hyser,hyser_within_subject_dayshift,user_only,ece,split_id|subject_id|session|day,20,0.10682669908672596,0.0880279828336201,0.12755138977263042
hyser,hyser_within_subject_dayshift,agency_margin_tau_0.02,macro_f1,split_id|subject_id|session|day,20,0.39208957316791476,0.3465546615357114,0.44014268690943614
hyser,hyser_within_subject_dayshift,agency_margin_tau_0.02,macro_f1,split_id|subject_id|session|day,20,0.3886346157311909,0.34304977556926036,0.4357757405076994
hyser,hyser_within_subject_dayshift,agency_margin_tau_0.05,macro_f1,split_id|subject_id|session|day,20,0.4011381186381868,0.3541071746197358,0.45009770863131776
hyser,hyser_within_subject_dayshift,agency_margin_tau_0.05,macro_f1,split_id|subject_id|session|day,20,0.3920873034909719,0.34656189607159454,0.43934279984797003
hyser,hyser_within_subject_dayshift,agency_margin_tau_0.10,macro_f1,split_id|subject_id|session|day,20,0.41663524140366703,0.37003350366071686,0.466442143427044
hyser,hyser_within_subject_dayshift,agency_margin_tau_0.10,macro_f1,split_id|subject_id|session|day,20,0.395190907116534,0.3478852324508244,0.44309806701814913
hyser,hyser_within_subject_dayshift,agency_margin_tau_0.15,macro_f1,split_id|subject_id|session|day,20,0.42741735980912,0.3814178500512389,0.4764767947475492
hyser,hyser_within_subject_dayshift,agency_margin_tau_0.15,macro_f1,split_id|subject_id|session|day,20,0.3928898006618181,0.3481268586492595,0.439792191768557
hyser,hyser_within_subject_dayshift,agency_margin_tau_0.20,macro_f1,split_id|subject_id|session|day,20,0.4320375950646719,0.3866809232861803,0.48066825423687304
hyser,hyser_within_subject_dayshift,agency_margin_tau_0.20,macro_f1,split_id|subject_id|session|day,20,0.3901686084838134,0.3448534548401173,0.4370681267971657
hyser,hyser_within_subject_dayshift,assist_only,macro_f1,split_id|subject_id|session|day,20,0.3928631758931421,0.34528471467125055,0.44987091617284053
hyser,hyser_within_subject_dayshift,assist_only,macro_f1,split_id|subject_id|session|day,20,0.30683014826258737,0.2686868516754085,0.3481372356911234
hyser,hyser_within_subject_dayshift,confidence_blend_alpha_0.25,macro_f1,split_id|subject_id|session|day,20,0.41505375880299156,0.36721496212935595,0.4649642926076906
hyser,hyser_within_subject_dayshift,confidence_blend_alpha_0.25,macro_f1,split_id|subject_id|session|day,20,0.3975579280170861,0.35077149236563065,0.4451278687333196
hyser,hyser_within_subject_dayshift,confidence_blend_alpha_0.50,macro_f1,split_id|subject_id|session|day,20,0.44608659878662565,0.3971774048734972,0.4986075855516513
hyser,hyser_within_subject_dayshift,confidence_blend_alpha_0.50,macro_f1,split_id|subject_id|session|day,20,0.38982590749789503,0.34245774332985696,0.43830301284985684
hyser,hyser_within_subject_dayshift,confidence_blend_alpha_0.75,macro_f1,split_id|subject_id|session|day,20,0.4456919532493747,0.39437508515390035,0.5023030848051084
hyser,hyser_within_subject_dayshift,confidence_blend_alpha_0.75,macro_f1,split_id|subject_id|session|day,20,0.35336468648807506,0.3108547683569506,0.3987559229698658
hyser,hyser_within_subject_dayshift,selective_prediction,macro_f1,split_id|subject_id|session|day,20,0.3865543963525102,0.3410499183844105,0.4337515956053492
hyser,hyser_within_subject_dayshift,selective_prediction,macro_f1,split_id|subject_id|session|day,20,0.3859867678164049,0.34053385469514746,0.43314462004914056
hyser,hyser_within_subject_dayshift,set_acsa_tau_0.02,macro_f1,split_id|subject_id|session|day,20,0.3913048122469754,0.34568216015986863,0.43935833995628837
hyser,hyser_within_subject_dayshift,set_acsa_tau_0.02,macro_f1,split_id|subject_id|session|day,20,0.3886230604283361,0.3432481214816225,0.435313926769379
hyser,hyser_within_subject_dayshift,set_acsa_tau_0.05,macro_f1,split_id|subject_id|session|day,20,0.3995097491792297,0.3522301108606886,0.44836139484326365
hyser,hyser_within_subject_dayshift,set_acsa_tau_0.05,macro_f1,split_id|subject_id|session|day,20,0.39153651673604795,0.3450797378202689,0.43912160751496176
hyser,hyser_within_subject_dayshift,set_acsa_tau_0.10,macro_f1,split_id|subject_id|session|day,20,0.41546474797503263,0.36897106766062254,0.4649827714889617
hyser,hyser_within_subject_dayshift,set_acsa_tau_0.10,macro_f1,split_id|subject_id|session|day,20,0.3951236223574618,0.3475977004781671,0.4432102519188588
hyser,hyser_within_subject_dayshift,set_acsa_tau_0.15,macro_f1,split_id|subject_id|session|day,20,0.4265787276884616,0.3805755421267013,0.4754370535764558
hyser,hyser_within_subject_dayshift,set_acsa_tau_0.15,macro_f1,split_id|subject_id|session|day,20,0.3927727718023987,0.34780073273946116,0.4399132925860071
hyser,hyser_within_subject_dayshift,set_acsa_tau_0.20,macro_f1,split_id|subject_id|session|day,20,0.43200495618109047,0.386643547443403,0.4805912557701387
hyser,hyser_within_subject_dayshift,set_acsa_tau_0.20,macro_f1,split_id|subject_id|session|day,20,0.3901429332948448,0.34487782116300875,0.43709412197715186
hyser,hyser_within_subject_dayshift,user_only,macro_f1,split_id|subject_id|session|day,20,0.385725313552562,0.3403876374038928,0.432886361602483
hyser,hyser_within_subject_dayshift,user_only,macro_f1,split_id|subject_id|session|day,20,0.385725313552562,0.3403876374038928,0.432886361602483
hyser,hyser_within_subject_dayshift,agency_margin_tau_0.02,mean_ali,split_id|subject_id|session|day,20,0.00018633060206809532,0.0001556757410862368,0.00021950094852879983
hyser,hyser_within_subject_dayshift,agency_margin_tau_0.02,mean_ali,split_id|subject_id|session|day,20,0.000256771010125785,0.0002236682611950986,0.00029396150562259216
hyser,hyser_within_subject_dayshift,agency_margin_tau_0.05,mean_ali,split_id|subject_id|session|day,20,0.0012467015049351898,0.001090477517122841,0.0013963895721150017
hyser,hyser_within_subject_dayshift,agency_margin_tau_0.05,mean_ali,split_id|subject_id|session|day,20,0.0014751126037773302,0.001309290828592689,0.0016333152128855844
hyser,hyser_within_subject_dayshift,agency_margin_tau_0.10,mean_ali,split_id|subject_id|session|day,20,0.00519160136704426,0.0045289361697873854,0.005812177169541736
hyser,hyser_within_subject_dayshift,agency_margin_tau_0.10,mean_ali,split_id|subject_id|session|day,20,0.005841712094605255,0.005212321610810898,0.0065340040606188966
hyser,hyser_within_subject_dayshift,agency_margin_tau_0.15,mean_ali,split_id|subject_id|session|day,20,0.009711556131461472,0.008328951776904013,0.011066254782370676
hyser,hyser_within_subject_dayshift,agency_margin_tau_0.15,mean_ali,split_id|subject_id|session|day,20,0.011271064979267624,0.00990688188685571,0.012716387460812698
hyser,hyser_within_subject_dayshift,agency_margin_tau_0.20,mean_ali,split_id|subject_id|session|day,20,0.013428967749665666,0.011592266989773602,0.015287393475898125
hyser,hyser_within_subject_dayshift,agency_margin_tau_0.20,mean_ali,split_id|subject_id|session|day,20,0.016186880855826535,0.014277385376166714,0.01823782621651523
hyser,hyser_within_subject_dayshift,assist_only,mean_ali,split_id|subject_id|session|day,20,0.12329816122758086,0.1147456194956606,0.13329503889315097
hyser,hyser_within_subject_dayshift,assist_only,mean_ali,split_id|subject_id|session|day,20,0.10572049008873266,0.09854983278188127,0.11355018162187906
hyser,hyser_within_subject_dayshift,confidence_blend_alpha_0.25,mean_ali,split_id|subject_id|session|day,20,0.0029332326433917947,0.0024528963018471102,0.003438068898471564
hyser,hyser_within_subject_dayshift,confidence_blend_alpha_0.25,mean_ali,split_id|subject_id|session|day,20,0.0031759982053013456,0.0027018865789996405,0.0037143595292489216
hyser,hyser_within_subject_dayshift,confidence_blend_alpha_0.50,mean_ali,split_id|subject_id|session|day,20,0.018887810545514114,0.017037905009348996,0.020894381404889716
hyser,hyser_within_subject_dayshift,confidence_blend_alpha_0.50,mean_ali,split_id|subject_id|session|day,20,0.02009483075982468,0.017755617170349902,0.0226910600766927
hyser,hyser_within_subject_dayshift,confidence_blend_alpha_0.75,mean_ali,split_id|subject_id|session|day,20,0.06103023651402874,0.05673206331947374,0.06635215284018771
hyser,hyser_within_subject_dayshift,confidence_blend_alpha_0.75,mean_ali,split_id|subject_id|session|day,20,0.06174872173258071,0.05524947445729831,0.06880426874316083
hyser,hyser_within_subject_dayshift,selective_prediction,mean_ali,split_id|subject_id|session|day,20,0.00021945935593591865,0.0001374161874582161,0.0003104802836814954
hyser,hyser_within_subject_dayshift,selective_prediction,mean_ali,split_id|subject_id|session|day,20,5.257459412909961e-05,6.3795674128945505e-06,0.00011742503993434422
hyser,hyser_within_subject_dayshift,set_acsa_tau_0.02,mean_ali,split_id|subject_id|session|day,20,0.00015273146531742757,0.0001297409003055656,0.00017889974470531363
hyser,hyser_within_subject_dayshift,set_acsa_tau_0.02,mean_ali,split_id|subject_id|session|day,20,0.000205681325384325,0.00018070021742323653,0.00023263917661181337
hyser,hyser_within_subject_dayshift,set_acsa_tau_0.05,mean_ali,split_id|subject_id|session|day,20,0.0010965649234984949,0.0009618185334853945,0.001227259865676286
hyser,hyser_within_subject_dayshift,set_acsa_tau_0.05,mean_ali,split_id|subject_id|session|day,20,0.0012293039038805402,0.0011048918357260387,0.0013457099342225596
hyser,hyser_within_subject_dayshift,set_acsa_tau_0.10,mean_ali,split_id|subject_id|session|day,20,0.00500316885530455,0.004382544597946823,0.005609510808312552
hyser,hyser_within_subject_dayshift,set_acsa_tau_0.10,mean_ali,split_id|subject_id|session|day,20,0.005540009505462815,0.004972689187411359,0.00617657015314684
hyser,hyser_within_subject_dayshift,set_acsa_tau_0.15,mean_ali,split_id|subject_id|session|day,20,0.009626941894695495,0.008251770001542534,0.010949960407014701
hyser,hyser_within_subject_dayshift,set_acsa_tau_0.15,mean_ali,split_id|subject_id|session|day,20,0.011142139196506183,0.009788559749026088,0.012542213032902025
hyser,hyser_within_subject_dayshift,set_acsa_tau_0.20,mean_ali,split_id|subject_id|session|day,20,0.013444634618806591,0.01159978271521606,0.015317219392313132
hyser,hyser_within_subject_dayshift,set_acsa_tau_0.20,mean_ali,split_id|subject_id|session|day,20,0.01612453767943346,0.01421746092915116,0.01816667164673856
hyser,hyser_within_subject_dayshift,user_only,mean_ali,split_id|subject_id|session|day,20,0.0,0.0,0.0
hyser,hyser_within_subject_dayshift,user_only,mean_ali,split_id|subject_id|session|day,20,0.0,0.0,0.0
hyser,hyser_within_subject_dayshift,agency_margin_tau_0.02,risk_coverage_auc,split_id|subject_id|session|day,20,0.384970918694226,0.3240394871929443,0.44443647785359175
hyser,hyser_within_subject_dayshift,agency_margin_tau_0.02,risk_coverage_auc,split_id|subject_id|session|day,20,0.398674844140908,0.3400492333780652,0.45561936660275204
hyser,hyser_within_subject_dayshift,agency_margin_tau_0.05,risk_coverage_auc,split_id|subject_id|session|day,20,0.3804009370282311,0.31846963820175944,0.4399572585132237
hyser,hyser_within_subject_dayshift,agency_margin_tau_0.05,risk_coverage_auc,split_id|subject_id|session|day,20,0.39755511810272254,0.3392528503420853,0.4538746807546984
hyser,hyser_within_subject_dayshift,agency_margin_tau_0.10,risk_coverage_auc,split_id|subject_id|session|day,20,0.3730167660354644,0.3124310012418842,0.4301152895776463
hyser,hyser_within_subject_dayshift,agency_margin_tau_0.10,risk_coverage_auc,split_id|subject_id|session|day,20,0.3954192724094363,0.33753442508433984,0.4516656988530277
hyser,hyser_within_subject_dayshift,agency_margin_tau_0.15,risk_coverage_auc,split_id|subject_id|session|day,20,0.3685440498317636,0.309462588472945,0.4241219965298892
hyser,hyser_within_subject_dayshift,agency_margin_tau_0.15,risk_coverage_auc,split_id|subject_id|session|day,20,0.3968340826768027,0.3398220913355995,0.45334958241627904
hyser,hyser_within_subject_dayshift,agency_margin_tau_0.20,risk_coverage_auc,split_id|subject_id|session|day,20,0.36646251456995615,0.30833037924157264,0.42089867944134696
hyser,hyser_within_subject_dayshift,agency_margin_tau_0.20,risk_coverage_auc,split_id|subject_id|session|day,20,0.39852974182636935,0.34196388649899334,0.45501285426182353
hyser,hyser_within_subject_dayshift,assist_only,risk_coverage_auc,split_id|subject_id|session|day,20,0.4166116504247265,0.3521915241828661,0.4735479918300472
hyser,hyser_within_subject_dayshift,assist_only,risk_coverage_auc,split_id|subject_id|session|day,20,0.4954942685750841,0.4466613991801906,0.5451608945587891
hyser,hyser_within_subject_dayshift,confidence_blend_alpha_0.25,risk_coverage_auc,split_id|subject_id|session|day,20,0.3735597815080881,0.31188834294756673,0.43189757290658004
hyser,hyser_within_subject_dayshift,confidence_blend_alpha_0.25,risk_coverage_auc,split_id|subject_id|session|day,20,0.39269444240926366,0.33327230867421154,0.450884890737496
hyser,hyser_within_subject_dayshift,confidence_blend_alpha_0.50,risk_coverage_auc,split_id|subject_id|session|day,20,0.347029396695991,0.2841676996868443,0.4014557138574277
hyser,hyser_within_subject_dayshift,confidence_blend_alpha_0.50,risk_coverage_auc,split_id|subject_id|session|day,20,0.39611163872859934,0.3390183654060136,0.45204557761092157
hyser,hyser_within_subject_dayshift,confidence_blend_alpha_0.75,risk_coverage_auc,split_id|subject_id|session|day,20,0.3571927033449931,0.2935596936304122,0.4116000763274446
hyser,hyser_within_subject_dayshift,confidence_blend_alpha_0.75,risk_coverage_auc,split_id|subject_id|session|day,20,0.4354133415595759,0.3818972115629412,0.4890476049414708
hyser,hyser_within_subject_dayshift,selective_prediction,risk_coverage_auc,split_id|subject_id|session|day,20,0.39961674643194567,0.34043751401476735,0.4578737001394042
hyser,hyser_within_subject_dayshift,selective_prediction,risk_coverage_auc,split_id|subject_id|session|day,20,0.4039873860900521,0.34542071642108446,0.46118235471872276
hyser,hyser_within_subject_dayshift,set_acsa_tau_0.02,risk_coverage_auc,split_id|subject_id|session|day,20,0.3852762105531959,0.324237063017302,0.44477495371161874
hyser,hyser_within_subject_dayshift,set_acsa_tau_0.02,risk_coverage_auc,split_id|subject_id|session|day,20,0.3989622328360226,0.34033645652847966,0.4561793743589451
hyser,hyser_within_subject_dayshift,set_acsa_tau_0.05,risk_coverage_auc,split_id|subject_id|session|day,20,0.3808341393860539,0.3187471311502222,0.44052733483647255
hyser,hyser_within_subject_dayshift,set_acsa_tau_0.05,risk_coverage_auc,split_id|subject_id|session|day,20,0.39803272084490215,0.3395765730994916,0.4545782589045425
hyser,hyser_within_subject_dayshift,set_acsa_tau_0.10,risk_coverage_auc,split_id|subject_id|session|day,20,0.3734513968324817,0.3128631623963175,0.430611795266207
hyser,hyser_within_subject_dayshift,set_acsa_tau_0.10,risk_coverage_auc,split_id|subject_id|session|day,20,0.3958648133274429,0.33783912125858445,0.4523739133417506
hyser,hyser_within_subject_dayshift,set_acsa_tau_0.15,risk_coverage_auc,split_id|subject_id|session|day,20,0.36886105540412684,0.3096746417226737,0.4245302635181905
hyser,hyser_within_subject_dayshift,set_acsa_tau_0.15,risk_coverage_auc,split_id|subject_id|session|day,20,0.39709965728687946,0.3399936462983815,0.4536939029411979
hyser,hyser_within_subject_dayshift,set_acsa_tau_0.20,risk_coverage_auc,split_id|subject_id|session|day,20,0.366497173229863,0.30835871193303094,0.4209590352587474
hyser,hyser_within_subject_dayshift,set_acsa_tau_0.20,risk_coverage_auc,split_id|subject_id|session|day,20,0.39863109294988636,0.34207124423484814,0.455095406722725
hyser,hyser_within_subject_dayshift,user_only,risk_coverage_auc,split_id|subject_id|session|day,20,0.40472649019857465,0.3463213135531669,0.4618783006812608
hyser,hyser_within_subject_dayshift,user_only,risk_coverage_auc,split_id|subject_id|session|day,20,0.40472649019857465,0.3463213135531669,0.4618783006812608

